Timestamp,User Count,Type,Name,Requests/s,Failures/s,50%,66%,75%,80%,90%,95%,98%,99%,99.9%,99.99%,100%,Total Request Count,Total Failure Count,Total Median Response Time,Total Average Response Time,Total Min Response Time,Total Max Response Time,Total Average Content Size
1781535195,0,,Aggregated,0.000000,0.000000,N/A,N/A,N/A,N/A,N/A,N/A,N/A,N/A,N/A,N/A,N/A,0,0,0,0.0,0,0,0
1781535196,20,GET,/api/products [GET],0.000000,0.000000,0,0,0,0,0,0,0,0,0,0,0,8,0,860.0,874.6963766257068,649.3381100008264,951.7912640003487,120.0
1781535196,20,,Aggregated,0.000000,0.000000,0,0,0,0,0,0,0,0,0,0,0,8,0,860.0,874.6963766257068,649.3381100008264,951.7912640003487,120.0
1781535197,20,GET,/api/load/memory [GET],0.000000,0.000000,0,0,0,0,0,0,0,0,0,0,0,3,0,1500.0,1516.879626333927,1447.9912479982886,1552.9375270016317,52.0
1781535197,20,GET,/api/products [GET],0.000000,0.000000,860,950,950,950,950,950,950,950,950,950,950,10,0,850.0,715.9180262002337,59.77471099686227,951.7912640003487,120.0
1781535197,20,,Aggregated,0.000000,0.000000,950,950,1400,1400,1500,1600,1600,1600,1600,1600,1600,13,0,950.0,900.7553185387783,59.77471099686227,1552.9375270016317,104.3076923076923
1781535198,20,GET,/api/load/memory [GET],0.000000,0.000000,2100,2200,2600,2600,2600,2600,2600,2600,2600,2600,2600,10,0,1600.0,1795.9977698999865,952.9078909981763,2564.9475639984303,52.0
1781535198,20,GET,/api/products [GET],1.000000,0.000000,860,950,950,950,950,950,950,950,950,950,950,11,0,850.0,690.2309687277673,59.77471099686227,951.7912640003487,120.0
1781535198,20,,Aggregated,1.000000,0.000000,950,1500,2100,2100,2600,2600,2600,2600,2600,2600,2600,21,0,950.0,1216.786588333586,59.77471099686227,2564.9475639984303,87.61904761904762
1781535199,20,GET,/api/load/memory [GET],1.500000,0.000000,2100,2100,2600,2600,2600,3100,3100,3100,3100,3100,3100,15,0,1500.0,1624.010186800054,342.47018600217416,3054.251920999377,52.0
1781535199,20,GET,/api/products [GET],4.500000,0.000000,780,850,950,950,950,950,950,950,950,950,950,17,0,650.0,533.9301223532804,30.779411001276458,951.7912640003487,120.0
1781535199,20,,Aggregated,6.000000,0.000000,950,1200,1500,1600,2200,2600,3100,3100,3100,3100,3100,32,0,950.0,1044.9051525627056,30.779411001276458,3054.251920999377,88.125
1781535200,20,GET,/api/load/cpu [GET],0.000000,0.000000,0,0,0,0,0,0,0,0,0,0,0,3,0,4300.0,4080.2260906675656,3130.1532380020944,4850.935066999227,45.0
1781535200,20,GET,/api/load/memory [GET],3.000000,0.000000,1400,2100,2200,2600,2600,3100,3100,3100,3100,3100,3100,18,0,1400.0,1497.2920689445648,203.09855400046217,3054.251920999377,52.0
1781535200,20,GET,/api/products [GET],3.333333,0.000000,400,840,860,950,950,950,950,950,950,950,950,21,0,400.0,448.82150571460704,30.779411001276458,951.7912640003487,120.0
1781535200,20,,Aggregated,6.333333,0.000000,950,1400,1600,2100,2600,3100,4900,4900,4900,4900,4900,42,0,860.0,1157.5520745955146,30.779411001276458,4850.935066999227,85.5
1781535201,20,GET,/api/load/cpu [GET],0.000000,0.000000,2000,4900,4900,5300,5300,5300,5300,5300,5300,5300,5300,7,0,3100.0,3304.8209087142563,1835.9504499967443,5255.935445002251,45.0
1781535201,20,GET,/api/load/memory [GET],3.250000,0.000000,1400,2100,2200,2200,2600,3100,3100,3100,3100,3100,3100,19,0,1400.0,1460.5342181580215,203.09855400046217,3054.251920999377,52.0
1781535201,20,GET,/api/products [GET],3.750000,0.000000,110,500,840,860,950,950,950,950,950,950,950,26,0,110.0,397.8233508080918,19.004091998795047,951.7912640003487,120.0
1781535201,20,,Aggregated,7.000000,0.000000,860,1400,1800,2000,2600,4300,4900,5300,5300,5300,5300,52,0,850.0,1177.4481466733191,19.004091998795047,5255.935445002251,85.0576923076923
1781535202,20,GET,/api/load/cpu [GET],0.400000,0.000000,2000,2500,3600,3600,4900,5300,5300,5300,5300,5300,5300,13,0,2000.0,2659.8591309999533,628.842343998258,5255.935445002251,45.0
1781535202,20,GET,/api/load/memory [GET],3.400000,0.000000,1100,1900,2100,2200,2600,3100,3100,3100,3100,3100,3100,22,0,1200.0,1316.2221654998905,167.03291199883097,3054.251920999377,52.0
1781535202,20,GET,/api/products [GET],3.800000,0.000000,140,400,780,840,950,950,950,950,950,950,950,33,0,140.0,348.4001709394127,19.004091998795047,951.7912640003487,120.0
1781535202,20,,Aggregated,7.600000,0.000000,800,1300,1800,2000,2600,3600,4900,5300,5300,5300,5300,68,0,780.0,1103.4156174264353,19.004091998795047,5255.935445002251,83.66176470588235
1781535203,20,GET,/api/load/cpu [GET],0.666667,0.000000,1800,2000,2500,3600,4900,5300,5300,5300,5300,5300,5300,17,0,1800.0,2149.9568411762834,278.67551400049706,5255.935445002251,45.0
1781535203,20,GET,/api/load/memory [GET],3.166667,0.000000,800,1400,2100,2100,2600,2600,3100,3100,3100,3100,3100,26,0,950.0,1143.1448023074784,75.01031699939631,3054.251920999377,52.0
1781535203,20,GET,/api/products [GET],4.166667,0.000000,110,270,500,780,950,950,950,950,950,950,950,37,0,110.0,316.6437761081741,19.004091998795047,951.7912640003487,120.0
1781535203,20,,Aggregated,8.000000,0.000000,500,950,1500,1800,2600,3600,4900,5300,5300,5300,5300,80,0,500.0,974.8356359499212,19.004091998795047,5255.935445002251,81.9625
1781535204,20,GET,/api/load/cpu [GET],1.714286,0.000000,1100,1800,2000,2000,3600,4900,5300,5300,5300,5300,5300,23,4,1300.0,1624.2509530868278,2.1150780012249015,5255.935445002251,37.17391304347826
1781535204,20,GET,/api/load/memory [GET],2.857143,0.000000,520,1100,1900,2100,2600,2600,3100,3100,3100,3100,3100,31,2,580.0,976.5657447740875,1.2431080031092279,3054.251920999377,48.645161290322584
1781535204,20,GET,/api/products [GET],4.142857,0.000000,100,240,400,500,860,950,950,950,950,950,950,43,1,100.0,279.78359034894436,9.944946999894455,951.7912640003487,117.20930232558139
1781535204,20,,Aggregated,8.714286,0.000000,340,850,1200,1500,2200,3100,4900,5300,5300,5300,5300,97,7,340.0,821.257777257715,1.2431080031092279,5255.935445002251,76.31958762886597
1781535205,20,GET,/api/load/cpu [GET],1.714286,0.000000,630,1800,2000,2000,3600,4900,5300,5300,5300,5300,5300,25,6,1100.0,1494.4392157997936,1.4693439989059698,5255.935445002251,34.2
1781535205,20,GET,/api/load/memory [GET],2.857143,0.000000,460,950,1400,1900,2200,2600,3100,3100,3100,3100,3100,34,5,460.0,890.5322082647377,1.2431080031092279,3054.251920999377,44.35294117647059
1781535205,20,GET,/api/products [GET],4.142857,0.000000,91,240,400,500,860,950,950,950,950,950,950,44,2,91,273.4611838864525,1.5977059993019793,951.7912640003487,114.54545454545455
1781535205,20,,Aggregated,8.714286,0.000000,290,800,1100,1400,2100,3100,4300,4900,5300,5300,5300,103,13,290.0,773.5084229805809,1.2431080031092279,5255.935445002251,71.87378640776699
1781535206,20,GET,/api/load/cpu [GET],1.875000,0.000000,630,1800,2000,2000,3600,4900,5300,5300,5300,5300,5300,25,6,1100.0,1494.4392157997936,1.4693439989059698,5255.935445002251,34.2
1781535206,20,GET,/api/load/memory [GET],3.250000,0.000000,460,950,1400,1900,2200,2600,3100,3100,3100,3100,3100,34,5,460.0,890.5322082647377,1.2431080031092279,3054.251920999377,44.35294117647059
1781535206,20,GET,/api/products [GET],4.500000,0.000000,72,110,140,240,400,500,780,780,780,780,780,45,3,91,267.42248224448605,1.5977059993019793,951.7912640003487,112.0
1781535206,20,,Aggregated,9.625000,0.000000,240,460,1100,1400,2200,3100,4900,5300,5300,5300,5300,104,14,280.0,766.0873767019019,1.2431080031092279,5255.935445002251,71.1826923076923
1781535207,20,GET,/api/load/cpu [GET],2.333333,0.222222,630,1800,2000,2000,3600,4900,5300,5300,5300,5300,5300,25,6,1100.0,1494.4392157997936,1.4693439989059698,5255.935445002251,34.2
1781535207,20,GET,/api/load/memory [GET],3.333333,0.111111,340,520,800,1000,1400,1900,3100,3100,3100,3100,3100,35,6,520.0,894.4719851714451,1.2431080031092279,3054.251920999377,43.08571428571429
1781535207,20,GET,/api/products [GET],4.777778,0.111111,72,110,140,270,400,500,780,780,780,780,780,45,3,91,267.42248224448605,1.5977059993019793,951.7912640003487,112.0
1781535207,20,,Aggregated,10.444444,0.444444,170,400,630,1100,2000,3100,4900,5300,5300,5300,5300,105,15,290.0,768.5858245428313,1.2431080031092279,5255.935445002251,70.5047619047619
1781535208,20,GET,/api/load/cpu [GET],2.500000,0.600000,630,1800,2000,2000,3600,4900,5300,5300,5300,5300,5300,25,6,1100.0,1494.4392157997936,1.4693439989059698,5255.935445002251,34.2
1781535208,20,GET,/api/load/memory [GET],3.400000,0.500000,200,380,520,580,1000,1400,1900,1900,1900,1900,1900,35,6,520.0,894.4719851714451,1.2431080031092279,3054.251920999377,43.08571428571429
1781535208,20,GET,/api/products [GET],4.400000,0.200000,69,91,140,140,270,500,2100,2100,2100,2100,2100,46,4,91,307.4582460218232,1.5977059993019793,2109.067616001994,109.56521739130434
1781535208,20,,Aggregated,10.300000,1.300000,150,340,580,1100,2000,3600,4900,5300,5300,5300,5300,106,16,290.0,781.2318791792385,1.2431080031092279,5255.935445002251,69.83962264150944
1781535209,20,GET,/api/load/cpu [GET],2.500000,0.600000,630,1800,2000,2000,3600,4900,5300,5300,5300,5300,5300,25,6,1100.0,1494.4392157997936,1.4693439989059698,5255.935445002251,34.2
1781535209,20,GET,/api/load/memory [GET],3.400000,0.500000,170,280,460,520,800,1000,1000,1000,1000,1000,1000,35,6,520.0,894.4719851714451,1.2431080031092279,3054.251920999377,43.08571428571429
1781535209,20,GET,/api/products [GET],4.400000,0.300000,69,110,240,270,500,1000,2100,2100,2100,2100,2100,47,5,100.0,322.6308752766388,1.5977059993019793,2109.067616001994,107.23404255319149
1781535209,20,,Aggregated,10.300000,1.400000,140,300,520,1000,2000,2500,4900,5300,5300,5300,5300,107,17,290.0,783.4687010653967,1.2431080031092279,5255.935445002251,69.18691588785046
1781535210,20,GET,/api/load/cpu [GET],2.500000,0.600000,450,1300,1800,1800,2000,2500,3600,3600,3600,3600,3600,25,6,1100.0,1494.4392157997936,1.4693439989059698,5255.935445002251,34.2
1781535210,20,GET,/api/load/memory [GET],3.200000,0.600000,150,170,380,380,580,1000,1000,1000,1000,1000,1000,35,6,520.0,894.4719851714451,1.2431080031092279,3054.251920999377,43.08571428571429
1781535210,20,GET,/api/products [GET],3.600000,0.300000,64,140,240,270,1000,2100,3100,3100,3100,3100,3100,48,6,100.0,380.20241927089654,1.5977059993019793,3086.0649870010093,105.0
1781535210,20,,Aggregated,9.300000,1.500000,140,290,580,1000,2000,2500,3100,3600,3600,3600,3600,108,18,290.0,804.7890370462819,1.2431080031092279,5255.935445002251,68.54629629629629
1781535211,20,GET,/api/load/cpu [GET],2.500000,0.600000,280,290,350,450,1100,1500,1500,1500,1500,1500,1500,25,6,1100.0,1494.4392157997936,1.4693439989059698,5255.935445002251,34.2
1781535211,20,GET,/api/load/memory [GET],2.600000,0.600000,150,170,380,380,1000,5200,5200,5200,5200,5200,5200,36,7,520.0,1013.9768733055867,1.2431080031092279,5196.64795800054,41.888888888888886
1781535211,20,GET,/api/products [GET],3.600000,0.400000,64,72,140,270,2100,3100,3100,3100,3100,3100,3100,48,6,100.0,380.20241927089654,1.5977059993019793,3086.0649870010093,105.0
1781535211,20,,Aggregated,8.700000,1.600000,75,170,290,380,1100,2100,5200,5200,5200,5200,5200,109,19,300.0,845.0813207247613,1.2431080031092279,5255.935445002251,67.91743119266054
1781535212,20,GET,/api/load/cpu [GET],2.500000,0.600000,3,280,290,350,450,450,450,450,450,450,450,25,6,1100.0,1494.4392157997936,1.4693439989059698,5255.935445002251,34.2
1781535212,20,GET,/api/load/memory [GET],2.200000,0.600000,120,140,280,1000,5200,5200,5200,5200,5200,5200,5200,36,7,520.0,1013.9768733055867,1.2431080031092279,5196.64795800054,41.888888888888886
1781535212,20,GET,/api/products [GET],3.200000,0.500000,69,140,1000,1100,2100,3100,3100,3100,3100,3100,3100,49,7,110.0,394.4746017959729,1.5977059993019793,3086.0649870010093,102.85714285714286
1781535212,20,,Aggregated,7.900000,1.700000,41,140,290,450,1100,3100,5200,5200,5200,5200,5200,110,20,300.0,847.2127574727148,1.2431080031092279,5255.935445002251,67.3
1781535213,20,GET,/api/load/cpu [GET],2.300000,0.600000,2,3,3,3200,3200,3200,3200,3200,3200,3200,3200,26,7,1100.0,1558.1764504612902,1.4693439989059698,5255.935445002251,32.88461538461539
1781535213,20,GET,/api/load/memory [GET],1.800000,0.600000,2,2,1000,1000,5200,5200,5200,5200,5200,5200,5200,36,7,520.0,1013.9768733055867,1.2431080031092279,5196.64795800054,41.888888888888886
1781535213,20,GET,/api/products [GET],2.900000,0.600000,1100,1100,2100,2100,3100,3100,3100,3100,3100,3100,3100,49,7,110.0,394.4746017959729,1.5977059993019793,3086.0649870010093,102.85714285714286
1781535213,20,,Aggregated,7.000000,1.800000,2,1000,1100,2100,3200,5200,5200,5200,5200,5200,5200,111,21,340.0,867.9730688197958,1.2431080031092279,5255.935445002251,66.69369369369369
1781535214,20,GET,/api/load/cpu [GET],2.100000,0.600000,2,3,3,3200,3200,3200,3200,3200,3200,3200,3200,26,7,1100.0,1558.1764504612902,1.4693439989059698,5255.935445002251,32.88461538461539
1781535214,20,GET,/api/load/memory [GET],1.700000,0.700000,2,2,1000,1000,5200,5200,5200,5200,5200,5200,5200,37,8,520.0,986.6187804865468,1.2431080031092279,5196.64795800054,40.75675675675676
1781535214,20,GET,/api/products [GET],2.300000,0.600000,1100,2100,2100,3100,3100,3100,3100,3100,3100,3100,3100,49,7,110.0,394.4746017959729,1.5977059993019793,3086.0649870010093,102.85714285714286
1781535214,20,,Aggregated,6.100000,1.900000,1100,2100,3100,3200,5200,5200,5200,5200,5200,5200,5200,112,22,300.0,860.2387328392718,1.2431080031092279,5255.935445002251,66.09821428571429
1781535215,20,GET,/api/load/cpu [GET],2.100000,0.600000,2,3,3,3200,3200,3200,3200,3200,3200,3200,3200,26,7,1100.0,1558.1764504612902,1.4693439989059698,5255.935445002251,32.88461538461539
1781535215,20,GET,/api/load/memory [GET],1.700000,0.700000,1000,1000,5200,5200,5200,5200,5200,5200,5200,5200,5200,37,8,520.0,986.6187804865468,1.2431080031092279,5196.64795800054,40.75675675675676
1781535215,20,GET,/api/products [GET],2.300000,0.600000,1100,2100,2100,3100,3100,3100,3100,3100,3100,3100,3100,49,7,110.0,394.4746017959729,1.5977059993019793,3086.0649870010093,102.85714285714286
1781535215,20,,Aggregated,6.100000,1.900000,2100,3100,3200,3200,5200,5200,5200,5200,5200,5200,5200,112,22,300.0,860.2387328392718,1.2431080031092279,5255.935445002251,66.09821428571429
1781535216,20,GET,/api/load/cpu [GET],1.100000,0.700000,3,3,3200,3200,7300,7300,7300,7300,7300,7300,7300,27,8,1300.0,1769.977500999866,1.4693439989059698,7276.8048150028335,31.666666666666668
1781535216,20,GET,/api/load/memory [GET],1.000000,0.700000,1000,1000,5200,5200,5200,5200,5200,5200,5200,5200,5200,37,8,520.0,986.6187804865468,1.2431080031092279,5196.64795800054,40.75675675675676
1781535216,20,GET,/api/products [GET],1.300000,0.700000,2100,3100,3100,3100,3100,3100,3100,3100,3100,3100,3100,50,8,110.0,448.56146366008034,1.5977059993019793,3098.817695001344,100.8
1781535216,20,,Aggregated,3.400000,2.100000,3100,3100,3200,5200,7300,7300,7300,7300,7300,7300,7300,114,24,340.0,936.1610577894968,1.2431080031092279,7276.8048150028335,64.93859649122807
1781535217,20,GET,/api/load/cpu [GET],0.500000,0.500000,3,3200,7300,7300,11000,11000,11000,11000,11000,11000,11000,28,9,1300.0,2113.6122963570024,1.4693439989059698,11391.75177099969,30.535714285714285
1781535217,20,GET,/api/load/memory [GET],0.700000,0.700000,1000,1000,5200,5200,5200,5200,5200,5200,5200,5200,5200,37,8,520.0,986.6187804865468,1.2431080031092279,5196.64795800054,40.75675675675676
1781535217,20,GET,/api/products [GET],0.600000,0.600000,3100,3100,3100,3100,3100,3100,3100,3100,3100,3100,3100,50,8,110.0,448.56146366008034,1.5977059993019793,3098.817695001344,100.8
1781535217,20,,Aggregated,1.800000,1.800000,3100,3200,5200,7300,11000,11000,11000,11000,11000,11000,11000,115,25,350.0,1027.079237904368,1.2431080031092279,11391.75177099969,64.37391304347825
1781535218,20,GET,/api/load/cpu [GET],0.100000,0.100000,11000,11000,11000,11000,11000,11000,11000,11000,11000,11000,11000,29,10,1500.0,2432.038928034358,1.4693439989059698,11391.75177099969,29.482758620689655
1781535218,20,GET,/api/load/memory [GET],0.300000,0.300000,5200,5200,5200,5200,5200,5200,5200,5200,5200,5200,5200,37,8,520.0,986.6187804865468,1.2431080031092279,5196.64795800054,40.75675675675676
1781535218,20,GET,/api/products [GET],0.500000,0.500000,3100,3100,3100,3100,3100,3100,3100,3100,3100,3100,3100,50,8,110.0,448.56146366008034,1.5977059993019793,3098.817695001344,100.8
1781535218,20,,Aggregated,0.900000,0.900000,3200,5200,7300,11000,11000,11000,11000,11000,11000,11000,11000,116,26,350.0,1116.0525601207123,1.2431080031092279,11391.75177099969,63.81896551724138
1781535219,20,GET,/api/load/cpu [GET],0.300000,0.300000,11000,11000,11000,11000,11000,11000,11000,11000,11000,11000,11000,29,10,1500.0,2432.038928034358,1.4693439989059698,11391.75177099969,29.482758620689655
1781535219,20,GET,/api/load/memory [GET],0.200000,0.200000,5200,5200,5200,5200,5200,5200,5200,5200,5200,5200,5200,37,8,520.0,986.6187804865468,1.2431080031092279,5196.64795800054,40.75675675675676
1781535219,20,GET,/api/products [GET],0.500000,0.500000,3100,3100,3100,3100,3100,3100,3100,3100,3100,3100,3100,51,9,110.0,460.94885458824496,1.5977059993019793,3098.817695001344,98.82352941176471
1781535219,20,,Aggregated,1.000000,1.000000,3200,5200,7300,11000,11000,11000,11000,11000,11000,11000,11000,117,27,380.0,1115.7471399572573,1.2431080031092279,11391.75177099969,63.27350427350427
1781535220,20,GET,/api/load/cpu [GET],0.400000,0.400000,11000,11000,11000,11000,11000,11000,11000,11000,11000,11000,11000,29,10,1500.0,2432.038928034358,1.4693439989059698,11391.75177099969,29.482758620689655
1781535220,20,GET,/api/load/memory [GET],0.200000,0.200000,5200,5200,5200,5200,5200,5200,5200,5200,5200,5200,5200,37,8,520.0,986.6187804865468,1.2431080031092279,5196.64795800054,40.75675675675676
1781535220,20,GET,/api/products [GET],0.400000,0.400000,3100,3100,3100,3100,3100,3100,3100,3100,3100,3100,3100,52,10,110.0,511.4170673461838,1.5977059993019793,3098.817695001344,96.92307692307692
1781535220,20,,Aggregated,1.000000,1.000000,3100,3200,7300,11000,11000,11000,11000,11000,11000,11000,11000,118,28,380.0,1132.4382312966115,1.2431080031092279,11391.75177099969,62.73728813559322
1781535221,20,GET,/api/load/cpu [GET],0.400000,0.400000,7300,11000,11000,11000,11000,11000,11000,11000,11000,11000,11000,30,11,1500.0,2594.3255743665454,1.4693439989059698,11391.75177099969,28.5
1781535221,20,GET,/api/load/memory [GET],0.200000,0.200000,2,2,2,2,2,2,2,2,2,2,2,37,8,520.0,986.6187804865468,1.2431080031092279,5196.64795800054,40.75675675675676
1781535221,20,GET,/api/products [GET],0.400000,0.400000,3100,3100,3100,3100,3100,3100,3100,3100,3100,3100,3100,52,10,110.0,511.4170673461838,1.5977059993019793,3098.817695001344,96.92307692307692
1781535221,20,,Aggregated,1.000000,1.000000,3200,7300,7300,11000,11000,11000,11000,11000,11000,11000,11000,119,29,400.0,1184.2718454705896,1.2431080031092279,11391.75177099969,62.21008403361345
1781535222,20,GET,/api/load/cpu [GET],0.400000,0.400000,7300,11000,11000,11000,11000,11000,11000,11000,11000,11000,11000,30,11,1500.0,2594.3255743665454,1.4693439989059698,11391.75177099969,28.5
1781535222,20,GET,/api/load/memory [GET],0.200000,0.200000,7300,7300,7300,7300,7300,7300,7300,7300,7300,7300,7300,38,9,520.0,1153.507856000081,1.2431080031092279,7328.403650000837,39.68421052631579
1781535222,20,GET,/api/products [GET],0.300000,0.300000,3100,3100,3100,3100,3100,3100,3100,3100,3100,3100,3100,52,10,110.0,511.4170673461838,1.5977059993019793,3098.817695001344,96.92307692307692
1781535222,20,,Aggregated,0.900000,0.900000,7300,7300,7300,11000,11000,11000,11000,11000,11000,11000,11000,120,30,400.0,1235.472943841675,1.2431080031092279,11391.75177099969,61.69166666666667
1781535223,20,GET,/api/load/cpu [GET],0.400000,0.400000,11000,11000,11000,11000,11000,11000,11000,11000,11000,11000,11000,30,11,1500.0,2594.3255743665454,1.4693439989059698,11391.75177099969,28.5
1781535223,20,GET,/api/load/memory [GET],0.200000,0.200000,2,2,7300,7300,7300,7300,7300,7300,7300,7300,7300,39,10,520.0,1123.980420051409,1.2431080031092279,7328.403650000837,38.666666666666664
1781535223,20,GET,/api/products [GET],0.300000,0.300000,3100,3100,3100,3100,3100,3100,3100,3100,3100,3100,3100,52,10,110.0,511.4170673461838,1.5977059993019793,3098.817695001344,96.92307692307692
1781535223,20,,Aggregated,0.900000,0.900000,7300,7300,7300,11000,11000,11000,11000,11000,11000,11000,11000,121,31,400.0,1225.278438966966,1.2431080031092279,11391.75177099969,61.18181818181818
1781535224,20,GET,/api/load/cpu [GET],0.500000,0.500000,7300,11000,11000,11000,11000,11000,11000,11000,11000,11000,11000,31,12,1800.0,2612.5903539676424,1.4693439989059698,11391.75177099969,27.580645161290324
1781535224,20,GET,/api/load/memory [GET],0.200000,0.200000,2,2,7300,7300,7300,7300,7300,7300,7300,7300,7300,39,10,520.0,1123.980420051409,1.2431080031092279,7328.403650000837,38.666666666666664
1781535224,20,GET,/api/products [GET],0.300000,0.300000,3100,3100,3100,3100,3100,3100,3100,3100,3100,3100,3100,52,10,110.0,511.4170673461838,1.5977059993019793,3098.817695001344,96.92307692307692
1781535224,20,,Aggregated,1.000000,1.000000,7300,7300,7300,11000,11000,11000,11000,11000,11000,11000,11000,122,32,400.0,1241.1411873524871,1.2431080031092279,11391.75177099969,60.68032786885246
1781535225,20,GET,/api/load/cpu [GET],0.500000,0.500000,11000,11000,11000,11000,11000,11000,11000,11000,11000,11000,11000,31,12,1800.0,2612.5903539676424,1.4693439989059698,11391.75177099969,27.580645161290324
1781535225,20,GET,/api/load/memory [GET],0.200000,0.200000,2,2,7300,7300,7300,7300,7300,7300,7300,7300,7300,39,10,520.0,1123.980420051409,1.2431080031092279,7328.403650000837,38.666666666666664
1781535225,20,GET,/api/products [GET],0.300000,0.300000,3100,3100,20000,20000,20000,20000,20000,20000,20000,20000,20000,53,11,110.0,872.312870867938,1.5977059993019793,19638.89465399916,95.09433962264151
1781535225,20,,Aggregated,1.000000,1.000000,7300,7300,11000,11000,20000,20000,20000,20000,20000,20000,20000,123,33,430.0,1390.716418788639,1.2431080031092279,19638.89465399916,60.1869918699187
1781535226,20,GET,/api/load/cpu [GET],0.400000,0.400000,7300,7300,11000,11000,11000,11000,11000,11000,11000,11000,11000,31,12,1800.0,2612.5903539676424,1.4693439989059698,11391.75177099969,27.580645161290324
1781535226,20,GET,/api/load/memory [GET],0.300000,0.300000,2,2,7300,7300,7300,7300,7300,7300,7300,7300,7300,39,10,520.0,1123.980420051409,1.2431080031092279,7328.403650000837,38.666666666666664
1781535226,20,GET,/api/products [GET],0.300000,0.300000,3100,4200,4200,20000,20000,20000,20000,20000,20000,20000,20000,54,12,110.0,933.5569946481512,1.5977059993019793,19638.89465399916,93.33333333333333
1781535226,20,,Aggregated,1.000000,1.000000,4200,7300,7300,11000,20000,20000,20000,20000,20000,20000,20000,124,34,430.0,1413.2065731129196,1.2431080031092279,19638.89465399916,59.70161290322581
1781535227,20,GET,/api/load/cpu [GET],0.400000,0.400000,7300,7300,11000,11000,11000,11000,11000,11000,11000,11000,11000,31,12,1800.0,2612.5903539676424,1.4693439989059698,11391.75177099969,27.580645161290324
1781535227,20,GET,/api/load/memory [GET],0.200000,0.200000,2,2,7300,7300,7300,7300,7300,7300,7300,7300,7300,40,11,460.0,1095.9203439500925,1.2431080031092279,7328.403650000837,37.7
1781535227,20,GET,/api/products [GET],0.300000,0.300000,4200,4200,20000,20000,20000,20000,20000,20000,20000,20000,20000,54,12,110.0,933.5569946481512,1.5977059993019793,19638.89465399916,93.33333333333333
1781535227,20,,Aggregated,0.900000,0.900000,4200,7300,7300,11000,20000,20000,20000,20000,20000,20000,20000,125,35,430.0,1401.9135395360063,1.2431080031092279,19638.89465399916,59.224
1781535228,20,GET,/api/load/cpu [GET],0.500000,0.500000,7300,7300,7300,7300,7300,7300,7300,7300,7300,7300,7300,31,12,1800.0,2612.5903539676424,1.4693439989059698,11391.75177099969,27.580645161290324
1781535228,20,GET,/api/load/memory [GET],0.200000,0.200000,2,2,7300,7300,7300,7300,7300,7300,7300,7300,7300,40,11,460.0,1095.9203439500925,1.2431080031092279,7328.403650000837,37.7
1781535228,20,GET,/api/products [GET],0.400000,0.400000,3100,4200,4200,20000,20000,20000,20000,20000,20000,20000,20000,55,13,110.0,916.6135439636656,1.5977059993019793,19638.89465399916,91.63636363636364
1781535228,20,,Aggregated,1.100000,1.100000,3200,4200,7300,7300,20000,20000,20000,20000,20000,20000,20000,126,36,400.0,1390.8004734047797,1.2431080031092279,19638.89465399916,58.75396825396825
1781535229,20,GET,/api/load/cpu [GET],0.400000,0.400000,7300,7300,7300,7300,7300,7300,7300,7300,7300,7300,7300,31,12,1800.0,2612.5903539676424,1.4693439989059698,11391.75177099969,27.580645161290324
1781535229,20,GET,/api/load/memory [GET],0.200000,0.200000,2,2,7300,7300,7300,7300,7300,7300,7300,7300,7300,40,11,460.0,1095.9203439500925,1.2431080031092279,7328.403650000837,37.7
1781535229,20,GET,/api/products [GET],0.400000,0.400000,3100,4200,4200,20000,20000,20000,20000,20000,20000,20000,20000,56,14,110.0,936.7159208393007,1.5977059993019793,19638.89465399916,90.0
1781535229,20,,Aggregated,1.000000,1.000000,3200,4200,7300,7300,20000,20000,20000,20000,20000,20000,20000,127,37,430.0,1395.93075825198,1.2431080031092279,19638.89465399916,58.29133858267716
1781535230,20,GET,/api/load/cpu [GET],0.200000,0.200000,7300,7300,7300,7300,7300,7300,7300,7300,7300,7300,7300,31,12,1800.0,2612.5903539676424,1.4693439989059698,11391.75177099969,27.580645161290324
1781535230,20,GET,/api/load/memory [GET],0.300000,0.300000,2,2,7300,7300,7300,7300,7300,7300,7300,7300,7300,40,11,460.0,1095.9203439500925,1.2431080031092279,7328.403650000837,37.7
1781535230,20,GET,/api/products [GET],0.500000,0.500000,3100,3100,4200,4200,20000,20000,20000,20000,20000,20000,20000,57,15,140.0,937.9808601403503,1.5977059993019793,19638.89465399916,88.42105263157895
1781535230,20,,Aggregated,1.000000,1.000000,2000,3200,4200,7300,20000,20000,20000,20000,20000,20000,20000,128,38,430.0,1392.906435617192,1.2431080031092279,19638.89465399916,57.8359375
1781535231,20,GET,/api/load/cpu [GET],0.200000,0.200000,7300,7300,11000,11000,11000,11000,11000,11000,11000,11000,11000,32,13,1800.0,2886.0079108123955,1.4693439989059698,11391.75177099969,26.71875
1781535231,20,GET,/api/load/memory [GET],0.300000,0.300000,2,2,2,2,2,2,2,2,2,2,2,40,11,460.0,1095.9203439500925,1.2431080031092279,7328.403650000837,37.7
1781535231,20,GET,/api/products [GET],0.500000,0.500000,3100,3100,4200,4200,20000,20000,20000,20000,20000,20000,20000,57,15,140.0,937.9808601403503,1.5977059993019793,19638.89465399916,88.42105263157895
1781535231,20,,Aggregated,1.000000,1.000000,2000,3200,4200,11000,20000,20000,20000,20000,20000,20000,20000,129,39,450.0,1470.185859937987,1.2431080031092279,19638.89465399916,57.3875968992248
1781535232,20,GET,/api/load/cpu [GET],0.200000,0.200000,11000,11000,11000,11000,11000,11000,11000,11000,11000,11000,11000,32,13,1800.0,2886.0079108123955,1.4693439989059698,11391.75177099969,26.71875
1781535232,20,GET,/api/load/memory [GET],0.300000,0.300000,2,2,2,2,2,2,2,2,2,2,2,40,11,460.0,1095.9203439500925,1.2431080031092279,7328.403650000837,37.7
1781535232,20,GET,/api/products [GET],0.600000,0.600000,2000,2000,4200,4200,20000,20000,20000,20000,20000,20000,20000,58,16,140.0,939.9383727758786,1.5977059993019793,19638.89465399916,86.89655172413794
1781535232,20,,Aggregated,1.100000,1.100000,2000,3200,4200,11000,20000,20000,20000,20000,20000,20000,20000,130,40,450.0,1466.9653271153948,1.2431080031092279,19638.89465399916,56.94615384615385
1781535233,20,GET,/api/load/cpu [GET],0.200000,0.200000,7300,7300,11000,11000,11000,11000,11000,11000,11000,11000,11000,33,14,1800.0,3019.270850302939,1.4693439989059698,11391.75177099969,25.90909090909091
1781535233,20,GET,/api/load/memory [GET],0.300000,0.300000,2,2,2,2,2,2,2,2,2,2,2,40,11,460.0,1095.9203439500925,1.2431080031092279,7328.403650000837,37.7
1781535233,20,GET,/api/products [GET],0.500000,0.500000,2000,2000,4200,4200,20000,20000,20000,20000,20000,20000,20000,58,16,140.0,939.9383727758786,1.5977059993019793,19638.89465399916,86.89655172413794
1781535233,20,,Aggregated,1.000000,1.000000,3200,4200,7300,11000,20000,20000,20000,20000,20000,20000,20000,131,41,460.0,1511.3677667099362,1.2431080031092279,19638.89465399916,56.51145038167939
1781535234,20,GET,/api/load/cpu [GET],0.200000,0.200000,7300,7300,11000,11000,11000,11000,11000,11000,11000,11000,11000,34,15,1800.0,3021.222581323373,1.4693439989059698,11391.75177099969,25.147058823529413
1781535234,20,GET,/api/load/memory [GET],0.200000,0.200000,2,2,2,2,2,2,2,2,2,2,2,40,11,460.0,1095.9203439500925,1.2431080031092279,7328.403650000837,37.7
1781535234,20,GET,/api/products [GET],0.600000,0.600000,1100,2000,2000,4200,4200,4200,4200,4200,4200,4200,4200,58,16,140.0,939.9383727758786,1.5977059993019793,19638.89465399916,86.89655172413794
1781535234,20,,Aggregated,1.000000,1.000000,2000,3100,4200,7300,11000,11000,11000,11000,11000,11000,11000,132,42,460.0,1523.2939935151467,1.2431080031092279,19638.89465399916,56.083333333333336
1781535235,20,GET,/api/load/cpu [GET],0.200000,0.200000,3200,7300,7300,11000,11000,11000,11000,11000,11000,11000,11000,35,16,1800.0,2934.9544021999463,1.4693439989059698,11391.75177099969,24.428571428571427
1781535235,20,GET,/api/load/memory [GET],0.200000,0.200000,2,2,2,2,2,2,2,2,2,2,2,40,11,460.0,1095.9203439500925,1.2431080031092279,7328.403650000837,37.7
1781535235,20,GET,/api/products [GET],0.600000,0.600000,1100,2000,2000,4200,4200,4200,4200,4200,4200,4200,4200,58,16,140.0,939.9383727758786,1.5977059993019793,19638.89465399916,86.89655172413794
1781535235,20,,Aggregated,1.000000,1.000000,1100,2000,3100,7300,11000,11000,11000,11000,11000,11000,11000,133,43,460.0,1511.8544620752089,1.2431080031092279,19638.89465399916,55.661654135338345
1781535236,20,GET,/api/load/cpu [GET],0.200000,0.200000,7300,7300,11000,11000,20000,20000,20000,20000,20000,20000,20000,36,17,1800.0,3397.9451698609814,1.4693439989059698,19602.622037997207,23.75
1781535236,20,GET,/api/load/memory [GET],0.100000,0.100000,2,2,2,2,2,2,2,2,2,2,2,40,11,460.0,1095.9203439500925,1.2431080031092279,7328.403650000837,37.7
1781535236,20,GET,/api/products [GET],0.600000,0.600000,1100,1100,2000,2000,2000,2000,2000,2000,2000,2000,2000,58,16,140.0,939.9383727758786,1.5977059993019793,19638.89465399916,86.89655172413794
1781535236,20,,Aggregated,0.900000,0.900000,2000,3100,7300,11000,20000,20000,20000,20000,20000,20000,20000,134,44,460.0,1646.8601902537314,1.2431080031092279,19638.89465399916,55.24626865671642
1781535237,20,GET,/api/load/cpu [GET],0.300000,0.300000,7300,11000,11000,20000,20000,20000,20000,20000,20000,20000,20000,36,17,1800.0,3397.9451698609814,1.4693439989059698,19602.622037997207,23.75
1781535237,20,GET,/api/load/memory [GET],0.100000,0.100000,2,2,2,2,2,2,2,2,2,2,2,40,11,460.0,1095.9203439500925,1.2431080031092279,7328.403650000837,37.7
1781535237,20,GET,/api/products [GET],0.600000,0.600000,1100,1100,2000,2000,2000,2000,2000,2000,2000,2000,2000,59,17,140.0,924.0317807457744,1.4494429997284897,19638.89465399916,85.42372881355932
1781535237,20,,Aggregated,1.000000,1.000000,2000,3100,7300,11000,20000,20000,20000,20000,20000,20000,20000,135,45,460.0,1634.6719624962943,1.2431080031092279,19638.89465399916,54.837037037037035
1781535238,20,GET,/api/load/cpu [GET],0.400000,0.400000,7300,11000,11000,20000,20000,20000,20000,20000,20000,20000,20000,36,17,1800.0,3397.9451698609814,1.4693439989059698,19602.622037997207,23.75
1781535238,20,GET,/api/load/memory [GET],0.100000,0.100000,4100,4100,4100,4100,4100,4100,4100,4100,4100,4100,4100,41,12,520.0,1169.9235362683817,1.2431080031092279,7328.403650000837,36.78048780487805
1781535238,20,GET,/api/products [GET],0.500000,0.500000,1100,1100,2000,2000,2000,2000,2000,2000,2000,2000,2000,59,17,140.0,924.0317807457744,1.4494429997284897,19638.89465399916,85.42372881355932
1781535238,20,,Aggregated,1.000000,1.000000,3100,4100,7300,11000,20000,20000,20000,20000,20000,20000,20000,136,46,460.0,1653.0203394558798,1.2431080031092279,19638.89465399916,54.43382352941177
1781535239,20,GET,/api/load/cpu [GET],0.500000,0.500000,7300,11000,11000,20000,20000,20000,20000,20000,20000,20000,20000,36,17,1800.0,3397.9451698609814,1.4693439989059698,19602.622037997207,23.75
1781535239,20,GET,/api/load/memory [GET],0.100000,0.100000,4100,4100,4100,4100,4100,4100,4100,4100,4100,4100,4100,41,12,520.0,1169.9235362683817,1.2431080031092279,7328.403650000837,36.78048780487805
1781535239,20,GET,/api/products [GET],0.400000,0.400000,1000,1000,1100,1100,1100,1100,1100,1100,1100,1100,1100,60,18,140.0,925.8050098166981,1.4494429997284897,19638.89465399916,84.0
1781535239,20,,Aggregated,1.000000,1.000000,3100,4100,7300,11000,20000,20000,20000,20000,20000,20000,20000,137,47,460.0,1648.4758517591304,1.2431080031092279,19638.89465399916,54.03649635036496
1781535240,20,GET,/api/load/cpu [GET],0.500000,0.500000,7300,11000,11000,20000,20000,20000,20000,20000,20000,20000,20000,36,17,1800.0,3397.9451698609814,1.4693439989059698,19602.622037997207,23.75
1781535240,20,GET,/api/load/memory [GET],0.100000,0.100000,4100,4100,4100,4100,4100,4100,4100,4100,4100,4100,4100,41,12,520.0,1169.9235362683817,1.2431080031092279,7328.403650000837,36.78048780487805
1781535240,20,GET,/api/products [GET],0.400000,0.400000,1100,1100,5200,5200,5200,5200,5200,5200,5200,5200,5200,61,19,140.0,995.3952843771119,1.4494429997284897,19638.89465399916,82.62295081967213
1781535240,20,,Aggregated,1.000000,1.000000,3100,4100,5200,7300,20000,20000,20000,20000,20000,20000,20000,138,48,460.0,1674.000024992774,1.2431080031092279,19638.89465399916,53.64492753623188
1781535241,20,GET,/api/load/cpu [GET],0.500000,0.500000,7300,7300,20000,20000,20000,20000,20000,20000,20000,20000,20000,36,17,1800.0,3397.9451698609814,1.4693439989059698,19602.622037997207,23.75
1781535241,20,GET,/api/load/memory [GET],0.100000,0.100000,4100,4100,4100,4100,4100,4100,4100,4100,4100,4100,4100,41,12,520.0,1169.9235362683817,1.2431080031092279,7328.403650000837,36.78048780487805
1781535241,20,GET,/api/products [GET],0.400000,0.400000,1000,1100,1100,5200,5200,5200,5200,5200,5200,5200,5200,62,20,140.0,995.6417631129302,1.4494429997284897,19638.89465399916,81.29032258064517
1781535241,20,,Aggregated,1.000000,1.000000,3100,4100,5200,7300,20000,20000,20000,20000,20000,20000,20000,139,49,500.0,1669.227916654681,1.2431080031092279,19638.89465399916,53.2589928057554
1781535242,20,GET,/api/load/cpu [GET],0.500000,0.500000,7300,7300,20000,20000,20000,20000,20000,20000,20000,20000,20000,36,17,1800.0,3397.9451698609814,1.4693439989059698,19602.622037997207,23.75
1781535242,20,GET,/api/load/memory [GET],0.100000,0.100000,4100,4100,4100,4100,4100,4100,4100,4100,4100,4100,4100,42,13,460.0,1142.1134302382554,1.2431080031092279,7328.403650000837,35.904761904761905
1781535242,20,GET,/api/products [GET],0.400000,0.400000,1000,1100,1100,5200,5200,5200,5200,5200,5200,5200,5200,62,20,140.0,995.6417631129302,1.4494429997284897,19638.89465399916,81.29032258064517
1781535242,20,,Aggregated,1.000000,1.000000,3100,4100,5200,7300,20000,20000,20000,20000,20000,20000,20000,140,50,460.0,1657.3184249857409,1.2431080031092279,19638.89465399916,52.878571428571426
1781535243,20,GET,/api/load/cpu [GET],0.400000,0.400000,3100,3100,20000,20000,20000,20000,20000,20000,20000,20000,20000,36,17,1800.0,3397.9451698609814,1.4693439989059698,19602.622037997207,23.75
1781535243,20,GET,/api/load/memory [GET],0.100000,0.100000,4100,4100,4100,4100,4100,4100,4100,4100,4100,4100,4100,42,13,460.0,1142.1134302382554,1.2431080031092279,7328.403650000837,35.904761904761905
1781535243,20,GET,/api/products [GET],0.400000,0.400000,1000,1000,1000,5200,5200,5200,5200,5200,5200,5200,5200,63,20,240.0,983.605132444479,1.4494429997284897,19638.89465399916,81.9047619047619
1781535243,20,,Aggregated,0.900000,0.900000,1000,3100,4100,5200,20000,20000,20000,20000,20000,20000,20000,141,50,460.0,1647.2476136808812,1.2431080031092279,19638.89465399916,53.354609929078016
1781535244,20,GET,/api/load/cpu [GET],0.400000,0.400000,20000,20000,20000,20000,20000,20000,20000,20000,20000,20000,20000,36,17,1800.0,3397.9451698609814,1.4693439989059698,19602.622037997207,23.75
1781535244,20,GET,/api/load/memory [GET],0.100000,0.100000,4100,4100,4100,4100,4100,4100,4100,4100,4100,4100,4100,42,13,460.0,1142.1134302382554,1.2431080031092279,7328.403650000837,35.904761904761905
1781535244,20,GET,/api/products [GET],0.400000,0.400000,1000,1000,5200,5200,20000,20000,20000,20000,20000,20000,20000,64,20,240.0,1283.0295457500256,1.4494429997284897,20146.767583999463,82.5
1781535244,20,,Aggregated,0.900000,0.900000,1000,4100,5200,20000,20000,20000,20000,20000,20000,20000,20000,142,50,460.0,1777.5259233310119,1.2431080031092279,20146.767583999463,53.82394366197183
1781535245,20,GET,/api/load/cpu [GET],0.400000,0.400000,38000,38000,38000,38000,38000,38000,38000,38000,38000,38000,38000,37,17,2000.0,4343.818074080863,1.4693439989059698,38395.242625996616,24.324324324324323
1781535245,20,GET,/api/load/memory [GET],0.200000,0.200000,4100,4100,4100,4100,4100,4100,4100,4100,4100,4100,4100,42,13,460.0,1142.1134302382554,1.2431080031092279,7328.403650000837,35.904761904761905
1781535245,20,GET,/api/products [GET],0.400000,0.400000,1000,1000,5200,5200,20000,20000,20000,20000,20000,20000,20000,64,20,240.0,1283.0295457500256,1.4494429997284897,20146.767583999463,82.5
1781535245,20,,Aggregated,1.000000,1.000000,1000,4100,5200,20000,38000,38000,38000,38000,38000,38000,38000,143,50,500.0,2033.5938723007016,1.2431080031092279,38395.242625996616,53.76223776223776
1781535246,20,GET,/api/load/cpu [GET],0.300000,0.300000,20000,20000,38000,38000,38000,38000,38000,38000,38000,38000,38000,38,17,2000.0,4402.164132947196,1.4693439989059698,38395.242625996616,24.86842105263158
1781535246,20,GET,/api/load/memory [GET],0.200000,0.200000,4100,4100,4100,4100,4100,4100,4100,4100,4100,4100,4100,42,13,460.0,1142.1134302382554,1.2431080031092279,7328.403650000837,35.904761904761905
1781535246,20,GET,/api/products [GET],0.600000,0.400000,1000,1000,5200,5200,20000,20000,20000,20000,20000,20000,20000,64,20,240.0,1283.0295457500256,1.4494429997284897,20146.767583999463,82.5
1781535246,20,,Aggregated,1.100000,0.900000,4100,5200,6600,20000,38000,38000,38000,38000,38000,38000,38000,144,50,500.0,2065.033972569457,1.2431080031092279,38395.242625996616,53.701388888888886
1781535247,20,GET,/api/load/cpu [GET],0.200000,0.100000,20000,20000,38000,38000,38000,38000,38000,38000,38000,38000,38000,39,17,2000.0,4341.443385974204,1.4693439989059698,38395.242625996616,25.384615384615383
1781535247,20,GET,/api/load/memory [GET],0.200000,0.200000,4100,4100,4100,4100,4100,4100,4100,4100,4100,4100,4100,42,13,460.0,1142.1134302382554,1.2431080031092279,7328.403650000837,35.904761904761905
1781535247,20,GET,/api/products [GET],0.600000,0.400000,1000,1000,5200,5200,20000,20000,20000,20000,20000,20000,20000,65,20,240.0,1266.2127370923722,1.4494429997284897,20146.767583999463,83.07692307692308
1781535247,20,,Aggregated,1.000000,0.700000,2000,5200,6600,20000,38000,38000,38000,38000,38000,38000,38000,146,50,500.0,2051.9786577671566,1.2431080031092279,38395.242625996616,54.0958904109589
1781535248,20,GET,/api/load/cpu [GET],0.200000,0.100000,20000,20000,38000,38000,38000,38000,38000,38000,38000,38000,38000,39,17,2000.0,4341.443385974204,1.4693439989059698,38395.242625996616,25.384615384615383
1781535248,20,GET,/api/load/memory [GET],0.200000,0.200000,4100,4100,41000,41000,41000,41000,41000,41000,41000,41000,41000,43,13,520.0,2079.0959132095322,1.2431080031092279,41432.36019800315,36.27906976744186
1781535248,20,GET,/api/products [GET],0.600000,0.400000,1000,1000,5200,5200,20000,20000,20000,20000,20000,20000,20000,65,20,240.0,1266.2127370923722,1.4494429997284897,20146.767583999463,83.07692307692308
1781535248,20,,Aggregated,1.000000,0.700000,2000,6600,20000,20000,38000,41000,41000,41000,41000,41000,41000,147,50,520.0,2319.872409741551,1.2431080031092279,41432.36019800315,54.08163265306123
1781535249,20,GET,/api/load/cpu [GET],0.100000,0.000000,6600,6600,38000,38000,38000,38000,38000,38000,38000,38000,38000,39,17,2000.0,4341.443385974204,1.4693439989059698,38395.242625996616,25.384615384615383
1781535249,20,GET,/api/load/memory [GET],0.200000,0.200000,41000,41000,41000,41000,41000,41000,41000,41000,41000,41000,41000,43,13,520.0,2079.0959132095322,1.2431080031092279,41432.36019800315,36.27906976744186
1781535249,20,GET,/api/products [GET],0.600000,0.400000,1000,1000,5200,5200,20000,20000,20000,20000,20000,20000,20000,66,20,190.0,1247.5668230455278,1.4494429997284897,20146.767583999463,83.63636363636364
1781535249,20,,Aggregated,0.900000,0.600000,2000,6600,20000,20000,38000,41000,41000,41000,41000,41000,41000,148,50,500.0,2304.4380178514098,1.2431080031092279,41432.36019800315,54.527027027027025
1781535250,20,GET,/api/load/cpu [GET],0.100000,0.000000,6600,6600,38000,38000,38000,38000,38000,38000,38000,38000,38000,39,17,2000.0,4341.443385974204,1.4693439989059698,38395.242625996616,25.384615384615383
1781535250,20,GET,/api/load/memory [GET],0.200000,0.200000,41000,41000,41000,41000,41000,41000,41000,41000,41000,41000,41000,43,13,520.0,2079.0959132095322,1.2431080031092279,41432.36019800315,36.27906976744186
1781535250,20,GET,/api/products [GET],0.600000,0.400000,240,1000,1000,20000,20000,20000,20000,20000,20000,20000,20000,66,20,190.0,1247.5668230455278,1.4494429997284897,20146.767583999463,83.63636363636364
1781535250,20,,Aggregated,0.900000,0.600000,2000,6600,20000,38000,41000,41000,41000,41000,41000,41000,41000,148,50,500.0,2304.4380178514098,1.2431080031092279,41432.36019800315,54.527027027027025
1781535251,20,GET,/api/load/cpu [GET],0.300000,0.000000,6600,6600,38000,38000,38000,38000,38000,38000,38000,38000,38000,40,17,2000.0,4259.780681274879,1.4693439989059698,38395.242625996616,25.875
1781535251,20,GET,/api/load/memory [GET],0.200000,0.100000,5900,5900,41000,41000,41000,41000,41000,41000,41000,41000,41000,44,13,520.0,2164.941952704794,1.2431080031092279,41432.36019800315,36.63636363636363
1781535251,20,GET,/api/products [GET],0.600000,0.200000,1000,1000,20000,20000,20000,20000,20000,20000,20000,20000,20000,67,20,240.0,1527.3670202836572,1.4494429997284897,20146.767583999463,84.17910447761194
1781535251,20,,Aggregated,1.100000,0.300000,2000,6600,20000,20000,38000,41000,41000,41000,41000,41000,41000,151,50,580.0,2436.968632642457,1.2431080031092279,41432.36019800315,54.88079470198676
1781535252,20,GET,/api/load/cpu [GET],0.300000,0.000000,2000,6600,6600,38000,38000,38000,38000,38000,38000,38000,38000,41,17,2000.0,4156.474672487714,1.4693439989059698,38395.242625996616,26.341463414634145
1781535252,20,GET,/api/load/memory [GET],0.200000,0.100000,5900,6300,9100,9100,41000,41000,41000,41000,41000,41000,41000,49,13,800.0,2376.1988979593075,1.2431080031092279,41432.36019800315,38.204081632653065
1781535252,20,GET,/api/products [GET],0.600000,0.200000,240,20000,20000,20000,20000,20000,20000,20000,20000,20000,20000,67,20,240.0,1527.3670202836572,1.4494429997284897,20146.767583999463,84.17910447761194
1781535252,20,,Aggregated,1.100000,0.300000,3100,6600,9100,20000,38000,41000,41000,41000,41000,41000,41000,157,50,630.0,2478.8713244013206,1.2431080031092279,41432.36019800315,54.72611464968153
1781535253,20,GET,/api/load/cpu [GET],0.400000,0.000000,1100,2000,6600,6600,38000,38000,38000,38000,38000,38000,38000,43,17,1800.0,3965.7345263255784,1.4693439989059698,38395.242625996616,27.209302325581394
1781535253,20,GET,/api/load/memory [GET],0.200000,0.100000,2600,5900,6300,6300,9100,41000,41000,41000,41000,41000,41000,52,13,520.0,2242.310172230925,1.2431080031092279,41432.36019800315,39.0
1781535253,20,GET,/api/products [GET],0.500000,0.100000,240,240,20000,20000,20000,20000,20000,20000,20000,20000,20000,68,20,190.0,1505.4496160441618,1.4494429997284897,20146.767583999463,84.70588235294117
1781535253,20,,Aggregated,1.100000,0.200000,1100,3100,6300,6600,20000,38000,41000,41000,41000,41000,41000,163,50,500.0,2389.553910914178,1.2431080031092279,41432.36019800315,54.95705521472393
1781535254,20,GET,/api/load/cpu [GET],0.500000,0.000000,160,1100,2000,6600,38000,38000,38000,38000,38000,38000,38000,46,17,1500.0,3713.1096470869957,1.4693439989059698,38395.242625996616,28.369565217391305
1781535254,20,GET,/api/load/memory [GET],0.600000,0.000000,2600,5900,6300,6300,9100,41000,41000,41000,41000,41000,41000,53,13,520.0,2200.3034909246467,1.2431080031092279,41432.36019800315,39.24528301886792
1781535254,20,GET,/api/products [GET],0.500000,0.000000,190,240,20000,20000,20000,20000,20000,20000,20000,20000,20000,69,20,190.0,1483.6915887681243,1.4494429997284897,20146.767583999463,85.21739130434783
1781535254,20,,Aggregated,1.600000,0.000000,160,2600,5900,6300,20000,38000,41000,41000,41000,41000,41000,168,50,450.0,2320.2014786310037,1.2431080031092279,41432.36019800315,55.148809523809526
1781535255,20,GET,/api/load/cpu [GET],0.700000,0.000000,92,110,1100,1100,2000,6600,6600,6600,6600,6600,6600,49,17,1300.0,3488.419689265319,1.4693439989059698,38395.242625996616,29.387755102040817
1781535255,20,GET,/api/load/memory [GET],0.800000,0.000000,77,3100,5900,6300,9100,41000,41000,41000,41000,41000,41000,55,13,460.0,2120.8066991273718,1.2431080031092279,41432.36019800315,39.70909090909091
1781535255,20,GET,/api/products [GET],0.500000,0.000000,37,37,190,190,20000,20000,20000,20000,20000,20000,20000,70,20,140.0,1462.5508631714183,1.4494429997284897,20146.767583999463,85.71428571428571
1781535255,20,,Aggregated,2.000000,0.000000,77,190,2600,3100,6600,20000,41000,41000,41000,41000,41000,174,50,380.0,2241.1235267126744,1.2431080031092279,41432.36019800315,55.310344827586206
1781535256,20,GET,/api/load/cpu [GET],0.900000,0.000000,83,92,160,160,1100,2000,2000,2000,2000,2000,2000,50,17,1100.0,3419.1275945399684,1.4693439989059698,38395.242625996616,29.7
1781535256,20,GET,/api/load/memory [GET],1.000000,0.000000,77,3100,5900,6300,9100,41000,41000,41000,41000,41000,41000,55,13,460.0,2120.8066991273718,1.2431080031092279,41432.36019800315,39.70909090909091
1781535256,20,GET,/api/products [GET],0.400000,0.000000,5,36,37,190,20000,20000,20000,20000,20000,20000,20000,74,20,110.0,1383.7310399999665,1.4494429997284897,20146.767583999463,87.56756756756756
1781535256,20,,Aggregated,2.300000,0.000000,36,110,1100,2600,6300,20000,41000,41000,41000,41000,41000,179,50,340.0,2178.753324798891,1.2431080031092279,41432.36019800315,56.69832402234637
1781535257,20,GET,/api/load/cpu [GET],1.000000,0.000000,46,92,110,160,1100,2000,2000,2000,2000,2000,2000,53,17,1100.0,3228.719146962317,1.4693439989059698,38395.242625996616,30.566037735849058
1781535257,20,GET,/api/load/memory [GET],1.300000,0.000000,56,2600,5900,6300,9100,41000,41000,41000,41000,41000,41000,57,13,460.0,2046.8483081229415,1.2431080031092279,41432.36019800315,40.14035087719298
1781535257,20,GET,/api/products [GET],0.600000,0.000000,5,16,36,36,37,20000,20000,20000,20000,20000,20000,76,20,110.0,1347.5837922499666,1.4494429997284897,20146.767583999463,88.42105263157895
1781535257,20,,Aggregated,2.900000,0.000000,27,56,93,160,5900,9100,20000,20000,20000,20000,20000,186,50,280.0,2097.8969707688602,1.2431080031092279,41432.36019800315,57.13978494623656
1781535258,20,GET,/api/load/cpu [GET],1.200000,0.000000,28,83,93,93,160,1100,1100,1100,1100,1100,1100,55,17,630.0,3111.770049709131,1.4693439989059698,38395.242625996616,31.09090909090909
1781535258,20,GET,/api/load/memory [GET],1.300000,0.000000,34,2600,3100,5900,9100,41000,41000,41000,41000,41000,41000,59,13,380.0,1977.7154874746436,1.2431080031092279,41432.36019800315,40.54237288135593
1781535258,20,GET,/api/products [GET],0.900000,0.000000,5,16,36,36,37,20000,20000,20000,20000,20000,20000,76,20,110.0,1347.5837922499666,1.4494429997284897,20146.767583999463,88.42105263157895
1781535258,20,,Aggregated,3.400000,0.000000,24,46,92,110,3100,6300,20000,20000,20000,20000,20000,190,50,270.0,2053.9417616105457,1.2431080031092279,41432.36019800315,56.95789473684211
1781535259,20,GET,/api/load/cpu [GET],1.500000,0.000000,27,83,93,110,1100,36000,36000,36000,36000,36000,36000,58,17,450.0,3579.9221487931986,1.4693439989059698,38395.242625996616,31.810344827586206
1781535259,20,GET,/api/load/memory [GET],1.400000,0.000000,34,56,2600,3100,6300,9100,9100,9100,9100,9100,9100,61,13,340.0,1913.8648081804051,1.2431080031092279,41432.36019800315,40.91803278688525
1781535259,20,GET,/api/products [GET],1.100000,0.000000,5,5,16,16,37,20000,20000,20000,20000,20000,20000,78,20,110.0,1313.137076679432,1.4494429997284897,20146.767583999463,89.23076923076923
1781535259,20,,Aggregated,4.000000,0.000000,21,46,83,110,5900,9100,36000,36000,36000,36000,36000,197,50,240.0,2166.5275629949538,1.2431080031092279,41432.36019800315,57.36548223350254
1781535260,20,GET,/api/load/cpu [GET],1.400000,0.000000,27,46,92,93,160,36000,36000,36000,36000,36000,36000,60,17,350.0,3461.2416854667877,1.4693439989059698,38395.242625996616,32.25
1781535260,20,GET,/api/load/memory [GET],1.500000,0.000000,21,56,2600,3100,6300,9100,9100,9100,9100,9100,9100,63,13,280.0,1853.372109507969,1.2431080031092279,41432.36019800315,41.26984126984127
1781535260,20,GET,/api/products [GET],1.100000,0.000000,4,5,5,16,37,20000,20000,20000,20000,20000,20000,79,20,110.0,1296.557339075892,1.4494429997284897,20146.767583999463,89.62025316455696
1781535260,20,,Aggregated,4.000000,0.000000,16,28,56,92,3100,9100,20000,36000,36000,36000,36000,202,50,190.0,2113.1929396732903,1.2431080031092279,41432.36019800315,57.5
1781535261,20,GET,/api/load/cpu [GET],1.800000,0.000000,27,46,92,93,160,36000,36000,36000,36000,36000,36000,61,17,350.0,3404.7740058853915,1.4693439989059698,38395.242625996616,32.459016393442624
1781535261,20,GET,/api/load/memory [GET],1.700000,0.000000,11,18,34,34,56,77,77,77,77,77,77,64,13,200.0,1824.521509625015,1.2431080031092279,41432.36019800315,41.4375
1781535261,20,GET,/api/products [GET],1.200000,0.000000,4,5,5,5,37,20000,20000,20000,20000,20000,20000,83,20,91,1234.2645080602067,1.4494429997284897,20146.767583999463,91.08433734939759
1781535261,20,,Aggregated,4.700000,0.000000,13,21,28,37,83,110,160,36000,36000,36000,36000,208,50,160.0,2052.425697807725,1.2431080031092279,41432.36019800315,58.61538461538461
1781535262,20,GET,/api/load/cpu [GET],2.100000,0.000000,24,46,54,92,110,160,36000,36000,36000,36000,36000,64,17,290.0,3246.933816406454,1.4693439989059698,38395.242625996616,33.046875
1781535262,20,GET,/api/load/memory [GET],1.800000,0.000000,8,18,21,53,77,88,88,88,88,88,88,67,13,170.0,1744.357341955309,1.2431080031092279,41432.36019800315,41.91044776119403
1781535262,20,GET,/api/products [GET],1.200000,0.000000,4,5,5,5,16,37,37,37,37,37,37,83,20,91,1234.2645080602067,1.4494429997284897,20146.767583999463,91.08433734939759
1781535262,20,,Aggregated,5.100000,0.000000,12,18,27,46,88,110,160,36000,36000,36000,36000,214,50,140.0,1995.8862632243727,1.2431080031092279,41432.36019800315,58.33177570093458
1781535263,20,GET,/api/load/cpu [GET],2.100000,0.000000,23,27,46,54,93,36000,36000,36000,36000,36000,36000,64,17,290.0,3246.933816406454,1.4693439989059698,38395.242625996616,33.046875
1781535263,20,GET,/api/load/memory [GET],2.000000,0.000000,7,8,11,16,21,53,88,88,88,88,88,73,13,140.0,1601.6053520822786,1.2431080031092279,41432.36019800315,42.73972602739726
1781535263,20,GET,/api/products [GET],1.500000,0.000000,4,4,5,5,5,16,16,16,16,16,16,85,20,90,1205.311067635279,1.4494429997284897,20146.767583999463,91.76470588235294
1781535263,20,,Aggregated,5.600000,0.000000,8,13,17,23,53,92,93,36000,36000,36000,36000,222,50,110.0,1924.1999806352164,1.2431080031092279,41432.36019800315,58.71621621621622
1781535264,20,GET,/api/load/cpu [GET],2.200000,0.000000,24,46,46,54,93,36000,36000,36000,36000,36000,36000,64,17,290.0,3246.933816406454,1.4693439989059698,38395.242625996616,33.046875
1781535264,20,GET,/api/load/memory [GET],1.800000,0.000000,7,8,11,16,21,53,88,88,88,88,88,76,13,88,1538.6981353421536,1.2431080031092279,41432.36019800315,43.10526315789474
1781535264,20,GET,/api/products [GET],1.600000,0.000000,4,4,5,5,5,16,16,16,16,16,16,88,20,74,1164.345840340874,1.4494429997284897,20146.767583999463,92.72727272727273
1781535264,20,,Aggregated,5.600000,0.000000,7,12,17,23,53,92,93,36000,36000,36000,36000,228,50,100.0,1873.7160372193575,1.2431080031092279,41432.36019800315,59.43421052631579
1781535265,20,GET,/api/load/cpu [GET],2.100000,0.000000,16,27,46,46,93,36000,36000,36000,36000,36000,36000,68,17,160.0,3056.80844580895,1.4693439989059698,38395.242625996616,33.75
1781535265,20,GET,/api/load/memory [GET],2.100000,0.000000,7,8,8,11,18,53,88,88,88,88,88,76,13,88,1538.6981353421536,1.2431080031092279,41432.36019800315,43.10526315789474
1781535265,20,GET,/api/products [GET],1.700000,0.000000,4,5,5,5,35,50,50,50,50,50,50,90,20,72,1139.411679633324,1.4494429997284897,20146.767583999463,93.33333333333333
1781535265,20,,Aggregated,5.900000,0.000000,8,13,16,24,50,88,93,36000,36000,36000,36000,234,50,91,1826.2866827692797,1.2431080031092279,41432.36019800315,59.705128205128204
1781535266,20,GET,/api/load/cpu [GET],1.900000,0.000000,16,27,27,46,54,93,36000,36000,36000,36000,36000,72,17,93,2887.9146242917764,1.4693439989059698,38395.242625996616,34.375
1781535266,20,GET,/api/load/memory [GET],2.300000,0.000000,7,8,8,8,11,53,88,88,88,88,88,78,13,77,1499.409248474433,1.2431080031092279,41432.36019800315,43.333333333333336
1781535266,20,GET,/api/products [GET],1.800000,0.000000,4,4,4,5,35,50,50,50,50,50,50,93,20,69,1102.7669407848925,1.4494429997284897,20146.767583999463,94.19354838709677
1781535266,20,,Aggregated,6.000000,0.000000,7,12,13,16,46,54,88,36000,36000,36000,36000,243,50,78,1759.0168716996238,1.2431080031092279,41432.36019800315,60.1440329218107
1781535267,20,GET,/api/load/cpu [GET],1.800000,0.000000,15,17,27,27,54,36000,36000,36000,36000,36000,36000,73,17,93,2848.513867616556,1.4693439989059698,38395.242625996616,34.52054794520548
1781535267,20,GET,/api/load/memory [GET],2.100000,0.000000,7,8,8,11,11,53,88,88,88,88,88,81,13,75,1444.1755202346546,1.2431080031092279,41432.36019800315,43.65432098765432
1781535267,20,GET,/api/products [GET],1.800000,0.000000,4,4,4,5,35,50,50,50,50,50,50,94,20,69,1091.068447691446,1.4494429997284897,20146.767583999463,94.46808510638297
1781535267,20,,Aggregated,5.700000,0.000000,7,12,13,15,35,53,88,36000,36000,36000,36000,248,50,74,1723.7103369274653,1.2431080031092279,41432.36019800315,60.225806451612904
1781535268,20,GET,/api/load/cpu [GET],2.000000,0.000000,15,17,27,27,46,54,54,54,54,54,54,76,17,83,2736.8218897369698,1.4693439989059698,38395.242625996616,34.93421052631579
1781535268,20,GET,/api/load/memory [GET],2.300000,0.000000,7,7,8,8,11,11,88,88,88,88,88,82,13,56,1426.6421287439898,1.2431080031092279,41432.36019800315,43.75609756097561
1781535268,20,GET,/api/products [GET],1.800000,0.000000,4,4,4,5,10,35,50,50,50,50,50,97,20,64,1057.4821263401543,1.4494429997284897,20146.767583999463,95.25773195876289
1781535268,20,,Aggregated,6.100000,0.000000,7,12,13,15,32,50,54,88,88,88,88,255,50,69,1676.701507576516,1.2431080031092279,41432.36019800315,60.71764705882353
1781535269,20,GET,/api/load/cpu [GET],2.000000,0.000000,15,17,17,27,46,54,54,54,54,54,54,77,17,83,2701.4426095975305,1.4693439989059698,38395.242625996616,35.064935064935064
1781535269,20,GET,/api/load/memory [GET],2.300000,0.000000,7,8,8,10,11,11,88,88,88,88,88,84,13,53,1392.8684564286543,1.2431080031092279,41432.36019800315,43.95238095238095
1781535269,20,GET,/api/products [GET],1.800000,0.000000,4,4,4,5,10,35,50,50,50,50,50,102,20,60,1005.8299590882419,1.4494429997284897,20146.767583999463,96.47058823529412
1781535269,20,,Aggregated,6.100000,0.000000,7,11,12,13,27,46,54,88,88,88,88,263,50,60,1625.880939566605,1.2431080031092279,41432.36019800315,61.71863117870723
1781535270,20,GET,/api/load/cpu [GET],2.100000,0.000000,14,15,17,27,46,54,54,54,54,54,54,80,17,46,2600.639579087647,1.4693439989059698,38395.242625996616,35.4375
1781535270,20,GET,/api/load/memory [GET],2.400000,0.000000,7,7,10,11,11,33,88,88,88,88,88,86,13,34,1360.9358142559443,1.2431080031092279,41432.36019800315,44.13953488372093
1781535270,20,GET,/api/products [GET],1.800000,0.000000,4,4,4,5,10,35,50,50,50,50,50,104,20,50,986.5647717500067,1.4494429997284897,20146.767583999463,96.92307692307692
1781535270,20,,Aggregated,6.300000,0.000000,7,12,13,15,32,46,54,88,88,88,88,270,50,50,1584.0532689445306,1.2431080031092279,41432.36019800315,61.89259259259259
1781535271,20,GET,/api/load/cpu [GET],2.100000,0.000000,14,15,16,17,32,46,46,46,46,46,46,82,17,46,2537.5444987195983,1.4693439989059698,38395.242625996616,35.670731707317074
1781535271,20,GET,/api/load/memory [GET],2.400000,0.000000,7,7,10,11,11,33,100,100,100,100,100,88,13,34,1331.2224797614776,1.2431080031092279,41432.36019800315,44.31818181818182
1781535271,20,GET,/api/products [GET],1.800000,0.000000,4,4,5,10,35,50,130,130,130,130,130,106,20,50,969.2946861792597,1.4494429997284897,20146.767583999463,97.35849056603773
1781535271,20,,Aggregated,6.300000,0.000000,7,12,13,15,32,46,100,130,130,130,130,276,50,47,1550.6212458297762,1.2431080031092279,41432.36019800315,62.119565217391305
1781535272,20,GET,/api/load/cpu [GET],1.900000,0.000000,13,15,15,16,27,32,46,46,46,46,46,85,17,32,2448.3899972353624,1.4693439989059698,38395.242625996616,36.0
1781535272,20,GET,/api/load/memory [GET],2.400000,0.000000,7,8,10,11,33,100,100,100,100,100,100,90,13,33,1301.8057429112055,1.2431080031092279,41432.36019800315,44.48888888888889
1781535272,20,GET,/api/products [GET],2.600000,0.000000,4,4,4,10,35,50,130,130,130,130,130,109,20,47,942.691656155999,1.4494429997284897,20146.767583999463,97.98165137614679
1781535272,20,,Aggregated,6.900000,0.000000,8,12,13,14,27,35,100,130,130,130,130,284,50,43,1507.1445674225972,1.2431080031092279,41432.36019800315,62.478873239436616
1781535273,20,GET,/api/load/cpu [GET],2.100000,0.000000,13,14,15,15,17,27,32,32,32,32,32,87,17,28,2392.3866716897214,1.4693439989059698,38395.242625996616,36.206896551724135
1781535273,20,GET,/api/load/memory [GET],2.500000,0.000000,7,7,10,10,33,100,100,100,100,100,100,93,13,21,1260.0523245699503,1.2431080031092279,41432.36019800315,44.73118279569893
1781535273,20,GET,/api/products [GET],2.500000,0.000000,4,4,4,10,35,50,130,130,130,130,130,111,20,46,925.7565680180722,1.4494429997284897,20146.767583999463,98.37837837837837
1781535273,20,,Aggregated,7.100000,0.000000,10,12,13,14,27,35,100,130,130,130,130,291,50,36,1471.0703974983385,1.2431080031092279,41432.36019800315,62.64604810996563
1781535274,20,GET,/api/load/cpu [GET],2.100000,0.000000,13,15,17,19,69000,69000,69000,69000,69000,69000,69000,91,17,32,4565.989336285815,1.4693439989059698,69234.25248000058,36.59340659340659
1781535274,20,GET,/api/load/memory [GET],2.300000,0.000000,7,8,10,11,100,69000,69000,69000,69000,69000,69000,95,13,21,1961.3163240526583,1.2431080031092279,69132.04498399864,44.88421052631579
1781535274,20,GET,/api/products [GET],2.600000,0.000000,4,4,4,5,35,50,130,130,130,130,130,114,20,41,901.4707301755009,1.4494429997284897,20146.767583999463,98.94736842105263
1781535274,20,,Aggregated,7.000000,0.000000,10,12,14,15,35,69000,69000,69000,69000,69000,69000,300,50,36,2348.6591454233935,1.2431080031092279,69234.25248000058,62.913333333333334
1781535275,20,GET,/api/load/cpu [GET],2.200000,0.000000,13,19,32,59,69000,69000,69000,69000,69000,69000,69000,98,17,32,4946.7728949694365,1.4693439989059698,69234.25248000058,37.19387755102041
1781535275,20,GET,/api/load/memory [GET],2.100000,0.000000,8,10,11,33,69000,69000,69000,69000,69000,69000,69000,99,13,21,3272.2338013333474,1.2431080031092279,69132.04498399864,45.17171717171717
1781535275,20,GET,/api/products [GET],2.500000,0.000000,3,4,5,10,55,130,69000,69000,69000,69000,69000,118,20,41,1454.0017965509062,1.4494429997284897,68711.58643300078,99.66101694915254
1781535275,20,,Aggregated,6.800000,0.000000,11,13,15,33,69000,69000,69000,69000,69000,69000,69000,315,50,36,3112.086038196865,1.2431080031092279,69234.25248000058,63.1015873015873
1781535276,20,GET,/api/load/cpu [GET],2.300000,0.000000,13,19,59,120,69000,69000,69000,69000,69000,69000,69000,101,17,32,4801.239820801994,1.4693439989059698,69234.25248000058,37.42574257425743
1781535276,20,GET,/api/load/memory [GET],1.900000,0.000000,8,10,31,33,69000,69000,69000,69000,69000,69000,69000,102,13,18,3176.4584339411986,1.2431080031092279,69132.04498399864,45.372549019607845
1781535276,20,GET,/api/products [GET],2.700000,0.000000,3,4,4,10,55,130,69000,69000,69000,69000,69000,122,20,36,1406.431036852572,1.4494429997284897,68711.58643300078,100.32786885245902
1781535276,20,,Aggregated,6.900000,0.000000,10,13,19,35,69000,69000,69000,69000,69000,69000,69000,325,50,34,3016.9494420277438,1.2431080031092279,69234.25248000058,63.53230769230769
1781535277,20,GET,/api/load/cpu [GET],2.800000,0.000000,13,15,47,120,69000,69000,69000,69000,69000,69000,69000,104,17,27,4663.091104326913,1.4693439989059698,69234.25248000058,37.64423076923077
1781535277,20,GET,/api/load/memory [GET],2.200000,0.000000,8,10,31,33,69000,69000,69000,69000,69000,69000,69000,106,13,11,3056.862393188704,1.2431080031092279,69132.04498399864,45.62264150943396
1781535277,20,GET,/api/products [GET],2.700000,0.000000,3,4,4,5,35,130,69000,69000,69000,69000,69000,127,20,35,1351.1693861733575,1.4494429997284897,68711.58643300078,101.10236220472441
1781535277,20,,Aggregated,7.700000,0.000000,10,12,14,32,150,69000,69000,69000,69000,69000,69000,337,50,28,2909.754897839814,1.2431080031092279,69234.25248000058,64.06824925816024
1781535278,20,GET,/api/load/cpu [GET],3.100000,0.000000,13,19,65,94,69000,69000,69000,69000,69000,69000,69000,109,17,27,4450.963578568784,1.4693439989059698,69234.25248000058,37.981651376146786
1781535278,20,GET,/api/load/memory [GET],2.200000,0.000000,7,10,10,31,69000,69000,69000,69000,69000,69000,69000,112,13,11,2893.4707235177943,1.2431080031092279,69132.04498399864,45.964285714285715
1781535278,20,GET,/api/products [GET],2.900000,0.000000,3,4,4,5,55,130,69000,69000,69000,69000,69000,132,20,32,1300.5235219925728,1.4494429997284897,68711.58643300078,101.81818181818181
1781535278,20,,Aggregated,8.200000,0.000000,10,12,14,35,130,69000,69000,69000,69000,69000,69000,353,50,24,2778.7333031190065,1.2431080031092279,69234.25248000058,64.38526912181302
1781535279,20,GET,/api/load/cpu [GET],2.900000,0.000000,13,31,59,94,69000,69000,69000,69000,69000,69000,69000,114,17,27,4256.69509722802,1.4693439989059698,69234.25248000058,38.28947368421053
1781535279,20,GET,/api/load/memory [GET],2.500000,0.000000,7,10,10,10,100,69000,69000,69000,69000,69000,69000,116,13,10,2793.930147568878,1.2431080031092279,69132.04498399864,46.172413793103445
1781535279,20,GET,/api/products [GET],3.400000,0.000000,3,3,4,10,55,130,69000,69000,69000,69000,69000,138,20,24,1244.3560498914599,1.4494429997284897,68711.58643300078,102.6086956521739
1781535279,20,,Aggregated,8.800000,0.000000,10,12,19,35,130,69000,69000,69000,69000,69000,69000,368,50,19,2665.979002953818,1.2431080031092279,69234.25248000058,64.89402173913044
1781535280,20,GET,/api/load/cpu [GET],3.400000,0.000000,13,19,59,65,69000,69000,69000,69000,69000,69000,69000,118,17,24,4112.795705033901,1.4693439989059698,69234.25248000058,38.516949152542374
1781535280,20,GET,/api/load/memory [GET],2.700000,0.000000,7,8,10,10,31,69000,69000,69000,69000,69000,69000,120,13,10,2701.047420591567,1.2431080031092279,69132.04498399864,46.36666666666667
1781535280,20,GET,/api/products [GET],3.600000,0.000000,3,3,3,3,38,59,69000,69000,69000,69000,69000,144,20,10,1192.6260141946032,1.4494429997284897,68711.58643300078,103.33333333333333
1781535280,20,,Aggregated,9.700000,0.000000,8,12,13,19,94,69000,69000,69000,69000,69000,69000,382,50,16,2568.517617039295,1.2431080031092279,69234.25248000058,65.41623036649214
1781535281,20,GET,/api/load/cpu [GET],3.600000,0.000000,13,19,47,65,69000,69000,69000,69000,69000,69000,69000,124,17,19,3914.4226291209934,1.4693439989059698,69234.25248000058,38.83064516129032
1781535281,20,GET,/api/load/memory [GET],3.100000,0.000000,7,8,10,10,31,69000,69000,69000,69000,69000,69000,123,13,10,2635.324397398263,1.2431080031092279,69132.04498399864,46.50406504065041
1781535281,20,GET,/api/products [GET],3.500000,0.000000,3,3,3,4,35,55,69000,69000,69000,69000,69000,148,20,10,1160.479227351479,1.4494429997284897,68711.58643300078,103.78378378378379
1781535281,20,,Aggregated,10.200000,0.000000,8,12,13,19,65,69000,69000,69000,69000,69000,69000,395,50,15,2484.26387984559,1.2431080031092279,69234.25248000058,65.55696202531645
1781535282,20,GET,/api/load/cpu [GET],3.800000,0.000000,13,19,47,59,150,69000,69000,69000,69000,69000,69000,130,17,19,3734.8246917692454,1.4693439989059698,69234.25248000058,39.11538461538461
1781535282,20,GET,/api/load/memory [GET],3.200000,0.000000,7,8,10,10,31,69000,69000,69000,69000,69000,69000,127,13,10,2552.5920138975125,1.2431080031092279,69132.04498399864,46.67716535433071
1781535282,20,GET,/api/products [GET],3.600000,0.000000,3,3,3,4,35,55,69000,69000,69000,69000,69000,153,20,5,1122.8034541766415,1.4494429997284897,68711.58643300078,104.31372549019608
1781535282,20,,Aggregated,10.600000,0.000000,8,12,13,19,59,69000,69000,69000,69000,69000,69000,410,50,13,2393.8910345951513,1.2431080031092279,69234.25248000058,65.78780487804877
1781535283,20,GET,/api/load/cpu [GET],3.800000,0.000000,13,19,47,59,150,69000,69000,69000,69000,69000,69000,131,17,19,3706.4188159007763,1.4693439989059698,69234.25248000058,39.16030534351145
1781535283,20,GET,/api/load/memory [GET],3.300000,0.000000,7,8,10,10,31,69000,69000,69000,69000,69000,69000,131,13,10,2474.8987910075143,1.2431080031092279,69132.04498399864,46.83969465648855
1781535283,20,GET,/api/products [GET],4.100000,0.000000,3,3,3,4,38,56,69000,69000,69000,69000,69000,159,20,5,1080.8732142894248,1.4494429997284897,68711.58643300078,104.90566037735849
1781535283,20,,Aggregated,11.200000,0.000000,8,12,14,19,59,69000,69000,69000,69000,69000,69000,421,50,13,2331.6186403254264,1.2431080031092279,69234.25248000058,66.38004750593824
1781535284,20,GET,/api/load/cpu [GET],4.400000,0.000000,12,14,19,28,59,94,150,150,150,150,150,136,17,17,3570.57387525733,1.4693439989059698,69234.25248000058,39.375
1781535284,20,GET,/api/load/memory [GET],3.600000,0.000000,7,8,10,10,11,17,31,31,31,31,31,134,13,10,2419.6625921715386,1.2431080031092279,69132.04498399864,46.95522388059702
1781535284,20,GET,/api/products [GET],4.100000,0.000000,3,3,3,4,35,55,59,59,59,59,59,164,20,4,1048.0139966281147,1.4494429997284897,68711.58643300078,105.36585365853658
1781535284,20,,Aggregated,12.100000,0.000000,7,11,12,13,31,57,94,120,150,150,150,434,50,13,2261.997995006898,1.2431080031092279,69234.25248000058,66.65207373271889
1781535285,20,GET,/api/load/cpu [GET],4.500000,0.000000,12,13,16,17,31,57,94,94,94,94,94,143,17,16,3396.3941806363114,1.4693439989059698,69234.25248000058,39.65034965034965
1781535285,20,GET,/api/load/memory [GET],3.600000,0.000000,7,8,10,10,11,17,31,31,31,31,31,136,13,8,2384.1806324778245,1.2431080031092279,69132.04498399864,47.029411764705884
1781535285,20,GET,/api/products [GET],4.700000,0.000000,3,3,3,3,26,56,67,67,67,67,67,167,20,4,1029.6178061857238,1.4494429997284897,68711.58643300078,105.62874251497006
1781535285,20,,Aggregated,12.800000,0.000000,7,11,12,12,19,38,65,67,94,94,94,446,50,12,2201.5226625134355,1.2431080031092279,69234.25248000058,66.60538116591928
1781535286,20,GET,/api/load/cpu [GET],4.700000,0.000000,12,14,16,19,32,57,94,94,94,94,94,147,17,16,3304.467521877508,1.4693439989059698,69234.25248000058,39.795918367346935
1781535286,20,GET,/api/load/memory [GET],3.800000,0.000000,7,7,8,10,11,17,52,52,52,52,52,141,13,8,2300.172378822568,1.2431080031092279,69132.04498399864,47.205673758865245
1781535286,20,GET,/api/products [GET],4.900000,0.000000,3,3,3,3,26,56,67,67,67,67,67,171,20,4,1005.5918741170218,1.4494429997284897,68711.58643300078,105.96491228070175
1781535286,20,,Aggregated,13.400000,0.000000,7,11,12,12,26,52,65,67,94,94,94,459,50,12,2139.5146875903843,1.2431080031092279,69234.25248000058,66.72331154684096
1781535287,20,GET,/api/load/cpu [GET],4.600000,0.000000,12,14,16,16,28,32,57,57,57,57,57,149,17,16,3260.2558854093327,1.4693439989059698,69234.25248000058,39.86577181208054
1781535287,20,GET,/api/load/memory [GET],3.700000,0.000000,6,7,8,9,11,17,52,52,52,52,52,145,13,8,2236.8896482688488,1.2431080031092279,69132.04498399864,47.33793103448276
1781535287,20,GET,/api/products [GET],5.200000,0.000000,3,3,3,3,4,38,67,67,67,67,67,176,20,4,977.0947018125753,1.4494429997284897,68711.58643300078,106.36363636363636
1781535287,20,,Aggregated,13.500000,0.000000,7,11,12,12,17,32,56,57,67,67,67,470,50,12,2089.565517965929,1.2431080031092279,69234.25248000058,67.07234042553192
1781535288,20,GET,/api/load/cpu [GET],4.500000,0.000000,12,12,14,15,19,33,57,57,57,57,57,152,17,15,3196.1308948025858,1.4693439989059698,69234.25248000058,39.9671052631579
1781535288,20,GET,/api/load/memory [GET],4.000000,0.000000,6,8,8,10,12,31,52,52,52,52,52,151,13,8,2148.426964854197,1.2431080031092279,69132.04498399864,47.52317880794702
1781535288,20,GET,/api/products [GET],4.700000,0.000000,3,3,3,4,23,29,67,67,67,67,67,185,20,4,930.0008936649475,1.4494429997284897,68711.58643300078,107.02702702702703
1781535288,20,,Aggregated,13.200000,0.000000,6,11,11,12,17,29,56,57,67,67,67,488,50,12,2012.8576496536714,1.2431080031092279,69234.25248000058,67.72745901639344
1781535289,20,GET,/api/load/cpu [GET],4.500000,0.000000,12,13,14,16,19,33,57,57,57,57,57,152,17,15,3196.1308948025858,1.4693439989059698,69234.25248000058,39.9671052631579
1781535289,20,GET,/api/load/memory [GET],4.000000,0.000000,6,7,8,9,11,31,52,52,52,52,52,153,13,8,2120.413838176367,1.2431080031092279,69132.04498399864,47.58169934640523
1781535289,20,GET,/api/products [GET],4.700000,0.000000,3,3,3,3,10,29,56,67,67,67,67,193,20,4,891.559445362788,1.4494429997284897,68711.58643300078,107.56476683937824
1781535289,20,,Aggregated,13.200000,0.000000,6,10,11,12,17,29,56,57,67,67,67,498,50,12,1972.5023819397486,1.2431080031092279,69234.25248000058,68.50401606425703
1781535290,20,GET,/api/load/cpu [GET],4.200000,0.000000,12,13,15,16,57,61,67,67,67,67,67,158,17,15,3076.1656138164194,1.4693439989059698,69234.25248000058,40.15822784810127
1781535290,20,GET,/api/load/memory [GET],3.900000,0.000000,6,8,9,10,31,52,140,140,140,140,140,159,13,8,2041.7378247798276,1.2431080031092279,69132.04498399864,47.74842767295598
1781535290,20,GET,/api/products [GET],4.900000,0.000000,3,3,3,4,29,56,79,79,79,79,79,196,20,4,878.5155724388422,1.4494429997284897,68711.58643300078,107.75510204081633
1781535290,20,,Aggregated,13.000000,0.000000,7,11,12,13,31,57,67,79,140,140,140,513,50,12,1915.905523042884,1.2431080031092279,69234.25248000058,68.33723196881091
1781535291,20,GET,/api/load/cpu [GET],3.900000,0.000000,11,12,14,15,33,61,67,67,67,67,67,159,17,15,3056.8881417987,1.4693439989059698,69234.25248000058,40.18867924528302
1781535291,20,GET,/api/load/memory [GET],3.800000,0.000000,6,8,9,10,31,52,140,140,140,140,140,163,13,8,1991.8052709876672,1.2431080031092279,69132.04498399864,47.852760736196316
1781535291,20,GET,/api/products [GET],5.600000,0.000000,3,3,3,3,29,56,79,79,79,79,79,200,20,4,861.0003757000595,1.4494429997284897,68711.58643300078,108.0
1781535291,20,,Aggregated,13.300000,0.000000,6,10,11,12,31,60,67,79,140,140,140,522,50,12,1882.9684844003727,1.2431080031092279,69234.25248000058,68.5632183908046
1781535292,20,GET,/api/load/cpu [GET],4.000000,0.000000,12,13,16,16,33,61,67,67,67,67,67,163,17,15,2982.32871258278,1.4693439989059698,69234.25248000058,40.306748466257666
1781535292,20,GET,/api/load/memory [GET],3.900000,0.000000,6,7,8,10,24,43,140,140,140,140,140,171,13,8,1899.0387700291565,1.2431080031092279,69132.04498399864,48.046783625730995
1781535292,20,GET,/api/products [GET],5.500000,0.000000,3,3,3,4,36,56,79,79,79,79,79,203,20,4,848.5670055173067,1.4494429997284897,68711.58643300078,108.17733990147784
1781535292,20,,Aggregated,13.400000,0.000000,6,10,11,12,31,56,67,79,140,140,140,537,50,12,1830.7529086517538,1.2431080031092279,69234.25248000058,68.42830540037244
1781535293,20,GET,/api/load/cpu [GET],3.800000,0.000000,11,12,16,16,33,61,67,67,67,67,67,165,17,15,2946.316323509074,1.4693439989059698,69234.25248000058,40.36363636363637
1781535293,20,GET,/api/load/memory [GET],4.000000,0.000000,6,7,8,9,24,43,140,140,140,140,140,175,13,8,1855.7780187484914,1.2431080031092279,69132.04498399864,48.137142857142855
1781535293,20,GET,/api/products [GET],5.100000,0.000000,3,3,3,3,29,55,79,79,79,79,79,207,20,4,832.2103832512903,1.4494429997284897,68711.58643300078,108.40579710144928
1781535293,20,,Aggregated,12.900000,0.000000,6,10,11,12,31,60,67,79,140,140,140,547,50,11,1797.3873784149905,1.2431080031092279,69234.25248000058,68.59963436928702
1781535294,20,GET,/api/load/cpu [GET],3.400000,0.000000,11,12,13,16,33,61,67,67,67,67,67,170,17,15,2859.9883949352434,1.4693439989059698,69234.25248000058,40.5
1781535294,20,GET,/api/load/memory [GET],4.200000,0.000000,6,7,8,9,24,43,140,140,140,140,140,179,13,7,1814.4293433965506,1.2431080031092279,69132.04498399864,48.22346368715084
1781535294,20,GET,/api/products [GET],5.200000,0.000000,3,3,3,3,29,55,79,79,79,79,79,212,20,4,812.6462488255884,1.4494429997284897,68711.58643300078,108.67924528301887
1781535294,20,,Aggregated,12.800000,0.000000,6,10,11,12,29,55,67,79,140,140,140,561,50,11,1752.6949810302997,1.2431080031092279,69234.25248000058,68.72905525846703
1781535295,20,GET,/api/load/cpu [GET],3.300000,0.000000,11,12,13,16,60,61,67,67,67,67,67,172,17,14,2826.8603904243732,1.4693439989059698,69234.25248000058,40.55232558139535
1781535295,20,GET,/api/load/memory [GET],4.500000,0.000000,6,7,7,8,11,31,140,140,140,140,140,181,13,7,1794.4413840385657,1.2431080031092279,69132.04498399864,48.26519337016575
1781535295,20,GET,/api/products [GET],5.100000,0.000000,3,3,3,3,29,43,79,79,79,79,79,217,20,4,794.1644224332869,1.4494429997284897,68711.58643300078,108.94009216589862
1781535295,20,,Aggregated,12.900000,0.000000,6,10,11,11,27,55,67,79,140,140,140,570,50,11,1725.1711532140266,1.2431080031092279,69234.25248000058,69.03684210526316
1781535296,20,GET,/api/load/cpu [GET],3.400000,0.000000,11,12,13,15,60,61,67,67,67,67,67,177,17,14,2747.3424971750705,1.4693439989059698,69234.25248000058,40.67796610169491
1781535296,20,GET,/api/load/memory [GET],4.600000,0.000000,6,7,7,8,11,31,140,140,140,140,140,185,13,7,1755.7703897999033,1.2431080031092279,69132.04498399864,48.34594594594594
1781535296,20,GET,/api/products [GET],4.500000,0.000000,3,3,3,3,29,43,79,79,79,79,79,221,20,4,779.8418026652629,1.4494429997284897,68711.58643300078,109.14027149321267
1781535296,20,,Aggregated,12.500000,0.000000,6,10,11,11,27,55,67,79,140,140,140,583,50,11,1686.864807036007,1.2431080031092279,69234.25248000058,69.06346483704974
1781535297,20,GET,/api/load/cpu [GET],3.300000,0.000000,11,12,13,15,60,61,67,67,67,67,67,179,17,14,2716.781771603281,1.4693439989059698,69234.25248000058,40.726256983240226
1781535297,20,GET,/api/load/memory [GET],4.500000,0.000000,6,7,7,8,11,31,140,140,140,140,140,193,13,7,1683.2579720051215,1.2431080031092279,69132.04498399864,48.49740932642487
1781535297,20,GET,/api/products [GET],4.700000,0.000000,3,3,3,3,29,43,79,79,79,79,79,223,20,4,772.8647137489781,1.4494429997284897,68711.58643300078,109.23766816143498
1781535297,20,,Aggregated,12.500000,0.000000,6,10,11,11,27,55,67,79,140,140,140,595,50,11,1652.9774065210036,1.2431080031092279,69234.25248000058,68.92436974789916
1781535298,20,GET,/api/load/cpu [GET],2.800000,0.000000,12,12,15,19,60,67,75,75,75,75,75,184,17,14,2643.6564526575453,1.4693439989059698,69234.25248000058,40.84239130434783
1781535298,20,GET,/api/load/memory [GET],4.400000,0.000000,6,7,7,10,14,24,140,140,140,140,140,197,13,7,1649.3143442435974,1.2431080031092279,69132.04498399864,48.568527918781726
1781535298,20,GET,/api/products [GET],5.200000,0.000000,2,3,3,3,36,55,79,79,79,79,79,228,20,3,755.9665090877962,1.4494429997284897,68711.58643300078,109.47368421052632
1781535298,20,,Aggregated,12.400000,0.000000,7,11,11,12,24,60,75,79,140,140,140,609,50,11,1615.2841989770013,1.2431080031092279,69234.25248000058,69.03612479474549
1781535299,20,GET,/api/load/cpu [GET],3.100000,0.000000,12,12,13,15,27,60,75,75,75,75,75,187,17,14,2601.4409142191994,1.4693439989059698,69234.25248000058,40.90909090909091
1781535299,20,GET,/api/load/memory [GET],4.600000,0.000000,6,7,7,8,11,14,24,24,24,24,24,198,13,7,1641.0116245403487,1.2431080031092279,69132.04498399864,48.58585858585859
1781535299,20,GET,/api/products [GET],4.900000,0.000000,2,3,3,3,3,43,55,55,55,55,55,234,20,3,736.6428202265555,1.4494429997284897,68711.58643300078,109.74358974358974
1781535299,20,,Aggregated,12.600000,0.000000,6,10,11,11,14,24,55,60,75,75,75,619,50,11,1589.2797617948181,1.2431080031092279,69234.25248000058,69.38610662358643
1781535300,20,GET,/api/load/cpu [GET],3.100000,0.000000,12,13,15,24,75,160,190,190,190,190,190,191,17,14,2549.7627178952102,1.4693439989059698,69234.25248000058,40.99476439790576
1781535300,20,GET,/api/load/memory [GET],4.500000,0.000000,7,7,11,16,52,76,110,110,110,110,110,205,13,7,1587.1807457706693,1.2431080031092279,69132.04498399864,48.702439024390245
1781535300,20,GET,/api/products [GET],4.800000,0.000000,2,3,3,3,41,55,61,61,61,61,61,236,20,3,730.8355182543029,1.4494429997284897,68711.58643300078,109.83050847457628
1781535300,20,,Aggregated,12.400000,0.000000,7,11,12,14,52,76,120,160,190,190,190,632,50,11,1558.3131555521948,1.2431080031092279,69234.25248000058,69.1993670886076
1781535301,20,GET,/api/load/cpu [GET],3.300000,0.000000,12,13,15,24,75,160,190,190,190,190,190,195,17,14,2497.947258594838,1.4693439989059698,69234.25248000058,41.07692307692308
1781535301,20,GET,/api/load/memory [GET],4.600000,0.000000,7,8,14,16,71,88,110,110,110,110,110,207,13,7,1571.943772652123,1.2431080031092279,69132.04498399864,48.734299516908216
1781535301,20,GET,/api/products [GET],3.900000,0.000000,2,3,3,3,4,43,61,61,61,61,61,242,20,3,712.7850385248256,1.4494429997284897,68711.58643300078,110.08264462809917
1781535301,20,,Aggregated,11.800000,0.000000,6,11,12,14,49,76,120,160,190,190,190,644,50,11,1529.4814529316614,1.2431080031092279,69234.25248000058,69.46894409937889
1781535302,20,GET,/api/load/cpu [GET],3.300000,0.000000,12,13,15,24,75,160,190,190,190,190,190,199,17,14,2447.963866879371,1.4693439989059698,69234.25248000058,41.15577889447236
1781535302,20,GET,/api/load/memory [GET],4.600000,0.000000,6,8,14,16,71,88,110,110,110,110,110,209,13,7,1556.9531227224288,1.2431080031092279,69132.04498399864,48.76555023923445
1781535302,20,GET,/api/products [GET],3.900000,0.000000,2,3,3,3,4,41,61,61,61,61,61,246,20,3,701.2260449959492,1.4494429997284897,68711.58643300078,110.2439024390244
1781535302,20,,Aggregated,11.800000,0.000000,7,11,12,14,52,76,120,160,190,190,190,654,50,11,1506.1920783287237,1.2431080031092279,69234.25248000058,69.57492354740062
1781535303,20,GET,/api/load/cpu [GET],3.500000,0.000000,11,12,15,19,75,160,190,190,190,190,190,204,17,13,2388.2310329166417,1.4693439989059698,69234.25248000058,41.25
1781535303,20,GET,/api/load/memory [GET],4.400000,0.000000,6,11,16,40,76,91,110,110,110,110,110,212,13,7,1535.3963370707104,1.2431080031092279,69132.04498399864,48.81132075471698
1781535303,20,GET,/api/products [GET],4.000000,0.000000,2,3,3,3,4,41,61,61,61,61,61,255,20,3,676.5857544941194,1.4494429997284897,68711.58643300078,110.58823529411765
1781535303,20,,Aggregated,11.900000,0.000000,6,11,12,14,52,88,120,160,190,190,190,671,50,11,1468.3048011475194,1.2431080031092279,69234.25248000058,69.98956780923994
1781535304,20,GET,/api/load/cpu [GET],3.700000,0.000000,11,13,15,24,75,160,190,190,190,190,190,205,17,13,2376.6307423316825,1.4693439989059698,69234.25248000058,41.26829268292683
1781535304,20,GET,/api/load/memory [GET],4.200000,0.000000,7,11,16,40,76,91,110,110,110,110,110,213,13,7,1528.2282184741402,1.2431080031092279,69132.04498399864,48.82629107981221
1781535304,20,GET,/api/products [GET],4.400000,0.000000,2,3,3,3,4,41,61,61,61,61,61,261,20,3,661.0805015938714,1.4494429997284897,68711.58643300078,110.80459770114942
1781535304,20,,Aggregated,12.300000,0.000000,6,11,12,14,52,88,120,160,190,190,190,679,50,11,1451.0514339160334,1.2431080031092279,69234.25248000058,70.36818851251842
1781535305,20,GET,/api/load/cpu [GET],3.700000,0.000000,11,12,14,19,75,160,190,190,190,190,190,209,17,13,2331.3495167847013,1.4693439989059698,69234.25248000058,41.33971291866029
1781535305,20,GET,/api/load/memory [GET],3.700000,0.000000,7,14,16,40,76,91,110,110,110,110,110,216,13,7,1507.0947742592077,1.2431080031092279,69132.04498399864,48.870370370370374
1781535305,20,GET,/api/products [GET],4.100000,0.000000,2,2,3,3,4,15,41,61,61,61,61,270,20,3,639.1603063444496,1.4494429997284897,68711.58643300078,111.11111111111111
1781535305,20,,Aggregated,11.500000,0.000000,6,11,11,13,52,88,120,160,190,190,190,695,50,11,1417.7810114546653,1.2431080031092279,69234.25248000058,70.78561151079137
1781535306,20,GET,/api/load/cpu [GET],3.600000,0.000000,11,13,19,24,75,160,190,190,190,190,190,213,17,13,2287.848161286384,1.4693439989059698,69234.25248000058,41.40845070422535
1781535306,20,GET,/api/load/memory [GET],3.400000,0.000000,10,14,40,52,88,91,110,110,110,110,110,218,13,7,1493.3147934036176,1.2431080031092279,69132.04498399864,48.89908256880734
1781535306,20,GET,/api/products [GET],4.900000,0.000000,2,2,3,3,3,15,41,61,61,61,61,274,20,3,629.8614455291984,1.4494429997284897,68711.58643300078,111.24087591240875
1781535306,20,,Aggregated,11.900000,0.000000,6,11,12,14,52,88,120,160,190,190,190,705,50,11,1397.7820133205507,1.2431080031092279,69234.25248000058,70.86524822695036
1781535307,20,GET,/api/load/cpu [GET],3.700000,0.000000,11,12,19,21,75,160,190,190,190,190,190,217,17,13,2245.8821622166142,1.4693439989059698,69234.25248000058,41.474654377880185
1781535307,20,GET,/api/load/memory [GET],3.500000,0.000000,9,14,16,52,88,91,110,110,110,110,110,223,13,7,1460.0018809730336,1.2431080031092279,69132.04498399864,48.96860986547085
1781535307,20,GET,/api/products [GET],5.200000,0.000000,2,2,3,3,3,15,41,61,61,61,61,280,20,3,616.4107444071435,1.4494429997284897,68711.58643300078,111.42857142857143
1781535307,20,,Aggregated,12.400000,0.000000,6,11,11,14,52,88,120,160,190,190,190,720,50,10,1368.794245961099,1.2431080031092279,69234.25248000058,71.0
1781535308,20,GET,/api/load/cpu [GET],3.800000,0.000000,11,12,13,16,71,160,190,190,190,190,190,222,17,13,2195.5439160540727,1.4693439989059698,69234.25248000058,41.554054054054056
1781535308,20,GET,/api/load/memory [GET],3.200000,0.000000,8,10,40,52,88,91,110,110,110,110,110,225,13,7,1447.0716585377202,1.2431080031092279,69132.04498399864,48.995555555555555
1781535308,20,GET,/api/products [GET],5.300000,0.000000,2,2,3,3,3,15,41,61,61,61,61,283,20,3,609.8932466890348,1.2458290002541617,68711.58643300078,111.51943462897526
1781535308,20,,Aggregated,12.300000,0.000000,6,11,11,12,49,88,120,160,190,190,190,730,50,10,1350.139262120531,1.2431080031092279,69234.25248000058,70.97123287671234
1781535309,20,GET,/api/load/cpu [GET],3.600000,0.000000,11,12,13,16,71,160,190,190,190,190,190,227,17,13,2147.4552615991392,1.4693439989059698,69234.25248000058,41.629955947136565
1781535309,20,GET,/api/load/memory [GET],2.900000,0.000000,6,9,10,14,40,76,91,91,91,91,91,226,13,7,1440.6936621238442,1.2431080031092279,69132.04498399864,49.008849557522126
1781535309,20,GET,/api/products [GET],5.400000,0.000000,2,2,2,3,3,11,15,61,61,61,61,290,20,3,595.2185113896372,1.2458290002541617,68711.58643300078,111.72413793103448
1781535309,20,,Aggregated,11.900000,0.000000,5,11,11,11,16,71,120,160,190,190,190,743,50,10,1326.6251417577223,1.2431080031092279,69234.25248000058,71.2328398384926
1781535310,20,GET,/api/load/cpu [GET],3.900000,0.000000,11,11,12,13,16,24,49,49,49,49,49,231,17,13,2110.466127454558,1.4693439989059698,69234.25248000058,41.688311688311686
1781535310,20,GET,/api/load/memory [GET],3.000000,0.000000,6,6,9,9,10,14,91,91,91,91,91,231,13,7,1409.6410099739637,1.2431080031092279,69132.04498399864,49.073593073593074
1781535310,20,GET,/api/products [GET],5.400000,0.000000,2,2,2,3,3,4,11,15,15,15,15,296,20,3,583.1993878614535,1.2458290002541617,68711.58643300078,111.89189189189189
1781535310,20,,Aggregated,12.300000,0.000000,5,10,11,11,12,14,24,49,91,91,91,758,50,10,1300.490458513164,1.2431080031092279,69234.25248000058,71.35356200527704
1781535311,20,GET,/api/load/cpu [GET],3.900000,0.000000,11,11,12,13,13,16,21,21,21,21,21,233,17,13,2092.461466111599,1.4693439989059698,69234.25248000058,41.716738197424895
1781535311,20,GET,/api/load/memory [GET],2.700000,0.000000,5,6,9,9,11,41,91,91,91,91,91,236,13,7,1380.0646248092582,1.2431080031092279,69132.04498399864,49.13559322033898
1781535311,20,GET,/api/products [GET],5.700000,0.000000,2,2,2,3,3,11,15,46,46,46,46,303,20,3,569.9203119933517,1.2458290002541617,68711.58643300078,112.07920792079207
1781535311,20,,Aggregated,12.300000,0.000000,5,10,11,11,13,15,41,46,91,91,91,772,50,10,1277.10443988727,1.2431080031092279,69234.25248000058,71.60103626943005
1781535312,20,GET,/api/load/cpu [GET],4.300000,0.000000,11,12,13,13,15,21,21,21,21,21,21,237,17,13,2057.3900723122542,1.4693439989059698,69234.25248000058,41.77215189873418
1781535312,20,GET,/api/load/memory [GET],2.500000,0.000000,5,6,9,9,11,28,41,41,41,41,41,239,13,7,1362.9051694559964,1.2431080031092279,69132.04498399864,49.17154811715481
1781535312,20,GET,/api/products [GET],5.900000,0.000000,2,2,2,2,3,3,15,46,46,46,46,310,20,3,557.0995780257597,1.2458290002541617,68711.58643300078,112.25806451612904
1781535312,20,,Aggregated,12.700000,0.000000,5,9,11,11,13,15,28,41,46,46,46,786,50,10,1254.499557030499,1.2431080031092279,69234.25248000058,71.82188295165395
1781535313,20,GET,/api/load/cpu [GET],3.800000,0.000000,11,12,13,13,15,21,21,21,21,21,21,238,17,13,2048.791805126078,1.4693439989059698,69234.25248000058,41.785714285714285
1781535313,20,GET,/api/load/memory [GET],2.900000,0.000000,6,8,9,10,19,41,46,46,46,46,46,243,13,7,1340.7916020904681,1.2431080031092279,69132.04498399864,49.218106995884774
1781535313,20,GET,/api/products [GET],6.200000,0.000000,2,2,2,2,3,3,15,46,46,46,46,313,20,3,551.7791340766454,1.2458290002541617,68711.58643300078,112.33226837060703
1781535313,20,,Aggregated,12.900000,0.000000,5,10,11,11,13,19,41,46,46,46,46,794,50,10,1241.9794431914102,1.2431080031092279,69234.25248000058,71.87027707808564
1781535314,20,GET,/api/load/cpu [GET],3.500000,0.000000,11,13,13,14,21,60,99,99,99,99,99,241,17,13,2023.9915434481597,1.4693439989059698,69234.25248000058,41.82572614107884
1781535314,20,GET,/api/load/memory [GET],2.700000,0.000000,6,8,9,10,19,41,46,46,46,46,46,247,13,7,1319.1930915626913,1.2431080031092279,69132.04498399864,49.26315789473684
1781535314,20,GET,/api/products [GET],5.800000,0.000000,2,2,2,2,3,3,33,46,46,46,46,320,20,3,539.8496567437178,1.2458290002541617,68711.58643300078,112.5
1781535314,20,,Aggregated,12.000000,0.000000,5,10,11,11,15,33,46,60,99,99,99,808,50,10,1220.7605764170548,1.2431080031092279,69234.25248000058,72.08910891089108
1781535315,20,GET,/api/load/cpu [GET],3.700000,0.000000,12,13,14,15,21,60,99,99,99,99,99,243,17,13,2007.475815818953,1.4693439989059698,69234.25248000058,41.851851851851855
1781535315,20,GET,/api/load/memory [GET],2.900000,0.000000,6,7,9,9,19,41,46,46,46,46,46,249,13,7,1308.639943654564,1.2431080031092279,69132.04498399864,49.285140562249
1781535315,20,GET,/api/products [GET],6.400000,0.000000,2,2,2,2,3,4,33,46,46,46,46,330,20,3,523.5589991393433,1.2458290002541617,68711.58643300078,112.72727272727273
1781535315,20,,Aggregated,13.000000,0.000000,5,9,11,11,15,28,46,60,99,99,99,822,50,10,1200.0516288685824,1.2431080031092279,69234.25248000058,72.55717761557177
1781535316,20,GET,/api/load/cpu [GET],3.400000,0.000000,11,13,13,13,21,60,99,99,99,99,99,246,17,13,1983.126556459371,1.4693439989059698,69234.25248000058,41.890243902439025
1781535316,20,GET,/api/load/memory [GET],3.500000,0.000000,6,7,9,10,19,41,46,46,46,46,46,253,13,7,1288.0486549485677,1.2431080031092279,69132.04498399864,49.32806324110672
1781535316,20,GET,/api/products [GET],6.100000,0.000000,2,2,2,2,3,4,33,46,46,46,46,337,20,3,512.7290669910783,1.2458290002541617,68711.58643300078,112.87833827893175
1781535316,20,,Aggregated,13.000000,0.000000,5,9,11,11,13,28,46,60,99,99,99,836,50,10,1180.0420313002223,1.2431080031092279,69234.25248000058,72.75717703349282
1781535317,20,GET,/api/load/cpu [GET],3.300000,0.000000,12,13,13,15,24,60,99,99,99,99,99,249,17,13,1959.4202307430012,1.4693439989059698,69234.25248000058,41.9277108433735
1781535317,20,GET,/api/load/memory [GET],3.300000,0.000000,6,6,9,10,19,41,46,46,46,46,46,256,13,7,1273.045252007763,1.2431080031092279,69132.04498399864,49.359375
1781535317,20,GET,/api/products [GET],5.700000,0.000000,2,2,2,2,3,4,33,46,46,46,46,344,20,3,502.3482085784857,1.2458290002541617,68711.58643300078,113.02325581395348
1781535317,20,,Aggregated,12.300000,0.000000,5,6,11,11,14,28,46,60,99,99,99,849,50,10,1162.0765673969297,1.2431080031092279,69234.25248000058,72.97526501766785
1781535318,20,GET,/api/load/cpu [GET],3.200000,0.000000,11,13,13,15,24,60,99,99,99,99,99,252,17,13,1936.2200670039747,1.4693439989059698,69234.25248000058,41.964285714285715
1781535318,20,GET,/api/load/memory [GET],3.500000,0.000000,6,6,9,9,19,41,46,46,46,46,46,261,13,7,1248.768777896502,1.2431080031092279,69132.04498399864,49.40996168582375
1781535318,20,GET,/api/products [GET],6.200000,0.000000,2,2,2,3,3,8,33,46,46,46,46,347,20,3,498.0394091181481,1.2458290002541617,68711.58643300078,113.0835734870317
1781535318,20,,Aggregated,12.900000,0.000000,5,7,11,11,13,28,46,60,99,99,99,860,50,10,1147.2974219534717,1.2431080031092279,69234.25248000058,72.91976744186047
1781535319,20,GET,/api/load/cpu [GET],3.300000,0.000000,12,13,21,21,33,60,99,99,99,99,99,256,17,13,1906.270937925783,1.4693439989059698,69234.25248000058,42.01171875
1781535319,20,GET,/api/load/memory [GET],3.500000,0.000000,6,7,8,9,13,28,46,46,46,46,46,268,13,7,1216.3089396827856,1.2431080031092279,69132.04498399864,49.47761194029851
1781535319,20,GET,/api/products [GET],6.400000,0.000000,2,2,2,3,3,8,33,46,46,46,46,351,20,3,492.3856953874589,1.2458290002541617,68711.58643300078,113.16239316239316
1781535319,20,,Aggregated,13.200000,0.000000,5,7,11,11,19,33,46,60,99,99,99,875,50,10,1127.7754685999828,1.2431080031092279,69234.25248000058,72.84
1781535320,20,GET,/api/load/cpu [GET],2.900000,0.000000,12,15,21,24,60,80,99,99,99,99,99,260,17,13,1877.3959788192144,1.4693439989059698,69234.25248000058,42.05769230769231
1781535320,20,GET,/api/load/memory [GET],3.700000,0.000000,6,6,8,9,13,28,46,46,46,46,46,273,13,7,1194.1414110548913,1.2431080031092279,69132.04498399864,49.523809523809526
1781535320,20,GET,/api/products [GET],6.400000,0.000000,2,2,2,3,3,8,33,57,57,57,57,355,20,3,487.01471656900713,1.2458290002541617,68711.58643300078,113.2394366197183
1781535320,20,,Aggregated,13.000000,0.000000,5,8,11,11,19,33,60,80,99,99,99,888,50,9,1111.5020091137144,1.2431080031092279,69234.25248000058,72.80968468468468
1781535321,20,GET,/api/load/cpu [GET],2.900000,0.000000,12,16,21,24,60,80,99,99,99,99,99,264,17,13,1849.2068400492058,1.4693439989059698,69234.25248000058,42.10227272727273
1781535321,20,GET,/api/load/memory [GET],3.800000,0.000000,6,6,8,9,13,28,46,46,46,46,46,276,13,7,1181.2191298224107,1.2431080031092279,69132.04498399864,49.55072463768116
1781535321,20,GET,/api/products [GET],6.200000,0.000000,2,2,2,3,4,8,33,57,57,57,57,358,20,3,482.9679502653557,1.2458290002541617,68711.58643300078,113.29608938547486
1781535321,20,,Aggregated,12.900000,0.000000,5,8,11,11,21,33,60,80,99,99,99,898,50,9,1099.2311935400587,1.2431080031092279,69234.25248000058,72.77394209354121
1781535322,20,GET,/api/load/cpu [GET],2.800000,0.000000,12,21,22,24,33,80,99,99,99,99,99,266,17,13,1835.451472921021,1.4693439989059698,69234.25248000058,42.12406015037594
1781535322,20,GET,/api/load/memory [GET],4.100000,0.000000,6,6,8,9,13,15,46,46,46,46,46,281,13,7,1160.3630417223578,1.2431080031092279,69132.04498399864,49.594306049822066
1781535322,20,GET,/api/products [GET],5.800000,0.000000,2,2,2,3,6,8,33,57,57,57,57,367,20,3,471.1998372016409,1.2458290002541617,68711.58643300078,113.46049046321527
1781535322,20,,Aggregated,12.700000,0.000000,5,8,11,11,21,33,60,80,99,99,99,914,50,9,1080.1120861859695,1.2431080031092279,69234.25248000058,73.06455142231947
1781535323,20,GET,/api/load/cpu [GET],3.000000,0.000000,12,17,22,24,60,80,99,99,99,99,99,268,17,13,1821.8333585148946,1.4693439989059698,69234.25248000058,42.1455223880597
1781535323,20,GET,/api/load/memory [GET],4.100000,0.000000,5,6,7,8,10,14,15,15,15,15,15,285,13,7,1144.1631731402854,1.2431080031092279,69132.04498399864,49.628070175438594
1781535323,20,GET,/api/products [GET],5.700000,0.000000,2,2,2,3,6,8,33,57,57,57,57,375,20,3,461.20011932532844,1.2458290002541617,68711.58643300078,113.6
1781535323,20,,Aggregated,12.800000,0.000000,5,7,11,11,17,25,60,80,99,99,99,928,50,8,1063.8878116098826,1.2431080031092279,69234.25248000058,73.31788793103448
1781535324,20,GET,/api/load/cpu [GET],3.000000,0.000000,11,16,21,22,25,33,80,80,80,80,80,271,17,13,1801.7934934944296,1.4693439989059698,69234.25248000058,42.17712177121771
1781535324,20,GET,/api/load/memory [GET],4.400000,0.000000,5,6,7,8,10,14,15,15,15,15,15,288,13,7,1132.299503524236,1.2431080031092279,69132.04498399864,49.65277777777778
1781535324,20,GET,/api/products [GET],5.800000,0.000000,2,2,2,3,6,8,8,57,57,57,57,383,20,3,451.615122952997,1.1819569990620948,68711.58643300078,113.73368146214099
1781535324,20,,Aggregated,13.200000,0.000000,5,6,10,11,14,22,33,57,80,80,80,942,50,8,1048.1495603428532,1.1819569990620948,69234.25248000058,73.55626326963906
1781535325,20,GET,/api/load/cpu [GET],2.800000,0.000000,11,13,17,22,25,33,80,80,80,80,80,272,17,13,1795.205015698484,1.4693439989059698,69234.25248000058,42.1875
1781535325,20,GET,/api/load/memory [GET],4.300000,0.000000,5,6,7,7,9,13,15,15,15,15,15,292,13,7,1116.8818466711648,1.2431080031092279,69132.04498399864,49.68493150684932
1781535325,20,GET,/api/products [GET],5.900000,0.000000,2,2,2,3,6,8,8,57,57,57,57,390,20,3,443.54210973332766,1.1819569990620948,68711.58643300078,113.84615384615384
1781535325,20,,Aggregated,13.000000,0.000000,5,7,10,11,13,22,33,57,80,80,80,954,50,8,1035.0174908741772,1.1819569990620948,69234.25248000058,73.77672955974843
1781535326,20,GET,/api/load/cpu [GET],3.200000,0.000000,11,12,17,21,25,33,80,80,80,80,80,275,17,12,1775.7353708362978,1.4693439989059698,69234.25248000058,42.21818181818182
1781535326,20,GET,/api/load/memory [GET],4.000000,0.000000,5,6,7,8,10,14,19,19,19,19,19,299,13,7,1090.9239003945752,1.2431080031092279,69132.04498399864,49.73913043478261
1781535326,20,GET,/api/products [GET],6.000000,0.000000,2,2,3,3,7,9,11,57,57,57,57,393,20,3,440.21194179643595,1.1819569990620948,68711.58643300078,113.89312977099236
1781535326,20,,Aggregated,13.200000,0.000000,5,7,10,11,13,21,33,57,80,80,80,967,50,8,1021.216924843804,1.1819569990620948,69234.25248000058,73.67321613236815
1781535327,20,GET,/api/load/cpu [GET],2.900000,0.000000,11,12,16,17,24,33,80,80,80,80,80,280,17,12,1744.2122242713729,1.4693439989059698,69234.25248000058,42.267857142857146
1781535327,20,GET,/api/load/memory [GET],4.300000,0.000000,5,6,7,7,10,14,19,19,19,19,19,303,13,7,1076.5939648052204,1.2431080031092279,69132.04498399864,49.76897689768977
1781535327,20,GET,/api/products [GET],6.100000,0.000000,2,2,3,3,7,9,57,57,57,57,57,395,20,3,438.00562952404374,1.1819569990620948,68711.58643300078,113.92405063291139
1781535327,20,,Aggregated,13.300000,0.000000,5,8,10,11,13,21,33,57,80,80,80,978,50,8,1009.8155601165262,1.1819569990620948,69234.25248000058,73.53271983640082
1781535328,20,GET,/api/load/cpu [GET],3.100000,0.000000,11,13,17,21,24,33,80,80,80,80,80,285,17,12,1713.863756133281,1.4693439989059698,69234.25248000058,42.31578947368421
1781535328,20,GET,/api/load/memory [GET],4.400000,0.000000,5,6,7,7,10,14,19,19,19,19,19,305,13,7,1069.5778688523953,1.2431080031092279,69132.04498399864,49.78360655737705
1781535328,20,GET,/api/products [GET],5.700000,0.000000,2,2,2,3,7,9,11,57,57,57,57,401,20,3,431.48170764088763,1.1819569990620948,68711.58643300078,114.01496259351622
1781535328,20,,Aggregated,13.200000,0.000000,5,8,10,11,14,22,33,57,80,80,80,991,50,8,996.6665845226646,1.1819569990620948,69234.25248000058,73.62663975782039
1781535329,20,GET,/api/load/cpu [GET],3.000000,0.000000,11,12,14,16,22,25,80,80,80,80,80,290,17,12,1684.5002764172089,1.4693439989059698,69234.25248000058,42.36206896551724
1781535329,20,GET,/api/load/memory [GET],4.600000,0.000000,5,6,7,9,10,14,19,19,19,19,19,311,13,7,1049.0793799099122,1.2431080031092279,69132.04498399864,49.82636655948553
1781535329,20,GET,/api/products [GET],5.400000,0.000000,2,2,2,3,7,9,57,57,57,57,57,402,20,3,430.4129968830746,1.1819569990620948,68711.58643300078,114.02985074626865
1781535329,20,,Aggregated,13.000000,0.000000,5,9,10,11,13,19,25,57,80,80,80,1003,50,8,984.8402712462296,1.1819569990620948,69234.25248000058,73.40079760717846
1781535330,20,GET,/api/load/cpu [GET],3.200000,0.000000,11,12,13,14,22,25,26,26,26,26,26,293,17,12,1667.4248549726697,1.4693439989059698,69234.25248000058,42.389078498293514
1781535330,20,GET,/api/load/memory [GET],4.500000,0.000000,6,7,9,10,11,14,19,19,19,19,19,316,13,7,1032.6190184081777,1.2431080031092279,69132.04498399864,49.860759493670884
1781535330,20,GET,/api/products [GET],5.200000,0.000000,2,2,2,3,7,9,11,11,11,11,11,407,20,3,425.16758484520506,1.1819569990620948,68711.58643300078,114.1031941031941
1781535330,20,,Aggregated,12.900000,0.000000,6,10,10,11,13,17,24,25,26,26,26,1016,50,8,972.348719838557,1.1819569990620948,69234.25248000058,73.44094488188976
1781535331,20,GET,/api/load/cpu [GET],3.700000,0.000000,11,12,14,17,24,26,89,89,89,89,89,300,17,12,1629.138180426647,1.4693439989059698,69234.25248000058,42.45
1781535331,20,GET,/api/load/memory [GET],4.300000,0.000000,6,7,9,10,12,19,24,24,24,24,24,320,13,7,1019.8384635311984,1.2431080031092279,69132.04498399864,49.8875
1781535331,20,GET,/api/products [GET],5.200000,0.000000,2,2,2,6,9,11,35,35,35,35,35,411,20,3,421.203824311434,1.1819569990620948,68711.58643300078,114.16058394160584
1781535331,20,,Aggregated,13.200000,0.000000,6,10,11,11,14,24,33,35,89,89,89,1031,50,8,958.4913038312086,1.1819569990620948,69234.25248000058,73.34529582929196
1781535332,20,GET,/api/load/cpu [GET],3.400000,0.000000,11,12,13,17,24,26,89,89,89,89,89,303,17,12,1613.1843998415513,1.4693439989059698,69234.25248000058,42.475247524752476
1781535332,20,GET,/api/load/memory [GET],4.500000,0.000000,6,7,8,10,10,12,24,24,24,24,24,327,13,7,998.1399505412162,1.2431080031092279,69132.04498399864,49.932721712538225
1781535332,20,GET,/api/products [GET],5.000000,0.000000,2,2,2,3,9,11,35,35,35,35,35,413,20,3,419.1827522251799,1.1819569990620948,68711.58643300078,114.18886198547216
1781535332,20,,Aggregated,12.900000,0.000000,6,10,11,11,14,24,33,35,89,89,89,1043,50,8,947.5638673518372,1.1819569990620948,69234.25248000058,73.20997123681687
1781535333,20,GET,/api/load/cpu [GET],3.500000,0.000000,11,13,14,20,25,26,89,89,89,89,89,308,17,12,1587.226370762957,1.4693439989059698,69234.25248000058,42.51623376623377
1781535333,20,GET,/api/load/memory [GET],4.200000,0.000000,6,7,9,10,10,12,24,24,24,24,24,331,13,7,986.1480895226035,1.2431080031092279,69132.04498399864,49.957703927492446
1781535333,20,GET,/api/products [GET],5.200000,0.000000,2,2,3,6,10,33,35,35,35,35,35,416,20,3,416.192440552882,1.1819569990620948,68711.58643300078,114.23076923076923
1781535333,20,,Aggregated,12.900000,0.000000,7,10,11,11,17,24,33,35,89,89,89,1055,50,8,936.8879574378867,1.1819569990620948,69234.25248000058,73.12890995260663
1781535334,20,GET,/api/load/cpu [GET],3.600000,0.000000,11,13,14,20,25,26,89,89,89,89,89,309,17,12,1582.134875029091,1.4693439989059698,69234.25248000058,42.52427184466019
1781535334,20,GET,/api/load/memory [GET],4.100000,0.000000,6,7,8,10,11,15,24,24,24,24,24,336,13,7,971.5950155564857,1.2431080031092279,69132.04498399864,49.98809523809524
1781535334,20,GET,/api/products [GET],5.000000,0.000000,2,2,4,5,10,33,35,35,35,35,35,420,20,3,412.251238204763,1.1819569990620948,68711.58643300078,114.28571428571429
1781535334,20,,Aggregated,12.700000,0.000000,7,10,11,11,19,25,33,35,89,89,89,1065,50,8,928.151287940815,1.1819569990620948,69234.25248000058,73.1793427230047
1781535335,20,GET,/api/load/cpu [GET],3.900000,0.000000,11,14,17,20,25,26,89,89,89,89,89,312,17,12,1567.0689516505963,1.4693439989059698,69234.25248000058,42.54807692307692
1781535335,20,GET,/api/load/memory [GET],4.600000,0.000000,6,8,9,10,10,12,24,24,24,24,24,339,13,7,963.0602413834176,1.2431080031092279,69132.04498399864,50.00589970501475
1781535335,20,GET,/api/products [GET],4.300000,0.000000,2,2,5,7,10,33,35,35,35,35,35,425,20,3,407.4346787505869,1.1819569990620948,68711.58643300078,114.3529411764706
1781535335,20,,Aggregated,12.800000,0.000000,8,10,11,11,20,25,33,35,89,89,89,1076,50,8,918.7385438782186,1.1819569990620948,69234.25248000058,73.2592936802974
1781535336,20,GET,/api/load/cpu [GET],3.800000,0.000000,11,14,17,20,25,26,89,89,89,89,89,315,17,12,1552.2486302761538,1.4693439989059698,69234.25248000058,42.57142857142857
1781535336,20,GET,/api/load/memory [GET],4.400000,0.000000,6,8,9,10,10,12,24,24,24,24,24,345,13,7,946.4346131361643,1.2431080031092279,69132.04498399864,50.040579710144925
1781535336,20,GET,/api/products [GET],4.000000,0.000000,2,2,2,5,10,33,35,35,35,35,35,429,20,3,403.6724707948791,1.1819569990620948,68711.58643300078,114.4055944055944
1781535336,20,,Aggregated,12.200000,0.000000,8,10,11,11,20,25,33,35,89,89,89,1089,50,8,907.8546832322932,1.1819569990620948,69234.25248000058,73.23599632690542
1781535337,20,GET,/api/load/cpu [GET],3.900000,0.000000,11,14,20,22,25,26,89,89,89,89,89,316,17,12,1547.3719422911065,1.4693439989059698,69234.25248000058,42.57911392405063
1781535337,20,GET,/api/load/memory [GET],4.600000,0.000000,6,8,10,10,12,21,43,43,43,43,43,351,13,7,930.5042683645971,1.2431080031092279,69132.04498399864,50.074074074074076
1781535337,20,GET,/api/products [GET],3.700000,0.000000,2,2,3,5,10,33,35,35,35,35,35,435,20,3,398.1431093908015,1.1819569990620948,68711.58643300078,114.48275862068965
1781535337,20,,Aggregated,12.200000,0.000000,7,10,11,12,21,25,35,43,89,89,89,1102,50,8,897.2493507667521,1.1819569990620948,69234.25248000058,73.34936479128856
1781535338,20,GET,/api/load/cpu [GET],3.800000,0.000000,13,17,22,24,26,62,89,89,89,89,89,321,17,12,1523.6842180809426,1.4693439989059698,69234.25248000058,42.61682242990654
1781535338,20,GET,/api/load/memory [GET],4.400000,0.000000,6,8,10,10,12,21,43,43,43,43,43,354,13,7,922.6729112880572,1.2431080031092279,69132.04498399864,50.090395480225986
1781535338,20,GET,/api/products [GET],3.500000,0.000000,2,2,2,4,10,10,35,35,35,35,35,442,20,3,391.86487400677,1.1819569990620948,68711.58643300078,114.57013574660634
1781535338,20,,Aggregated,11.700000,0.000000,6,10,11,13,22,33,43,62,89,89,89,1117,50,8,885.3474654529512,1.1819569990620948,69234.25248000058,73.45747538048344
1781535339,20,GET,/api/load/cpu [GET],3.900000,0.000000,13,17,20,22,26,62,89,89,89,89,89,330,17,12,1482.4860455575122,1.4693439989059698,69234.25248000058,42.68181818181818
1781535339,20,GET,/api/load/memory [GET],4.600000,0.000000,6,8,9,9,10,21,43,43,43,43,43,354,13,7,922.6729112880572,1.2431080031092279,69132.04498399864,50.090395480225986
1781535339,20,GET,/api/products [GET],3.400000,0.000000,2,2,2,4,10,33,42,42,42,42,42,448,20,3,386.7302730959555,1.1819569990620948,68711.58643300078,114.64285714285714
1781535339,20,,Aggregated,11.900000,0.000000,6,10,11,13,22,33,43,62,89,89,89,1132,50,8,873.7648127004759,1.1819569990620948,69234.25248000058,73.4779151943463
1781535340,20,GET,/api/load/cpu [GET],3.500000,0.000000,12,14,18,20,25,34,62,62,62,62,62,334,17,12,1464.8890888592164,1.4693439989059698,69234.25248000058,42.709580838323355
1781535340,20,GET,/api/load/memory [GET],4.800000,0.000000,6,8,8,9,10,15,43,43,43,43,43,361,13,7,904.9119936342655,1.2431080031092279,69132.04498399864,50.12742382271468
1781535340,20,GET,/api/products [GET],4.100000,0.000000,2,2,2,2,6,10,42,42,42,42,42,452,20,3,383.3234498583766,1.1819569990620948,68711.58643300078,114.69026548672566
1781535340,20,,Aggregated,12.400000,0.000000,6,10,11,12,18,24,42,43,62,62,62,1147,50,8,862.4310241647198,1.1819569990620948,69234.25248000058,73.409764603313
1781535341,20,GET,/api/load/cpu [GET],3.200000,0.000000,11,13,14,17,20,25,62,62,62,62,62,343,17,12,1426.7375621777599,1.4693439989059698,69234.25248000058,42.76967930029154
1781535341,20,GET,/api/load/memory [GET],4.800000,0.000000,6,8,8,9,11,21,137000,137000,137000,137000,137000,364,14,7,1273.7428927774008,1.2431080031092279,136956.09367900033,50.0
1781535341,20,GET,/api/products [GET],4.400000,0.000000,2,2,2,4,10,42,137000,137000,137000,137000,137000,455,22,3,982.0136706197507,1.1819569990620948,136776.4473399984,114.1978021978022
1781535341,20,,Aggregated,12.400000,0.000000,7,10,11,12,20,34,137000,137000,137000,137000,137000,1162,53,8,1204.6726479603537,1.1819569990620948,136956.09367900033,73.00344234079174
1781535342,20,GET,/api/load/cpu [GET],3.900000,0.000000,11,12,14,15,20,34,62,62,62,62,62,345,17,12,1418.5255191941196,1.4693439989059698,69234.25248000058,42.78260869565217
1781535342,20,GET,/api/load/memory [GET],4.300000,0.000000,6,8,9,10,15,43,137000,137000,137000,137000,137000,367,14,7,1263.3706302042856,1.2431080031092279,136956.09367900033,50.01634877384196
1781535342,20,GET,/api/products [GET],4.700000,0.000000,2,2,2,3,10,42,137000,137000,137000,137000,137000,460,22,3,971.365470356495,1.1819569990620948,136776.4473399984,114.26086956521739
1781535342,20,,Aggregated,12.900000,0.000000,6,10,11,11,18,34,137000,137000,137000,137000,137000,1172,53,8,1194.4338240366308,1.1819569990620948,136956.09367900033,73.10238907849829
1781535343,20,GET,/api/load/cpu [GET],3.800000,0.000000,11,12,13,14,20,20,62,62,62,62,62,349,17,12,1402.3898825815713,1.4693439989059698,69234.25248000058,42.808022922636106
1781535343,20,GET,/api/load/memory [GET],4.400000,0.000000,5,8,9,9,11,21,137000,137000,137000,137000,137000,374,14,7,1239.838030390308,1.2431080031092279,136956.09367900033,50.05347593582888
1781535343,20,GET,/api/products [GET],4.300000,0.000000,2,2,2,2,7,42,137000,137000,137000,137000,137000,463,22,3,965.0834183606686,1.1819569990620948,136776.4473399984,114.29805615550755
1781535343,20,,Aggregated,12.500000,0.000000,6,10,11,11,15,34,137000,137000,137000,137000,137000,1186,53,8,1180.410720984766,1.1819569990620948,136956.09367900033,73.00168634064082
1781535344,20,GET,/api/load/cpu [GET],4.400000,0.000000,11,13,13,15,26,36,62,62,62,62,62,357,17,12,1371.4687138654533,1.4693439989059698,69234.25248000058,42.857142857142854
1781535344,20,GET,/api/load/memory [GET],4.500000,0.100000,5,8,9,9,11,21,137000,137000,137000,137000,137000,378,14,7,1226.7981636507302,1.2431080031092279,136956.09367900033,50.074074074074076
1781535344,20,GET,/api/products [GET],4.300000,0.200000,2,2,2,3,10,42,137000,137000,137000,137000,137000,470,22,3,950.7924193425345,1.1819569990620948,136776.4473399984,114.38297872340425
1781535344,20,,Aggregated,13.200000,0.300000,6,10,11,12,20,42,137000,137000,137000,137000,137000,1205,53,8,1162.0053724489078,1.1819569990620948,136956.09367900033,73.01908713692946
1781535345,20,GET,/api/load/cpu [GET],4.100000,0.000000,11,12,13,14,25,36,60,62,62,62,62,364,17,12,1345.389896964202,1.4693439989059698,69234.25248000058,42.89835164835165
1781535345,20,GET,/api/load/memory [GET],4.100000,0.100000,5,8,9,9,15,43,137000,137000,137000,137000,137000,379,14,7,1223.5820872321185,1.2431080031092279,136956.09367900033,50.07915567282322
1781535345,20,GET,/api/products [GET],4.700000,0.200000,2,2,2,3,10,42,137000,137000,137000,137000,137000,473,22,3,944.7845251691048,1.1819569990620948,136776.4473399984,114.4186046511628
1781535345,20,,Aggregated,12.900000,0.300000,8,11,11,12,21,42,137000,137000,137000,137000,137000,1216,53,8,1151.597544375764,1.1819569990620948,136956.09367900033,72.9564144736842
1781535346,20,GET,/api/load/cpu [GET],4.600000,0.000000,11,12,13,18,34,60,62,100,100,100,100,370,17,12,1324.066886221536,1.4693439989059698,69234.25248000058,42.932432432432435
1781535346,20,GET,/api/load/memory [GET],4.300000,0.100000,5,8,9,9,21,82,137000,137000,137000,137000,137000,385,14,7,1204.7995660155057,1.2431080031092279,136956.09367900033,50.10909090909091
1781535346,20,GET,/api/products [GET],4.800000,0.200000,2,2,2,3,6,42,137000,137000,137000,137000,137000,477,22,3,936.8881039244908,0.9898819989757612,136776.4473399984,114.46540880503144
1781535346,20,,Aggregated,13.700000,0.300000,8,11,11,12,25,43,137000,137000,137000,137000,137000,1232,53,8,1136.8897779138963,0.9898819989757612,136956.09367900033,72.87094155844156
1781535347,20,GET,/api/load/cpu [GET],5.000000,0.000000,11,12,13,18,34,60,62,100,100,100,100,374,17,12,1310.0147359197088,1.4693439989059698,69234.25248000058,42.95454545454545
1781535347,20,GET,/api/load/memory [GET],4.100000,0.100000,5,8,9,9,11,82,137000,137000,137000,137000,137000,390,14,7,1189.443155097363,1.2431080031092279,136956.09367900033,50.13333333333333
1781535347,20,GET,/api/products [GET],4.900000,0.200000,2,2,2,3,6,42,137000,137000,137000,137000,137000,482,22,3,927.1919792364724,0.9898819989757612,136776.4473399984,114.52282157676349
1781535347,20,,Aggregated,14.000000,0.300000,9,11,11,12,25,60,137000,137000,137000,137000,137000,1246,53,8,1124.1852935103711,0.9898819989757612,136956.09367900033,72.8868378812199
1781535348,20,GET,/api/load/cpu [GET],5.500000,0.000000,11,12,12,13,25,37,60,100,100,100,100,379,17,12,1292.8721868046857,1.4693439989059698,69234.25248000058,42.98153034300792
1781535348,20,GET,/api/load/memory [GET],4.000000,0.100000,5,7,8,9,11,82,137000,137000,137000,137000,137000,392,14,7,1183.3995844948151,1.2431080031092279,136956.09367900033,50.142857142857146
1781535348,20,GET,/api/products [GET],4.800000,0.200000,2,2,2,3,6,42,137000,137000,137000,137000,137000,487,22,3,917.6930589527217,0.9898819989757612,136776.4473399984,114.57905544147845
1781535348,20,,Aggregated,14.300000,0.300000,9,11,11,12,20,42,137000,137000,137000,137000,137000,1258,53,8,1113.5196467654366,0.9898819989757612,136956.09367900033,72.93004769475358
1781535349,20,GET,/api/load/cpu [GET],5.500000,0.000000,11,12,12,13,26,37,100,100,100,100,100,381,17,12,1286.1415775537437,1.4693439989059698,69234.25248000058,42.99212598425197
1781535349,20,GET,/api/load/memory [GET],3.900000,0.100000,5,6,8,9,11,82,137000,137000,137000,137000,137000,395,14,7,1174.4497336581517,1.2431080031092279,136956.09367900033,50.15696202531645
1781535349,20,GET,/api/products [GET],5.000000,0.200000,2,2,2,2,5,26,137000,137000,137000,137000,137000,497,22,3,899.2623574767877,0.9898819989757612,136776.4473399984,114.68812877263582
1781535349,20,,Aggregated,14.400000,0.300000,6,10,11,11,15,37,137000,137000,137000,137000,137000,1273,53,8,1100.4406736126552,0.9898819989757612,136956.09367900033,73.20659858601728
1781535350,20,GET,/api/load/cpu [GET],6.000000,0.000000,11,11,12,12,25,37,60,100,100,100,100,386,17,12,1269.6170511243004,1.4693439989059698,69234.25248000058,43.01813471502591
1781535350,20,GET,/api/load/memory [GET],3.800000,0.100000,5,6,8,9,11,82,137000,137000,137000,137000,137000,401,14,7,1156.969046935087,1.2431080031092279,136956.09367900033,50.18453865336658
1781535350,20,GET,/api/products [GET],4.500000,0.200000,2,2,2,3,5,26,137000,137000,137000,137000,137000,499,22,3,895.66755277347,0.9898819989757612,136776.4473399984,114.70941883767534
1781535350,20,,Aggregated,14.300000,0.300000,6,10,11,11,13,37,137000,137000,137000,137000,137000,1286,53,8,1089.3894855279248,0.9898819989757612,136956.09367900033,73.07076205287714
1781535351,20,GET,/api/load/cpu [GET],5.700000,0.000000,11,12,12,13,27,37,100,100,100,100,100,391,17,12,1253.578910102255,1.4693439989059698,69234.25248000058,43.04347826086956
1781535351,20,GET,/api/load/memory [GET],4.000000,0.100000,5,6,9,9,11,22,82,82,82,82,82,406,14,7,1142.8342275023901,1.2431080031092279,136956.09367900033,50.206896551724135
1781535351,20,GET,/api/products [GET],4.300000,0.200000,2,2,2,2,5,7,26,54,54,54,54,506,22,2,883.4130140967682,0.9898819989757612,136776.4473399984,114.78260869565217
1781535351,20,,Aggregated,14.000000,0.300000,5,10,11,11,15,27,60,82,100,100,100,1303,53,8,1075.3238951257997,0.9898819989757612,136956.09367900033,73.13430544896393
1781535352,20,GET,/api/load/cpu [GET],5.200000,0.000000,11,12,12,13,27,37,100,100,100,100,100,396,17,12,1237.884321542879,1.4693439989059698,69234.25248000058,43.06818181818182
1781535352,20,GET,/api/load/memory [GET],4.200000,0.100000,5,5,8,9,11,22,82,82,82,82,82,408,14,7,1137.257008845519,1.2431080031092279,136956.09367900033,50.21568627450981
1781535352,20,GET,/api/products [GET],4.800000,0.200000,2,2,2,2,5,7,26,54,54,54,54,515,22,2,868.0013921533196,0.9898819989757612,136776.4473399984,114.87378640776699
1781535352,20,,Aggregated,14.200000,0.300000,5,10,11,11,13,26,60,82,100,100,100,1319,53,7,1062.3379589832537,0.9898819989757612,136956.09367900033,73.31539044730857
1781535353,20,GET,/api/load/cpu [GET],5.400000,0.000000,11,11,12,12,25,37,100,100,100,100,100,399,17,12,1228.655017553833,1.4693439989059698,69234.25248000058,43.08270676691729
1781535353,20,GET,/api/load/memory [GET],4.100000,0.100000,5,5,8,9,10,15,82,82,82,82,82,415,14,6,1118.1665056288316,1.2431080031092279,136956.09367900033,50.24578313253012
1781535353,20,GET,/api/products [GET],4.700000,0.200000,2,2,2,2,5,7,26,54,54,54,54,519,22,2,861.3244843602326,0.9898819989757612,136776.4473399984,114.91329479768787
1781535353,20,,Aggregated,14.200000,0.300000,5,10,10,11,12,26,60,82,100,100,100,1333,53,7,1051.2377038431398,0.9898819989757612,136956.09367900033,73.27981995498875
1781535354,20,GET,/api/load/cpu [GET],4.900000,0.000000,11,11,11,12,17,27,100,100,100,100,100,403,17,12,1216.5599788535449,1.4693439989059698,69234.25248000058,43.101736972704714
1781535354,20,GET,/api/load/memory [GET],4.000000,0.000000,5,5,8,9,10,22,82,82,82,82,82,417,14,6,1112.8367041797737,1.2431080031092279,136956.09367900033,50.25419664268585
1781535354,20,GET,/api/products [GET],5.100000,0.000000,2,2,2,2,4,6,7,54,54,54,54,528,22,2,846.6746026514506,0.9898819989757612,136776.4473399984,115.0
1781535354,20,,Aggregated,14.000000,0.000000,5,10,10,10,11,22,54,82,100,100,100,1348,53,7,1039.592557359726,0.9898819989757612,136956.09367900033,73.47626112759644
1781535355,20,GET,/api/load/cpu [GET],5.100000,0.000000,10,11,11,11,12,17,27,27,27,27,27,405,17,12,1210.604959422172,1.4693439989059698,69234.25248000058,43.111111111111114
1781535355,20,GET,/api/load/memory [GET],4.300000,0.000000,5,5,6,9,10,11,82,82,82,82,82,424,14,6,1094.5542787169024,1.2431080031092279,136956.09367900033,50.283018867924525
1781535355,20,GET,/api/products [GET],5.700000,0.000000,2,2,2,2,3,5,7,54,54,54,54,537,22,2,832.5299098099911,0.9898819989757612,136776.4473399984,115.08379888268156
1781535355,20,,Aggregated,15.100000,0.000000,5,8,10,10,11,11,27,54,82,82,82,1366,53,7,1025.9550397583541,0.9898819989757612,136956.09367900033,73.63103953147878
1781535356,20,GET,/api/load/cpu [GET],4.800000,0.000000,10,11,11,11,12,17,27,27,27,27,27,409,17,12,1198.871051166208,1.4693439989059698,69234.25248000058,43.12958435207824
1781535356,20,GET,/api/load/memory [GET],4.200000,0.000000,5,5,6,8,10,10,22,22,22,22,22,429,14,6,1081.8578962773074,1.2431080031092279,136956.09367900033,50.303030303030305
1781535356,20,GET,/api/products [GET],5.600000,0.000000,2,2,2,2,2,5,7,54,54,54,54,543,22,2,823.3486581969883,0.9898819989757612,136776.4473399984,115.13812154696133
1781535356,20,,Aggregated,14.600000,0.000000,5,7,10,10,11,11,22,27,54,54,54,1381,53,7,1014.868659544467,0.9898819989757612,136956.09367900033,73.6712527154236
1781535357,20,GET,/api/load/cpu [GET],4.500000,0.000000,10,11,11,11,12,17,27,27,27,27,27,411,17,12,1193.0940785230573,1.4693439989059698,69234.25248000058,43.13868613138686
1781535357,20,GET,/api/load/memory [GET],4.200000,0.000000,5,5,5,6,9,10,22,22,22,22,22,432,14,6,1074.379768097144,1.2431080031092279,136956.09367900033,50.31481481481482
1781535357,20,GET,/api/products [GET],6.200000,0.000000,2,2,2,2,2,5,7,54,54,54,54,549,22,2,814.3687223897408,0.9898819989757612,136776.4473399984,115.19125683060109
1781535357,20,,Aggregated,14.900000,0.000000,5,5,10,10,11,12,22,27,54,54,54,1392,53,7,1006.883731812436,0.9898819989757612,136956.09367900033,73.7830459770115
1781535358,20,GET,/api/load/cpu [GET],3.900000,0.000000,11,11,12,13,16,27,87,87,87,87,87,419,17,12,1170.7347794462403,1.4693439989059698,69234.25248000058,43.17422434367542
1781535358,20,GET,/api/load/memory [GET],4.800000,0.000000,5,5,6,7,9,10,22,22,22,22,22,436,14,6,1064.5773427980976,1.2431080031092279,136956.09367900033,50.330275229357795
1781535358,20,GET,/api/products [GET],6.300000,0.000000,2,2,2,2,2,5,7,54,54,54,54,555,22,2,805.5840050161617,0.9898819989757612,136776.4473399984,115.24324324324324
1781535358,20,,Aggregated,15.000000,0.000000,5,7,10,10,11,13,27,54,87,87,87,1410,53,7,994.1792317956846,0.9898819989757612,136956.09367900033,73.75460992907801
1781535359,20,GET,/api/load/cpu [GET],3.900000,0.000000,11,11,12,13,16,18,87,87,87,87,87,425,17,12,1154.3720425105305,1.4693439989059698,69234.25248000058,43.2
1781535359,20,GET,/api/load/memory [GET],4.400000,0.000000,5,5,5,7,9,10,22,22,22,22,22,440,14,6,1054.943416006757,1.2431080031092279,136956.09367900033,50.345454545454544
1781535359,20,GET,/api/products [GET],6.500000,0.000000,2,2,2,2,2,5,7,54,54,54,54,558,22,2,801.2597143189405,0.9872619993984699,136776.4473399984,115.26881720430107
1781535359,20,,Aggregated,14.800000,0.000000,5,8,10,10,11,13,27,54,87,87,87,1423,53,7,985.1624326773838,0.9872619993984699,136956.09367900033,73.66971187631763
1781535360,20,GET,/api/load/cpu [GET],4.000000,0.000000,11,11,12,13,13,18,87,87,87,87,87,427,17,12,1149.0210004074395,1.4693439989059698,69234.25248000058,43.20843091334895
1781535360,20,GET,/api/load/memory [GET],4.100000,0.000000,5,5,5,6,8,9,10,10,10,10,10,447,14,6,1038.5047364652642,1.2431080031092279,136956.09367900033,50.371364653243845
1781535360,20,GET,/api/products [GET],6.700000,0.000000,2,2,2,2,3,5,54,62,62,62,62,565,22,2,791.4646604088017,0.9872619993984699,136776.4473399984,115.32743362831859
1781535360,20,,Aggregated,14.800000,0.000000,5,6,10,10,11,13,54,62,87,87,87,1439,53,7,974.3023749165553,0.9872619993984699,136956.09367900033,73.74982626824183
1781535361,20,GET,/api/load/cpu [GET],4.100000,0.000000,11,11,13,13,16,18,87,87,87,87,87,433,17,12,1133.2638976904784,1.4693439989059698,69234.25248000058,43.23325635103926
1781535361,20,GET,/api/load/memory [GET],4.300000,0.000000,5,5,5,6,8,9,10,10,10,10,10,450,14,6,1031.617367535501,1.2431080031092279,136956.09367900033,50.382222222222225
1781535361,20,GET,/api/products [GET],6.700000,0.000000,2,2,2,2,2,4,5,62,62,62,62,570,22,2,784.5369191525832,0.9872619993984699,136776.4473399984,115.36842105263158
1781535361,20,,Aggregated,15.100000,0.000000,5,5,10,10,11,13,18,62,87,87,87,1453,53,7,964.9808169359432,0.9872619993984699,136956.09367900033,73.74535443909153
1781535362,20,GET,/api/load/cpu [GET],4.200000,0.000000,11,12,13,13,16,18,87,87,87,87,87,439,17,12,1117.973683091057,1.4693439989059698,69234.25248000058,43.25740318906606
1781535362,20,GET,/api/load/memory [GET],4.500000,0.000000,5,5,6,6,8,10,67,67,67,67,67,454,14,6,1022.7223525770313,1.2431080031092279,136956.09367900033,50.39647577092511
1781535362,20,GET,/api/products [GET],6.600000,0.000000,2,2,2,2,5,24,26,62,62,62,62,578,22,2,773.7930805328297,0.9872619993984699,136776.4473399984,115.4325259515571
1781535362,20,,Aggregated,15.300000,0.000000,5,9,10,11,13,16,62,67,87,87,87,1471,53,7,953.3370465635095,0.9872619993984699,136956.09367900033,73.82053025152958
1781535363,20,GET,/api/load/cpu [GET],4.200000,0.000000,12,13,13,16,18,28,120,120,120,120,120,444,17,12,1105.8119427026454,1.4693439989059698,69234.25248000058,43.277027027027025
1781535363,20,GET,/api/load/memory [GET],4.600000,0.000000,5,5,6,7,10,46,75,75,75,75,75,457,14,6,1016.3290877373631,1.2431080031092279,136956.09367900033,50.40700218818381
1781535363,20,GET,/api/products [GET],6.900000,0.000000,2,2,2,2,5,26,60,62,62,62,62,582,22,2,768.6332080411942,0.9872619993984699,136776.4473399984,115.4639175257732
1781535363,20,,Aggregated,15.700000,0.000000,5,10,11,12,18,28,75,87,120,120,120,1483,53,7,945.911950597387,0.9872619993984699,136956.09367900033,73.8037761294673
1781535364,20,GET,/api/load/cpu [GET],4.100000,0.000000,12,13,13,16,18,28,120,120,120,120,120,449,17,12,1093.6201038529464,1.4693439989059698,69234.25248000058,43.29621380846325
1781535364,20,GET,/api/load/memory [GET],4.500000,0.000000,5,5,6,7,10,46,75,75,75,75,75,462,14,6,1005.3875409047065,1.2431080031092279,136956.09367900033,50.42424242424242
1781535364,20,GET,/api/products [GET],6.800000,0.000000,2,2,2,2,7,28,60,62,62,62,62,584,22,2,766.0064548013249,0.9872619993984699,136776.4473399984,115.47945205479452
1781535364,20,,Aggregated,15.400000,0.000000,5,10,11,12,18,46,75,87,120,120,120,1495,53,7,938.3760803558006,0.9872619993984699,136956.09367900033,73.69632107023412
1781535365,20,GET,/api/load/cpu [GET],4.200000,0.000000,12,13,13,16,18,28,120,120,120,120,120,454,17,12,1081.6980240087457,1.4693439989059698,69234.25248000058,43.31497797356828
1781535365,20,GET,/api/load/memory [GET],4.200000,0.000000,5,6,7,8,25,67,75,75,75,75,75,465,14,6,998.9434979526324,1.2431080031092279,136956.09367900033,50.43440860215054
1781535365,20,GET,/api/products [GET],6.000000,0.000000,2,2,2,2,24,28,60,62,62,62,62,590,22,2,758.2809905491115,0.9872619993984699,136776.4473399984,115.52542372881356
1781535365,20,,Aggregated,14.400000,0.000000,5,10,11,13,23,46,75,87,120,120,120,1509,53,7,929.7451384174423,0.9872619993984699,136956.09367900033,73.74221338634858
1781535366,20,GET,/api/load/cpu [GET],4.300000,0.000000,11,13,13,16,18,28,120,120,120,120,120,458,17,12,1072.3403894497094,1.4693439989059698,69234.25248000058,43.3296943231441
1781535366,20,GET,/api/load/memory [GET],4.300000,0.000000,5,6,7,7,10,46,75,75,75,75,75,470,14,6,988.375567965913,1.2431080031092279,136956.09367900033,50.45106382978724
1781535366,20,GET,/api/products [GET],6.100000,0.000000,2,2,2,2,24,28,60,62,62,62,62,597,22,2,749.4086686632764,0.9872619993984699,136776.4473399984,115.57788944723617
1781535366,20,,Aggregated,14.700000,0.000000,6,10,11,12,18,28,75,87,120,120,120,1525,53,7,920.0428790189652,0.9872619993984699,136956.09367900033,73.80786885245902
1781535367,20,GET,/api/load/cpu [GET],4.500000,0.000000,11,12,13,13,18,23,120,120,120,120,120,462,17,12,1063.151307480455,1.4693439989059698,69234.25248000058,43.34415584415584
1781535367,20,GET,/api/load/memory [GET],4.300000,0.000000,5,6,7,7,10,46,75,75,75,75,75,473,14,6,982.1380797525968,1.2431080031092279,136956.09367900033,50.46088794926004
1781535367,20,GET,/api/products [GET],5.500000,0.000000,2,2,2,2,24,28,60,62,62,62,62,603,22,2,741.9692562238333,0.9872619993984699,136776.4473399984,115.62189054726367
1781535367,20,,Aggregated,14.300000,0.000000,5,10,11,12,18,28,67,75,120,120,120,1538,53,7,912.311233603329,0.9872619993984699,136956.09367900033,73.87061118335501
1781535368,20,GET,/api/load/cpu [GET],5.100000,0.000000,11,12,13,13,18,23,120,120,120,120,120,466,17,12,1054.1156290299805,1.4693439989059698,69234.25248000058,43.358369098712444
1781535368,20,GET,/api/load/memory [GET],3.900000,0.000000,5,5,7,7,10,46,75,75,75,75,75,481,14,6,965.8904600124256,1.2431080031092279,136956.09367900033,50.486486486486484
1781535368,20,GET,/api/products [GET],5.500000,0.000000,2,2,2,2,24,28,60,62,62,62,62,608,22,2,735.8822370706671,0.9872619993984699,136776.4473399984,115.65789473684211
1781535368,20,,Aggregated,14.500000,0.000000,5,10,11,11,18,28,67,75,120,120,120,1555,53,7,902.3971669021948,0.9872619993984699,136956.09367900033,73.83215434083601
1781535369,20,GET,/api/load/cpu [GET],5.000000,0.000000,11,12,12,13,17,23,120,120,120,120,120,470,17,12,1045.237234033994,1.4693439989059698,69234.25248000058,43.37234042553192
1781535369,20,GET,/api/load/memory [GET],4.100000,0.000000,5,6,7,7,25,67,75,75,75,75,75,483,14,6,961.912761175932,1.2431080031092279,136956.09367900033,50.492753623188406
1781535369,20,GET,/api/products [GET],5.300000,0.000000,2,2,2,2,24,28,60,62,62,62,62,617,22,2,725.1733655201903,0.9872619993984699,136776.4473399984,115.72123176661265
1781535369,20,,Aggregated,14.400000,0.000000,5,10,11,11,18,28,67,75,120,120,120,1570,53,7,893.8199555222354,0.9872619993984699,136956.09367900033,73.99554140127388
1781535370,20,GET,/api/load/cpu [GET],4.700000,0.000000,11,12,12,13,17,23,120,120,120,120,120,472,17,12,1040.8546330465583,1.4693439989059698,69234.25248000058,43.37923728813559
1781535370,20,GET,/api/load/memory [GET],4.300000,0.000000,5,6,7,7,25,67,75,75,75,75,75,488,14,6,952.1158377335612,1.2431080031092279,136956.09367900033,50.50819672131148
1781535370,20,GET,/api/products [GET],5.500000,0.000000,2,2,2,2,7,26,28,60,60,60,60,623,22,2,718.2072189405382,0.9872619993984699,136776.4473399984,115.76243980738363
1781535370,20,,Aggregated,14.500000,0.000000,5,10,11,11,17,28,67,75,120,120,120,1583,53,7,886.5186437219888,0.9872619993984699,136956.09367900033,74.06380290587492
1781535371,20,GET,/api/load/cpu [GET],4.600000,0.000000,11,11,12,13,18,28,120,120,120,120,120,474,17,12,1036.5089218522696,1.4693439989059698,69234.25248000058,43.38607594936709
1781535371,20,GET,/api/load/memory [GET],4.400000,0.000000,5,6,7,7,10,46,75,75,75,75,75,495,14,6,938.7383910666241,1.2431080031092279,136956.09367900033,50.52929292929293
1781535371,20,GET,/api/products [GET],5.600000,0.000000,2,2,2,2,4,26,28,60,60,60,60,630,22,2,710.2474079237472,0.9872619993984699,136776.4473399984,115.80952380952381
1781535371,20,,Aggregated,14.600000,0.000000,5,10,11,11,17,28,67,75,120,120,120,1599,53,7,877.6964349768073,0.9872619993984699,136956.09367900033,74.13195747342088
1781535372,20,GET,/api/load/cpu [GET],4.600000,0.000000,11,11,12,12,17,23,120,120,120,120,120,477,17,12,1030.0557357106488,1.4693439989059698,69234.25248000058,43.39622641509434
1781535372,20,GET,/api/load/memory [GET],4.300000,0.000000,5,6,7,7,10,46,137000,137000,137000,137000,137000,500,15,6,1202.6413155119665,1.2431080031092279,136956.09367900033,50.44
1781535372,20,GET,/api/products [GET],5.400000,0.000000,2,2,2,2,2,26,28,60,60,60,60,637,22,2,702.4614993249005,0.9872619993984699,136776.4473399984,115.85557299843015
1781535372,20,,Aggregated,14.300000,0.000000,5,9,10,11,12,25,75,120,137000,137000,137000,1614,54,7,954.2287600743023,0.9872619993984699,136956.09367900033,74.17596034696406
1781535373,20,GET,/api/load/cpu [GET],4.200000,0.000000,11,11,11,11,13,13,18,18,18,18,18,483,17,12,1017.4100972525493,1.4693439989059698,69234.25248000058,43.41614906832298
1781535373,20,GET,/api/load/memory [GET],4.200000,0.000000,5,5,6,7,9,10,137000,137000,137000,137000,137000,504,15,6,1193.1436792301179,1.2431080031092279,136956.09367900033,50.45238095238095
1781535373,20,GET,/api/products [GET],5.700000,0.000000,2,2,2,2,2,2,15,26,26,26,26,644,22,2,694.8644064952749,0.9872619993984699,136776.4473399984,115.90062111801242
1781535373,20,,Aggregated,14.100000,0.000000,5,7,10,10,11,12,18,26,137000,137000,137000,1631,54,7,944.3569399680669,0.9872619993984699,136956.09367900033,74.21091354996935
1781535374,20,GET,/api/load/cpu [GET],4.100000,0.000000,11,11,11,11,13,13,18,18,18,18,18,484,17,12,1015.3294787416966,1.4693439989059698,69234.25248000058,43.41942148760331
1781535374,20,GET,/api/load/memory [GET],4.400000,0.000000,5,5,6,7,9,10,137000,137000,137000,137000,137000,508,15,6,1183.7928341003533,1.2431080031092279,136956.09367900033,50.46456692913386
1781535374,20,GET,/api/products [GET],5.600000,0.000000,2,2,2,2,2,3,15,26,26,26,26,653,22,2,685.3124834991665,0.9872619993984699,136776.4473399984,115.95712098009189
1781535374,20,,Aggregated,14.100000,0.000000,5,6,10,10,11,12,18,26,137000,137000,137000,1645,54,7,936.3497137744168,0.9872619993984699,136956.09367900033,74.38966565349544
1781535375,20,GET,/api/load/cpu [GET],4.000000,0.000000,11,11,11,11,13,18,800,800,800,800,800,486,17,12,1012.8247149197127,1.4693439989059698,69234.25248000058,43.425925925925924
1781535375,20,GET,/api/load/memory [GET],4.800000,0.100000,5,5,6,7,9,10,137000,137000,137000,137000,137000,510,15,6,1179.1700790430943,1.2431080031092279,136956.09367900033,50.470588235294116
1781535375,20,GET,/api/products [GET],6.000000,0.000000,2,2,2,2,2,2,3,15,15,15,15,663,22,2,675.0043347616312,0.9872619993984699,136776.4473399984,116.01809954751131
1781535375,20,,Aggregated,14.800000,0.100000,4,5,8,10,11,11,18,800,137000,137000,137000,1659,54,6,928.9556514224952,0.9872619993984699,136956.09367900033,74.60216998191682
1781535376,20,GET,/api/load/cpu [GET],3.800000,0.000000,11,12,13,14,49,390,800,800,800,800,800,492,17,12,1001.5591897763744,1.4693439989059698,69234.25248000058,43.44512195121951
1781535376,20,GET,/api/load/memory [GET],4.600000,0.100000,5,5,6,7,9,10,137000,137000,137000,137000,137000,515,15,6,1167.777151034908,1.2431080031092279,136956.09367900033,50.48543689320388
1781535376,20,GET,/api/products [GET],6.500000,0.000000,2,2,2,2,2,3,3,15,15,15,15,669,22,2,668.9672614872368,0.9872619993984699,136776.4473399984,116.05381165919283
1781535376,20,,Aggregated,14.900000,0.100000,4,5,9,10,11,15,390,800,137000,137000,137000,1676,54,6,919.8755680715484,0.9872619993984699,136956.09367900033,74.59128878281624
1781535377,20,GET,/api/load/cpu [GET],3.400000,0.000000,11,11,13,15,51,390,800,800,800,800,800,493,17,12,999.5486152271327,1.4693439989059698,69234.25248000058,43.44827586206897
1781535377,20,GET,/api/load/memory [GET],4.500000,0.100000,5,6,7,8,10,16,137000,137000,137000,137000,137000,519,15,6,1159.6939733833808,1.2431080031092279,136956.09367900033,50.49710982658959
1781535377,20,GET,/api/products [GET],6.900000,0.000000,2,2,2,2,2,3,3,15,15,15,15,675,22,2,663.040187428091,0.9872619993984699,136776.4473399984,116.08888888888889
1781535377,20,,Aggregated,14.800000,0.100000,5,5,10,10,11,16,440,800,137000,137000,137000,1687,54,6,914.1735423870258,0.9872619993984699,136956.09367900033,74.68168346176645
1781535378,20,GET,/api/load/cpu [GET],2.900000,0.000000,11,11,13,15,51,390,800,800,800,800,800,496,17,12,993.5645594233367,1.4693439989059698,69234.25248000058,43.457661290322584
1781535378,20,GET,/api/load/memory [GET],4.500000,0.100000,5,6,8,9,10,27,137000,137000,137000,137000,137000,525,15,6,1146.5459426570826,1.2431080031092279,136956.09367900033,50.51428571428571
1781535378,20,GET,/api/products [GET],7.200000,0.000000,2,2,2,2,2,3,3,15,15,15,15,682,22,2,656.2546644192981,0.9872619993984699,136776.4473399984,116.12903225806451
1781535378,20,,Aggregated,14.600000,0.100000,4,5,10,10,12,18,440,800,137000,137000,137000,1703,54,6,905.64317234463,0.9872619993984699,136956.09367900033,74.73576042278333
1781535379,20,GET,/api/load/cpu [GET],3.200000,0.000000,11,13,14,18,120,390,800,800,800,800,800,500,17,12,985.9186325619526,1.4693439989059698,69234.25248000058,43.47
1781535379,20,GET,/api/load/memory [GET],4.500000,0.100000,5,6,9,9,10,27,137000,137000,137000,137000,137000,533,15,6,1129.429437290747,1.2431080031092279,136956.09367900033,50.53658536585366
1781535379,20,GET,/api/products [GET],7.200000,0.000000,2,2,2,2,2,3,3,15,15,15,15,691,22,2,647.7265018508808,0.9872619993984699,136776.4473399984,116.1794500723589
1781535379,20,,Aggregated,14.900000,0.100000,4,5,9,10,13,27,440,800,137000,137000,137000,1724,54,6,894.7356259489004,0.9872619993984699,136956.09367900033,74.7975638051044
1781535380,20,GET,/api/load/cpu [GET],3.000000,0.000000,11,12,13,15,51,390,800,800,800,800,800,506,17,12,974.3536011422408,1.4693439989059698,69234.25248000058,43.48814229249012
1781535380,20,GET,/api/load/memory [GET],4.600000,0.100000,5,6,9,9,13,27,137000,137000,137000,137000,137000,537,15,6,1121.068010463638,1.2431080031092279,136956.09367900033,50.547486033519554
1781535380,20,GET,/api/products [GET],7.100000,0.000000,2,2,2,2,3,3,4,15,15,15,15,695,22,2,644.0141367999424,0.9872619993984699,136776.4473399984,116.20143884892086
1781535380,20,,Aggregated,14.700000,0.100000,5,6,10,10,13,27,390,800,137000,137000,137000,1738,54,6,887.5870361754368,0.9872619993984699,136956.09367900033,74.74626006904488
1781535381,20,GET,/api/load/cpu [GET],3.100000,0.000000,11,12,13,15,51,390,800,800,800,800,800,510,17,12,966.795783417597,1.4693439989059698,69234.25248000058,43.5
1781535381,20,GET,/api/load/memory [GET],4.800000,0.100000,5,6,9,10,18,38,137000,137000,137000,137000,137000,544,15,6,1106.8022891506776,1.2431080031092279,136956.09367900033,50.56617647058823
1781535381,20,GET,/api/products [GET],7.300000,0.000000,2,2,2,2,3,3,4,15,15,15,15,699,22,2,640.3397043490132,0.9872619993984699,136776.4473399984,116.22317596566523
1781535381,20,,Aggregated,15.200000,0.100000,5,6,10,10,13,38,390,800,137000,137000,137000,1753,54,6,880.0705922309783,0.9872619993984699,136956.09367900033,74.69081574443811
1781535382,20,GET,/api/load/cpu [GET],3.000000,0.000000,11,13,15,19,51,390,800,800,800,800,800,514,17,12,959.4545528832241,1.4693439989059698,69234.25248000058,43.511673151750976
1781535382,20,GET,/api/load/memory [GET],4.800000,0.100000,5,6,9,9,16,27,440,440,440,440,440,548,15,6,1098.764798282787,1.2431080031092279,136956.09367900033,50.57664233576642
1781535382,20,GET,/api/products [GET],7.400000,0.000000,2,2,2,2,3,3,4,15,15,15,15,709,22,2,631.337488514754,0.9872619993984699,136776.4473399984,116.27644569816643
1781535382,20,,Aggregated,15.200000,0.100000,5,6,10,10,14,38,120,440,800,800,800,1771,54,6,871.203291359631,0.9872619993984699,136956.09367900033,74.828345567476
1781535383,20,GET,/api/load/cpu [GET],3.700000,0.000000,11,14,15,19,51,390,800,800,800,800,800,517,17,12,953.9673575105993,1.4693439989059698,69234.25248000058,43.520309477756285
1781535383,20,GET,/api/load/memory [GET],4.700000,0.100000,5,6,9,9,16,27,440,440,440,440,440,552,15,6,1090.8509039655203,1.2431080031092279,136956.09367900033,50.58695652173913
1781535383,20,GET,/api/products [GET],7.200000,0.000000,2,2,2,2,3,3,4,4,4,4,4,715,22,2,626.0589270978487,0.9872619993984699,136776.4473399984,116.3076923076923
1781535383,20,,Aggregated,15.600000,0.100000,5,6,10,10,15,38,390,440,800,800,800,1784,54,6,864.9007599197927,0.9872619993984699,136956.09367900033,74.87892376681614
1781535384,20,GET,/api/load/cpu [GET],3.700000,0.000000,11,14,15,17,51,390,800,800,800,800,800,522,17,12,944.9447040401769,1.4693439989059698,69234.25248000058,43.53448275862069
1781535384,20,GET,/api/load/memory [GET],5.100000,0.100000,5,6,9,9,16,27,440,440,440,440,440,556,15,6,1083.041042665401,1.2431080031092279,136956.09367900033,50.597122302158276
1781535384,20,GET,/api/products [GET],7.100000,0.000000,2,2,2,2,3,3,4,4,4,4,4,719,22,2,622.5841317523829,0.9872619993984699,136776.4473399984,116.32823365785814
1781535384,20,,Aggregated,15.900000,0.100000,5,8,10,11,15,38,390,440,800,800,800,1797,54,6,858.6922348140789,0.9872619993984699,136956.09367900033,74.84529771841959
1781535385,20,GET,/api/load/cpu [GET],3.700000,0.000000,11,13,14,15,49,51,390,390,390,390,390,528,17,12,934.3394040605624,1.4693439989059698,69234.25248000058,43.55113636363637
1781535385,20,GET,/api/load/memory [GET],4.800000,0.000000,5,6,8,9,16,27,440,440,440,440,440,561,15,6,1073.4377628145585,1.2431080031092279,136956.09367900033,50.6096256684492
1781535385,20,GET,/api/products [GET],7.300000,0.000000,2,2,2,2,3,4,4,4,4,4,4,727,22,2,615.7591475969263,0.9872619993984699,136776.4473399984,116.36863823933976
1781535385,20,,Aggregated,15.800000,0.000000,5,9,10,11,14,27,51,390,440,440,440,1816,54,6,849.7724067103035,0.9872619993984699,136956.09367900033,74.88270925110132
1781535386,20,GET,/api/load/cpu [GET],3.500000,0.000000,11,12,13,14,17,20,120,120,120,120,120,534,17,12,923.9910490186792,1.4693439989059698,69234.25248000058,43.56741573033708
1781535386,20,GET,/api/load/memory [GET],4.900000,0.000000,5,6,8,9,13,27,38,440,440,440,440,566,15,6,1063.9964581748527,1.2431080031092279,136956.09367900033,50.62190812720848
1781535386,20,GET,/api/products [GET],7.100000,0.000000,2,2,2,2,3,4,4,4,4,4,4,733,22,2,610.7371754869857,0.9872619993984699,136776.4473399984,116.39836289222374
1781535386,20,,Aggregated,15.500000,0.000000,5,9,10,11,13,18,38,120,440,440,440,1833,54,6,841.955027351284,0.9872619993984699,136956.09367900033,74.87015821058374
1781535387,20,GET,/api/load/cpu [GET],4.000000,0.000000,11,12,13,13,16,20,51,120,120,120,120,544,17,12,907.2026710109911,1.4693439989059698,69234.25248000058,43.59375
1781535387,20,GET,/api/load/memory [GET],4.900000,0.000000,5,6,6,8,11,13,38,38,38,38,38,570,15,6,1056.5748786420409,1.2431080031092279,136956.09367900033,50.63157894736842
1781535387,20,GET,/api/products [GET],6.600000,0.000000,2,2,2,2,3,4,4,4,4,4,4,735,22,2,609.0799422598126,0.9872619993984699,136776.4473399984,116.40816326530613
1781535387,20,,Aggregated,15.500000,0.000000,5,10,10,11,13,16,20,51,120,120,120,1849,54,6,834.7429374888625,0.9872619993984699,136956.09367900033,74.7079502433748
1781535388,20,GET,/api/load/cpu [GET],4.300000,0.000000,11,12,12,13,15,19,20,51,51,51,51,549,17,12,899.0351453205345,1.4693439989059698,69234.25248000058,43.60655737704918
1781535388,20,GET,/api/load/memory [GET],5.100000,0.000000,5,6,7,8,11,13,38,38,38,38,38,575,15,6,1047.4439146521158,1.2431080031092279,136956.09367900033,50.643478260869564
1781535388,20,GET,/api/products [GET],6.300000,0.000000,2,2,2,2,3,4,4,4,4,4,4,743,22,2,602.5410054737091,0.9872619993984699,136776.4473399984,116.44683714670256
1781535388,20,,Aggregated,15.700000,0.000000,5,10,10,11,12,15,19,38,51,51,51,1867,54,6,826.7479982715092,0.9872619993984699,136956.09367900033,74.76164970540975
1781535389,20,GET,/api/load/cpu [GET],4.500000,0.000000,11,12,12,14,16,20,51,53,53,53,53,554,17,12,891.1026308393014,1.4693439989059698,69234.25248000058,43.61913357400722
1781535389,20,GET,/api/load/memory [GET],5.100000,0.000000,5,6,7,8,11,13,38,38,38,38,38,578,15,6,1042.043667482638,1.2431080031092279,136956.09367900033,50.65051903114187
1781535389,20,GET,/api/products [GET],6.500000,0.000000,2,2,2,2,4,4,4,10,10,10,10,748,22,2,598.5360564772269,0.9872619993984699,136776.4473399984,116.47058823529412
1781535389,20,,Aggregated,16.100000,0.000000,5,10,10,11,13,16,20,51,53,53,53,1880,54,6,821.1048231568647,0.9872619993984699,136956.09367900033,74.76648936170213
1781535390,20,GET,/api/load/cpu [GET],5.200000,0.000000,11,13,15,16,51,120,130,250,250,250,250,561,17,12,881.0879225239986,1.4693439989059698,69234.25248000058,43.63636363636363
1781535390,20,GET,/api/load/memory [GET],5.000000,0.000000,5,6,7,8,11,18,82,82,82,82,82,582,15,6,1035.0560524312104,1.2431080031092279,136956.09367900033,50.65979381443299
1781535390,20,GET,/api/products [GET],6.000000,0.000000,2,2,2,3,4,8,10,150,150,150,150,751,22,2,596.3622405858347,0.9872619993984699,136776.4473399984,116.48468708388815
1781535390,20,,Aggregated,16.200000,0.000000,5,10,10,11,15,51,120,150,250,250,250,1894,54,6,815.5021065105024,0.9872619993984699,136956.09367900033,74.68004223864837
1781535391,20,GET,/api/load/cpu [GET],5.300000,0.000000,11,12,14,15,53,120,250,250,250,250,250,562,17,12,879.538735115593,1.4693439989059698,69234.25248000058,43.63879003558719
1781535391,20,GET,/api/load/memory [GET],4.800000,0.000000,5,6,7,7,10,11,82,82,82,82,82,586,15,6,1028.0306470989103,1.2431080031092279,136956.09367900033,50.66894197952218
1781535391,20,GET,/api/products [GET],6.100000,0.000000,2,2,2,3,4,8,10,150,150,150,150,760,22,2,589.3244191907366,0.9872619993984699,136776.4473399984,116.52631578947368
1781535391,20,,Aggregated,16.200000,0.000000,5,10,10,11,14,20,130,150,250,250,250,1908,54,6,809.5457478615758,0.9872619993984699,136956.09367900033,74.83071278825996
1781535392,20,GET,/api/load/cpu [GET],5.600000,0.000000,11,12,14,15,23,120,130,250,250,250,250,567,17,12,871.8947326489587,1.4693439989059698,69234.25248000058,43.65079365079365
1781535392,20,GET,/api/load/memory [GET],4.500000,0.000000,5,6,7,8,10,10,82,82,82,82,82,592,15,6,1017.7213299864186,1.2431080031092279,136956.09367900033,50.682432432432435
1781535392,20,GET,/api/products [GET],5.700000,0.000000,2,2,2,3,4,8,10,150,150,150,150,767,22,2,583.9614829712666,0.9872619993984699,136776.4473399984,116.55801825293351
1781535392,20,,Aggregated,15.800000,0.000000,5,10,10,11,14,32,130,150,250,250,250,1926,54,6,802.052854726315,0.9872619993984699,136956.09367900033,74.84631360332295
1781535393,20,GET,/api/load/cpu [GET],5.200000,0.000000,11,12,14,16,53,120,130,250,250,250,250,570,17,12,867.495363854317,1.4693439989059698,69234.25248000058,43.6578947368421
1781535393,20,GET,/api/load/memory [GET],4.700000,0.000000,5,7,7,8,10,10,82,82,82,82,82,598,15,6,1007.5736166772027,1.2431080031092279,136956.09367900033,50.69565217391305
1781535393,20,GET,/api/products [GET],5.600000,0.000000,2,2,2,3,4,30,31,150,150,150,150,778,22,2,575.8023077017459,0.9872619993984699,136776.4473399984,116.60668380462725
1781535393,20,,Aggregated,15.500000,0.000000,6,10,10,11,16,53,120,150,250,250,250,1946,54,6,793.9237284490691,0.9872619993984699,136956.09367900033,74.98509763617677
1781535394,20,GET,/api/load/cpu [GET],5.200000,0.000000,11,12,14,16,80,120,250,250,250,250,250,571,17,12,865.9941229473956,1.4693439989059698,69234.25248000058,43.660245183887916
1781535394,20,GET,/api/load/memory [GET],4.000000,0.000000,5,7,7,9,10,10,82,82,82,82,82,602,15,6,1000.9221962640686,1.2431080031092279,136956.09367900033,50.70431893687708
1781535394,20,GET,/api/products [GET],6.100000,0.000000,2,2,2,3,4,10,31,150,150,150,150,785,22,2,570.6862238649157,0.9872619993984699,136776.4473399984,116.63694267515923
1781535394,20,,Aggregated,15.300000,0.000000,5,10,10,10,15,53,120,150,250,250,250,1958,54,6,789.0840102593937,0.9872619993984699,136956.09367900033,75.08375893769153
1781535395,20,GET,/api/load/cpu [GET],5.300000,0.000000,10,12,14,16,80,120,250,250,250,250,250,576,17,12,858.5691549131417,1.4693439989059698,69234.25248000058,43.671875
1781535395,20,GET,/api/load/memory [GET],4.200000,0.000000,6,7,8,9,10,13,82,82,82,82,82,608,15,6,991.1164401167262,1.2431080031092279,136956.09367900033,50.7171052631579
1781535395,20,GET,/api/products [GET],5.900000,0.000000,2,2,2,2,4,10,31,150,150,150,150,790,22,2,567.084838311348,0.9872619993984699,136776.4473399984,116.65822784810126
1781535395,20,,Aggregated,15.400000,0.000000,5,10,10,10,15,53,120,150,250,250,250,1974,54,6,782.7414645830326,0.9872619993984699,136956.09367900033,75.05116514690982
1781535396,20,GET,/api/load/cpu [GET],5.200000,0.000000,11,12,15,18,80,120,250,250,250,250,250,583,17,12,848.442958540246,1.4693439989059698,69234.25248000058,43.687821612349914
1781535396,20,GET,/api/load/memory [GET],4.400000,0.000000,6,7,8,9,10,13,82,82,82,82,82,613,15,6,983.0792007014145,1.2431080031092279,136956.09367900033,50.727569331158236
1781535396,20,GET,/api/products [GET],6.100000,0.000000,2,2,2,3,10,31,40,150,150,150,150,794,22,2,564.3152417568824,0.9872619993984699,136776.4473399984,116.6750629722922
1781535396,20,,Aggregated,15.700000,0.000000,6,10,10,11,20,53,120,150,250,250,250,1990,54,6,776.550802419044,0.9872619993984699,136956.09367900033,74.97788944723618
1781535397,20,GET,/api/load/cpu [GET],4.800000,0.000000,11,12,18,23,82,130,250,250,250,250,250,585,17,12,845.5763420956669,1.4693439989059698,69234.25248000058,43.69230769230769
1781535397,20,GET,/api/load/memory [GET],4.500000,0.000000,6,7,7,9,10,13,82,82,82,82,82,621,15,6,970.4905873220047,1.2431080031092279,136956.09367900033,50.743961352657
1781535397,20,GET,/api/products [GET],6.400000,0.000000,2,2,2,3,8,30,40,150,150,150,150,801,22,2,559.4011370473947,0.9872619993984699,136776.4473399984,116.70411985018727
1781535397,20,,Aggregated,15.700000,0.000000,5,9,10,10,20,53,120,150,250,250,250,2007,54,6,770.0135155096642,0.9872619993984699,136956.09367900033,75.01345291479821
1781535398,20,GET,/api/load/cpu [GET],4.700000,0.000000,10,12,18,23,82,130,250,250,250,250,250,587,17,12,842.7296636421894,1.4693439989059698,69234.25248000058,43.69676320272573
1781535398,20,GET,/api/load/memory [GET],4.600000,0.000000,6,7,7,8,10,13,82,82,82,82,82,623,15,6,967.394405654838,1.2431080031092279,136956.09367900033,50.74799357945425
1781535398,20,GET,/api/products [GET],6.400000,0.000000,2,2,2,3,8,30,40,150,150,150,150,810,22,2,553.2073438123105,0.9872619993984699,136776.4473399984,116.74074074074075
1781535398,20,,Aggregated,15.700000,0.000000,5,9,10,10,23,53,130,150,250,250,250,2020,54,6,765.0826612717345,0.9872619993984699,136956.09367900033,75.16138613861386
1781535399,20,GET,/api/load/cpu [GET],4.600000,0.000000,10,12,16,20,82,150,250,250,250,250,250,590,17,12,838.7440340287565,1.4693439989059698,69234.25248000058,43.70338983050848
1781535399,20,GET,/api/load/memory [GET],4.800000,0.000000,6,7,7,9,10,32,150,150,150,150,150,628,15,6,959.9685889983518,1.2431080031092279,136956.09367900033,50.75796178343949
1781535399,20,GET,/api/products [GET],6.200000,0.000000,2,2,2,3,8,30,40,150,150,150,150,818,22,2,547.8319854804067,0.9872619993984699,136776.4473399984,116.77261613691931
1781535399,20,,Aggregated,15.600000,0.000000,5,7,10,10,18,40,150,150,250,250,250,2036,54,6,759.2562957224494,0.9872619993984699,136956.09367900033,75.23624754420432
1781535400,20,GET,/api/load/cpu [GET],4.100000,0.000000,10,12,12,13,23,82,150,150,150,150,150,592,17,12,835.9488967195307,1.4693439989059698,69234.25248000058,43.707770270270274
1781535400,20,GET,/api/load/memory [GET],5.000000,0.000000,5,7,7,8,10,13,32,150,150,150,150,636,15,6,947.9656173128392,1.2431080031092279,136956.09367900033,50.77358490566038
1781535400,20,GET,/api/products [GET],6.800000,0.000000,2,2,2,3,4,23,31,40,40,40,40,825,22,2,543.2067821805791,0.9872619993984699,136776.4473399984,116.8
1781535400,20,,Aggregated,15.900000,0.000000,5,7,10,10,12,30,40,150,150,150,150,2053,54,6,753.0119214651285,0.9872619993984699,136956.09367900033,75.26887481734047
1781535401,20,GET,/api/load/cpu [GET],3.700000,0.000000,11,12,12,16,33,82,150,150,150,150,150,594,17,12,833.1709472861285,1.4693439989059698,69234.25248000058,43.71212121212121
1781535401,20,GET,/api/load/memory [GET],4.600000,0.000000,5,6,7,8,10,13,32,150,150,150,150,642,15,6,939.1586007834311,1.2431080031092279,136956.09367900033,50.78504672897196
1781535401,20,GET,/api/products [GET],6.600000,0.000000,2,2,3,4,5,23,31,40,40,40,40,829,22,2,540.6016154776609,0.9872619993984699,136776.4473399984,116.81544028950543
1781535401,20,,Aggregated,14.900000,0.000000,5,7,10,10,12,30,40,150,150,150,150,2065,54,6,748.6692995747733,0.9872619993984699,136956.09367900033,75.2585956416465
1781535402,20,GET,/api/load/cpu [GET],3.300000,0.000000,10,12,12,13,18,33,150,150,150,150,150,598,17,12,827.6847633561231,1.4693439989059698,69234.25248000058,43.720735785953174
1781535402,20,GET,/api/load/memory [GET],4.900000,0.000000,5,6,7,8,9,10,13,150,150,150,150,646,15,6,933.3890905231598,1.2431080031092279,136956.09367900033,50.79256965944273
1781535402,20,GET,/api/products [GET],7.100000,0.000000,2,2,3,4,5,14,30,40,40,40,40,840,22,2,533.5532169559359,0.9872619993984699,136776.4473399984,116.85714285714286
1781535402,20,,Aggregated,15.300000,0.000000,5,6,9,10,12,17,33,150,150,150,150,2084,54,6,741.8951742840268,0.9872619993984699,136956.09367900033,75.39203454894434
1781535403,20,GET,/api/load/cpu [GET],3.100000,0.000000,11,11,12,12,17,33,150,150,150,150,150,603,17,12,820.9110515140246,1.4693439989059698,69234.25248000058,43.73134328358209
1781535403,20,GET,/api/load/memory [GET],5.300000,0.000000,5,6,7,8,9,10,13,150,150,150,150,650,15,6,927.6817643553264,1.2431080031092279,136956.09367900033,50.8
1781535403,20,GET,/api/products [GET],7.200000,0.000000,2,2,3,4,4,5,23,40,40,40,40,845,22,2,530.4085732851966,0.9872619993984699,136776.4473399984,116.87573964497041
1781535403,20,,Aggregated,15.600000,0.000000,5,7,10,10,12,14,33,150,150,150,150,2098,54,6,736.9865373307497,0.9872619993984699,136956.09367900033,75.38131553860819
1781535404,20,GET,/api/load/cpu [GET],3.100000,0.000000,11,12,12,12,17,33,150,150,150,150,150,612,17,11,809.0029571306461,1.4693439989059698,69234.25248000058,43.75
1781535404,20,GET,/api/load/memory [GET],5.800000,0.000000,5,6,7,8,9,10,13,150,150,150,150,654,15,6,922.0406592828166,1.2431080031092279,136956.09367900033,50.80733944954128
1781535404,20,GET,/api/products [GET],6.900000,0.000000,2,2,3,4,4,5,23,40,40,40,40,849,22,2,527.9231441448609,0.9872619993984699,136776.4473399984,116.8904593639576
1781535404,20,,Aggregated,15.800000,0.000000,5,8,10,10,12,14,33,150,150,150,150,2115,54,6,731.1258393919185,0.9872619993984699,136956.09367900033,75.29219858156029
1781535405,20,GET,/api/load/cpu [GET],3.000000,0.000000,11,12,13,13,17,33,150,150,150,150,150,617,17,12,802.6710817357531,1.4693439989059698,69234.25248000058,43.76012965964344
1781535405,20,GET,/api/load/memory [GET],5.600000,0.000000,5,6,7,8,9,9,150,150,150,150,150,656,15,6,919.2509589679331,1.2431080031092279,136956.09367900033,50.8109756097561
1781535405,20,GET,/api/products [GET],7.000000,0.000000,2,3,3,4,4,5,23,40,40,40,40,855,22,2,524.2319354900391,0.9848619993135799,136776.4473399984,116.91228070175438
1781535405,20,,Aggregated,15.600000,0.000000,5,9,10,10,12,17,40,150,150,150,150,2128,54,6,726.7363681193186,0.9848619993135799,136956.09367900033,75.32518796992481
1781535406,20,GET,/api/load/cpu [GET],3.500000,0.000000,11,12,13,13,17,85,150,150,150,150,150,623,17,12,795.050279686945,1.4693439989059698,69234.25248000058,43.77207062600321
1781535406,20,GET,/api/load/memory [GET],5.200000,0.000000,5,6,8,8,9,9,10,150,150,150,150,665,15,6,906.8959492826517,1.2431080031092279,136956.09367900033,50.82706766917293
1781535406,20,GET,/api/products [GET],6.600000,0.000000,2,2,3,4,4,5,5,14,14,14,14,860,22,2,521.1997180383506,0.9848619993135799,136776.4473399984,116.93023255813954
1781535406,20,,Aggregated,15.300000,0.000000,5,8,10,10,12,13,17,150,150,150,150,2148,54,6,720.0343985246342,0.9848619993135799,136956.09367900033,75.24674115456239
1781535407,20,GET,/api/load/cpu [GET],4.200000,0.000000,11,12,13,13,17,85,150,150,150,150,150,624,17,12,793.7928204694932,1.4693439989059698,69234.25248000058,43.77403846153846
1781535407,20,GET,/api/load/memory [GET],5.200000,0.000000,5,6,8,9,9,10,150,150,150,150,150,671,15,6,898.8442294619399,1.2431080031092279,136956.09367900033,50.83755588673621
1781535407,20,GET,/api/products [GET],6.600000,0.000000,2,3,3,4,4,5,5,14,14,14,14,866,22,2,517.6057160981318,0.9848619993135799,136776.4473399984,116.95150115473442
1781535407,20,,Aggregated,16.000000,0.000000,5,8,10,10,12,13,85,150,150,150,150,2161,54,6,715.7324146612266,0.9848619993135799,136956.09367900033,75.29245719574271
1781535408,20,GET,/api/load/cpu [GET],4.400000,0.000000,11,12,13,13,29,85,150,150,150,150,150,630,17,12,786.6144524300976,1.4693439989059698,69234.25248000058,43.785714285714285
1781535408,20,GET,/api/load/memory [GET],5.000000,0.000000,5,6,8,9,9,17,44,150,150,150,150,679,15,6,888.394554603783,1.2431080031092279,136956.09367900033,50.85125184094256
1781535408,20,GET,/api/products [GET],6.500000,0.000000,2,3,3,4,4,5,14,36,36,36,36,871,22,2,514.6865512077837,0.9848619993135799,136776.4473399984,116.96900114810562
1781535408,20,,Aggregated,15.900000,0.000000,5,9,10,11,13,29,85,150,150,150,150,2180,54,6,709.6692631692258,0.9848619993135799,136956.09367900033,75.22614678899083
1781535409,20,GET,/api/load/cpu [GET],4.000000,0.000000,11,12,13,13,18,76,100,100,100,100,100,634,17,12,781.732014794896,1.4693439989059698,69234.25248000058,43.793375394321764
1781535409,20,GET,/api/load/memory [GET],5.100000,0.000000,5,6,8,9,10,36,44,49,49,49,49,685,15,6,880.7729496422913,1.2431080031092279,136956.09367900033,50.86131386861314
1781535409,20,GET,/api/products [GET],6.600000,0.000000,2,3,3,4,4,5,36,80,80,80,80,877,22,2,511.2689822747768,0.9848619993135799,136776.4473399984,116.9897377423033
1781535409,20,,Aggregated,15.700000,0.000000,5,9,10,11,13,36,76,85,100,100,100,2196,54,6,704.6131445081583,0.9848619993135799,136956.09367900033,75.22996357012751
1781535410,20,GET,/api/load/cpu [GET],3.800000,0.000000,11,12,13,13,17,76,85,100,100,100,100,643,17,11,770.9461573218708,1.4693439989059698,69234.25248000058,43.810264385692065
1781535410,20,GET,/api/load/memory [GET],5.100000,0.000000,6,7,8,9,10,36,44,49,49,49,49,690,15,6,874.4384594521357,1.2431080031092279,136956.09367900033,50.869565217391305
1781535410,20,GET,/api/products [GET],6.200000,0.000000,2,3,3,3,4,5,36,80,80,80,80,882,22,2,508.38231951358466,0.9848619993135799,136776.4473399984,117.00680272108843
1781535410,20,,Aggregated,15.100000,0.000000,6,10,10,11,13,29,76,85,100,100,100,2215,54,6,698.6339151200547,0.9848619993135799,136956.09367900033,75.15575620767494
1781535411,20,GET,/api/load/cpu [GET],4.400000,0.000000,11,12,14,14,74,85,100,180,180,180,180,647,17,12,766.7206324775328,1.4693439989059698,69234.25248000058,43.81761978361669
1781535411,20,GET,/api/load/memory [GET],5.700000,0.000000,6,8,9,9,30,44,84,84,84,84,84,693,15,6,870.832847887403,1.2431080031092279,136956.09367900033,50.874458874458874
1781535411,20,GET,/api/products [GET],6.000000,0.000000,2,3,3,3,4,36,41,80,80,80,80,888,22,2,505.009896583315,0.9848619993135799,136776.4473399984,117.02702702702703
1781535411,20,,Aggregated,16.100000,0.000000,6,10,11,12,18,74,84,100,180,180,180,2228,54,6,694.7954223361404,0.9848619993135799,136956.09367900033,75.19120287253142
1781535412,20,GET,/api/load/cpu [GET],4.500000,0.000000,11,12,14,17,74,85,100,180,180,180,180,656,17,11,756.4510199435309,1.4693439989059698,69234.25248000058,43.833841463414636
1781535412,20,GET,/api/load/memory [GET],5.900000,0.000000,6,8,9,10,30,44,84,84,84,84,84,695,15,6,868.3499609265806,1.2431080031092279,136956.09367900033,50.87769784172662
1781535412,20,GET,/api/products [GET],5.900000,0.000000,2,3,3,3,5,41,43,80,80,80,80,898,22,2,499.4757505345046,0.9848619993135799,136776.4473399984,117.06013363028953
1781535412,20,,Aggregated,16.300000,0.000000,7,10,11,12,29,59,84,100,180,180,180,2249,54,6,688.4234397096125,0.9848619993135799,136956.09367900033,75.24899955535794
1781535413,20,GET,/api/load/cpu [GET],5.100000,0.000000,12,13,17,20,74,85,100,180,180,180,180,660,17,12,751.9584376256856,1.4693439989059698,69234.25248000058,43.84090909090909
1781535413,20,GET,/api/load/memory [GET],5.300000,0.000000,6,8,9,10,17,44,49,84,84,84,84,701,15,6,860.9835524293464,1.2431080031092279,136956.09367900033,50.88730385164051
1781535413,20,GET,/api/products [GET],5.800000,0.000000,2,3,3,4,5,41,43,80,80,80,80,904,22,2,496.17690729644085,0.9848619993135799,136776.4473399984,117.07964601769912
1781535413,20,,Aggregated,16.200000,0.000000,6,10,12,13,29,59,84,100,180,180,180,2265,54,6,683.614111824243,0.9848619993135799,136956.09367900033,75.25253863134658
1781535414,20,GET,/api/load/cpu [GET],5.300000,0.000000,12,15,19,20,74,85,100,180,180,180,180,665,17,12,746.4726558540617,1.4693439989059698,69234.25248000058,43.849624060150376
1781535414,20,GET,/api/load/memory [GET],4.900000,0.000000,6,8,9,10,17,44,49,84,84,84,84,705,15,6,856.1323986950017,1.2431080031092279,136956.09367900033,50.8936170212766
1781535414,20,GET,/api/products [GET],5.900000,0.000000,2,3,3,4,5,41,43,80,80,80,80,910,22,2,492.9222023889887,0.9848619993135799,136776.4473399984,117.0989010989011
1781535414,20,,Aggregated,16.100000,0.000000,6,10,12,14,36,74,84,100,180,180,180,2280,54,6,679.1828339460134,0.9848619993135799,136956.09367900033,75.26315789473684
1781535415,20,GET,/api/load/cpu [GET],5.800000,0.000000,11,14,18,19,61,81,100,180,180,180,180,676,17,12,734.5261009673812,1.4693439989059698,69234.25248000058,43.86834319526627
1781535415,20,GET,/api/load/memory [GET],4.700000,0.000000,6,7,9,10,17,44,49,84,84,84,84,709,15,6,851.3306570648464,1.2431080031092279,136956.09367900033,50.89985895627645
1781535415,20,GET,/api/products [GET],5.800000,0.000000,2,3,4,4,5,41,43,80,80,80,80,915,22,2,490.24370503713203,0.9848619993135799,136776.4473399984,117.11475409836065
1781535415,20,,Aggregated,16.300000,0.000000,6,10,11,12,29,59,81,100,180,180,180,2300,54,6,673.350465313872,0.9848619993135799,136956.09367900033,75.17521739130434
1781535416,20,GET,/api/load/cpu [GET],5.500000,0.000000,11,14,16,19,61,81,100,180,180,180,180,680,17,12,730.2721523278655,1.4693439989059698,69234.25248000058,43.875
1781535416,20,GET,/api/load/memory [GET],5.100000,0.000000,6,7,10,10,30,44,84,84,84,84,84,713,15,6,846.5850374403591,1.2431080031092279,136956.09367900033,50.906030855539974
1781535416,20,GET,/api/products [GET],6.100000,0.000000,2,3,3,4,5,41,43,80,80,80,80,921,22,2,487.06237650594545,0.9848619993135799,136776.4473399984,117.13355048859935
1781535416,20,,Aggregated,16.700000,0.000000,6,10,12,14,29,59,81,100,180,180,180,2314,54,6,669.3105635436058,0.9848619993135799,136956.09367900033,75.19922212618842
1781535417,20,GET,/api/load/cpu [GET],5.200000,0.000000,12,14,16,19,61,81,100,180,180,180,180,683,17,12,727.1293725445843,1.4693439989059698,69234.25248000058,43.879941434846266
1781535417,20,GET,/api/load/memory [GET],5.100000,0.000000,6,8,10,11,30,44,84,84,84,84,84,718,15,6,840.7448765097123,1.2431080031092279,136956.09367900033,50.91364902506964
1781535417,20,GET,/api/products [GET],5.800000,0.000000,2,3,3,4,5,36,43,80,80,80,80,932,22,2,481.3442531351666,0.9848619993135799,136776.4473399984,117.16738197424893
1781535417,20,,Aggregated,16.100000,0.000000,6,10,12,14,23,59,81,100,180,180,180,2333,54,6,663.9078554238763,0.9848619993135799,136956.09367900033,75.32190312901844
1781535418,20,GET,/api/load/cpu [GET],5.600000,0.000000,12,14,16,17,23,74,81,180,180,180,180,689,17,12,720.921506968002,1.4693439989059698,69234.25248000058,43.88969521044993
1781535418,20,GET,/api/load/memory [GET],5.100000,0.000000,6,7,9,9,12,30,84,84,84,84,84,726,15,6,831.5485182272407,1.2431080031092279,136956.09367900033,50.925619834710744
1781535418,20,GET,/api/products [GET],6.100000,0.000000,2,3,3,4,5,22,43,80,80,80,80,941,22,2,476.7587570807331,0.9848619993135799,136776.4473399984,117.19447396386822
1781535418,20,,Aggregated,16.800000,0.000000,6,10,11,12,18,41,80,84,180,180,180,2356,54,6,657.4911430165124,0.9848619993135799,136956.09367900033,75.33616298811545
1781535419,20,GET,/api/load/cpu [GET],5.700000,0.000000,12,15,16,18,23,74,81,180,180,180,180,690,17,12,719.890890412975,1.4693439989059698,69234.25248000058,43.891304347826086
1781535419,20,GET,/api/load/memory [GET],4.900000,0.000000,6,7,9,10,11,14,84,84,84,84,84,730,15,6,827.0272328766854,1.2431080031092279,136956.09367900033,50.93150684931507
1781535419,20,GET,/api/products [GET],6.200000,0.000000,2,2,3,3,5,7,41,43,43,43,43,945,22,2,474.7472873597599,0.9848619993135799,136776.4473399984,117.2063492063492
1781535419,20,,Aggregated,16.800000,0.000000,5,10,11,12,17,30,74,84,180,180,180,2365,54,6,655.0066727018645,0.9848619993135799,136956.09367900033,75.35940803382664
1781535420,20,GET,/api/load/cpu [GET],6.000000,0.000000,12,16,19,23,120,170,180,190,190,190,190,697,17,12,713.7832464360854,1.4693439989059698,69234.25248000058,43.90243902439025
1781535420,20,GET,/api/load/memory [GET],4.900000,0.000000,6,7,9,10,12,30,90,90,90,90,90,733,15,6,823.7803446329847,1.2431080031092279,136956.09367900033,50.93587994542974
1781535420,20,GET,/api/products [GET],6.800000,0.000000,2,3,3,4,5,39,43,44,44,44,44,952,22,2,471.35470731719937,0.9848619993135799,136776.4473399984,117.22689075630252
1781535420,20,,Aggregated,17.700000,0.000000,6,10,12,14,30,81,160,180,190,190,190,2382,54,6,650.7420641259054,0.9848619993135799,136956.09367900033,75.37195633921074
1781535421,20,GET,/api/load/cpu [GET],5.800000,0.000000,12,15,16,18,61,160,170,190,190,190,190,701,17,12,709.7713580427258,1.4693439989059698,69234.25248000058,43.90870185449358
1781535421,20,GET,/api/load/memory [GET],4.600000,0.000000,5,7,8,9,11,12,90,90,90,90,90,736,15,6,820.4479784863832,1.2431080031092279,136956.09367900033,50.94021739130435
1781535421,20,GET,/api/products [GET],7.300000,0.000000,2,2,3,3,4,7,39,44,44,44,44,958,22,2,468.4163210720016,0.9848619993135799,136776.4473399984,117.24425887265136
1781535421,20,,Aggregated,17.700000,0.000000,5,10,11,12,17,39,130,170,190,190,190,2395,54,6,647.2410312070607,0.9848619993135799,136956.09367900033,75.40375782881001
1781535422,20,GET,/api/load/cpu [GET],5.500000,0.000000,12,15,16,18,120,160,190,190,190,190,190,707,17,12,703.8501657651381,1.4693439989059698,69234.25248000058,43.91796322489392
1781535422,20,GET,/api/load/memory [GET],4.300000,0.000000,6,7,8,9,10,11,90,90,90,90,90,738,15,6,818.2420596097253,1.2431080031092279,136956.09367900033,50.94308943089431
1781535422,20,GET,/api/products [GET],6.700000,0.000000,2,2,3,3,4,5,39,44,44,44,44,965,22,2,465.03107346629895,0.9848619993135799,136776.4473399984,117.26424870466322
1781535422,20,,Aggregated,16.500000,0.000000,5,10,11,12,16,44,130,170,190,190,190,2410,54,6,643.2529846817064,0.9848619993135799,136956.09367900033,75.43817427385892
1781535423,20,GET,/api/load/cpu [GET],5.500000,0.000000,12,14,15,16,61,160,170,190,190,190,190,711,17,12,699.9480564907943,1.4693439989059698,69234.25248000058,43.924050632911396
1781535423,20,GET,/api/load/memory [GET],4.300000,0.000000,5,6,7,8,9,11,90,90,90,90,90,743,15,6,812.7743784656601,1.2431080031092279,136956.09367900033,50.950201884253026
1781535423,20,GET,/api/products [GET],6.900000,0.000000,2,2,3,3,4,7,44,65,65,65,65,970,22,2,462.7088344618273,0.9848619993135799,136776.4473399984,117.27835051546391
1781535423,20,,Aggregated,16.700000,0.000000,5,10,11,12,15,61,130,170,190,190,190,2424,54,6,639.5965349805763,0.9848619993135799,136956.09367900033,75.43151815181518
1781535424,20,GET,/api/load/cpu [GET],5.300000,0.000000,12,12,14,15,18,160,170,190,190,190,190,719,17,12,692.2827643615523,1.4693439989059698,69234.25248000058,43.936022253129345
1781535424,20,GET,/api/load/memory [GET],4.300000,0.000000,5,6,7,7,9,11,90,90,90,90,90,748,15,6,807.3766678943713,1.2431080031092279,136956.09367900033,50.9572192513369
1781535424,20,GET,/api/products [GET],7.000000,0.000000,2,2,3,3,4,7,44,65,65,65,65,973,22,2,461.28787423943754,0.9848619993135799,136776.4473399984,117.28674203494347
1781535424,20,,Aggregated,16.600000,0.000000,5,10,11,11,15,44,130,170,190,190,190,2440,54,6,635.4517036048863,0.9848619993135799,136956.09367900033,75.33852459016393
1781535425,20,GET,/api/load/cpu [GET],5.100000,0.000000,12,12,14,15,120,160,190,190,190,190,190,724,17,12,687.5853168673443,1.4693439989059698,69234.25248000058,43.943370165745854
1781535425,20,GET,/api/load/memory [GET],4.300000,0.000000,5,7,7,8,9,11,90,90,90,90,90,755,15,6,799.947693078133,1.2431080031092279,136956.09367900033,50.966887417218544
1781535425,20,GET,/api/products [GET],6.800000,0.000000,2,2,3,3,4,39,44,65,65,65,65,976,22,2,459.8770678104209,0.9848619993135799,136776.4473399984,117.29508196721312
1781535425,20,,Aggregated,16.200000,0.000000,5,10,11,11,14,44,130,170,190,190,190,2455,54,6,631.6139698040419,0.9848619993135799,136956.09367900033,75.26476578411405
1781535426,20,GET,/api/load/cpu [GET],5.100000,0.000000,11,12,14,15,120,160,190,190,190,190,190,730,17,11,682.0204778629524,1.4693439989059698,69234.25248000058,43.95205479452055
1781535426,20,GET,/api/load/memory [GET],4.200000,0.000000,5,7,7,8,9,11,90,90,90,90,90,757,15,6,797.8467047291828,1.2431080031092279,136956.09367900033,50.969616908850725
1781535426,20,GET,/api/products [GET],6.400000,0.000000,2,2,3,3,4,39,44,65,65,65,65,980,22,2,458.0094249652739,0.9848619993135799,136776.4473399984,117.3061224489796
1781535426,20,,Aggregated,15.700000,0.000000,5,10,11,11,15,44,160,170,190,190,190,2467,54,6,628.574844258581,0.9848619993135799,136956.09367900033,75.24483177948926
1781535427,20,GET,/api/load/cpu [GET],5.500000,0.000000,11,12,13,13,18,160,170,190,190,190,190,735,17,11,677.4603972911009,1.4693439989059698,69234.25248000058,43.95918367346939
1781535427,20,GET,/api/load/memory [GET],4.300000,0.000000,5,6,7,7,9,11,90,90,90,90,90,761,15,6,793.6865619500527,1.2431080031092279,136956.09367900033,50.975032851511166
1781535427,20,GET,/api/products [GET],6.300000,0.000000,2,2,3,3,3,39,44,65,65,65,65,987,22,2,454.77469724616634,0.9848619993135799,136776.4473399984,117.32522796352583
1781535427,20,,Aggregated,16.100000,0.000000,5,10,11,11,13,44,160,170,190,190,190,2483,54,6,624.563629413983,0.9848619993135799,136956.09367900033,75.27265404752316
1781535428,20,GET,/api/load/cpu [GET],4.900000,0.000000,11,11,12,13,16,160,170,190,190,190,190,741,17,11,672.0616412725508,1.4693439989059698,69234.25248000058,43.96761133603239
1781535428,20,GET,/api/load/memory [GET],4.600000,0.000000,5,6,7,7,11,12,90,90,90,90,90,764,15,6,790.6001663363772,1.2431080031092279,136956.09367900033,50.97905759162304
1781535428,20,GET,/api/products [GET],6.000000,0.000000,2,2,3,3,4,39,65,65,65,65,65,994,22,2,451.5868809768203,0.9848619993135799,136776.4473399984,117.34406438631791
1781535428,20,,Aggregated,15.500000,0.000000,6,10,11,11,13,65,160,170,190,190,190,2499,54,6,620.605667448946,0.9848619993135799,136956.09367900033,75.29731892757103
1781535429,20,GET,/api/load/cpu [GET],5.300000,0.000000,11,11,12,13,16,160,170,190,190,190,190,745,17,11,668.514962385185,1.4693439989059698,69234.25248000058,43.97315436241611
1781535429,20,GET,/api/load/memory [GET],4.400000,0.000000,5,6,7,7,9,12,90,90,90,90,90,767,15,6,787.5303880404102,1.2431080031092279,136956.09367900033,50.983050847457626
1781535429,20,GET,/api/products [GET],5.600000,0.000000,2,2,2,3,3,39,44,65,65,65,65,1002,22,2,447.9978022644246,0.9848619993135799,136776.4473399984,117.36526946107784
1781535429,20,,Aggregated,15.300000,0.000000,5,10,11,11,13,44,160,170,190,190,190,2514,54,6,616.9344679685423,0.9848619993135799,136956.09367900033,75.36356404136833
1781535430,20,GET,/api/load/cpu [GET],5.200000,0.000000,11,11,12,12,13,14,15,16,16,16,16,754,17,11,660.6667489243539,1.4693439989059698,69234.25248000058,43.98541114058355
1781535430,20,GET,/api/load/memory [GET],4.000000,0.000000,5,7,7,7,9,11,12,12,12,12,12,771,15,6,783.4800600830031,1.2431080031092279,136956.09367900033,50.988326848249024
1781535430,20,GET,/api/products [GET],5.400000,0.000000,2,2,2,3,3,4,4,65,65,65,65,1007,22,2,445.7826817616234,0.9848619993135799,136776.4473399984,117.37835153922542
1781535430,20,,Aggregated,14.600000,0.000000,5,10,10,11,12,13,15,16,65,65,65,2532,54,6,612.6022968194779,0.9848619993135799,136956.09367900033,75.30687203791469
1781535431,20,GET,/api/load/cpu [GET],5.200000,0.000000,11,11,12,12,13,14,15,16,16,16,16,757,17,11,658.0909358176498,1.4693439989059698,69234.25248000058,43.989431968295904
1781535431,20,GET,/api/load/memory [GET],3.800000,0.000000,5,6,7,7,8,9,12,12,12,12,12,777,15,6,777.4748177104258,1.2431080031092279,136956.09367900033,50.996138996138995
1781535431,20,GET,/api/products [GET],5.000000,0.000000,2,2,2,3,3,4,4,65,65,65,65,1014,22,2,442.72071887865013,0.9848619993135799,136776.4473399984,117.39644970414201
1781535431,20,,Aggregated,14.000000,0.000000,5,10,10,11,12,13,14,16,65,65,65,2548,54,6,608.7879045203763,0.9848619993135799,136956.09367900033,75.33908948194663
1781535432,20,GET,/api/load/cpu [GET],5.500000,0.000000,11,11,11,12,14,16,18,62,62,62,62,762,17,11,653.925734085244,1.4693439989059698,69234.25248000058,43.996062992125985
1781535432,20,GET,/api/load/memory [GET],3.700000,0.000000,5,6,7,7,9,11,36,36,36,36,36,784,15,6,770.6259468214336,1.2431080031092279,136956.09367900033,51.005102040816325
1781535432,20,GET,/api/products [GET],5.700000,0.000000,2,2,2,3,3,4,4,65,65,65,65,1018,22,2,440.9878634665504,0.9848619993135799,136776.4473399984,117.40667976424362
1781535432,20,,Aggregated,14.900000,0.000000,5,10,10,11,12,14,18,62,65,65,65,2564,54,6,605.0654433267996,0.9848619993135799,136956.09367900033,75.28588143525741
1781535433,20,GET,/api/load/cpu [GET],5.600000,0.000000,11,11,12,12,14,16,18,62,62,62,62,764,17,11,652.2441825444448,1.4693439989059698,69234.25248000058,43.99869109947644
1781535433,20,GET,/api/load/memory [GET],3.800000,0.000000,5,6,7,7,9,11,36,36,36,36,36,789,15,6,765.7761976539963,1.2431080031092279,136956.09367900033,51.01140684410647
1781535433,20,GET,/api/products [GET],5.700000,0.000000,2,2,2,3,3,4,4,4,4,4,4,1026,22,2,437.56448905940294,0.9848619993135799,136776.4473399984,117.42690058479532
1781535433,20,,Aggregated,15.100000,0.000000,5,10,10,11,12,14,16,36,62,62,62,2579,54,6,601.5715941015559,0.9848619993135799,136956.09367900033,75.35595191934858
1781535434,20,GET,/api/load/cpu [GET],5.700000,0.000000,11,11,12,12,16,18,62,62,62,62,62,768,17,11,648.9519974621771,1.4693439989059698,69234.25248000058,44.00390625
1781535434,20,GET,/api/load/memory [GET],4.100000,0.000000,5,6,7,7,9,11,36,36,36,36,36,794,15,6,760.989765275826,1.2431080031092279,136956.09367900033,51.0176322418136
1781535434,20,GET,/api/products [GET],5.500000,0.000000,2,2,2,2,3,4,4,4,4,4,4,1033,22,2,434.6121069563851,0.9848619993135799,136776.4473399984,117.44433688286544
1781535434,20,,Aggregated,15.300000,0.000000,5,9,10,10,11,14,18,47,62,62,62,2595,54,6,597.9095622990019,0.9848619993135799,136956.09367900033,75.38458574181118
1781535435,20,GET,/api/load/cpu [GET],5.500000,0.000000,11,11,11,13,16,18,62,62,62,62,62,770,17,11,647.2937339531861,1.4693439989059698,69234.25248000058,44.006493506493506
1781535435,20,GET,/api/load/memory [GET],4.600000,0.000000,5,6,7,7,10,11,36,36,36,36,36,801,15,6,754.3921456754092,1.2431080031092279,136956.09367900033,51.02621722846442
1781535435,20,GET,/api/products [GET],5.200000,0.000000,2,2,2,2,3,3,4,4,4,4,4,1043,22,2,430.4652519136598,0.9848619993135799,136776.4473399984,117.46883988494727
1781535435,20,,Aggregated,15.300000,0.000000,5,7,10,10,11,14,18,47,62,62,62,2614,54,6,593.5958460504626,0.9848619993135799,136956.09367900033,75.46939556235654
1781535436,20,GET,/api/load/cpu [GET],5.400000,0.000000,11,11,11,12,14,18,62,62,62,62,62,774,17,11,644.0038625516173,1.4693439989059698,69234.25248000058,44.01162790697674
1781535436,20,GET,/api/load/memory [GET],4.600000,0.000000,5,6,7,7,9,10,36,36,36,36,36,804,15,6,751.6056412549826,1.2431080031092279,136956.09367900033,51.02985074626866
1781535436,20,GET,/api/products [GET],5.600000,0.000000,2,2,2,2,3,3,4,14,14,14,14,1048,22,2,428.4329469846814,0.9848619993135799,136776.4473399984,117.48091603053435
1781535436,20,,Aggregated,15.600000,0.000000,5,7,10,10,11,14,18,47,62,62,62,2626,54,6,590.9168521035452,0.9848619993135799,136956.09367900033,75.48095963442498
1781535437,22,GET,/api/load/cpu [GET],4.700000,0.000000,11,11,13,13,18,22,62,62,62,62,62,784,17,11,635.9615185484117,1.4693439989059698,69234.25248000058,44.02423469387755
1781535437,22,GET,/api/load/memory [GET],4.700000,0.000000,6,7,8,8,10,12,36,36,36,36,36,809,15,6,747.0121334363564,1.2431080031092279,136956.09367900033,51.03584672435105
1781535437,22,GET,/api/products [GET],6.100000,0.000000,2,2,2,2,3,3,4,14,14,14,14,1053,22,2,426.40732335227085,0.9848619993135799,136776.4473399984,117.4928774928775
1781535437,22,,Aggregated,15.500000,0.000000,5,10,10,11,12,14,22,47,62,62,62,2646,54,6,586.5206190407839,0.9848619993135799,136956.09367900033,75.40551776266062
1781535438,23,GET,/api/load/cpu [GET],4.500000,0.000000,11,11,13,13,18,22,62,62,62,62,62,788,17,11,632.7889892359814,1.4693439989059698,69234.25248000058,44.02918781725889
1781535438,23,GET,/api/load/memory [GET],4.700000,0.000000,6,7,7,8,10,12,36,36,36,36,36,814,15,6,742.4674317027146,1.2431080031092279,136956.09367900033,51.041769041769044
1781535438,23,GET,/api/products [GET],6.600000,0.000000,2,2,2,2,3,3,4,14,14,14,14,1064,22,2,422.0187258364108,0.9848619993135799,136776.4473399984,117.5187969924812
1781535438,23,,Aggregated,15.800000,0.000000,5,9,10,10,12,14,22,47,62,62,62,2666,54,6,582.1583410404766,0.9848619993135799,136956.09367900033,75.5
1781535439,24,GET,/api/load/cpu [GET],4.300000,0.000000,11,11,12,13,16,22,47,62,62,62,62,796,17,11,626.5356297185393,1.4693439989059698,69234.25248000058,44.03894472361809
1781535439,24,GET,/api/load/memory [GET],4.700000,0.000000,6,7,7,8,10,12,13,36,36,36,36,820,15,6,737.0773343865947,1.2431080031092279,136956.09367900033,51.048780487804876
1781535439,24,GET,/api/products [GET],6.800000,0.000000,2,2,2,3,3,3,4,14,14,14,14,1070,22,2,419.6658879653655,0.9848619993135799,136776.4473399984,117.53271028037383
1781535439,24,,Aggregated,15.800000,0.000000,5,9,10,10,12,14,22,47,62,62,62,2686,54,6,577.8735203186569,0.9848619993135799,136956.09367900033,75.4560685033507
1781535440,26,GET,/api/load/cpu [GET],4.800000,0.000000,11,11,12,13,20,22,62,62,62,62,62,803,17,11,621.1805966973353,1.4693439989059698,69234.25248000058,44.047322540473225
1781535440,26,GET,/api/load/memory [GET],5.000000,0.000000,6,6,8,8,10,13,18,36,36,36,36,828,15,6,730.0292499649792,1.2431080031092279,136956.09367900033,51.05797101449275
1781535440,26,GET,/api/products [GET],6.600000,0.000000,2,2,3,3,3,3,4,14,14,14,14,1081,22,2,415.41834149948846,0.9848619993135799,136776.4473399984,117.55781683626272
1781535440,26,,Aggregated,16.400000,0.000000,5,9,10,11,12,16,22,47,62,62,62,2712,54,6,572.3965579940694,0.9848619993135799,136956.09367900033,75.48893805309734
1781535441,27,GET,/api/load/cpu [GET],4.900000,0.000000,11,12,13,15,20,22,62,62,62,62,62,808,17,11,617.4140931583688,1.4693439989059698,69234.25248000058,44.05321782178218
1781535441,27,GET,/api/load/memory [GET],5.000000,0.000000,6,7,8,8,10,13,18,36,36,36,36,835,15,6,723.9631663389312,1.2431080031092279,136956.09367900033,51.06586826347306
1781535441,27,GET,/api/products [GET],7.000000,0.000000,2,2,2,3,3,3,4,14,14,14,14,1087,22,2,413.1336248647195,0.9848619993135799,136776.4473399984,117.57129714811407
1781535441,27,,Aggregated,16.900000,0.000000,5,9,10,11,12,16,22,47,62,62,62,2730,54,6,568.6652312794599,0.9848619993135799,136956.09367900033,75.47069597069597
1781535442,28,GET,/api/load/cpu [GET],5.300000,0.000000,11,11,12,13,18,22,41,47,47,47,47,818,17,11,610.0430030867495,1.4693439989059698,69234.25248000058,44.06479217603912
1781535442,28,GET,/api/load/memory [GET],5.400000,0.000000,6,7,8,8,10,13,14,18,18,18,18,842,15,6,718.003931434687,1.2431080031092279,136956.09367900033,51.073634204275535
1781535442,28,GET,/api/products [GET],6.900000,0.000000,2,2,2,3,3,3,4,14,14,14,14,1094,22,2,410.50172408313193,0.9848619993135799,136776.4473399984,117.58683729433272
1781535442,28,,Aggregated,17.600000,0.000000,5,9,10,11,12,15,20,41,47,47,47,2754,54,6,563.7848122512418,0.9848619993135799,136956.09367900033,75.41358024691358
1781535443,30,GET,/api/load/cpu [GET],5.000000,0.000000,11,12,12,15,20,47,62,99,99,99,99,824,17,11,605.8521896225323,1.4693439989059698,69234.25248000058,44.07160194174757
1781535443,30,GET,/api/load/memory [GET],5.800000,0.000000,6,7,8,8,10,13,14,18,18,18,18,849,15,6,712.1294961413572,1.2431080031092279,136956.09367900033,51.081272084805654
1781535443,30,GET,/api/products [GET],7.200000,0.000000,2,2,2,3,3,4,11,14,14,14,14,1106,22,2,406.08391486433,0.9848619993135799,136776.4473399984,117.6130198915009
1781535443,30,,Aggregated,18.000000,0.000000,5,10,10,11,12,15,41,62,99,99,99,2779,54,6,558.8157453447042,0.9848619993135799,136956.09367900033,75.48146815401223
1781535444,31,GET,/api/load/cpu [GET],5.100000,0.000000,11,12,14,15,22,62,140,160,160,160,160,831,17,11,601.2258485354605,1.4693439989059698,69234.25248000058,44.07942238267148
1781535444,31,GET,/api/load/memory [GET],5.900000,0.000000,6,7,8,8,10,14,18,80,80,80,80,855,15,6,707.2624939497233,1.2431080031092279,136956.09367900033,51.08771929824562
1781535444,31,GET,/api/products [GET],7.200000,0.000000,2,2,3,3,4,11,27,83,83,83,83,1116,22,2,402.5825877822096,0.9848619993135799,136776.4473399984,117.63440860215054
1781535444,31,,Aggregated,18.200000,0.000000,6,10,10,11,14,20,80,99,160,160,160,2802,54,6,554.4647681744943,0.9848619993135799,136956.09367900033,75.51391862955032
1781535445,32,GET,/api/load/cpu [GET],5.500000,0.000000,11,12,14,15,41,62,140,160,160,160,160,838,17,11,596.340187486848,1.4693439989059698,69234.25248000058,44.08711217183771
1781535445,32,GET,/api/load/memory [GET],5.900000,0.000000,6,7,8,8,10,14,18,80,80,80,80,862,15,6,701.5712448248399,1.2431080031092279,136956.09367900033,51.09512761020882
1781535445,32,GET,/api/products [GET],7.800000,0.000000,2,2,3,3,4,11,27,83,83,83,83,1130,22,2,397.62156792738693,0.9848619993135799,136776.4473399984,117.66371681415929
1781535445,32,,Aggregated,19.200000,0.000000,6,10,11,11,14,22,80,99,160,160,160,2830,54,6,549.0458876010404,0.9848619993135799,136956.09367900033,75.60035335689047
1781535446,34,GET,/api/load/cpu [GET],6.000000,0.000000,11,12,14,18,41,62,140,160,160,160,160,845,17,11,591.5130885940553,1.4693439989059698,69234.25248000058,44.094674556213015
1781535446,34,GET,/api/load/memory [GET],6.000000,0.000000,6,7,8,8,10,14,28,80,80,80,80,867,15,6,697.5845497197353,1.2431080031092279,136956.09367900033,51.10034602076124
1781535446,34,GET,/api/products [GET],8.200000,0.000000,2,2,3,3,3,10,27,83,83,83,83,1143,22,2,393.1262661819237,0.9848619993135799,136776.4473399984,117.69028871391076
1781535446,34,,Aggregated,20.200000,0.000000,5,10,10,11,15,22,80,99,160,160,160,2855,54,6,544.3004156619726,0.9848619993135799,136956.09367900033,75.6861646234676
1781535447,35,GET,/api/load/cpu [GET],6.300000,0.000000,11,12,15,16,49,62,140,160,160,160,160,852,17,11,586.8209868286001,1.4693439989059698,69234.25248000058,44.102112676056336
1781535447,35,GET,/api/load/memory [GET],6.000000,0.000000,6,8,8,9,10,19,64,80,80,80,80,878,15,6,689.0144305763108,1.2431080031092279,136956.09367900033,51.111617312072894
1781535447,35,GET,/api/products [GET],8.300000,0.000000,2,2,3,3,5,11,56,83,83,83,83,1154,22,2,389.45354162560074,0.9848619993135799,136776.4473399984,117.71230502599653
1781535447,35,,Aggregated,20.600000,0.000000,5,10,10,11,16,41,80,99,160,160,160,2884,54,6,538.9582308806924,0.9848619993135799,136956.09367900033,75.69036061026353
1781535448,36,GET,/api/load/cpu [GET],6.800000,0.000000,11,12,15,16,41,62,140,160,160,160,160,861,17,11,580.8103822891542,1.4693439989059698,69234.25248000058,44.11149825783972
1781535448,36,GET,/api/load/memory [GET],6.000000,0.000000,6,8,8,9,9,19,64,80,80,80,80,887,15,6,682.0963822209706,1.2431080031092279,136956.09367900033,51.120631341600905
1781535448,36,GET,/api/products [GET],9.100000,0.000000,2,2,3,3,5,10,27,56,83,83,83,1167,22,2,385.13658315933515,0.9158610009762924,136776.4473399984,117.73778920308483
1781535448,36,,Aggregated,21.900000,0.000000,5,10,10,11,16,28,80,99,160,160,160,2915,54,6,533.2938671450814,0.9158610009762924,136956.09367900033,75.72006861063466
1781535449,38,GET,/api/load/cpu [GET],6.900000,0.000000,11,12,16,18,41,62,140,160,160,160,160,869,17,11,575.5935312795951,1.4693439989059698,69234.25248000058,44.11967779056387
1781535449,38,GET,/api/load/memory [GET],6.400000,0.000000,7,8,9,9,11,28,64,80,80,80,80,901,15,6,671.6641083951165,1.2431080031092279,136956.09367900033,51.13429522752497
1781535449,38,GET,/api/products [GET],9.700000,0.000000,2,2,3,3,5,10,27,56,83,83,83,1178,22,2,381.5579788165952,0.9158610009762924,136776.4473399984,117.75891341256367
1781535449,38,,Aggregated,23.000000,0.000000,5,9,10,11,16,41,64,99,160,160,160,2948,54,6,527.420433986405,0.9158610009762924,136956.09367900033,75.68928086838535
1781535450,39,GET,/api/load/cpu [GET],6.800000,0.000000,11,15,18,21,99,160,270,280,280,280,280,882,17,11,568.3877930589206,1.4693439989059698,69234.25248000058,44.13265306122449
1781535450,39,GET,/api/load/memory [GET],6.800000,0.000000,7,8,9,9,14,55,80,170,170,170,170,909,15,6,666.0376661441147,1.2431080031092279,136956.09367900033,51.14191419141914
1781535450,39,GET,/api/products [GET],10.000000,0.000000,2,2,3,3,5,11,56,66,83,83,83,1189,22,2,378.0974014532872,0.9158610009762924,136776.4473399984,117.77964676198486
1781535450,39,,Aggregated,23.600000,0.000000,6,10,11,11,21,62,140,230,280,280,280,2980,54,6,522.2496920573597,0.9158610009762924,136956.09367900033,75.65536912751678
1781535451,40,GET,/api/load/cpu [GET],7.300000,0.000000,11,14,17,21,62,140,270,280,280,280,280,894,17,11,560.9082838176456,1.4693439989059698,69234.25248000058,44.144295302013425
1781535451,40,GET,/api/load/memory [GET],7.400000,0.000000,7,8,9,9,13,44,80,170,170,170,170,918,15,6,659.5649112461812,1.2431080031092279,136956.09367900033,51.150326797385624
1781535451,40,GET,/api/products [GET],10.400000,0.000000,2,2,3,3,5,20,56,66,83,83,83,1201,22,2,374.3554167784828,0.9158610009762924,136776.4473399984,117.80183180682765
1781535451,40,,Aggregated,25.100000,0.000000,6,10,11,11,20,60,140,230,280,280,280,3013,54,6,516.605857885142,0.9158610009762924,136956.09367900033,75.63923000331896
1781535452,42,GET,/api/load/cpu [GET],7.100000,0.000000,11,15,18,21,62,140,270,280,280,280,280,906,17,11,553.6963063907108,1.4693439989059698,69234.25248000058,44.15562913907285
1781535452,42,GET,/api/load/memory [GET],8.100000,0.000000,6,8,9,9,13,44,80,170,170,170,170,930,15,6,651.1348262558988,1.2431080031092279,136956.09367900033,51.16129032258065
1781535452,42,GET,/api/products [GET],10.900000,0.000000,2,2,3,3,5,20,56,66,83,83,83,1214,22,2,370.37211251891125,0.9158610009762924,136776.4473399984,117.82537067545304
1781535452,42,,Aggregated,26.100000,0.000000,6,10,11,11,21,60,140,230,280,280,280,3050,54,6,510.4380283953879,0.9158610009762924,136956.09367900033,75.61475409836065
1781535453,43,GET,/api/load/cpu [GET],7.900000,0.000000,11,14,17,20,60,140,270,280,280,280,280,912,17,11,550.2050205197213,1.4693439989059698,69234.25248000058,44.161184210526315
1781535453,43,GET,/api/load/memory [GET],8.100000,0.000000,7,8,9,9,13,44,80,170,170,170,170,939,15,6,644.9609050638776,1.2431080031092279,136956.09367900033,51.16932907348243
1781535453,43,GET,/api/products [GET],10.900000,0.000000,2,2,3,3,4,9,56,66,83,83,83,1232,22,2,364.99360640661257,0.9158610009762924,136776.4473399984,117.85714285714286
1781535453,43,,Aggregated,26.900000,0.000000,6,10,11,11,19,55,130,170,280,280,280,3083,54,6,505.05267326043423,0.9158610009762924,136956.09367900033,75.74537787868958
1781535454,44,GET,/api/load/cpu [GET],8.700000,0.000000,11,14,16,19,51,130,270,280,280,280,280,924,17,11,543.5737086136288,1.4693439989059698,69234.25248000058,44.172077922077925
1781535454,44,GET,/api/load/memory [GET],8.200000,0.000000,7,8,9,9,13,44,64,170,170,170,170,947,15,6,639.6754512122268,1.2431080031092279,136956.09367900033,51.17634635691658
1781535454,44,GET,/api/products [GET],11.600000,0.000000,2,2,2,3,3,9,66,95,170,170,170,1246,22,2,361.13153329289065,0.9158610009762924,136776.4473399984,117.88121990369181
1781535454,44,,Aggregated,28.500000,0.000000,6,10,11,11,19,56,130,190,280,280,280,3117,54,6,499.8410810201857,0.9158610009762924,136956.09367900033,75.76483798524222
1781535455,46,GET,/api/load/cpu [GET],8.900000,0.000000,12,15,19,23,120,190,270,280,280,280,280,935,17,11,538.197181505883,1.4693439989059698,69234.25248000058,44.18181818181818
1781535455,46,GET,/api/load/memory [GET],8.800000,0.000000,7,8,9,9,41,64,120,170,170,170,170,959,15,6,632.0785931470036,1.2431080031092279,136956.09367900033,51.1866527632951
1781535455,46,GET,/api/products [GET],11.800000,0.000000,2,2,3,3,12,63,88,95,170,170,170,1262,22,2,356.868197087122,0.9158610009762924,136776.4473399984,117.9080824088748
1781535455,46,,Aggregated,29.500000,0.000000,7,10,11,13,51,95,170,230,280,280,280,3156,54,6,494.2159062927537,0.9158610009762924,136956.09367900033,75.7915082382763
1781535456,47,GET,/api/load/cpu [GET],8.700000,0.000000,12,14,18,23,120,180,240,270,280,280,280,948,17,11,531.1822655400914,1.4693439989059698,69234.25248000058,44.19303797468354
1781535456,47,GET,/api/load/memory [GET],9.000000,0.000000,6,8,9,10,44,68,120,170,170,170,170,968,15,6,626.3648285578307,1.2431080031092279,136956.09367900033,51.19421487603306
1781535456,47,GET,/api/products [GET],12.600000,0.000000,2,2,3,3,16,64,88,95,170,170,170,1274,22,2,353.59046655176076,0.9158610009762924,136776.4473399984,117.92778649921507
1781535456,47,,Aggregated,30.300000,0.000000,7,10,11,13,55,110,170,230,280,280,280,3190,54,6,489.139873405309,0.9158610009762924,136956.09367900033,75.76520376175549
1781535457,48,GET,/api/load/cpu [GET],9.400000,0.000000,12,15,23,75,160,230,270,280,310,310,310,960,17,11,525.8128214479214,1.4693439989059698,69234.25248000058,44.203125
1781535457,48,GET,/api/load/memory [GET],9.200000,0.000000,6,8,10,11,62,110,170,210,210,210,210,979,15,6,619.967910936636,1.2431080031092279,136956.09367900033,51.20326864147089
1781535457,48,GET,/api/products [GET],13.100000,0.000000,2,2,3,3,12,64,88,95,170,170,170,1286,22,2,350.341691842099,0.9158610009762924,136776.4473399984,117.94712286158631
1781535457,48,,Aggregated,31.700000,0.000000,7,10,12,14,75,150,210,240,310,310,310,3225,54,6,484.4242818933072,0.9158610009762924,136956.09367900033,75.73426356589147
1781535458,50,GET,/api/load/cpu [GET],9.700000,0.000000,12,18,77,110,180,230,270,280,310,310,310,970,17,11,521.4795847546385,1.4693439989059698,69234.25248000058,44.21134020618557
1781535458,50,GET,/api/load/memory [GET],9.800000,0.000000,7,9,11,19,55,110,170,170,210,210,210,992,15,6,612.0455026310171,1.2431080031092279,136956.09367900033,51.21370967741935
1781535458,50,GET,/api/products [GET],12.800000,0.000000,2,2,3,4,28,64,88,95,170,170,170,1304,22,2,345.701703180926,0.9158610009762924,136776.4473399984,117.97546012269939
1781535458,50,,Aggregated,32.300000,0.000000,8,11,14,22,83,170,210,240,310,310,310,3266,54,6,478.80568180339895,0.9158610009762924,136956.09367900033,75.7896509491733
1781535460,51,GET,/api/load/cpu [GET],10.400000,0.000000,14,48,96,150,180,240,330,380,500,500,500,985,17,11,515.8071125827462,1.4693439989059698,69234.25248000058,44.223350253807105
1781535460,51,GET,/api/load/memory [GET],9.900000,0.000000,7,10,21,25,74,110,170,210,210,210,210,1006,15,6,604.0202528826806,1.2431080031092279,136956.09367900033,51.22465208747515
1781535460,51,GET,/api/products [GET],13.000000,0.000000,2,3,5,12,42,64,89,95,170,170,170,1317,22,2,342.4760573112575,0.9158610009762924,136776.4473399984,117.99544419134396
1781535460,51,,Aggregated,33.300000,0.000000,10,12,21,41,96,170,230,310,500,500,500,3308,54,6,473.6261631719808,0.9158610009762924,136956.09367900033,75.72309552599758
1781535461,52,GET,/api/load/cpu [GET],10.700000,0.000000,15,51,110,150,180,240,330,380,500,500,500,1002,17,11,507.6740222175715,1.4693439989059698,69234.25248000058,44.23652694610779
1781535461,52,GET,/api/load/memory [GET],10.400000,0.000000,7,10,16,22,68,110,160,170,210,210,210,1019,15,6,596.3984254278515,1.2431080031092279,136956.09367900033,51.23454367026496
1781535461,52,GET,/api/products [GET],13.700000,0.000000,2,3,6,13,44,64,89,95,170,170,170,1332,22,2,338.684391547996,0.9158610009762924,136776.4473399984,118.01801801801801
1781535461,52,,Aggregated,34.800000,0.000000,10,13,22,44,110,170,230,310,500,500,500,3353,54,6,467.50580832535746,0.9158610009762924,136956.09367900033,75.67342678198628
1781535462,54,GET,/api/load/cpu [GET],11.600000,0.000000,15,60,110,150,180,240,330,380,500,500,500,1014,17,11,501.8884321479331,1.4693439989059698,69234.25248000058,44.24556213017752
1781535462,54,GET,/api/load/memory [GET],10.400000,0.000000,7,10,19,25,74,110,170,210,210,210,210,1030,15,6,590.0882728795973,1.2431080031092279,136956.09367900033,51.24271844660194
1781535462,54,GET,/api/products [GET],13.700000,0.000000,2,3,5,12,42,64,89,95,170,170,170,1346,22,2,335.1801606804871,0.9158610009762924,136776.4473399984,118.03863298662705
1781535462,54,,Aggregated,35.700000,0.000000,10,13,22,44,110,170,230,310,500,500,500,3390,54,6,462.49507007077614,0.9158610009762924,136956.09367900033,75.67109144542773
1781535463,55,GET,/api/load/cpu [GET],11.800000,0.000000,14,45,86,120,180,230,330,380,500,500,500,1035,17,11,492.1251140627947,1.4693439989059698,69234.25248000058,44.26086956521739
1781535463,55,GET,/api/load/memory [GET],10.900000,0.000000,6,10,19,25,68,110,160,170,210,210,210,1041,15,6,583.9639046416819,1.2431080031092279,136956.09367900033,51.2507204610951
1781535463,55,GET,/api/products [GET],14.200000,0.000000,2,3,6,14,44,64,89,95,170,170,170,1363,22,2,331.0419004812496,0.9158610009762924,136776.4473399984,118.0630961115187
1781535463,55,,Aggregated,36.900000,0.000000,10,13,22,42,95,170,210,310,500,500,500,3439,54,6,456.0820087650288,0.9158610009762924,136956.09367900033,75.62721721430648
1781535464,56,GET,/api/load/cpu [GET],11.800000,0.000000,14,40,83,110,180,240,330,380,500,500,500,1045,17,11,487.5228042928114,1.4693439989059698,69234.25248000058,44.26794258373206
1781535464,56,GET,/api/load/memory [GET],11.100000,0.000000,6,9,11,21,68,110,160,170,210,210,210,1056,15,6,575.7803824961908,1.2431080031092279,136956.09367900033,51.26136363636363
1781535464,56,GET,/api/products [GET],14.300000,0.000000,2,2,4,12,33,51,82,88,89,89,89,1379,22,2,327.2218844053237,0.9158610009762924,136776.4473399984,118.08556925308194
1781535464,56,,Aggregated,37.200000,0.000000,10,12,19,39,89,160,210,310,500,500,500,3480,54,6,450.7828715508376,0.9158610009762924,136956.09367900033,75.64137931034483
1781535465,58,GET,/api/load/cpu [GET],11.800000,0.000000,14,45,75,95,180,270,380,440,500,500,500,1061,17,11,481.6036223468454,1.4693439989059698,69234.25248000058,44.278982092365695
1781535465,58,GET,/api/load/memory [GET],11.100000,0.000000,7,11,22,35,83,160,200,210,210,210,210,1076,15,6,566.2373840994262,1.2431080031092279,136956.09367900033,51.27509293680298
1781535465,58,GET,/api/products [GET],14.300000,0.000000,2,2,4,5,22,42,50,82,89,89,89,1395,22,2,323.555797630786,0.9158610009762924,136776.4473399984,118.10752688172043
1781535465,58,,Aggregated,37.200000,0.000000,10,12,21,39,87,170,230,330,500,500,500,3532,54,6,444.96410144279145,0.9158610009762924,136956.09367900033,75.5696489241223
1781535466,59,GET,/api/load/cpu [GET],12.800000,0.000000,16,57,86,110,180,270,380,440,500,500,500,1073,17,12,477.03520634296575,1.4693439989059698,69234.25248000058,44.28704566635601
1781535466,59,GET,/api/load/memory [GET],11.000000,0.000000,7,11,25,41,84,160,200,210,210,210,210,1083,15,6,562.8707677922241,1.2431080031092279,136956.09367900033,51.2797783933518
1781535466,59,GET,/api/products [GET],14.800000,0.000000,2,4,12,19,39,50,79,89,100,100,100,1418,22,2,318.7994399484879,0.9158610009762924,136776.4473399984,118.13822284908322
1781535466,59,,Aggregated,38.600000,0.000000,10,16,33,44,95,170,230,330,500,500,500,3574,54,6,440.264528195843,0.9158610009762924,136956.09367900033,75.70677112479015
1781535467,60,GET,/api/load/cpu [GET],13.200000,0.000000,16,57,86,110,180,280,380,440,500,500,500,1088,17,12,471.8291549356623,1.4693439989059698,69234.25248000058,44.296875
1781535467,60,GET,/api/load/memory [GET],11.700000,0.000000,7,11,27,41,87,150,200,210,210,210,210,1096,15,6,556.800430989937,1.2431080031092279,136956.09367900033,51.28832116788321
1781535467,60,GET,/api/products [GET],14.500000,0.000000,2,4,15,22,44,71,83,91,100,100,100,1445,22,2,313.25823836467686,0.9158610009762924,136776.4473399984,118.17301038062284
1781535467,60,,Aggregated,39.400000,0.000000,10,16,36,49,95,170,250,330,500,500,500,3629,54,6,434.35148728904255,0.9158610009762924,136956.09367900033,75.82446955084045
1781535468,62,GET,/api/load/cpu [GET],13.600000,0.000000,13,35,70,86,180,280,380,440,500,500,500,1099,17,12,467.22675750318643,1.4693439989059698,69234.25248000058,44.303912647861694
1781535468,62,GET,/api/load/memory [GET],12.900000,0.000000,6,11,21,41,87,150,200,210,210,210,210,1106,15,6,551.8200134846094,1.2431080031092279,136956.09367900033,51.294755877034355
1781535468,62,GET,/api/products [GET],14.700000,0.000000,2,3,6,16,41,71,83,91,100,100,100,1462,22,2,309.63951301159443,0.9158610009762924,136776.4473399984,118.19425444596443
1781535468,62,,Aggregated,41.200000,0.000000,10,13,24,41,87,160,270,360,500,500,500,3667,54,6,429.91221964356066,0.9158610009762924,136956.09367900033,75.87182983365149
1781535469,63,GET,/api/load/cpu [GET],13.900000,0.000000,13,19,49,70,120,210,290,360,440,440,440,1120,17,12,458.92470864108094,1.4693439989059698,69234.25248000058,44.316964285714285
1781535469,63,GET,/api/load/memory [GET],12.800000,0.000000,6,9,13,35,84,120,200,210,210,210,210,1122,15,6,544.1787632254686,1.2431080031092279,136956.09367900033,51.3048128342246
1781535469,63,GET,/api/products [GET],17.000000,0.000000,2,2,4,8,36,59,82,91,100,100,100,1480,22,2,305.915778704029,0.9158610009762924,136776.4473399984,118.21621621621621
1781535469,63,,Aggregated,43.700000,0.000000,9,11,16,33,76,110,210,250,440,440,440,3722,54,6,423.7828045402889,0.9158610009762924,136956.09367900033,75.8084363245567
1781535470,64,GET,/api/load/cpu [GET],13.900000,0.000000,13,20,49,72,130,220,290,360,440,440,440,1136,17,12,453.26524062060474,1.4693439989059698,69234.25248000058,44.326584507042256
1781535470,64,GET,/api/load/memory [GET],12.600000,0.000000,6,9,15,41,87,120,200,210,210,210,210,1129,15,6,540.8418803888204,1.2431080031092279,136956.09367900033,51.30912311780337
1781535470,64,GET,/api/products [GET],17.600000,0.000000,2,2,3,8,36,59,82,91,100,100,100,1500,22,2,301.8780269433044,0.9158610009762924,136776.4473399984,118.24
1781535470,64,,Aggregated,44.100000,0.000000,9,12,17,33,78,120,210,250,440,440,440,3765,54,6,419.2129712400922,0.9158610009762924,136956.09367900033,75.867994687915
1781535471,66,GET,/api/load/cpu [GET],14.900000,0.000000,13,20,47,68,130,220,290,360,440,440,440,1150,17,12,447.91594939913057,1.4693439989059698,69234.25248000058,44.334782608695654
1781535471,66,GET,/api/load/memory [GET],13.000000,0.000000,6,9,15,41,87,120,200,210,210,210,210,1139,15,6,536.138345680401,1.2431080031092279,136956.09367900033,51.31518876207199
1781535471,66,GET,/api/products [GET],17.500000,0.000000,2,3,3,8,33,58,82,91,100,100,100,1531,22,2,295.853536289984,0.9158610009762924,136776.4473399984,118.27563683866754
1781535471,66,,Aggregated,45.400000,0.000000,8,11,17,28,75,110,210,250,440,440,440,3820,54,6,413.2766182196199,0.9158610009762924,136956.09367900033,76.05052356020943
1781535472,67,GET,/api/load/cpu [GET],15.100000,0.000000,13,20,40,68,130,220,290,360,440,440,440,1166,17,12,441.97301649228075,1.4693439989059698,69234.25248000058,44.343910806174954
1781535472,67,GET,/api/load/memory [GET],12.300000,0.000000,6,9,15,38,84,120,200,210,210,210,210,1155,15,6,528.8407651991164,1.2431080031092279,136956.09367900033,51.324675324675326
1781535472,67,GET,/api/products [GET],18.100000,0.000000,2,2,3,5,33,58,82,91,100,100,100,1558,22,2,290.75525172654994,0.9158610009762924,136776.4473399984,118.30551989730424
1781535472,67,,Aggregated,45.500000,0.000000,6,11,16,24,73,110,210,250,440,440,440,3879,54,6,407.1019085395589,0.9158610009762924,136956.09367900033,76.12915699922661
1781535473,68,GET,/api/load/cpu [GET],15.100000,0.000000,13,20,40,64,130,220,290,360,440,440,440,1180,17,12,436.93835743899194,1.4693439989059698,69234.25248000058,44.351694915254235
1781535473,68,GET,/api/load/memory [GET],12.300000,0.000000,6,9,13,31,84,120,200,210,210,210,210,1174,15,6,520.3825138739189,1.2431080031092279,136956.09367900033,51.335604770017035
1781535473,68,GET,/api/products [GET],18.100000,0.000000,2,2,3,6,33,56,80,83,100,100,100,1584,22,2,286.05622131626313,0.9158610009762924,136776.4473399984,118.33333333333333
1781535473,68,,Aggregated,45.500000,0.000000,6,11,17,24,72,110,210,250,440,440,440,3938,54,6,401.12478101344806,0.9158610009762924,136956.09367900033,76.1917216861351
1781535474,70,GET,/api/load/cpu [GET],15.000000,0.000000,13,18,22,34,81,180,250,290,360,360,360,1198,17,12,430.62464928465033,1.4693439989059698,69234.25248000058,44.36143572621035
1781535474,70,GET,/api/load/memory [GET],12.600000,0.000000,5,7,9,11,41,89,120,150,210,210,210,1191,15,6,513.0845195969614,1.2431080031092279,136956.09367900033,51.34508816120907
1781535474,70,GET,/api/products [GET],21.200000,0.000000,2,2,3,4,33,56,80,83,100,100,100,1607,22,2,282.0223813291546,0.9158610009762924,136776.4473399984,118.35718730553828
1781535474,70,,Aggregated,48.800000,0.000000,5,11,13,16,49,81,160,210,360,360,360,3996,54,6,395.4409308005377,0.9158610009762924,136956.09367900033,76.20045045045045
1781535475,71,GET,/api/load/cpu [GET],14.500000,0.000000,13,17,22,26,68,180,250,290,360,360,360,1220,17,12,423.5555443368979,1.4693439989059698,69234.25248000058,44.372950819672134
1781535475,71,GET,/api/load/memory [GET],13.300000,0.000000,5,7,9,11,31,51,110,150,210,210,210,1200,15,6,509.3564417166484,1.2431080031092279,136956.09367900033,51.35
1781535475,71,GET,/api/products [GET],22.200000,0.000000,2,2,3,3,16,56,80,83,96,96,96,1636,22,2,277.30074299998074,0.9158610009762924,136776.4473399984,118.38630806845966
1781535475,71,,Aggregated,50.000000,0.000000,5,10,12,15,38,68,170,240,360,360,360,4056,54,6,389.9481039691734,0.9158610009762924,136956.09367900033,76.29068047337279
1781535476,73,GET,/api/load/cpu [GET],15.300000,0.000000,12,16,19,22,52,72,210,240,250,250,250,1235,17,12,418.58887265020695,1.4693439989059698,69234.25248000058,44.38056680161943
1781535476,73,GET,/api/load/memory [GET],13.400000,0.000000,5,7,9,9,13,31,44,51,64,64,64,1217,15,6,502.3300074938285,1.2431080031092279,136956.09367900033,51.359079704190634
1781535476,73,GET,/api/products [GET],22.700000,0.000000,2,2,2,3,8,24,50,62,96,96,96,1653,22,2,274.46890362732415,0.9158610009762924,136776.4473399984,118.40290381125227
1781535476,73,,Aggregated,51.400000,0.000000,5,10,12,13,23,50,72,160,250,250,250,4105,54,6,385.3812361848882,0.9158610009762924,136956.09367900033,76.25676004872108
1781535477,74,GET,/api/load/cpu [GET],15.800000,0.000000,12,17,22,27,68,140,180,240,250,250,250,1258,17,12,411.716131962635,1.4693439989059698,69234.25248000058,44.391891891891895
1781535477,74,GET,/api/load/memory [GET],12.400000,0.000000,5,7,9,9,21,41,60,64,88,88,88,1234,15,6,495.6492218897818,1.2431080031092279,136956.09367900033,51.367909238249595
1781535477,74,GET,/api/products [GET],24.100000,0.000000,2,2,3,3,15,37,65,84,96,96,96,1678,22,2,270.6568039082081,0.9158610009762924,136776.4473399984,118.42669845053635
1781535477,74,,Aggregated,52.300000,0.000000,6,10,12,15,33,60,93,160,250,250,250,4170,54,6,379.7918826808064,0.9158610009762924,136956.09367900033,76.24772182254196
1781535478,75,GET,/api/load/cpu [GET],16.200000,0.000000,15,20,35,52,140,180,240,260,350,350,350,1280,17,12,406.8256403085849,1.4693439989059698,69234.25248000058,44.40234375
1781535478,75,GET,/api/load/memory [GET],13.400000,0.000000,6,8,9,12,38,60,89,93,140,140,140,1246,15,6,491.3745552881144,1.2431080031092279,136956.09367900033,51.37399678972713
1781535478,75,GET,/api/products [GET],23.400000,0.000000,2,3,3,7,33,51,73,84,96,96,96,1694,22,2,268.4054806351678,0.9158610009762924,136776.4473399984,118.44155844155844
1781535478,75,,Aggregated,53.000000,0.000000,7,11,16,20,55,96,170,240,350,350,350,4220,54,6,376.2247392606534,0.9158610009762924,136956.09367900033,76.18175355450236
1781535479,77,GET,/api/load/cpu [GET],16.800000,0.000000,16,27,59,100,170,260,380,420,430,430,430,1302,17,12,403.0648308233361,1.4693439989059698,69234.25248000058,44.41244239631337
1781535479,77,GET,/api/load/memory [GET],13.800000,0.000000,6,10,21,40,88,110,140,180,180,180,180,1265,15,6,485.37942017232467,1.2431080031092279,136956.09367900033,51.383399209486164
1781535479,77,GET,/api/products [GET],23.300000,0.000000,2,3,10,23,50,72,84,93,96,96,96,1715,22,2,265.66523728511726,0.9158610009762924,136776.4473399984,118.46064139941691
1781535479,77,,Aggregated,53.900000,0.000000,9,15,26,42,89,140,240,350,430,430,430,4282,54,6,372.3519986440808,0.9158610009762924,136956.09367900033,76.12914525922466
1781535480,78,GET,/api/load/cpu [GET],18.000000,0.000000,18,58,110,140,240,330,380,420,430,430,430,1317,17,12,400.80013168564096,1.4693439989059698,69234.25248000058,44.41913439635535
1781535480,78,GET,/api/load/memory [GET],13.900000,0.000000,8,19,42,58,95,120,140,180,180,180,180,1279,15,6,480.80875918294805,1.2431080031092279,136956.09367900033,51.39014855355747
1781535480,78,GET,/api/products [GET],23.200000,0.000000,2,7,24,35,63,79,96,140,170,170,170,1744,22,2,261.9422995521677,0.9158610009762924,136776.4473399984,118.4862385321101
1781535480,78,,Aggregated,55.100000,0.000000,10,21,45,62,120,180,300,370,430,430,430,4340,54,6,368.57961908847074,0.9158610009762924,136956.09367900033,76.236866359447
1781535481,79,GET,/api/load/cpu [GET],18.000000,0.000000,25,82,120,170,260,360,390,420,430,430,430,1334,17,12,397.0515765419625,1.4693439989059698,69234.25248000058,44.42653673163418
1781535481,79,GET,/api/load/memory [GET],14.200000,0.000000,9,28,58,73,97,130,160,180,180,180,180,1294,15,6,475.6601932619679,1.2431080031092279,136956.09367900033,51.39721792890263
1781535481,79,GET,/api/products [GET],23.300000,0.000000,3,15,34,45,68,84,99,140,200,200,200,1766,22,2,259.03001503283076,0.9158610009762924,136776.4473399984,118.50509626274065
1781535481,79,,Aggregated,55.500000,0.000000,12,33,58,74,130,180,330,380,430,430,430,4394,54,7,364.7287436813713,0.9158610009762924,136956.09367900033,76.2523896222121
1781535482,81,GET,/api/load/cpu [GET],18.000000,0.000000,31,100,130,170,260,360,390,420,430,430,430,1349,17,12,393.2173059050957,1.4693439989059698,69234.25248000058,44.43291326908821
1781535482,81,GET,/api/load/memory [GET],14.900000,0.000000,9,29,58,73,110,130,160,180,180,180,180,1320,15,6,466.70109800529275,1.2431080031092279,136956.09367900033,51.40909090909091
1781535482,81,GET,/api/products [GET],24.500000,0.000000,3,18,38,46,72,84,99,140,200,200,200,1790,22,2,255.7464733580927,0.9158610009762924,136776.4473399984,118.52513966480447
1781535482,81,,Aggregated,57.400000,0.000000,13,40,61,78,130,180,330,380,430,430,430,4459,54,7,359.7851048091388,0.9158610009762924,136956.09367900033,76.24130971069746
1781535483,82,GET,/api/load/cpu [GET],18.200000,0.000000,37,110,140,170,260,360,390,420,430,430,430,1369,17,12,388.2544206552018,1.4693439989059698,69234.25248000058,44.44119795471147
1781535483,82,GET,/api/load/memory [GET],15.500000,0.000000,10,29,58,73,110,130,160,180,180,180,180,1336,15,6,461.23820240492586,1.2431080031092279,136956.09367900033,51.41616766467066
1781535483,82,GET,/api/products [GET],23.400000,0.000000,4,20,38,48,68,84,99,140,200,200,200,1817,22,2,252.13455039900242,0.9158610009762924,136776.4473399984,118.54705558613098
1781535483,82,,Aggregated,57.100000,0.000000,14,40,62,79,140,190,330,380,430,430,430,4522,54,7,355.1222950829154,0.9158610009762924,136956.09367900033,76.27863777089783
1781535484,83,GET,/api/load/cpu [GET],18.500000,0.000000,50,120,160,170,290,370,420,450,460,460,460,1387,17,12,384.9355151686816,1.4693439989059698,69234.25248000058,44.44844989185292
1781535484,83,GET,/api/load/memory [GET],16.300000,0.000000,10,42,71,78,110,130,160,180,180,180,180,1354,15,6,455.7833826920066,1.2431080031092279,136956.09367900033,51.42392909896603
1781535484,83,GET,/api/products [GET],23.200000,0.000000,8,26,43,51,72,84,99,140,200,200,200,1846,22,2,248.6194838060646,0.9158610009762924,136776.4473399984,118.56988082340195
1781535484,83,,Aggregated,58.000000,0.000000,17,47,73,88,140,200,360,390,460,460,460,4587,54,7,350.98927988008256,0.9158610009762924,136956.09367900033,76.33703945934161
1781535485,85,GET,/api/load/cpu [GET],18.700000,0.000000,89,140,170,200,300,380,430,460,540,540,540,1405,17,12,382.23153148751663,1.4693439989059698,69234.25248000058,44.455516014234874
1781535485,85,GET,/api/load/memory [GET],16.100000,0.000000,20,61,77,88,130,160,180,210,240,240,240,1370,15,6,451.5476491810032,1.2431080031092279,136956.09367900033,51.43065693430657
1781535485,85,GET,/api/products [GET],23.100000,0.000000,13,34,49,59,76,96,150,180,200,200,200,1867,22,2,246.4279953036935,0.9158610009762924,136776.4473399984,118.58596679164435
1781535485,85,,Aggregated,57.900000,0.000000,25,61,84,110,170,240,370,410,540,540,540,4642,54,7,348.06907547391984,0.9158610009762924,136956.09367900033,76.32916846186988
1781535486,86,GET,/api/load/cpu [GET],18.800000,0.000000,110,160,220,260,380,540,810,950,1300,1300,1300,1424,17,12,382.67457651191444,1.4693439989059698,69234.25248000058,44.4627808988764
1781535486,86,GET,/api/load/memory [GET],16.200000,0.000000,29,71,89,110,160,240,480,560,590,590,590,1382,15,6,449.9035870831971,1.2431080031092279,136956.09367900033,51.4356005788712
1781535486,86,GET,/api/products [GET],23.800000,0.000000,13,42,51,60,84,140,190,200,500,500,500,1889,22,2,244.466481950234,0.9158610009762924,136776.4473399984,118.60243515087348
1781535486,86,,Aggregated,58.800000,0.000000,30,70,100,120,220,380,540,770,1300,1300,1300,4695,54,7,346.8567707573891,0.9158610009762924,136956.09367900033,76.34483493077742
1781535487,87,GET,/api/load/cpu [GET],18.400000,0.000000,120,220,290,360,540,860,950,1100,1300,1300,1300,1446,17,12,384.81463419499477,1.4693439989059698,69234.25248000058,44.47095435684647
1781535487,87,GET,/api/load/memory [GET],16.900000,0.000000,54,86,130,150,260,450,510,560,590,590,590,1405,15,6,446.6628244277392,1.2431080031092279,136956.09367900033,51.444839857651246
1781535487,87,GET,/api/products [GET],22.900000,0.000000,17,46,62,75,120,190,390,450,500,500,500,1909,22,2,243.66327641067844,0.9158610009762924,136776.4473399984,118.61707700366684
1781535487,87,,Aggregated,58.200000,0.000000,42,88,130,170,360,480,810,900,1300,1300,1300,4760,54,7,346.46143362078266,0.9158610009762924,136956.09367900033,76.26575630252101
1781535488,89,GET,/api/load/cpu [GET],18.600000,0.000000,130,230,300,360,540,860,950,1100,1300,1300,1300,1470,17,12,382.12899601697814,1.4693439989059698,69234.25248000058,44.47959183673469
1781535488,89,GET,/api/load/memory [GET],16.500000,0.000000,42,81,130,150,260,430,510,560,590,590,590,1426,15,6,441.35012147052305,1.2431080031092279,136956.09367900033,51.453015427769984
1781535488,89,GET,/api/products [GET],23.600000,0.000000,16,47,65,78,130,190,390,450,500,500,500,1939,22,2,240.83597573542067,0.9158610009762924,136776.4473399984,118.63847343991749
1781535488,89,,Aggregated,58.700000,0.000000,40,92,140,180,350,480,800,900,1300,1300,1300,4835,54,8,342.9319243666822,0.9158610009762924,136956.09367900033,76.276525336091
1781535489,90,GET,/api/load/cpu [GET],18.800000,0.000000,120,240,290,360,550,860,950,1100,1300,1300,1300,1486,17,12,379.6887047738664,1.4693439989059698,69234.25248000058,44.48519515477793
1781535489,90,GET,/api/load/memory [GET],17.100000,0.000000,20,81,140,160,270,430,510,560,590,590,590,1445,15,6,436.21521467540873,1.2431080031092279,136956.09367900033,51.46020761245675
1781535489,90,GET,/api/products [GET],22.800000,0.000000,14,45,65,82,150,200,390,450,500,500,500,1963,22,2,238.53343124807995,0.9158610009762924,136776.4473399984,118.65511971472236
1781535489,90,,Aggregated,58.700000,0.000000,28,89,140,180,350,480,800,900,1300,1300,1300,4894,54,8,339.76083490803364,0.9158610009762924,136956.09367900033,76.29444217409072
1781535490,91,GET,/api/load/cpu [GET],19.100000,0.000000,140,250,350,400,630,860,950,1100,1300,1300,1300,1510,17,12,377.7342775728191,1.4693439989059698,69234.25248000058,44.49337748344371
1781535490,91,GET,/api/load/memory [GET],17.700000,0.000000,26,79,140,180,280,430,510,560,590,590,590,1467,15,6,430.78287219016255,1.2431080031092279,136956.09367900033,51.46830265848671
1781535490,91,GET,/api/products [GET],24.000000,0.000000,13,42,62,78,150,200,390,450,500,500,500,1991,22,2,235.50852258562193,0.9158610009762924,136776.4473399984,118.67403314917127
1781535490,91,,Aggregated,60.800000,0.000000,30,91,150,200,360,500,800,900,1300,1300,1300,4968,54,8,336.39989957848303,0.9158610009762924,136956.09367900033,76.28200483091787
1781535491,93,GET,/api/load/cpu [GET],18.700000,0.000000,150,250,350,400,630,860,950,1100,1300,1300,1300,1528,17,12,374.0525722185562,1.4693439989059698,69234.25248000058,44.49934554973822
1781535491,93,GET,/api/load/memory [GET],17.900000,0.000000,32,86,150,180,280,430,510,560,590,590,590,1485,15,6,426.0873608477906,1.2431080031092279,136956.09367900033,51.474747474747474
1781535491,93,GET,/api/products [GET],24.900000,0.000000,17,46,65,81,150,200,390,450,500,500,500,2023,22,2,232.26149618683993,0.9158610009762924,136776.4473399984,118.6950074147306
1781535491,93,,Aggregated,61.500000,0.000000,32,93,150,200,360,500,800,900,1300,1300,1300,5036,54,8,332.43786099978263,0.9158610009762924,136956.09367900033,76.36119936457506
1781535492,94,GET,/api/load/cpu [GET],19.200000,0.000000,150,240,350,380,600,810,950,1100,1300,1300,1300,1551,17,12,369.4744557459472,1.4693439989059698,69234.25248000058,44.50676982591876
1781535492,94,GET,/api/load/memory [GET],18.400000,0.000000,48,110,150,180,280,430,510,560,590,590,590,1501,15,6,421.9796824929818,1.2431080031092279,136956.09367900033,51.48034643570953
1781535492,94,GET,/api/products [GET],24.500000,0.000000,17,48,70,81,150,200,390,450,500,500,500,2055,22,2,229.02551883404897,0.9158610009762924,136776.4473399984,118.71532846715328
1781535492,94,,Aggregated,62.100000,0.000000,35,94,150,200,360,490,800,900,1300,1300,1300,5107,54,8,328.3911935554935,0.9158610009762924,136956.09367900033,76.41707460348542
1781535493,95,GET,/api/load/cpu [GET],19.300000,0.000000,150,260,350,380,600,810,950,1100,1300,1300,1300,1567,17,12,367.4417863420359,1.4693439989059698,69234.25248000058,44.51180599872367
1781535493,95,GET,/api/load/memory [GET],18.800000,0.000000,47,100,150,180,280,430,510,560,590,590,590,1527,15,6,415.7268904799939,1.2431080031092279,136956.09367900033,51.48919449901768
1781535493,95,GET,/api/products [GET],25.300000,0.000000,12,45,70,78,150,200,390,450,500,500,500,2079,22,2,226.5014165425499,0.9151209997071419,136776.4473399984,118.73015873015873
1781535493,95,,Aggregated,63.400000,0.000000,35,94,170,200,360,490,800,900,1300,1300,1300,5173,54,8,325.0517467529261,0.9151209997071419,136956.09367900033,76.39938140344094
1781535494,97,GET,/api/load/cpu [GET],20.000000,0.000000,120,240,310,370,590,810,950,1100,1300,1300,1300,1594,17,13,362.8528143061275,1.4693439989059698,69234.25248000058,44.52007528230866
1781535494,97,GET,/api/load/memory [GET],18.100000,0.000000,35,86,140,180,270,410,510,560,590,590,590,1553,15,7,409.6977649703476,1.2431080031092279,136956.09367900033,51.49774629748873
1781535494,97,GET,/api/products [GET],26.200000,0.000000,12,38,63,75,130,190,390,450,500,500,500,2112,22,2,223.51680835272265,0.9151209997071419,136776.4473399984,118.75
1781535494,97,,Aggregated,64.300000,0.000000,32,83,140,180,350,480,770,890,1300,1300,1300,5259,54,9,320.7293238721948,0.9151209997071419,136956.09367900033,76.39113899980985
1781535495,98,GET,/api/load/cpu [GET],19.500000,0.000000,100,200,280,330,450,650,930,1100,1300,1300,1300,1614,17,13,359.58116833641213,1.4693439989059698,69234.25248000058,44.526022304832715
1781535495,98,GET,/api/load/memory [GET],19.000000,0.000000,30,81,120,150,230,290,470,510,530,530,530,1566,15,7,406.6720000210438,1.2431080031092279,136956.09367900033,51.50191570881226
1781535495,98,GET,/api/products [GET],26.000000,0.000000,12,35,57,67,120,180,310,390,480,480,480,2147,22,2,220.14772387329072,0.9151209997071419,136776.4473399984,118.77037727061015
1781535495,98,,Aggregated,64.500000,0.000000,30,76,120,170,280,410,590,860,1300,1300,1300,5327,54,9,317.22724251621634,0.9151209997071419,136956.09367900033,76.50028158438145
1781535496,99,GET,/api/load/cpu [GET],20.600000,0.000000,93,170,240,260,360,440,590,630,770,770,770,1636,17,13,356.90204304154395,1.4693439989059698,69234.25248000058,44.53239608801956
1781535496,99,GET,/api/load/memory [GET],19.600000,0.000000,21,63,89,110,180,240,280,290,290,290,290,1585,15,7,402.74506157031846,1.2431080031092279,136956.09367900033,51.50788643533123
1781535496,99,GET,/api/products [GET],26.400000,0.000000,9,32,51,63,88,150,190,200,280,280,280,2183,22,2,217.21512090790375,0.9151209997071419,136776.4473399984,118.7906550618415
1781535496,99,,Aggregated,66.600000,0.000000,26,66,93,130,220,300,410,480,770,770,770,5404,54,9,313.9199248606365,0.9151209997071419,136956.09367900033,76.57568467801629
1781535497,101,GET,/api/load/cpu [GET],20.800000,0.000000,88,180,230,260,350,420,590,630,770,770,770,1661,17,13,354.2611172546485,1.4693439989059698,69234.25248000058,44.53943407585792
1781535497,101,GET,/api/load/memory [GET],19.500000,0.000000,24,68,96,120,180,230,280,290,290,290,290,1604,15,7,399.32432561843143,1.2431080031092279,136956.09367900033,51.51371571072319
1781535497,101,GET,/api/products [GET],27.800000,0.000000,11,34,51,63,85,130,190,200,280,280,280,2215,22,2,215.0000737701742,0.9151209997071419,136776.4473399984,118.80812641083521
1781535497,101,,Aggregated,68.100000,0.000000,27,67,92,120,210,280,410,470,770,770,770,5480,54,9,311.1622440607439,0.9151209997071419,136956.09367900033,76.6
1781535498,102,GET,/api/load/cpu [GET],21.100000,0.000000,86,170,200,230,330,410,590,630,770,770,770,1679,17,13,351.4926065246996,1.4693439989059698,69234.25248000058,44.54437164979154
1781535498,102,GET,/api/load/memory [GET],19.800000,0.000000,23,64,89,120,180,230,280,290,290,290,290,1632,15,7,393.0054218994843,1.2431080031092279,136956.09367900033,51.52205882352941
1781535498,102,GET,/api/products [GET],29.000000,0.000000,7,30,46,57,78,92,180,200,260,260,260,2251,22,2,211.71407801374406,0.9151209997071419,136776.4473399984,118.82718791648156
1781535498,102,,Aggregated,69.900000,0.000000,24,63,86,110,200,280,370,470,770,770,770,5562,54,9,307.1034384221276,0.9151209997071419,136956.09367900033,76.65480043149947
1781535499,103,GET,/api/load/cpu [GET],21.300000,0.000000,66,130,180,210,270,330,420,480,480,480,480,1698,17,13,348.03194963131506,1.4693439989059698,69234.25248000058,44.54946996466431
1781535499,103,GET,/api/load/memory [GET],19.500000,0.000000,20,63,81,96,160,190,240,280,290,290,290,1649,15,7,389.2438836009481,1.2431080031092279,136956.09367900033,51.52698605215282
1781535499,103,GET,/api/products [GET],30.700000,0.000000,7,26,43,51,78,91,170,180,260,260,260,2290,22,2,208.32066571001968,0.9151209997071419,136776.4473399984,118.8471615720524
1781535499,103,,Aggregated,71.500000,0.000000,20,54,78,92,180,240,300,360,480,480,480,5637,54,9,303.3308034429463,0.9151209997071419,136956.09367900033,76.77363846017386
1781535500,105,GET,/api/load/cpu [GET],20.600000,0.000000,86,170,210,230,310,370,440,480,530,530,530,1716,17,13,346.96728267889176,1.4693439989059698,69234.25248000058,44.55419580419581
1781535500,105,GET,/api/load/memory [GET],20.500000,0.000000,23,73,95,120,180,230,280,290,310,310,310,1676,15,7,384.5544086551056,1.2431080031092279,136956.09367900033,51.5346062052506
1781535500,105,GET,/api/products [GET],30.900000,0.000000,7,26,44,57,81,99,150,180,260,260,260,2323,22,2,205.91094121564942,0.9151209997071419,136776.4473399984,118.86353852776583
1781535500,105,,Aggregated,72.000000,0.000000,23,63,88,110,200,260,360,410,530,530,530,5715,54,9,300.65444661887926,0.9151209997071419,136956.09367900033,76.80612423447069
1781535501,106,GET,/api/load/cpu [GET],20.700000,0.000000,93,200,230,260,360,410,480,520,530,530,530,1738,17,13,345.1557547623583,1.4693439989059698,69234.25248000058,44.559838895281935
1781535501,106,GET,/api/load/memory [GET],20.300000,0.000000,30,78,100,120,180,230,280,290,310,310,310,1693,15,7,381.51578588833837,1.2431080031092279,136956.09367900033,51.539279385705846
1781535501,106,GET,/api/products [GET],32.100000,0.000000,8,28,48,60,88,130,180,200,260,260,260,2358,22,2,203.68281012338926,0.9151209997071419,136776.4473399984,118.88040712468194
1781535501,106,,Aggregated,73.100000,0.000000,24,67,94,120,230,290,370,440,530,530,530,5789,54,9,298.163930481412,0.9151209997071419,136956.09367900033,76.87355329072379
1781535502,107,GET,/api/load/cpu [GET],20.400000,0.000000,100,200,250,280,370,450,520,520,530,530,530,1765,17,13,342.84903062491975,1.4693439989059698,69234.25248000058,44.56657223796034
1781535502,107,GET,/api/load/memory [GET],20.600000,0.000000,23,78,100,130,180,230,280,290,310,310,310,1714,15,7,377.4768616674177,1.2431080031092279,136956.09367900033,51.54492415402567
1781535502,107,GET,/api/products [GET],33.100000,0.000000,9,31,52,63,93,150,200,210,260,260,260,2387,22,2,201.72744775908976,0.9151209997071419,136776.4473399984,118.89400921658986
1781535502,107,,Aggregated,74.100000,0.000000,26,74,100,140,230,310,420,480,530,530,530,5866,54,9,295.54164639479916,0.9151209997071419,136956.09367900033,76.8510057961132
1781535503,109,GET,/api/load/cpu [GET],20.900000,0.000000,93,200,240,270,370,460,520,530,620,620,620,1784,17,13,340.5373543385575,1.4693439989059698,69234.25248000058,44.571188340807176
1781535503,109,GET,/api/load/memory [GET],20.700000,0.000000,21,77,110,130,200,240,290,320,320,320,320,1737,15,7,373.57194071729833,1.2431080031092279,136956.09367900033,51.55094991364422
1781535503,109,GET,/api/products [GET],33.700000,0.000000,6,27,47,59,93,150,190,210,260,260,260,2425,22,2,198.8635353063745,0.9151209997071419,136776.4473399984,118.91134020618557
1781535503,109,,Aggregated,75.300000,0.000000,21,68,100,140,230,310,440,480,620,620,620,5946,54,9,292.40786651259657,0.9151209997071419,136956.09367900033,76.92885973763875
1781535504,110,GET,/api/load/cpu [GET],21.400000,0.000000,130,220,260,310,410,480,520,530,620,620,620,1807,17,13,339.09213451631746,1.4693439989059698,69234.25248000058,44.576646375207524
1781535504,110,GET,/api/load/memory [GET],21.200000,0.000000,30,80,120,140,200,250,310,320,320,320,320,1756,15,7,370.61844752502196,1.2431080031092279,136956.09367900033,51.55580865603645
1781535504,110,GET,/api/products [GET],33.000000,0.000000,10,40,57,76,110,170,210,250,280,280,280,2470,22,2,196.58079230767532,0.9151209997071419,136776.4473399984,118.93117408906883
1781535504,110,,Aggregated,75.600000,0.000000,27,80,120,150,240,330,440,480,620,620,620,6033,54,10,289.9221014296186,0.9151209997071419,136956.09367900033,77.04989225924085
1781535505,111,GET,/api/load/cpu [GET],21.800000,0.000000,150,230,290,320,420,490,580,620,860,860,860,1825,17,14,338.27340873752604,1.4693439989059698,69234.25248000058,44.58082191780822
1781535505,111,GET,/api/load/memory [GET],20.800000,0.000000,36,88,120,150,230,290,320,400,510,510,510,1773,15,7,368.46255287869997,1.2431080031092279,136956.09367900033,51.56006768189509
1781535505,111,GET,/api/products [GET],34.700000,0.000000,11,43,66,88,140,210,350,410,510,510,510,2505,22,2,195.81110354529227,0.9151209997071419,136776.4473399984,118.94610778443113
1781535505,111,,Aggregated,77.300000,0.000000,33,89,140,170,270,380,470,520,860,860,860,6103,54,10,288.5695381911983,0.9151209997071419,136956.09367900033,77.13190234310994
1781535506,113,GET,/api/load/cpu [GET],21.400000,0.000000,140,230,300,350,450,530,860,1600,1800,1800,1800,1834,17,14,339.35028099399574,1.4693439989059698,69234.25248000058,44.58287895310796
1781535506,113,GET,/api/load/memory [GET],20.400000,0.000000,21,80,120,160,280,400,1000,1100,1200,1200,1200,1794,15,7,368.5954177708692,1.2431080031092279,136956.09367900033,51.56521739130435
1781535506,113,GET,/api/products [GET],35.500000,0.000000,9,41,62,93,170,280,450,670,1000,1000,1000,2533,22,2,195.47179739359163,0.9151209997071419,136776.4473399984,118.95775759968417
1781535506,113,,Aggregated,77.300000,0.000000,22,81,140,180,310,440,670,1000,1800,1800,1800,6161,54,10,288.7126534039768,0.9151209997071419,136956.09367900033,77.19412433046584
1781535507,114,GET,/api/load/cpu [GET],21.100000,0.000000,170,300,380,450,860,1500,1800,1900,2300,2300,2300,1866,17,14,347.8607345777021,1.4693439989059698,69234.25248000058,44.59003215434084
1781535507,114,GET,/api/load/memory [GET],20.500000,0.000000,33,110,170,230,340,850,1100,1100,1200,1200,1200,1816,15,7,367.8270063000723,1.2431080031092279,136956.09367900033,51.570484581497794
1781535507,114,GET,/api/products [GET],35.200000,0.000000,10,52,93,120,250,400,510,670,1000,1000,1000,2552,22,2,196.24548055327898,0.9151209997071419,136776.4473399984,118.96551724137932
1781535507,114,,Aggregated,76.800000,0.000000,39,110,190,250,420,680,1200,1700,2300,2300,2300,6234,54,10,291.61059360521307,0.9151209997071419,136956.09367900033,77.07042027590632
1781535508,115,GET,/api/load/cpu [GET],20.000000,0.000000,230,380,480,570,990,1700,1900,2300,2700,2700,2700,1889,17,14,353.6840878072979,1.4693439989059698,69234.25248000058,44.59502382212811
1781535508,115,GET,/api/load/memory [GET],21.100000,0.000000,74,160,230,300,500,880,1100,1200,1400,1400,1400,1835,15,7,368.1332898195793,1.2431080031092279,136956.09367900033,51.57493188010899
1781535508,115,GET,/api/products [GET],34.800000,0.000000,35,93,130,170,330,440,630,680,1000,1000,1000,2588,22,2,196.58550153939902,0.9151209997071419,136776.4473399984,118.97990726429676
1781535508,115,,Aggregated,75.900000,0.000000,74,170,270,330,520,900,1400,1800,2700,2700,2700,6312,54,10,293.4722919313824,0.9151209997071419,136956.09367900033,77.12294043092523
1781535509,117,GET,/api/load/cpu [GET],20.000000,0.000000,260,400,500,580,980,1600,1800,2300,2700,2700,2700,1913,17,14,353.4142623826385,1.4693439989059698,69234.25248000058,44.60010454783063
1781535509,117,GET,/api/load/memory [GET],20.800000,0.000000,78,180,250,300,490,880,1100,1200,1400,1400,1400,1859,15,7,365.2964661220673,1.2431080031092279,136956.09367900033,51.58041958041958
1781535509,117,GET,/api/products [GET],33.500000,0.000000,41,100,150,190,340,460,670,800,1000,1000,1000,2615,22,2,195.60994456862983,0.9151209997071419,136776.4473399984,118.99043977055449
1781535509,117,,Aggregated,74.300000,0.000000,93,200,300,350,540,900,1400,1800,2700,2700,2700,6387,54,10,292.26360098729987,0.9151209997071419,136956.09367900033,77.08908720839204
1781535510,118,GET,/api/load/cpu [GET],20.800000,0.000000,260,450,580,740,1100,1700,1900,2300,2700,2700,2700,1933,17,15,354.14519533004864,1.4693439989059698,69234.25248000058,44.604242110708746
1781535510,118,GET,/api/load/memory [GET],20.100000,0.000000,76,200,310,350,690,960,1100,1200,1400,1400,1400,1887,15,7,364.66555453785685,1.2431080031092279,136956.09367900033,51.58664546899841
1781535510,118,GET,/api/products [GET],33.700000,0.000000,43,120,180,260,400,470,670,800,1000,1000,1000,2642,22,2,195.6420382240608,0.9151209997071419,136776.4473399984,119.000757002271
1781535510,118,,Aggregated,74.600000,0.000000,97,220,320,400,670,980,1400,1800,2700,2700,2700,6462,54,10,292.41300355523003,0.9151209997071419,136956.09367900033,77.06035283194058
1781535511,119,GET,/api/load/cpu [GET],21.800000,0.000000,300,540,770,920,1400,1700,1900,2300,2700,2700,2700,1949,17,15,358.2145428927597,1.4693439989059698,69234.25248000058,44.60749102103643
1781535511,119,GET,/api/load/memory [GET],20.800000,0.000000,120,290,350,490,820,1000,1200,1300,1400,1400,1400,1910,15,7,365.599260954418,1.2431080031092279,136956.09367900033,51.59162303664922
1781535511,119,GET,/api/products [GET],32.700000,0.000000,52,130,200,280,400,480,670,800,1000,1000,1000,2665,22,2,195.03115551106404,0.9151209997071419,136776.4473399984,119.0093808630394
1781535511,119,,Aggregated,75.300000,0.000000,120,270,380,460,800,1100,1500,1800,2700,2700,2700,6524,54,10,293.7174681112694,0.9151209997071419,136956.09367900033,77.04475781729
1781535512,121,GET,/api/load/cpu [GET],21.400000,0.000000,370,660,930,1000,1500,1700,2200,2300,2700,2700,2700,1969,17,15,364.0316886688593,1.4693439989059698,69234.25248000058,44.61147790756729
1781535512,121,GET,/api/load/memory [GET],21.100000,0.000000,160,300,480,550,830,1100,1200,1300,1400,1400,1400,1936,15,7,365.90161359139347,1.2431080031092279,136956.09367900033,51.59710743801653
1781535512,121,GET,/api/products [GET],31.600000,0.000000,88,180,270,320,460,520,670,800,1000,1000,1000,2692,22,2,195.38320797807967,0.9151209997071419,136776.4473399984,119.01931649331353
1781535512,121,,Aggregated,74.100000,0.000000,170,310,440,540,910,1200,1600,1800,2700,2700,2700,6597,54,10,295.76102998013044,0.9151209997071419,136956.09367900033,77.02470820069729
1781535513,122,GET,/api/load/cpu [GET],21.300000,0.000000,500,860,1000,1200,1500,1700,2200,2300,2700,2700,2700,1990,17,15,367.0680082904391,1.4693439989059698,69234.25248000058,44.61557788944724
1781535513,122,GET,/api/load/memory [GET],21.900000,0.000000,190,350,500,570,830,1100,1200,1300,1400,1400,1400,1968,15,8,364.4614707530172,1.2431080031092279,136956.09367900033,51.603658536585364
1781535513,122,GET,/api/products [GET],30.400000,0.000000,100,210,300,370,480,600,680,980,1100,1100,1100,2730,22,2,195.8276762805841,0.9151209997071419,136776.4473399984,119.03296703296704
1781535513,122,,Aggregated,73.600000,0.000000,200,370,500,610,970,1200,1600,1800,2700,2700,2700,6688,54,10,296.4017743998078,0.9151209997071419,136956.09367900033,77.04859449760765
1781535514,123,GET,/api/load/cpu [GET],19.900000,0.000000,540,870,1000,1200,1500,1700,2200,2300,2700,2700,2700,2008,17,15,367.1051258934145,1.4693439989059698,69234.25248000058,44.61902390438247
1781535514,123,GET,/api/load/memory [GET],22.500000,0.000000,190,370,500,600,840,1100,1200,1300,1400,1400,1400,1994,15,8,362.8965551604495,1.2431080031092279,136956.09367900033,51.608826479438314
1781535514,123,GET,/api/products [GET],30.200000,0.000000,110,210,300,360,490,610,680,980,1100,1100,1100,2750,22,2,195.29670829345434,0.9151209997071419,136776.4473399984,119.04
1781535514,123,,Aggregated,72.600000,0.000000,200,380,530,640,990,1300,1600,1800,2700,2700,2700,6752,54,10,295.8869626171385,0.9151209997071419,136956.09367900033,76.99392772511848
1781535515,125,GET,/api/load/cpu [GET],20.700000,0.000000,550,950,1100,1200,1500,1700,1900,2300,2700,2700,2700,2036,17,16,374.4591057401587,1.4693439989059698,69234.25248000058,44.62426326129666
1781535515,125,GET,/api/load/memory [GET],22.700000,0.000000,220,400,530,610,820,1100,1300,1400,1800,1800,1800,2015,15,8,364.3254992476079,1.2431080031092279,136956.09367900033,51.61290322580645
1781535515,125,GET,/api/products [GET],29.700000,0.000000,140,250,320,390,520,610,810,980,1200,1200,1200,2768,22,2,196.84087678757228,0.9151209997071419,136776.4473399984,119.04624277456648
1781535515,125,,Aggregated,73.100000,0.000000,260,430,560,690,1100,1400,1700,1800,2700,2700,2700,6819,54,10,299.36503405468557,0.9151209997071419,136956.09367900033,76.89910544068046
1781535516,126,GET,/api/load/cpu [GET],19.900000,0.000000,550,920,1000,1100,1400,1600,1900,2300,2700,2700,2700,2056,17,16,376.7235739158398,1.4693439989059698,69234.25248000058,44.627918287937746
1781535516,126,GET,/api/load/memory [GET],23.500000,0.000000,240,420,540,630,840,1200,1400,1600,1800,1800,1800,2043,15,8,366.1374442006477,1.2431080031092279,136956.09367900033,51.61820851688693
1781535516,126,GET,/api/products [GET],28.100000,0.000000,150,270,360,410,590,730,910,1100,1200,1200,1200,2801,22,2,199.208133411642,0.9151209997071419,136776.4473399984,119.05747947161728
1781535516,126,,Aggregated,71.500000,0.000000,270,450,590,690,1100,1300,1600,1700,2700,2700,2700,6900,54,10,301.52818089259506,0.9151209997071419,136956.09367900033,76.91173913043478
1781535517,127,GET,/api/load/cpu [GET],20.200000,0.000000,480,920,1100,1200,1500,1600,1900,2000,2200,2200,2200,2075,17,16,379.82091844046255,1.4693439989059698,69234.25248000058,44.63132530120482
1781535517,127,GET,/api/load/memory [GET],24.300000,0.000000,220,420,580,690,1000,1200,1400,1600,1800,1800,1800,2065,15,8,368.19449261933215,1.2431080031092279,136956.09367900033,51.62227602905569
1781535517,127,GET,/api/products [GET],27.100000,0.000000,140,270,380,480,650,810,960,1100,1200,1200,1200,2824,22,3,200.45236946812875,0.9151209997071419,136776.4473399984,119.06515580736544
1781535517,127,,Aggregated,71.600000,0.000000,240,450,610,730,1100,1300,1600,1800,2200,2200,2200,6964,54,10,303.6369219415398,0.9151209997071419,136956.09367900033,76.88828259620908
1781535518,129,GET,/api/load/cpu [GET],21.900000,0.000000,570,970,1100,1200,1500,1700,2000,2100,2200,2200,2200,2095,17,16,383.7202431837496,1.4693439989059698,69234.25248000058,44.63484486873509
1781535518,129,GET,/api/load/memory [GET],24.500000,0.000000,240,460,630,720,1100,1300,1600,1700,2100,2100,2100,2090,15,8,369.5382429693392,1.2431080031092279,136956.09367900033,51.6267942583732
1781535518,129,GET,/api/products [GET],26.900000,0.000000,160,300,410,490,670,840,980,1100,1200,1200,1200,2853,22,3,201.03050884437192,0.9151209997071419,136776.4473399984,119.07465825446899
1781535518,129,,Aggregated,73.300000,0.000000,270,490,660,770,1100,1400,1700,1900,2200,2200,2200,7038,54,10,305.451673630133,0.9151209997071419,136956.09367900033,76.8868996874112
1781535519,130,GET,/api/load/cpu [GET],21.500000,0.000000,610,1000,1200,1400,1700,2000,2200,2300,2800,2800,2800,2131,17,17,394.669912934757,1.4693439989059698,69234.25248000058,44.641013608634445
1781535519,130,GET,/api/load/memory [GET],25.400000,0.000000,260,480,660,740,1100,1300,1600,1700,2100,2100,2100,2107,15,8,370.24600062265085,1.2431080031092279,136956.09367900033,51.62980541053631
1781535519,130,GET,/api/products [GET],26.800000,0.000000,160,300,450,520,700,910,1100,1100,1200,1200,1200,2871,22,3,201.7064676990549,0.9151209997071419,136776.4473399984,119.08045977011494
1781535519,130,,Aggregated,73.700000,0.000000,290,530,720,900,1200,1500,2000,2100,2800,2800,2800,7109,54,10,309.50192383456016,0.9151209997071419,136956.09367900033,76.77507385004924
1781535520,131,GET,/api/load/cpu [GET],20.800000,0.000000,570,1000,1200,1300,1700,2000,2200,2300,2800,2800,2800,2150,17,17,397.5538704897524,1.4693439989059698,69234.25248000058,44.64418604651163
1781535520,131,GET,/api/load/memory [GET],25.700000,0.000000,270,500,660,770,1200,1300,1600,1700,2100,2100,2100,2130,15,8,373.2353679793135,1.2431080031092279,136956.09367900033,51.63380281690141
1781535520,131,GET,/api/products [GET],26.700000,0.000000,180,320,510,600,760,960,1100,1100,1300,1300,1300,2890,22,3,203.85904580103227,0.9151209997071419,136776.4473399984,119.08650519031141
1781535520,131,,Aggregated,73.200000,0.000000,310,560,720,910,1200,1500,2000,2100,2800,2800,2800,7170,54,10,312.2572939628867,0.9151209997071419,136956.09367900033,76.72594142259415
1781535521,133,GET,/api/load/cpu [GET],21.400000,0.000000,610,1000,1200,1300,1600,2000,2100,2300,2800,2800,2800,2167,17,17,401.4331701836538,1.4693439989059698,69234.25248000058,44.646977388094136
1781535521,133,GET,/api/load/memory [GET],24.600000,0.000000,320,580,730,930,1200,1400,1600,1700,2100,2100,2100,2146,15,8,376.58831749997063,1.2431080031092279,136956.09367900033,51.636533084808946
1781535521,133,GET,/api/products [GET],25.700000,0.000000,230,380,520,620,810,1000,1100,1100,1300,1300,1300,2922,22,3,206.19461497945835,0.9151209997071419,136776.4473399984,119.0965092402464
1781535521,133,,Aggregated,71.700000,0.000000,380,600,770,940,1200,1500,2000,2100,2800,2800,2800,7235,54,11,315.21283678132704,0.9151209997071419,136956.09367900033,76.78811333794057
1781535522,134,GET,/api/load/cpu [GET],22.000000,0.000000,620,1000,1200,1400,1800,2100,2300,2600,2800,2800,2800,2181,17,18,406.3825849110347,1.4693439989059698,69234.25248000058,44.649243466299865
1781535522,134,GET,/api/load/memory [GET],24.500000,0.000000,380,640,930,1100,1300,1500,1700,2000,2100,2100,2100,2164,15,8,382.17277553693816,1.2431080031092279,136956.09367900033,51.63955637707948
1781535522,134,GET,/api/products [GET],25.300000,0.000000,240,400,530,650,840,1000,1100,1100,1300,1300,1300,2938,22,3,206.15500574777872,0.9151209997071419,136776.4473399984,119.10142954390741
1781535522,134,,Aggregated,71.800000,0.000000,410,640,860,1000,1300,1600,2100,2100,2800,2800,2800,7283,54,11,318.4162722559224,0.9151209997071419,136956.09367900033,76.76067554579157
1781535523,136,GET,/api/load/cpu [GET],21.400000,0.000000,790,1100,1300,1500,2000,2200,2600,2900,2900,2900,2900,2199,17,18,415.0899114415491,1.4693439989059698,69234.25248000058,44.65211459754434
1781535523,136,GET,/api/load/memory [GET],23.400000,0.000000,500,770,1000,1200,1500,1700,2100,2100,2300,2300,2300,2188,15,9,388.80541960691545,1.2431080031092279,136956.09367900033,51.643510054844604
1781535523,136,GET,/api/products [GET],26.300000,0.000000,310,480,650,710,1000,1200,1800,1900,2300,2300,2300,2960,22,3,213.08357653479052,0.9151209997071419,136776.4473399984,119.10810810810811
1781535523,136,,Aggregated,71.100000,0.000000,480,760,1000,1100,1500,1900,2200,2300,2900,2900,2900,7347,54,11,325.8767333473371,0.9151209997071419,136956.09367900033,76.73145501565264
1781535524,137,GET,/api/load/cpu [GET],21.600000,0.000000,830,1200,1400,1500,2100,2500,2900,3100,3900,3900,3900,2221,17,18,425.4135485177669,1.4693439989059698,69234.25248000058,44.655560558307066
1781535524,137,GET,/api/load/memory [GET],22.500000,0.000000,580,930,1100,1200,1600,2100,2900,3100,3500,3500,3500,2209,15,9,397.3522294657917,1.2431080031092279,136956.09367900033,51.646899049343595
1781535524,137,GET,/api/products [GET],24.900000,0.000000,340,520,670,780,1100,1400,1800,1900,2300,2300,2300,3005,22,3,218.0746953856799,0.9151209997071419,136776.4473399984,119.12146422628952
1781535524,137,,Aggregated,69.000000,0.000000,510,840,1100,1200,1600,2100,2600,2900,3900,3900,3900,7435,54,11,333.27626439567865,0.9151209997071419,136956.09367900033,76.82958977807667
1781535525,138,GET,/api/load/cpu [GET],20.700000,0.000000,860,1200,1500,1900,2200,2700,3200,3700,3900,3900,3900,2241,17,19,434.2236866135488,1.4693439989059698,69234.25248000058,44.65863453815261
1781535525,138,GET,/api/load/memory [GET],22.100000,0.000000,580,930,1200,1300,1700,2200,3000,3500,3700,3700,3700,2234,15,9,400.5511012801862,1.2431080031092279,136956.09367900033,51.65085049239033
1781535525,138,GET,/api/products [GET],23.500000,0.000000,290,470,650,710,1100,1400,1800,1900,2300,2300,2300,3027,22,3,217.79576142945777,0.9151209997071419,136776.4473399984,119.12784935579782
1781535525,138,,Aggregated,66.300000,0.000000,500,830,1100,1200,1700,2200,2900,3100,3900,3900,3900,7502,54,11,336.86939640200944,0.9151209997071419,136956.09367900033,76.78858970941083
1781535526,140,GET,/api/load/cpu [GET],20.900000,0.000000,800,1200,1400,1700,2200,2700,3200,3700,3900,3900,3900,2263,17,19,437.26213781969784,1.4693439989059698,69234.25248000058,44.66195315952276
1781535526,140,GET,/api/load/memory [GET],21.600000,0.000000,560,870,1100,1200,1600,2200,3000,3500,3700,3700,3700,2262,15,9,402.4909610919248,1.2431080031092279,136956.09367900033,51.6551724137931
1781535526,140,GET,/api/products [GET],23.200000,0.000000,270,430,610,690,1100,1400,1800,1900,2300,2300,2300,3052,22,3,217.4523239917966,0.9151209997071419,136776.4473399984,119.13499344692005
1781535526,140,,Aggregated,65.700000,0.000000,490,780,1000,1200,1700,2200,2900,3100,3900,3900,3900,7577,54,11,338.3427827238857,0.9151209997071419,136956.09367900033,76.74726144912235
1781535527,141,GET,/api/load/cpu [GET],20.600000,0.000000,900,1200,1400,1700,2200,2700,3200,3700,3900,3900,3900,2275,17,19,440.25656553010214,1.4693439989059698,69234.25248000058,44.66373626373626
1781535527,141,GET,/api/load/memory [GET],21.500000,0.000000,580,900,1100,1200,1600,2200,3000,3500,3700,3700,3700,2281,15,9,404.5118758259237,1.2431080031092279,136956.09367900033,51.65804471722929
1781535527,141,GET,/api/products [GET],25.000000,0.000000,300,470,580,660,1100,1400,1800,1900,2300,2300,2300,3088,22,3,219.6993860233019,0.9151209997071419,136776.4473399984,119.14507772020725
1781535527,141,,Aggregated,67.100000,0.000000,510,810,1100,1200,1700,2200,2900,3100,3900,3900,3900,7644,54,11,340.49018568548917,0.9151209997071419,136956.09367900033,76.8396127681842
1781535528,142,GET,/api/load/cpu [GET],20.100000,0.000000,980,1300,1500,1700,2300,2800,3200,3700,3900,3900,3900,2300,17,20,448.3284049617322,1.4693439989059698,69234.25248000058,44.667391304347824
1781535528,142,GET,/api/load/memory [GET],22.300000,0.000000,620,910,1100,1200,1700,2300,3000,3500,3700,3700,3700,2299,15,9,409.3513627015799,1.2431080031092279,136956.09367900033,51.66072205306655
1781535528,142,GET,/api/products [GET],25.400000,0.000000,290,460,540,660,1100,1400,1800,1900,2300,2300,2300,3114,22,3,219.957177193629,0.9151209997071419,136776.4473399984,119.15221579961464
1781535528,142,,Aggregated,67.800000,0.000000,540,860,1100,1200,1600,2200,2900,3100,3900,3900,3900,7713,54,11,344.50936912276484,0.9151209997071419,136956.09367900033,76.82393361856606
1781535529,144,GET,/api/load/cpu [GET],19.800000,0.000000,1000,1300,1500,1700,2300,2700,3200,3700,3900,3900,3900,2318,17,20,454.45018216695235,1.4693439989059698,69234.25248000058,44.66997411561691
1781535529,144,GET,/api/load/memory [GET],21.000000,0.000000,650,930,1200,1300,1700,2300,3000,3500,3700,3700,3700,2319,15,9,412.4066756230842,1.2431080031092279,136956.09367900033,51.66364812419146
1781535529,144,GET,/api/products [GET],25.600000,0.000000,290,450,530,620,1100,1500,1800,1900,2300,2300,2300,3146,22,3,222.17008106514626,0.9151209997071419,136776.4473399984,119.16083916083916
1781535529,144,,Aggregated,66.400000,0.000000,550,870,1100,1200,1700,2200,2900,3100,3900,3900,3900,7783,54,11,348.0320799259778,0.9151209997071419,136956.09367900033,76.86406270075807
1781535530,145,GET,/api/load/cpu [GET],19.400000,0.000000,1100,1400,1600,1800,2400,2700,3200,3700,3900,3900,3900,2338,17,21,462.2976375260852,1.4693439989059698,69234.25248000058,44.67279726261762
1781535530,145,GET,/api/load/memory [GET],20.900000,0.000000,670,1000,1200,1400,1800,2300,3000,3500,3700,3700,3700,2338,15,9,416.29296322110275,1.2431080031092279,136956.09367900033,51.66638152266895
1781535530,145,GET,/api/products [GET],26.100000,0.000000,260,460,570,660,1100,1500,1800,1900,2300,2300,2300,3163,22,3,223.6943921839842,0.9151209997071419,136776.4473399984,119.16534935188112
1781535530,145,,Aggregated,66.400000,0.000000,580,950,1100,1300,1800,2300,2900,3100,3900,3900,3900,7839,54,11,352.30133780136185,0.9151209997071419,136956.09367900033,76.81604796530169
1781535531,146,GET,/api/load/cpu [GET],19.200000,0.000000,1100,1500,1700,1900,2400,2700,3200,3700,3900,3900,3900,2366,17,21,472.49156735207066,1.4693439989059698,69234.25248000058,44.676669484361796
1781535531,146,GET,/api/load/memory [GET],21.200000,0.000000,660,900,1200,1300,1700,2200,2900,3100,3700,3700,3700,2364,15,10,420.92402723685774,1.2431080031092279,136956.09367900033,51.67005076142132
1781535531,146,GET,/api/products [GET],27.300000,0.000000,320,490,610,740,1100,1500,1800,1900,2300,2300,2300,3193,22,3,226.64056380580783,0.9151209997071419,136776.4473399984,119.17319135609145
1781535531,146,,Aggregated,67.700000,0.000000,600,960,1200,1300,1700,2300,2900,3100,3900,3900,3900,7923,54,12,358.02634973808966,0.9151209997071419,136956.09367900033,76.78568723968193
1781535532,148,GET,/api/load/cpu [GET],18.500000,0.000000,1100,1500,1600,1700,2200,2700,3200,3700,3900,3900,3900,2379,17,22,475.798370049177,1.4693439989059698,69234.25248000058,44.67843631778058
1781535532,148,GET,/api/load/memory [GET],20.800000,0.000000,640,910,1100,1200,1700,2200,2900,3100,3700,3700,3700,2386,15,10,423.4640070921808,1.2431080031092279,136956.09367900033,51.67309304274937
1781535532,148,GET,/api/products [GET],26.900000,0.000000,340,490,580,680,1000,1400,1600,1800,2300,2300,2300,3227,22,3,229.3792041010054,0.9151209997071419,136776.4473399984,119.18190269600248
1781535532,148,,Aggregated,66.200000,0.000000,580,900,1100,1300,1700,2200,2700,3100,3900,3900,3900,7992,54,12,360.67519205491607,0.9151209997071419,136956.09367900033,76.8495995995996
1781535533,149,GET,/api/load/cpu [GET],19.700000,0.000000,1100,1500,1600,1700,2100,2500,3100,3400,3700,3700,3700,2405,17,23,482.79440794053687,1.4693439989059698,69234.25248000058,44.681912681912685
1781535533,149,GET,/api/load/memory [GET],21.500000,0.000000,630,890,1000,1200,1500,2000,2500,3100,3700,3700,3700,2416,15,10,426.3538349171945,1.2431080031092279,136956.09367900033,51.6771523178808
1781535533,149,GET,/api/products [GET],25.800000,0.000000,290,470,580,680,1000,1200,1400,1500,1600,1600,1600,3264,22,3,231.86564275089665,0.9151209997071419,136776.4473399984,119.19117647058823
1781535533,149,,Aggregated,67.000000,0.000000,570,880,1100,1200,1600,2000,2500,3100,3700,3700,3700,8085,54,12,364.62595846578495,0.9151209997071419,136956.09367900033,76.85244279529994
1781535534,150,GET,/api/load/cpu [GET],19.600000,0.000000,1100,1400,1600,1700,2000,2300,2700,3100,3400,3400,3400,2432,17,24,487.672245046866,1.4693439989059698,69234.25248000058,44.68544407894737
1781535534,150,GET,/api/load/memory [GET],22.200000,0.000000,650,890,1000,1100,1400,1700,2100,2100,2500,2500,2500,2431,15,10,427.6099099197597,1.2431080031092279,136956.09367900033,51.67914438502674
1781535534,150,GET,/api/products [GET],28.700000,0.000000,320,480,580,680,940,1200,1400,1500,1600,1600,1600,3289,22,3,233.35912375613387,0.9151209997071419,136776.4473399984,119.19732441471572
1781535534,150,,Aggregated,70.500000,0.000000,590,880,1100,1200,1600,1900,2300,2500,3400,3400,3400,8152,54,12,367.1561272083965,0.9151209997071419,136956.09367900033,76.83353778213936
1781535535,152,GET,/api/load/cpu [GET],20.500000,0.000000,1100,1300,1500,1600,1900,2200,2500,2700,3000,3000,3000,2452,17,24,490.7901655994994,1.4693439989059698,69234.25248000058,44.68800978792822
1781535535,152,GET,/api/load/memory [GET],22.100000,0.000000,720,930,1100,1200,1500,1800,2100,2300,2500,2500,2500,2453,15,10,429.7743179102909,1.2431080031092279,136956.09367900033,51.68202201386058
1781535535,152,GET,/api/products [GET],29.500000,0.000000,390,540,660,750,1000,1200,1400,1500,1600,1600,1600,3329,22,3,236.84155864851223,0.9151209997071419,136776.4473399984,119.2069690597777
1781535535,152,,Aggregated,72.100000,0.000000,660,910,1100,1200,1600,1800,2100,2500,3000,3000,3000,8234,54,12,369.9416367044962,0.9151209997071419,136956.09367900033,76.89956278843819
1781535536,153,GET,/api/load/cpu [GET],20.400000,0.000000,1100,1400,1600,1700,2000,2300,2500,2600,3000,3000,3000,2474,17,24,497.278114158033,1.4693439989059698,69234.25248000058,44.690784155214224
1781535536,153,GET,/api/load/memory [GET],22.400000,0.000000,740,960,1100,1200,1700,1800,2100,2300,2500,2500,2500,2472,15,10,434.2866385582338,1.2431080031092279,136956.09367900033,51.68446601941748
1781535536,153,GET,/api/products [GET],30.200000,0.000000,380,530,650,740,960,1200,1400,1500,1600,1600,1600,3356,22,3,237.68222648000543,0.9151209997071419,136776.4473399984,119.21334922526817
1781535536,153,,Aggregated,73.000000,0.000000,660,940,1100,1200,1600,1900,2200,2500,3000,3000,3000,8302,54,12,373.5827724656508,0.9151209997071419,136956.09367900033,76.89821729703687
1781535537,154,GET,/api/load/cpu [GET],21.500000,0.000000,1100,1400,1600,1700,2000,2400,2700,2900,3300,3300,3300,2508,17,26,506.4967844046936,1.4693439989059698,69234.25248000058,44.69497607655502
1781535537,154,GET,/api/load/memory [GET],21.900000,0.000000,720,990,1100,1200,1600,1800,2100,2300,2500,2500,2500,2494,15,10,437.5341956034297,1.2431080031092279,136956.09367900033,51.68724939855654
1781535537,154,GET,/api/products [GET],29.900000,0.000000,420,570,680,810,1000,1200,1500,1500,1800,1800,1800,3381,22,4,240.02092012005272,0.9151209997071419,136776.4473399984,119.21916592724047
1781535537,154,,Aggregated,73.300000,0.000000,680,970,1100,1300,1600,1900,2400,2500,3300,3300,3300,8383,54,13,378.50589884860204,0.9151209997071419,136956.09367900033,76.83204103542884
1781535538,156,GET,/api/load/cpu [GET],21.400000,0.000000,1100,1400,1600,1700,2000,2300,2600,2900,3300,3300,3300,2525,17,26,509.4223707857323,1.4693439989059698,69234.25248000058,44.6970297029703
1781535538,156,GET,/api/load/memory [GET],20.300000,0.000000,730,990,1100,1300,1600,1800,1900,2100,2300,2300,2300,2526,15,11,441.2501716729854,1.2431080031092279,136956.09367900033,51.69121140142518
1781535538,156,GET,/api/products [GET],29.700000,0.000000,450,620,750,840,1100,1300,1400,1500,1800,1800,1800,3414,22,4,242.87771751022066,0.9151209997071419,136776.4473399984,119.22671353251319
1781535538,156,,Aggregated,71.400000,0.000000,690,960,1100,1300,1600,1800,2200,2500,3300,3300,3300,8465,54,13,381.5799110998035,0.9151209997071419,136956.09367900033,76.84252805670407
1781535539,157,GET,/api/load/cpu [GET],22.500000,0.000000,1100,1400,1600,1700,2000,2400,2600,2900,3300,3300,3300,2550,17,27,516.3900270458727,1.4693439989059698,69234.25248000058,44.7
1781535539,157,GET,/api/load/memory [GET],21.500000,0.000000,710,940,1100,1200,1500,1700,1800,1900,2300,2300,2300,2547,15,11,442.93429188651953,1.2431080031092279,136956.09367900033,51.69375736160188
1781535539,157,GET,/api/products [GET],30.400000,0.000000,460,640,720,820,1000,1200,1400,1500,1800,1800,1800,3449,22,4,245.76288424381136,0.9151209997071419,136776.4473399984,119.23456074224413
1781535539,157,,Aggregated,74.400000,0.000000,680,940,1100,1200,1600,1800,2200,2500,3300,3300,3300,8546,54,13,385.2778373693955,0.9151209997071419,136956.09367900033,76.86508307980341
1781535540,158,GET,/api/load/cpu [GET],23.300000,0.000000,1000,1300,1500,1600,1900,2200,2500,2800,3300,3300,3300,2567,17,28,518.5973877713159,1.4693439989059698,69234.25248000058,44.70198675496689
1781535540,158,GET,/api/load/memory [GET],21.800000,0.000000,650,870,1000,1100,1400,1700,1800,1900,2300,2300,2300,2571,15,11,443.659501530522,1.2431080031092279,136956.09367900033,51.696616102683784
1781535540,158,GET,/api/products [GET],30.000000,0.000000,440,610,720,810,1000,1200,1400,1500,1800,1800,1800,3477,22,4,246.74694895510797,0.9151209997071419,136776.4473399984,119.24072476272649
1781535540,158,,Aggregated,75.100000,0.000000,650,890,1000,1200,1500,1800,2100,2400,3300,3300,3300,8615,54,13,386.51505680334975,0.9151209997071419,136956.09367900033,76.87312826465467
1781535541,160,GET,/api/load/cpu [GET],22.100000,0.000000,1100,1300,1600,1700,2000,2300,2500,2800,3300,3300,3300,2593,17,29,527.138327753167,1.4693439989059698,69234.25248000058,44.7049749325106
1781535541,160,GET,/api/load/memory [GET],22.400000,0.000000,690,920,1100,1100,1400,1700,1900,2000,2300,2300,2300,2587,15,11,446.08089493544026,1.2431080031092279,136956.09367900033,51.698492462311556
1781535541,160,GET,/api/products [GET],29.900000,0.000000,430,640,720,820,1000,1200,1300,1500,1800,1800,1800,3503,22,4,248.558554533232,0.9151209997071419,136776.4473399984,119.24636026263202
1781535541,160,,Aggregated,74.400000,0.000000,670,930,1100,1200,1600,1800,2200,2400,3300,3300,3300,8683,54,14,390.60020449059823,0.9151209997071419,136956.09367900033,76.86099274444317
1781535542,161,GET,/api/load/cpu [GET],23.000000,0.000000,1100,1300,1500,1700,2000,2400,2700,2800,3300,3300,3300,2617,17,31,534.1490058096873,1.4693439989059698,69234.25248000058,44.70768055024838
1781535542,161,GET,/api/load/memory [GET],22.900000,0.000000,670,910,1100,1100,1500,1800,1900,2000,2500,2500,2500,2611,15,11,449.13477759937905,1.2431080031092279,136956.09367900033,51.70126388356952
1781535542,161,GET,/api/products [GET],31.600000,0.000000,450,630,720,810,1000,1200,1500,1800,1900,1900,1900,3548,22,4,251.80020041062468,0.9151209997071419,136776.4473399984,119.25591882750845
1781535542,161,,Aggregated,77.500000,0.000000,660,920,1100,1200,1600,1800,2300,2500,3300,3300,3300,8776,54,14,394.7066959403866,0.9151209997071419,136956.09367900033,76.92707383773929
1781535543,162,GET,/api/load/cpu [GET],23.000000,0.000000,1100,1400,1600,1700,2200,2400,2800,2900,3300,3300,3300,2638,17,32,541.4385745511589,1.4693439989059698,69234.25248000058,44.71000758150114
1781535543,162,GET,/api/load/memory [GET],22.600000,0.000000,690,920,1100,1200,1600,1800,2000,2400,2700,2700,2700,2630,15,12,453.76637208136464,1.2431080031092279,136956.09367900033,51.70342205323194
1781535543,162,GET,/api/products [GET],31.200000,0.000000,440,610,700,790,1000,1200,1500,1800,1900,1900,1900,3577,22,4,253.29511713499838,0.9151209997071419,136776.4473399984,119.26195135588482
1781535543,162,,Aggregated,76.800000,0.000000,660,940,1100,1200,1600,2000,2400,2700,3300,3300,3300,8845,54,15,398.8419618125317,0.9151209997071419,136956.09367900033,76.93894855850763
1781535544,164,GET,/api/load/cpu [GET],23.500000,0.000000,1100,1400,1700,1800,2200,2500,2800,3300,3300,3300,3300,2660,17,35,544.7486303428433,1.4693439989059698,69234.25248000058,44.712406015037594
1781535544,164,GET,/api/load/memory [GET],22.000000,0.000000,730,970,1100,1300,1600,1800,2300,2400,2700,2700,2700,2653,15,12,456.95819405352375,1.2431080031092279,136956.09367900033,51.70599321522804
1781535544,164,GET,/api/products [GET],31.600000,0.000000,430,580,690,800,1100,1400,1700,1900,1900,1900,1900,3604,22,4,256.38888378659595,0.9151209997071419,136776.4473399984,119.26748057713651
1781535544,164,,Aggregated,77.100000,0.000000,660,960,1100,1300,1700,2000,2400,2700,3300,3300,3300,8917,54,15,402.0822005946909,0.9151209997071419,136956.09367900033,76.92620836604239
1781535545,165,GET,/api/load/cpu [GET],23.400000,0.000000,1200,1500,1700,1800,2200,2500,2800,3300,3300,3300,3300,2677,17,36,548.8876846126113,1.4693439989059698,69234.25248000058,44.71423234964512
1781535545,165,GET,/api/load/memory [GET],22.100000,0.000000,740,1000,1200,1300,1600,1900,2400,2700,3500,3500,3500,2681,15,13,463.40642232487727,1.2431080031092279,136956.09367900033,51.70906378217083
1781535545,165,GET,/api/products [GET],31.400000,0.000000,450,630,750,860,1100,1500,1800,1900,2500,2500,2500,3644,22,4,260.7758892680833,0.9151209997071419,136776.4473399984,119.2755214050494
1781535545,165,,Aggregated,76.900000,0.000000,690,990,1200,1300,1700,2100,2500,2800,3500,3500,3500,9002,54,15,406.80207625570495,0.9151209997071419,136956.09367900033,76.97978227060653
1781535546,166,GET,/api/load/cpu [GET],23.100000,0.000000,1200,1500,1700,1800,2200,2500,2800,3100,3300,3300,3300,2702,17,39,555.5907163012446,1.4693439989059698,69234.25248000058,44.71687638786084
1781535546,166,GET,/api/load/memory [GET],21.500000,0.000000,740,970,1100,1300,1600,2000,2500,3000,3500,3500,3500,2702,15,13,466.3995068804575,1.2431080031092279,136956.09367900033,51.71132494448557
1781535546,166,GET,/api/products [GET],32.100000,0.000000,440,620,720,830,1100,1500,1800,1900,2500,2500,2500,3667,22,4,261.4516482546748,0.9151209997071419,136776.4473399984,119.28006544859558
1781535546,166,,Aggregated,76.700000,0.000000,680,970,1200,1300,1700,2100,2500,2800,3500,3500,3500,9071,54,16,410.11583917835475,0.9151209997071419,136956.09367900033,76.94289493991842
1781535547,168,GET,/api/load/cpu [GET],22.500000,0.000000,1200,1600,1800,2100,2400,2800,3300,3700,4800,4800,4800,2730,17,40,568.319855141015,1.4693439989059698,69234.25248000058,44.71978021978022
1781535547,168,GET,/api/load/memory [GET],22.400000,0.000000,770,1000,1100,1300,1600,2300,2700,3000,3500,3500,3500,2722,15,13,470.79616935304836,1.2431080031092279,136956.09367900033,51.71344599559148
1781535547,168,GET,/api/products [GET],31.100000,0.000000,440,610,720,820,1000,1500,1700,1900,2500,2500,2500,3696,22,5,262.87039232870063,0.9151209997071419,136776.4473399984,119.28571428571429
1781535547,168,,Aggregated,76.000000,0.000000,680,980,1200,1300,1900,2300,2800,3100,4800,4800,4800,9148,54,16,415.89302006568124,0.9151209997071419,136956.09367900033,76.92708788806297
1781535548,169,GET,/api/load/cpu [GET],22.300000,0.000000,1300,1700,1900,2100,2500,2800,3300,3700,4800,4800,4800,2744,17,44,572.3255272212027,1.4693439989059698,69234.25248000058,44.721209912536445
1781535548,169,GET,/api/load/memory [GET],23.000000,0.000000,790,1000,1200,1300,1800,2300,2800,3100,3500,3500,3500,2734,15,14,471.66913765691226,1.2431080031092279,136956.09367900033,51.71470373079737
1781535548,169,GET,/api/products [GET],31.500000,0.000000,430,630,790,900,1200,1600,1800,1900,2500,2500,2500,3718,22,5,265.81753471002725,0.9151209997071419,136776.4473399984,119.28994082840237
1781535548,169,,Aggregated,76.800000,0.000000,700,1000,1200,1500,1900,2300,2800,3200,4800,4800,4800,9196,54,16,418.47697510883705,0.9151209997071419,136956.09367900033,76.94899956502827
1781535549,170,GET,/api/load/cpu [GET],21.900000,0.000000,1300,1800,2100,2200,2600,2800,3300,3900,4800,4800,4800,2770,17,47,584.6621525216527,1.4693439989059698,69234.25248000058,44.72382671480145
1781535549,170,GET,/api/load/memory [GET],22.700000,0.000000,900,1100,1400,1600,2000,2300,2800,3100,3500,3500,3500,2759,15,14,478.96704725226493,1.2431080031092279,136956.09367900033,51.717288872779996
1781535549,170,GET,/api/products [GET],31.100000,0.000000,450,670,880,950,1400,1700,1900,2500,2600,2600,2600,3740,22,5,270.397316486332,0.9151209997071419,136776.4473399984,119.29411764705883
1781535549,170,,Aggregated,75.700000,0.000000,810,1100,1400,1600,2100,2500,2800,3300,4800,4800,4800,9269,54,17,426.39661339010325,0.9151209997071419,136956.09367900033,76.89427122666955
1781535550,172,GET,/api/load/cpu [GET],21.400000,0.000000,1400,1900,2100,2300,2700,3100,3700,3900,4800,4800,4800,2784,17,48,589.1142083110548,1.4693439989059698,69234.25248000058,44.72521551724138
1781535550,172,GET,/api/load/memory [GET],21.500000,0.000000,920,1200,1500,1600,2100,2300,2700,3000,3500,3500,3500,2784,15,15,484.7213382205469,1.2431080031092279,136956.09367900033,51.7198275862069
1781535550,172,GET,/api/products [GET],29.400000,0.000000,460,670,900,970,1500,1700,1900,2500,2900,2900,2900,3771,22,5,273.18894609225174,0.9151209997071419,136776.4473399984,119.29992044550517
1781535550,172,,Aggregated,72.300000,0.000000,770,1100,1500,1700,2200,2500,2900,3500,4800,4800,4800,9339,54,17,430.4265635783133,0.9151209997071419,136956.09367900033,76.9229039511725
1781535551,173,GET,/api/load/cpu [GET],22.200000,0.000000,1500,2100,2200,2400,2900,3300,3900,4800,5000,5000,5000,2807,17,51,600.8653400263555,1.4693439989059698,69234.25248000058,44.72746704666904
1781535551,173,GET,/api/load/memory [GET],21.500000,0.000000,950,1300,1600,1800,2200,2500,2800,3100,3500,3500,3500,2812,15,15,490.94885426814085,1.2431080031092279,136956.09367900033,51.7226173541963
1781535551,173,GET,/api/products [GET],29.300000,0.000000,460,680,900,990,1600,1900,2500,2700,3100,3100,3100,3794,22,5,276.8734037764572,0.9151209997071419,136776.4473399984,119.30416447021614
1781535551,173,,Aggregated,73.000000,0.000000,850,1300,1600,1800,2300,2700,3200,3700,5000,5000,5000,9413,54,18,437.4412919987123,0.9151209997071419,136956.09367900033,76.87602252204398
1781535552,174,GET,/api/load/cpu [GET],21.600000,0.000000,1600,2100,2400,2500,3100,3700,4700,5000,6100,6100,6100,2828,17,53,613.8836208203654,1.4693439989059698,69234.25248000058,44.72949080622348
1781535552,174,GET,/api/load/memory [GET],21.300000,0.000000,960,1300,1600,1700,2100,2300,3000,3100,5300,5300,5300,2835,15,16,498.21015680389155,1.2431080031092279,136956.09367900033,51.72486772486773
1781535552,174,GET,/api/products [GET],28.800000,0.000000,530,750,960,1100,1600,1900,2500,2700,3100,3100,3100,3821,22,5,279.0707438353495,0.9151209997071419,136776.4473399984,119.30908139230569
1781535552,174,,Aggregated,71.700000,0.000000,890,1300,1600,1800,2400,2900,3600,4000,6100,6100,6100,9484,54,18,444.4135371587841,0.9151209997071419,136956.09367900033,76.86788274989456
1781535553,176,GET,/api/load/cpu [GET],21.100000,0.000000,1600,2100,2400,2600,3200,3900,4700,5000,6100,6100,6100,2846,17,56,619.9540923559344,1.4693439989059698,69234.25248000058,44.731201686577656
1781535553,176,GET,/api/load/memory [GET],21.400000,0.000000,1100,1500,1700,1900,2200,2500,3000,3100,5300,5300,5300,2866,15,16,507.58904664586504,1.2431080031092279,136956.09367900033,51.727843684577806
1781535553,176,GET,/api/products [GET],29.000000,0.000000,570,820,970,1100,1600,1900,2500,2700,3100,3100,3100,3853,22,6,282.840429380962,0.9151209997071419,136776.4473399984,119.31481962107449
1781535553,176,,Aggregated,71.500000,0.000000,950,1400,1700,1900,2400,2900,3700,4200,6100,6100,6100,9565,54,19,450.48862822131673,0.9151209997071419,136956.09367900033,76.87161526398327
1781535554,177,GET,/api/load/cpu [GET],21.300000,0.000000,1700,2200,2500,2700,3300,3900,4700,5000,6100,6100,6100,2869,17,59,629.9692956563212,1.4693439989059698,69234.25248000058,44.73335657023353
1781535554,177,GET,/api/load/memory [GET],22.300000,0.000000,1100,1500,1700,1800,2200,2600,3000,3100,5300,5300,5300,2888,15,17,511.4761490017439,1.2431080031092279,136956.09367900033,51.729916897506925
1781535554,177,GET,/api/products [GET],27.100000,0.000000,580,820,990,1100,1600,1900,2500,2700,3100,3100,3100,3884,22,6,286.66421273168044,0.9151209997071419,136776.4473399984,119.32028836251287
1781535554,177,,Aggregated,70.700000,0.000000,960,1400,1700,2000,2500,3000,3700,4200,6100,6100,6100,9641,54,19,456.16936311636556,0.9151209997071419,136956.09367900033,76.8775023337828
1781535555,178,GET,/api/load/cpu [GET],20.100000,0.000000,1700,2200,2500,2600,3200,3900,4400,4800,6100,6100,6100,2903,17,61,638.5121848597961,1.4693439989059698,69234.25248000058,44.73647950396142
1781535555,178,GET,/api/load/memory [GET],22.500000,0.000000,1000,1500,1700,1800,2100,2500,2800,3100,5300,5300,5300,2910,15,18,513.0936248573979,1.2431080031092279,136956.09367900033,51.7319587628866
1781535555,178,GET,/api/products [GET],27.800000,0.000000,600,830,1000,1200,1400,1900,2500,2700,3100,3100,3100,3920,22,6,288.8764899629689,0.9151209997071419,136776.4473399984,119.3265306122449
1781535555,178,,Aggregated,70.400000,0.000000,960,1400,1700,2000,2500,2900,3700,4200,6100,6100,6100,9733,54,20,460.1971808936466,0.9151209997071419,136956.09367900033,76.86941333607315
1781535556,180,GET,/api/load/cpu [GET],21.600000,0.000000,1700,2100,2300,2600,3000,3700,4200,4700,6100,6100,6100,2928,17,62,643.674754356552,1.4693439989059698,69234.25248000058,44.73872950819672
1781535556,180,GET,/api/load/memory [GET],23.400000,0.000000,1000,1400,1600,1800,2100,2300,2800,3100,5300,5300,5300,2941,15,19,516.1065738755638,1.2431080031092279,136956.09367900033,51.73478408704522
1781535556,180,GET,/api/products [GET],27.700000,0.000000,600,880,1000,1200,1400,1900,2500,2700,3100,3100,3100,3958,22,6,291.69653402901827,0.9151209997071419,136776.4473399984,119.33299646286002
1781535556,180,,Aggregated,72.700000,0.000000,950,1400,1700,1900,2300,2800,3500,4100,6100,6100,6100,9827,54,21,463.73094496905316,0.9151209997071419,136956.09367900033,76.87666632746514
1781535557,180,GET,/api/load/cpu [GET],22.100000,0.000000,1600,2100,2300,2500,3000,3700,4200,4700,6100,6100,6100,2949,17,65,647.8877028941934,1.4693439989059698,69234.25248000058,44.74059003051882
1781535557,180,GET,/api/load/memory [GET],23.300000,0.000000,960,1300,1600,1700,2100,2200,2800,3100,5300,5300,5300,2975,15,20,516.9025478238736,1.2431080031092279,136956.09367900033,51.73781512605042
1781535557,180,GET,/api/products [GET],27.200000,0.000000,600,860,1000,1200,1400,1900,2500,2700,3100,3100,3100,3987,22,7,293.00160865283243,0.9151209997071419,136776.4473399984,119.33784800601957
1781535557,180,,Aggregated,72.600000,0.000000,930,1300,1600,1800,2300,2700,3500,4100,6100,6100,6100,9911,54,21,465.8060063878376,0.9151209997071419,136956.09367900033,76.84996468570276
1781535558,180,GET,/api/load/cpu [GET],22.300000,0.000000,1500,2000,2200,2500,3000,3700,4200,4700,6100,6100,6100,2971,17,68,650.6179481982423,1.4693439989059698,69234.25248000058,44.742510939077754
1781535558,180,GET,/api/load/memory [GET],23.100000,0.000000,890,1200,1500,1600,2000,2200,2800,3100,5300,5300,5300,2995,15,20,517.1567603101911,1.2431080031092279,136956.09367900033,51.73956594323873
1781535558,180,GET,/api/products [GET],28.200000,0.000000,570,780,960,1100,1400,1700,2400,2700,3100,3100,3100,4027,22,7,295.25718830788037,0.9151209997071419,136776.4473399984,119.34442513037
1781535558,180,,Aggregated,73.600000,0.000000,850,1200,1500,1700,2200,2700,3300,4100,6100,6100,6100,9993,54,22,467.414301865491,0.9151209997071419,136956.09367900033,76.90283198238767
1781535559,180,GET,/api/load/cpu [GET],22.600000,0.000000,1500,1900,2200,2400,3000,3700,4200,4700,6100,6100,6100,2997,17,74,658.3705042769371,1.4693439989059698,69234.25248000058,44.74474474474474
1781535559,180,GET,/api/load/memory [GET],24.300000,0.000000,880,1200,1400,1600,2000,2200,2800,3100,5300,5300,5300,3017,15,21,519.7801854773074,1.2431080031092279,136956.09367900033,51.74146503148823
1781535559,180,GET,/api/products [GET],28.700000,0.000000,570,810,970,1100,1300,1700,2100,2600,3100,3100,3100,4073,22,8,298.9994283061201,0.9151209997071419,136776.4473399984,119.35182911858581
1781535559,180,,Aggregated,75.600000,0.000000,870,1200,1500,1600,2200,2700,3300,4100,6100,6100,6100,10087,54,23,471.8090505000356,0.9151209997071419,136956.09367900033,76.96282343610588
1781535560,180,GET,/api/load/cpu [GET],22.500000,0.000000,1400,1800,2100,2200,2700,3600,4200,4700,6100,6100,6100,3017,17,75,660.630193721245,1.4693439989059698,69234.25248000058,44.74643685780577
1781535560,180,GET,/api/load/memory [GET],25.900000,0.000000,890,1200,1400,1600,2000,2100,2800,3100,5300,5300,5300,3039,15,22,522.3623261596023,1.2431080031092279,136956.09367900033,51.74333662388944
1781535560,180,GET,/api/products [GET],31.700000,0.000000,510,770,920,1000,1300,1600,1900,2400,3100,3100,3100,4111,22,8,300.03946646092,0.9151209997071419,136776.4473399984,119.35782048163463
1781535560,180,,Aggregated,80.100000,0.000000,820,1100,1400,1600,2100,2600,3100,4100,6100,6100,6100,10167,54,24,473.4968673430592,0.9151209997071419,136956.09367900033,77.00678666273237
1781535561,180,GET,/api/load/cpu [GET],22.800000,0.000000,1400,1700,2000,2200,2600,2700,3300,4100,4200,4200,4200,3043,17,77,666.3991930029533,1.4693439989059698,69234.25248000058,44.74860335195531
1781535561,180,GET,/api/load/memory [GET],25.000000,0.000000,810,1100,1300,1400,1800,2100,2600,2800,3100,3100,3100,3059,15,23,524.567283802887,1.2431080031092279,136956.09367900033,51.745014710689766
1781535561,180,GET,/api/products [GET],32.300000,0.000000,540,790,960,1100,1400,1700,1900,2000,2500,2500,2500,4156,22,9,306.79199245255927,0.9151209997071419,136776.4473399984,119.36477382098171
1781535561,180,,Aggregated,80.100000,0.000000,790,1100,1400,1500,2000,2300,2700,3000,4200,4200,4200,10258,54,25,478.41017606686194,0.9151209997071419,136956.09367900033,77.06550984597388
1781535562,180,GET,/api/load/cpu [GET],23.200000,0.000000,1300,1600,1900,2200,2600,2700,3000,3700,4100,4100,4100,3063,17,79,670.5065644270283,1.4693439989059698,69234.25248000058,44.75024485798237
1781535562,180,GET,/api/load/memory [GET],25.400000,0.000000,790,1100,1300,1400,1800,2200,2600,2800,3100,3100,3100,3078,15,24,528.5660562972791,1.2431080031092279,136956.09367900033,51.746588693957115
1781535562,180,GET,/api/products [GET],33.000000,0.000000,480,770,900,1000,1300,1600,1900,2000,2500,2500,2500,4185,22,9,307.03436164416706,0.9151209997071419,136776.4473399984,119.36917562724014
1781535562,180,,Aggregated,81.600000,0.000000,790,1100,1300,1500,2000,2400,2700,2900,4100,4100,4100,10326,54,26,480.88579620413174,0.9151209997071419,136956.09367900033,77.07786170830913
1781535563,180,GET,/api/load/cpu [GET],23.200000,0.000000,1300,1600,1900,2000,2600,2800,3000,3200,3800,3800,3800,3093,17,81,679.0682572815947,1.4693439989059698,69234.25248000058,44.75266731328807
1781535563,180,GET,/api/load/memory [GET],25.300000,0.000000,740,1100,1200,1300,2000,2200,3000,3500,3500,3500,3500,3099,15,25,536.0707646705465,1.2431080031092279,136956.09367900033,51.748305905130685
1781535563,180,GET,/api/products [GET],33.600000,0.000000,450,770,880,960,1400,1600,1900,2100,2500,2500,2500,4223,22,10,309.4778716655983,0.9151209997071419,136776.4473399984,119.3748520009472
1781535563,180,,Aggregated,82.100000,0.000000,770,1100,1300,1500,2000,2400,2900,3100,3800,3800,3800,10415,54,27,486.66024690636874,0.9151209997071419,136956.09367900033,77.09150264042246
1781535564,180,GET,/api/load/cpu [GET],22.900000,0.000000,1200,1500,1800,2000,2500,2700,3000,3200,3800,3800,3800,3120,17,84,682.5603139906973,1.4693439989059698,69234.25248000058,44.75480769230769
1781535564,180,GET,/api/load/memory [GET],24.300000,0.000000,770,1100,1200,1300,2100,2400,3000,3500,3500,3500,3500,3120,15,27,538.6622845714808,1.2431080031092279,136956.09367900033,51.75
1781535564,180,GET,/api/products [GET],36.400000,0.000000,450,740,870,940,1400,1700,1900,2100,2500,2500,2500,4250,22,10,311.30792525219164,0.9151209997071419,136776.4473399984,119.37882352941176
1781535564,180,,Aggregated,83.600000,0.000000,750,1100,1300,1400,1900,2400,2800,3100,3800,3800,3800,10490,54,27,489.34920780131756,0.9151209997071419,136956.09367900033,77.06911344137274
1781535565,180,GET,/api/load/cpu [GET],24.000000,0.000000,1200,1500,1900,2200,2600,2900,3200,3700,3800,3800,3800,3145,17,88,689.3921778972909,1.4693439989059698,69234.25248000058,44.75675675675676
1781535565,180,GET,/api/load/memory [GET],24.000000,0.000000,790,1100,1300,1500,2200,2500,3000,3500,3500,3500,3500,3150,15,28,543.8146358377842,1.2431080031092279,136956.09367900033,51.75238095238095
1781535565,180,GET,/api/products [GET],36.300000,0.000000,410,710,840,930,1400,1700,2000,2100,2500,2500,2500,4287,22,10,312.06818732256136,0.9151209997071419,136776.4473399984,119.38418474457663
1781535565,180,,Aggregated,84.300000,0.000000,740,1100,1300,1500,2100,2500,2900,3200,3800,3800,3800,10582,54,28,493.19512582005586,0.9151209997071419,136956.09367900033,77.07238707238707
1781535566,180,GET,/api/load/cpu [GET],23.700000,0.000000,1200,1500,1700,2000,2500,2900,3200,3700,3800,3800,3800,3166,17,91,689.1702414823025,1.4693439989059698,69234.25248000058,44.75837018319646
1781535566,180,GET,/api/load/memory [GET],23.200000,0.000000,790,1100,1300,1700,2200,2600,3000,3500,3500,3500,3500,3176,15,30,547.1146351316196,1.2431080031092279,136956.09367900033,51.7544080604534
1781535566,180,GET,/api/products [GET],36.200000,0.000000,410,720,900,1000,1500,1800,2100,2300,2600,2600,2600,4328,22,11,315.81744641100266,0.9151209997071419,136776.4473399984,119.39001848428836
1781535566,180,,Aggregated,83.100000,0.000000,720,1100,1300,1500,2100,2400,2900,3200,3800,3800,3800,10670,54,30,495.44582697074264,0.9151209997071419,136956.09367900033,77.11312089971884
1781535567,180,GET,/api/load/cpu [GET],23.600000,0.000000,1200,1500,1800,2200,2600,3000,3400,3700,3800,3800,3800,3191,17,93,694.3365727201464,1.4693439989059698,69234.25248000058,44.76026324036352
1781535567,180,GET,/api/load/memory [GET],23.600000,0.000000,820,1200,1600,2000,2400,2800,3100,3500,3500,3500,3500,3199,15,32,551.3923406205121,1.2431080031092279,136956.09367900033,51.756173804313846
1781535567,180,GET,/api/products [GET],37.100000,0.000000,410,720,910,1100,1500,1800,2100,2300,2600,2600,2600,4353,22,12,317.54774140313043,0.9151209997071419,136776.4473399984,119.3935217091661
1781535567,180,,Aggregated,84.300000,0.000000,740,1100,1400,1600,2200,2600,3100,3400,3800,3800,3800,10743,54,31,499.09870795148873,0.9151209997071419,136956.09367900033,77.08442706878898
1781535568,180,GET,/api/load/cpu [GET],24.000000,0.000000,1200,1500,1800,2200,2600,3100,3400,3700,3800,3800,3800,3214,17,95,698.8408503624729,1.4693439989059698,69234.25248000058,44.761978842563785
1781535568,180,GET,/api/load/memory [GET],24.200000,0.000000,830,1200,1600,2100,2400,2800,3200,3500,3500,3500,3500,3225,15,33,553.8319660716378,1.2431080031092279,136956.09367900033,51.75813953488372
1781535568,180,GET,/api/products [GET],36.200000,0.000000,410,720,900,1100,1500,1800,2100,2300,2600,2600,2600,4397,22,12,319.0405115594339,0.9151209997071419,136776.4473399984,119.39959062997498
1781535568,180,,Aggregated,84.400000,0.000000,720,1100,1400,1600,2200,2600,3100,3400,3800,3800,3800,10836,54,32,501.5691872437121,0.9151209997071419,136956.09367900033,77.13039867109634
1781535569,180,GET,/api/load/cpu [GET],23.400000,0.000000,1100,1500,1900,2300,2700,3100,3700,3800,4900,4900,4900,3234,17,99,703.4050668583741,1.4693439989059698,69234.25248000058,44.76345083487941
1781535569,180,GET,/api/load/memory [GET],22.800000,0.000000,820,1200,1900,2100,2400,2800,3200,3500,4300,4300,4300,3242,15,35,556.8841163069199,1.2431080031092279,136956.09367900033,51.75940777297964
1781535569,180,GET,/api/products [GET],36.600000,0.000000,370,660,830,1000,1500,1800,2100,2300,2600,2600,2600,4425,22,13,319.03146522775756,0.9151209997071419,136776.4473399984,119.40338983050847
1781535569,180,,Aggregated,82.800000,0.000000,690,1100,1400,1600,2300,2700,3200,3500,4900,4900,4900,10901,54,33,503.80190119437265,0.9151209997071419,136956.09367900033,77.14237225942574
1781535570,180,GET,/api/load/cpu [GET],24.300000,0.000000,1200,1500,1800,2100,2700,3200,3700,3800,4900,4900,4900,3263,17,100.0,711.6783054017704,1.4693439989059698,69234.25248000058,44.76555317192767
1781535570,180,GET,/api/load/memory [GET],22.300000,0.000000,810,1300,1900,2100,2500,2900,3500,3500,4300,4300,4300,3267,15,38,561.0070779054337,1.2431080031092279,136956.09367900033,51.76124885215794
1781535570,180,GET,/api/products [GET],35.700000,0.000000,350,620,810,930,1500,1800,2100,2300,2600,2600,2600,4453,22,13,319.0558275386957,0.9151209997071419,136776.4473399984,119.4071412530878
1781535570,180,,Aggregated,82.300000,0.000000,680,1100,1400,1600,2300,2700,3200,3600,4900,4900,4900,10983,54,34,507.67295220548624,0.9151209997071419,136956.09367900033,77.10953291450423
1781535571,180,GET,/api/load/cpu [GET],23.700000,0.000000,1300,1600,2000,2300,2800,3200,3800,4200,4900,4900,4900,3291,17,110.0,719.2107500519523,1.4693439989059698,69234.25248000058,44.767547857793986
1781535571,180,GET,/api/load/memory [GET],23.200000,0.000000,790,1300,1900,2100,2500,2900,3500,3500,4300,4300,4300,3293,15,41,563.786971598863,1.2431080031092279,136956.09367900033,51.76313392043729
1781535571,180,GET,/api/products [GET],35.500000,0.000000,310,620,790,920,1400,1800,2100,2300,2600,2600,2600,4481,22,14,321.2142948071447,0.9151209997071419,136776.4473399984,119.4108457933497
1781535571,180,,Aggregated,82.400000,0.000000,710,1100,1400,1700,2300,2800,3400,3700,4900,4900,4900,11065,54,36,511.77897251937287,0.9151209997071419,136956.09367900033,77.07781292363308
1781535572,180,GET,/api/load/cpu [GET],23.500000,0.000000,1200,1600,2000,2300,2700,3200,3800,4200,4900,4900,4900,3319,17,120.0,723.67872374118,1.4693439989059698,69234.25248000058,44.76950888821934
1781535572,180,GET,/api/load/memory [GET],22.200000,0.000000,680,1100,1600,2000,2400,2800,3200,3500,4300,4300,4300,3325,15,43,564.8147929152035,1.2431080031092279,136956.09367900033,51.76541353383459
1781535572,180,GET,/api/products [GET],34.700000,0.000000,290,580,780,1000,1500,1800,2100,2500,2600,2600,2600,4504,22,15,322.1481745858817,0.9151209997071419,136776.4473399984,119.41385435168739
1781535572,180,,Aggregated,80.400000,0.000000,680,1100,1400,1700,2300,2700,3200,3700,4900,4900,4900,11148,54,38,514.0701694362081,0.9151209997071419,136956.09367900033,77.01381413706494
1781535573,180,GET,/api/load/cpu [GET],24.400000,0.000000,1200,1600,2000,2300,2700,3400,3700,4200,4900,4900,4900,3340,17,120.0,727.2468736110706,1.4693439989059698,69234.25248000058,44.77095808383233
1781535573,180,GET,/api/load/memory [GET],23.300000,0.000000,700,1100,1700,1900,2400,2700,3200,3500,4300,4300,4300,3343,15,44,568.2978883141075,1.2431080031092279,136956.09367900033,51.76667663775052
1781535573,180,GET,/api/products [GET],34.400000,0.000000,260,540,750,1000,1400,1800,2100,2500,2600,2600,2600,4537,22,15,323.40177557170114,0.9151209997071419,136776.4473399984,119.41811769891999
1781535573,180,,Aggregated,82.100000,0.000000,660,1100,1400,1700,2300,2600,3200,3700,4900,4900,4900,11220,54,40,516.5862971714665,0.9151209997071419,136956.09367900033,77.04019607843138
1781535574,180,GET,/api/load/cpu [GET],25.400000,0.000000,1300,1800,2200,2300,2900,3500,4500,4900,5100,5100,5100,3368,17,120.0,737.8490525151344,1.4693439989059698,69234.25248000058,44.7728622327791
1781535574,180,GET,/api/load/memory [GET],23.700000,0.000000,680,1200,1700,1900,2300,2600,3200,3500,4300,4300,4300,3365,15,45,571.3412585453397,1.2431080031092279,136956.09367900033,51.76820208023774
1781535574,180,GET,/api/products [GET],32.000000,0.000000,250,560,880,1100,1500,1900,2400,2500,2600,2600,2600,4564,22,15,325.99883240179753,0.9151209997071419,136776.4473399984,119.42156003505697
1781535574,180,,Aggregated,81.100000,0.000000,680,1200,1500,1800,2300,2800,3500,4200,5100,5100,5100,11297,54,41,521.8640006159026,0.9151209997071419,136956.09367900033,77.0146941665929
1781535575,180,GET,/api/load/cpu [GET],25.400000,0.000000,1400,1900,2200,2300,2900,3500,4500,4900,5100,5100,5100,3391,17,130.0,746.9394881674948,1.4693439989059698,69234.25248000058,44.774402831023295
1781535575,180,GET,/api/load/memory [GET],24.500000,0.000000,710,1200,1700,1800,2300,2700,3200,3500,4300,4300,4300,3381,15,45,573.0084382094262,1.2431080031092279,136956.09367900033,51.76929902395741
1781535575,180,GET,/api/products [GET],31.200000,0.000000,310,720,1000,1200,1500,1900,2400,2500,2600,2600,2600,4600,22,16,329.83562128256904,0.9151209997071419,136776.4473399984,119.42608695652174
1781535575,180,,Aggregated,81.100000,0.000000,750,1300,1600,1800,2300,2800,3500,4200,5100,5100,5100,11372,54,42,526.5087224641111,0.9151209997071419,136956.09367900033,77.05082659162856
1781535576,180,GET,/api/load/cpu [GET],24.700000,0.000000,1400,2000,2300,2400,2900,3500,4500,4900,5100,5100,5100,3407,17,130.0,749.8068261338348,1.4693439989059698,69234.25248000058,44.7754622835339
1781535576,180,GET,/api/load/memory [GET],24.500000,0.000000,720,1300,1700,1900,2400,2900,3200,3500,4300,4300,4300,3400,15,45,578.3620574864892,1.2431080031092279,136956.09367900033,51.77058823529412
1781535576,180,GET,/api/products [GET],30.800000,0.000000,320,730,1000,1200,1500,1900,2500,2700,3100,3100,3100,4628,22,16,333.75454535799815,0.9151209997071419,136776.4473399984,119.4295592048401
1781535576,180,,Aggregated,80.000000,0.000000,810,1300,1600,1900,2400,2900,3500,4200,5100,5100,5100,11435,54,42,530.4450273728784,0.9151209997071419,136956.09367900033,77.06952339309139
1781535577,180,GET,/api/load/cpu [GET],25.100000,0.000000,1600,2100,2300,2500,3100,3600,4500,4900,5100,5100,5100,3441,17,130.0,762.7353828968276,1.4693439989059698,69234.25248000058,44.777680906713165
1781535577,180,GET,/api/load/memory [GET],23.200000,0.000000,820,1500,1700,1900,2400,2900,3200,3500,4300,4300,4300,3422,15,46,584.1676507691571,1.2431080031092279,136956.09367900033,51.77206312098188
1781535577,180,GET,/api/products [GET],30.300000,0.000000,310,730,1100,1300,1600,2000,2500,2700,3100,3100,3100,4654,22,17,336.4852418226933,0.9151209997071419,136776.4473399984,119.4327460249248
1781535577,180,,Aggregated,78.600000,0.000000,890,1400,1800,2000,2500,3000,3600,4200,5100,5100,5100,11517,54,44,537.4313162214871,0.9151209997071419,136956.09367900033,77.02387774594078
1781535578,180,GET,/api/load/cpu [GET],24.100000,0.000000,1600,2100,2300,2400,3100,3500,4200,4700,5100,5100,5100,3465,17,140.0,764.5866355725733,1.4693439989059698,69234.25248000058,44.77922077922078
1781535578,180,GET,/api/load/memory [GET],22.100000,0.000000,810,1500,1700,1900,2500,2900,3200,3500,4200,4200,4200,3449,15,49,586.746761765165,1.2431080031092279,136956.09367900033,51.773847492026675
1781535578,180,GET,/api/products [GET],30.700000,0.000000,350,800,1200,1300,1600,2000,2500,2700,3100,3100,3100,4694,22,18,338.983246506776,0.9151209997071419,136776.4473399984,119.43757988922029
1781535578,180,,Aggregated,76.900000,0.000000,880,1400,1800,2000,2500,2900,3500,3800,5100,5100,5100,11608,54,45,539.6424562965054,0.9151209997071419,136956.09367900033,77.04755341144039
1781535579,180,GET,/api/load/cpu [GET],24.200000,0.000000,1600,2100,2300,2400,2900,3500,4200,4700,5100,5100,5100,3487,17,140.0,767.3624990275247,1.4693439989059698,69234.25248000058,44.7806137080585
1781535579,180,GET,/api/load/memory [GET],22.300000,0.000000,750,1500,1700,1900,2500,2900,3200,3500,4200,4200,4200,3469,15,50,588.4304921966117,1.2431080031092279,136956.09367900033,51.775151340443934
1781535579,180,GET,/api/products [GET],29.500000,0.000000,350,800,1200,1300,1700,2100,2500,2900,3100,3100,3100,4729,22,19,340.11964636790225,0.9151209997071419,136776.4473399984,119.44174244026222
1781535579,180,,Aggregated,76.000000,0.000000,860,1400,1800,2000,2500,2900,3500,3800,5100,5100,5100,11685,54,46,541.3336944127377,0.9151209997071419,136956.09367900033,77.07299957210098
1781535580,180,GET,/api/load/cpu [GET],24.900000,0.000000,1500,2000,2300,2400,3100,3500,3800,4700,5100,5100,5100,3514,17,140.0,771.4882898753511,1.4693439989059698,69234.25248000058,44.78229937393284
1781535580,180,GET,/api/load/memory [GET],22.500000,0.000000,900,1500,1700,1900,2500,2800,3100,3200,3500,3500,3500,3490,15,51,593.2954070556023,1.2431080031092279,136956.09367900033,51.77650429799427
1781535580,180,GET,/api/products [GET],30.000000,0.000000,440,890,1200,1300,1700,2100,2500,2700,3100,3100,3100,4765,22,20,343.6203656320672,0.9151209997071419,136776.4473399984,119.44596012591815
1781535580,180,,Aggregated,77.400000,0.000000,870,1400,1700,1900,2500,2900,3500,3700,5100,5100,5100,11769,54,49,545.4126827668318,0.9151209997071419,136956.09367900033,77.08598861415584
1781535581,180,GET,/api/load/cpu [GET],25.000000,0.000000,1600,2100,2300,2600,3100,3600,4700,5000,5100,5100,5100,3540,17,150.0,777.8622383547955,1.4693439989059698,69234.25248000058,44.78389830508475
1781535581,180,GET,/api/load/memory [GET],22.600000,0.000000,990,1500,1700,1900,2600,2800,3100,3200,3500,3500,3500,3513,15,53,595.445308388001,1.2431080031092279,136956.09367900033,51.77796754910333
1781535581,180,GET,/api/products [GET],29.400000,0.000000,470,860,1100,1300,1700,2100,2500,2700,3100,3100,3100,4809,22,22,345.3863977587458,0.9151209997071419,136776.4473399984,119.45102932002496
1781535581,180,,Aggregated,77.000000,0.000000,870,1400,1800,1900,2500,3000,3500,3800,5100,5100,5100,11862,54,50,548.5074084441784,0.9151209997071419,136956.09367900033,77.12620131512392
1781535582,180,GET,/api/load/cpu [GET],26.000000,0.000000,1600,2100,2300,2400,3100,3500,4700,5000,5100,5100,5100,3554,17,150.0,778.5880396958302,1.4693439989059698,69234.25248000058,44.784749577940346
1781535582,180,GET,/api/load/memory [GET],22.800000,0.000000,1100,1600,1700,1900,2600,2800,3100,3200,3500,3500,3500,3540,15,55,599.1697185240209,1.2431080031092279,136956.09367900033,51.779661016949156
1781535582,180,GET,/api/products [GET],30.600000,0.000000,430,760,1000,1200,1600,2000,2500,2700,3100,3100,3100,4852,22,23,344.64916337011687,0.9151209997071419,136776.4473399984,119.45589447650454
1781535582,180,,Aggregated,79.400000,0.000000,810,1400,1700,1900,2400,2900,3500,3800,5100,5100,5100,11946,54,51,549.17130732679,0.9151209997071419,136956.09367900033,77.18608739326972
1781535583,180,GET,/api/load/cpu [GET],24.900000,0.000000,1700,2100,2300,2500,3100,3600,4700,5000,5100,5100,5100,3575,17,150.0,783.8178274707614,1.4693439989059698,69234.25248000058,44.786013986013984
1781535583,180,GET,/api/load/memory [GET],21.500000,0.000000,1100,1500,1700,1900,2600,2800,3100,3100,3500,3500,3500,3562,15,56,600.7573258930468,1.2431080031092279,136956.09367900033,51.78102189781022
1781535583,180,GET,/api/products [GET],31.500000,0.000000,500,800,1000,1200,1600,2000,2500,2700,3100,3100,3100,4872,22,24,345.5994131506167,0.9151209997071419,136776.4473399984,119.45812807881774
1781535583,180,,Aggregated,77.900000,0.000000,860,1400,1700,1900,2500,2900,3500,3800,5100,5100,5100,12009,54,51,551.7367531775185,0.9151209997071419,136956.09367900033,77.15496710800232
1781535584,180,GET,/api/load/cpu [GET],23.800000,0.000000,1700,2100,2400,2600,3100,3500,3900,4500,5100,5100,5100,3605,17,160.0,794.2267198718366,1.4693439989059698,69234.25248000058,44.787794729542306
1781535584,180,GET,/api/load/memory [GET],21.700000,0.000000,1100,1500,1700,1900,2600,2800,3100,3100,3500,3500,3500,3578,15,57,602.2686416718948,1.2431080031092279,136956.09367900033,51.78200111794298
1781535584,180,GET,/api/products [GET],32.600000,0.000000,480,780,1000,1200,1600,2000,2500,2700,3100,3100,3100,4887,22,24,346.5343785700442,0.9151209997071419,136776.4473399984,119.45979128299571
1781535584,180,,Aggregated,78.100000,0.000000,800,1400,1700,1900,2500,3000,3500,3800,5100,5100,5100,12070,54,52,556.0578320722307,0.9151209997071419,136956.09367900033,77.09494614747307
1781535585,180,GET,/api/load/cpu [GET],23.200000,0.000000,1600,2100,2400,2600,3100,3600,3800,4500,5100,5100,5100,3647,17,160.0,804.2700354949226,1.4693439989059698,69234.25248000058,44.79023855223471
1781535585,180,GET,/api/load/memory [GET],21.200000,0.000000,1100,1500,1700,1900,2500,2800,3100,3200,3500,3500,3500,3599,15,58,605.6145418966502,1.2431080031092279,136956.09367900033,51.783273131425396
1781535585,180,GET,/api/products [GET],33.700000,0.000000,470,770,1000,1200,1500,1800,2200,2500,3100,3100,3100,4926,22,24,350.53015409415417,0.9151209997071419,136776.4473399984,119.46406820950061
1781535585,180,,Aggregated,78.100000,0.000000,860,1400,1700,1900,2600,3000,3500,3800,5100,5100,5100,12172,54,55,561.9036390735985,0.9151209997071419,136956.09367900033,77.07837660203747
1781535586,180,GET,/api/load/cpu [GET],23.600000,0.000000,1600,2100,2400,2600,3200,3600,3900,4500,5100,5100,5100,3666,17,170.0,808.6213895510054,1.4693439989059698,69234.25248000058,44.791325695581016
1781535586,180,GET,/api/load/memory [GET],21.300000,0.000000,1000,1400,1600,1800,2400,2700,3000,3100,3500,3500,3500,3622,15,62,608.1614005566105,1.2431080031092279,136956.09367900033,51.784649364991715
1781535586,180,GET,/api/products [GET],33.500000,0.000000,470,760,960,1100,1500,1700,2000,2100,2900,2900,2900,4957,22,25,352.2895140360675,0.9151209997071419,136776.4473399984,119.46741981036918
1781535586,180,,Aggregated,78.400000,0.000000,810,1400,1700,1800,2400,3000,3500,3800,5100,5100,5100,12245,54,56,564.5949961606226,0.9151209997071419,136956.09367900033,77.09015924867293
1781535587,180,GET,/api/load/cpu [GET],24.900000,0.000000,1600,2100,2300,2600,3100,3500,3900,4500,5100,5100,5100,3687,17,170.0,812.6351678166496,1.4693439989059698,69234.25248000058,44.792514239218875
1781535587,180,GET,/api/load/memory [GET],21.400000,0.000000,1000,1400,1600,1700,2100,2600,2800,3000,3200,3200,3200,3655,15,63,610.2911745945369,1.2431080031092279,136956.09367900033,51.78659370725034
1781535587,180,GET,/api/products [GET],32.700000,0.000000,450,750,930,1000,1400,1800,2000,2200,2900,2900,2900,4988,22,26,354.5019219289866,0.9151209997071419,136776.4473399984,119.47072975140337
1781535587,180,,Aggregated,79.000000,0.000000,810,1300,1600,1800,2400,2900,3400,3700,5100,5100,5100,12330,54,57,567.320007580277,0.9151209997071419,136956.09367900033,77.07623682076238
1781535588,180,GET,/api/load/cpu [GET],25.900000,0.000000,1600,2000,2400,2600,3100,3500,3900,4500,5100,5100,5100,3714,17,170.0,814.1153172280481,1.4693439989059698,69234.25248000058,44.79402261712439
1781535588,180,GET,/api/load/memory [GET],22.100000,0.000000,1000,1400,1500,1700,2000,2500,2800,3000,3200,3200,3200,3688,15,67,614.7074880192606,1.2431080031092279,136956.09367900033,51.788503253796094
1781535588,180,GET,/api/products [GET],32.900000,0.000000,510,780,960,1100,1400,1700,2000,2100,2700,2700,2700,5008,22,26,355.88774314253004,0.9151209997071419,136776.4473399984,119.47284345047923
1781535588,180,,Aggregated,80.900000,0.000000,860,1300,1600,1700,2400,2900,3400,3700,5100,5100,5100,12410,54,59,569.9396713664632,0.9151209997071419,136956.09367900033,77.00894439967767
1781535589,180,GET,/api/load/cpu [GET],25.700000,0.000000,1600,2000,2400,2600,3100,3500,3800,4500,5100,5100,5100,3744,17,170.0,818.7846141247262,1.4693439989059698,69234.25248000058,44.79567307692308
1781535589,180,GET,/api/load/memory [GET],21.800000,0.000000,1000,1400,1500,1700,2000,2500,2800,3000,3200,3200,3200,3714,15,70,615.7823097380295,1.2431080031092279,136956.09367900033,51.78998384491115
1781535589,180,GET,/api/products [GET],32.800000,0.000000,510,780,950,1100,1400,1700,2000,2400,2700,2700,2700,5042,22,27,357.80413961360256,0.9151209997071419,136776.4473399984,119.47639825466085
1781535589,180,,Aggregated,80.300000,0.000000,840,1300,1600,1700,2400,2800,3300,3700,5100,5100,5100,12500,54,61,572.5274852465453,0.9151209997071419,136956.09367900033,76.99704
1781535590,180,GET,/api/load/cpu [GET],24.700000,0.000000,1600,2000,2300,2500,3000,3300,3700,3800,4500,4500,4500,3774,17,180.0,822.328276961045,1.4693439989059698,69234.25248000058,44.7972972972973
1781535590,180,GET,/api/load/memory [GET],23.200000,0.000000,910,1300,1400,1600,2000,2400,2900,3000,3200,3200,3200,3741,15,71,617.6788237979283,1.2431080031092279,136956.09367900033,51.79149959903769
1781535590,180,GET,/api/products [GET],32.000000,0.000000,510,780,950,1100,1500,1900,2400,2700,3000,3000,3000,5072,22,28,360.6568067434496,0.9151209997071419,136776.4473399984,119.4794952681388
1781535590,180,,Aggregated,79.900000,0.000000,840,1300,1600,1700,2400,2800,3200,3500,4500,4500,4500,12587,54,62,575.4710988227404,0.9151209997071419,136956.09367900033,76.9696512274569
1781535591,180,GET,/api/load/cpu [GET],25.300000,0.000000,1500,2000,2300,2400,2900,3300,3600,3800,4500,4500,4500,3809,17,180.0,825.3310713751603,1.4693439989059698,69234.25248000058,44.79915988448412
1781535591,180,GET,/api/load/memory [GET],23.600000,0.000000,800,1200,1400,1500,2000,2400,2900,3000,3200,3200,3200,3765,15,72,617.2004068996142,1.2431080031092279,136956.09367900033,51.79282868525896
1781535591,180,GET,/api/products [GET],30.900000,0.000000,510,780,960,1100,1500,1900,2400,2700,3000,3000,3000,5121,22,30,361.48401663186223,0.9151209997071419,136776.4473399984,119.48447568834212
1781535591,180,,Aggregated,79.800000,0.000000,810,1200,1500,1700,2300,2700,3200,3500,4500,4500,4500,12695,54,64,576.4950950781266,0.9151209997071419,136956.09367900033,77.00039385584876
1781535592,180,GET,/api/load/cpu [GET],24.200000,0.000000,1400,1800,2200,2400,2900,3300,3600,3800,4500,4500,4500,3837,17,190.0,825.6088216794329,1.4693439989059698,69234.25248000058,44.800625488663016
1781535592,180,GET,/api/load/memory [GET],24.600000,0.000000,730,1200,1400,1500,1900,2300,2900,3000,3200,3200,3200,3795,15,75,615.9439121873618,1.2431080031092279,136956.09367900033,51.794466403162055
1781535592,180,GET,/api/products [GET],31.100000,0.000000,450,690,940,1100,1500,1900,2400,2700,3000,3000,3000,5160,22,31,359.74648726952796,0.9151209997071419,136776.4473399984,119.48837209302326
1781535592,180,,Aggregated,79.900000,0.000000,740,1200,1500,1700,2300,2700,3200,3500,4500,4500,4500,12792,54,66,575.4893738153384,0.9151209997071419,136956.09367900033,77.00281425891183
1781535593,180,GET,/api/load/cpu [GET],26.900000,0.000000,1200,1800,2100,2300,2800,3100,3400,3600,3800,3800,3800,3869,17,200.0,828.2688967645377,1.4693439989059698,69234.25248000058,44.80227448953218
1781535593,180,GET,/api/load/memory [GET],24.800000,0.000000,660,1000,1300,1400,1800,2100,2700,3000,3200,3200,3200,3819,15,76,614.9188286970508,1.2431080031092279,136956.09367900033,51.795758051846036
1781535593,180,GET,/api/products [GET],29.800000,0.000000,410,660,920,1100,1400,1700,2200,2700,3000,3000,3000,5188,22,32,359.1230796044271,0.9151209997071419,136776.4473399984,119.491133384734
1781535593,180,,Aggregated,81.500000,0.000000,690,1100,1400,1600,2200,2600,3100,3300,3800,3800,3800,12876,54,68,575.9613160425458,0.9151209997071419,136956.09367900033,76.97017707362535
1781535594,180,GET,/api/load/cpu [GET],27.000000,0.000000,1100,1600,1900,2200,2600,3000,3200,3300,3500,3500,3500,3896,17,200.0,830.7465962464046,1.4693439989059698,69234.25248000058,44.80364476386037
1781535594,180,GET,/api/load/memory [GET],24.900000,0.000000,600,910,1200,1400,1800,2100,2500,2900,3100,3100,3100,3855,15,77,615.0914822223197,1.2431080031092279,136956.09367900033,51.797665369649806
1781535594,180,GET,/api/products [GET],31.700000,0.000000,370,610,870,960,1300,1700,2200,2700,3000,3000,3000,5228,22,33,360.05161959100343,0.9151209997071419,136776.4473399984,119.49502677888294
1781535594,180,,Aggregated,83.600000,0.000000,610,1000,1300,1500,2000,2500,3000,3100,3500,3500,3500,12979,54,70,577.095020430297,0.9151209997071419,136956.09367900033,76.96702365359427
1781535595,180,GET,/api/load/cpu [GET],28.200000,0.000000,1100,1500,1900,2200,2600,3000,3200,3200,3500,3500,3500,3922,17,200.0,831.8393096562955,1.4693439989059698,69234.25248000058,44.804946455889855
1781535595,180,GET,/api/load/memory [GET],25.600000,0.000000,600,840,1100,1300,1700,2100,2500,2900,3100,3100,3100,3881,15,78,615.4353029616184,1.2431080031092279,136956.09367900033,51.79902087090956
1781535595,180,GET,/api/products [GET],32.000000,0.000000,320,570,780,900,1300,1600,2200,2700,3000,3000,3000,5248,22,33,361.1406209246888,0.9151209997071419,136776.4473399984,119.4969512195122
1781535595,180,,Aggregated,85.800000,0.000000,590,940,1200,1400,2000,2500,2900,3100,3500,3500,3500,13051,54,71,578.2119501861026,0.9151209997071419,136956.09367900033,76.91954639491227
1781535596,180,GET,/api/load/cpu [GET],28.900000,0.000000,1100,1600,1900,2100,2500,3000,3200,3200,3500,3500,3500,3950,17,210.0,835.6558074258201,1.4693439989059698,69234.25248000058,44.80632911392405
1781535596,180,GET,/api/load/memory [GET],26.700000,0.000000,580,820,1100,1200,1700,2100,2400,2700,3000,3000,3000,3902,15,80,615.8717680897053,1.2431080031092279,136956.09367900033,51.80010251153255
1781535596,180,GET,/api/products [GET],30.900000,0.000000,340,590,790,930,1400,1700,2200,2700,3000,3000,3000,5305,22,36,364.4778060357712,0.9151209997071419,136776.4473399984,119.50235626767201
1781535596,180,,Aggregated,86.500000,0.000000,580,920,1200,1400,2000,2400,2900,3100,3500,3500,3500,13157,54,74,580.4915132201726,0.9151209997071419,136956.09367900033,76.99847989663297
1781535597,180,GET,/api/load/cpu [GET],27.300000,0.000000,1000,1500,1800,2000,2400,2800,3200,3200,3500,3500,3500,3981,17,220.0,836.8343085445854,1.4693439989059698,69234.25248000058,44.80783722682743
1781535597,180,GET,/api/load/memory [GET],27.800000,0.000000,560,760,920,1100,1600,2000,2500,2900,3000,3000,3000,3929,15,81,616.7039276258672,1.2431080031092279,136956.09367900033,51.80147620259608
1781535597,180,GET,/api/products [GET],33.200000,0.000000,310,530,690,830,1400,1700,2200,2500,3000,3000,3000,5334,22,36,364.57806670880393,0.9151209997071419,136776.4473399984,119.50506186726659
1781535597,180,,Aggregated,88.300000,0.000000,540,870,1100,1400,1900,2400,2900,3000,3500,3500,3500,13244,54,75,581.329396087497,0.9151209997071419,136956.09367900033,76.96677740863787
1781535598,180,GET,/api/load/cpu [GET],27.900000,0.000000,1000,1500,1800,2000,2400,2800,3100,3200,3500,3500,3500,4011,17,230.0,841.5895394208433,1.4693439989059698,69234.25248000058,44.80927449513837
1781535598,180,GET,/api/load/memory [GET],27.700000,0.000000,550,760,910,1000,1400,1900,2200,2700,2900,2900,2900,3955,15,82,615.906694880413,1.2431080031092279,136956.09367900033,51.80278128950695
1781535598,180,GET,/api/products [GET],31.300000,0.000000,300,510,670,810,1200,1700,2100,2500,3000,3000,3000,5371,22,37,364.10823922840285,0.9151209997071419,136776.4473399984,119.50847142059207
1781535598,180,,Aggregated,86.900000,0.000000,540,840,1100,1300,1900,2300,2800,3000,3500,3500,3500,13337,54,77,582.3762445651056,0.9151209997071419,136956.09367900033,76.96558446427233
1781535599,180,GET,/api/load/cpu [GET],28.900000,0.000000,1000,1400,1800,1900,2400,2800,3100,3200,3500,3500,3500,4029,17,230.0,840.8730895735927,1.4693439989059698,69234.25248000058,44.81012658227848
1781535599,180,GET,/api/load/memory [GET],28.100000,0.000000,540,780,1000,1100,1400,1900,2300,2900,4000,4000,4000,3982,15,85,617.610410366657,1.2431080031092279,136956.09367900033,51.8041185334003
1781535599,180,GET,/api/products [GET],34.400000,0.000000,290,500,680,810,1200,1600,2000,2500,3000,3000,3000,5403,22,38,365.33861716301277,0.9151209997071419,136776.4473399984,119.51138256524153
1781535599,180,,Aggregated,91.400000,0.000000,530,860,1100,1200,1900,2300,2900,3000,4000,4000,4000,13414,54,78,583.0570210603704,0.9151209997071419,136956.09367900033,76.97510064112122
1781535600,180,GET,/api/load/cpu [GET],29.000000,0.000000,1000,1400,1700,1900,2400,2800,3000,3200,3500,3500,3500,4059,17,230.0,845.6813782456281,1.4693439989059698,69234.25248000058,44.811529933481154
1781535600,180,GET,/api/load/memory [GET],26.900000,0.000000,570,820,1000,1100,1400,1800,2100,2200,4000,4000,4000,4014,15,88,620.0384204521727,1.2431080031092279,136956.09367900033,51.80568011958147
1781535600,180,GET,/api/products [GET],35.000000,0.000000,320,540,690,810,1100,1500,1700,1900,2200,2200,2200,5439,22,40,367.3087137864986,0.9151209997071419,136776.4473399984,119.5146166574738
1781535600,180,,Aggregated,90.900000,0.000000,540,870,1100,1200,1700,2100,2800,3000,4000,4000,4000,13512,54,80,586.0899221639144,0.9151209997071419,136956.09367900033,76.95959147424512
1781535601,180,GET,/api/load/cpu [GET],28.800000,0.000000,1100,1500,1700,1900,2400,2800,3000,3200,3500,3500,3500,4082,17,230.0,845.2725372285672,1.4693439989059698,69234.25248000058,44.81259186673199
1781535601,180,GET,/api/load/memory [GET],27.200000,0.000000,570,850,1000,1100,1400,1700,2100,2200,4000,4000,4000,4044,15,89,620.0259316921456,1.2431080031092279,136956.09367900033,51.80712166172107
1781535601,180,GET,/api/products [GET],36.100000,0.000000,340,560,700,820,1200,1500,1900,1900,2200,2200,2200,5475,22,42,368.6319009583108,0.9151209997071419,136776.4473399984,119.51780821917808
1781535601,180,,Aggregated,92.100000,0.000000,560,890,1100,1300,1700,2100,2800,3000,4000,4000,4000,13601,54,81,586.430925849336,0.9151209997071419,136956.09367900033,76.9644143812955
1781535602,180,GET,/api/load/cpu [GET],28.700000,0.000000,1100,1500,1800,2000,2400,2800,3000,3400,3500,3500,3500,4120,17,240.0,849.0883221764592,1.4693439989059698,69234.25248000058,44.814320388349515
1781535602,180,GET,/api/load/memory [GET],26.300000,0.000000,630,960,1100,1200,1500,1900,2800,3000,4000,4000,4000,4073,15,91,623.0855341561582,1.2431080031092279,136956.09367900033,51.8084949668549
1781535602,180,GET,/api/products [GET],35.200000,0.000000,400,590,750,870,1200,1500,1900,1900,2200,2200,2200,5497,22,42,368.092975409818,0.9151209997071419,136776.4473399984,119.51973803893033
1781535602,180,,Aggregated,90.200000,0.000000,610,960,1200,1400,1900,2300,2900,3000,4000,4000,4000,13690,54,82,588.7128088979425,0.9151209997071419,136956.09367900033,76.89196493791088
1781535603,180,GET,/api/load/cpu [GET],26.900000,0.000000,1100,1400,1700,1900,2400,2800,3000,3400,3500,3500,3500,4140,17,240.0,847.8801947934779,1.4693439989059698,69234.25248000058,44.81521739130435
1781535603,180,GET,/api/load/memory [GET],27.600000,0.000000,650,970,1100,1200,1500,1900,2800,3000,4000,4000,4000,4102,15,94,623.528251205273,1.2431080031092279,136956.09367900033,51.80984885421746
1781535603,180,GET,/api/products [GET],37.600000,0.000000,410,610,790,940,1300,1500,1800,1900,2200,2200,2200,5555,22,43,370.11281042588183,0.9151209997071419,136776.4473399984,119.52475247524752
1781535603,180,,Aggregated,92.100000,0.000000,610,950,1200,1300,1700,2200,2800,2900,4000,4000,4000,13797,54,85,588.8173918101631,0.9151209997071419,136956.09367900033,76.97463216641299
1781535604,180,GET,/api/load/cpu [GET],27.400000,0.000000,970,1400,1700,1800,2400,2700,2900,3400,3500,3500,3500,4166,17,250.0,847.2642343502152,1.4693439989059698,69234.25248000058,44.816370619299086
1781535604,180,GET,/api/load/memory [GET],28.100000,0.000000,640,980,1100,1200,1600,2100,2800,3000,4000,4000,4000,4122,15,95,623.5681204633734,1.2431080031092279,136956.09367900033,51.81077147016012
1781535604,180,GET,/api/products [GET],34.300000,0.000000,400,610,760,900,1300,1500,1800,1900,2200,2200,2200,5588,22,44,370.27391754970915,0.9151209997071419,136776.4473399984,119.5275590551181
1781535604,180,,Aggregated,89.800000,0.000000,590,940,1200,1300,1700,2200,2800,2900,4000,4000,4000,13876,54,87,588.7245059181907,0.9151209997071419,136956.09367900033,76.98104641106947
1781535605,180,GET,/api/load/cpu [GET],27.900000,0.000000,970,1400,1600,1900,2400,2700,3000,3400,3500,3500,3500,4195,17,260.0,850.3106735132304,1.4693439989059698,69234.25248000058,44.8176400476758
1781535605,180,GET,/api/load/memory [GET],27.600000,0.000000,640,980,1100,1200,1500,1900,2800,3000,4000,4000,4000,4150,15,96,623.1625986503678,1.2431080031092279,136956.09367900033,51.81204819277109
1781535605,180,GET,/api/products [GET],34.400000,0.000000,430,620,840,990,1300,1500,1700,1900,2000,2000,2000,5645,22,46,373.436510016792,0.9151209997071419,136776.4473399984,119.53232949512844
1781535605,180,,Aggregated,89.900000,0.000000,600,940,1200,1200,1700,2100,2800,2900,4000,4000,4000,13990,54,90,590.5094466641771,0.9151209997071419,136956.09367900033,77.04002859185132
1781535606,180,GET,/api/load/cpu [GET],27.100000,0.000000,1000,1300,1700,1800,2300,2700,2900,3400,3500,3500,3500,4222,17,260.0,851.5820473858378,1.4693439989059698,69234.25248000058,44.818806252960684
1781535606,180,GET,/api/load/memory [GET],27.200000,0.000000,630,980,1100,1200,1500,1900,2800,3000,4000,4000,4000,4174,15,99,622.9681549374741,1.2431080031092279,136956.09367900033,51.81312889314806
1781535606,180,GET,/api/products [GET],37.100000,0.000000,400,600,770,940,1200,1400,1500,1600,1900,1900,1900,5688,22,47,373.28395939518055,0.9151209997071419,136776.4473399984,119.53586497890295
1781535606,180,,Aggregated,91.400000,0.000000,590,940,1100,1200,1700,2100,2800,2900,4000,4000,4000,14084,54,92,590.6622865529556,0.9151209997071419,136956.09367900033,77.06709741550696
1781535607,180,GET,/api/load/cpu [GET],27.700000,0.000000,1000,1300,1700,1800,2300,2700,2900,3400,3500,3500,3500,4243,17,270.0,853.3127708439797,1.4693439989059698,69234.25248000058,44.819703040301675
1781535607,180,GET,/api/load/memory [GET],26.500000,0.000000,630,1000,1100,1200,1500,1900,2800,3000,4000,4000,4000,4198,15,100.0,623.0347465023864,1.2431080031092279,136956.09367900033,51.81419723677942
1781535607,180,GET,/api/products [GET],36.200000,0.000000,410,610,770,950,1200,1400,1500,1500,1900,1900,1900,5714,22,48,372.5859698170768,0.9151209997071419,136776.4473399984,119.53797689884495
1781535607,180,,Aggregated,90.400000,0.000000,600,950,1100,1200,1700,2100,2700,2900,4000,4000,4000,14155,54,93,590.9616519987864,0.9151209997071419,136956.09367900033,77.05588131402331
1781535608,180,GET,/api/load/cpu [GET],26.800000,0.000000,1000,1300,1600,1800,2200,2400,2800,3000,3500,3500,3500,4273,17,280.0,854.9327417804844,1.4693439989059698,69234.25248000058,44.82096887432717
1781535608,180,GET,/api/load/memory [GET],27.300000,0.000000,640,940,1100,1200,1500,1900,2300,2900,3100,3100,3100,4220,15,100.0,623.3143678495267,1.2431080031092279,136956.09367900033,51.81516587677725
1781535608,180,GET,/api/products [GET],40.200000,0.000000,430,650,830,1000,1200,1400,1500,1500,1900,1900,1900,5749,22,49,374.33051277418247,0.9151209997071419,136776.4473399984,119.54078970255696
1781535608,180,,Aggregated,94.300000,0.000000,620,960,1200,1300,1600,2000,2400,2800,3500,3500,3500,14242,54,95,592.3002637194081,0.9151209997071419,136956.09367900033,77.05518887796657
1781535609,180,GET,/api/load/cpu [GET],26.400000,0.000000,1100,1400,1600,1800,2100,2400,2700,3000,3500,3500,3500,4288,17,280.0,855.9593406009817,1.4693439989059698,69234.25248000058,44.82159514925373
1781535609,180,GET,/api/load/memory [GET],27.200000,0.000000,650,990,1100,1200,1600,1900,2300,2900,3100,3100,3100,4248,15,110.0,624.6922175209545,1.2431080031092279,136956.09367900033,51.81638418079096
1781535609,180,GET,/api/products [GET],38.700000,0.000000,410,650,810,1000,1200,1400,1500,1500,1900,1900,1900,5780,22,49,375.0172292080914,0.9151209997071419,136776.4473399984,119.5432525951557
1781535609,180,,Aggregated,92.300000,0.000000,620,1000,1200,1300,1700,2000,2400,2800,3500,3500,3500,14316,54,96,593.1577100690708,0.9151209997071419,136956.09367900033,77.06559094719195
1781535610,180,GET,/api/load/cpu [GET],26.800000,0.000000,1100,1400,1800,2000,2400,2700,3300,3500,3500,3500,3500,4328,17,290.0,865.3259800536014,1.4693439989059698,69234.25248000058,44.82324399260629
1781535610,180,GET,/api/load/memory [GET],26.500000,0.000000,630,900,1100,1200,1800,2300,2800,2900,3100,3100,3100,4277,15,110.0,627.5984566107106,1.2431080031092279,136956.09367900033,51.817629179331306
1781535610,180,GET,/api/products [GET],37.200000,0.000000,370,590,770,950,1200,1400,1500,1500,2200,2200,2200,5795,22,49,375.0129168883114,0.9151209997071419,136776.4473399984,119.54443485763589
1781535610,180,,Aggregated,90.500000,0.000000,620,990,1200,1300,1900,2300,2800,3000,3500,3500,3500,14400,54,97,597.4006454141515,0.9151209997071419,136956.09367900033,76.97076388888888
1781535611,180,GET,/api/load/cpu [GET],26.000000,0.000000,1100,1400,1800,2100,2400,2800,3300,3500,3500,3500,3500,4337,17,290.0,865.1294841494094,1.4693439989059698,69234.25248000058,44.82361079086927
1781535611,180,GET,/api/load/memory [GET],25.600000,0.000000,630,910,1100,1300,1900,2400,2800,2900,3100,3100,3100,4298,15,110.0,628.7531910993521,1.2431080031092279,136956.09367900033,51.81852024197301
1781535611,180,GET,/api/products [GET],37.900000,0.000000,370,600,860,1000,1300,1500,1900,2200,2500,2500,2500,5840,22,50,378.1708395492753,0.9151209997071419,136776.4473399984,119.54794520547945
1781535611,180,,Aggregated,89.500000,0.000000,600,1000,1200,1300,1900,2400,2800,3000,3500,3500,3500,14475,54,98,598.4777541325595,0.9151209997071419,136956.09367900033,77.04842832469775
1781535612,180,GET,/api/load/cpu [GET],25.900000,0.000000,1200,1500,1900,2100,2500,2900,3400,3500,3800,3800,3800,4372,17,290.0,871.1001519704928,1.4693439989059698,69234.25248000058,44.825022872827084
1781535612,180,GET,/api/load/memory [GET],26.500000,0.000000,640,990,1100,1300,1900,2400,2700,2800,3800,3800,3800,4315,15,110.0,630.5260297596811,1.2431080031092279,136956.09367900033,51.819235225955964
1781535612,180,GET,/api/products [GET],37.400000,0.000000,380,670,890,1100,1300,1500,2200,2500,3500,3500,3500,5864,22,51,380.197273064079,0.9151209997071419,136776.4473399984,119.54979536152797
1781535612,180,,Aggregated,89.800000,0.000000,640,1000,1200,1400,2000,2500,2900,3300,3800,3800,3800,14551,54,99,601.9274614855206,0.9151209997071419,136956.09367900033,77.0129200742217
1781535613,180,GET,/api/load/cpu [GET],26.700000,0.000000,1200,1600,2000,2100,2500,2900,3400,3500,3800,3800,3800,4389,17,300.0,871.6275001922953,1.4693439989059698,69234.25248000058,44.8257006151743
1781535613,180,GET,/api/load/memory [GET],26.100000,0.000000,640,1000,1200,1400,1900,2400,2700,2800,3800,3800,3800,4334,15,110.0,631.7265492768875,1.2431080031092279,136956.09367900033,51.82002768804799
1781535613,180,GET,/api/products [GET],36.000000,0.000000,420,720,920,1100,1400,1700,2200,2500,3500,3500,3500,5901,22,51,381.9412049592858,0.9151209997071419,136776.4473399984,119.55261820030503
1781535613,180,,Aggregated,88.800000,0.000000,670,1100,1300,1400,2000,2500,2900,3300,3800,3800,3800,14624,54,100.0,602.9342870196105,0.9151209997071419,136956.09367900033,77.0519693654267
1781535614,180,GET,/api/load/cpu [GET],25.400000,0.000000,1200,1600,2000,2100,2600,2900,3400,3500,3800,3800,3800,4420,17,300.0,872.2429008063277,1.4693439989059698,69234.25248000058,44.82692307692308
1781535614,180,GET,/api/load/memory [GET],24.900000,0.000000,610,970,1100,1300,1900,2400,2700,2800,3800,3800,3800,4361,15,120.0,630.7731816003292,1.2431080031092279,136956.09367900033,51.821141939922036
1781535614,180,GET,/api/products [GET],37.000000,0.000000,360,720,920,1100,1400,1700,2400,2600,3500,3500,3500,5943,22,52,382.2189530654124,0.9151209997071419,136776.4473399984,119.5557799091368
1781535614,180,,Aggregated,87.300000,0.000000,650,1100,1300,1400,2000,2500,2900,3300,3800,3800,3800,14724,54,100.0,602.9368856690284,0.9151209997071419,136956.09367900033,77.06105677804945
1781535615,180,GET,/api/load/cpu [GET],25.500000,0.000000,1200,1600,2000,2200,2700,3200,3500,3700,3800,3800,3800,4442,17,310.0,874.012195181219,1.4693439989059698,69234.25248000058,44.82778027915354
1781535615,180,GET,/api/load/memory [GET],23.900000,0.000000,600,1000,1200,1400,2100,2500,3600,3800,4100,4100,4100,4383,15,120.0,633.0579988254717,1.2431080031092279,136956.09367900033,51.82203969883641
1781535615,180,GET,/api/products [GET],35.300000,0.000000,300,670,910,1100,1500,2200,3100,3200,3700,3700,3700,5983,22,54,385.40520638438016,0.9151209997071419,136776.4473399984,119.55874979107472
1781535615,180,,Aggregated,84.700000,0.000000,620,1100,1300,1500,2200,2800,3400,3700,4100,4100,4100,14808,54,110.0,605.2765214508903,0.9151209997071419,136956.09367900033,77.09217990275526
1781535616,180,GET,/api/load/cpu [GET],25.300000,0.000000,1300,1800,2200,2400,2900,3400,4100,4200,4700,4700,4700,4467,17,310.0,879.6286260577506,1.4693439989059698,69234.25248000058,44.82874412357287
1781535616,180,GET,/api/load/memory [GET],23.500000,0.000000,660,1000,1400,1700,2400,2900,3700,3800,4200,4200,4200,4415,15,120.0,638.7560306579942,1.2431080031092279,136956.09367900033,51.8233295583239
1781535616,180,GET,/api/products [GET],34.900000,0.000000,310,710,990,1200,1700,2400,3100,3200,3700,3700,3700,6012,22,54,386.8501605295649,0.9151209997071419,136776.4473399984,119.56087824351297
1781535616,180,,Aggregated,83.700000,0.000000,670,1100,1400,1700,2500,3000,3600,3800,4700,4700,4700,14894,54,110.0,609.3159737517642,0.9151209997071419,136956.09367900033,77.06794682422452
1781535617,180,GET,/api/load/cpu [GET],24.600000,0.000000,1200,1800,2200,2400,3000,3400,4100,4200,4700,4700,4700,4487,17,310.0,880.203845802312,1.4693439989059698,69234.25248000058,44.82950746601293
1781535617,180,GET,/api/load/memory [GET],23.700000,0.000000,720,1100,1400,1700,2400,2900,3700,3800,4200,4200,4200,4437,15,120.0,640.5030253103547,1.2431080031092279,136956.09367900033,51.82420554428668
1781535617,180,GET,/api/products [GET],35.800000,0.000000,350,750,1000,1200,1700,2500,3100,3200,3700,3700,3700,6038,22,55,388.06198505676576,0.9151209997071419,136776.4473399984,119.56276912885062
1781535617,180,,Aggregated,84.100000,0.000000,690,1100,1400,1700,2500,3100,3600,3800,4700,4700,4700,14962,54,110.0,610.513624193943,0.9151209997071419,136956.09367900033,77.06282582542441
1781535618,180,GET,/api/load/cpu [GET],24.400000,0.000000,1200,2000,2300,2500,3000,3500,3900,4200,4700,4700,4700,4527,17,320.0,886.1366235261726,1.4693439989059698,69234.25248000058,44.83101391650099
1781535618,180,GET,/api/load/memory [GET],23.000000,0.000000,750,1100,1500,1900,2500,3000,3700,3800,4200,4200,4200,4460,15,130.0,642.4791057363307,1.2431080031092279,136956.09367900033,51.82511210762332
1781535618,180,GET,/api/products [GET],33.000000,0.000000,320,750,1000,1200,1800,2700,3100,3200,3700,3700,3700,6062,22,55,389.36074770814207,0.9151209997071419,136776.4473399984,119.56450016496206
1781535618,180,,Aggregated,80.400000,0.000000,700,1200,1600,1900,2600,3100,3700,3900,4700,4700,4700,15049,54,110.0,613.8150148776515,0.9151209997071419,136956.09367900033,77.00777460296365
1781535619,180,GET,/api/load/cpu [GET],24.400000,0.000000,1200,1900,2300,2500,3100,3500,4100,4200,4700,4700,4700,4540,17,320.0,885.120738172464,1.4693439989059698,69234.25248000058,44.831497797356825
1781535619,180,GET,/api/load/memory [GET],23.900000,0.000000,720,1100,1500,1700,2500,3000,3700,3800,4200,4200,4200,4483,15,130.0,643.252589159725,1.2431080031092279,136956.09367900033,51.8260093687263
1781535619,180,GET,/api/products [GET],32.300000,0.000000,360,820,1100,1300,1900,2600,3100,3200,3700,3700,3700,6118,22,56,393.24867850649593,0.9151209997071419,136776.4473399984,119.56848643347499
1781535619,180,,Aggregated,80.600000,0.000000,700,1200,1500,1900,2600,3100,3700,3800,4700,4700,4700,15141,54,110.0,614.7576067372546,0.9151209997071419,136956.09367900033,77.10131431213262
1781535620,180,GET,/api/load/cpu [GET],23.300000,0.000000,1200,1700,2200,2400,3000,3400,4100,4200,4700,4700,4700,4567,17,340.0,889.4393577225721,1.4693439989059698,69234.25248000058,44.83249397854171
1781535620,180,GET,/api/load/memory [GET],23.900000,0.000000,670,1100,1400,1600,2500,3100,3700,3800,4200,4200,4200,4504,15,130.0,643.9112184980136,1.2431080031092279,136956.09367900033,51.826820603907635
1781535620,180,GET,/api/products [GET],32.300000,0.000000,350,760,1000,1200,1700,2500,3100,3200,3700,3700,3700,6157,22,57,393.0229610421859,0.9151209997071419,136776.4473399984,119.57121974987818
1781535620,180,,Aggregated,79.500000,0.000000,660,1100,1500,1700,2600,3100,3700,3800,4700,4700,4700,15228,54,120.0,616.1076993676631,0.9151209997071419,136956.09367900033,77.11964801681114
1781535621,180,GET,/api/load/cpu [GET],25.100000,0.000000,1200,1700,2200,2400,3000,3400,4100,4400,4700,4700,4700,4591,17,350.0,890.3862566371137,1.4693439989059698,69234.25248000058,44.833369636244825
1781535621,180,GET,/api/load/memory [GET],23.700000,0.000000,680,1100,1400,1600,2100,3100,3700,3800,4200,4200,4200,4535,15,130.0,645.6073856511696,1.2431080031092279,136956.09367900033,51.82800441014333
1781535621,180,GET,/api/products [GET],32.600000,0.000000,320,740,990,1200,1600,2600,3100,3200,3700,3700,3700,6184,22,57,393.0137294496693,0.9151209997071419,136776.4473399984,119.57309184993532
1781535621,180,,Aggregated,81.400000,0.000000,680,1100,1500,1600,2500,3100,3700,3900,4700,4700,4700,15310,54,120.0,616.9816917743823,0.9151209997071419,136956.09367900033,77.09405617243631
1781535622,180,GET,/api/load/cpu [GET],24.800000,0.000000,1100,1700,2100,2400,2900,3400,4100,4400,4700,4700,4700,4615,17,350.0,893.7589215820148,1.4693439989059698,69234.25248000058,44.83423618634886
1781535622,180,GET,/api/load/memory [GET],23.600000,0.000000,680,1100,1400,1600,2100,2900,3600,3800,4200,4200,4200,4560,15,130.0,645.9891917708466,1.2431080031092279,136956.09367900033,51.828947368421055
1781535622,180,GET,/api/products [GET],34.000000,0.000000,360,720,990,1200,1600,2000,2800,3100,3700,3700,3700,6233,22,59,394.8019684899337,0.9151209997071419,136776.4473399984,119.57644793839243
1781535622,180,,Aggregated,82.400000,0.000000,660,1100,1400,1600,2300,2900,3600,3900,4700,4700,4700,15408,54,120.0,618.5883182225989,0.9151209997071419,136956.09367900033,77.13979750778816
1781535623,180,GET,/api/load/cpu [GET],23.900000,0.000000,1100,1600,2000,2300,2800,3300,4100,4400,4700,4700,4700,4656,17,360.0,894.4117533210863,1.4693439989059698,69234.25248000058,44.83569587628866
1781535623,180,GET,/api/load/memory [GET],22.300000,0.000000,640,1100,1400,1600,2300,2900,3600,3800,4200,4200,4200,4589,15,140.0,646.3705474632942,1.2431080031092279,136956.09367900033,51.830028328611895
1781535623,180,GET,/api/products [GET],35.300000,0.000000,380,720,960,1100,1600,2100,2800,3100,3700,3700,3700,6269,22,60,395.5630263387704,0.9151209997071419,136776.4473399984,119.5788802041793
1781535623,180,,Aggregated,81.500000,0.000000,640,1100,1400,1600,2300,2900,3500,3900,4700,4700,4700,15514,54,120.0,619.4637216636445,0.9151209997071419,136956.09367900033,77.10732241846074
1781535624,180,GET,/api/load/cpu [GET],25.100000,0.000000,1100,1600,2000,2300,2900,3400,4100,4400,4700,4700,4700,4683,17,360.0,894.8827643760379,1.4693439989059698,69234.25248000058,44.836643177450355
1781535624,180,GET,/api/load/memory [GET],23.800000,0.000000,660,1100,1500,1600,2300,2900,3600,3800,4200,4200,4200,4617,15,140.0,646.0064999595121,1.2431080031092279,136956.09367900033,51.83105912930474
1781535624,180,GET,/api/products [GET],33.800000,0.000000,410,710,930,1100,1500,2000,2800,3100,3700,3700,3700,6302,22,61,395.4322233546111,0.9151209997071419,136776.4473399984,119.5810853697239
1781535624,180,,Aggregated,82.700000,0.000000,650,1100,1400,1600,2400,2900,3600,3900,4700,4700,4700,15602,54,120.0,619.4950562406623,0.9151209997071419,136956.09367900033,77.09742340725548
1781535625,180,GET,/api/load/cpu [GET],24.000000,0.000000,1100,1500,1900,2200,2700,3200,3900,4400,4700,4700,4700,4711,17,360.0,893.0982240362961,1.4693439989059698,69234.25248000058,44.83761409467204
1781535625,180,GET,/api/load/memory [GET],24.600000,0.000000,610,1000,1300,1500,2000,2500,3100,3300,4200,4200,4200,4638,15,140.0,644.7642560774195,1.2431080031092279,136956.09367900033,51.831824062095734
1781535625,180,GET,/api/products [GET],36.700000,0.000000,440,710,920,1100,1500,1700,2000,2700,3100,3100,3100,6348,22,62,396.70613703698075,0.9151209997071419,136776.4473399984,119.58412098298676
1781535625,180,,Aggregated,85.300000,0.000000,610,1000,1300,1500,2100,2700,3200,3700,4700,4700,4700,15697,54,130.0,618.9776970779652,0.9151209997071419,136956.09367900033,77.13231827737785
1781535626,180,GET,/api/load/cpu [GET],26.000000,0.000000,910,1400,1700,2000,2600,2900,3400,3700,4400,4400,4400,4737,17,360.0,891.3245688053611,1.4693439989059698,69234.25248000058,44.838505383153894
1781535626,180,GET,/api/load/memory [GET],25.100000,0.000000,500,910,1200,1400,1800,2200,2800,2800,3600,3600,3600,4663,15,140.0,643.158362089229,1.2431080031092279,136956.09367900033,51.83272571306026
1781535626,180,GET,/api/products [GET],36.300000,0.000000,370,660,890,1000,1500,1600,2000,2200,3100,3100,3100,6386,22,61,395.52789845893415,0.9151209997071419,136776.4473399984,119.58659567804573
1781535626,180,,Aggregated,87.400000,0.000000,510,930,1200,1400,1900,2400,2900,3300,4400,4400,4400,15786,54,130.0,617.4517347277223,0.9151209997071419,136956.09367900033,77.14278474597745
1781535627,180,GET,/api/load/cpu [GET],26.300000,0.000000,900,1500,1900,2200,2700,3000,3500,3800,4400,4400,4400,4777,17,360.0,895.3458862162412,1.4693439989059698,69234.25248000058,44.83985765124555
1781535627,180,GET,/api/load/memory [GET],25.700000,0.000000,350,850,1200,1400,1900,2300,2800,3100,3600,3600,3600,4688,15,140.0,642.9184789784684,1.2431080031092279,136956.09367900033,51.83361774744027
1781535627,180,GET,/api/products [GET],35.300000,0.000000,250,620,840,960,1400,1600,1900,2200,3100,3100,3100,6415,22,61,394.1842371304376,0.9151209997071419,136776.4473399984,119.58846453624318
1781535627,180,,Aggregated,87.300000,0.000000,440,890,1200,1500,2000,2600,3000,3400,4400,4400,4400,15880,54,130.0,618.3728595149746,0.9151209997071419,136956.09367900033,77.10050377833753
1781535628,180,GET,/api/load/cpu [GET],27.200000,0.000000,630,1400,1700,2000,2600,3000,3400,3600,4400,4400,4400,4791,17,360.0,893.0596595433075,1.4693439989059698,69234.25248000058,44.84032561051973
1781535628,180,GET,/api/load/memory [GET],25.600000,0.000000,240,800,1100,1400,1800,2400,2800,2800,3100,3100,3100,4720,15,130.0,642.4400669796721,1.2431080031092279,136956.09367900033,51.83474576271186
1781535628,180,GET,/api/products [GET],36.500000,0.000000,220,600,840,980,1400,1700,2000,2200,2400,2400,2400,6454,22,61,396.24701564437055,0.9151209997071419,136776.4473399984,119.59095134800124
1781535628,180,,Aggregated,89.300000,0.000000,340,800,1100,1400,1900,2500,2900,3200,4400,4400,4400,15965,54,120.0,618.1236569987343,0.9151209997071419,136956.09367900033,77.12683996241779
1781535629,180,GET,/api/load/cpu [GET],26.800000,0.000000,620,1400,1700,2100,2700,3100,3500,3600,4400,4400,4400,4816,17,360.0,893.6785029420661,1.4693439989059698,69234.25248000058,44.841154485049834
1781535629,180,GET,/api/load/memory [GET],24.700000,0.000000,240,680,1100,1400,2100,2700,3100,3700,3900,3900,3900,4760,15,140.0,647.1158213535858,1.2431080031092279,136956.09367900033,51.83613445378151
1781535629,180,GET,/api/products [GET],37.300000,0.000000,140,490,710,860,1300,1600,2000,2000,3000,3000,3000,6487,22,61,395.17884486600343,0.9151209997071419,136776.4473399984,119.59303221828272
1781535629,180,,Aggregated,88.800000,0.000000,270,720,1100,1400,2000,2600,3100,3500,4400,4400,4400,16063,54,130.0,619.2960310314263,0.9151209997071419,136956.09367900033,77.10234700865342
1781535630,180,GET,/api/load/cpu [GET],29.100000,0.000000,510,1200,1700,2000,2700,3300,3600,3900,4400,4400,4400,4845,17,360.0,895.1016035209487,1.4693439989059698,69234.25248000058,44.8421052631579
1781535630,180,GET,/api/load/memory [GET],25.200000,0.000000,220,680,1100,1400,2100,2600,3100,3700,3900,3900,3900,4792,15,140.0,646.5613495834859,1.2431080031092279,136956.09367900033,51.83722871452421
1781535630,180,GET,/api/products [GET],38.200000,0.000000,140,510,790,960,1500,1700,2000,2200,3000,3000,3000,6520,22,62,396.93810850472,0.9151209997071419,136776.4473399984,119.59509202453988
1781535630,180,,Aggregated,92.500000,0.000000,250,710,1100,1400,2000,2600,3300,3600,4400,4400,4400,16157,54,130.0,620.3580939353733,0.9151209997071419,136956.09367900033,77.08262672525841
1781535631,180,GET,/api/load/cpu [GET],26.700000,0.000000,470,1100,1600,2000,2700,3200,3500,3800,4100,4100,4100,4880,17,360.0,893.6363596161867,1.4693439989059698,69234.25248000058,44.84323770491803
1781535631,180,GET,/api/load/memory [GET],26.100000,0.000000,230,570,1000,1400,2300,2700,3100,3700,3900,3900,3900,4820,15,140.0,648.2978702359075,1.2431080031092279,136956.09367900033,51.83817427385892
1781535631,180,GET,/api/products [GET],37.700000,0.000000,150,500,790,980,1500,1700,2000,2200,3000,3000,3000,6547,22,62,397.24752494528485,0.9151209997071419,136776.4473399984,119.59676187566825
1781535631,180,,Aggregated,90.500000,0.000000,240,640,1100,1400,2100,2600,3200,3500,4100,4100,4100,16247,54,130.0,620.8235806783306,0.9151209997071419,136956.09367900033,77.04160768141811
1781535632,180,GET,/api/load/cpu [GET],27.600000,0.000000,400,830,1500,1900,2700,3300,3600,3900,4100,4100,4100,4904,17,360.0,893.9812944940866,1.4693439989059698,69234.25248000058,44.84400489396411
1781535632,180,GET,/api/load/memory [GET],27.400000,0.000000,220,530,1100,1400,2400,2700,3100,3700,3900,3900,3900,4849,15,140.0,648.7411065584819,1.2431080031092279,136956.09367900033,51.839142091152816
1781535632,180,GET,/api/products [GET],36.700000,0.000000,130,370,700,900,1400,1700,2000,2200,3000,3000,3000,6585,22,63,397.3169293468161,0.9151209997071419,136776.4473399984,119.5990888382688
1781535632,180,,Aggregated,91.700000,0.000000,220,560,970,1300,2100,2700,3300,3600,4100,4100,4100,16338,54,130.0,621.0161509150353,0.9151209997071419,136956.09367900033,77.0500061207002
1781535633,180,GET,/api/load/cpu [GET],27.900000,0.000000,370,740,1500,1900,2800,3400,3800,3900,4200,4200,4200,4938,17,360.0,894.4282824700293,1.4693439989059698,69234.25248000058,44.84507897934387
1781535633,180,GET,/api/load/memory [GET],28.800000,0.000000,210,510,1300,1700,2400,2700,3300,3700,3900,3900,3900,4888,15,140.0,650.9078323895412,1.2431080031092279,136956.09367900033,51.840425531914896
1781535633,180,GET,/api/products [GET],35.600000,0.000000,110,270,600,820,1400,1700,2000,2200,3000,3000,3000,6620,22,62,396.2532806451324,0.9151209997071419,136776.4473399984,119.6012084592145
1781535633,180,,Aggregated,92.300000,0.000000,200,510,930,1400,2100,2700,3400,3600,4200,4200,4200,16446,54,130.0,621.5201910147055,0.9151209997071419,136956.09367900033,77.01574851027605
1781535634,180,GET,/api/load/cpu [GET],29.200000,0.000000,300,630,1200,1900,2700,3300,3800,3900,4200,4200,4200,4965,17,350.0,891.9828263150057,1.4693439989059698,69234.25248000058,44.84592145015106
1781535634,180,GET,/api/load/memory [GET],28.200000,0.000000,200,490,1300,1700,2400,2700,3300,3700,3900,3900,3900,4917,15,140.0,649.7297225475087,1.2431080031092279,136956.09367900033,51.84136668700427
1781535634,180,GET,/api/products [GET],36.300000,0.000000,93,270,620,900,1500,1800,2000,2400,3000,3000,3000,6662,22,62,396.8531490534032,0.9151209997071419,136776.4473399984,119.60372260582407
1781535634,180,,Aggregated,93.700000,0.000000,180,490,890,1300,2100,2700,3300,3600,4200,4200,4200,16544,54,130.0,620.6027234897161,0.9151209997071419,136956.09367900033,77.02877176015474
1781535635,180,GET,/api/load/cpu [GET],28.900000,0.000000,290,670,1700,2100,2800,3300,3800,3900,4200,4200,4200,4998,17,350.0,892.6311692114854,1.4693439989059698,69234.25248000058,44.8469387755102
1781535635,180,GET,/api/load/memory [GET],29.100000,0.000000,200,580,1400,1700,2400,2700,3100,3600,3900,3900,3900,4959,15,140.0,649.1684462042964,1.2431080031092279,136956.09367900033,51.842710223835454
1781535635,180,GET,/api/products [GET],34.900000,0.000000,57,180,560,820,1500,1700,2000,2400,3000,3000,3000,6714,22,62,396.0885081998478,0.9151209997071419,136776.4473399984,119.60679177837355
1781535635,180,,Aggregated,92.900000,0.000000,150,470,960,1400,2100,2700,3300,3600,4200,4200,4200,16671,54,130.0,620.2348480894891,0.9151209997071419,136956.09367900033,77.0363505488573
1781535636,180,GET,/api/load/cpu [GET],28.100000,0.000000,280,780,1700,2100,2800,3300,3800,3900,4200,4200,4200,5025,17,350.0,892.0265729769136,1.4693439989059698,69234.25248000058,44.84776119402985
1781535636,180,GET,/api/load/memory [GET],29.900000,0.000000,170,580,1300,1600,2300,2700,3100,3600,3900,3900,3900,4988,15,140.0,647.7404920607667,1.2431080031092279,136956.09367900033,51.843624699278266
1781535636,180,GET,/api/products [GET],35.000000,0.000000,68,230,650,850,1400,1700,2000,2400,3000,3000,3000,6756,22,61,395.58068955014556,0.9151209997071419,136776.4473399984,119.60923623445827
1781535636,180,,Aggregated,93.000000,0.000000,150,520,1000,1400,2100,2700,3300,3600,4200,4200,4200,16769,54,130.0,619.3515559788215,0.9151209997071419,136956.09367900033,77.04907865704574
1781535637,180,GET,/api/load/cpu [GET],27.900000,0.000000,300,770,1500,1800,2600,3200,3600,3900,4200,4200,4200,5046,17,350.0,892.0457288394744,1.4693439989059698,69234.25248000058,44.848394768133176
1781535637,180,GET,/api/load/memory [GET],29.600000,0.000000,200,690,1200,1500,2200,2600,3300,3700,3900,3900,3900,5021,15,140.0,645.5231505238206,1.2431080031092279,136956.09367900033,51.84465245966939
1781535637,180,GET,/api/products [GET],35.800000,0.000000,64,210,540,750,1200,1600,1900,2200,3000,3000,3000,6798,22,61,393.9410916619254,0.9151209997071419,136776.4473399984,119.6116504854369
1781535637,180,,Aggregated,93.300000,0.000000,150,510,910,1300,2000,2600,3300,3600,4200,4200,4200,16865,54,130.0,617.8740603392724,0.9151209997071419,136956.09367900033,77.06712125704121
1781535639,180,GET,/api/load/cpu [GET],28.300000,0.000000,310,830,1400,1700,2300,3000,3600,3900,4200,4200,4200,5075,17,350.0,889.65970426916,1.4693439989059698,69234.25248000058,44.84926108374384
1781535639,180,GET,/api/load/memory [GET],31.600000,0.000000,150,570,1000,1300,1900,2400,2600,3000,3300,3300,3300,5056,15,140.0,643.7911523172687,1.2431080031092279,136956.09367900033,51.84572784810127
1781535639,180,GET,/api/products [GET],36.300000,0.000000,69,340,650,810,1200,1600,1900,2100,2600,2600,2600,6857,22,62,394.04645909067693,0.9151209997071419,136776.4473399984,119.61499197899957
1781535639,180,,Aggregated,96.200000,0.000000,160,530,880,1100,1800,2300,2900,3400,4200,4200,4200,16988,54,130.0,616.4355801310826,0.9151209997071419,136956.09367900033,77.1098422415823
1781535640,180,GET,/api/load/cpu [GET],26.700000,0.000000,300,880,1400,1600,2200,2800,3400,3600,4200,4200,4200,5104,17,350.0,888.8221377049346,1.4693439989059698,69234.25248000058,44.85011755485893
1781535640,180,GET,/api/load/memory [GET],33.000000,0.000000,140,560,940,1200,1900,2300,2600,3000,3300,3300,3300,5081,15,140.0,642.5814090864209,1.2431080031092279,136956.09367900033,51.84648691202519
1781535640,180,GET,/api/products [GET],37.500000,0.000000,57,260,570,720,1000,1400,1700,1900,2400,2400,2400,6885,22,61,393.07752214796886,0.9151209997071419,136776.4473399984,119.61655773420479
1781535640,180,,Aggregated,97.200000,0.000000,130,490,820,1000,1700,2200,2700,3100,4200,4200,4200,17070,54,130.0,615.5737006680033,0.9151209997071419,136956.09367900033,77.08886936145284
1781535641,180,GET,/api/load/cpu [GET],28.100000,0.000000,300,870,1400,1600,2200,2800,3400,3600,4200,4200,4200,5133,17,350.0,887.9428338585562,1.4693439989059698,69234.25248000058,44.85096434833431
1781535641,180,GET,/api/load/memory [GET],33.500000,0.000000,120,460,900,1100,1700,2100,2500,2600,3300,3300,3300,5110,15,140.0,640.999558846595,1.2431080031092279,136956.09367900033,51.84735812133072
1781535641,180,GET,/api/products [GET],40.100000,0.000000,57,280,620,730,1000,1200,1700,1900,2400,2400,2400,6931,22,62,393.2503592083064,0.9151209997071419,136776.4473399984,119.61910258259991
1781535641,180,,Aggregated,101.700000,0.000000,110,470,820,1000,1600,2100,2600,3000,4200,4200,4200,17174,54,130.0,614.8210406180739,0.9151209997071419,136956.09367900033,77.10725515313847
1781535642,180,GET,/api/load/cpu [GET],28.700000,0.000000,300,810,1400,1600,2000,2400,3000,3400,4200,4200,4200,5158,17,350.0,886.0683997838261,1.4693439989059698,69234.25248000058,44.85168670027142
1781535642,180,GET,/api/load/memory [GET],31.800000,0.000000,110,460,890,1100,1700,2200,2400,2500,3300,3300,3300,5144,15,140.0,640.2423050424,1.2431080031092279,136956.09367900033,51.84836702954899
1781535642,180,GET,/api/products [GET],39.700000,0.000000,50,160,570,700,1000,1200,1700,1900,2400,2400,2400,6967,22,61,392.47162246774326,0.9151209997071419,136776.4473399984,119.62107076216449
1781535642,180,,Aggregated,100.200000,0.000000,96,400,780,980,1600,2000,2400,2800,4200,4200,4200,17269,54,130.0,613.7064692197469,0.9151209997071419,136956.09367900033,77.10075858474724
1781535643,180,GET,/api/load/cpu [GET],28.600000,0.000000,290,890,1400,1600,2100,2700,3200,3600,3800,3800,3800,5185,17,350.0,887.9908703544772,1.4693439989059698,69234.25248000058,44.85245901639344
1781535643,180,GET,/api/load/memory [GET],31.700000,0.000000,110,350,860,1000,1600,2200,2900,3200,3600,3600,3600,5171,15,140.0,643.0194477254124,1.2431080031092279,136956.09367900033,51.849158770063816
1781535643,180,GET,/api/products [GET],41.000000,0.000000,37,140,570,720,1000,1200,1600,2100,2400,2400,2400,7004,22,61,391.619636748398,0.9151209997071419,136776.4473399984,119.62307252998286
1781535643,180,,Aggregated,101.300000,0.000000,90,390,780,980,1600,2100,2700,3100,3800,3800,3800,17360,54,130.0,614.7574978549435,0.9151209997071419,136956.09367900033,77.10322580645162
1781535644,180,GET,/api/load/cpu [GET],27.400000,0.000000,250,760,1400,1600,2000,2700,3200,3600,3800,3800,3800,5211,17,340.0,884.0643933789981,1.4693439989059698,69234.25248000058,44.85319516407599
1781535644,180,GET,/api/load/memory [GET],32.200000,0.000000,100,350,890,1100,1700,2300,2900,3200,3600,3600,3600,5200,15,140.0,642.7721699079044,1.2431080031092279,136956.09367900033,51.85
1781535644,180,GET,/api/products [GET],41.800000,0.000000,38,160,620,780,1200,1600,2100,2400,2800,2800,2800,7052,22,60,394.4647121127034,0.9028400017996319,136776.4473399984,119.62563811684629
1781535644,180,,Aggregated,101.400000,0.000000,85,380,820,1000,1700,2200,2800,3100,3800,3800,3800,17463,54,130.0,614.5015167633178,0.9028400017996319,136956.09367900033,77.13164977380748
1781535645,180,GET,/api/load/cpu [GET],27.900000,0.000000,230,700,1400,1600,2000,2400,3200,3600,3800,3800,3800,5237,17,330.0,883.475262260447,1.4693439989059698,69234.25248000058,44.853924002291386
1781535645,180,GET,/api/load/memory [GET],31.800000,0.000000,75,280,840,1000,1800,2500,3100,3300,3600,3600,3600,5235,15,140.0,642.3142274493028,1.2431080031092279,136956.09367900033,51.85100286532951
1781535645,180,GET,/api/products [GET],41.500000,0.000000,28,130,620,750,1200,1600,2100,2400,2800,2800,2800,7078,22,59,393.46340217841106,0.9028400017996319,136776.4473399984,119.62701328058773
1781535645,180,,Aggregated,101.200000,0.000000,72,350,780,1000,1700,2200,2700,3200,3800,3800,3800,17550,54,120.0,613.9150364543488,0.9028400017996319,136956.09367900033,77.0974358974359
1781535646,180,GET,/api/load/cpu [GET],27.300000,0.000000,220,700,1400,1700,2300,3200,3800,3900,4200,4200,4200,5264,17,330.0,885.7776333884802,1.4693439989059698,69234.25248000058,44.85467325227963
1781535646,180,GET,/api/load/memory [GET],30.700000,0.000000,65,210,750,980,1700,2500,3100,3300,3600,3600,3600,5270,15,130.0,639.8456005060905,1.2431080031092279,136956.09367900033,51.85199240986717
1781535646,180,GET,/api/products [GET],42.500000,0.000000,18,91,510,770,1200,1800,2200,2400,2800,2800,2800,7122,22,59,393.430054538584,0.8595999970566481,136776.4473399984,119.62931760741365
1781535646,180,,Aggregated,100.500000,0.000000,58,300,750,1000,1800,2300,3100,3600,4200,4200,4200,17656,54,120.0,613.7703118060608,0.8595999970566481,136956.09367900033,77.10551653828726
1781535647,180,GET,/api/load/cpu [GET],27.100000,0.000000,130,440,1300,1600,2300,3200,3800,3900,4200,4200,4200,5286,17,320.0,883.6435530533417,1.4693439989059698,69234.25248000058,44.85527809307605
1781535647,180,GET,/api/load/memory [GET],31.700000,0.000000,48,260,890,1200,2200,2600,3200,3300,3600,3600,3600,5306,15,130.0,640.7326935028445,1.2431080031092279,136956.09367900033,51.852996607614024
1781535647,180,GET,/api/products [GET],41.500000,0.000000,15,140,680,840,1400,1900,2300,2400,2800,2800,2800,7165,22,58,393.55941067924266,0.8595999970566481,136776.4473399984,119.63154221912073
1781535647,180,,Aggregated,100.300000,0.000000,44,310,800,1000,1900,2400,3200,3600,4200,4200,4200,17757,54,120.0,613.3085921429744,0.8595999970566481,136956.09367900033,77.11871374669144
1781535648,180,GET,/api/load/cpu [GET],26.600000,0.000000,80,400,1300,1700,2400,3200,3800,3900,4200,4200,4200,5304,17,320.0,881.8124193101364,1.4693439989059698,69234.25248000058,44.85576923076923
1781535648,180,GET,/api/load/memory [GET],31.100000,0.000000,41,210,970,1200,2200,2700,3200,3400,4200,4200,4200,5328,15,130.0,640.3103995634566,1.2431080031092279,136956.09367900033,51.8536036036036
1781535648,180,GET,/api/products [GET],40.700000,0.000000,5,74,400,780,1400,1900,2400,2400,2800,2800,2800,7203,22,57,391.91981910478523,0.8595999970566481,136776.4473399984,119.63348604748022
1781535648,180,,Aggregated,98.400000,0.000000,24,190,710,1100,2000,2500,3200,3600,4200,4200,4200,17835,54,120.0,611.8141484668796,0.8595999970566481,136956.09367900033,77.14667788057191
1781535649,180,GET,/api/load/cpu [GET],25.900000,0.000000,51,400,1500,2000,3000,3700,4400,4700,4800,4800,4800,5346,17,320.0,885.5337425922119,1.4693439989059698,69234.25248000058,44.85690235690236
1781535649,180,GET,/api/load/memory [GET],31.700000,0.000000,16,190,1100,1400,2300,3100,3600,4500,4700,4700,4700,5359,15,130.0,642.3358428839491,1.2431080031092279,136956.09367900033,51.85445045717485
1781535649,180,GET,/api/products [GET],40.600000,0.000000,4,73,620,900,1600,2000,2300,2400,2800,2800,2800,7244,22,57,392.44249292031236,0.8595999970566481,136776.4473399984,119.63556046383214
1781535649,180,,Aggregated,98.200000,0.000000,18,170,870,1200,2200,2800,3600,4200,4800,4800,4800,17949,54,120.0,613.9169083864152,0.8595999970566481,136956.09367900033,77.12591230709232
1781535650,180,GET,/api/load/cpu [GET],25.800000,0.000000,39,300,1400,2000,3100,3700,4400,4700,4800,4800,4800,5370,17,310.0,884.2308313722464,1.4693439989059698,69234.25248000058,44.857541899441344
1781535650,180,GET,/api/load/memory [GET],30.500000,0.000000,19,150,1200,1700,2400,3100,3600,4500,4700,4700,4700,5385,15,130.0,642.0409554018734,1.2431080031092279,136956.09367900033,51.85515320334262
1781535650,180,GET,/api/products [GET],40.400000,0.000000,3,58,460,990,1800,2200,2400,2700,3300,3300,3300,7288,22,57,394.54836016462076,0.8595999970566481,136776.4473399984,119.6377607025247
1781535650,180,,Aggregated,96.700000,0.000000,16,130,930,1400,2300,3000,3700,4400,4800,4800,4800,18043,54,120.0,614.1538856170139,0.8595999970566481,136956.09367900033,77.15152690794214
1781535651,180,GET,/api/load/cpu [GET],27.100000,0.000000,32,270,1900,2300,3200,3700,4400,4700,4800,4800,4800,5398,17,310.0,884.7942951154047,1.4693439989059698,69234.25248000058,44.85828084475732
1781535651,180,GET,/api/load/memory [GET],30.200000,0.000000,12,99,1300,1700,2500,3100,3600,4500,4700,4700,4700,5408,15,130.0,641.739505961184,1.2431080031092279,136956.09367900033,51.85576923076923
1781535651,180,GET,/api/products [GET],38.700000,0.000000,4,71,850,1200,1900,2200,2600,2800,3300,3300,3300,7344,22,57,396.6987600617856,0.8595999970566481,136776.4473399984,119.640522875817
1781535651,180,,Aggregated,96.000000,0.000000,14,120,1000,1600,2400,3000,3700,4400,4800,4800,4800,18150,54,110.0,614.8761733975074,0.8595999970566481,136956.09367900033,77.20225895316804
1781535652,180,GET,/api/load/cpu [GET],26.700000,0.000000,28,260,1400,2100,3000,3700,4400,4700,4800,4800,4800,5431,17,310.0,883.4441254446614,1.4693439989059698,69234.25248000058,44.85914196280611
1781535652,180,GET,/api/load/memory [GET],30.400000,0.000000,13,120,1200,1600,2300,3000,3300,4500,4700,4700,4700,5443,15,130.0,642.2958515576136,1.2431080031092279,136956.09367900033,51.85669667462796
1781535652,180,GET,/api/products [GET],39.900000,0.000000,4,72,810,1100,1900,2200,2600,2800,3300,3300,3300,7379,22,56,395.41608396012276,0.8595999970566481,136776.4473399984,119.64222794416588
1781535652,180,,Aggregated,97.000000,0.000000,15,120,1000,1500,2300,2900,3600,4400,4800,4800,4800,18253,54,110.0,614.24295452034,0.8595999970566481,136956.09367900033,77.17777899523367
1781535653,180,GET,/api/load/cpu [GET],26.400000,0.000000,28,330,1900,2300,3000,3700,4400,4700,4800,4800,4800,5455,17,310.0,883.0481695160321,1.4693439989059698,69234.25248000058,44.85976168652612
1781535653,180,GET,/api/load/memory [GET],29.800000,0.000000,11,89,1100,1500,2200,2800,3300,4500,4700,4700,4700,5481,15,120.0,640.416967057306,1.2431080031092279,136956.09367900033,51.85769020251779
1781535653,180,GET,/api/products [GET],41.400000,0.000000,4,75,660,1000,1800,2100,2400,2800,3300,3300,3300,7418,22,56,395.8595032136367,0.8595999970566481,136776.4473399984,119.64410892423834
1781535653,180,,Aggregated,97.600000,0.000000,14,120,1000,1400,2300,2900,3600,4400,4800,4800,4800,18354,54,110.0,613.6885123673195,0.8595999970566481,136956.09367900033,77.17456685191239
1781535654,180,GET,/api/load/cpu [GET],27.200000,0.000000,44,300,1600,2200,3000,3700,4400,4700,4800,4800,4800,5490,17,300.0,881.2127114608297,1.4693439989059698,69234.25248000058,44.86065573770492
1781535654,180,GET,/api/load/memory [GET],29.700000,0.000000,15,110,1100,1400,2200,2700,3300,4500,4700,4700,4700,5507,15,120.0,639.5232076490108,1.2431080031092279,136956.09367900033,51.85836208461958
1781535654,180,GET,/api/products [GET],41.200000,0.000000,5,75,550,930,1800,2100,2400,2800,3300,3300,3300,7459,22,55,394.91996178559464,0.8595999970566481,136776.4473399984,119.64606515618716
1781535654,180,,Aggregated,98.100000,0.000000,19,130,890,1400,2200,2800,3600,4200,4800,4800,4800,18456,54,110.0,612.5606894994468,0.8595999970566481,136956.09367900033,77.17322280017339
1781535655,180,GET,/api/load/cpu [GET],27.100000,0.000000,54,320,1600,2100,2800,3300,4400,4700,4800,4800,4800,5520,17,300.0,882.8745773184698,1.4693439989059698,69234.25248000058,44.86141304347826
1781535655,180,GET,/api/load/memory [GET],30.900000,0.000000,22,140,1200,1500,2200,2600,3300,4500,4700,4700,4700,5537,15,120.0,638.5419413901224,1.2431080031092279,136956.09367900033,51.85912949250497
1781535655,180,GET,/api/products [GET],41.700000,0.000000,5,71,510,890,1700,2100,2500,2800,3300,3300,3300,7496,22,54,393.79355076063825,0.8595999970566481,136776.4473399984,119.64781216648879
1781535655,180,,Aggregated,99.700000,0.000000,21,140,940,1400,2200,2700,3300,4400,4800,4800,4800,18553,54,110.0,612.3511482119764,0.8595999970566481,136956.09367900033,77.16590308844931
1781535656,180,GET,/api/load/cpu [GET],27.500000,0.000000,83,960,1900,2300,3000,3600,4400,4700,4800,4800,4800,5550,17,300.0,886.0223140403546,1.4693439989059698,69234.25248000058,44.862162162162164
1781535656,180,GET,/api/load/memory [GET],30.900000,0.000000,16,120,960,1300,2000,2500,3300,4500,4700,4700,4700,5575,15,120.0,635.817811301005,1.2431080031092279,136956.09367900033,51.860089686098654
1781535656,180,GET,/api/products [GET],41.000000,0.000000,5,63,450,780,1600,2100,2500,2800,3300,3300,3300,7542,22,53,393.0213064639013,0.8595999970566481,136776.4473399984,119.64996022275258
1781535656,180,,Aggregated,99.400000,0.000000,21,150,920,1400,2200,2800,3600,4300,4800,4800,4800,18667,54,110.0,612.110935569605,0.8595999970566481,136956.09367900033,77.16853270477313
1781535657,180,GET,/api/load/cpu [GET],28.200000,0.000000,80,1200,1900,2300,3000,3600,4400,4700,4800,4800,4800,5575,17,300.0,884.2314730356893,1.4693439989059698,69234.25248000058,44.8627802690583
1781535657,180,GET,/api/load/memory [GET],30.100000,0.000000,13,89,670,1300,2000,2500,3200,4500,4700,4700,4700,5602,15,120.0,634.5115174005913,1.2431080031092279,136956.09367900033,51.860764012852556
1781535657,180,GET,/api/products [GET],41.500000,0.000000,5,63,540,900,1700,2100,2600,2800,3300,3300,3300,7582,22,52,392.87817520149684,0.8595999970566481,136776.4473399984,119.65180691110525
1781535657,180,,Aggregated,99.800000,0.000000,19,140,960,1400,2200,2800,3500,4300,4800,4800,4800,18759,54,110.0,611.0627595836577,0.8595999970566481,136956.09367900033,77.18076656538194
1781535658,180,GET,/api/load/cpu [GET],28.100000,0.000000,100,1300,1900,2100,2900,3500,3800,4100,4800,4800,4800,5618,17,300.0,887.100860625662,1.4693439989059698,69234.25248000058,44.863830544677825
1781535658,180,GET,/api/load/memory [GET],30.000000,0.000000,14,86,360,1200,1900,2400,2700,3100,3200,3200,3200,5631,15,110.0,633.5440315762921,1.2431080031092279,136956.09367900033,51.861481086840705
1781535658,180,GET,/api/products [GET],42.100000,0.000000,5,56,510,830,1500,2100,2600,2800,3300,3300,3300,7617,22,51,392.5379790577347,0.8595999970566481,136776.4473399984,119.65340685309177
1781535658,180,,Aggregated,100.200000,0.000000,22,140,960,1400,2100,2700,3200,3600,4800,4800,4800,18866,54,100.0,611.7449837423861,0.8595999970566481,136956.09367900033,77.14815011131135
1781535659,180,GET,/api/load/cpu [GET],28.800000,0.000000,74,1300,1900,2200,2900,3500,3800,4100,4800,4800,4800,5645,17,290.0,884.8631149418879,1.4693439989059698,69234.25248000058,44.86448184233835
1781535659,180,GET,/api/load/memory [GET],29.500000,0.000000,12,66,670,1200,1900,2300,2700,3100,3200,3200,3200,5658,15,110.0,633.6585558842527,1.2431080031092279,136956.09367900033,51.86214209968187
1781535659,180,GET,/api/products [GET],41.000000,0.000000,4,46,510,820,1400,1900,2400,2800,3300,3300,3300,7662,22,51,392.95202385444685,0.8254990025307052,136776.4473399984,119.6554424432263
1781535659,180,,Aggregated,99.300000,0.000000,17,110,930,1300,2000,2700,3200,3600,4800,4800,4800,18965,54,100.0,611.183274443072,0.8254990025307052,136956.09367900033,77.16825731610862
1781535660,180,GET,/api/load/cpu [GET],31.000000,0.000000,83,1400,1900,2200,3000,3500,3800,4300,5200,5200,5200,5677,17,290.0,887.3424265243909,1.4693439989059698,69234.25248000058,44.865245728377666
1781535660,180,GET,/api/load/memory [GET],30.300000,0.000000,12,81,730,1300,1900,2400,2800,3100,3200,3200,3200,5685,15,110.0,634.0640559878799,1.2431080031092279,136956.09367900033,51.86279683377309
1781535660,180,GET,/api/products [GET],40.800000,0.000000,4,33,460,750,1300,1700,2100,2400,2800,2800,2800,7706,22,51,393.4616361581602,0.8254990025307052,136776.4473399984,119.65740981053725
1781535660,180,,Aggregated,102.100000,0.000000,18,120,960,1300,2000,2700,3200,3700,5200,5200,5200,19068,54,100.0,612.2358129801173,0.8254990025307052,136956.09367900033,77.17747010698552
1781535661,180,GET,/api/load/cpu [GET],29.700000,0.000000,67,1300,1900,2100,3000,3500,3800,4300,5200,5200,5200,5701,17,290.0,885.1268706144476,1.4693439989059698,69234.25248000058,44.86581301526048
1781535661,180,GET,/api/load/memory [GET],29.400000,0.000000,11,44,430,1100,1800,2200,2700,3100,3200,3200,3200,5719,15,110.0,632.3339669883013,1.2431080031092279,136956.09367900033,51.86361251967127
1781535661,180,GET,/api/products [GET],41.400000,0.000000,4,39,560,840,1400,1800,2200,2400,2800,2800,2800,7746,22,51,393.7921840970561,0.8254990025307052,136776.4473399984,119.65917893106119
1781535661,180,,Aggregated,100.500000,0.000000,14,95,900,1300,2000,2700,3200,3700,5200,5200,5200,19166,54,100.0,611.1207609618538,0.8254990025307052,136956.09367900033,77.18188458728999
1781535662,180,GET,/api/load/cpu [GET],30.200000,0.000000,57,1200,1800,2100,3000,3300,3800,4300,5200,5200,5200,5741,17,280.0,883.835828590483,1.4693439989059698,69234.25248000058,44.86674795331824
1781535662,180,GET,/api/load/memory [GET],29.900000,0.000000,11,44,650,1100,1800,2300,2800,3100,3200,3200,3200,5742,15,110.0,632.1185868361365,1.2431080031092279,136956.09367900033,51.86415882967607
1781535662,180,GET,/api/products [GET],41.500000,0.000000,4,39,590,840,1400,1700,2100,2400,2800,2800,2800,7794,22,50,394.0258066076201,0.8254990025307052,136776.4473399984,119.66127790608161
1781535662,180,,Aggregated,101.600000,0.000000,15,95,930,1300,2000,2700,3200,3700,5200,5200,5200,19277,54,99,610.8192952353004,0.8254990025307052,136956.09367900033,77.19167920319552
1781535663,180,GET,/api/load/cpu [GET],30.200000,0.000000,42,1300,1900,2200,3000,3300,3800,4300,5200,5200,5200,5767,17,280.0,882.300331843757,1.4693439989059698,69234.25248000058,44.86734870816716
1781535663,180,GET,/api/load/memory [GET],31.000000,0.000000,10,40,730,1300,1900,2400,2800,3100,3200,3200,3200,5775,15,110.0,632.2975398415729,1.2431080031092279,136956.09367900033,51.86493506493507
1781535663,180,GET,/api/products [GET],39.700000,0.000000,3,39,640,840,1400,1700,2200,2400,2800,2800,2800,7834,22,50,393.45267841955535,0.8254990025307052,136776.4473399984,119.66300740362523
1781535663,180,,Aggregated,100.900000,0.000000,13,91,960,1400,2000,2800,3200,3700,5200,5200,5200,19376,54,98,610.1389651665392,0.8254990025307052,136956.09367900033,77.19395127993394
1781535664,180,GET,/api/load/cpu [GET],30.800000,0.000000,34,1300,1900,2300,3000,3300,3800,4300,5200,5200,5200,5803,17,280.0,883.9857049669034,1.4693439989059698,69234.25248000058,44.86817163536102
1781535664,180,GET,/api/load/memory [GET],30.000000,0.000000,11,37,690,1300,2000,2500,2800,3100,3200,3200,3200,5806,15,100.0,631.878149293676,1.2431080031092279,136956.09367900033,51.86565621770582
1781535664,180,GET,/api/products [GET],41.200000,0.000000,3,41,670,900,1400,1700,2100,2400,2600,2600,2600,7859,22,50,392.89693407262945,0.8254990025307052,136776.4473399984,119.66407939941469
1781535664,180,,Aggregated,102.000000,0.000000,14,87,990,1400,2100,2800,3200,3500,5200,5200,5200,19468,54,97,610.5522182863597,0.8254990025307052,136956.09367900033,77.14927059790425
1781535665,180,GET,/api/load/cpu [GET],30.700000,0.000000,29,140,1700,1900,2900,3200,3700,4100,5200,5200,5200,5826,17,280.0,881.8064031034916,1.4693439989059698,69234.25248000058,44.868692070030896
1781535665,180,GET,/api/load/memory [GET],28.800000,0.000000,11,44,1100,1400,2000,2500,2800,3100,3200,3200,3200,5842,15,100.0,631.277180367866,1.2431080031092279,136956.09367900033,51.86648408079425
1781535665,180,GET,/api/products [GET],41.200000,0.000000,3,44,690,940,1400,1700,2100,2400,2600,2600,2600,7903,22,49,392.55511411208363,0.8254990025307052,136776.4473399984,119.66594963937744
1781535665,180,,Aggregated,100.700000,0.000000,14,81,960,1300,2000,2600,3200,3300,5200,5200,5200,19571,54,96,609.4572816421154,0.8254990025307052,136956.09367900033,77.16156558172807
1781535666,180,GET,/api/load/cpu [GET],30.400000,0.000000,30,170,1800,2200,3000,3300,3700,4100,5200,5200,5200,5854,17,280.0,883.1108958687972,1.4693439989059698,69234.25248000058,44.869320122992825
1781535666,180,GET,/api/load/memory [GET],29.900000,0.000000,11,56,1300,1500,2200,2500,3000,3200,3300,3300,3300,5871,15,100.0,632.4733950630341,1.2431080031092279,136956.09367900033,51.867143587123145
1781535666,180,GET,/api/products [GET],39.700000,0.000000,3,41,690,930,1500,1700,2000,2400,2500,2500,2500,7934,22,48,392.1130223202423,0.8254990025307052,136776.4473399984,119.6672548525334
1781535666,180,,Aggregated,100.000000,0.000000,14,91,1100,1400,2100,2800,3300,3500,5200,5200,5200,19659,54,96,610.1026097929617,0.8254990025307052,136956.09367900033,77.14619258354952
1781535667,180,GET,/api/load/cpu [GET],30.200000,0.000000,26,220,1800,2100,2900,3300,3600,3800,5200,5200,5200,5885,17,280.0,882.4923561828261,1.4693439989059698,69234.25248000058,44.87000849617672
1781535667,180,GET,/api/load/memory [GET],30.000000,0.000000,12,540,1200,1500,2100,2500,2800,3100,3300,3300,3300,5903,15,100.0,631.8411257533578,1.2431080031092279,136956.09367900033,51.867863798068775
1781535667,180,GET,/api/products [GET],40.300000,0.000000,5,95,780,990,1500,1700,1900,2300,2500,2500,2500,7982,22,49,392.0894127000506,0.8254990025307052,136776.4473399984,119.66925582560762
1781535667,180,,Aggregated,100.500000,0.000000,15,160,1000,1400,2000,2600,3100,3300,5200,5200,5200,19770,54,96,609.6552035219939,0.8254990025307052,136956.09367900033,77.15912999494184
1781535668,180,GET,/api/load/cpu [GET],30.400000,0.000000,35,370,1800,2100,2900,3200,3600,3800,5200,5200,5200,5920,17,280.0,882.9158319817475,1.4693439989059698,69234.25248000058,44.870777027027025
1781535668,180,GET,/api/load/memory [GET],29.800000,0.000000,12,160,1100,1400,2100,2500,2800,3100,3300,3300,3300,5933,15,100.0,631.1974235678496,1.2431080031092279,136956.09367900033,51.86853193999663
1781535668,180,GET,/api/products [GET],38.900000,0.000000,5,85,670,900,1500,1700,2000,2300,2500,2500,2500,8010,22,49,391.90234743830194,0.8254990025307052,136776.4473399984,119.67041198501873
1781535668,180,,Aggregated,99.100000,0.000000,16,180,1000,1400,2100,2600,3100,3300,5200,5200,5200,19863,54,95,609.721282904939,0.8254990025307052,136956.09367900033,77.12485525852087
1781535669,180,GET,/api/load/cpu [GET],30.600000,0.000000,25,240,1600,1900,2500,3100,3500,3700,4200,4200,4200,5945,17,280.0,880.4128394645809,1.4693439989059698,69234.25248000058,44.871320437342305
1781535669,180,GET,/api/load/memory [GET],30.000000,0.000000,12,310,1100,1300,1900,2300,2700,2800,3300,3300,3300,5965,15,100.0,629.7433278021861,1.2431080031092279,136956.09367900033,51.86923721709975
1781535669,180,GET,/api/products [GET],40.400000,0.000000,4,92,670,840,1500,1700,2000,2300,2500,2500,2500,8064,22,48,391.67050526287215,0.8254990025307052,136776.4473399984,119.67261904761905
1781535669,180,,Aggregated,101.000000,0.000000,15,160,870,1200,1900,2400,2900,3300,4200,4200,4200,19974,54,95,608.2359184638422,0.8254990025307052,136956.09367900033,77.1603084009212
1781535670,180,GET,/api/load/cpu [GET],30.200000,0.000000,29,260,1700,2000,2500,3100,3500,3700,4200,4200,4200,5978,17,270.0,878.452841091491,1.4693439989059698,69234.25248000058,44.87203077952493
1781535670,180,GET,/api/load/memory [GET],29.700000,0.000000,14,560,1100,1300,2100,2500,2800,2800,3300,3300,3300,5997,15,100.0,629.7250678199179,1.2431080031092279,136956.09367900033,51.86993496748374
1781535670,180,GET,/api/products [GET],39.800000,0.000000,4,64,470,740,1200,1600,1800,2100,2500,2500,2500,8109,22,47,390.12443778762025,0.8254990025307052,136776.4473399984,119.67443581206068
1781535670,180,,Aggregated,99.700000,0.000000,15,140,820,1200,1900,2500,3000,3300,4200,4200,4200,20084,54,93,607.0190889155946,0.8254990025307052,136956.09367900033,77.1633638717387
1781535671,180,GET,/api/load/cpu [GET],29.800000,0.000000,44,680,1900,2100,2500,3100,3500,3700,4200,4200,4200,6014,17,270.0,880.8255349140209,1.4693439989059698,69234.25248000058,44.872796807449284
1781535671,180,GET,/api/load/memory [GET],31.000000,0.000000,15,310,1100,1300,2100,2500,2800,3100,3300,3300,3300,6029,15,97,628.6508345050678,1.2431080031092279,136956.09367900033,51.87062531099685
1781535671,180,GET,/api/products [GET],40.300000,0.000000,4,68,440,690,1200,1500,1800,2100,2500,2500,2500,8151,22,47,389.7259308695641,0.8254990025307052,136776.4473399984,119.67611336032388
1781535671,180,,Aggregated,101.100000,0.000000,16,160,840,1200,2000,2500,3000,3300,4200,4200,4200,20194,54,93,607.312900402189,0.8254990025307052,136956.09367900033,77.15524413192037
1781535672,180,GET,/api/load/cpu [GET],30.100000,0.000000,43,680,1900,2100,2700,3100,3500,3700,4200,4200,4200,6032,17,270.0,879.3238317604328,1.4693439989059698,69234.25248000058,44.873176392572944
1781535672,180,GET,/api/load/memory [GET],30.900000,0.000000,14,280,1000,1300,2100,2500,2800,3100,3300,3300,3300,6058,15,96,628.1914703601932,1.2431080031092279,136956.09367900033,51.871244635193136
1781535672,180,GET,/api/products [GET],39.900000,0.000000,4,71,480,730,1200,1600,1800,2000,2500,2500,2500,8191,22,46,390.1291691860348,0.8254990025307052,136776.4473399984,119.67769503113173
1781535672,180,,Aggregated,100.900000,0.000000,15,170,890,1200,2000,2500,3000,3300,4200,4200,4200,20281,54,93,606.7360241321335,0.8254990025307052,136956.09367900033,77.17523790740101
1781535673,180,GET,/api/load/cpu [GET],31.300000,0.000000,40,1000,1900,2100,2500,3000,3600,3700,4200,4200,4200,6066,17,260.0,880.2622955252103,1.4693439989059698,69234.25248000058,44.87388724035608
1781535673,180,GET,/api/load/memory [GET],30.200000,0.000000,12,280,930,1200,1900,2400,2800,3100,3300,3300,3300,6092,15,95,626.4314079566747,1.2431080031092279,136956.09367900033,51.871963230466186
1781535673,180,GET,/api/products [GET],39.500000,0.000000,4,88,510,750,1200,1600,1800,2000,2500,2500,2500,8237,22,46,389.34356212368584,0.8254990025307052,136776.4473399984,119.67949496175792
1781535673,180,,Aggregated,101.000000,0.000000,15,240,880,1200,1900,2400,3000,3300,4200,4200,4200,20395,54,91,606.1737750988374,0.8254990025307052,136956.09367900033,77.17621966168178
1781535674,180,GET,/api/load/cpu [GET],28.900000,0.000000,41,1200,1900,2100,2500,2900,3500,3600,4200,4200,4200,6104,17,260.0,879.9780474462535,1.4693439989059698,69234.25248000058,44.87467234600262
1781535674,180,GET,/api/load/memory [GET],31.200000,0.000000,11,250,930,1300,1900,2400,2800,3100,3300,3300,3300,6122,15,95,625.8835313165737,1.2431080031092279,136956.09367900033,51.87259065664816
1781535674,180,GET,/api/products [GET],39.500000,0.000000,4,87,480,750,1300,1600,1900,2100,2500,2500,2500,8271,22,45,390.01510337562524,0.8254990025307052,136776.4473399984,119.68081247733043
1781535674,180,,Aggregated,99.600000,0.000000,16,250,940,1300,2100,2500,2900,3300,4200,4200,4200,20497,54,91,606.3745865420203,0.8254990025307052,136956.09367900033,77.15075376884423
1781535675,180,GET,/api/load/cpu [GET],30.000000,0.000000,45,550,1800,2100,2500,2900,3300,3600,4200,4200,4200,6129,17,260.0,877.351592904865,1.4693439989059698,69234.25248000058,44.87518355359765
1781535675,180,GET,/api/load/memory [GET],31.600000,0.000000,11,250,890,1100,1700,2300,2700,3100,3300,3300,3300,6144,15,93,625.5130817890735,1.2431080031092279,136956.09367900033,51.873046875
1781535675,180,GET,/api/products [GET],40.000000,0.000000,4,88,510,750,1200,1600,1800,2100,2400,2400,2400,8317,22,44,389.08139279281005,0.8254990025307052,136776.4473399984,119.68257785259108
1781535675,180,,Aggregated,101.600000,0.000000,17,230,820,1200,1900,2400,2900,3100,4200,4200,4200,20590,54,90,604.9747562546763,0.8254990025307052,136956.09367900033,77.18057309373482
1781535676,180,GET,/api/load/cpu [GET],30.000000,0.000000,30,280,1700,1900,2400,2800,3100,3600,4200,4200,4200,6157,17,260.0,876.015433139828,1.4693439989059698,69234.25248000058,44.87575117752152
1781535676,180,GET,/api/load/memory [GET],31.300000,0.000000,9,98,810,1100,1800,2400,2800,3100,3300,3300,3300,6178,15,93,625.1885094409291,1.2431080031092279,136956.09367900033,51.87374554872127
1781535676,180,GET,/api/products [GET],41.000000,0.000000,3,32,430,710,1200,1600,1900,2100,2600,2600,2600,8344,22,44,388.3877226697985,0.8254990025307052,136776.4473399984,119.6836049856184
1781535676,180,,Aggregated,102.300000,0.000000,12,120,750,1200,1900,2400,2800,3000,4200,4200,4200,20679,54,89,604.320750090661,0.8254990025307052,136956.09367900033,77.15150635910827
1781535677,180,GET,/api/load/cpu [GET],30.600000,0.000000,23,160,1600,2000,2500,2900,3300,3600,3800,3800,3800,6181,17,250.0,875.4700293381208,1.4693439989059698,69234.25248000058,44.87623361915548
1781535677,180,GET,/api/load/memory [GET],30.200000,0.000000,9,74,630,1200,2100,2600,3000,3300,3900,3900,3900,6211,15,92,625.6476756557853,1.2431080031092279,136956.09367900033,51.874416358074384
1781535677,180,GET,/api/products [GET],40.800000,0.000000,2,20,340,700,1200,1600,1900,2100,2600,2600,2600,8366,22,43,387.9000223873773,0.8254990025307052,136776.4473399984,119.68443700693282
1781535677,180,,Aggregated,101.600000,0.000000,11,72,650,1000,1900,2500,2900,3300,3900,3900,3900,20758,54,87,604.2176294503225,0.8254990025307052,136956.09367900033,77.11976105597842
1781535678,180,GET,/api/load/cpu [GET],30.000000,0.000000,25,180,1900,2200,2900,3400,3800,3800,4500,4500,4500,6210,17,250.0,877.9001515658475,1.4693439989059698,69234.25248000058,44.8768115942029
1781535678,180,GET,/api/load/memory [GET],29.900000,0.000000,8,44,630,1300,2200,2700,3100,3300,3900,3900,3900,6245,15,89,624.6958880639058,1.2431080031092279,136956.09367900033,51.87510008006405
1781535678,180,GET,/api/products [GET],40.300000,0.000000,2,12,310,670,1300,1800,2400,2600,3400,3400,3400,8413,22,42,388.96375593543206,0.8254990025307052,136776.4473399984,119.6861999286818
1781535678,180,,Aggregated,100.200000,0.000000,11,56,690,1200,2200,2800,3300,3600,4500,4500,4500,20868,54,86,605.0094805859587,0.8254990025307052,136956.09367900033,77.13077439141269
1781535679,180,GET,/api/load/cpu [GET],29.700000,0.000000,21,180,1800,2200,2900,3400,3800,3800,4500,4500,4500,6232,17,250.0,875.956155944305,1.4693439989059698,69234.25248000058,44.87724646983312
1781535679,180,GET,/api/load/memory [GET],30.100000,0.000000,8,41,630,1300,2400,3000,3300,3700,3900,3900,3900,6273,15,88,626.0198285782067,1.2431080031092279,136956.09367900033,51.87565758010521
1781535679,180,GET,/api/products [GET],38.000000,0.000000,2,7,300,710,1400,1900,2500,2600,3700,3700,3700,8453,22,42,388.4834807534363,0.8254990025307052,136776.4473399984,119.68768484561694
1781535679,180,,Aggregated,97.800000,0.000000,10,45,700,1300,2300,2900,3400,3700,4500,4500,4500,20958,54,84,604.5344026779652,0.8254990025307052,136956.09367900033,77.14529058116233
1781535680,180,GET,/api/load/cpu [GET],28.700000,0.000000,18,92,1900,2300,3200,3700,4100,4500,4600,4600,4600,6263,17,250.0,880.0350954025085,1.4693439989059698,69234.25248000058,44.87785406354782
1781535680,180,GET,/api/load/memory [GET],31.100000,0.000000,8,27,580,1300,2400,3100,3600,3900,4600,4600,4600,6299,15,88,626.9783240514489,1.2431080031092279,136956.09367900033,51.8761708207652
1781535680,180,GET,/api/products [GET],39.700000,0.000000,2,7,330,810,1600,2000,2600,3400,4600,4600,4600,8489,22,41,389.28354792540915,0.8254990025307052,136776.4473399984,119.68900930616091
1781535680,180,,Aggregated,99.500000,0.000000,10,33,630,1300,2400,3100,3800,4100,4600,4600,4600,21051,54,84,606.4141515388717,0.8254990025307052,136956.09367900033,77.14018336421073
1781535681,180,GET,/api/load/cpu [GET],28.300000,0.000000,22,230,1900,2300,3300,3800,4500,4700,5400,5400,5400,6293,17,250.0,880.1817021889246,1.4693439989059698,69234.25248000058,44.878436357857936
1781535681,180,GET,/api/load/memory [GET],30.500000,0.000000,10,83,590,1400,2500,3100,3600,3900,4600,4600,4600,6333,15,88,626.1270906052531,1.2431080031092279,136956.09367900033,51.87683562292752
1781535681,180,GET,/api/products [GET],38.000000,0.000000,2,7,69,420,1400,2000,2600,3400,4600,4600,4600,8520,22,41,388.5915543490388,0.8254990025307052,136776.4473399984,119.69014084507042
1781535681,180,,Aggregated,96.800000,0.000000,11,54,420,1200,2400,3200,3900,4500,5400,5400,5400,21146,54,84,606.0269724643798,0.8254990025307052,136956.09367900033,77.11699612219805
1781535682,180,GET,/api/load/cpu [GET],28.800000,0.000000,33,190,1700,2400,3400,3800,4500,4700,5400,5400,5400,6332,17,240.0,880.4215305377293,1.4693439989059698,69234.25248000058,44.87918509159823
1781535682,180,GET,/api/load/memory [GET],30.100000,0.000000,10,83,820,1600,2600,3200,3700,3900,4600,4600,4600,6355,15,88,626.9531721635041,1.2431080031092279,136956.09367900033,51.877261998426434
1781535682,180,GET,/api/products [GET],38.000000,0.000000,2,7,56,330,1600,2400,2900,3700,4600,4600,4600,8547,22,40,388.3817724677446,0.8254990025307052,136776.4473399984,119.6911196911197
1781535682,180,,Aggregated,96.900000,0.000000,12,64,330,1300,2600,3300,3900,4500,5400,5400,5400,21234,54,83,606.5091621807373,0.8254990025307052,136956.09367900033,77.08651219741924
1781535683,180,GET,/api/load/cpu [GET],27.500000,0.000000,30,200,2100,2700,3600,4100,4600,5400,7300,7300,7300,6367,17,240.0,883.8282430777309,1.4693439989059698,69234.25248000058,44.879849222553794
1781535683,180,GET,/api/load/memory [GET],30.400000,0.000000,11,94,1100,1900,2700,3200,3800,4500,4700,4700,4700,6388,15,88,628.3589062274659,1.2431080031092279,136956.09367900033,51.87789605510332
1781535683,180,GET,/api/products [GET],38.200000,0.000000,2,10,80,630,1600,2300,2900,3700,4600,4600,4600,8600,22,40,389.45915801439617,0.8254990025307052,136776.4473399984,119.69302325581396
1781535683,180,,Aggregated,96.100000,0.000000,12,86,700,1600,2700,3400,4100,4600,7300,7300,7300,21355,54,83,608.318420771752,0.8254990025307052,136956.09367900033,77.10166237415125
1781535684,180,GET,/api/load/cpu [GET],29.700000,0.000000,23,230,2400,3000,3700,4200,4600,5400,7300,7300,7300,6395,17,240.0,884.8217849843475,1.4693439989059698,69234.25248000058,44.88037529319781
1781535684,180,GET,/api/load/memory [GET],29.900000,0.000000,10,83,1100,1900,2800,3200,3800,4500,4700,4700,4700,6418,15,86,628.4430906450714,1.2431080031092279,136956.09367900033,51.87846681209099
1781535684,180,GET,/api/products [GET],35.000000,0.000000,2,6,56,460,1600,2400,3100,3700,4600,4600,4600,8638,22,39,388.26139147474026,0.8254990025307052,136776.4473399984,119.69437369761519
1781535684,180,,Aggregated,94.600000,0.000000,11,58,580,1600,2900,3500,4400,4600,7300,7300,7300,21451,54,82,608.1574271732674,0.8254990025307052,136956.09367900033,77.10064798843877
1781535685,180,GET,/api/load/cpu [GET],29.500000,0.000000,23,260,2400,3000,3700,4200,4600,5400,7300,7300,7300,6414,17,240.0,882.7815494292018,1.4693439989059698,69234.25248000058,44.880729653882135
1781535685,180,GET,/api/load/memory [GET],29.500000,0.000000,10,82,1000,1800,2800,3200,3800,4500,4700,4700,4700,6444,15,86,627.4030315043568,1.2431080031092279,136956.09367900033,51.878957169459966
1781535685,180,GET,/api/products [GET],36.700000,0.000000,2,7,120,540,1600,2100,3100,3700,4600,4600,4600,8680,22,38,388.1416811737108,0.8254990025307052,136776.4473399984,119.6958525345622
1781535685,180,,Aggregated,95.700000,0.000000,11,73,670,1600,2900,3500,4400,4600,7300,7300,7300,21538,54,81,607.03016926552,0.8254990025307052,136956.09367900033,77.12568483610363
1781535686,180,GET,/api/load/cpu [GET],30.000000,0.000000,30,660,2400,3000,3600,4200,4600,5400,7300,7300,7300,6452,17,230.0,883.9676152564917,1.4693439989059698,69234.25248000058,44.88143211407316
1781535686,180,GET,/api/load/memory [GET],29.000000,0.000000,10,82,970,1700,2700,3200,3700,4500,4700,4700,4700,6467,15,84,626.6365826168352,1.2431080031092279,136956.09367900033,51.87938766042988
1781535686,180,GET,/api/products [GET],36.000000,0.000000,2,7,250,580,1600,2000,2900,3700,4600,4600,4600,8723,22,38,387.68846070730433,0.8254990025307052,136776.4473399984,119.69735182849936
1781535686,180,,Aggregated,95.000000,0.000000,11,91,840,1600,2900,3500,4200,4600,7300,7300,7300,21642,54,81,607.0429847596233,0.8254990025307052,136956.09367900033,77.12776083541263
1781535687,180,GET,/api/load/cpu [GET],28.600000,0.000000,25,230,2000,2400,3400,4100,4600,5400,7300,7300,7300,6474,17,230.0,881.7334468967998,1.4693439989059698,69234.25248000058,44.88183503243744
1781535687,180,GET,/api/load/memory [GET],29.900000,0.000000,11,120,1000,1600,2600,3200,3600,4500,4700,4700,4700,6498,15,84,626.3336566517489,1.2431080031092279,136956.09367900033,51.879963065558634
1781535687,180,GET,/api/products [GET],36.500000,0.000000,3,19,350,650,1500,1900,2800,3700,4600,4600,4600,8779,22,37,388.0711642510324,0.8254990025307052,136776.4473399984,119.69928237840301
1781535687,180,,Aggregated,95.000000,0.000000,12,99,680,1300,2500,3300,4100,4600,7300,7300,7300,21751,54,80,606.1852414644267,0.8254990025307052,136956.09367900033,77.16983127212542
1781535688,180,GET,/api/load/cpu [GET],28.900000,0.000000,33,300,2100,2500,3400,4100,4600,5400,7300,7300,7300,6507,17,230.0,881.8438620768217,1.4693439989059698,69234.25248000058,44.882434301521435
1781535688,180,GET,/api/load/memory [GET],29.600000,0.000000,12,130,1100,1600,2400,3100,3500,4500,4700,4700,4700,6532,15,83,627.5556410780846,1.2431080031092279,136956.09367900033,51.88058787507654
1781535688,180,GET,/api/products [GET],37.200000,0.000000,2,14,280,500,1300,1900,2300,3400,4600,4600,4600,8817,22,36,386.41744120446924,0.8254990025307052,136776.4473399984,119.70057842803675
1781535688,180,,Aggregated,95.700000,0.000000,13,100,770,1300,2400,3300,4100,4600,7300,7300,7300,21856,54,79,605.9843538230108,0.8254990025307052,136956.09367900033,77.15657027818447
1781535689,180,GET,/api/load/cpu [GET],29.300000,0.000000,33,270,1800,2300,3300,4100,4600,5400,7300,7300,7300,6537,17,230.0,880.9200474956201,1.4693439989059698,69234.25248000058,44.882973841211566
1781535689,180,GET,/api/load/memory [GET],28.600000,0.000000,12,170,1200,1500,2100,2900,3300,3500,4700,4700,4700,6566,15,83,627.2036773978136,1.2431080031092279,136956.09367900033,51.88120621382882
1781535689,180,GET,/api/products [GET],41.200000,0.000000,3,38,430,770,1500,1800,2000,2400,3900,3900,3900,8875,22,36,386.9561170960934,0.8254990025307052,136776.4473399984,119.7025352112676
1781535689,180,,Aggregated,99.100000,0.000000,12,140,850,1300,2100,3000,3900,4500,7300,7300,7300,21978,54,79,605.6524358677198,0.8254990025307052,136956.09367900033,77.18682318682319
1781535690,180,GET,/api/load/cpu [GET],29.300000,0.000000,30,300,1700,2200,2900,3600,4400,4500,7300,7300,7300,6569,17,230.0,880.2162032981988,1.4693439989059698,69234.25248000058,44.88354391840463
1781535690,180,GET,/api/load/memory [GET],28.500000,0.000000,11,380,1200,1500,2100,2900,3300,3500,4700,4700,4700,6596,15,82,626.5545599099526,1.2431080031092279,136956.09367900033,51.8817465130382
1781535690,180,GET,/api/products [GET],40.000000,0.000000,2,40,520,820,1300,1800,2000,2100,3900,3900,3900,8920,22,36,387.08890847004864,0.8254990025307052,136776.4473399984,119.70403587443946
1781535690,180,,Aggregated,97.800000,0.000000,12,180,910,1300,2100,2900,3500,4100,7300,7300,7300,22085,54,79,605.2853602075955,0.8254990025307052,136956.09367900033,77.19320805976908
1781535691,180,GET,/api/load/cpu [GET],30.700000,0.000000,23,670,1600,2000,2800,3600,4400,4500,7300,7300,7300,6609,17,230.0,878.506907679207,1.4693439989059698,69234.25248000058,44.88424875170222
1781535691,180,GET,/api/load/memory [GET],28.600000,0.000000,10,380,1100,1300,1900,2600,3300,3500,4700,4700,4700,6628,15,81,625.0077785111724,1.2431080031092279,136956.09367900033,51.88231744115872
1781535691,180,GET,/api/products [GET],41.900000,0.000000,2,36,480,760,1300,1700,2000,2100,3100,3100,3100,8960,22,36,385.7969954163867,0.8254990025307052,136776.4473399984,119.70535714285714
1781535691,180,,Aggregated,101.200000,0.000000,11,150,840,1200,1900,2600,3400,4100,7300,7300,7300,22197,54,78,603.9259714265329,0.8254990025307052,136956.09367900033,77.17601477677164
1781535692,180,GET,/api/load/cpu [GET],30.100000,0.000000,19,150,1400,1700,2600,3300,4000,4500,6300,6300,6300,6634,17,220.0,875.2657782349828,1.4693439989059698,69234.25248000058,44.8846849562858
1781535692,180,GET,/api/load/memory [GET],29.400000,0.000000,10,360,870,1100,1800,2400,3300,3400,3500,3500,3500,6664,15,81,622.9131546715262,1.2431080031092279,136956.09367900033,51.88295318127251
1781535692,180,GET,/api/products [GET],41.800000,0.000000,2,14,350,540,1200,1500,1800,1900,3100,3100,3100,9007,22,35,384.41781447316873,0.8254990025307052,136776.4473399984,119.70689463750416
1781535692,180,,Aggregated,101.300000,0.000000,10,79,660,930,1800,2400,3300,3500,6300,6300,6300,22305,54,77,601.6614073302737,0.8254990025307052,136956.09367900033,77.189553911679
1781535693,180,GET,/api/load/cpu [GET],30.200000,0.000000,23,150,1300,1600,2400,2700,3400,3900,4200,4200,4200,6666,17,220.0,875.254638469527,1.4693439989059698,69234.25248000058,44.88523852385239
1781535693,180,GET,/api/load/memory [GET],29.200000,0.000000,10,290,850,1100,1700,1900,2900,3400,3500,3500,3500,6693,15,81,622.7388154344915,1.2431080031092279,136956.09367900033,51.883460331689825
1781535693,180,GET,/api/products [GET],43.400000,0.000000,2,17,360,550,1100,1500,1800,1900,2100,2100,2100,9040,22,35,383.62952034489166,0.8254990025307052,136776.4473399984,119.70796460176992
1781535693,180,,Aggregated,102.800000,0.000000,11,83,660,890,1600,2100,2800,3300,4200,4200,4200,22399,54,76,601.3861857966315,0.8254990025307052,136956.09367900033,77.17402562614403
1781535694,180,GET,/api/load/cpu [GET],30.300000,0.000000,26,160,1300,1700,2400,2700,3400,3900,4200,4200,4200,6701,17,220.0,873.1612073130664,1.4693439989059698,69234.25248000058,44.88583793463662
1781535694,180,GET,/api/load/memory [GET],29.600000,0.000000,11,380,880,1100,1700,1900,2900,3400,3500,3500,3500,6719,15,80,621.9440223618183,1.2431080031092279,136956.09367900033,51.88391129632386
1781535694,180,GET,/api/products [GET],45.800000,0.000000,2,14,340,580,1200,1600,1800,1900,2100,2100,2100,9086,22,34,383.6115905515966,0.8254990025307052,136776.4473399984,119.70944309927361
1781535694,180,,Aggregated,105.700000,0.000000,11,87,720,1000,1700,2100,2900,3300,4200,4200,4200,22506,54,75,600.5238624458251,0.8254990025307052,136956.09367900033,77.18244023815872
1781535695,180,GET,/api/load/cpu [GET],29.400000,0.000000,29,210,1400,1700,2400,2700,3300,3700,4200,4200,4200,6740,17,220.0,873.9951900830641,1.4693439989059698,69234.25248000058,44.88649851632047
1781535695,180,GET,/api/load/memory [GET],30.300000,0.000000,11,530,920,1100,1600,1900,2900,3400,3500,3500,3500,6753,15,79,620.929087504524,1.2431080031092279,136956.09367900033,51.884495779653484
1781535695,180,GET,/api/products [GET],43.500000,0.000000,2,20,350,620,1200,1500,1800,1900,2100,2100,2100,9124,22,33,382.75726951225454,0.8254990025307052,136776.4473399984,119.71065322227093
1781535695,180,,Aggregated,103.200000,0.000000,12,120,750,1100,1700,2100,2900,3300,4000,4200,4200,22617,54,75,600.2625916835891,0.8254990025307052,136956.09367900033,77.16102931423265
1781535696,180,GET,/api/load/cpu [GET],30.600000,0.000000,30,210,1400,1700,2400,2700,3100,3900,4200,4200,4200,6768,17,210.0,872.4328413733523,1.4693439989059698,69234.25248000058,44.88696808510638
1781535696,180,GET,/api/load/memory [GET],30.300000,0.000000,12,440,880,1100,1600,1900,2900,3300,3500,3500,3500,6787,15,78,620.0706007095982,1.2431080031092279,136956.09367900033,51.88507440695447
1781535696,180,GET,/api/products [GET],44.600000,0.000000,2,9,140,450,1100,1500,1800,1900,2600,2600,2600,9162,22,33,382.3601197220943,0.8254990025307052,136776.4473399984,119.71185330713818
1781535696,180,,Aggregated,105.500000,0.000000,11,76,730,980,1700,2200,2700,3000,4200,4200,4200,22717,54,74,599.3849563905773,0.8254990025307052,136956.09367900033,77.15539023638685
1781535697,180,GET,/api/load/cpu [GET],31.200000,0.000000,26,210,1400,1700,2300,2700,3200,3700,4200,4200,4200,6804,17,210.0,871.7589987604143,1.4693439989059698,69234.25248000058,44.88756613756614
1781535697,180,GET,/api/load/memory [GET],30.500000,0.000000,10,110,750,990,1500,1800,2300,2500,3000,3000,3000,6823,15,77,618.4922080558464,1.2431080031092279,136956.09367900033,51.88568078557819
1781535697,180,GET,/api/products [GET],44.000000,0.000000,2,14,330,550,1200,1500,1800,1900,2600,2600,2600,9196,22,33,382.08995042353484,0.8254990025307052,136776.4473399984,119.71291866028709
1781535697,180,,Aggregated,105.700000,0.000000,11,75,730,990,1600,2100,2700,3100,4200,4200,4200,22823,54,73,598.7433618378715,0.8254990025307052,136956.09367900033,77.12881742102265
1781535698,180,GET,/api/load/cpu [GET],32.100000,0.000000,30,560,1500,1700,2300,2700,3100,3200,3900,3900,3900,6834,17,210.0,871.9882235045125,1.4693439989059698,69234.25248000058,44.88805970149254
1781535698,180,GET,/api/load/memory [GET],31.600000,0.000000,10,140,750,950,1500,1900,2400,2700,3700,3700,3700,6853,15,77,618.3073343964736,1.2431080031092279,136956.09367900033,51.886181234495844
1781535698,180,GET,/api/products [GET],44.500000,0.000000,2,10,99,420,1000,1300,1700,1900,2600,2600,2600,9240,22,32,380.984132068811,0.8254990025307052,136776.4473399984,119.71428571428571
1781535698,180,,Aggregated,108.200000,0.000000,11,72,620,890,1600,2100,2600,2900,3900,3900,3900,22927,54,73,598.2780591601481,0.8254990025307052,136956.09367900033,77.13617132638375
1781535699,180,GET,/api/load/cpu [GET],31.800000,0.000000,34,460,1400,1700,2400,2700,3100,3300,3900,3900,3900,6869,17,210.0,871.6257857063407,1.4693439989059698,69234.25248000058,44.88863007715825
1781535699,180,GET,/api/load/memory [GET],32.300000,0.000000,10,160,710,890,1500,1900,2400,2700,3700,3700,3700,6887,15,77,617.3459679271142,1.2431080031092279,136956.09367900033,51.886743139247855
1781535699,180,GET,/api/products [GET],42.100000,0.000000,2,14,140,420,910,1300,1700,1900,2600,2600,2600,9274,22,32,380.252730259414,0.8254990025307052,136776.4473399984,119.71533318956222
1781535699,180,,Aggregated,106.200000,0.000000,12,85,600,870,1600,2100,2600,3100,3900,3900,3900,23030,54,73,597.71268013707,0.8254990025307052,136956.09367900033,77.11350412505428
1781535700,180,GET,/api/load/cpu [GET],33.100000,0.000000,36,730,1500,1800,2500,2800,3200,3700,4000,4000,4000,6891,17,210.0,872.0464453459371,1.4693439989059698,69234.25248000058,44.88898563343491
1781535700,180,GET,/api/load/memory [GET],32.000000,0.000000,10,97,750,970,1500,1900,2400,2600,3700,3700,3700,6922,15,76,616.8199258864543,1.2431080031092279,136956.09367900033,51.887315804680725
1781535700,180,GET,/api/products [GET],42.100000,0.000000,2,10,64,340,930,1300,1700,1900,2600,2600,2600,9305,22,32,379.5020609497909,0.8254990025307052,136776.4473399984,119.7162815690489
1781535700,180,,Aggregated,107.200000,0.000000,11,74,600,950,1700,2300,2700,3100,4000,4000,4000,23118,54,72,597.3772064626146,0.8254990025307052,136956.09367900033,77.1024310061424
1781535701,180,GET,/api/load/cpu [GET],32.900000,0.000000,48,940,1700,2000,2600,3100,3600,3900,4700,4700,4700,6928,17,200.0,873.3451241233925,1.4693439989059698,69234.25248000058,44.88957852193995
1781535701,180,GET,/api/load/memory [GET],32.000000,0.000000,9,79,760,1100,1600,2000,2500,2600,3700,3700,3700,6959,15,75,615.639217157643,1.2431080031092279,136956.09367900033,51.88791493030608
1781535701,180,GET,/api/products [GET],39.700000,0.000000,2,11,68,480,1100,1500,1700,1900,2600,2600,2600,9346,22,31,379.58471050243816,0.8254990025307052,136776.4473399984,119.71752621442329
1781535701,180,,Aggregated,104.600000,0.000000,12,76,740,1100,1900,2500,2900,3300,4700,4700,4700,23233,54,71,597.5279574950596,0.8254990025307052,136956.09367900033,77.0870313777816
1781535702,180,GET,/api/load/cpu [GET],32.400000,0.000000,62,1100,1900,2100,2600,3100,3600,3900,4700,4700,4700,6966,17,210.0,873.5558088581479,1.4693439989059698,69234.25248000058,44.89018087855297
1781535702,180,GET,/api/load/memory [GET],32.300000,0.000000,10,74,790,1100,1700,2100,2500,2600,3700,3700,3700,6989,15,75,615.4647941986032,1.2431080031092279,136956.09367900033,51.88839605093719
1781535702,180,GET,/api/products [GET],39.500000,0.000000,3,15,100,490,1200,1500,1800,2200,2600,2600,2600,9375,22,31,379.52225089906943,0.8254990025307052,136776.4473399984,119.7184
1781535702,180,,Aggregated,104.200000,0.000000,14,100,830,1200,1900,2500,2900,3300,4700,4700,4700,23330,54,71,597.7151441636822,0.8254990025307052,136956.09367900033,77.0558508358337
1781535703,180,GET,/api/load/cpu [GET],32.600000,0.000000,59,920,1700,2000,2600,3100,3700,4000,4700,4700,4700,6996,17,200.0,870.9827914523798,1.4693439989059698,69234.25248000058,44.89065180102916
1781535703,180,GET,/api/load/memory [GET],33.200000,0.000000,11,110,790,1100,1600,2100,2500,2600,3700,3700,3700,7027,15,75,613.9867032138967,1.2431080031092279,136956.09367900033,51.88899957307528
1781535703,180,GET,/api/products [GET],38.200000,0.000000,3,48,200,480,1200,1500,1800,2200,2600,2600,2600,9434,22,31,378.7853668528504,0.8254990025307052,136776.4473399984,119.72016111935552
1781535703,180,,Aggregated,104.000000,0.000000,15,140,740,1100,1900,2400,2900,3300,4700,4700,4700,23457,54,71,596.0413234162396,0.8254990025307052,136956.09367900033,77.08227821119495
1781535704,180,GET,/api/load/cpu [GET],32.000000,0.000000,41,830,1500,1900,2600,2900,3500,3900,4700,4700,4700,7029,17,200.0,870.9260343530872,1.4693439989059698,69234.25248000058,44.89116517285532
1781535704,180,GET,/api/load/memory [GET],32.600000,0.000000,10,140,750,1000,1600,2100,2500,2600,3700,3700,3700,7057,15,74,613.1481408475352,1.2431080031092279,136956.09367900033,51.889471446790424
1781535704,180,GET,/api/products [GET],36.900000,0.000000,3,42,200,480,1100,1400,1800,2200,2600,2600,2600,9470,22,31,377.90435937801374,0.8254990025307052,136776.4473399984,119.72122492080254
1781535704,180,,Aggregated,101.500000,0.000000,15,150,720,1000,1900,2400,2900,3300,4700,4700,4700,23556,54,70,595.494982541125,0.8254990025307052,136956.09367900033,77.0709797928341
1781535705,180,GET,/api/load/cpu [GET],33.400000,0.000000,59,920,1500,1900,2600,3100,3600,4000,4700,4700,4700,7057,17,200.0,869.3688959472661,1.4693439989059698,69234.25248000058,44.8915969958906
1781535705,180,GET,/api/load/memory [GET],33.300000,0.000000,9,96,710,990,1500,2000,2500,2600,3700,3700,3700,7094,15,74,611.1797500531512,1.2431080031092279,136956.09367900033,51.89004792782633
1781535705,180,GET,/api/products [GET],38.100000,0.000000,4,80,350,550,1000,1300,1700,1900,2600,2600,2600,9528,22,31,377.8420522834596,0.8254990025307052,136776.4473399984,119.72292191435768
1781535705,180,,Aggregated,104.800000,0.000000,15,190,710,990,1700,2400,2900,3300,4700,4700,4700,23679,54,70,594.2364339597854,0.8254990025307052,136956.09367900033,77.09903289834875
1781535706,180,GET,/api/load/cpu [GET],31.500000,0.000000,59,830,1500,1900,2600,2900,3600,4000,4700,4700,4700,7086,17,200.0,867.2082447499098,1.4693439989059698,69234.25248000058,44.892040643522435
1781535706,180,GET,/api/load/memory [GET],33.600000,0.000000,9,97,730,980,1500,2000,2500,2600,3700,3700,3700,7127,15,73,609.6099436897795,1.2431080031092279,136956.09367900033,51.8905570366213
1781535706,180,GET,/api/products [GET],38.000000,0.000000,5,110,350,510,940,1300,1700,1800,2400,2400,2400,9572,22,31,377.23425836865925,0.8254990025307052,136776.4473399984,119.72419557041371
1781535706,180,,Aggregated,103.100000,0.000000,17,200,700,950,1700,2400,2800,3300,4700,4700,4700,23785,54,69,592.8364100096603,0.8254990025307052,136956.09367900033,77.1044355686357
1781535707,180,GET,/api/load/cpu [GET],32.300000,0.000000,41,700,1300,1800,2500,2900,3500,4000,4700,4700,4700,7117,17,200.0,866.5624699522058,1.4693439989059698,69234.25248000058,44.8925108894197
1781535707,180,GET,/api/load/memory [GET],33.600000,0.000000,10,96,710,990,1500,2000,2300,2500,2600,2600,2600,7164,15,72,608.9452372812741,1.2431080031092279,136956.09367900033,51.891122278056955
1781535707,180,GET,/api/products [GET],39.700000,0.000000,5,110,350,550,940,1200,1700,1800,2400,2400,2400,9608,22,30,376.53706247135676,0.8254990025307052,136776.4473399984,119.72522897585345
1781535707,180,,Aggregated,105.600000,0.000000,17,180,670,930,1600,2200,2800,3300,4700,4700,4700,23889,54,68,592.2213937275626,0.8254990025307052,136956.09367900033,77.08853447193269
1781535708,180,GET,/api/load/cpu [GET],31.000000,0.000000,41,830,1400,1900,2400,2900,3500,4000,4700,4700,4700,7148,17,200.0,866.6576375612538,1.4693439989059698,69234.25248000058,44.89297705651931
1781535708,180,GET,/api/load/memory [GET],33.200000,0.000000,9,75,650,980,1500,2000,2200,2500,2600,2600,2600,7201,15,71,607.9036870570823,1.2431080031092279,136956.09367900033,51.89168171087349
1781535708,180,GET,/api/products [GET],40.700000,0.000000,4,110,370,620,1000,1400,1700,1900,2400,2400,2400,9644,22,30,376.1196146906684,0.8254990025307052,136776.4473399984,119.72625466611365
1781535708,180,,Aggregated,104.900000,0.000000,15,180,700,960,1700,2100,2800,3100,4300,4700,4700,23993,54,68,591.8259829059624,0.8254990025307052,136956.09367900033,77.07277122494061
1781535709,180,GET,/api/load/cpu [GET],32.500000,0.000000,68,820,1400,1800,2400,2900,3300,4000,4700,4700,4700,7185,17,200.0,865.3803849881486,1.4693439989059698,69234.25248000058,44.89352818371608
1781535709,180,GET,/api/load/memory [GET],34.300000,0.000000,9,71,630,920,1500,1900,2100,2200,2600,2600,2600,7223,15,71,606.9709325769146,1.2431080031092279,136956.09367900033,51.89201162951682
1781535709,180,GET,/api/products [GET],40.200000,0.000000,5,140,410,680,1000,1300,1700,1800,2400,2400,2400,9697,22,30,376.0349816192454,0.8254990025307052,136776.4473399984,119.72775085077859
1781535709,180,,Aggregated,107.000000,0.000000,18,220,710,960,1600,2100,2700,3100,4300,4700,4700,24105,54,68,591.0939775525735,0.8254990025307052,136956.09367900033,77.09504252229827
1781535710,180,GET,/api/load/cpu [GET],31.000000,0.000000,49,480,1200,1500,2100,2500,2900,3100,3500,3500,3500,7217,17,200.0,864.7112449807204,1.4693439989059698,69234.25248000058,44.89400027712346
1781535710,180,GET,/api/load/memory [GET],34.400000,0.000000,10,75,630,890,1400,1700,2000,2200,2500,2500,2500,7251,15,69,605.8090061695044,1.2431080031092279,136956.09367900033,51.89242863053372
1781535710,180,GET,/api/products [GET],40.300000,0.000000,8,140,410,670,990,1300,1700,1900,2400,2400,2400,9733,22,30,375.4654478490512,0.8254990025307052,136776.4473399984,119.7287578341724
1781535710,180,,Aggregated,105.700000,0.000000,19,220,680,900,1500,2000,2400,2800,3300,3500,3500,24201,54,67,590.3783877804967,0.8254990025307052,136956.09367900033,77.08739308293046
1781535711,180,GET,/api/load/cpu [GET],30.900000,0.000000,38,390,1200,1500,2100,2500,3100,3300,3500,3500,3500,7242,17,200.0,862.8330994084293,1.4693439989059698,69234.25248000058,44.894366197183096
1781535711,180,GET,/api/load/memory [GET],34.400000,0.000000,9,66,610,910,1400,1700,2100,2200,2700,2700,2700,7295,15,67,604.6802003117293,1.2431080031092279,136956.09367900033,51.89307745030843
1781535711,180,GET,/api/products [GET],42.200000,0.000000,5,170,420,680,1000,1300,1700,1800,2400,2400,2400,9779,22,29,375.27129140759024,0.8254990025307052,136776.4473399984,119.73003374578178
1781535711,180,,Aggregated,107.500000,0.000000,17,210,670,930,1500,1900,2400,2800,3300,3500,3500,24316,54,66,589.3056969018253,0.8254990025307052,136956.09367900033,77.09018753084389
1781535712,180,GET,/api/load/cpu [GET],32.400000,0.000000,32,410,1300,1500,2100,2800,3300,3500,3700,3700,3700,7268,17,190.0,863.2268622224631,1.4693439989059698,69234.25248000058,44.89474408365437
1781535712,180,GET,/api/load/memory [GET],32.700000,0.000000,8,55,640,920,1500,1900,2200,2400,2700,2700,2700,7326,15,67,604.8149920653942,1.2431080031092279,136956.09367900033,51.893529893529895
1781535712,180,GET,/api/products [GET],42.900000,0.000000,3,75,350,620,960,1200,1700,1800,2300,2300,2300,9809,22,28,374.4951575214409,0.8254990025307052,136776.4473399984,119.73085941482312
1781535712,180,,Aggregated,108.000000,0.000000,14,110,650,920,1500,2000,2500,3100,3700,3700,3700,24403,54,65,589.1992978991029,0.8254990025307052,136956.09367900033,77.07687579395976
1781535713,180,GET,/api/load/cpu [GET],31.600000,0.000000,28,370,1400,1700,2500,3100,3500,3700,4000,4000,4000,7299,17,190.0,864.6433686625375,1.4693439989059698,69234.25248000058,44.895191122071516
1781535713,180,GET,/api/load/memory [GET],33.000000,0.000000,8,30,520,890,1600,2000,2400,2700,4200,4200,4200,7347,15,65,604.0606887028813,1.2431080031092279,136956.09367900033,51.893834218048184
1781535713,180,GET,/api/products [GET],42.800000,0.000000,2,35,340,620,960,1200,1700,2000,2300,2300,2300,9842,22,27,373.4685293232885,0.8254990025307052,136776.4473399984,119.73176183702499
1781535713,180,,Aggregated,107.400000,0.000000,12,68,620,920,1600,2200,2900,3300,4200,4200,4200,24488,54,64,589.0535402388026,0.8254990025307052,136956.09367900033,77.07260699117936
1781535714,180,GET,/api/load/cpu [GET],30.900000,0.000000,23,220,1300,1700,2400,3100,3500,3700,4000,4000,4000,7321,17,190.0,862.455965125237,1.4693439989059698,69234.25248000058,44.89550607840459
1781535714,180,GET,/api/load/memory [GET],33.900000,0.000000,8,30,610,1000,1600,2200,2900,3000,4200,4200,4200,7373,15,65,604.5420100504638,1.2431080031092279,136956.09367900033,51.894208598942086
1781535714,180,GET,/api/products [GET],43.800000,0.000000,2,13,250,530,1100,1400,2100,2600,3600,3600,3600,9884,22,27,373.9049324247061,0.8254990025307052,136776.4473399984,119.73290165924726
1781535714,180,,Aggregated,108.600000,0.000000,11,49,520,930,1700,2300,3000,3300,4200,4200,4200,24578,54,63,588.6160270514195,0.8254990025307052,136956.09367900033,77.09073154853934
1781535715,180,GET,/api/load/cpu [GET],30.500000,0.000000,23,210,1300,1800,2500,3100,3500,3800,4300,4300,4300,7352,17,190.0,861.1855777400515,1.4693439989059698,69234.25248000058,44.89594668117519
1781535715,180,GET,/api/load/memory [GET],32.500000,0.000000,8,35,730,1200,1900,2400,3000,4200,4400,4400,4400,7398,15,64,605.53837651069,1.2431080031092279,136956.09367900033,51.89456609894566
1781535715,180,GET,/api/products [GET],41.800000,0.000000,2,9,140,580,1200,1900,2800,3500,4100,4100,4100,9925,22,26,375.728293020231,0.8254990025307052,136776.4473399984,119.73400503778338
1781535715,180,,Aggregated,104.800000,0.000000,11,39,600,1000,1900,2600,3300,3700,4400,4400,4400,24675,54,63,589.2730530981478,0.8254990025307052,136956.09367900033,77.09629179331307
1781535716,180,GET,/api/load/cpu [GET],30.500000,0.000000,24,240,1600,2000,3100,3800,4400,4700,5000,5000,5000,7390,17,180.0,865.6970828614153,1.4693439989059698,69234.25248000058,44.89648173207036
1781535716,180,GET,/api/load/memory [GET],31.200000,0.000000,8,26,610,1200,2200,3000,4000,4300,4400,4400,4400,7431,15,64,607.0375830573394,1.2431080031092279,136956.09367900033,51.89503431570448
1781535716,180,GET,/api/products [GET],41.600000,0.000000,2,8,95,580,1300,2000,3300,3600,4100,4100,4100,9956,22,26,375.58326181757684,0.8254990025307052,136776.4473399984,119.73483326637204
1781535716,180,,Aggregated,103.300000,0.000000,10,42,580,1100,2200,3200,4000,4300,5000,5000,5000,24777,54,62,591.1815262824723,0.8254990025307052,136956.09367900033,77.06732049884974
1781535717,180,GET,/api/load/cpu [GET],29.400000,0.000000,21,120,1400,2000,3100,3800,4400,4700,5000,5000,5000,7415,17,180.0,863.6316595499459,1.4693439989059698,69234.25248000058,44.896830748482806
1781535717,180,GET,/api/load/memory [GET],30.900000,0.000000,8,26,630,1200,2400,3100,4000,4300,4400,4400,4400,7466,15,63,606.3619263836163,1.2431080031092279,136956.09367900033,51.89552638628449
1781535717,180,GET,/api/products [GET],40.000000,0.000000,2,8,210,690,1400,2300,3400,3600,4100,4100,4100,10005,22,26,376.47550770292855,0.8254990025307052,136776.4473399984,119.73613193403298
1781535717,180,,Aggregated,100.300000,0.000000,10,39,480,1100,2400,3300,4000,4300,5000,5000,5000,24886,54,62,590.5956904488788,0.8254990025307052,136956.09367900033,77.08438479466366
1781535718,180,GET,/api/load/cpu [GET],30.300000,0.000000,20,77,1400,2000,3400,3900,4400,4700,5000,5000,5000,7449,17,180.0,864.4451654570878,1.4693439989059698,69234.25248000058,44.897301651228354
1781535718,180,GET,/api/load/memory [GET],30.300000,0.000000,8,26,850,1200,2400,3100,4000,4300,4400,4400,4400,7499,15,62,605.9056024316678,1.2431080031092279,136956.09367900033,51.8959861314842
1781535718,180,GET,/api/products [GET],37.900000,0.000000,2,4,54,470,1400,2500,3400,3600,4100,4100,4100,10036,22,26,375.587414067636,0.8254990025307052,136776.4473399984,119.736946990833
1781535718,180,,Aggregated,98.500000,0.000000,10,25,340,1100,2400,3400,4000,4300,5000,5000,5000,24984,54,61,590.4712391013363,0.8254990025307052,136956.09367900033,77.06083893691962
1781535719,180,GET,/api/load/cpu [GET],29.200000,0.000000,19,56,1300,2400,3400,4000,4600,4900,5000,5000,5000,7484,17,180.0,864.2618195638495,1.4693439989059698,69234.25248000058,44.897781934794224
1781535719,180,GET,/api/load/memory [GET],29.500000,0.000000,8,26,910,1300,2400,3100,4000,4300,4400,4400,4400,7534,15,61,605.0135240458048,1.2431080031092279,136956.09367900033,51.896469338996546
1781535719,180,GET,/api/products [GET],39.100000,0.000000,2,5,150,640,1500,2500,3400,3600,4100,4100,4100,10080,22,25,375.660496095119,0.8254990025307052,136776.4473399984,119.73809523809524
1781535719,180,,Aggregated,97.800000,0.000000,10,25,510,1200,2500,3400,4000,4400,5000,5000,5000,25098,54,60,590.2050023275084,0.8254990025307052,136956.09367900033,77.05645868196669
1781535720,180,GET,/api/load/cpu [GET],29.500000,0.000000,18,52,1600,2500,3400,3900,4600,4900,5000,5000,5000,7518,17,180.0,863.5899904594096,1.4693439989059698,69234.25248000058,44.89824421388667
1781535720,180,GET,/api/load/memory [GET],29.300000,0.000000,8,21,850,1200,2400,3200,4000,4300,4400,4400,4400,7556,15,60,604.2918635611557,1.2431080031092279,136956.09367900033,51.89677077818952
1781535720,180,GET,/api/products [GET],39.000000,0.000000,2,3,21,400,1600,2600,3400,3600,4100,4100,4100,10116,22,25,375.21537383845464,0.8254990025307052,136776.4473399984,119.73902728351126
1781535720,180,,Aggregated,97.800000,0.000000,10,21,300,1100,2600,3400,4000,4400,5000,5000,5000,25190,54,59,589.6854938901076,0.8254990025307052,136956.09367900033,77.0526796347757
1781535721,180,GET,/api/load/cpu [GET],30.200000,0.000000,20,100,1900,2500,3400,3900,4600,4900,5000,5000,5000,7541,17,180.0,863.935647482407,1.4693439989059698,69234.25248000058,44.898554568359636
1781535721,180,GET,/api/load/memory [GET],29.700000,0.000000,8,26,780,1100,2400,3300,4000,4300,4400,4400,4400,7591,15,60,604.047671626278,1.2431080031092279,136956.09367900033,51.89724673956
1781535721,180,GET,/api/products [GET],38.600000,0.000000,2,5,75,640,1500,2500,3400,3600,4100,4100,4100,10177,22,25,374.75596278361013,0.8254990025307052,136776.4473399984,119.74059152992041
1781535721,180,,Aggregated,98.500000,0.000000,10,28,640,1200,2600,3400,4000,4400,5000,5000,5000,25309,54,59,589.2827067931881,0.8254990025307052,136956.09367900033,77.09241771701767
1781535722,180,GET,/api/load/cpu [GET],29.100000,0.000000,18,71,1200,2000,3300,3800,4600,4900,5000,5000,5000,7576,17,170.0,861.6176687968356,1.4693439989059698,69234.25248000058,44.8990232312566
1781535722,180,GET,/api/load/memory [GET],31.200000,0.000000,9,54,810,1200,2300,3200,4000,4300,4400,4400,4400,7620,15,60,603.4406256641817,1.2431080031092279,136956.09367900033,51.89763779527559
1781535722,180,GET,/api/products [GET],38.100000,0.000000,2,9,300,680,1500,2400,3400,3600,4100,4100,4100,10217,22,24,374.24155461141333,0.8254990025307052,136776.4473399984,119.74160712537928
1781535722,180,,Aggregated,98.400000,0.000000,10,38,640,1100,2400,3300,4000,4400,5000,5000,5000,25413,54,58,588.2602994463776,0.8254990025307052,136956.09367900033,77.08712076496282
1781535723,180,GET,/api/load/cpu [GET],29.900000,0.000000,20,77,1200,1900,3200,3800,4600,4900,5000,5000,5000,7607,17,170.0,859.2337161564138,1.4693439989059698,69234.25248000058,44.89943473116866
1781535723,180,GET,/api/load/memory [GET],29.100000,0.000000,9,65,780,1100,2200,3100,4000,4300,4400,4400,4400,7650,15,59,602.4008246053695,1.2431080031092279,136956.09367900033,51.898039215686275
1781535723,180,GET,/api/products [GET],38.700000,0.000000,2,14,210,640,1300,2000,3300,3600,4100,4100,4100,10271,22,24,373.3705041915869,0.8254990025307052,136776.4473399984,119.74296563138935
1781535723,180,,Aggregated,97.700000,0.000000,10,51,550,1000,2200,3300,4000,4400,5000,5000,5000,25528,54,58,586.7849277493267,0.8254990025307052,136956.09367900033,77.10944844876214
1781535724,180,GET,/api/load/cpu [GET],30.100000,0.000000,21,100,1300,2000,3200,3800,4600,4900,5000,5000,5000,7631,17,170.0,858.1146360775577,1.4693439989059698,69234.25248000058,44.89975101559428
1781535724,180,GET,/api/load/memory [GET],29.100000,0.000000,11,100,800,1200,2200,2800,3900,4100,4400,4400,4400,7695,15,58,601.8075566622587,1.2431080031092279,136956.09367900033,51.89863547758284
1781535724,180,GET,/api/products [GET],39.600000,0.000000,2,48,400,620,1200,1600,2600,3100,4100,4100,4100,10316,22,24,372.9436577326278,0.8254990025307052,136776.4473399984,119.7440868553703
1781535724,180,,Aggregated,98.800000,0.000000,11,73,600,970,2000,3100,4000,4300,4900,5000,5000,25642,54,58,586.0100112937301,0.8254990025307052,136956.09367900033,77.11059979720771
1781535725,180,GET,/api/load/cpu [GET],30.400000,0.000000,21,87,1000,1700,2900,3500,4100,4700,4900,4900,4900,7659,17,170.0,857.3299041492146,1.4693439989059698,69234.25248000058,44.90011750881316
1781535725,180,GET,/api/load/memory [GET],30.100000,0.000000,11,100,750,1100,1700,2400,3100,3600,4400,4400,4400,7728,15,58,601.1727216734051,1.2431080031092279,136956.09367900033,51.899068322981364
1781535725,180,GET,/api/products [GET],42.000000,0.000000,2,45,380,620,1100,1500,2000,2600,3600,3600,3600,10348,22,24,372.3503012610929,0.8254990025307052,136776.4473399984,119.74487823734054
1781535725,180,,Aggregated,102.500000,0.000000,11,71,550,930,1700,2600,3400,3900,4900,4900,4900,25735,54,57,585.3986184737056,0.8254990025307052,136956.09367900033,77.09679424907713
1781535726,180,GET,/api/load/cpu [GET],30.000000,0.000000,22,100,930,1600,2500,3400,3900,4100,4900,4900,4900,7698,17,170.0,856.070097143523,1.4693439989059698,69234.25248000058,44.90062353858145
1781535726,180,GET,/api/load/memory [GET],31.400000,0.000000,12,120,800,1100,1700,2000,2500,2700,4100,4100,4100,7755,15,58,600.7972042911773,1.2431080031092279,136956.09367900033,51.89941972920696
1781535726,180,GET,/api/products [GET],42.700000,0.000000,3,59,390,620,1000,1400,1700,2000,3600,3600,3600,10396,22,24,372.1685367698929,0.8254990025307052,136776.4473399984,119.7460561754521
1781535726,180,,Aggregated,104.100000,0.000000,12,76,550,870,1600,2200,3200,3600,4600,4900,4900,25849,54,57,584.8688164087135,0.8254990025307052,136956.09367900033,77.10182212077837
1781535727,180,GET,/api/load/cpu [GET],30.200000,0.000000,21,160,1300,1700,2600,3300,3800,4100,4900,4900,4900,7735,17,170.0,856.5335585981704,1.4693439989059698,69234.25248000058,44.9010989010989
1781535727,180,GET,/api/load/memory [GET],32.300000,0.000000,12,170,920,1200,1700,2200,2500,2500,3400,3400,3400,7787,15,57,600.4497969884513,1.2431080031092279,136956.09367900033,51.89983305509182
1781535727,180,GET,/api/products [GET],43.300000,0.000000,3,59,380,620,1000,1300,1600,1700,2700,2700,2700,10448,22,24,371.7085535784667,0.8254990025307052,136776.4473399984,119.74732006125575
1781535727,180,,Aggregated,105.800000,0.000000,12,85,620,960,1700,2200,3200,3400,4600,4900,4900,25970,54,56,584.6977517402328,0.8254990025307052,136956.09367900033,77.11105121293801
1781535728,180,GET,/api/load/cpu [GET],31.300000,0.000000,19,110,990,1500,2200,2900,3600,3800,4100,4100,4100,7771,17,170.0,855.425258373552,1.4693439989059698,69234.25248000058,44.90155707116201
1781535728,180,GET,/api/load/memory [GET],32.500000,0.000000,12,190,850,1100,1600,2100,2500,2500,3400,3400,3400,7817,15,57,599.4731657178028,1.2431080031092279,136956.09367900033,51.90021747473455
1781535728,180,GET,/api/products [GET],43.500000,0.000000,3,48,300,560,970,1300,1600,1700,2700,2700,2700,10487,22,23,370.700771306648,0.8254990025307052,136776.4473399984,119.74825975016687
1781535728,180,,Aggregated,107.300000,0.000000,11,81,560,890,1500,2200,2700,3300,3900,4100,4100,26075,54,56,583.7442150692181,0.8254990025307052,136956.09367900033,77.10197507190796
1781535729,180,GET,/api/load/cpu [GET],31.800000,0.000000,23,160,940,1400,2100,2700,3300,3800,4100,4100,4100,7813,17,160.0,852.613094145125,1.4693439989059698,69234.25248000058,44.902086266478946
1781535729,180,GET,/api/load/memory [GET],31.900000,0.000000,13,170,650,1000,1600,2100,2500,2700,3400,3400,3400,7849,15,57,598.1461600680427,1.2431080031092279,136956.09367900033,51.9006242833482
1781535729,180,GET,/api/products [GET],42.500000,0.000000,3,69,380,600,930,1200,1500,1700,2700,2700,2700,10536,22,23,370.09323654259987,0.8254990025307052,136776.4473399984,119.749430523918
1781535729,180,,Aggregated,106.200000,0.000000,14,110,550,820,1500,2000,2700,3200,3900,4100,4100,26198,54,56,582.3199349241497,0.8254990025307052,136956.09367900033,77.10008397587602
1781535730,180,GET,/api/load/cpu [GET],32.000000,0.000000,23,150,840,1300,2100,2700,3300,3800,4100,4100,4100,7847,17,160.0,851.2708826536063,1.4693439989059698,69234.25248000058,44.90251051357207
1781535730,180,GET,/api/load/memory [GET],32.400000,0.000000,13,190,680,1000,1500,1800,2200,2500,2700,2700,2700,7883,15,56,597.195653461635,1.2431080031092279,136956.09367900033,51.90105289864265
1781535730,180,GET,/api/products [GET],45.200000,0.000000,3,70,390,600,930,1100,1500,1700,1900,1900,1900,10576,22,23,369.4842179024048,0.8254990025307052,136776.4473399984,119.75037821482601
1781535730,180,,Aggregated,109.600000,0.000000,15,110,550,810,1400,1900,2500,2900,3900,4100,4100,26306,54,55,581.43697411073,0.8254990025307052,136956.09367900033,77.09138599559036
1781535731,180,GET,/api/load/cpu [GET],32.000000,0.000000,22,140,620,1100,2000,2600,3300,3800,4100,4100,4100,7885,17,160.0,848.4371628534996,1.4693439989059698,69234.25248000058,44.90298034242232
1781535731,180,GET,/api/load/memory [GET],31.700000,0.000000,14,180,630,940,1400,1800,2200,2500,2700,2700,2700,7907,15,57,596.4074039672539,1.2431080031092279,136956.09367900033,51.901353231314026
1781535731,180,GET,/api/products [GET],45.200000,0.000000,6,110,440,600,900,1200,1500,1500,1900,1900,1900,10642,22,23,369.3805772991761,0.8254990025307052,136776.4473399984,119.75192632963729
1781535731,180,,Aggregated,108.900000,0.000000,17,120,520,710,1300,1800,2500,2900,3900,4100,4100,26434,54,55,580.1872011760182,0.8254990025307052,136956.09367900033,77.12960581069834
1781535732,180,GET,/api/load/cpu [GET],32.400000,0.000000,33,270,840,1300,2000,2600,3300,3800,4100,4100,4100,7926,17,160.0,847.6535519117896,1.4693439989059698,69234.25248000058,44.90348221044663
1781535732,180,GET,/api/load/memory [GET],31.700000,0.000000,14,170,610,920,1400,1800,2200,2500,2700,2700,2700,7945,15,56,594.336451628455,1.2431080031092279,136956.09367900033,51.901825047199495
1781535732,180,GET,/api/products [GET],45.400000,0.000000,6,86,400,550,850,1100,1400,1500,1900,1900,1900,10683,22,23,368.4064473001806,0.8254990025307052,136776.4473399984,119.75287840494244
1781535732,180,,Aggregated,109.500000,0.000000,19,150,520,710,1400,1800,2500,3100,3900,4100,4100,26554,54,55,579.0536731621924,0.8254990025307052,136956.09367900033,77.11022821420502
1781535733,180,GET,/api/load/cpu [GET],33.500000,0.000000,26,270,810,1100,1900,2500,3200,3800,4100,4100,4100,7971,17,160.0,844.2292451142707,1.4693439989059698,69234.25248000058,44.90402709823109
1781535733,180,GET,/api/load/memory [GET],32.700000,0.000000,12,160,570,790,1300,1700,2100,2500,2500,2500,2500,7968,15,55,593.3517710288755,1.2431080031092279,136956.09367900033,51.90210843373494
1781535733,180,GET,/api/products [GET],45.200000,0.000000,6,86,380,520,860,1100,1400,1500,1900,1900,1900,10733,22,23,367.4404299806977,0.8254990025307052,136776.4473399984,119.75402962824933
1781535733,180,,Aggregated,111.400000,0.000000,17,150,510,690,1300,1800,2500,3100,3900,4100,4100,26672,54,55,577.4188796995678,0.8254990025307052,136956.09367900033,77.11480203959208
1781535734,180,GET,/api/load/cpu [GET],34.300000,0.000000,23,260,820,1100,1800,2500,3200,3800,4100,4100,4100,7996,17,160.0,842.6874147350982,1.4693439989059698,69234.25248000058,44.90432716358179
1781535734,180,GET,/api/load/memory [GET],32.600000,0.000000,10,130,570,780,1300,1600,1900,2200,2500,2500,2500,8004,15,54,591.7556884411655,1.2431080031092279,136956.09367900033,51.90254872563718
1781535734,180,GET,/api/products [GET],46.000000,0.000000,4,79,380,520,830,1100,1400,1500,1900,1900,1900,10774,22,23,366.81621768227393,0.8093379983620252,136776.4473399984,119.75496565806571
1781535734,180,,Aggregated,112.900000,0.000000,14,120,520,720,1200,1700,2200,2900,3900,4100,4100,26774,54,54,576.1790926949233,0.8093379983620252,136956.09367900033,77.11671771121237
1781535735,180,GET,/api/load/cpu [GET],35.100000,0.000000,19,260,860,1100,1800,2200,2800,3100,3700,3700,3700,8028,17,160.0,841.7793434949981,1.4693439989059698,69234.25248000058,44.90470852017937
1781535735,180,GET,/api/load/memory [GET],31.300000,0.000000,10,130,570,780,1200,1500,1800,2200,2500,2500,2500,8034,15,54,591.1796190327476,1.2431080031092279,136956.09367900033,51.90291262135922
1781535735,180,GET,/api/products [GET],45.000000,0.000000,2,59,370,510,830,1100,1400,1500,1900,1900,1900,10827,22,22,365.74499576575545,0.8093379983620252,136776.4473399984,119.7561651426988
1781535735,180,,Aggregated,111.400000,0.000000,12,110,520,720,1200,1600,2200,2500,3300,3700,3700,26889,54,53,575.2264010577891,0.8093379983620252,136956.09367900033,77.13499944215107
1781535736,179,GET,/api/load/cpu [GET],36.700000,0.000000,20,200,810,1000,1600,2100,2500,2800,3100,3100,3100,8058,17,150.0,839.362044920306,1.4693439989059698,69234.25248000058,44.90506329113924
1781535736,179,GET,/api/load/memory [GET],31.100000,0.000000,9,120,570,720,1100,1400,1600,2200,2500,2500,2500,8059,15,53,590.0936618691014,1.2431080031092279,136956.09367900033,51.90321379823799
1781535736,179,GET,/api/products [GET],45.800000,0.000000,2,69,370,510,800,1000,1300,1400,2000,2000,2000,10880,22,22,365.227097668735,0.8093379983620252,136776.4473399984,119.75735294117646
1781535736,179,,Aggregated,113.600000,0.000000,12,110,480,680,1100,1500,2000,2400,2900,3100,3100,26997,54,52,573.8717265476484,0.8093379983620252,136956.09367900033,77.1601659443642
1781535737,176,GET,/api/load/cpu [GET],36.500000,0.000000,22,260,890,1100,1800,2300,2700,2900,3200,3200,3200,8108,17,150.0,840.1819079598957,1.4693439989059698,69234.25248000058,44.90564874198323
1781535737,176,GET,/api/load/memory [GET],30.300000,0.000000,9,100,470,680,1100,1400,1500,1600,1800,1800,1800,8082,15,53,589.172282025748,1.2431080031092279,136956.09367900033,51.90348923533779
1781535737,176,GET,/api/products [GET],45.500000,0.000000,2,69,370,520,790,1000,1300,1400,2000,2000,2000,10924,22,21,364.80578650016827,0.8093379983620252,136776.4473399984,119.758330281948
1781535737,176,,Aggregated,112.300000,0.000000,13,110,510,690,1100,1500,2100,2500,3100,3200,3200,27114,54,52,573.837268746732,0.8093379983620252,136956.09367900033,77.14903739765435
1781535738,173,GET,/api/load/cpu [GET],35.800000,0.000000,22,300,940,1100,1800,2400,2800,2900,3200,3200,3200,8141,17,150.0,838.7705161091802,1.4693439989059698,69234.25248000058,44.90603120009827
1781535738,173,GET,/api/load/memory [GET],30.600000,0.000000,9,77,430,690,1100,1400,1600,1700,1800,1800,1800,8123,15,52,587.3422519794517,1.2431080031092279,136956.09367900033,51.90397636341253
1781535738,173,GET,/api/products [GET],47.800000,0.000000,2,51,260,480,780,1000,1300,1400,2000,2000,2000,10965,22,21,363.8333827819272,0.8093379983620252,136776.4473399984,119.75923392612859
1781535738,173,,Aggregated,114.200000,0.000000,12,92,470,700,1100,1500,2000,2600,3100,3200,3200,27229,54,51,572.5089032530717,0.8093379983620252,136956.09367900033,77.1367292225201
1781535739,171,GET,/api/load/cpu [GET],35.800000,0.000000,20,300,960,1200,1800,2400,2800,2900,3200,3200,3200,8169,17,150.0,837.5514988985,1.4693439989059698,69234.25248000058,44.906353286816014
1781535739,171,GET,/api/load/memory [GET],30.100000,0.000000,8,71,520,780,1100,1400,1600,1700,1800,1800,1800,8149,15,52,586.7394449730131,1.2431080031092279,136956.09367900033,51.9042827340778
1781535739,171,GET,/api/products [GET],49.000000,0.000000,2,78,400,520,800,1000,1300,1400,2000,2000,2000,11023,22,21,363.7128906098005,0.8093379983620252,136776.4473399984,119.76050077111495
1781535739,171,,Aggregated,114.900000,0.000000,12,110,520,750,1100,1600,2000,2600,3100,3200,3200,27341,54,51,571.7605473383891,0.8093379983620252,136956.09367900033,77.1708423247138
1781535740,168,GET,/api/load/cpu [GET],36.900000,0.000000,21,360,960,1100,1800,2100,2800,2900,3200,3200,3200,8206,17,150.0,835.5356334174813,1.4693439989059698,69234.25248000058,44.90677553009993
1781535740,168,GET,/api/load/memory [GET],29.900000,0.000000,9,56,470,680,980,1400,1500,1700,1800,1800,1800,8185,15,51,585.2190092612203,1.2431080031092279,136956.09367900033,51.90470372632865
1781535740,168,GET,/api/products [GET],46.900000,0.000000,2,72,310,460,780,990,1200,1400,2000,2000,2000,11060,22,20,362.8246641796416,0.8093379983620252,136776.4473399984,119.76130198915008
1781535740,168,,Aggregated,113.700000,0.000000,12,100,480,700,1100,1500,2000,2500,3100,3200,3200,27451,54,51,570.4442018306769,0.8093379983620252,136956.09367900033,77.15219846271539
1781535741,165,GET,/api/load/cpu [GET],36.200000,0.000000,20,520,980,1100,1700,2000,2700,2800,3200,3200,3200,8228,17,150.0,834.3502006316064,1.4693439989059698,69234.25248000058,44.90702479338843
1781535741,165,GET,/api/load/memory [GET],30.500000,0.000000,8,20,470,630,980,1400,1500,1700,1800,1800,1800,8222,15,50,583.4776073809405,1.2431080031092279,136956.09367900033,51.905132571150574
1781535741,165,GET,/api/products [GET],47.500000,0.000000,2,34,310,450,770,940,1100,1200,2000,2000,2000,11102,22,20,362.0120792512016,0.8093379983620252,136776.4473399984,119.76220500810665
1781535741,165,,Aggregated,114.200000,0.000000,10,61,480,690,1100,1500,2000,2500,2900,3200,3200,27552,54,50,569.1581171069221,0.8093379983620252,136956.09367900033,77.15806475029036
1781535742,163,GET,/api/load/cpu [GET],36.300000,0.000000,20,620,990,1200,1700,2100,2700,2800,3200,3200,3200,8264,17,150.0,833.1008765354379,1.4693439989059698,69234.25248000058,44.9074298160697
1781535742,163,GET,/api/load/memory [GET],29.900000,0.000000,8,24,530,760,1000,1400,1500,1700,1800,1800,1800,8249,15,49,582.6524126764542,1.2431080031092279,136956.09367900033,51.90544308401018
1781535742,163,GET,/api/products [GET],49.400000,0.000000,2,51,370,480,780,940,1100,1200,2000,2000,2000,11148,22,20,361.49906146823173,0.8093379983620252,136776.4473399984,119.76318622174381
1781535742,163,,Aggregated,115.600000,0.000000,10,79,530,750,1100,1500,1900,2500,2900,3200,3200,27661,54,50,568.3466589459852,0.8093379983620252,136956.09367900033,77.1629008351108
1781535743,160,GET,/api/load/cpu [GET],34.900000,0.000000,20,600,1000,1200,1700,2100,2700,2800,3200,3200,3200,8295,17,150.0,831.0306405046232,1.4693439989059698,69234.25248000058,44.90777576853526
1781535743,160,GET,/api/load/memory [GET],30.200000,0.000000,8,19,500,740,1100,1400,1500,1700,1800,1800,1800,8277,15,49,581.5607040064112,1.2431080031092279,136956.09367900033,51.90576295759333
1781535743,160,GET,/api/products [GET],47.700000,0.000000,2,13,310,470,780,940,1100,1200,2000,2000,2000,11182,22,19,360.72793468886283,0.8093379983620252,136776.4473399984,119.7639062779467
1781535743,160,,Aggregated,112.800000,0.000000,10,60,520,760,1100,1500,2000,2500,2900,3200,3200,27754,54,49,567.148406562582,0.8093379983620252,136956.09367900033,77.15406788210709
1781535744,157,GET,/api/load/cpu [GET],34.300000,0.000000,19,160,990,1200,1700,2000,2700,2800,3200,3200,3200,8319,17,140.0,829.032606367933,1.4693439989059698,69234.25248000058,44.90804183195095
1781535744,157,GET,/api/load/memory [GET],30.500000,0.000000,8,20,490,680,1000,1400,1500,1500,1800,1800,1800,8306,15,48,580.5667305213187,1.2431080031092279,136956.09367900033,51.90609198169997
1781535744,157,GET,/api/products [GET],45.800000,0.000000,2,87,400,500,800,940,1100,1200,2000,2000,2000,11219,22,19,360.4180168638805,0.8093379983620252,136776.4473399984,119.76468490952848
1781535744,157,,Aggregated,110.600000,0.000000,10,66,510,730,1100,1500,1900,2500,2900,3200,3200,27844,54,49,566.0982347105627,0.8093379983620252,136956.09367900033,77.15708949863526
1781535745,155,GET,/api/load/cpu [GET],33.200000,0.000000,19,160,980,1200,1700,2000,2800,2800,3200,3200,3200,8347,17,140.0,827.6066371524897,1.4693439989059698,69234.25248000058,44.908350305498985
1781535745,155,GET,/api/load/memory [GET],30.500000,0.000000,8,20,500,680,1000,1400,1500,1800,2100,2100,2100,8336,15,48,579.7878734573031,1.2431080031092279,136956.09367900033,51.90642994241843
1781535745,155,GET,/api/products [GET],46.000000,0.000000,2,64,380,470,810,970,1100,1300,2000,2000,2000,11253,22,19,359.9631983266572,0.8093379983620252,136776.4473399984,119.76539589442815
1781535745,155,,Aggregated,109.700000,0.000000,10,64,500,720,1100,1500,1900,2600,3200,3200,3200,27936,54,48,565.2853015543354,0.8093379983620252,136956.09367900033,77.14998568155785
1781535746,152,GET,/api/load/cpu [GET],32.100000,0.000000,17,120,980,1200,1600,2100,2800,3000,3400,3400,3400,8371,17,140.0,827.4426650723736,1.4693439989059698,69234.25248000058,44.908613068928446
1781535746,152,GET,/api/load/memory [GET],30.400000,0.000000,8,19,530,700,1100,1400,1700,1900,2100,2100,2100,8354,15,47,579.2961549703239,1.2431080031092279,136956.09367900033,51.906631553746706
1781535746,152,GET,/api/products [GET],44.600000,0.000000,2,7,310,450,770,940,1100,1400,1700,1700,1700,11297,22,18,358.865460427978,0.8093379983620252,136776.4473399984,119.76630963972737
1781535746,152,,Aggregated,107.100000,0.000000,9,29,470,690,1100,1500,1900,2600,3400,3400,3400,28022,54,47,564.558765769678,0.8093379983620252,136956.09367900033,77.17357790307615
1781535747,149,GET,/api/load/cpu [GET],32.600000,0.000000,14,42,840,1100,1500,2000,2900,3400,4000,4000,4000,8397,17,140.0,826.9750154944446,1.4693439989059698,69234.25248000058,44.90889603429796
1781535747,149,GET,/api/load/memory [GET],30.800000,0.000000,8,18,560,740,1100,1500,1900,2200,3100,3100,3100,8380,15,47,578.9431486893891,1.2431080031092279,136956.09367900033,51.90692124105012
1781535747,149,GET,/api/products [GET],44.200000,0.000000,2,7,310,450,810,1000,1600,1700,2100,2100,2100,11337,22,17,358.911988168727,0.8093379983620252,136776.4473399984,119.76713416247685
1781535747,149,,Aggregated,107.600000,0.000000,9,24,450,640,1100,1500,2000,2700,4000,4000,4000,28114,54,46,564.2967205304444,0.8093379983620252,136956.09367900033,77.18147542149819
1781535748,147,GET,/api/load/cpu [GET],31.100000,0.000000,14,36,810,1100,1600,2100,3200,3400,4500,4500,4500,8416,17,130.0,826.3810449298772,1.4693439989059698,69234.25248000058,44.909101711026615
1781535748,147,GET,/api/load/memory [GET],30.100000,0.000000,7,17,580,740,1300,1500,2100,2500,3300,3300,3300,8400,15,46,578.7525695262002,1.2431080031092279,136956.09367900033,51.90714285714286
1781535748,147,GET,/api/products [GET],41.800000,0.000000,2,4,220,420,830,1100,1600,1900,2100,2100,2100,11369,22,17,358.570131748778,0.8093379983620252,136776.4473399984,119.76778960330724
1781535748,147,,Aggregated,103.000000,0.000000,9,20,390,630,1200,1600,2100,2900,4500,4500,4500,28185,54,46,563.8789528473269,0.8093379983620252,136956.09367900033,77.19052687599788
1781535749,144,GET,/api/load/cpu [GET],30.200000,0.000000,13,29,810,1100,1900,3000,3600,4500,5700,5700,5700,8440,17,130.0,827.7348295916879,1.4693439989059698,69234.25248000058,44.90936018957346
1781535749,144,GET,/api/load/memory [GET],29.700000,0.000000,7,13,480,730,1400,1800,2500,3300,5000,5000,5000,8427,15,46,579.0844782479029,1.2431080031092279,136956.09367900033,51.90744037023852
1781535749,144,GET,/api/products [GET],41.800000,0.000000,2,3,16,380,810,1100,1600,1900,2100,2100,2100,11403,22,16,357.6740751270587,0.8093379983620252,136776.4473399984,119.76848197842673
1781535749,144,,Aggregated,101.700000,0.000000,9,14,280,600,1300,1900,2900,3600,5700,5700,5700,28270,54,45,564.0107654270566,0.8093379983620252,136956.09367900033,77.1906261054121
1781535750,141,GET,/api/load/cpu [GET],28.500000,0.000000,13,29,980,1300,2700,3400,4000,4700,5700,5700,5700,8470,17,130.0,829.1105445159196,1.4693439989059698,69234.25248000058,44.90968122786305
1781535750,141,GET,/api/load/memory [GET],28.900000,0.000000,7,14,730,940,1700,2500,2900,3500,5000,5000,5000,8453,15,46,580.8690075185239,1.2431080031092279,136956.09367900033,51.90772506802319
1781535750,141,GET,/api/products [GET],40.900000,0.000000,2,3,25,440,970,1400,2000,2200,2800,2800,2800,11447,22,16,358.4423495146188,0.8093379983620252,136776.4473399984,119.76937188783087
1781535750,141,,Aggregated,98.300000,0.000000,9,15,440,800,1600,2500,3300,4000,5700,5700,5700,28370,54,45,565.2358691398616,0.8093379983620252,136956.09367900033,77.19989425449418
1781535751,139,GET,/api/load/cpu [GET],27.200000,0.000000,12,29,890,1300,2700,3400,4000,4700,5700,5700,5700,8499,17,130.0,828.128402803134,1.4693439989059698,69234.25248000058,44.90998941051888
1781535751,139,GET,/api/load/memory [GET],27.800000,0.000000,8,15,700,910,1800,2500,3100,3500,5000,5000,5000,8476,15,45,579.7957230887307,1.2431080031092279,136956.09367900033,51.9079754601227
1781535751,139,GET,/api/products [GET],39.000000,0.000000,2,3,25,460,970,1400,2000,2200,2800,2800,2800,11482,22,16,357.9069881691215,0.8093379983620252,136776.4473399984,119.77007489984324
1781535751,139,,Aggregated,94.000000,0.000000,9,14,380,810,1600,2500,3300,4000,5700,5700,5700,28457,54,44,564.4340542742341,0.8093379983620252,136956.09367900033,77.19935341040869
1781535752,136,GET,/api/load/cpu [GET],26.800000,0.000000,14,32,1100,1400,2700,3400,4000,4700,5700,5700,5700,8529,17,130.0,826.9452237196443,1.4693439989059698,69234.25248000058,44.91030601477313
1781535752,136,GET,/api/load/memory [GET],27.100000,0.000000,7,14,690,940,1800,2500,3100,3500,5000,5000,5000,8496,15,45,579.0569821093545,1.2431080031092279,136956.09367900033,51.90819209039548
1781535752,136,GET,/api/products [GET],37.000000,0.000000,2,3,9,390,970,1400,2000,2200,2800,2800,2800,11521,22,15,357.05521710293004,0.8093379983620252,136776.4473399984,119.77085322454649
1781535752,136,,Aggregated,90.900000,0.000000,9,14,290,810,1700,2500,3400,4000,5700,5700,5700,28546,54,44,563.5226332708222,0.8093379983620252,136956.09367900033,77.20633363693688
1781535753,133,GET,/api/load/cpu [GET],26.800000,0.000000,14,32,1000,1600,2700,3400,4000,4700,5700,5700,5700,8557,17,130.0,825.4557202464471,1.4693439989059698,69234.25248000058,44.91059950917378
1781535753,133,GET,/api/load/memory [GET],26.500000,0.000000,7,15,770,1100,1900,2500,3100,3500,5000,5000,5000,8516,15,44,578.7698970982951,1.2431080031092279,136956.09367900033,51.90840770314702
1781535753,133,GET,/api/products [GET],38.300000,0.000000,2,4,13,400,990,1400,2000,2200,2800,2800,2800,11556,22,15,356.8452481105811,0.8093379983620252,136776.4473399984,119.77154724818276
1781535753,133,,Aggregated,91.600000,0.000000,9,15,330,850,1700,2600,3400,4000,5700,5700,5700,28629,54,44,562.9233549549027,0.8093379983620252,136956.09367900033,77.2095427713158
1781535754,131,GET,/api/load/cpu [GET],26.900000,0.000000,13,36,1100,1700,2900,3400,4200,4700,5700,5700,5700,8573,17,130.0,824.682317987968,1.4693439989059698,69234.25248000058,44.910766359500755
1781535754,131,GET,/api/load/memory [GET],24.800000,0.000000,7,13,760,1200,1800,2500,3100,3500,5000,5000,5000,8542,15,44,578.1513697581469,1.2431080031092279,136956.09367900033,51.90868649028331
1781535754,131,GET,/api/products [GET],38.000000,0.000000,2,3,7,290,1000,1500,2000,2200,2800,2800,2800,11586,22,15,356.3091048881301,0.8093379983620252,136776.4473399984,119.77213878819265
1781535754,131,,Aggregated,89.700000,0.000000,9,13,290,850,1800,2600,3400,4000,5700,5700,5700,28701,54,43,562.2371276895901,0.8093379983620252,136956.09367900033,77.2134768823386
1781535755,128,GET,/api/load/cpu [GET],26.100000,0.000000,15,39,1100,1700,2900,3400,4200,4700,5700,5700,5700,8587,17,130.0,824.3228904852514,1.4693439989059698,69234.25248000058,44.910911843484335
1781535755,128,GET,/api/load/memory [GET],24.400000,0.000000,7,11,760,1200,1800,2500,3100,3500,5000,5000,5000,8573,15,44,576.9566641230714,1.2431080031092279,136956.09367900033,51.909016680275286
1781535755,128,GET,/api/products [GET],37.600000,0.000000,2,4,24,460,1100,1500,2000,2200,2800,2800,2800,11627,22,15,356.64305952153444,0.8093379983620252,136776.4473399984,119.77294228949859
1781535755,128,,Aggregated,88.100000,0.000000,9,15,400,890,1800,2600,3400,4000,5700,5700,5700,28787,54,43,561.7604819946826,0.8093379983620252,136956.09367900033,77.23159759613715
1781535756,125,GET,/api/load/cpu [GET],25.800000,0.000000,16,55,1100,1700,2900,3400,4200,4700,5700,5700,5700,8610,17,130.0,824.7654944320396,1.4693439989059698,69234.25248000058,44.91114982578397
1781535756,125,GET,/api/load/memory [GET],24.200000,0.000000,7,10,710,1100,1800,2500,3100,3500,5000,5000,5000,8595,15,44,576.6093765426526,1.2431080031092279,136956.09367900033,51.909249563699824
1781535756,125,GET,/api/products [GET],37.100000,0.000000,2,5,290,530,1200,1600,2100,2500,2800,2800,2800,11653,22,14,356.60762904924746,0.8093379983620252,136776.4473399984,119.77344889727966
1781535756,125,,Aggregated,87.100000,0.000000,9,16,460,890,1800,2600,3400,4000,5700,5700,5700,28858,54,42,561.8108392735096,0.8093379983620252,136956.09367900033,77.2252061819946
1781535757,123,GET,/api/load/cpu [GET],24.500000,0.000000,16,130,1500,1900,2900,3400,4200,4700,5700,5700,5700,8635,17,130.0,824.946769208902,1.4693439989059698,69234.25248000058,44.911407064273305
1781535757,123,GET,/api/load/memory [GET],23.200000,0.000000,7,15,860,1200,1800,2500,2900,3500,5000,5000,5000,8627,15,43,576.6923379666279,1.2431080031092279,136956.09367900033,51.909586182914104
1781535757,123,GET,/api/products [GET],36.500000,0.000000,2,5,190,480,1100,1400,2100,2500,2800,2800,2800,11679,22,14,356.1907293188531,0.8093379983620252,136776.4473399984,119.77395324942204
1781535757,123,,Aggregated,84.200000,0.000000,9,18,580,1000,1800,2600,3400,4000,5700,5700,5700,28941,54,42,561.7805770177933,0.8093379983620252,136956.09367900033,77.20790573926264
1781535758,120,GET,/api/load/cpu [GET],23.900000,0.000000,16,380,1500,1800,2700,3400,4000,4700,5700,5700,5700,8655,17,130.0,824.3420325802273,1.4693439989059698,69234.25248000058,44.91161178509532
1781535758,120,GET,/api/load/memory [GET],23.700000,0.000000,7,21,850,1100,1800,2100,2700,3500,5000,5000,5000,8646,15,43,576.1069884281862,1.2431080031092279,136956.09367900033,51.909784871616935
1781535758,120,GET,/api/products [GET],36.800000,0.000000,2,7,390,530,1000,1400,2100,2500,2800,2800,2800,11714,22,14,355.97502789968297,0.8093379983620252,136776.4473399984,119.77462864947925
1781535758,120,,Aggregated,84.400000,0.000000,9,34,680,970,1800,2500,3300,3800,5700,5700,5700,29015,54,42,561.281847001515,0.8093379983620252,136956.09367900033,77.22081681888679
1781535759,117,GET,/api/load/cpu [GET],23.500000,0.000000,16,190,1100,1500,2100,2700,3300,3400,4900,4900,4900,8681,17,120.0,822.8475549475716,1.4693439989059698,69234.25248000058,44.91187651192259
1781535759,117,GET,/api/load/memory [GET],24.100000,0.000000,8,29,710,960,1600,1900,2500,2500,2700,2700,2700,8674,15,43,574.68183563824,1.2431080031092279,136956.09367900033,51.91007608946276
1781535759,117,GET,/api/products [GET],34.900000,0.000000,2,8,260,460,920,1400,1900,2200,2800,2800,2800,11760,22,14,354.649086071249,0.8093379983620252,136776.4473399984,119.77551020408163
1781535759,117,,Aggregated,82.500000,0.000000,10,40,500,850,1500,2000,2600,3000,4900,4900,4900,29115,54,42,559.8008970985386,0.8093379983620252,136956.09367900033,77.23537695346042
1781535760,115,GET,/api/load/cpu [GET],23.700000,0.000000,17,140,560,1200,2000,2300,3000,3100,3800,3800,3800,8711,17,120.0,820.5266085941753,1.4693439989059698,69234.25248000058,44.91218000229595
1781535760,115,GET,/api/load/memory [GET],24.400000,0.000000,8,17,180,710,1300,1600,1900,2100,2600,2600,2600,8705,15,42,572.7313783699141,1.2431080031092279,136956.09367900033,51.91039632395175
1781535760,115,GET,/api/products [GET],34.500000,0.000000,2,7,75,310,880,1200,1500,1700,2500,2500,2500,11794,22,14,353.66974780845305,0.8093379983620252,136776.4473399984,119.77615736815329
1781535760,115,,Aggregated,82.600000,0.000000,10,24,260,560,1300,1700,2200,2700,3800,3800,3800,29210,54,41,558.1792174538499,0.8093379983620252,136956.09367900033,77.22526532009586
1781535761,112,GET,/api/load/cpu [GET],24.400000,0.000000,18,140,520,1100,2000,2300,3000,3100,3800,3800,3800,8728,17,120.0,819.1156386189126,1.4693439989059698,69234.25248000058,44.912351054078826
1781535761,112,GET,/api/load/memory [GET],24.700000,0.000000,7,15,82,300,1300,1600,1800,2100,2600,2600,2600,8741,15,41,570.5243080271255,1.2431080031092279,136956.09367900033,51.910765358654615
1781535761,112,GET,/api/products [GET],34.600000,0.000000,2,8,55,190,840,1200,1500,1700,2500,2500,2500,11830,22,14,352.6536867913674,0.8093379983620252,136776.4473399984,119.77683854606931
1781535761,112,,Aggregated,83.700000,0.000000,9,26,140,430,1300,1700,2200,2700,3800,3800,3800,29299,54,41,556.6090100369618,0.8093379983620252,136956.09367900033,77.22813065292331
1781535762,109,GET,/api/load/cpu [GET],23.800000,0.000000,18,110,300,560,2000,2300,3000,3100,3800,3800,3800,8754,17,120.0,816.8375291323829,1.4693439989059698,69234.25248000058,44.91261137765593
1781535762,109,GET,/api/load/memory [GET],24.300000,0.000000,7,15,67,150,1100,1600,1800,2100,2600,2600,2600,8774,15,40,568.4927966564969,1.2431080031092279,136956.09367900033,51.91110098016868
1781535762,109,GET,/api/products [GET],35.000000,0.000000,2,8,46,75,790,1100,1500,1700,2500,2500,2500,11862,22,13,351.7400888905653,0.8093379983620252,136776.4473399984,119.77744056651493
1781535762,109,,Aggregated,83.100000,0.000000,9,23,85,190,1100,1700,2200,2700,3800,3800,3800,29390,54,40,554.9810296804682,0.8093379983620252,136956.09367900033,77.2178632187819
1781535763,107,GET,/api/load/cpu [GET],23.700000,0.000000,21,130,290,520,2000,2300,3000,3100,3800,3800,3800,8770,17,120.0,815.5846031118454,1.4693439989059698,69234.25248000058,44.912770809578106
1781535763,107,GET,/api/load/memory [GET],25.500000,0.000000,7,15,65,130,860,1400,1800,2100,2600,2600,2600,8793,15,40,567.3748436603095,1.2431080031092279,136956.09367900033,51.911293074036166
1781535763,107,GET,/api/products [GET],35.000000,0.000000,2,11,47,69,530,1000,1500,1700,2500,2500,2500,11896,22,13,350.8106407684852,0.8093379983620252,136776.4473399984,119.77807666442501
1781535763,107,,Aggregated,84.200000,0.000000,10,29,76,160,910,1600,2300,2700,3800,3800,3800,29459,54,40,553.8153824698048,0.8093379983620252,136956.09367900033,77.23347703588037
1781535764,104,GET,/api/load/cpu [GET],22.400000,0.000000,19,120,230,430,1600,2300,2900,3100,3800,3800,3800,8793,17,120.0,813.6811160830067,1.4693439989059698,69234.25248000058,44.912998976458546
1781535764,104,GET,/api/load/memory [GET],26.700000,0.000000,8,20,67,130,720,1400,1800,2100,2600,2600,2600,8822,15,40,565.7215498840511,1.2431080031092279,136956.09367900033,51.911584674676945
1781535764,104,GET,/api/products [GET],34.700000,0.000000,2,8,41,56,260,910,1400,1700,2500,2500,2500,11933,22,13,349.76536508898846,0.8093379983620252,136776.4473399984,119.77876476996565
1781535764,104,,Aggregated,83.800000,0.000000,10,28,74,130,710,1500,2100,2500,3800,3800,3800,29548,54,39,552.2960494247318,0.8093379983620252,136956.09367900033,77.23717341275213
1781535765,101,GET,/api/load/cpu [GET],22.100000,0.000000,19,130,230,360,1500,2100,2700,3100,3800,3800,3800,8814,17,120.0,811.9800171867347,1.4693439989059698,69234.25248000058,44.91320626276379
1781535765,101,GET,/api/load/memory [GET],27.700000,0.000000,8,19,67,98,550,1200,1600,1900,2100,2100,2100,8839,15,39,564.6857032807004,1.2431080031092279,136956.09367900033,51.911754723385
1781535765,101,GET,/api/products [GET],33.800000,0.000000,2,7,24,47,85,430,910,1200,1700,1700,1700,11967,22,12,348.8043424335168,0.8093379983620252,136776.4473399984,119.77939333166206
1781535765,101,,Aggregated,83.600000,0.000000,10,22,68,110,500,1300,2100,2300,3800,3800,3800,29620,54,39,551.053017173666,0.8093379983620252,136956.09367900033,77.24891964888589
1781535766,98,GET,/api/load/cpu [GET],21.700000,0.000000,19,120,200,290,630,1600,2100,2200,2300,2300,2300,8836,17,120.0,810.3252139145402,1.4693439989059698,69234.25248000058,44.91342236306021
1781535766,98,GET,/api/load/memory [GET],27.400000,0.000000,8,18,64,91,210,980,1600,1800,2100,2100,2100,8857,15,39,563.6250173764373,1.2431080031092279,136956.09367900033,51.911934063452634
1781535766,98,GET,/api/products [GET],33.900000,0.000000,2,7,26,47,81,190,830,900,1400,1400,1400,12000,22,12,347.9120846447402,0.8093379983620252,136776.4473399984,119.78
1781535766,98,,Aggregated,83.000000,0.000000,10,22,65,90,280,780,1600,1900,2300,2300,2300,29693,54,38,549.860417768126,0.8093379983620252,136956.09367900033,77.25723234432358
1781535767,96,GET,/api/load/cpu [GET],22.200000,0.000000,20,110,190,260,520,730,1300,1600,2000,2000,2000,8855,17,120.0,809.1488877781904,1.4693439989059698,69234.25248000058,44.913608130999435
1781535767,96,GET,/api/load/memory [GET],27.100000,0.000000,8,18,63,85,190,440,680,1300,1400,1400,1400,8879,15,39,562.5766585578451,1.2431080031092279,136956.09367900033,51.912152269399705
1781535767,96,GET,/api/products [GET],34.200000,0.000000,2,8,36,47,79,130,440,890,1400,1400,1400,12024,22,12,347.35396599042696,0.8093379983620252,136776.4473399984,119.78043912175649
1781535767,96,,Aggregated,83.500000,0.000000,10,24,62,85,230,510,790,1300,2000,2000,2000,29758,54,38,548.9856724134679,0.8093379983620252,136956.09367900033,77.25243631964514
1781535768,93,GET,/api/load/cpu [GET],22.900000,0.000000,21,120,190,230,430,560,660,770,790,790,790,8873,17,120.0,807.818073531035,1.4693439989059698,69234.25248000058,44.9137833878057
1781535768,93,GET,/api/load/memory [GET],26.000000,0.000000,7,13,52,67,150,210,440,530,560,560,560,8905,15,38,561.0104045965304,1.2431080031092279,136956.09367900033,51.91240875912409
1781535768,93,GET,/api/products [GET],34.300000,0.000000,2,8,33,45,68,85,120,240,490,490,490,12051,22,12,346.62388364491744,0.8093379983620252,136776.4473399984,119.78093104306697
1781535768,93,,Aggregated,83.200000,0.000000,9,22,56,74,180,280,530,580,790,790,790,29829,54,38,547.8135988862509,0.8093379983620252,136956.09367900033,77.24965637466894
1781535769,90,GET,/api/load/cpu [GET],22.600000,0.000000,18,88,150,190,320,510,630,770,790,790,790,8897,17,110.0,805.7666785512953,1.4693439989059698,69234.25248000058,44.9140159604361
1781535769,90,GET,/api/load/memory [GET],25.600000,0.000000,7,12,44,64,150,210,440,530,560,560,560,8926,15,37,559.7308479312231,1.2431080031092279,136956.09367900033,51.91261483307193
1781535769,90,GET,/api/products [GET],33.900000,0.000000,2,5,27,42,68,83,95,240,490,490,490,12077,22,12,345.8965113961999,0.8093379983620252,136776.4473399984,119.78140266622506
1781535769,90,,Aggregated,82.100000,0.000000,9,18,52,68,150,260,490,570,790,790,790,29900,54,37,546.5704299611036,0.8093379983620252,136956.09367900033,77.24321070234113
1781535770,88,GET,/api/load/cpu [GET],21.900000,0.000000,18,78,140,180,290,530,730,780,790,790,790,8915,17,110.0,804.2002116697554,1.4693439989059698,69234.25248000058,44.91418956814358
1781535770,88,GET,/api/load/memory [GET],25.400000,0.000000,7,10,36,66,150,210,440,530,560,560,560,8947,15,36,558.4941374489891,1.2431080031092279,136956.09367900033,51.91281993964457
1781535770,88,GET,/api/products [GET],34.100000,0.000000,2,5,22,42,67,83,95,270,490,490,490,12106,22,12,345.0874590906094,0.8093379983620252,136776.4473399984,119.7819263175285
1781535770,88,,Aggregated,81.400000,0.000000,9,16,50,69,150,260,500,570,790,790,790,29968,54,37,545.3790948526092,0.8093379983620252,136956.09367900033,77.2475306994127
1781535771,85,GET,/api/load/cpu [GET],20.700000,0.000000,15,62,120,170,280,530,730,780,790,790,790,8936,17,110.0,802.3481327959792,1.4693439989059698,69234.25248000058,44.91439122649955
1781535771,85,GET,/api/load/memory [GET],25.000000,0.000000,7,11,29,64,150,220,440,530,560,560,560,8961,15,36,557.6400478650944,1.2431080031092279,136956.09367900033,51.91295614328758
1781535771,85,GET,/api/products [GET],32.900000,0.000000,2,3,13,33,61,83,95,270,490,490,490,12137,22,11,344.2102598329005,0.8093379983620252,136776.4473399984,119.78248331548158
1781535771,85,,Aggregated,78.600000,0.000000,9,13,43,62,140,260,500,570,790,790,790,30034,54,36,544.1990846099753,0.8093379983620252,136956.09367900033,77.25734167942998
1781535772,82,GET,/api/load/cpu [GET],20.700000,0.000000,14,62,150,190,360,530,730,780,790,790,790,8957,17,110.0,800.7427434319363,1.4693439989059698,69234.25248000058,44.91459193926538
1781535772,82,GET,/api/load/memory [GET],25.600000,0.000000,6,10,37,70,160,230,470,550,560,560,560,8976,15,35,556.8054752493433,1.2431080031092279,136956.09367900033,51.913101604278076
1781535772,82,GET,/api/products [GET],31.500000,0.000000,2,3,14,37,74,87,150,270,490,490,490,12163,22,11,343.5475936981746,0.8093379983620252,136776.4473399984,119.78294828578476
1781535772,82,,Aggregated,77.800000,0.000000,9,13,44,70,170,270,510,570,790,790,790,30096,54,36,543.2186363938382,0.8093379983620252,136956.09367900033,77.25917065390749
1781535773,80,GET,/api/load/cpu [GET],20.000000,0.000000,13,29,110,170,280,500,730,780,790,790,790,8978,17,110.0,798.9104638381451,1.4693439989059698,69234.25248000058,44.91479171307641
1781535773,80,GET,/api/load/memory [GET],23.400000,0.000000,6,9,13,45,140,210,430,470,530,530,530,8998,15,34,555.4630311377108,1.2431080031092279,136956.09367900033,51.91331406979329
1781535773,80,GET,/api/products [GET],30.400000,0.000000,2,2,5,22,64,86,150,270,490,490,490,12194,22,11,342.692478485148,0.8093379983620252,136776.4473399984,119.78350008200755
1781535773,80,,Aggregated,73.800000,0.000000,8,12,27,54,140,260,460,560,790,790,790,30170,54,35,541.9113881724884,0.8093379983620252,136956.09367900033,77.26221411998674
1781535774,77,GET,/api/load/cpu [GET],20.500000,0.000000,12,22,100,140,290,500,730,780,790,790,790,8991,17,110.0,797.7700221004188,1.4693439989059698,69234.25248000058,44.91491491491492
1781535774,77,GET,/api/load/memory [GET],21.700000,0.000000,6,9,11,16,140,210,430,470,530,530,530,9020,15,33,554.1251552687496,1.2431080031092279,136956.09367900033,51.91352549889135
1781535774,77,GET,/api/products [GET],30.500000,0.000000,2,2,5,18,61,86,150,270,490,490,490,12212,22,11,342.1895239183502,0.8093379983620252,136776.4473399984,119.78381919423518
1781535774,77,,Aggregated,72.700000,0.000000,8,11,18,42,130,260,460,560,790,790,790,30223,54,35,540.9713673467218,0.8093379983620252,136956.09367900033,77.25540151540218
1781535775,74,GET,/api/load/cpu [GET],20.400000,0.000000,11,20,75,120,280,500,730,780,790,790,790,9007,17,110.0,796.3831342547868,1.4693439989059698,69234.25248000058,44.91506605973132
1781535775,74,GET,/api/load/memory [GET],20.200000,0.000000,6,9,11,17,140,210,430,470,530,530,530,9032,15,32,553.4027505789555,1.2431080031092279,136956.09367900033,51.91364038972542
1781535775,74,GET,/api/products [GET],29.600000,0.000000,2,2,3,5,57,85,150,270,490,490,490,12236,22,11,341.53060990167495,0.8093379983620252,136776.4473399984,119.7842432167375
1781535775,74,,Aggregated,70.200000,0.000000,6,10,17,35,120,240,470,560,790,790,790,30275,54,34,540.0602832772579,0.8093379983620252,136956.09367900033,77.26222956234517
1781535776,72,GET,/api/load/cpu [GET],20.400000,0.000000,11,14,26,62,210,360,730,780,790,790,790,9037,17,100.0,793.781671489861,1.4693439989059698,69234.25248000058,44.91534801372137
1781535776,72,GET,/api/load/memory [GET],19.700000,0.000000,5,8,11,16,120,220,430,470,530,530,530,9042,15,32,552.7968715208058,1.2431080031092279,136956.09367900033,51.91373589913736
1781535776,72,GET,/api/products [GET],29.300000,0.000000,2,2,2,4,46,74,95,150,490,490,490,12262,22,10,340.8172573488744,0.8093379983620252,136776.4473399984,119.78470070135377
1781535776,72,,Aggregated,69.400000,0.000000,6,10,13,20,85,190,430,510,790,790,790,30341,54,33,538.9043039832897,0.8093379983620252,136956.09367900033,77.25862694044362
1781535777,69,GET,/api/load/cpu [GET],19.200000,0.000000,10,12,17,20,100,190,310,410,460,460,460,9053,17,100.0,792.3966286019968,1.4693439989059698,69234.25248000058,44.915497625096656
1781535777,69,GET,/api/load/memory [GET],19.800000,0.000000,5,7,9,10,56,120,170,220,230,230,230,9056,15,31,551.9503246944693,1.2431080031092279,136956.09367900033,51.91386925795053
1781535777,69,GET,/api/products [GET],28.000000,0.000000,2,2,2,2,18,60,79,150,170,170,170,12286,22,10,340.15428146434135,0.8093379983620252,136776.4473399984,119.78512127624938
1781535777,69,,Aggregated,67.000000,0.000000,5,9,10,12,51,110,180,230,460,460,460,30395,54,33,537.9557269695007,0.8093379983620252,136956.09367900033,77.2637604869222
1781535778,66,GET,/api/load/cpu [GET],19.700000,0.000000,10,11,13,17,62,150,310,410,460,460,460,9074,17,100.0,790.5858045378965,1.4693439989059698,69234.25248000058,44.91569318933216
1781535778,66,GET,/api/load/memory [GET],19.200000,0.000000,5,6,9,10,23,120,160,220,230,230,230,9070,15,30,551.106999767709,1.2431080031092279,136956.09367900033,51.91400220507167
1781535778,66,GET,/api/products [GET],26.500000,0.000000,1,2,2,2,14,60,85,150,170,170,170,12305,22,10,339.6311170735385,0.8093379983620252,136776.4473399984,119.7854530678586
1781535778,66,,Aggregated,65.400000,0.000000,5,9,10,11,34,85,170,230,460,460,460,30449,54,32,537.0119535570948,0.8093379983620252,136956.09367900033,77.25656014975861
1781535779,64,GET,/api/load/cpu [GET],19.800000,0.000000,10,11,12,14,37,100,310,410,460,460,460,9087,17,100.0,789.4873319726937,1.4693439989059698,69234.25248000058,44.91581379993397
1781535779,64,GET,/api/load/memory [GET],18.700000,0.000000,5,6,8,9,13,57,120,160,230,230,230,9089,15,30,549.975131559371,1.2431080031092279,136956.09367900033,51.914181978215424
1781535779,64,GET,/api/products [GET],26.200000,0.000000,1,2,2,2,4,42,85,150,170,170,170,12325,22,10,339.08590130319624,0.8093379983620252,136776.4473399984,119.78580121703854
1781535779,64,,Aggregated,64.700000,0.000000,5,9,10,10,17,62,150,230,460,460,460,30501,54,32,536.1145237841704,0.8093379983620252,136956.09367900033,77.25510638995443
1781535780,61,GET,/api/load/cpu [GET],20.000000,0.000000,10,11,13,14,26,100,310,410,460,460,460,9105,17,98,787.9486876051463,1.4693439989059698,69234.25248000058,44.915980230642504
1781535780,61,GET,/api/load/memory [GET],17.000000,0.000000,5,6,8,9,16,57,160,160,230,230,230,9102,15,29,549.1996077238106,1.2431080031092279,136956.09367900033,51.91430454845089
1781535780,61,GET,/api/products [GET],25.600000,0.000000,1,2,2,2,4,42,85,150,170,170,170,12339,22,10,338.7027144645346,0.8093379983620252,136776.4473399984,119.78604424993922
1781535780,61,,Aggregated,62.600000,0.000000,5,9,10,11,17,60,150,230,460,460,460,30546,54,32,535.3349186120923,0.8093379983620252,136956.09367900033,77.24494205460617
1781535781,58,GET,/api/load/cpu [GET],19.900000,0.000000,10,11,13,14,20,77,300,410,460,460,460,9121,17,98,786.5870889884725,1.4693439989059698,69234.25248000058,44.91612761758579
1781535781,58,GET,/api/load/memory [GET],16.300000,0.000000,5,6,8,9,11,17,88,100,160,160,160,9116,15,29,548.3654043828566,1.2431080031092279,136956.09367900033,51.914436156208865
1781535781,58,GET,/api/products [GET],25.200000,0.000000,1,2,2,2,3,26,52,64,85,85,85,12358,22,10,338.1853435410982,0.8093379983620252,136776.4473399984,119.78637319954686
1781535781,58,,Aggregated,61.400000,0.000000,5,9,10,10,15,35,88,160,460,460,460,30595,54,31,534.4878032521317,0.8093379983620252,136956.09367900033,77.24307893446641
1781535782,56,GET,/api/load/cpu [GET],19.200000,0.000000,10,11,12,13,15,20,57,110,120,120,120,9134,17,96,785.4821362952546,1.4693439989059698,69234.25248000058,44.91624698927085
1781535782,56,GET,/api/load/memory [GET],15.800000,0.000000,5,6,7,9,10,16,23,57,88,88,88,9129,15,29,547.5927731792226,1.2431080031092279,136956.09367900033,51.91455800197174
1781535782,56,GET,/api/products [GET],24.500000,0.000000,1,2,2,2,2,23,51,60,65,65,65,12370,22,10,337.85870366086436,0.8093379983620252,136776.4473399984,119.78658043654002
1781535782,56,,Aggregated,59.500000,0.000000,5,9,10,10,13,18,42,60,120,120,120,30633,54,31,533.8321556347393,0.8093379983620252,136956.09367900033,77.2354323768485
1781535783,53,GET,/api/load/cpu [GET],19.000000,0.000000,10,11,12,13,15,20,57,90,120,120,120,9151,17,94,784.0534228624023,1.4693439989059698,69234.25248000058,44.91640257895312
1781535783,53,GET,/api/load/memory [GET],15.600000,0.000000,5,5,6,8,10,12,17,57,88,88,88,9144,15,28,546.7038140480237,1.2431080031092279,136956.09367900033,51.91469816272966
1781535783,53,GET,/api/products [GET],23.000000,0.000000,1,2,2,2,2,6,40,51,52,52,52,12383,22,10,337.50651139085005,0.8093379983620252,136776.4473399984,119.78680449002665
1781535783,53,,Aggregated,57.600000,0.000000,5,9,10,10,13,16,42,57,120,120,120,30678,54,30,533.0619883571931,0.8093379983620252,136956.09367900033,77.2233522393898
1781535784,50,GET,/api/load/cpu [GET],18.500000,0.000000,10,11,12,13,16,28,57,90,120,120,120,9166,17,94,782.7925430183109,1.4693439989059698,69234.25248000058,44.91653938468252
1781535784,50,GET,/api/load/memory [GET],15.500000,0.000000,5,5,6,8,10,12,57,88,170,170,170,9151,15,28,546.307745597763,1.2431080031092279,136956.09367900033,51.91476341383456
1781535784,50,GET,/api/products [GET],21.500000,0.000000,1,2,2,2,2,5,40,51,52,52,52,12403,22,9,336.9686244783431,0.8093379983620252,136776.4473399984,119.78714827057969
1781535784,50,,Aggregated,55.500000,0.000000,5,9,10,10,13,17,51,77,170,170,170,30720,54,30,532.3489739152328,0.8093379983620252,136956.09367900033,77.22972005208334
1781535785,48,GET,/api/load/cpu [GET],17.600000,0.000000,10,11,12,13,15,20,57,90,120,120,120,9172,17,93,782.2959756666855,1.4693439989059698,69234.25248000058,44.916593981683384
1781535785,48,GET,/api/load/memory [GET],15.100000,0.000000,5,5,6,8,9,12,76,88,170,170,170,9166,15,28,545.4349233173829,1.2431080031092279,136956.09367900033,51.91490290202924
1781535785,48,GET,/api/products [GET],20.400000,0.000000,1,2,2,2,2,5,13,26,51,51,51,12419,22,9,336.53836417383746,0.8093379983620252,136776.4473399984,119.78742249778566
1781535785,48,,Aggregated,53.100000,0.000000,5,9,10,10,13,16,31,82,170,170,170,30757,54,30,531.7210761978397,0.8093379983620252,136956.09367900033,77.23337776766265
1781535786,45,GET,/api/load/cpu [GET],17.500000,0.000000,10,11,13,13,16,28,82,90,120,120,120,9179,17,93,781.7133253244183,1.4693439989059698,69234.25248000058,44.916657587972544
1781535786,45,GET,/api/load/memory [GET],14.500000,0.000000,5,5,6,8,10,12,76,88,170,170,170,9175,15,28,544.905936589333,1.2431080031092279,136956.09367900033,51.9149863760218
1781535786,45,GET,/api/products [GET],18.800000,0.000000,1,2,2,2,2,5,23,51,56,56,56,12431,22,9,336.2198300386845,0.8093379983620252,136776.4473399984,119.78762770493123
1781535786,45,,Aggregated,50.800000,0.000000,5,9,10,10,13,16,56,82,170,170,170,30785,54,30,531.245973317231,0.8093379983620252,136956.09367900033,77.23534188728277
1781535787,42,GET,/api/load/cpu [GET],17.400000,0.000000,10,11,13,14,19,68,120,150,180,180,180,9193,17,92,780.5803295909743,1.4693439989059698,69234.25248000058,44.916784509953224
1781535787,42,GET,/api/load/memory [GET],13.300000,0.000000,5,5,8,9,10,15,76,88,170,170,170,9185,15,27,544.3247790714353,1.2431080031092279,136956.09367900033,51.915078933043006
1781535787,42,GET,/api/products [GET],18.400000,0.000000,1,2,2,2,5,13,39,52,56,56,56,12448,22,9,335.7740012794734,0.8093379983620252,136776.4473399984,119.7879177377892
1781535787,42,,Aggregated,49.100000,0.000000,5,9,10,10,14,26,72,90,180,180,180,30826,54,29,530.5655237016786,0.8093379983620252,136956.09367900033,77.23609939661326
1781535788,40,GET,/api/load/cpu [GET],15.600000,0.000000,10,11,13,14,22,72,150,180,180,180,180,9203,17,92,779.7611704876477,1.4693439989059698,69234.25248000058,44.91687493208736
1781535788,40,GET,/api/load/memory [GET],13.300000,0.000000,5,6,8,9,10,17,76,88,170,170,170,9192,15,27,543.9145197029088,1.2431080031092279,136956.09367900033,51.91514360313316
1781535788,40,GET,/api/products [GET],17.900000,0.000000,2,2,2,2,5,13,51,52,56,56,56,12458,22,9,335.5066192686534,0.8093379983620252,136776.4473399984,119.788087975598
1781535788,40,,Aggregated,46.800000,0.000000,5,9,10,10,14,31,82,150,180,180,180,30853,54,29,530.1120079070412,0.8093379983620252,136956.09367900033,77.23378601756717
1781535789,37,GET,/api/load/cpu [GET],14.000000,0.000000,10,11,13,14,20,72,150,180,180,180,180,9209,17,92,779.2591667425154,1.4693439989059698,69234.25248000058,44.916929091106525
1781535789,37,GET,/api/load/memory [GET],12.800000,0.000000,5,6,8,9,10,17,52,76,170,170,170,9205,15,27,543.15715385531,1.2431080031092279,136956.09367900033,51.91526344378055
1781535789,37,GET,/api/products [GET],16.900000,0.000000,2,2,2,2,5,12,51,52,56,56,56,12469,22,9,335.21188895876895,0.8093379983620252,136776.4473399984,119.78827492180608
1781535789,37,,Aggregated,43.700000,0.000000,5,9,10,10,14,28,72,150,180,180,180,30883,54,29,529.602574594338,0.8093379983620252,136956.09367900033,77.2321341838552
1781535790,34,GET,/api/load/cpu [GET],13.200000,0.000000,10,11,13,15,22,72,150,180,180,180,180,9220,17,91,778.3449447280718,1.4693439989059698,69234.25248000058,44.91702819956616
1781535790,34,GET,/api/load/memory [GET],12.700000,0.000000,5,6,8,9,11,47,52,76,170,170,170,9214,15,27,542.6430563250627,1.2431080031092279,136956.09367900033,51.915346212285655
1781535790,34,GET,/api/products [GET],16.000000,0.000000,2,2,2,2,6,35,52,56,60,60,60,12478,22,9,334.9791841032926,0.8093379983620252,136776.4473399984,119.78842763263343
1781535790,34,,Aggregated,41.900000,0.000000,5,9,10,10,15,41,76,150,180,180,180,30912,54,29,529.1189107988139,0.8093379983620252,136956.09367900033,77.22576992753623
1781535791,32,GET,/api/load/cpu [GET],13.100000,0.000000,10,11,13,14,28,82,180,180,180,180,180,9226,17,91,777.845329910234,1.4693439989059698,69234.25248000058,44.917082159115544
1781535791,32,GET,/api/load/memory [GET],11.900000,0.000000,5,6,8,9,12,49,76,84,170,170,170,9230,15,26,541.72378914736,1.2431080031092279,136956.09367900033,51.91549295774648
1781535791,32,GET,/api/products [GET],15.600000,0.000000,2,2,2,2,6,35,52,56,60,60,60,12484,22,9,334.8188964749187,0.8093379983620252,136776.4473399984,119.78852931752644
1781535791,32,,Aggregated,40.600000,0.000000,5,9,10,10,15,49,82,150,180,180,180,30940,54,29,528.6486971937601,0.8093379983620252,136956.09367900033,77.21477052359405
1781535792,29,GET,/api/load/cpu [GET],12.000000,0.000000,10,11,13,15,31,82,180,180,180,180,180,9229,17,90,777.5956381807151,1.4693439989059698,69234.25248000058,44.91710911257991
1781535792,29,GET,/api/load/memory [GET],11.300000,0.000000,5,6,8,9,12,49,76,84,170,170,170,9237,15,25,541.317514439659,1.2431080031092279,136956.09367900033,51.91555699902566
1781535792,29,GET,/api/products [GET],14.300000,0.000000,2,2,2,2,8,39,52,56,60,60,60,12492,22,9,334.6054662012401,0.8093379983620252,136776.4473399984,119.78866474543707
1781535792,29,,Aggregated,37.600000,0.000000,5,9,10,10,16,50,82,150,180,180,180,30958,54,28,528.3439340214142,0.8093379983620252,136956.09367900033,77.21700368240842
1781535793,26,GET,/api/load/cpu [GET],11.200000,0.000000,10,10,11,12,22,82,180,180,180,180,180,9237,17,90,776.9305301069414,1.4693439989059698,69234.25248000058,44.91718090289055
1781535793,26,GET,/api/load/memory [GET],10.900000,0.000000,5,6,8,9,12,49,76,84,84,84,84,9245,15,25,540.8541213287326,1.2431080031092279,136956.09367900033,51.915630070308275
1781535793,26,GET,/api/products [GET],13.700000,0.000000,2,2,2,2,6,35,52,56,60,60,60,12497,22,9,334.47221852331694,0.8093379983620252,136776.4473399984,119.78874929983196
1781535793,26,,Aggregated,35.800000,0.000000,5,9,10,10,13,47,76,150,180,180,180,30979,54,28,527.9900246350088,0.8093379983620252,136956.09367900033,77.20907711675652
1781535794,24,GET,/api/load/cpu [GET],10.000000,0.000000,10,10,11,12,17,72,180,180,180,180,180,9248,17,89,776.019261301776,1.4693439989059698,69234.25248000058,44.9172794117647
1781535794,24,GET,/api/load/memory [GET],10.900000,0.000000,5,6,8,9,12,49,76,84,84,84,84,9251,15,25,540.5073008578674,1.2431080031092279,136956.09367900033,51.915684790833424
1781535794,24,GET,/api/products [GET],12.400000,0.000000,2,2,2,2,8,39,56,60,60,60,60,12501,22,9,334.3656743183659,0.8093379983620252,136776.4473399984,119.78881689464843
1781535794,24,,Aggregated,33.300000,0.000000,5,9,10,10,14,49,76,150,180,180,180,31000,54,28,527.6375633357724,0.8093379983620252,136956.09367900033,77.19829032258065
1781535795,21,GET,/api/load/cpu [GET],9.300000,0.000000,10,10,11,11,15,72,180,180,180,180,180,9253,17,89,775.6050670483978,1.4693439989059698,69234.25248000058,44.917324111099106
1781535795,21,GET,/api/load/memory [GET],10.400000,0.000000,5,6,8,9,11,29,52,84,84,84,84,9256,15,25,540.2180102556325,1.2431080031092279,136956.09367900033,51.91573033707865
1781535795,21,GET,/api/products [GET],11.800000,0.000000,2,2,2,2,5,35,52,60,60,60,60,12507,22,9,334.20601076180475,0.8093379983620252,136776.4473399984,119.78891820580475
1781535795,21,,Aggregated,31.500000,0.000000,5,9,10,10,12,39,72,150,180,180,180,31016,54,28,527.36800892839,0.8093379983620252,136956.09367900033,77.19731751354139
1781535796,20,GET,/api/load/cpu [GET],8.200000,0.000000,10,10,10,11,15,72,180,180,180,180,180,9258,17,88,775.1915554836704,1.4693439989059698,69234.25248000058,44.91736876215165
1781535796,20,GET,/api/load/memory [GET],9.900000,0.000000,5,6,8,9,11,29,52,84,84,84,84,9259,15,24,540.0444707379992,1.2431080031092279,136956.09367900033,51.91575764121395
1781535796,20,GET,/api/products [GET],11.000000,0.000000,2,2,2,2,8,39,52,60,60,60,60,12514,22,9,334.0199696890595,0.8093379983620252,136776.4473399984,119.78903627936711
1781535796,20,,Aggregated,29.100000,0.000000,6,9,10,10,13,39,72,150,180,180,180,31031,54,28,527.1154998524037,0.8093379983620252,136956.09367900033,77.19934903805871
1781535797,20,GET,/api/load/cpu [GET],8.300000,0.000000,10,10,10,10,12,14,17,41,41,41,41,9263,17,87,774.7789479288367,1.4693439989059698,69234.25248000058,44.91741336500054
1781535797,20,GET,/api/load/memory [GET],9.600000,0.000000,5,6,7,8,11,29,50,84,84,84,84,9264,15,24,539.7555420902557,1.2431080031092279,136956.09367900033,51.91580310880829
1781535797,20,GET,/api/products [GET],9.700000,0.000000,2,2,2,2,2,8,35,60,60,60,60,12521,22,8,333.8341035260676,0.8093379983620252,136776.4473399984,119.78915422090887
1781535797,20,,Aggregated,27.600000,0.000000,5,9,9,10,11,14,41,50,84,84,84,31048,54,28,526.8297328922613,0.8093379983620252,136956.09367900033,77.19975521772739
1781535798,20,GET,/api/load/cpu [GET],7.900000,0.000000,10,10,10,10,12,14,17,41,41,41,41,9267,17,87,774.4488705437371,1.4693439989059698,69234.25248000058,44.91744901262545
1781535798,20,GET,/api/load/memory [GET],8.800000,0.000000,5,6,7,8,11,29,50,84,84,84,84,9267,15,24,539.5827405012544,1.2431080031092279,136956.09367900033,51.91583036581418
1781535798,20,GET,/api/products [GET],8.500000,0.000000,2,2,2,2,2,2,35,60,60,60,60,12528,22,8,333.6484156833406,0.8093379983620252,136776.4473399984,119.78927203065135
1781535798,20,,Aggregated,25.200000,0.000000,5,9,9,10,11,15,47,60,84,84,84,31062,54,28,526.5944978183929,0.8093379983620252,136956.09367900033,77.20282016611938
1781535799,20,GET,/api/load/cpu [GET],7.800000,0.000000,10,10,10,11,14,17,25,41,41,41,41,9270,17,87,774.2042537784043,1.4693439989059698,69234.25248000058,44.91747572815534
1781535799,20,GET,/api/load/memory [GET],8.300000,0.000000,5,6,7,8,11,27,50,84,84,84,84,9271,15,24,539.3522004191702,1.2431080031092279,136956.09367900033,51.91586668104843
1781535799,20,GET,/api/products [GET],7.900000,0.000000,2,2,2,2,2,2,2,9,9,9,9,12538,22,8,333.38357043881706,0.8093379983620252,136776.4473399984,119.78944010208964
1781535799,20,,Aggregated,24.000000,0.000000,5,9,10,10,11,14,41,50,84,84,84,31079,54,28,526.3094336617626,0.8093379983620252,136956.09367900033,77.21023842465974
1781535800,20,GET,/api/load/cpu [GET],6.900000,0.000000,10,10,10,11,14,15,17,25,25,25,25,9274,17,87,773.874694978737,1.4693439989059698,69234.25248000058,44.91751132197542
1781535800,20,GET,/api/load/memory [GET],7.800000,0.000000,5,5,6,7,11,12,27,84,84,84,84,9274,15,24,539.1794393022569,1.2431080031092279,136956.09367900033,51.91589389691611
1781535800,20,GET,/api/products [GET],7.000000,0.000000,2,2,2,2,2,2,2,2,2,2,2,12546,22,8,333.1719407033229,0.8093379983620252,136776.4473399984,119.7895743663319
1781535800,20,,Aggregated,21.700000,0.000000,5,9,9,10,11,13,17,27,84,84,84,31094,54,28,526.0577349130356,0.8093379983620252,136956.09367900033,77.21467164083103
1781535801,20,GET,/api/load/cpu [GET],6.100000,0.000000,10,10,10,11,14,15,17,25,25,25,25,9281,17,87,773.2982631951097,1.4693439989059698,69234.25248000058,44.91757353733434
1781535801,20,GET,/api/load/memory [GET],7.500000,0.000000,5,5,6,6,7,10,11,11,11,11,11,9278,15,24,538.9493036454118,1.2431080031092279,136956.09367900033,51.9159301573615
1781535801,20,GET,/api/products [GET],6.700000,0.000000,2,2,2,2,2,2,2,3,3,3,3,12552,22,8,333.01349430105915,0.8093379983620252,136776.4473399984,119.78967495219885
1781535801,20,,Aggregated,20.300000,0.000000,5,9,9,10,10,11,14,17,25,25,25,31111,54,27,525.7734627753186,0.8093379983620252,136956.09367900033,77.21243290154608
1781535802,20,GET,/api/load/cpu [GET],5.800000,0.000000,10,10,10,11,14,15,17,25,25,25,25,9288,17,86,772.7227945849287,1.4693439989059698,69234.25248000058,44.917635658914726
1781535802,20,GET,/api/load/memory [GET],6.700000,0.000000,5,5,6,6,7,10,11,11,11,11,11,9285,15,24,538.5472414246776,1.2431080031092279,136956.09367900033,51.91599353796446
1781535802,20,GET,/api/products [GET],6.600000,0.000000,2,2,2,2,2,2,2,3,3,3,3,12557,22,8,332.88151539116757,0.8093379983620252,136776.4473399984,119.78975870032652
1781535802,20,,Aggregated,19.100000,0.000000,5,9,9,10,10,11,14,17,25,25,25,31130,54,27,525.4562685994198,0.8093379983620252,136956.09367900033,77.20639254738195
1781535803,20,GET,/api/load/cpu [GET],5.500000,0.000000,10,10,10,11,14,15,17,25,25,25,25,9292,17,86,772.3948597498726,1.4693439989059698,69234.25248000058,44.91767111493758
1781535803,20,GET,/api/load/memory [GET],5.800000,0.000000,5,5,5,6,7,10,10,10,10,10,10,9288,15,23,538.3753929161428,1.2431080031092279,136956.09367900033,51.91602067183462
1781535803,20,GET,/api/products [GET],6.400000,0.000000,2,2,2,2,2,2,2,3,3,3,3,12561,22,8,332.7758979021488,0.8093379983620252,136776.4473399984,119.78982565082399
1781535803,20,,Aggregated,17.700000,0.000000,5,9,9,10,10,13,14,17,25,25,25,31141,54,27,525.2728473636023,0.8093379983620252,136956.09367900033,77.20532417070743
1781535804,20,GET,/api/load/cpu [GET],5.700000,0.000000,10,10,10,10,14,14,25,25,25,25,25,9299,17,85,771.8206176728489,1.4693439989059698,69234.25248000058,44.91773308957953
1781535804,20,GET,/api/load/memory [GET],4.700000,0.000000,5,5,5,6,7,10,12,12,12,12,12,9293,15,23,538.088873158952,1.2431080031092279,136956.09367900033,51.91606585602066
1781535804,20,GET,/api/products [GET],6.800000,0.000000,2,2,2,2,2,2,3,5,5,5,5,12567,22,8,332.61815829043405,0.8093379983620252,136776.4473399984,119.78992599665791
1781535804,20,,Aggregated,17.200000,0.000000,5,8,9,10,10,11,14,17,25,25,25,31159,54,27,524.9729521885151,0.8093379983620252,136956.09367900033,77.20228505407748
1781535805,20,GET,/api/load/cpu [GET],5.700000,0.000000,10,10,10,10,14,14,25,25,25,25,25,9299,17,85,771.8206176728489,1.4693439989059698,69234.25248000058,44.91773308957953
1781535805,20,GET,/api/load/memory [GET],4.800000,0.000000,5,5,6,7,10,11,25,25,25,25,25,9297,15,23,537.8623358659929,1.2431080031092279,136956.09367900033,51.91610196837689
1781535805,20,GET,/api/products [GET],6.500000,0.000000,2,2,2,2,2,2,3,5,5,5,5,12574,22,8,332.43392452583817,0.8093379983620252,136776.4473399984,119.7900429457611
1781535805,20,,Aggregated,17.000000,0.000000,5,7,9,10,10,12,14,25,25,25,25,31170,54,27,524.7895485169696,0.8093379983620252,136956.09367900033,77.20866217516843
1781535806,20,GET,/api/load/cpu [GET],5.300000,0.000000,10,10,10,11,13,14,25,25,25,25,25,9307,17,84,771.1660221131209,1.4693439989059698,69234.25248000058,44.9178038035887
1781535806,20,GET,/api/load/memory [GET],4.300000,0.000000,5,5,6,7,10,11,25,25,25,25,25,9302,15,23,537.5758226185908,1.2431080031092279,136956.09367900033,51.91614706514728
1781535806,20,GET,/api/products [GET],6.300000,0.000000,2,2,2,2,2,2,3,5,5,5,5,12579,22,8,332.3024557136415,0.8093379983620252,136776.4473399984,119.79012640114476
1781535806,20,,Aggregated,15.900000,0.000000,5,9,9,10,10,12,14,25,25,25,25,31188,54,27,524.4903507832158,0.8093379983620252,136956.09367900033,77.20321918686675
1781535807,20,GET,/api/load/cpu [GET],4.900000,0.000000,10,10,10,11,13,14,25,25,25,25,25,9312,17,84,770.7574257877809,1.4693439989059698,69234.25248000058,44.91784793814433
1781535807,20,GET,/api/load/memory [GET],4.200000,0.000000,5,5,6,7,10,12,25,25,25,25,25,9304,15,23,537.4612510961013,1.2431080031092279,136956.09367900033,51.91616509028375
1781535807,20,GET,/api/products [GET],6.600000,0.000000,2,2,2,2,2,2,3,5,5,5,5,12584,22,8,332.17104808501983,0.8093379983620252,136776.4473399984,119.79020979020979
1781535807,20,,Aggregated,15.700000,0.000000,5,9,9,10,10,12,14,25,25,25,25,31200,54,27,524.2908044306387,0.8093379983620252,136956.09367900033,77.20330128205129
1781535808,20,GET,/api/load/cpu [GET],4.700000,0.000000,10,10,11,11,13,14,17,25,25,25,25,9318,17,84,770.2680693830018,1.4693439989059698,69234.25248000058,44.917900837089505
1781535808,20,GET,/api/load/memory [GET],4.200000,0.000000,5,5,6,7,10,12,25,25,25,25,25,9307,15,23,537.289651127982,1.2431080031092279,136956.09367900033,51.916192113462984
1781535808,20,GET,/api/products [GET],6.900000,0.000000,2,2,2,2,2,2,3,5,5,5,5,12593,22,8,331.93479249256615,0.8093379983620252,136776.4473399984,119.790359723656
1781535808,20,,Aggregated,15.800000,0.000000,5,9,10,10,11,12,14,25,25,25,25,31218,54,27,523.991527177203,0.8093379983620252,136956.09367900033,77.20702799666859
1781535809,20,GET,/api/load/cpu [GET],4.800000,0.000000,10,10,10,11,12,13,14,14,14,14,14,9319,17,84,770.1864611068584,1.4693439989059698,69234.25248000058,44.91790964695783
1781535809,20,GET,/api/load/memory [GET],4.300000,0.000000,5,5,6,7,10,12,57,57,57,57,57,9314,15,23,536.8953650685128,1.2431080031092279,136956.09367900033,51.916255099849685
1781535809,20,GET,/api/products [GET],6.600000,0.000000,2,2,2,2,2,2,3,5,5,5,5,12601,22,8,331.72504627925514,0.8093379983620252,136776.4473399984,119.79049281803032
1781535809,20,,Aggregated,15.700000,0.000000,5,9,9,10,10,12,13,25,57,57,57,31234,54,26,523.7266558707796,0.8093379983620252,136956.09367900033,77.21130818979317
1781535810,20,GET,/api/load/cpu [GET],5.000000,0.000000,10,10,11,11,12,13,14,14,14,14,14,9323,17,83,769.8605094919888,1.4693439989059698,69234.25248000058,44.91794486753191
1781535810,20,GET,/api/load/memory [GET],4.200000,0.000000,5,5,5,7,10,12,57,57,57,57,57,9320,15,23,536.5528814905713,1.2431080031092279,136956.09367900033,51.91630901287554
1781535810,20,GET,/api/products [GET],6.400000,0.000000,2,2,2,2,2,2,3,5,5,5,5,12607,22,8,331.56797629466973,0.8093379983620252,136776.4473399984,119.79059252796065
1781535810,20,,Aggregated,15.600000,0.000000,5,9,9,10,11,12,13,25,57,57,57,31250,54,26,523.4611156042537,0.8093379983620252,136956.09367900033,77.21056
1781535811,20,GET,/api/load/cpu [GET],5.100000,0.000000,10,10,11,11,12,13,14,14,14,14,14,9327,17,83,769.5348883365291,1.4693439989059698,69234.25248000058,44.91798005789643
1781535811,20,GET,/api/load/memory [GET],4.000000,0.000000,5,5,5,7,10,12,57,57,57,57,57,9324,15,22,536.3247973712055,1.2431080031092279,136956.09367900033,51.91634491634492
1781535811,20,GET,/api/products [GET],6.400000,0.000000,2,2,2,2,2,2,3,5,5,5,5,12611,22,8,331.46330931265555,0.8093379983620252,136776.4473399984,119.79065894853699
1781535811,20,,Aggregated,15.500000,0.000000,5,8,9,10,11,12,14,25,57,57,57,31262,54,26,523.2623667054544,0.8093379983620252,136956.09367900033,77.20868786386028
1781535812,20,GET,/api/load/cpu [GET],4.800000,0.000000,10,10,11,11,12,13,14,14,14,14,14,9330,17,83,769.2908810372784,1.4693439989059698,69234.25248000058,44.91800643086817
1781535812,20,GET,/api/load/memory [GET],4.100000,0.000000,5,5,5,6,10,12,57,57,57,57,57,9331,15,22,535.9260545139982,1.2431080031092279,136956.09367900033,51.91640767334691
1781535812,20,GET,/api/products [GET],6.500000,0.000000,2,2,2,2,2,2,3,5,5,5,5,12617,22,8,331.3064377744237,0.8093379983620252,136776.4473399984,119.79075850043591
1781535812,20,,Aggregated,15.400000,0.000000,5,7,9,10,11,12,14,25,57,57,57,31278,54,26,522.9970989240975,0.8093379983620252,136956.09367900033,77.20816548372657
1781535813,20,GET,/api/load/cpu [GET],4.900000,0.000000,10,10,11,11,12,13,14,14,14,14,14,9333,17,83,769.0466793877433,1.4693439989059698,69234.25248000058,44.91803278688525
1781535813,20,GET,/api/load/memory [GET],4.600000,0.000000,5,5,5,6,10,12,57,57,57,57,57,9336,15,22,535.6419186854241,1.2431080031092279,136956.09367900033,51.91645244215938
1781535813,20,GET,/api/products [GET],6.200000,0.000000,2,2,2,2,2,2,3,5,5,5,5,12626,22,8,331.0714381122999,0.8093379983620252,136776.4473399984,119.79090765087913
1781535813,20,,Aggregated,15.700000,0.000000,4,5,9,9,11,12,13,25,57,57,57,31295,54,26,522.7152449010679,0.8093379983620252,136956.09367900033,77.2133567662566
1781535814,20,GET,/api/load/cpu [GET],4.500000,0.000000,10,11,11,11,12,13,14,14,14,14,14,9337,17,83,768.721682339275,1.4693439989059698,69234.25248000058,44.91806790189568
1781535814,20,GET,/api/load/memory [GET],4.600000,0.000000,5,5,5,6,10,11,57,57,57,57,57,9340,15,22,535.4150713975502,1.2431080031092279,136956.09367900033,51.91648822269807
1781535814,20,GET,/api/products [GET],5.900000,0.000000,2,2,2,2,2,2,2,3,3,3,3,12632,22,8,330.9149713080984,0.8093379983620252,136776.4473399984,119.79100696643445
1781535814,20,,Aggregated,15.000000,0.000000,4,5,9,10,11,12,14,25,57,57,57,31309,54,26,522.4839193975828,0.8093379983620252,136956.09367900033,77.21421955348302
1781535815,20,GET,/api/load/cpu [GET],4.200000,0.000000,10,11,11,11,12,13,14,14,14,14,14,9342,17,82,768.3158352246643,1.4693439989059698,69234.25248000058,44.91811175337187
1781535815,20,GET,/api/load/memory [GET],4.700000,0.000000,5,5,5,5,7,10,57,57,57,57,57,9346,15,22,535.0742476776283,1.2431080031092279,136956.09367900033,51.91654183607961
1781535815,20,GET,/api/products [GET],5.900000,0.000000,2,2,2,2,2,2,2,3,3,3,3,12637,22,8,330.784678734581,0.8093379983620252,136776.4473399984,119.79108965735539
1781535815,20,,Aggregated,14.800000,0.000000,4,5,9,10,11,12,13,14,57,57,57,31325,54,26,522.2198383601888,0.8093379983620252,136956.09367900033,77.2110774142059
1781535816,20,GET,/api/load/cpu [GET],4.000000,0.000000,10,11,11,11,12,13,14,14,14,14,14,9347,17,82,767.9100279811507,1.4693439989059698,69234.25248000058,44.91815555793303
1781535816,20,GET,/api/load/memory [GET],5.000000,0.000000,5,5,5,5,7,10,57,57,57,57,57,9349,15,22,534.9042506801917,1.2431080031092279,136956.09367900033,51.91656861696438
1781535816,20,GET,/api/products [GET],6.700000,0.000000,2,2,2,2,2,2,2,3,3,3,3,12644,22,8,330.60239997990345,0.8093379983620252,136776.4473399984,119.7912053147738
1781535816,20,,Aggregated,15.700000,0.000000,4,5,9,10,11,12,13,14,57,57,57,31340,54,26,521.9722915282359,0.8093379983620252,136956.09367900033,77.21308232291003
1781535817,20,GET,/api/load/cpu [GET],3.800000,0.000000,10,10,11,11,12,13,14,14,14,14,14,9355,17,81,767.261592597201,1.4693439989059698,69234.25248000058,44.918225547835384
1781535817,20,GET,/api/load/memory [GET],4.900000,0.000000,5,5,5,5,8,10,57,57,57,57,57,9353,15,22,534.6780267596605,1.2431080031092279,136956.09367900033,51.91660429808618
1781535817,20,GET,/api/products [GET],6.300000,0.000000,2,2,2,2,2,2,2,3,3,3,3,12652,22,8,330.3943375529483,0.8093379983620252,136776.4473399984,119.79133733797028
1781535817,20,,Aggregated,15.000000,0.000000,4,5,9,9,10,12,13,14,57,57,57,31360,54,26,521.6430147241681,0.8093379983620252,136956.09367900033,77.2125637755102
1781535818,20,GET,/api/load/cpu [GET],4.200000,0.000000,10,10,11,11,12,12,14,14,14,14,14,9359,17,81,766.9379810901603,1.4693439989059698,69234.25248000058,44.91826049791644
1781535818,20,GET,/api/load/memory [GET],4.800000,0.000000,5,5,5,5,8,10,57,57,57,57,57,9358,15,22,534.3948904731891,1.2431080031092279,136956.09367900033,51.91664885659329
1781535818,20,GET,/api/products [GET],6.200000,0.000000,2,2,2,2,2,2,2,3,3,3,3,12656,22,8,330.2903355067087,0.8093379983620252,136776.4473399984,119.79140328697851
1781535818,20,,Aggregated,15.200000,0.000000,4,5,9,9,10,11,12,14,57,57,57,31373,54,26,521.4290771122911,0.8093379983620252,136956.09367900033,77.2098938577758
1781535819,20,GET,/api/load/cpu [GET],4.200000,0.000000,10,10,11,11,12,12,14,14,14,14,14,9367,17,81,766.2913123692547,1.4693439989059698,69234.25248000058,44.918330308529946
1781535819,20,GET,/api/load/memory [GET],4.700000,0.000000,5,5,5,5,7,9,10,10,10,10,10,9364,15,21,534.0560175734839,1.2431080031092279,136956.09367900033,51.91670226398975
1781535819,20,GET,/api/products [GET],6.400000,0.000000,2,2,2,2,2,2,2,2,2,2,2,12661,22,8,330.16046660989707,0.8093379983620252,136776.4473399984,119.79148566463944
1781535819,20,,Aggregated,15.300000,0.000000,4,7,9,10,10,11,12,13,14,14,14,31392,54,25,521.117257239708,0.8093379983620252,136956.09367900033,77.20368246687055
1781535820,20,GET,/api/load/cpu [GET],4.300000,0.000000,10,10,10,11,12,12,14,14,14,14,14,9369,17,80,766.1298027288728,1.4693439989059698,69234.25248000058,44.918347742555234
1781535820,20,GET,/api/load/memory [GET],4.700000,0.000000,5,5,5,5,7,9,10,10,10,10,10,9368,15,21,533.8298877120092,1.2431080031092279,136956.09367900033,51.916737830913746
1781535820,20,GET,/api/products [GET],6.700000,0.000000,2,2,2,2,2,2,2,2,2,2,2,12669,22,8,329.9530238369973,0.8093379983620252,136776.4473399984,119.79161733364907
1781535820,20,,Aggregated,15.700000,0.000000,4,5,9,10,10,11,12,13,14,14,14,31406,54,25,520.8865620850768,0.8093379983620252,136956.09367900033,77.20932305928804
1781535821,20,GET,/api/load/cpu [GET],4.300000,0.000000,10,10,10,11,11,12,13,13,13,13,13,9373,17,80,765.8070785451625,1.4693439989059698,69234.25248000058,44.9183825882855
1781535821,20,GET,/api/load/memory [GET],5.000000,0.000000,5,5,5,5,8,9,10,10,10,10,10,9371,15,21,533.6607927013232,1.2431080031092279,136956.09367900033,51.91676448618077
1781535821,20,GET,/api/products [GET],6.100000,0.000000,2,2,2,2,2,2,2,2,2,2,2,12678,22,7,329.71992536614016,0.8093379983620252,136776.4473399984,119.79176526265972
1781535821,20,,Aggregated,15.400000,0.000000,4,5,9,10,10,11,11,12,13,13,13,31422,54,25,520.6235837756961,0.8093379983620252,136956.09367900033,77.21507224237796
1781535822,20,GET,/api/load/cpu [GET],4.900000,0.000000,10,10,10,11,11,12,13,13,13,13,13,9379,17,80,765.3237958073152,1.4693439989059698,69234.25248000058,44.918434801151506
1781535822,20,GET,/api/load/memory [GET],5.000000,0.000000,5,5,5,5,8,9,10,10,10,10,10,9376,15,21,533.3790440545109,1.2431080031092279,136956.09367900033,51.916808873720136
1781535822,20,GET,/api/products [GET],5.800000,0.000000,2,2,2,2,2,2,2,3,3,3,3,12684,22,7,329.56477988110436,0.8093379983620252,136776.4473399984,119.7918637653737
1781535822,20,,Aggregated,15.700000,0.000000,4,7,9,10,10,11,12,13,13,13,13,31439,54,25,520.3452230014925,0.8093379983620252,136956.09367900033,77.21307929641529
1781535823,20,GET,/api/load/cpu [GET],4.400000,0.000000,10,10,10,11,11,12,13,13,13,13,13,9383,17,80,765.0017412115324,1.4693439989059698,69234.25248000058,44.91846957263135
1781535823,20,GET,/api/load/memory [GET],4.700000,0.000000,5,5,5,5,7,8,9,9,9,9,9,9379,15,21,533.2098496427226,1.2431080031092279,136956.09367900033,51.91683548352703
1781535823,20,GET,/api/products [GET],6.200000,0.000000,2,2,2,2,2,2,2,3,3,3,3,12694,22,7,329.30636310949507,0.8093379983620252,136776.4473399984,119.79202772963605
1781535823,20,,Aggregated,15.300000,0.000000,4,7,9,10,10,11,12,13,13,13,13,31456,54,25,520.0661715061967,0.8093379983620252,136956.09367900033,77.22018056968464
1781535824,20,GET,/api/load/cpu [GET],4.600000,0.000000,10,10,10,11,11,12,13,13,13,13,13,9386,17,80,764.7606584962507,1.4693439989059698,69234.25248000058,44.918495631792034
1781535824,20,GET,/api/load/memory [GET],4.700000,0.000000,5,5,5,5,7,9,9,9,9,9,9,9382,15,21,533.0408329586544,1.2431080031092279,136956.09367900033,51.91686207631635
1781535824,20,GET,/api/products [GET],6.600000,0.000000,2,2,2,2,2,2,2,3,3,3,3,12701,22,7,329.1257181243941,0.8093379983620252,136776.4473399984,119.79214235099599
1781535824,20,,Aggregated,15.900000,0.000000,4,7,9,10,10,11,12,13,13,13,13,31469,54,25,519.8531374165663,0.8093379983620252,136956.09367900033,77.22422066160348
1781535825,20,GET,/api/load/cpu [GET],4.800000,0.000000,10,10,10,10,11,12,13,13,13,13,13,9392,17,79,764.2784334744264,1.4693439989059698,69234.25248000058,44.91854770017036
1781535825,20,GET,/api/load/memory [GET],4.400000,0.000000,5,5,5,6,7,9,9,9,9,9,9,9385,15,21,532.8722159777409,1.2431080031092279,136956.09367900033,51.91688865210442
1781535825,20,GET,/api/products [GET],6.900000,0.000000,2,2,2,2,2,2,2,3,3,3,3,12709,22,7,328.91946144676433,0.8093379983620252,136776.4473399984,119.79227319222598
1781535825,20,,Aggregated,16.100000,0.000000,4,7,9,10,10,11,12,12,13,13,13,31486,54,25,519.5752470834634,0.8093379983620252,136956.09367900033,77.2265451311694
1781535826,20,GET,/api/load/cpu [GET],5.000000,0.000000,10,10,10,10,11,12,13,15,15,15,15,9400,17,79,763.6369189487039,1.4693439989059698,69234.25248000058,44.918617021276596
1781535826,20,GET,/api/load/memory [GET],4.200000,0.000000,5,5,5,6,8,9,10,10,10,10,10,9390,15,21,532.5914592356867,1.2431080031092279,136956.09367900033,51.91693290734824
1781535826,20,GET,/api/products [GET],6.700000,0.000000,1,2,2,2,2,2,2,3,3,3,3,12714,22,7,328.7906715998846,0.8093379983620252,136776.4473399984,119.79235488437942
1781535826,20,,Aggregated,15.900000,0.000000,4,8,9,10,10,11,12,13,15,15,15,31504,54,25,519.2821685837333,0.8093379983620252,136956.09367900033,77.22114652107669
1781535827,20,GET,/api/load/cpu [GET],5.000000,0.000000,10,10,10,10,12,12,15,15,15,15,15,9406,17,79,763.1561119439523,1.4693439989059698,69234.25248000058,44.91866893472252
1781535827,20,GET,/api/load/memory [GET],4.100000,0.000000,5,5,5,6,8,9,10,10,10,10,10,9393,15,21,532.4234688243474,1.2431080031092279,136956.09367900033,51.91695943787927
1781535827,20,GET,/api/products [GET],6.900000,0.000000,1,2,2,2,2,2,2,3,3,3,3,12716,22,7,328.73919002421593,0.8093379983620252,136776.4473399984,119.7923875432526
1781535827,20,,Aggregated,16.000000,0.000000,4,8,9,10,10,11,12,13,15,15,15,31515,54,25,519.103524415673,0.8093379983620252,136956.09367900033,77.21532603522132
1781535828,20,GET,/api/load/cpu [GET],4.900000,0.000000,10,10,10,11,12,13,15,15,15,15,15,9411,17,79,762.7559958786322,1.4693439989059698,69234.25248000058,44.91871214536181
1781535828,20,GET,/api/load/memory [GET],4.000000,0.000000,5,5,5,6,8,9,10,10,10,10,10,9399,15,21,532.0869707059361,1.2431080031092279,136956.09367900033,51.91701244813278
1781535828,20,GET,/api/products [GET],7.000000,0.000000,1,2,2,2,2,2,2,3,3,3,3,12726,22,7,328.48208756278024,0.8093379983620252,136776.4473399984,119.79255068363979
1781535828,20,,Aggregated,15.900000,0.000000,4,8,9,10,10,11,12,13,15,15,15,31536,54,24,518.7609449899459,0.8093379983620252,136956.09367900033,77.21898782343987
1781535829,20,GET,/api/load/cpu [GET],5.200000,0.000000,10,10,10,10,12,13,15,15,15,15,15,9414,17,78,762.5160114370946,1.4693439989059698,69234.25248000058,44.91873804971319
1781535829,20,GET,/api/load/memory [GET],4.100000,0.000000,5,5,6,7,8,9,10,10,10,10,10,9404,15,21,531.8071597013073,1.2431080031092279,136956.09367900033,51.91705657167163
1781535829,20,GET,/api/products [GET],7.000000,0.000000,1,2,2,2,2,2,2,3,3,3,3,12735,22,7,328.2509402187628,0.8093379983620252,136776.4473399984,119.7926972909305
1781535829,20,,Aggregated,16.300000,0.000000,4,6,9,10,10,11,12,13,15,15,15,31553,54,24,518.4836936324895,0.8093379983620252,136956.09367900033,77.2241308274966
1781535830,20,GET,/api/load/cpu [GET],5.100000,0.000000,10,10,10,10,12,13,15,15,15,15,15,9418,17,78,762.1961907367602,1.4693439989059698,69234.25248000058,44.918772563176894
1781535830,20,GET,/api/load/memory [GET],4.100000,0.000000,5,5,6,7,8,9,10,10,10,10,10,9407,15,21,531.6390780320079,1.2431080031092279,136956.09367900033,51.91708302328053
1781535830,20,GET,/api/products [GET],6.500000,0.000000,1,2,2,2,2,2,3,3,3,3,3,12745,22,7,327.99473210748954,0.8093379983620252,136776.4473399984,119.7928599450765
1781535830,20,,Aggregated,15.700000,0.000000,4,7,9,10,10,11,12,13,15,15,15,31570,54,24,518.2066959808665,0.8093379983620252,136956.09367900033,77.23120050681027
1781535831,20,GET,/api/load/cpu [GET],5.000000,0.000000,10,10,10,11,13,15,93,93,93,93,93,9422,17,78,761.8897676282966,1.4693439989059698,69234.25248000058,44.918807047336024
1781535831,20,GET,/api/load/memory [GET],4.200000,0.000000,5,5,6,7,9,10,80,80,80,80,80,9413,15,21,531.3153790576968,1.2431080031092279,136956.09367900033,51.91713587591629
1781535831,20,GET,/api/products [GET],7.000000,0.000000,1,2,2,2,2,2,3,3,3,3,3,12751,22,7,327.841110445373,0.8093379983620252,136776.4473399984,119.7929574151047
1781535831,20,,Aggregated,16.200000,0.000000,4,7,9,10,10,12,42,80,93,93,93,31586,54,24,517.954126921831,0.8093379983620252,136956.09367900033,77.23045019945546
1781535832,20,GET,/api/load/cpu [GET],4.600000,0.000000,10,10,10,10,12,15,93,93,93,93,93,9426,17,78,761.5706720541917,1.4693439989059698,69234.25248000058,44.91884150222788
1781535832,20,GET,/api/load/memory [GET],4.000000,0.000000,5,5,6,7,9,10,80,80,80,80,80,9418,15,21,531.0359198029407,1.2431080031092279,136956.09367900033,51.91717986833723
1781535832,20,GET,/api/products [GET],7.600000,0.000000,1,2,2,2,2,2,2,3,3,3,3,12759,22,7,327.6365054060626,0.8093379983620252,136776.4473399984,119.79308723254174
1781535832,20,,Aggregated,16.200000,0.000000,4,7,9,10,10,12,42,80,93,93,93,31603,54,24,517.6779299421876,0.8093379983620252,136956.09367900033,77.23320570831883
1781535833,20,GET,/api/load/cpu [GET],4.900000,0.000000,10,10,10,11,12,15,93,93,93,93,93,9432,17,77,761.0928047941907,1.4693439989059698,69234.25248000058,44.91889312977099
1781535833,20,GET,/api/load/memory [GET],3.900000,0.000000,5,5,7,7,9,42,80,80,80,80,80,9420,15,21,530.9242219320698,1.2431080031092279,136956.09367900033,51.9171974522293
1781535833,20,GET,/api/products [GET],7.600000,0.000000,1,2,2,2,2,2,2,3,3,3,3,12763,22,7,327.53426007701563,0.8093379983620252,136776.4473399984,119.79315208023192
1781535833,20,,Aggregated,16.400000,0.000000,5,9,9,10,10,12,42,80,93,93,93,31615,54,24,517.4838926706294,0.8093379983620252,136956.09367900033,77.23090305234857
1781535834,20,GET,/api/load/cpu [GET],4.800000,0.000000,10,10,10,11,12,15,93,93,93,93,93,9435,17,77,760.8539269766621,1.4693439989059698,69234.25248000058,44.91891891891892
1781535834,20,GET,/api/load/memory [GET],4.200000,0.000000,5,5,7,7,9,42,80,80,80,80,80,9423,15,21,530.7566997597473,1.2431080031092279,136956.09367900033,51.91722381407195
1781535834,20,GET,/api/products [GET],7.400000,0.000000,1,2,2,2,2,2,2,3,3,3,3,12776,22,7,327.2025238519061,0.8093379983620252,136776.4473399984,119.79336255479024
1781535834,20,,Aggregated,16.400000,0.000000,4,7,9,10,10,12,42,80,93,93,93,31634,54,24,517.1750846428829,0.8093379983620252,136956.09367900033,77.24302965164064
1781535835,20,GET,/api/load/cpu [GET],4.700000,0.000000,10,10,11,12,15,21,93,93,93,93,93,9439,17,77,760.538350819558,1.4693439989059698,69234.25248000058,44.91895327894904
1781535835,20,GET,/api/load/memory [GET],4.200000,0.000000,5,5,5,7,9,10,80,80,80,80,80,9429,15,20,530.4220074675045,1.2431080031092279,136956.09367900033,51.91727648743239
1781535835,20,GET,/api/products [GET],7.300000,0.000000,1,2,2,2,2,2,2,3,3,3,3,12780,22,7,327.1005926426413,0.8093379983620252,136776.4473399984,119.79342723004694
1781535835,20,,Aggregated,16.200000,0.000000,4,7,9,10,10,13,42,80,93,93,93,31648,54,24,516.949449436614,0.8093379983620252,136956.09367900033,77.2395728008089
1781535836,20,GET,/api/load/cpu [GET],4.900000,0.000000,10,10,11,11,13,21,93,93,93,93,93,9444,17,77,760.1407280148039,1.4693439989059698,69234.25248000058,44.91899618805591
1781535836,20,GET,/api/load/memory [GET],4.100000,0.000000,5,5,5,7,9,10,80,80,80,80,80,9435,15,20,530.0880953117223,1.2431080031092279,136956.09367900033,51.91732909379968
1781535836,20,GET,/api/products [GET],6.800000,0.000000,2,2,2,2,2,2,3,4,4,4,4,12788,22,7,326.89723683742244,0.8093379983620252,136776.4473399984,119.79355645918048
1781535836,20,,Aggregated,15.800000,0.000000,4,5,9,9,10,13,42,80,93,93,93,31667,54,24,516.6423115329827,0.8093379983620252,136956.09367900033,77.2405027315502
1781535837,20,GET,/api/load/cpu [GET],4.900000,0.000000,10,10,11,11,13,21,93,93,93,93,93,9448,17,77,759.8231936790655,1.4693439989059698,69234.25248000058,44.91903048264183
1781535837,20,GET,/api/load/memory [GET],4.000000,0.000000,5,5,5,5,8,10,80,80,80,80,80,9440,15,20,529.81030092035,1.2431080031092279,136956.09367900033,51.91737288135593
1781535837,20,GET,/api/products [GET],7.600000,0.000000,2,2,2,2,2,2,3,4,4,4,4,12793,22,7,326.77005501203473,0.8093379983620252,136776.4473399984,119.79363714531384
1781535837,20,,Aggregated,16.500000,0.000000,4,5,9,9,10,12,42,80,93,93,93,31681,54,24,516.4164037857697,0.8093379983620252,136956.09367900033,77.23919699504435
1781535838,20,GET,/api/load/cpu [GET],4.700000,0.000000,10,10,11,11,13,21,93,93,93,93,93,9452,17,77,759.5058016716897,1.4693439989059698,69234.25248000058,44.919064748201436
1781535838,20,GET,/api/load/memory [GET],4.300000,0.000000,5,5,5,7,8,10,80,80,80,80,80,9443,15,20,529.6438161310077,1.2431080031092279,136956.09367900033,51.917399131631896
1781535838,20,GET,/api/products [GET],7.100000,0.000000,1,2,2,2,2,2,3,4,4,4,4,12800,22,7,326.59216113710653,0.8093379983620252,136776.4473399984,119.79375
1781535838,20,,Aggregated,16.100000,0.000000,4,5,9,9,10,12,42,80,93,93,93,31695,54,24,516.1904103385699,0.8093379983620252,136956.09367900033,77.2421833096703
1781535839,20,GET,/api/load/cpu [GET],4.300000,0.000000,10,10,11,11,13,21,93,93,93,93,93,9461,17,76,758.7923313421222,1.4693439989059698,69234.25248000058,44.919141739773806
1781535839,20,GET,/api/load/memory [GET],4.400000,0.000000,5,5,5,6,8,10,80,80,80,80,80,9448,15,20,529.3661526879871,1.2431080031092279,136956.09367900033,51.91744284504657
1781535839,20,GET,/api/products [GET],7.300000,0.000000,2,2,2,2,2,2,2,4,4,4,4,12806,22,7,326.4398811325915,0.8093379983620252,136776.4473399984,119.79384663439014
1781535839,20,,Aggregated,16.000000,0.000000,5,7,9,9,10,12,42,80,93,93,93,31715,54,24,515.868667041084,0.8093379983620252,136956.09367900033,77.23714330758317
1781535840,20,GET,/api/load/cpu [GET],4.100000,0.000000,10,10,11,11,13,21,93,93,93,93,93,9467,17,76,758.3176032342683,1.4693439989059698,69234.25248000058,44.91919298616246
1781535840,20,GET,/api/load/memory [GET],4.600000,0.000000,5,5,5,6,8,10,80,80,80,80,80,9451,15,20,529.1995287220515,1.2431080031092279,136956.09367900033,51.917469050894084
1781535840,20,GET,/api/products [GET],7.600000,0.000000,2,2,2,2,2,2,2,4,4,4,4,12813,22,7,326.26245935104686,0.8093379983620252,136776.4473399984,119.79395926012643
1781535840,20,,Aggregated,16.300000,0.000000,5,7,9,9,10,12,42,80,93,93,93,31731,54,23,515.6111810984836,0.8093379983620252,136956.09367900033,77.23809523809524
1781535841,20,GET,/api/load/cpu [GET],4.200000,0.000000,9,10,10,11,12,13,21,21,21,21,21,9471,17,76,758.0012346125875,1.4693439989059698,69234.25248000058,44.91922711434906
1781535841,20,GET,/api/load/memory [GET],4.300000,0.000000,5,5,5,6,8,9,10,10,10,10,10,9457,15,20,528.8679147320611,1.2431080031092279,136956.09367900033,51.91752141271016
1781535841,20,GET,/api/products [GET],7.400000,0.000000,2,2,2,2,2,2,2,4,4,4,4,12822,22,7,326.03452569723726,0.8093379983620252,136776.4473399984,119.79410388394946
1781535841,20,,Aggregated,15.900000,0.000000,4,7,9,9,10,11,12,21,21,21,21,31750,54,23,515.3054567284091,0.8093379983620252,136956.09367900033,77.24138582677165
1781535842,20,GET,/api/load/cpu [GET],4.800000,0.000000,9,10,11,11,12,13,21,21,21,21,21,9477,17,75,757.5278566976698,1.4693439989059698,69234.25248000058,44.91927825261158
1781535842,20,GET,/api/load/memory [GET],4.500000,0.000000,5,5,5,7,8,9,10,10,10,10,10,9458,15,20,528.8127082084061,1.2431080031092279,136956.09367900033,51.91753013322055
1781535842,20,GET,/api/products [GET],6.900000,0.000000,2,2,2,2,2,2,2,4,4,4,4,12831,22,7,325.80690415049264,0.8093379983620252,136776.4473399984,119.79424830488661
1781535842,20,,Aggregated,16.200000,0.000000,4,8,9,9,10,11,12,21,21,21,21,31766,54,23,515.0484945952901,0.8093379983620252,136956.09367900033,77.24661587861235
1781535843,20,GET,/api/load/cpu [GET],4.900000,0.000000,9,10,10,11,12,13,21,21,21,21,21,9479,17,75,757.3700752736382,1.4693439989059698,69234.25248000058,44.91929528431269
1781535843,20,GET,/api/load/memory [GET],4.400000,0.000000,5,5,6,7,8,9,10,10,10,10,10,9464,15,20,528.4812477111267,1.2431080031092279,136956.09367900033,51.917582417582416
1781535843,20,GET,/api/products [GET],6.700000,0.000000,2,2,2,2,2,2,2,4,4,4,4,12837,22,7,325.65536897281083,0.8093379983620252,136776.4473399984,119.79434447300771
1781535843,20,,Aggregated,16.000000,0.000000,4,7,9,9,10,11,12,21,21,21,21,31780,54,23,514.8236451655439,0.8093379983620252,136956.09367900033,77.24789175582127
1781535844,20,GET,/api/load/cpu [GET],4.900000,0.000000,10,10,10,11,11,12,21,21,21,21,21,9483,17,75,757.0548810404744,1.4693439989059698,69234.25248000058,44.919329326162604
1781535844,20,GET,/api/load/memory [GET],4.400000,0.000000,5,5,5,7,8,9,10,10,10,10,10,9472,15,20,528.039063076763,1.2431080031092279,136956.09367900033,51.917652027027025
1781535844,20,GET,/api/products [GET],7.000000,0.000000,2,2,2,2,2,2,2,4,4,4,4,12843,22,7,325.5040590844023,0.8093379983620252,136776.4473399984,119.79444055127307
1781535844,20,,Aggregated,16.300000,0.000000,5,7,9,9,10,11,12,21,21,21,21,31798,54,23,514.5350674001819,0.8093379983620252,136956.09367900033,77.24555003459336
1781535845,20,GET,/api/load/cpu [GET],5.100000,0.000000,10,10,10,11,11,12,15,15,15,15,15,9489,17,75,756.5829929650989,1.4693439989059698,69234.25248000058,44.919380335124885
1781535845,20,GET,/api/load/memory [GET],4.000000,0.000000,5,5,6,7,8,9,10,10,10,10,10,9477,15,20,527.7631392353173,1.2431080031092279,136956.09367900033,51.91769547325103
1781535845,20,GET,/api/products [GET],7.200000,0.000000,2,2,2,2,2,2,2,4,4,4,4,12846,22,7,325.42841000933976,0.8093379983620252,136776.4473399984,119.79448855674919
1781535845,20,,Aggregated,16.300000,0.000000,5,8,9,9,10,11,11,12,15,15,15,31812,54,23,514.3116008348733,0.8093379983620252,136956.09367900033,77.23953225198038
1781535846,20,GET,/api/load/cpu [GET],4.700000,0.000000,10,10,10,11,11,12,15,15,15,15,15,9494,17,75,756.1894523935987,1.4693439989059698,69234.25248000058,44.919422793343166
1781535846,20,GET,/api/load/memory [GET],4.300000,0.000000,5,5,7,7,8,9,10,10,10,10,10,9482,15,20,527.4880534814499,1.2431080031092279,136956.09367900033,51.917738873655345
1781535846,20,GET,/api/products [GET],7.300000,0.000000,2,2,2,2,2,2,2,2,2,2,2,12855,22,7,325.20166334220005,0.8093379983620252,136776.4473399984,119.7946324387398
1781535846,20,,Aggregated,16.300000,0.000000,5,8,9,9,10,11,11,12,15,15,15,31831,54,23,514.0074696490841,0.8093379983620252,136956.09367900033,77.2425936979674
1781535847,20,GET,/api/load/cpu [GET],4.700000,0.000000,10,10,11,11,12,17,24,25,25,25,25,9500,17,75,755.7220767040876,1.4693439989059698,69234.25248000058,44.91947368421052
1781535847,20,GET,/api/load/memory [GET],4.900000,0.000000,5,6,7,8,9,16,27,27,27,27,27,9486,15,20,527.2728489469853,1.2431080031092279,136956.09367900033,51.917773561037315
1781535847,20,GET,/api/products [GET],6.600000,0.000000,2,2,2,2,2,2,7,9,9,9,9,12863,22,6,325.0014605937951,0.8093379983620252,136776.4473399984,119.79476016481381
1781535847,20,,Aggregated,16.200000,0.000000,5,9,9,9,10,12,17,25,27,27,27,31849,54,23,513.7229979408459,0.8093379983620252,136956.09367900033,77.24408929636724
1781535848,20,GET,/api/load/cpu [GET],5.000000,0.000000,10,10,11,11,12,22,24,25,25,25,25,9506,17,74,755.2527773401887,1.4693439989059698,69234.25248000058,44.91952451083526
1781535848,20,GET,/api/load/memory [GET],4.800000,0.000000,5,5,7,8,9,16,27,27,27,27,27,9488,15,19,527.1627013161996,1.2431080031092279,136956.09367900033,51.91779089376054
1781535848,20,GET,/api/products [GET],6.700000,0.000000,2,2,2,2,2,3,7,9,9,9,9,12868,22,6,324.8760140181058,0.8093379983620252,136776.4473399984,119.79483991296239
1781535848,20,,Aggregated,16.500000,0.000000,5,9,9,10,11,12,22,25,27,27,27,31862,54,23,513.5163253991902,0.8093379983620252,136956.09367900033,77.24314230117382
1781535850,20,GET,/api/load/cpu [GET],5.000000,0.000000,10,10,11,12,16,22,25,25,25,25,25,9511,17,74,754.8619489475167,1.4693439989059698,69234.25248000058,44.919566817369365
1781535850,20,GET,/api/load/memory [GET],4.700000,0.000000,5,7,8,9,10,17,27,27,27,27,27,9491,15,19,526.9982868981251,1.2431080031092279,136956.09367900033,51.91781687914867
1781535850,20,GET,/api/products [GET],6.700000,0.000000,2,2,2,2,2,3,7,9,9,9,9,12880,22,6,324.5748035194089,0.8093379983620252,136776.4473399984,119.79503105590062
1781535850,20,,Aggregated,16.400000,0.000000,5,9,9,10,11,16,22,25,27,27,27,31882,54,23,513.1972964908099,0.8093379983620252,136956.09367900033,77.25180352550028
1781535851,20,GET,/api/load/cpu [GET],5.200000,0.000000,10,11,11,12,16,22,25,25,25,25,25,9515,17,74,754.5487613550005,1.4693439989059698,69234.25248000058,44.91960063058329
1781535851,20,GET,/api/load/memory [GET],4.600000,0.000000,5,6,7,8,10,17,27,27,27,27,27,9495,15,19,526.7783767327129,1.2431080031092279,136956.09367900033,51.91785150078989
1781535851,20,GET,/api/products [GET],7.000000,0.000000,2,2,2,2,2,3,7,9,9,9,9,12888,22,6,324.37428648409264,0.8093379983620252,136776.4473399984,119.7951582867784
1781535851,20,,Aggregated,16.800000,0.000000,5,9,9,10,11,16,24,25,27,27,27,31898,54,23,512.9421266404478,0.8093379983620252,136956.09367900033,77.25531381277823
1781535852,20,GET,/api/load/cpu [GET],4.900000,0.000000,10,10,11,12,16,22,25,25,25,25,25,9519,17,73,754.2358189159397,1.4693439989059698,69234.25248000058,44.91963441537977
1781535852,20,GET,/api/load/memory [GET],4.200000,0.000000,5,6,7,8,10,17,27,27,27,27,27,9498,15,19,526.6137768210265,1.2431080031092279,136956.09367900033,51.91787744788377
1781535852,20,GET,/api/products [GET],7.400000,0.000000,2,2,2,2,2,3,7,9,9,9,9,12900,22,6,324.07397927464956,0.8093379983620252,136776.4473399984,119.7953488372093
1781535852,20,,Aggregated,16.500000,0.000000,5,8,9,10,10,16,22,25,27,27,27,31917,54,22,512.6391184995456,0.8093379983620252,136956.09367900033,77.2649685120782
1781535853,20,GET,/api/load/cpu [GET],4.900000,0.000000,10,10,11,12,16,22,25,25,25,25,25,9527,17,73,753.6106519732167,1.4693439989059698,69234.25248000058,44.91970189986355
1781535853,20,GET,/api/load/memory [GET],4.200000,0.000000,5,5,7,8,9,17,27,27,27,27,27,9501,15,19,526.4490060000115,1.2431080031092279,136956.09367900033,51.917903378591724
1781535853,20,GET,/api/products [GET],7.400000,0.000000,2,2,2,2,2,3,7,9,9,9,9,12903,22,6,323.99894556281305,0.8093379983620252,136776.4473399984,119.79539641943734
1781535853,20,,Aggregated,16.500000,0.000000,5,9,9,10,11,16,22,25,27,27,27,31931,54,22,512.4173712677964,0.8093379983620252,136956.09367900033,77.25852619711253
1781535854,20,GET,/api/load/cpu [GET],4.800000,0.000000,10,10,11,11,15,22,24,25,25,25,25,9534,17,72,753.0643883701321,1.4693439989059698,69234.25248000058,44.919760855884206
1781535854,20,GET,/api/load/memory [GET],4.400000,0.000000,5,6,7,8,9,17,27,27,27,27,27,9507,15,19,526.1198998348706,1.2431080031092279,136956.09367900033,51.91795519091196
1781535854,20,GET,/api/products [GET],7.500000,0.000000,2,2,2,2,2,3,7,9,9,9,9,12908,22,6,323.87400021157254,0.8093379983620252,136776.4473399984,119.79547567400061
1781535854,20,,Aggregated,16.700000,0.000000,5,9,9,10,11,16,22,25,27,27,27,31949,54,22,512.1319403168177,0.8093379983620252,136956.09367900033,77.2534038624057
1781535855,20,GET,/api/load/cpu [GET],5.000000,0.000000,10,10,10,12,16,22,25,25,25,25,25,9539,17,72,752.6748982981285,1.4693439989059698,69234.25248000058,44.91980291435161
1781535855,20,GET,/api/load/memory [GET],4.300000,0.000000,5,6,8,8,9,17,27,27,27,27,27,9514,15,19,525.7369987505901,1.2431080031092279,136956.09367900033,51.9180155560227
1781535855,20,GET,/api/products [GET],7.200000,0.000000,2,2,2,2,2,3,7,9,9,9,9,12911,22,6,323.7991111370906,0.8093379983620252,136776.4473399984,119.79552319727364
1781535855,20,,Aggregated,16.500000,0.000000,5,9,9,9,10,16,22,25,27,27,27,31964,54,22,511.8945684166568,0.8093379983620252,136956.09367900033,77.24684019521962
1781535856,20,GET,/api/load/cpu [GET],5.500000,0.000000,10,10,11,12,16,22,25,25,25,25,25,9543,17,72,752.3636907840146,1.4693439989059698,69234.25248000058,44.91983652939327
1781535856,20,GET,/api/load/memory [GET],4.300000,0.000000,5,5,7,8,9,17,27,27,27,27,27,9519,15,19,525.463289545763,1.2431080031092279,136956.09367900033,51.9180586196029
1781535856,20,GET,/api/products [GET],7.100000,0.000000,2,2,2,2,2,3,7,9,9,9,9,12917,22,6,323.64944419524494,0.8093379983620252,136776.4473399984,119.79561817759541
1781535856,20,,Aggregated,16.900000,0.000000,5,9,9,10,11,16,24,25,27,27,27,31979,54,22,511.6567630322407,0.8093379983620252,136956.09367900033,77.24688076550235
1781535857,20,GET,/api/load/cpu [GET],5.500000,0.000000,10,10,10,11,12,15,22,22,22,22,22,9545,17,72,752.208299792022,1.4693439989059698,69234.25248000058,44.91985332634887
1781535857,20,GET,/api/load/memory [GET],4.300000,0.000000,5,5,6,7,8,9,9,9,9,9,9,9526,15,19,525.0813908458026,1.2431080031092279,136956.09367900033,51.91811883266848
1781535857,20,GET,/api/products [GET],7.100000,0.000000,2,2,2,2,2,2,2,4,4,4,4,12922,22,6,323.52477232587677,0.8093379983620252,136776.4473399984,119.795697260486
1781535857,20,,Aggregated,16.900000,0.000000,5,8,9,9,10,11,15,16,22,22,22,31993,54,22,511.4350219956561,0.8093379983620252,136956.09367900033,77.24602256743663
1781535858,20,GET,/api/load/cpu [GET],5.300000,0.000000,10,10,10,11,12,13,16,16,16,16,16,9551,17,71,751.7420987806352,1.4693439989059698,69234.25248000058,44.91990367500785
1781535858,20,GET,/api/load/memory [GET],4.200000,0.000000,5,5,6,7,8,9,12,12,12,12,12,9534,15,19,524.6459698833775,1.2431080031092279,136956.09367900033,51.91818753933291
1781535858,20,GET,/api/products [GET],7.000000,0.000000,2,2,2,2,2,2,2,4,4,4,4,12927,22,6,323.40049038353675,0.8093379983620252,136776.4473399984,119.79577628220005
1781535858,20,,Aggregated,16.500000,0.000000,5,8,9,9,10,11,13,15,16,16,16,32012,54,22,511.13524932868995,0.8093379983620252,136956.09367900033,77.24034736973636
1781535859,20,GET,/api/load/cpu [GET],5.100000,0.000000,10,10,10,11,11,12,13,13,13,13,13,9553,17,71,751.58670076812,1.4693439989059698,69234.25248000058,44.91992044383963
1781535859,20,GET,/api/load/memory [GET],4.400000,0.000000,5,5,5,6,8,8,12,12,12,12,12,9537,15,19,524.4823721738614,1.2431080031092279,136956.09367900033,51.91821327461466
1781535859,20,GET,/api/products [GET],6.700000,0.000000,2,2,2,2,2,2,2,4,4,4,4,12934,22,6,323.22630187149934,0.8093379983620252,136776.4473399984,119.79588680995825
1781535859,20,,Aggregated,16.200000,0.000000,5,7,9,9,10,11,12,12,13,13,13,32024,54,22,510.9450763260684,0.8093379983620252,136956.09367900033,77.24531601299026
1781535860,20,GET,/api/load/cpu [GET],5.100000,0.000000,10,10,10,11,12,12,13,13,13,13,13,9557,17,71,751.2763069271581,1.4693439989059698,69234.25248000058,44.91995396044784
1781535860,20,GET,/api/load/memory [GET],4.400000,0.000000,5,5,5,6,8,8,12,12,12,12,12,9543,15,19,524.1557987800606,1.2431080031092279,136956.09367900033,51.91826469663628
1781535860,20,GET,/api/products [GET],6.700000,0.000000,2,2,2,2,2,2,2,4,4,4,4,12942,22,6,323.02741386856496,0.8093379983620252,136776.4473399984,119.79601298099212
1781535860,20,,Aggregated,16.200000,0.000000,5,7,9,9,10,11,12,13,13,13,13,32042,54,22,510.66060930491244,0.8093379983620252,136956.09367900033,77.24723800012484
1781535861,20,GET,/api/load/cpu [GET],4.700000,0.000000,10,10,11,11,12,13,13,13,13,13,13,9559,17,70,751.1213109449574,1.4693439989059698,69234.25248000058,44.91997070823308
1781535861,20,GET,/api/load/memory [GET],4.800000,0.000000,5,5,5,6,8,9,12,12,12,12,12,9548,15,19,523.8842434645073,1.2431080031092279,136956.09367900033,51.91830749895266
1781535861,20,GET,/api/products [GET],6.400000,0.000000,2,2,2,2,2,2,2,4,4,4,4,12950,22,6,322.8288677632408,0.8093379983620252,136776.4473399984,119.79613899613899
1781535861,20,,Aggregated,15.900000,0.000000,5,7,9,9,10,11,12,13,13,13,13,32057,54,22,510.4235956407648,0.8093379983620252,136956.09367900033,77.25195745079078
1781535862,20,GET,/api/load/cpu [GET],4.700000,0.000000,9,10,11,11,12,13,13,13,13,13,13,9565,17,70,750.6562683537737,1.4693439989059698,69234.25248000058,44.92002090956613
1781535862,20,GET,/api/load/memory [GET],4.800000,0.000000,5,5,6,7,8,9,12,12,12,12,12,9549,15,19,523.830299843975,1.2431080031092279,136956.09367900033,51.91831605403707
1781535862,20,GET,/api/products [GET],6.400000,0.000000,2,2,2,2,2,3,3,4,4,4,4,12957,22,6,322.65548632993523,0.8093379983620252,136776.4473399984,119.79624913174347
1781535862,20,,Aggregated,15.900000,0.000000,5,7,9,9,10,11,12,13,13,13,13,32071,54,22,510.20329507626815,0.8093379983620252,136956.09367900033,77.25446665211562
1781535863,20,GET,/api/load/cpu [GET],4.600000,0.000000,10,10,11,11,12,13,13,13,13,13,13,9570,17,70,750.2691809021782,1.4693439989059698,69234.25248000058,44.92006269592476
1781535863,20,GET,/api/load/memory [GET],5.200000,0.000000,5,5,5,7,9,9,12,12,12,12,12,9556,15,19,523.4504571221343,1.2431080031092279,136956.09367900033,51.91837588949351
1781535863,20,GET,/api/products [GET],6.200000,0.000000,2,2,2,2,2,3,3,4,4,4,4,12963,22,6,322.50686095132073,0.8093379983620252,136776.4473399984,119.79634343901874
1781535863,20,,Aggregated,16.000000,0.000000,5,6,9,9,10,11,12,13,13,13,13,32089,54,22,509.920068185515,0.8093379983620252,136956.09367900033,77.25192433544206
1781535864,20,GET,/api/load/cpu [GET],4.600000,0.000000,9,10,10,11,11,12,13,13,13,13,13,9579,17,69,749.5730350014445,1.4693439989059698,69234.25248000058,44.92013780144065
1781535864,20,GET,/api/load/memory [GET],5.100000,0.000000,5,5,6,7,8,9,12,12,12,12,12,9562,15,19,523.1254053989878,1.2431080031092279,136956.09367900033,51.91842710729973
1781535864,20,GET,/api/products [GET],5.800000,0.000000,2,2,2,2,2,3,3,4,4,4,4,12967,22,6,322.40783309462245,0.8093379983620252,136776.4473399984,119.79640626204981
1781535864,20,,Aggregated,15.500000,0.000000,5,7,9,9,10,11,12,13,13,13,13,32108,54,22,509.6221377987415,0.8093379983620252,136956.09367900033,77.24349071882396
1781535865,20,GET,/api/load/cpu [GET],4.300000,0.000000,9,10,10,11,11,12,13,13,13,13,13,9582,17,68,749.3412641052848,1.4693439989059698,69234.25248000058,44.920162805259864
1781535865,20,GET,/api/load/memory [GET],5.500000,0.000000,5,5,6,7,8,9,12,12,12,12,12,9562,15,19,523.1254053989878,1.2431080031092279,136956.09367900033,51.91842710729973
1781535865,20,GET,/api/products [GET],6.000000,0.000000,2,2,2,2,2,3,3,4,4,4,4,12974,22,6,322.2347284939084,0.8093379983620252,136776.4473399984,119.79651610914136
1781535865,20,,Aggregated,15.800000,0.000000,5,7,9,9,10,11,12,12,13,13,13,32118,54,21,509.4646767096953,0.8093379983620252,136956.09367900033,77.24979762127155
1781535866,20,GET,/api/load/cpu [GET],4.400000,0.000000,9,10,10,10,11,11,13,13,13,13,13,9589,17,68,748.8011844584253,1.4693439989059698,69234.25248000058,44.9202210866618
1781535866,20,GET,/api/load/memory [GET],5.500000,0.000000,5,5,6,7,9,10,12,12,12,12,12,9565,15,18,522.9632903601795,1.2431080031092279,136956.09367900033,51.91845269210664
1781535866,20,GET,/api/products [GET],5.900000,0.000000,2,2,2,2,2,3,3,4,4,4,4,12982,22,6,322.03704004714007,0.8093379983620252,136776.4473399984,119.79664150362039
1781535866,20,,Aggregated,15.800000,0.000000,4,9,9,9,10,11,12,12,13,13,13,32136,54,21,509.1823277308624,0.8093379983620252,136956.09367900033,77.25105800348518
1781535867,20,GET,/api/load/cpu [GET],4.400000,0.000000,9,10,10,10,11,11,13,13,13,13,13,9593,17,68,748.4930177352072,1.4693439989059698,69234.25248000058,44.920254352131764
1781535867,20,GET,/api/load/memory [GET],5.500000,0.000000,5,5,5,6,9,9,10,10,10,10,10,9573,15,18,522.5302570835808,1.2431080031092279,136956.09367900033,51.91852083986211
1781535867,20,GET,/api/products [GET],5.900000,0.000000,2,2,2,2,2,2,3,3,3,3,3,12987,22,6,321.9136143588185,0.8093379983620252,136776.4473399984,119.7967197967198
1781535867,20,,Aggregated,15.800000,0.000000,4,6,9,9,10,10,11,11,13,13,13,32153,54,21,508.9157397403976,0.8093379983620252,136956.09367900033,77.24741081703107
1781535868,20,GET,/api/load/cpu [GET],4.600000,0.000000,9,10,10,10,11,11,13,13,13,13,13,9595,17,68,748.3390605813281,1.4693439989059698,69234.25248000058,44.920270974465865
1781535868,20,GET,/api/load/memory [GET],4.500000,0.000000,5,5,6,6,9,9,10,10,10,10,10,9575,15,18,522.4223747872713,1.2431080031092279,136956.09367900033,51.918537859007834
1781535868,20,GET,/api/products [GET],6.500000,0.000000,2,2,2,2,2,2,3,3,3,3,3,12996,22,6,321.6917501951348,0.8093379983620252,136776.4473399984,119.79686057248384
1781535868,20,,Aggregated,15.600000,0.000000,4,8,9,9,10,10,11,11,13,13,13,32166,54,21,508.71148139035023,0.8093379983620252,136956.09367900033,77.25579804762793
1781535869,20,GET,/api/load/cpu [GET],4.800000,0.000000,9,10,10,10,11,11,11,11,11,11,11,9598,17,67,748.1082204889401,1.4693439989059698,69234.25248000058,44.92029589497812
1781535869,20,GET,/api/load/memory [GET],4.700000,0.000000,5,5,6,8,9,9,10,10,10,10,10,9579,15,18,522.2068028566785,1.2431080031092279,136956.09367900033,51.91857187597871
1781535869,20,GET,/api/products [GET],6.500000,0.000000,2,2,2,2,2,2,3,3,3,3,3,13006,22,6,321.4455947548794,0.8093379983620252,136776.4473399984,119.79701676149469
1781535869,20,,Aggregated,16.000000,0.000000,4,8,9,9,10,10,11,11,11,11,11,32183,54,21,508.4449265201814,0.8093379983620252,136956.09367900033,77.26293384706211
1781535870,20,GET,/api/load/cpu [GET],4.300000,0.000000,9,10,10,10,11,11,11,11,11,11,11,9604,17,66,747.6467890150825,1.4693439989059698,69234.25248000058,44.92034568929613
1781535870,20,GET,/api/load/memory [GET],4.100000,0.000000,5,5,6,8,9,9,9,9,9,9,9,9583,15,18,521.9910923875741,1.2431080031092279,136956.09367900033,51.91860586455181
1781535870,20,GET,/api/products [GET],6.800000,0.000000,2,2,2,2,2,2,3,3,3,3,3,13010,22,6,321.34727110799076,0.8093379983620252,136776.4473399984,119.79707916986933
1781535870,20,,Aggregated,15.200000,0.000000,4,9,9,9,10,10,11,11,11,11,11,32197,54,21,508.2264930635153,0.8093379983620252,136956.09367900033,77.25909246203062
1781535871,20,GET,/api/load/cpu [GET],4.400000,0.000000,9,10,10,10,11,12,12,12,12,12,12,9611,17,66,747.1099687856465,1.4693439989059698,69234.25248000058,44.92040370408906
1781535871,20,GET,/api/load/memory [GET],4.200000,0.000000,5,5,6,6,8,9,9,9,9,9,9,9587,15,18,521.7753782567148,1.2431080031092279,136956.09367900033,51.9186398247627
1781535871,20,GET,/api/products [GET],7.300000,0.000000,1,2,2,2,2,2,2,2,2,2,2,13015,22,6,321.2243926711463,0.8093379983620252,136776.4473399984,119.79715712639262
1781535871,20,,Aggregated,15.900000,0.000000,4,9,9,9,10,10,12,12,12,12,12,32213,54,21,507.97721205603364,0.8093379983620252,136956.09367900033,77.25558004532331
1781535872,20,GET,/api/load/cpu [GET],4.700000,0.000000,9,10,10,10,11,12,13,13,13,13,13,9615,17,66,746.8035312325377,1.4693439989059698,69234.25248000058,44.9204368174727
1781535872,20,GET,/api/load/memory [GET],3.900000,0.000000,5,5,6,6,8,9,9,9,9,9,9,9587,15,18,521.7753782567148,1.2431080031092279,136956.09367900033,51.9186398247627
1781535872,20,GET,/api/products [GET],6.700000,0.000000,1,2,2,2,2,2,2,2,2,2,2,13024,22,6,321.00347001604456,0.8093379983620252,136776.4473399984,119.79729729729729
1781535872,20,,Aggregated,15.300000,0.000000,4,9,9,9,10,11,12,12,13,13,13,32226,54,21,507.7740240066098,0.8093379983620252,136956.09367900033,77.26351393284925
1781535873,20,GET,/api/load/cpu [GET],5.200000,0.000000,9,10,10,11,12,12,13,13,13,13,13,9618,17,65,746.5735967336087,1.4693439989059698,69234.25248000058,44.92046163443543
1781535873,20,GET,/api/load/memory [GET],3.900000,0.000000,5,5,6,7,8,9,10,10,10,10,10,9594,15,18,521.3987614161063,1.2431080031092279,136956.09367900033,51.91869918699187
1781535873,20,GET,/api/products [GET],6.300000,0.000000,1,2,2,2,2,2,2,2,2,2,2,13029,22,6,320.88089163719116,0.8093379983620252,136776.4473399984,119.79737508634584
1781535873,20,,Aggregated,15.400000,0.000000,4,7,9,9,10,11,12,12,13,13,13,32241,54,21,507.5401416690239,0.8093379983620252,136956.09367900033,77.26165441518563
1781535874,20,GET,/api/load/cpu [GET],5.000000,0.000000,9,10,10,11,12,12,13,13,13,13,13,9619,17,65,746.4969688450823,1.4693439989059698,69234.25248000058,44.92046990331635
1781535874,20,GET,/api/load/memory [GET],3.800000,0.000000,5,5,6,6,8,9,10,10,10,10,10,9599,15,18,521.1299925073577,1.2431080031092279,136956.09367900033,51.91874153557662
1781535874,20,GET,/api/products [GET],6.600000,0.000000,1,2,2,2,2,2,2,2,2,2,2,13039,22,6,320.6360794625326,0.8093379983620252,136776.4473399984,119.79753048546668
1781535874,20,,Aggregated,15.400000,0.000000,4,5,9,9,10,11,12,12,13,13,13,32257,54,21,507.290044998326,0.8093379983620252,136956.09367900033,77.26998790960101
1781535875,20,GET,/api/load/cpu [GET],5.000000,0.000000,9,10,10,11,12,12,13,13,13,13,13,9622,17,65,746.2672012812151,1.4693439989059698,69234.25248000058,44.920494699646646
1781535875,20,GET,/api/load/memory [GET],3.800000,0.000000,5,5,6,7,8,9,10,10,10,10,10,9604,15,18,520.861428321754,1.2431080031092279,136956.09367900033,51.91878384006664
1781535875,20,GET,/api/products [GET],6.600000,0.000000,2,2,2,2,2,2,2,2,2,2,2,13047,22,6,320.4404882005799,0.8093379983620252,136776.4473399984,119.79765463324902
1781535875,20,,Aggregated,15.400000,0.000000,4,5,9,9,10,11,12,12,13,13,13,32273,54,21,507.0406599288262,0.8093379983620252,136956.09367900033,77.27366529296935
1781535876,20,GET,/api/load/cpu [GET],4.800000,0.000000,10,10,10,10,12,12,13,13,13,13,13,9627,17,65,745.8846785733713,1.4693439989059698,69234.25248000058,44.92053599252103
1781535876,20,GET,/api/load/memory [GET],3.800000,0.000000,5,5,5,7,8,9,10,10,10,10,10,9608,15,18,520.6465120885855,1.2431080031092279,136956.09367900033,51.9188176519567
1781535876,20,GET,/api/products [GET],6.500000,0.000000,1,2,2,2,2,2,2,2,2,2,2,13053,22,6,320.2937981730614,0.8093379983620252,136776.4473399984,119.79774764421973
1781535876,20,,Aggregated,15.100000,0.000000,4,5,9,9,10,10,12,12,13,13,13,32288,54,21,506.80743422714346,0.8093379983620252,136956.09367900033,77.27347621407334
1781535877,20,GET,/api/load/cpu [GET],4.000000,0.000000,10,10,10,10,12,12,13,13,13,13,13,9632,17,64,745.5027808134184,1.4693439989059698,69234.25248000058,44.920577242524914
1781535877,20,GET,/api/load/memory [GET],4.200000,0.000000,5,5,5,7,8,9,10,10,10,10,10,9613,15,17,520.3789876291615,1.2431080031092279,136956.09367900033,51.91885987724956
1781535877,20,GET,/api/products [GET],7.400000,0.000000,2,2,2,2,2,2,2,2,2,2,2,13058,22,6,320.1717348136748,0.8093379983620252,136776.4473399984,119.79782508806862
1781535877,20,,Aggregated,15.600000,0.000000,4,5,9,9,10,11,12,12,13,13,13,32303,54,21,506.5748848735722,0.8093379983620252,136956.09367900033,77.27118224313531
1781535878,20,GET,/api/load/cpu [GET],3.900000,0.000000,10,10,10,11,12,13,13,13,13,13,13,9640,17,64,744.8928056552744,1.4693439989059698,69234.25248000058,44.920643153526974
1781535878,20,GET,/api/load/memory [GET],4.400000,0.000000,5,5,5,6,8,9,10,10,10,10,10,9617,15,17,520.1644041112748,1.2431080031092279,136956.09367900033,51.91889362587085
1781535878,20,GET,/api/products [GET],7.100000,0.000000,2,2,2,2,2,2,2,2,2,2,2,13064,22,6,320.02546568049354,0.8093379983620252,136776.4473399984,119.79791794243724
1781535878,20,,Aggregated,15.400000,0.000000,4,8,9,9,10,12,13,13,13,13,13,32321,54,21,506.2962285976612,0.8093379983620252,136956.09367900033,77.26799913369017
1781535879,20,GET,/api/load/cpu [GET],3.900000,0.000000,10,10,10,11,12,13,13,13,13,13,13,9644,17,63,744.5879290375202,1.4693439989059698,69234.25248000058,44.92067606802157
1781535879,20,GET,/api/load/memory [GET],4.400000,0.000000,5,5,5,7,8,9,10,10,10,10,10,9622,15,17,519.8969200051057,1.2431080031092279,136956.09367900033,51.91893577218873
1781535879,20,GET,/api/products [GET],7.100000,0.000000,2,2,2,2,2,2,2,2,2,2,2,13069,22,6,319.90367496158615,0.8093379983620252,136776.4473399984,119.79799525594919
1781535879,20,,Aggregated,15.400000,0.000000,4,7,9,9,10,12,13,13,13,13,13,32335,54,21,506.07933446729567,0.8093379983620252,136956.09367900033,77.26670790165456
1781535880,20,GET,/api/load/cpu [GET],3.900000,0.000000,10,10,10,10,12,13,13,13,13,13,13,9648,17,63,744.28332846122,1.4693439989059698,69234.25248000058,44.92070895522388
1781535880,20,GET,/api/load/memory [GET],4.000000,0.000000,5,5,5,6,8,9,10,10,10,10,10,9625,15,17,519.7363955381951,1.2431080031092279,136956.09367900033,51.91896103896104
1781535880,20,GET,/api/products [GET],7.000000,0.000000,2,2,2,2,2,2,2,2,2,2,2,13077,22,6,319.7089493207134,0.8093379983620252,136776.4473399984,119.79811883459509
1781535880,20,,Aggregated,14.900000,0.000000,4,5,9,9,10,11,13,13,13,13,13,32350,54,20,505.84674776865563,0.8093379983620252,136956.09367900033,77.270942812983
1781535881,20,GET,/api/load/cpu [GET],4.700000,0.000000,10,10,10,10,11,13,13,13,13,13,13,9651,17,63,744.0548867640501,1.4693439989059698,69234.25248000058,44.92073360273547
1781535881,20,GET,/api/load/memory [GET],4.300000,0.000000,5,5,5,7,8,9,10,10,10,10,10,9629,15,17,519.5230772379404,1.2431080031092279,136956.09367900033,51.91899470349984
1781535881,20,GET,/api/products [GET],6.400000,0.000000,2,2,2,2,2,2,2,2,2,2,2,13087,22,5,319.46580031871014,0.8093379983620252,136776.4473399984,119.79827309543822
1781535881,20,,Aggregated,15.400000,0.000000,4,5,9,9,10,10,12,13,13,13,13,32367,54,20,505.5831665478727,0.8093379983620252,136956.09367900033,77.27803009237805
1781535882,20,GET,/api/load/cpu [GET],4.400000,0.000000,10,10,10,10,11,13,13,13,13,13,13,9655,17,63,743.750765867825,1.4693439989059698,69234.25248000058,44.9207664422579
1781535882,20,GET,/api/load/memory [GET],4.300000,0.000000,5,5,6,7,8,8,9,9,9,9,9,9636,15,17,519.1498914304821,1.2431080031092279,136956.09367900033,51.91905354919054
1781535882,20,GET,/api/products [GET],6.800000,0.000000,2,2,2,2,2,2,2,2,2,2,2,13096,22,5,319.24739958200644,0.8093379983620252,136776.4473399984,119.79841172877214
1781535882,20,,Aggregated,15.500000,0.000000,4,5,9,9,10,10,12,13,13,13,13,32387,54,20,505.2739044432641,0.8093379983620252,136956.09367900033,77.28045203322321
1781535883,20,GET,/api/load/cpu [GET],4.000000,0.000000,10,10,10,10,11,12,13,13,13,13,13,9662,17,62,743.2188163670929,1.4693439989059698,69234.25248000058,44.92082384599462
1781535883,20,GET,/api/load/memory [GET],4.300000,0.000000,5,5,6,7,8,9,9,9,9,9,9,9645,15,17,518.6705540424189,1.2431080031092279,136956.09367900033,51.919129082426124
1781535883,20,GET,/api/products [GET],7.300000,0.000000,2,2,2,2,2,2,2,2,2,2,2,13096,22,5,319.24739958200644,0.8093379983620252,136776.4473399984,119.79841172877214
1781535883,20,,Aggregated,15.600000,0.000000,5,8,9,9,10,10,12,13,13,13,13,32403,54,20,505.0279801994876,0.8093379983620252,136956.09367900033,77.26645680955467
1781535884,20,GET,/api/load/cpu [GET],4.000000,0.000000,10,10,10,10,11,12,13,13,13,13,13,9667,17,62,742.839528420798,1.4693439989059698,69234.25248000058,44.920864797765596
1781535884,20,GET,/api/load/memory [GET],4.700000,0.000000,5,5,6,7,8,9,9,9,9,9,9,9648,15,17,518.5107315496609,1.2431080031092279,136956.09367900033,51.919154228855724
1781535884,20,GET,/api/products [GET],7.200000,0.000000,2,2,2,2,2,2,2,2,2,2,2,13102,22,5,319.10189606365077,0.8093379983620252,136776.4473399984,119.79850404518395
1781535884,20,,Aggregated,15.900000,0.000000,5,8,9,10,10,10,12,13,13,13,13,32417,54,20,504.81211405932055,0.8093379983620252,136956.09367900033,77.26705123854768
1781535885,20,GET,/api/load/cpu [GET],4.000000,0.000000,10,10,10,10,11,12,13,13,13,13,13,9674,17,62,742.3091002922114,1.4693439989059698,69234.25248000058,44.920922059127555
1781535885,20,GET,/api/load/memory [GET],4.700000,0.000000,5,5,6,7,8,9,9,9,9,9,9,9651,15,17,518.3510148547439,1.2431080031092279,136956.09367900033,51.91917935965185
1781535885,20,GET,/api/products [GET],7.200000,0.000000,2,2,2,2,2,2,2,2,2,2,2,13108,22,5,318.9565817280253,0.8093379983620252,136776.4473399984,119.7985962770827
1781535885,20,,Aggregated,15.900000,0.000000,5,9,9,10,10,11,12,13,13,13,13,32433,54,20,504.5659283409182,0.8093379983620252,136956.09367900033,77.26565535103136
1781535886,20,GET,/api/load/cpu [GET],4.800000,0.000000,10,10,10,10,11,11,13,13,13,13,13,9680,17,62,741.8550621823198,1.4693439989059698,69234.25248000058,44.92097107438016
1781535886,20,GET,/api/load/memory [GET],4.900000,0.000000,5,5,5,6,8,9,9,9,9,9,9,9654,15,17,518.1918164904847,1.2431080031092279,136956.09367900033,51.91920447482909
1781535886,20,GET,/api/products [GET],6.300000,0.000000,2,2,2,2,2,2,2,2,2,2,2,13115,22,5,318.7871329682004,0.8093379983620252,136776.4473399984,119.79870377430423
1781535886,20,,Aggregated,16.000000,0.000000,5,9,9,9,10,11,11,13,13,13,13,32449,54,20,504.3198264107369,0.8093379983620252,136956.09367900033,77.26657215938857
1781535887,20,GET,/api/load/cpu [GET],5.200000,0.000000,10,10,10,10,11,11,11,11,11,11,11,9683,17,62,741.6280631390949,1.4693439989059698,69234.25248000058,44.920995559227514
1781535887,20,GET,/api/load/memory [GET],4.700000,0.000000,5,5,5,6,8,9,9,9,9,9,9,9659,15,17,517.9260718606628,1.2431080031092279,136956.09367900033,51.91924629878869
1781535887,20,GET,/api/products [GET],6.100000,0.000000,2,2,2,2,2,2,2,2,2,2,2,13119,22,5,318.69039320031624,0.8093379983620252,136776.4473399984,119.79876514978275
1781535887,20,,Aggregated,16.000000,0.000000,5,8,9,9,10,10,11,11,11,11,11,32461,54,20,504.13516933775935,0.8093379983620252,136956.09367900033,77.26496411077909
1781535888,20,GET,/api/load/cpu [GET],5.100000,0.000000,10,10,10,10,11,12,18,18,18,18,18,9692,17,61,740.9503285178349,1.4693439989059698,69234.25248000058,44.92106892282295
1781535888,20,GET,/api/load/memory [GET],4.600000,0.000000,5,5,6,7,8,9,9,9,9,9,9,9664,15,17,517.6613235839343,1.2431080031092279,136956.09367900033,51.9192880794702
1781535888,20,GET,/api/products [GET],6.000000,0.000000,2,2,2,2,2,2,2,2,2,2,2,13125,22,5,318.54538778376786,0.8093379983620252,136776.4473399984,119.79885714285714
1781535888,20,,Aggregated,15.700000,0.000000,5,9,9,9,10,11,12,18,18,18,18,32481,54,20,503.82924878458215,0.8093379983620252,136956.09367900033,77.26002893999569
1781535889,20,GET,/api/load/cpu [GET],5.100000,0.000000,10,10,10,10,11,12,18,18,18,18,18,9695,17,61,740.724254974405,1.4693439989059698,69234.25248000058,44.92109334708613
1781535889,20,GET,/api/load/memory [GET],4.500000,0.000000,5,5,6,7,8,9,9,9,9,9,9,9672,15,17,517.2374908960029,1.2431080031092279,136956.09367900033,51.91935483870968
1781535889,20,GET,/api/products [GET],6.200000,0.000000,2,2,2,2,2,2,2,2,2,2,2,13132,22,5,318.3764674868226,0.8093379983620252,136776.4473399984,119.79896436186415
1781535889,20,,Aggregated,15.800000,0.000000,5,8,9,9,10,11,12,18,18,18,18,32499,54,20,503.55279962337346,0.8093379983620252,136956.09367900033,77.2600387704237
1781535890,20,GET,/api/load/cpu [GET],5.100000,0.000000,10,10,10,10,11,12,18,18,18,18,18,9699,17,61,740.4226918370814,1.4693439989059698,69234.25248000058,44.92112588926693
1781535890,20,GET,/api/load/memory [GET],4.500000,0.000000,5,5,5,6,8,8,9,9,9,9,9,9676,15,16,517.0256933521224,1.2431080031092279,136956.09367900033,51.919388176932614
1781535890,20,GET,/api/products [GET],6.200000,0.000000,2,2,2,2,2,2,2,2,2,2,2,13135,22,5,318.30413856748805,0.8093379983620252,136776.4473399984,119.79901027788351
1781535890,20,,Aggregated,15.800000,0.000000,5,9,9,9,10,11,12,18,18,18,18,32510,54,20,503.38434811095067,0.8093379983620252,136956.09367900033,77.25690556751769
1781535891,20,GET,/api/load/cpu [GET],5.200000,0.000000,10,10,10,10,11,12,18,18,18,18,18,9702,17,61,740.196792561931,1.4693439989059698,69234.25248000058,44.92115027829313
1781535891,20,GET,/api/load/memory [GET],4.800000,0.000000,5,5,6,7,9,9,9,9,9,9,9,9681,15,16,516.7624167697692,1.2431080031092279,136956.09367900033,51.919429810969945
1781535891,20,GET,/api/products [GET],6.200000,0.000000,2,2,2,2,2,2,2,2,2,2,2,13144,22,5,318.0872776332132,0.8093379983620252,136776.4473399984,119.79914790018259
1781535891,20,,Aggregated,16.200000,0.000000,5,9,9,9,10,11,12,18,18,18,18,32527,54,20,503.1237253787625,0.8093379983620252,136956.09367900033,77.26187475020753
1781535892,20,GET,/api/load/cpu [GET],5.100000,0.000000,10,10,10,10,11,12,18,18,18,18,18,9706,17,61,739.8955758580112,1.4693439989059698,69234.25248000058,44.92118277354214
1781535892,20,GET,/api/load/memory [GET],5.100000,0.000000,5,5,6,7,9,9,9,9,9,9,9,9682,15,16,516.7095938886736,1.2431080031092279,136956.09367900033,51.91943813261723
1781535892,20,GET,/api/products [GET],5.800000,0.000000,2,2,2,2,2,2,2,2,2,2,2,13155,22,5,317.82261343063163,0.8093379983620252,136776.4473399984,119.79931584948689
1781535892,20,,Aggregated,16.000000,0.000000,5,9,9,9,10,11,12,18,18,18,18,32543,54,20,502.8781989056945,0.8093379983620252,136956.09367900033,77.27157914144362
1781535893,20,GET,/api/load/cpu [GET],5.100000,0.000000,10,10,10,10,11,12,18,18,18,18,18,9711,17,61,739.5195939074099,1.4693439989059698,69234.25248000058,44.92122335495829
1781535893,20,GET,/api/load/memory [GET],5.200000,0.000000,5,5,6,6,9,9,9,9,9,9,9,9684,15,16,516.6038276342563,1.2431080031092279,136956.09367900033,51.919454770755884
1781535893,20,GET,/api/products [GET],5.800000,0.000000,2,2,2,2,2,2,2,2,2,2,2,13164,22,5,317.60642709229415,0.8093379983620252,136776.4473399984,119.79945305378304
1781535893,20,,Aggregated,16.100000,0.000000,5,9,9,9,10,11,12,18,18,18,18,32559,54,20,502.6332887830714,0.8093379983620252,136956.09367900033,77.27688196811941
1781535894,20,GET,/api/load/cpu [GET],5.100000,0.000000,10,10,10,11,12,16,18,18,18,18,18,9715,17,61,739.2199155887661,1.4693439989059698,69234.25248000058,44.92125579001544
1781535894,20,GET,/api/load/memory [GET],4.700000,0.000000,5,5,5,6,9,9,9,9,9,9,9,9689,15,16,516.339634584801,1.2431080031092279,136956.09367900033,51.91949633605119
1781535894,20,GET,/api/products [GET],5.700000,0.000000,2,2,2,2,2,2,2,2,2,2,2,13167,22,5,317.5344201558413,0.8093379983620252,136776.4473399984,119.79949874686717
1781535894,20,,Aggregated,15.500000,0.000000,5,8,9,9,10,11,16,18,18,18,18,32571,54,20,502.45039788858276,0.8093379983620252,136956.09367900033,77.27297288999416
1781535895,20,GET,/api/load/cpu [GET],4.800000,0.000000,10,10,11,11,12,16,18,18,18,18,18,9719,17,61,738.9201967806217,1.4693439989059698,69234.25248000058,44.92128819837432
1781535895,20,GET,/api/load/memory [GET],4.000000,0.000000,5,5,5,6,8,9,9,9,9,9,9,9696,15,16,515.9705720477656,1.2431080031092279,136956.09367900033,51.91955445544554
1781535895,20,GET,/api/products [GET],6.600000,0.000000,2,2,2,2,2,2,2,2,2,2,2,13177,22,5,317.29461329839563,0.8093379983620252,136776.4473399984,119.7996509068832
1781535895,20,,Aggregated,15.400000,0.000000,5,6,9,9,10,11,16,18,18,18,18,32592,54,20,502.1295771514182,0.8093379983620252,136956.09367900033,77.27669366715759
1781535896,20,GET,/api/load/cpu [GET],4.900000,0.000000,10,10,11,11,13,18,18,18,18,18,18,9722,17,60,738.6951585551187,1.4693439989059698,69234.25248000058,44.921312487142565
1781535896,20,GET,/api/load/memory [GET],4.000000,0.000000,5,5,5,6,8,9,9,9,9,9,9,9700,15,16,515.7599080879519,1.2431080031092279,136956.09367900033,51.919587628865976
1781535896,20,GET,/api/products [GET],6.400000,0.000000,2,2,2,2,2,2,2,2,2,2,2,13181,22,5,317.19883899840346,0.8093379983620252,136776.4473399984,119.79971170624384
1781535896,20,,Aggregated,15.300000,0.000000,5,6,9,9,10,11,16,18,18,18,18,32603,54,20,501.9618850033438,0.8093379983620252,136956.09367900033,77.27586418427752
1781535897,20,GET,/api/load/cpu [GET],4.400000,0.000000,10,10,10,11,12,13,16,16,16,16,16,9725,17,60,738.470444416233,1.4693439989059698,69234.25248000058,44.92133676092545
1781535897,20,GET,/api/load/memory [GET],4.300000,0.000000,5,5,5,6,8,9,9,9,9,9,9,9703,15,16,515.6020064732695,1.2431080031092279,136956.09367900033,51.91961249098217
1781535897,20,GET,/api/products [GET],6.500000,0.000000,2,2,2,2,2,2,2,3,3,3,3,13191,22,5,316.95975573382987,0.8093379983620252,136776.4473399984,119.79986354332499
1781535897,20,,Aggregated,15.200000,0.000000,4,5,9,9,10,11,12,13,16,16,16,32619,54,19,501.7176332396154,0.8093379983620252,136956.09367900033,77.28366902725405
1781535898,20,GET,/api/load/cpu [GET],4.400000,0.000000,10,10,10,11,12,13,16,16,16,16,16,9732,17,60,737.946631037491,1.4693439989059698,69234.25248000058,44.92139334155364
1781535898,20,GET,/api/load/memory [GET],4.500000,0.000000,5,5,5,6,9,9,10,10,10,10,10,9708,15,16,515.3394441765693,1.2431080031092279,136956.09367900033,51.91965389369592
1781535898,20,GET,/api/products [GET],6.600000,0.000000,2,2,2,2,2,2,2,3,3,3,3,13198,22,5,316.7924188929345,0.8093379983620252,136776.4473399984,119.79996969237763
1781535898,20,,Aggregated,15.500000,0.000000,4,5,9,9,10,11,13,13,16,16,16,32638,54,19,501.4289564885107,0.8093379983620252,136956.09367900033,77.28203321281941
1781535899,20,GET,/api/load/cpu [GET],4.200000,0.000000,10,10,11,11,12,13,16,16,16,16,16,9734,17,60,737.796975970399,1.4693439989059698,69234.25248000058,44.921409492500516
1781535899,20,GET,/api/load/memory [GET],4.500000,0.000000,5,5,5,6,9,9,10,10,10,10,10,9710,15,16,515.2342559885822,1.2431080031092279,136956.09367900033,51.91967044284243
1781535899,20,GET,/api/products [GET],7.100000,0.000000,2,2,2,2,2,2,2,3,3,3,3,13204,22,5,316.64919084284656,0.8093379983620252,136776.4473399984,119.8000605877007
1781535899,20,,Aggregated,15.800000,0.000000,4,5,9,9,10,11,13,13,16,16,16,32648,54,19,501.27653472292366,0.8093379983620252,136956.09367900033,77.28635751041412
1781535900,20,GET,/api/load/cpu [GET],3.900000,0.000000,10,10,11,11,12,13,16,16,16,16,16,9743,17,59,737.1248903863146,1.4693439989059698,69234.25248000058,44.92148208970543
1781535900,20,GET,/api/load/memory [GET],4.400000,0.000000,5,5,5,6,9,9,10,10,10,10,10,9713,15,16,515.0769482875661,1.2431080031092279,136956.09367900033,51.91969525378359
1781535900,20,GET,/api/products [GET],6.900000,0.000000,2,2,2,2,2,2,2,3,3,3,3,13212,22,5,316.4584368252299,0.8093379983620252,136776.4473399984,119.80018165304269
1781535900,20,,Aggregated,15.200000,0.000000,4,5,9,9,10,11,13,14,16,16,16,32668,54,19,500.9734012821723,0.8093379983620252,136956.09367900033,77.28560058773111
1781535901,20,GET,/api/load/cpu [GET],3.900000,0.000000,10,10,11,11,13,14,16,16,16,16,16,9744,17,59,737.0501930784959,1.4693439989059698,69234.25248000058,44.92149014778325
1781535901,20,GET,/api/load/memory [GET],3.700000,0.000000,5,5,5,5,7,8,10,10,10,10,10,9717,15,16,514.8668623350967,1.2431080031092279,136956.09367900033,51.919728311207166
1781535901,20,GET,/api/products [GET],7.200000,0.000000,2,2,2,2,2,2,2,3,3,3,3,13223,22,5,316.19651859282624,0.8093379983620252,136776.4473399984,119.80034787869621
1781535901,20,,Aggregated,14.800000,0.000000,4,5,9,9,10,11,13,14,16,16,16,32684,54,19,500.7295602747525,0.8093379983620252,136956.09367900033,77.29589401542039
1781535902,20,GET,/api/load/cpu [GET],4.300000,0.000000,10,10,11,11,13,14,16,16,16,16,16,9748,17,59,736.7519847971754,1.4693439989059698,69234.25248000058,44.921522363561756
1781535902,20,GET,/api/load/memory [GET],3.700000,0.000000,5,5,5,5,7,8,10,10,10,10,10,9724,15,16,514.4997129480802,1.2431080031092279,136956.09367900033,51.919786096256686
1781535902,20,GET,/api/products [GET],7.600000,0.000000,2,2,2,2,2,2,2,3,3,3,3,13229,22,5,316.05378974071635,0.8093379983620252,136776.4473399984,119.80043843072039
1781535902,20,,Aggregated,15.600000,0.000000,4,5,9,9,10,11,13,14,16,16,16,32701,54,19,500.47182474511493,0.8093379983620252,136956.09367900033,77.29436408672518
1781535903,20,GET,/api/load/cpu [GET],4.100000,0.000000,10,10,10,11,12,13,14,14,14,14,14,9753,17,59,736.3789700245939,1.4693439989059698,69234.25248000058,44.92156259612427
1781535903,20,GET,/api/load/memory [GET],3.500000,0.000000,5,5,5,5,7,9,10,10,10,10,10,9727,15,16,514.3429655904316,1.2431080031092279,136956.09367900033,51.91981083581783
1781535903,20,GET,/api/products [GET],7.700000,0.000000,2,2,2,2,2,2,2,3,3,3,3,13237,22,5,315.8638328224626,0.8093379983620252,136776.4473399984,119.80055903905719
1781535903,20,,Aggregated,15.300000,0.000000,4,5,9,9,10,11,13,13,14,14,14,32717,54,19,500.2294732407921,0.8093379983620252,136956.09367900033,77.29755173151572
1781535904,20,GET,/api/load/cpu [GET],4.100000,0.000000,10,10,10,11,12,13,14,14,14,14,14,9756,17,59,736.155796276226,1.4693439989059698,69234.25248000058,44.92158671586716
1781535904,20,GET,/api/load/memory [GET],4.200000,0.000000,5,5,5,5,7,9,10,10,10,10,10,9730,15,16,514.1860965754499,1.2431080031092279,136956.09367900033,51.91983556012333
1781535904,20,GET,/api/products [GET],7.500000,0.000000,2,2,2,2,2,2,2,3,3,3,3,13242,22,5,315.7451477916431,0.8093379983620252,136776.4473399984,119.80063434526507
1781535904,20,,Aggregated,15.800000,0.000000,4,5,9,9,10,11,13,13,14,14,14,32728,54,19,500.06306267437657,0.8093379983620252,136956.09367900033,77.2987961378636
1781535905,20,GET,/api/load/cpu [GET],4.000000,0.000000,10,10,10,11,12,14,16,16,16,16,16,9763,17,58,735.6359729109759,1.4693439989059698,69234.25248000058,44.921642937621634
1781535905,20,GET,/api/load/memory [GET],4.200000,0.000000,5,5,5,5,8,9,10,10,10,10,10,9735,15,16,513.9248713002702,1.2431080031092279,136956.09367900033,51.919876733436055
1781535905,20,GET,/api/products [GET],7.300000,0.000000,2,2,2,2,2,2,2,3,3,3,3,13249,22,5,315.57914938742056,0.8093379983620252,136776.4473399984,119.8007396784663
1781535905,20,,Aggregated,15.500000,0.000000,4,5,9,9,10,11,14,15,16,16,16,32747,54,19,499.7764917663294,0.8093379983620252,136956.09367900033,77.29715699148014
1781535906,20,GET,/api/load/cpu [GET],3.900000,0.000000,10,10,10,11,13,15,16,16,16,16,16,9765,17,58,735.487336424358,1.4693439989059698,69234.25248000058,44.92165898617512
1781535906,20,GET,/api/load/memory [GET],4.200000,0.000000,5,5,5,6,9,9,10,10,10,10,10,9740,15,16,513.6641168854346,1.2431080031092279,136956.09367900033,51.91991786447639
1781535906,20,GET,/api/products [GET],7.600000,0.000000,2,2,2,2,2,2,2,2,2,2,2,13257,22,5,315.38975342233806,0.8093379983620252,136776.4473399984,119.80085992305952
1781535906,20,,Aggregated,15.700000,0.000000,4,5,9,9,10,11,14,15,16,16,16,32762,54,19,499.54960929637974,0.8093379983620252,136956.09367900033,77.3017520297906
1781535907,20,GET,/api/load/cpu [GET],4.500000,0.000000,10,10,10,11,12,15,16,16,16,16,16,9768,17,58,735.2643641509885,1.4693439989059698,69234.25248000058,44.92168304668305
1781535907,20,GET,/api/load/memory [GET],4.000000,0.000000,5,5,5,5,8,9,10,10,10,10,10,9745,15,16,513.4028429802089,1.2431080031092279,136956.09367900033,51.91995895330939
1781535907,20,GET,/api/products [GET],7.500000,0.000000,2,2,2,2,2,2,2,2,2,2,2,13264,22,5,315.2242050048953,0.8093379983620252,136776.4473399984,119.80096501809409
1781535907,20,,Aggregated,16.000000,0.000000,4,5,9,9,10,11,14,15,16,16,16,32777,54,19,499.32290536211343,0.8093379983620252,136956.09367900033,77.30405467248376
1781535908,20,GET,/api/load/cpu [GET],4.200000,0.000000,10,10,10,11,11,14,16,16,16,16,16,9777,17,57,734.5968225239702,1.4693439989059698,69234.25248000058,44.92175513961338
1781535908,20,GET,/api/load/memory [GET],4.000000,0.000000,5,5,5,5,8,9,10,10,10,10,10,9751,15,16,513.0906489786825,1.2431080031092279,136956.09367900033,51.92000820428674
1781535908,20,GET,/api/products [GET],7.600000,0.000000,2,2,2,2,2,2,2,2,2,2,2,13270,22,5,315.0824106608845,0.8093379983620252,136776.4473399984,119.80105501130369
1781535908,20,,Aggregated,15.800000,0.000000,5,5,9,9,10,11,12,15,16,16,16,32798,54,19,499.00736756747347,0.8093379983620252,136956.09367900033,77.29837185194219
1781535909,20,GET,/api/load/cpu [GET],4.300000,0.000000,10,10,10,11,11,15,16,16,16,16,16,9780,17,57,734.3745819539731,1.4693439989059698,69234.25248000058,44.921779141104295
1781535909,20,GET,/api/load/memory [GET],4.200000,0.000000,5,5,5,5,7,9,10,10,10,10,10,9756,15,16,512.8301164578855,1.2431080031092279,136956.09367900033,51.920049200492
1781535909,20,GET,/api/products [GET],7.200000,0.000000,2,2,2,2,2,2,2,2,2,2,2,13275,22,5,314.9643357236868,0.8093379983620252,136776.4473399984,119.80112994350283
1781535909,20,,Aggregated,15.700000,0.000000,4,5,9,9,10,11,12,15,16,16,16,32811,54,19,498.8115444334217,0.8093379983620252,136956.09367900033,77.29807076894944
1781535910,20,GET,/api/load/cpu [GET],4.400000,0.000000,10,10,11,11,12,16,18,18,18,18,18,9787,17,57,733.8581960085685,1.4693439989059698,69234.25248000058,44.92183508736078
1781535910,20,GET,/api/load/memory [GET],4.000000,0.000000,5,5,5,6,7,9,10,10,10,10,10,9760,15,16,512.6223008219392,1.2431080031092279,136956.09367900033,51.920081967213115
1781535910,20,GET,/api/products [GET],7.400000,0.000000,2,2,2,2,2,2,2,2,2,2,2,13279,22,5,314.86995453143635,0.8093379983620252,136776.4473399984,119.80118984863319
1781535910,20,,Aggregated,15.800000,0.000000,5,7,9,9,10,11,16,18,18,18,18,32826,54,19,498.5871548949308,0.8093379983620252,136956.09367900033,77.29330408822275
1781535911,20,GET,/api/load/cpu [GET],4.400000,0.000000,10,10,11,11,12,16,18,18,18,18,18,9789,17,57,733.710221882303,1.4693439989059698,69234.25248000058,44.921851057309226
1781535911,20,GET,/api/load/memory [GET],4.800000,0.000000,5,5,6,7,9,10,10,10,10,10,10,9763,15,16,512.4667699526915,1.2431080031092279,136956.09367900033,51.92010652463382
1781535911,20,GET,/api/products [GET],6.900000,0.000000,2,2,2,2,2,2,2,6,6,6,6,13289,22,5,314.63457384422776,0.8093379983620252,136776.4473399984,119.8013394536835
1781535911,20,,Aggregated,16.100000,0.000000,5,7,9,9,10,11,16,18,18,18,18,32841,54,19,498.3612340936635,0.8093379983620252,136956.09367900033,77.30203099783807
1781535912,20,GET,/api/load/cpu [GET],4.200000,0.000000,10,10,11,11,12,16,18,18,18,18,18,9791,17,57,733.5625119980456,1.4693439989059698,69234.25248000058,44.92186702073332
1781535912,20,GET,/api/load/memory [GET],4.600000,0.000000,5,5,5,7,9,9,10,10,10,10,10,9771,15,16,512.0512855721136,1.2431080031092279,136956.09367900033,51.92017193736567
1781535912,20,GET,/api/products [GET],6.700000,0.000000,2,2,2,2,2,2,2,6,6,6,6,13295,22,5,314.4932703284652,0.8093379983620252,136776.4473399984,119.80142910868747
1781535912,20,,Aggregated,15.500000,0.000000,5,7,9,9,10,11,16,18,18,18,18,32857,54,19,498.12069559956785,0.8093379983620252,136956.09367900033,77.30170131174484
1781535913,20,GET,/api/load/cpu [GET],4.500000,0.000000,10,10,11,11,15,18,18,18,18,18,18,9794,17,57,733.3408687233882,1.4693439989059698,69234.25248000058,44.92189095364509
1781535913,20,GET,/api/load/memory [GET],4.600000,0.000000,5,5,6,7,9,10,10,10,10,10,10,9775,15,16,511.8445143156132,1.2431080031092279,136956.09367900033,51.920204603580565
1781535913,20,GET,/api/products [GET],6.500000,0.000000,2,2,2,2,2,2,2,6,6,6,6,13302,22,5,314.3286764984919,0.8093379983620252,136776.4473399984,119.80153360396933
1781535913,20,,Aggregated,15.600000,0.000000,5,7,9,10,10,11,16,18,18,18,18,32871,54,19,497.91064009293876,0.8093379983620252,136956.09367900033,77.30476711995375
1781535914,20,GET,/api/load/cpu [GET],4.200000,0.000000,10,10,11,11,12,18,18,18,18,18,18,9799,17,56,732.9718291053032,1.4693439989059698,69234.25248000058,44.92193080926625
1781535914,20,GET,/api/load/memory [GET],4.600000,0.000000,5,5,6,7,9,10,11,11,11,11,11,9779,15,16,511.6377104457633,1.2431080031092279,136956.09367900033,51.92023724307189
1781535914,20,GET,/api/products [GET],6.700000,0.000000,2,2,2,2,2,2,2,6,6,6,6,13308,22,5,314.18763985790054,0.8093379983620252,136776.4473399984,119.80162308385933
1781535914,20,,Aggregated,15.500000,0.000000,5,6,9,9,10,11,14,18,18,18,18,32886,54,19,497.6861045758375,0.8093379983620252,136956.09367900033,77.30456729307303
1781535915,20,GET,/api/load/cpu [GET],4.200000,0.000000,10,10,11,11,12,18,18,18,18,18,18,9803,17,56,732.6768473562034,1.4693439989059698,69234.25248000058,44.921962664490465
1781535915,20,GET,/api/load/memory [GET],4.800000,0.000000,5,5,6,7,9,10,11,11,11,11,11,9784,15,16,511.3788677387693,1.2431080031092279,136956.09367900033,51.92027800490597
1781535915,20,GET,/api/products [GET],6.500000,0.000000,2,2,2,2,2,2,2,6,6,6,6,13313,22,5,314.0703141376053,0.8093379983620252,136776.4473399984,119.80169758882296
1781535915,20,,Aggregated,15.500000,0.000000,5,7,9,10,10,11,14,18,18,18,18,32900,54,18,497.4765978329176,0.8093379983620252,136956.09367900033,77.30328267477203
1781535916,20,GET,/api/load/cpu [GET],4.500000,0.000000,10,11,11,11,14,18,18,18,18,18,18,9809,17,56,732.2361138295305,1.4693439989059698,69234.25248000058,44.922010398613516
1781535916,20,GET,/api/load/memory [GET],4.900000,0.000000,5,5,6,7,8,10,11,11,11,11,11,9788,15,15,511.1720732302941,1.2431080031092279,136956.09367900033,51.92031058438905
1781535916,20,GET,/api/products [GET],6.400000,0.000000,2,2,2,2,2,2,2,6,6,6,6,13323,22,5,313.83575740485946,0.8093379983620252,136776.4473399984,119.80184643098401
1781535916,20,,Aggregated,15.800000,0.000000,5,7,9,10,11,11,18,18,18,18,18,32920,54,18,497.1777062344166,0.8093379983620252,136956.09367900033,77.30729040097205
1781535917,20,GET,/api/load/cpu [GET],3.900000,0.000000,10,10,11,11,14,18,18,18,18,18,18,9816,17,55,731.7207627188128,1.4693439989059698,69234.25248000058,44.92206601466992
1781535917,20,GET,/api/load/memory [GET],5.000000,0.000000,5,5,7,7,9,10,11,11,11,11,11,9791,15,15,511.0172911357488,1.2431080031092279,136956.09367900033,51.92033500153202
1781535917,20,GET,/api/products [GET],6.200000,0.000000,2,2,2,2,2,2,2,6,6,6,6,13328,22,5,313.7186616919224,0.8093379983620252,136776.4473399984,119.80192076830733
1781535917,20,,Aggregated,15.100000,0.000000,5,7,9,9,10,11,18,18,18,18,18,32935,54,18,496.9541104414146,0.8093379983620252,136956.09367900033,77.30459996963717
1781535918,20,GET,/api/load/cpu [GET],4.300000,0.000000,10,10,11,11,14,18,18,18,18,18,18,9824,17,55,731.1328457797096,1.4693439989059698,69234.25248000058,44.92212947882736
1781535918,20,GET,/api/load/memory [GET],4.700000,0.000000,5,5,7,7,9,10,11,11,11,11,11,9795,15,15,510.81103339102765,1.2431080031092279,136956.09367900033,51.920367534456354
1781535918,20,GET,/api/products [GET],6.500000,0.000000,2,2,2,2,2,2,2,6,6,6,6,13333,22,5,313.60159617910006,0.8093379983620252,136776.4473399984,119.80199504987624
1781535918,20,,Aggregated,15.500000,0.000000,5,9,9,9,10,11,18,18,18,18,18,32952,54,18,496.70105701811707,0.8093379983620252,136956.09367900033,77.30016387472688
1781535919,20,GET,/api/load/cpu [GET],4.400000,0.000000,10,10,11,11,14,18,18,18,18,18,18,9828,17,55,730.8393265233886,1.4693439989059698,69234.25248000058,44.922161172161175
1781535919,20,GET,/api/load/memory [GET],4.500000,0.000000,5,5,6,7,9,10,11,11,11,11,11,9798,15,15,510.6561562999711,1.2431080031092279,136956.09367900033,51.9203919167177
1781535919,20,GET,/api/products [GET],6.600000,0.000000,2,2,2,2,2,2,2,6,6,6,6,13342,22,5,313.3911351226903,0.8093379983620252,136776.4473399984,119.80212861639934
1781535919,20,,Aggregated,15.500000,0.000000,5,8,9,9,10,11,18,18,18,18,18,32968,54,18,496.4620979527416,0.8093379983620252,136956.09367900033,77.30559936908517
1781535920,20,GET,/api/load/cpu [GET],4.900000,0.000000,10,10,10,11,12,14,18,18,18,18,18,9832,17,55,730.5461503232158,1.4693439989059698,69234.25248000058,44.92219283970708
1781535920,20,GET,/api/load/memory [GET],4.600000,0.000000,5,5,6,7,9,10,11,11,11,11,11,9801,15,15,510.5017303050827,1.2431080031092279,136956.09367900033,51.92041628405265
1781535920,20,GET,/api/products [GET],6.400000,0.000000,2,2,2,2,2,2,2,2,2,2,2,13351,22,5,313.18092715496516,0.8093379983620252,136776.4473399984,119.80226200284623
1781535920,20,,Aggregated,15.900000,0.000000,5,7,9,9,10,11,14,17,18,18,18,32984,54,18,496.22349524448174,0.8093379983620252,136956.09367900033,77.3110295901043
1781535921,20,GET,/api/load/cpu [GET],5.000000,0.000000,10,10,10,11,12,14,18,18,18,18,18,9837,17,55,730.1799711574523,1.4693439989059698,69234.25248000058,44.922232387923145
1781535921,20,GET,/api/load/memory [GET],4.100000,0.000000,5,6,7,9,10,10,11,11,11,11,11,9804,15,15,510.3479936135368,1.2431080031092279,136956.09367900033,51.92044063647491
1781535921,20,GET,/api/products [GET],6.500000,0.000000,2,2,2,2,2,2,2,2,2,2,2,13354,22,5,313.11097789590684,0.8093379983620252,136776.4473399984,119.80230642504118
1781535921,20,,Aggregated,15.600000,0.000000,5,9,9,10,10,11,14,17,18,18,18,32995,54,18,496.0604971809361,0.8093379983620252,136956.09367900033,77.3077132898924
1781535922,20,GET,/api/load/cpu [GET],4.700000,0.000000,10,10,10,10,12,14,17,18,18,18,18,9845,17,54,729.5943822239569,1.4693439989059698,69234.25248000058,44.92229558151346
1781535922,20,GET,/api/load/memory [GET],4.100000,0.000000,5,5,7,8,10,10,11,11,11,11,11,9810,15,15,510.03902952284517,1.2431080031092279,136956.09367900033,51.920489296636084
1781535922,20,GET,/api/products [GET],6.900000,0.000000,2,2,2,2,2,2,2,2,2,2,2,13359,22,5,312.9943903051832,0.8093379983620252,136776.4473399984,119.80238041769593
1781535922,20,,Aggregated,15.700000,0.000000,5,9,9,10,10,11,14,17,18,18,18,33014,54,18,495.7785070788449,0.8093379983620252,136956.09367900033,77.30175077239959
1781535923,20,GET,/api/load/cpu [GET],4.800000,0.000000,10,10,10,10,12,12,18,18,18,18,18,9849,17,54,729.3021970399894,1.4693439989059698,69234.25248000058,44.922327139811145
1781535923,20,GET,/api/load/memory [GET],4.100000,0.000000,5,5,7,8,9,10,10,10,10,10,10,9816,15,15,509.73071105257867,1.2431080031092279,136956.09367900033,51.92053789731052
1781535923,20,GET,/api/products [GET],6.800000,0.000000,2,2,2,2,2,2,2,2,2,2,2,13365,22,5,312.8545753768007,0.8093379983620252,136776.4473399984,119.80246913580247
1781535923,20,,Aggregated,15.700000,0.000000,5,9,9,10,10,11,12,17,18,18,18,33030,54,18,495.5408839918252,0.8093379983620252,136956.09367900033,77.30099909173478
1781535924,20,GET,/api/load/cpu [GET],5.300000,0.000000,10,10,10,10,11,12,17,18,18,18,18,9856,17,53,728.7914062650024,1.4693439989059698,69234.25248000058,44.9223823051948
1781535924,20,GET,/api/load/memory [GET],3.800000,0.000000,5,5,7,8,9,10,10,10,10,10,10,9818,15,15,509.62778301559507,1.2431080031092279,136956.09367900033,51.920554084334896
1781535924,20,GET,/api/products [GET],6.300000,0.000000,2,2,2,2,2,2,3,3,3,3,3,13370,22,5,312.7383673654409,0.8093379983620252,136776.4473399984,119.80254300673148
1781535924,20,,Aggregated,15.400000,0.000000,5,9,9,10,10,11,12,17,18,18,18,33044,54,18,495.3336655813762,0.8093379983620252,136956.09367900033,77.2990860670621
1781535925,20,GET,/api/load/cpu [GET],5.500000,0.000000,10,10,10,11,11,12,17,18,18,18,18,9859,17,53,728.5727026745983,1.4693439989059698,69234.25248000058,44.92240592352166
1781535925,20,GET,/api/load/memory [GET],4.000000,0.000000,5,5,7,8,9,10,10,10,10,10,10,9824,15,15,509.3195915040833,1.2431080031092279,136956.09367900033,51.920602605863195
1781535925,20,GET,/api/products [GET],6.400000,0.000000,2,2,2,2,2,2,3,3,3,3,3,13377,22,5,312.5754930054534,0.8093379983620252,136776.4473399984,119.80264633325858
1781535925,20,,Aggregated,15.900000,0.000000,5,9,9,10,10,11,12,17,18,18,18,33060,54,18,495.0960772092863,0.8093379983620252,136956.09367900033,77.30060496067756
1781535926,20,GET,/api/load/cpu [GET],5.400000,0.000000,10,10,10,10,11,12,12,12,12,12,12,9866,17,53,728.0624869936009,1.4693439989059698,69234.25248000058,44.922460977093046
1781535926,20,GET,/api/load/memory [GET],3.900000,0.000000,5,5,6,7,9,10,10,10,10,10,10,9828,15,15,509.11427282367896,1.2431080031092279,136956.09367900033,51.92063492063492
1781535926,20,GET,/api/products [GET],6.200000,0.000000,2,2,2,2,2,2,3,3,3,3,3,13383,22,5,312.4360955002572,0.8093379983620252,136776.4473399984,119.80273481282224
1781535926,20,,Aggregated,15.500000,0.000000,5,9,9,10,10,11,12,12,12,12,12,33077,54,18,494.84450935907125,0.8093379983620252,136956.09367900033,77.29845511987182
1781535927,20,GET,/api/load/cpu [GET],5.600000,0.000000,10,10,10,10,11,12,12,12,12,12,12,9870,17,52,727.7713980786089,1.4693439989059698,69234.25248000058,44.922492401215806
1781535927,20,GET,/api/load/memory [GET],3.900000,0.000000,5,5,6,7,8,10,10,10,10,10,10,9832,15,15,508.9093748202932,1.2431080031092279,136956.09367900033,51.9206672091131
1781535927,20,GET,/api/products [GET],6.500000,0.000000,2,2,2,2,2,2,3,3,3,3,3,13387,22,5,312.3432801086829,0.8093379983620252,136776.4473399984,119.80279375513558
1781535927,20,,Aggregated,16.000000,0.000000,5,9,9,10,10,11,12,12,12,12,12,33089,54,18,494.667114844329,0.8093379983620252,136956.09367900033,77.29665447731874
1781535928,20,GET,/api/load/cpu [GET],5.400000,0.000000,10,10,10,10,11,11,12,12,12,12,12,9873,17,52,727.5531713526657,1.4693439989059698,69234.25248000058,44.922515952598
1781535928,20,GET,/api/load/memory [GET],4.000000,0.000000,5,5,7,8,10,10,13,13,13,13,13,9841,15,15,508.4505360793743,1.2431080031092279,136956.09367900033,51.920739762219284
1781535928,20,GET,/api/products [GET],6.100000,0.000000,2,2,2,2,2,2,3,3,3,3,3,13392,22,5,312.2271974245024,0.8093379983620252,136776.4473399984,119.80286738351255
1781535928,20,,Aggregated,15.500000,0.000000,5,9,9,10,10,11,12,12,13,13,13,33106,54,18,494.41614251890894,0.8093379983620252,136956.09367900033,77.29330030810125
1781535929,20,GET,/api/load/cpu [GET],5.800000,0.000000,10,10,10,10,11,11,13,13,13,13,13,9876,17,52,727.3354520362362,1.4693439989059698,69234.25248000058,44.922539489671934
1781535929,20,GET,/api/load/memory [GET],4.200000,0.000000,5,5,7,8,9,10,13,13,13,13,13,9845,15,15,508.2462560920387,1.2431080031092279,136956.09367900033,51.9207719654647
1781535929,20,GET,/api/products [GET],5.700000,0.000000,2,2,2,2,2,2,3,3,3,3,3,13396,22,5,312.13439958434884,0.8093379983620252,136776.4473399984,119.8029262466408
1781535929,20,,Aggregated,15.700000,0.000000,5,9,9,10,10,11,12,13,13,13,13,33117,54,18,494.253758866081,0.8093379983620252,136956.09367900033,77.29247818341034
1781535930,20,GET,/api/load/cpu [GET],4.800000,0.000000,10,10,10,10,11,11,15,15,15,15,15,9879,17,52,727.1180247098765,1.4693439989059698,69234.25248000058,44.92256301245065
1781535930,20,GET,/api/load/memory [GET],4.500000,0.000000,5,5,5,7,8,9,13,13,13,13,13,9852,15,15,507.8884327070771,1.2431080031092279,136956.09367900033,51.92082825822168
1781535930,20,GET,/api/products [GET],5.900000,0.000000,2,2,2,2,2,2,3,3,3,3,3,13405,22,5,311.92585529018555,0.8093379983620252,136776.4473399984,119.80305856023871
1781535930,20,,Aggregated,15.200000,0.000000,5,8,9,9,10,11,13,13,15,15,15,33136,54,18,493.9727756912121,0.8093379983620252,136956.09367900033,77.29581120231772
1781535931,20,GET,/api/load/cpu [GET],4.700000,0.000000,10,10,10,11,11,13,38,38,38,38,38,9886,17,51,726.6126962276824,1.4693439989059698,69234.25248000058,44.92261784341493
1781535931,20,GET,/api/load/memory [GET],4.800000,0.000000,5,5,5,7,8,9,13,13,13,13,13,9855,15,15,507.73545541442155,1.2431080031092279,136956.09367900033,51.920852359208524
1781535931,20,GET,/api/products [GET],5.800000,0.000000,2,2,2,2,2,3,3,4,4,4,4,13412,22,5,311.7640063650411,0.8093379983620252,136776.4473399984,119.80316134804653
1781535931,20,,Aggregated,15.300000,0.000000,5,8,9,9,10,11,13,15,38,38,38,33153,54,18,493.7231888934334,0.8093379983620252,136956.09367900033,77.29571984435798
1781535932,20,GET,/api/load/cpu [GET],4.800000,0.000000,10,10,10,11,11,14,38,38,38,38,38,9890,17,51,726.3230463168725,1.4693439989059698,69234.25248000058,44.92264914054601
1781535932,20,GET,/api/load/memory [GET],5.100000,0.000000,5,5,6,7,9,9,13,13,13,13,13,9860,15,15,507.4810953075175,1.2431080031092279,136956.09367900033,51.92089249492901
1781535932,20,GET,/api/products [GET],5.300000,0.000000,2,2,2,2,2,3,4,5,5,5,5,13418,22,5,311.625617376728,0.8093379983620252,136776.4473399984,119.80324936652258
1781535932,20,,Aggregated,15.200000,0.000000,5,8,9,9,10,11,14,15,38,38,38,33168,54,18,493.5025042742102,0.8093379983620252,136956.09367900033,77.29573685479981
1781535933,20,GET,/api/load/cpu [GET],4.900000,0.000000,10,10,10,11,11,14,38,38,38,38,38,9896,17,51,725.8886531922873,1.4693439989059698,69234.25248000058,44.92269603880356
1781535933,20,GET,/api/load/memory [GET],4.900000,0.000000,5,5,5,7,9,9,13,13,13,13,13,9863,15,15,507.32814823999973,1.2431080031092279,136956.09367900033,51.92091655682855
1781535933,20,GET,/api/products [GET],5.500000,0.000000,2,2,2,2,2,2,4,5,5,5,5,13424,22,5,311.48697477495045,0.8093379983620252,136776.4473399984,119.80333730631705
1781535933,20,,Aggregated,15.300000,0.000000,5,8,9,9,10,11,14,15,38,38,38,33183,54,18,493.28188492484117,0.8093379983620252,136956.09367900033,77.29533194708134
1781535934,20,GET,/api/load/cpu [GET],4.600000,0.000000,10,10,10,10,11,14,38,38,38,38,38,9899,17,51,725.6716696951078,1.4693439989059698,69234.25248000058,44.92271946661279
1781535934,20,GET,/api/load/memory [GET],5.100000,0.000000,5,5,5,7,9,9,13,13,13,13,13,9864,15,15,507.2772094194157,1.2431080031092279,136956.09367900033,51.920924574209245
1781535934,20,GET,/api/products [GET],5.700000,0.000000,2,2,2,2,2,2,4,5,5,5,5,13433,22,5,311.2793852883896,0.8093379983620252,136776.4473399984,119.80346906871138
1781535934,20,,Aggregated,15.400000,0.000000,5,8,9,9,10,11,14,15,38,38,38,33196,54,18,493.0901986565853,0.8093379983620252,136956.09367900033,77.30322930473551
1781535935,20,GET,/api/load/cpu [GET],4.600000,0.000000,9,10,10,10,11,14,38,38,38,38,38,9902,17,51,725.4545720608841,1.4693439989059698,69234.25248000058,44.92274288022622
1781535935,20,GET,/api/load/memory [GET],4.900000,0.000000,5,5,5,7,9,9,13,13,13,13,13,9872,15,15,506.87011110758885,1.2431080031092279,136956.09367900033,51.9209886547812
1781535935,20,GET,/api/products [GET],5.900000,0.000000,2,2,2,2,2,2,4,5,5,5,5,13440,22,5,311.11811019128953,0.8093379983620252,136776.4473399984,119.80357142857143
1781535935,20,,Aggregated,15.400000,0.000000,5,8,9,9,10,11,14,15,38,38,38,33214,54,18,492.82532397097617,0.8093379983620252,136956.09367900033,77.30321551153128
1781535936,20,GET,/api/load/cpu [GET],4.600000,0.000000,10,10,10,10,13,15,38,38,38,38,38,9906,17,51,725.1655913634031,1.4693439989059698,69234.25248000058,44.92277407631738
1781535936,20,GET,/api/load/memory [GET],4.500000,0.000000,5,5,5,8,9,9,13,13,13,13,13,9877,15,15,506.61642324705025,1.2431080031092279,136956.09367900033,51.92102865242482
1781535936,20,GET,/api/products [GET],6.100000,0.000000,2,2,2,2,2,2,4,5,5,5,5,13445,22,4,311.0029898638851,0.8093379983620252,136776.4473399984,119.80364447750092
1781535936,20,,Aggregated,15.200000,0.000000,4,5,9,9,10,11,14,15,38,38,38,33228,54,18,492.619957842091,0.8093379983620252,136956.09367900033,77.30194414349344
1781535937,20,GET,/api/load/cpu [GET],4.300000,0.000000,10,10,10,10,13,15,38,38,38,38,38,9908,17,51,725.0210769923165,1.4693439989059698,69234.25248000058,44.92278966491724
1781535937,20,GET,/api/load/memory [GET],4.800000,0.000000,5,5,6,7,8,9,9,9,9,9,9,9886,15,14,506.1600990924651,1.2431080031092279,136956.09367900033,51.92110054622699
1781535937,20,GET,/api/products [GET],6.200000,0.000000,2,2,2,2,2,2,4,5,5,5,5,13452,22,4,310.84192592833284,0.8093379983620252,136776.4473399984,119.80374665477252
1781535937,20,,Aggregated,15.300000,0.000000,4,5,9,9,10,10,14,15,38,38,38,33246,54,17,492.3555663254524,0.8093379983620252,136956.09367900033,77.30214161102087
1781535938,20,GET,/api/load/cpu [GET],4.500000,0.000000,10,10,10,11,14,15,38,38,38,38,38,9911,17,50,724.805035952565,1.4693439989059698,69234.25248000058,44.922813036020585
1781535938,20,GET,/api/load/memory [GET],5.000000,0.000000,5,5,5,7,8,8,9,9,9,9,9,9894,15,14,505.7552007486461,1.2431080031092279,136956.09367900033,51.92116434202547
1781535938,20,GET,/api/products [GET],6.000000,0.000000,2,2,2,2,2,2,4,5,5,5,5,13458,22,4,310.70401924549964,0.8093379983620252,136776.4473399984,119.80383415069105
1781535938,20,,Aggregated,15.500000,0.000000,4,5,9,9,10,11,14,15,38,38,38,33263,54,17,492.10652552502745,0.8093379983620252,136956.09367900033,77.30084478249105
1781535939,20,GET,/api/load/cpu [GET],3.700000,0.000000,9,10,10,10,11,14,38,38,38,38,38,9915,17,50,724.5164325487516,1.4693439989059698,69234.25248000058,44.922844175491676
1781535939,20,GET,/api/load/memory [GET],5.300000,0.000000,5,5,6,7,8,9,9,9,9,9,9,9899,15,14,505.5024577101832,1.2431080031092279,136956.09367900033,51.92120416203657
1781535939,20,GET,/api/products [GET],6.600000,0.000000,2,2,2,2,2,2,4,5,5,5,5,13463,22,4,310.5892223463514,0.8093379983620252,136776.4473399984,119.80390700438238
1781535939,20,,Aggregated,15.600000,0.000000,4,5,9,9,10,10,14,14,38,38,38,33277,54,17,491.90167256792927,0.8093379983620252,136956.09367900033,77.29957628391982
1781535940,20,GET,/api/load/cpu [GET],3.900000,0.000000,10,10,10,10,11,14,14,14,14,14,14,9916,17,50,724.4443311960341,1.4693439989059698,69234.25248000058,44.922851956434044
1781535940,20,GET,/api/load/memory [GET],5.200000,0.000000,5,5,6,7,8,9,9,9,9,9,9,9904,15,14,505.24959570810825,1.2431080031092279,136956.09367900033,51.92124394184168
1781535940,20,GET,/api/products [GET],6.600000,0.000000,2,2,2,2,2,2,2,5,5,5,5,13472,22,4,310.3827528764793,0.8093379983620252,136776.4473399984,119.8040380047506
1781535940,20,,Aggregated,15.700000,0.000000,4,5,8,9,10,10,11,14,14,14,14,33292,54,17,491.6814379065538,0.8093379983620252,136956.09367900033,77.30634987384357
1781535941,20,GET,/api/load/cpu [GET],3.800000,0.000000,10,10,10,11,11,14,17,17,17,17,17,9923,17,49,723.9409160600497,1.4693439989059698,69234.25248000058,44.92290637911922
1781535941,20,GET,/api/load/memory [GET],5.300000,0.000000,5,5,6,7,9,10,11,16,16,16,16,9912,15,14,504.8480364204101,1.2431080031092279,136956.09367900033,51.92130750605327
1781535941,20,GET,/api/products [GET],6.700000,0.000000,2,2,2,2,2,2,2,5,5,5,5,13478,22,4,310.2453418823216,0.8093379983620252,136776.4473399984,119.8041252411337
1781535941,20,,Aggregated,15.800000,0.000000,4,5,9,9,10,11,14,16,17,17,17,33313,54,17,491.3759242623898,0.8093379983620252,136956.09367900033,77.30117371596674
1781535942,20,GET,/api/load/cpu [GET],3.600000,0.000000,10,10,10,10,11,14,17,17,17,17,17,9925,17,49,723.7968792990301,1.4693439989059698,69234.25248000058,44.92292191435768
1781535942,20,GET,/api/load/memory [GET],5.300000,0.000000,5,5,6,7,9,10,11,16,16,16,16,9916,15,14,504.64639758431923,1.2431080031092279,136956.09367900033,51.92133924969746
1781535942,20,GET,/api/products [GET],7.200000,0.000000,2,2,2,2,2,2,2,2,2,2,2,13486,22,4,310.06226031699015,0.8093379983620252,136776.4473399984,119.8042414355628
1781535942,20,,Aggregated,16.100000,0.000000,4,5,9,9,10,10,14,16,17,17,17,33327,54,17,491.1710429418787,0.8093379983620252,136956.09367900033,77.30644822516278
1781535943,20,GET,/api/load/cpu [GET],3.600000,0.000000,9,10,10,10,11,14,17,17,17,17,17,9930,17,49,723.4371839710848,1.4693439989059698,69234.25248000058,44.92296072507553
1781535943,20,GET,/api/load/memory [GET],5.500000,0.000000,5,5,6,7,9,10,11,16,16,16,16,9923,15,14,504.294172753513,1.2431080031092279,136956.09367900033,51.921394739494104
1781535943,20,GET,/api/products [GET],6.600000,0.000000,2,2,2,2,2,2,2,2,2,2,2,13492,22,4,309.9250206362981,0.8093379983620252,136776.4473399984,119.8043284909576
1781535943,20,,Aggregated,15.700000,0.000000,4,5,8,9,9,10,11,16,17,17,17,33345,54,17,490.9087026987852,0.8093379983620252,136956.09367900033,77.30397360923676
1781535944,20,GET,/api/load/cpu [GET],3.600000,0.000000,9,10,10,10,11,14,17,17,17,17,17,9936,17,49,723.0060154315491,1.4693439989059698,69234.25248000058,44.92300724637681
1781535944,20,GET,/api/load/memory [GET],5.600000,0.000000,5,5,6,7,9,10,11,16,16,16,16,9930,15,14,503.94241119044443,1.2431080031092279,136956.09367900033,51.9214501510574
1781535944,20,GET,/api/products [GET],6.900000,0.000000,2,2,2,2,2,2,2,2,2,2,2,13493,22,4,309.90216132801703,0.8093379983620252,136776.4473399984,119.80434299266287
1781535944,20,,Aggregated,16.100000,0.000000,4,6,9,9,10,10,14,16,17,17,17,33359,54,17,490.7055299993404,0.8093379983620252,136956.09367900033,77.29413351719177
1781535945,20,GET,/api/load/cpu [GET],3.600000,0.000000,9,10,10,10,10,14,17,17,17,17,17,9939,17,49,722.7906823571658,1.4693439989059698,69234.25248000058,44.92303048596438
1781535945,20,GET,/api/load/memory [GET],5.500000,0.000000,5,5,6,7,9,9,11,16,16,16,16,9941,15,14,503.391009238217,1.2431080031092279,136956.09367900033,51.92153706870536
1781535945,20,GET,/api/products [GET],6.600000,0.000000,2,2,2,2,2,2,2,5,5,5,5,13496,22,4,309.8339180622358,0.8093379983620252,136776.4473399984,119.8043864848844
1781535945,20,,Aggregated,15.700000,0.000000,5,5,9,9,10,10,11,16,17,17,17,33376,54,17,490.4585682212668,0.8093379983620252,136956.09367900033,77.28673298178332
1781535946,20,GET,/api/load/cpu [GET],3.400000,0.000000,9,10,10,10,11,14,17,17,17,17,17,9944,17,49,722.4322607078519,1.4693439989059698,69234.25248000058,44.92306918744972
1781535946,20,GET,/api/load/memory [GET],6.300000,0.000000,5,5,5,7,9,9,11,16,16,16,16,9946,15,14,503.1403560363073,1.2431080031092279,136956.09367900033,51.921576513171125
1781535946,20,GET,/api/products [GET],6.300000,0.000000,2,2,2,2,2,2,2,5,5,5,5,13503,22,4,309.6740560357649,0.8093379983620252,136776.4473399984,119.80448789157965
1781535946,20,,Aggregated,16.000000,0.000000,5,6,9,9,10,10,14,16,17,17,17,33393,54,17,490.211396408439,0.8093379983620252,136956.09367900033,77.28706615158866
1781535947,20,GET,/api/load/cpu [GET],3.700000,0.000000,9,10,10,10,11,12,17,17,17,17,17,9949,17,48,722.0742940739648,1.4693439989059698,69234.25248000058,44.92310785003518
1781535947,20,GET,/api/load/memory [GET],6.600000,0.000000,5,5,5,6,9,9,11,16,16,16,16,9952,15,14,502.8396871849988,1.2431080031092279,136956.09367900033,51.921623794212216
1781535947,20,GET,/api/products [GET],5.800000,0.000000,2,2,2,2,2,2,2,5,5,5,5,13509,22,4,309.53719877740247,0.8093379983620252,136776.4473399984,119.80457472795914
1781535947,20,,Aggregated,16.100000,0.000000,5,6,9,9,10,11,11,16,17,17,17,33410,54,17,489.964553633373,0.8093379983620252,136956.09367900033,77.28536366357378
1781535948,20,GET,/api/load/cpu [GET],3.600000,0.000000,9,10,10,10,11,11,17,17,17,17,17,9956,17,47,721.5734749084854,1.4693439989059698,69234.25248000058,44.92316191241463
1781535948,20,GET,/api/load/memory [GET],6.800000,0.000000,5,5,5,7,9,10,11,16,16,16,16,9956,15,14,502.64004164906663,1.2431080031092279,136956.09367900033,51.92165528324628
1781535948,20,GET,/api/products [GET],5.800000,0.000000,2,2,2,2,2,2,5,5,5,5,5,13517,22,4,309.3550917608888,0.8093379983620252,136776.4473399984,119.80469038987941
1781535948,20,,Aggregated,16.200000,0.000000,5,8,9,9,10,11,11,16,17,17,17,33429,54,17,489.6892681856772,0.8093379983620252,136956.09367900033,77.285799754704
1781535949,20,GET,/api/load/cpu [GET],4.100000,0.000000,9,10,10,10,11,11,17,17,17,17,17,9960,17,47,721.2874748026982,1.4693439989059698,69234.25248000058,44.92319277108434
1781535949,20,GET,/api/load/memory [GET],6.600000,0.000000,5,5,6,7,9,10,11,16,16,16,16,9960,15,14,502.44037423605494,1.2431080031092279,136956.09367900033,51.92168674698795
1781535949,20,GET,/api/products [GET],5.400000,0.000000,2,2,2,2,2,2,5,5,5,5,5,13526,22,4,309.15024571343594,0.8093379983620252,136776.4473399984,119.8048203460003
1781535949,20,,Aggregated,16.100000,0.000000,5,8,9,9,10,11,11,16,17,17,17,33446,54,17,489.44255217203846,0.8093379983620252,136956.09367900033,77.29040841954195
1781535950,20,GET,/api/load/cpu [GET],4.300000,0.000000,9,10,10,10,11,11,12,12,12,12,12,9961,17,47,721.2160860152468,1.4693439989059698,69234.25248000058,44.92320048187933
1781535950,20,GET,/api/load/memory [GET],6.400000,0.000000,5,5,5,6,9,10,10,11,11,11,11,9966,15,14,502.14109078778927,1.2431080031092279,136956.09367900033,51.92173389524383
1781535950,20,GET,/api/products [GET],5.500000,0.000000,2,2,2,2,2,2,5,5,5,5,5,13535,22,4,308.9458034354589,0.8093379983620252,136776.4473399984,119.80495012929443
1781535950,20,,Aggregated,16.200000,0.000000,5,5,9,9,10,10,11,11,12,12,12,33462,54,17,489.21023827290657,0.8093379983620252,136956.09367900033,77.29639591178052
1781535951,20,GET,/api/load/cpu [GET],4.400000,0.000000,9,10,10,10,11,11,12,12,12,12,12,9964,17,47,721.0018464092602,1.4693439989059698,69234.25248000058,44.92322360497792
1781535951,20,GET,/api/load/memory [GET],6.100000,0.000000,5,5,5,5,8,9,9,10,10,10,10,9970,15,14,501.94156181274906,1.2431080031092279,136956.09367900033,51.92176529588766
1781535951,20,GET,/api/products [GET],5.600000,0.000000,2,2,2,2,2,2,5,5,5,5,5,13541,22,4,308.809602799124,0.8093379983620252,136776.4473399984,119.80503655564581
1781535951,20,,Aggregated,16.100000,0.000000,5,5,9,9,10,10,11,11,12,12,12,33475,54,17,489.0219746198058,0.8093379983620252,136956.09367900033,77.29813293502613
1781535952,20,GET,/api/load/cpu [GET],4.600000,0.000000,10,10,10,10,11,11,12,12,12,12,12,9968,17,47,720.7164166243846,1.4693439989059698,69234.25248000058,44.9232544141252
1781535952,20,GET,/api/load/memory [GET],5.900000,0.000000,5,5,5,5,8,9,9,10,10,10,10,9975,15,14,501.69277277254224,1.2431080031092279,136956.09367900033,51.9218045112782
1781535952,20,GET,/api/products [GET],6.000000,0.000000,2,2,2,2,2,2,5,5,5,5,5,13548,22,4,308.6508875777926,0.8093379983620252,136776.4473399984,119.80513728963685
1781535952,20,,Aggregated,16.500000,0.000000,5,5,9,9,10,10,11,11,12,12,12,33491,54,17,488.7906862805528,0.8093379983620252,136956.09367900033,77.29942372577707
1781535953,20,GET,/api/load/cpu [GET],4.100000,0.000000,10,10,10,10,11,11,12,12,12,12,12,9972,17,46,720.431351316874,1.4693439989059698,69234.25248000058,44.92328519855596
1781535953,20,GET,/api/load/memory [GET],6.100000,0.000000,5,5,5,5,8,9,9,10,10,10,10,9978,15,14,501.5433470353888,1.2431080031092279,136956.09367900033,51.92182802164763
1781535953,20,GET,/api/products [GET],6.300000,0.000000,2,2,2,2,2,2,5,5,5,5,5,13556,22,4,308.4695512390773,0.8093379983620252,136776.4473399984,119.80525228681027
1781535953,20,,Aggregated,16.500000,0.000000,5,5,9,9,10,10,11,11,12,12,12,33506,54,17,488.57381330651197,0.8093379983620252,136956.09367900033,77.30349788097654
1781535954,20,GET,/api/load/cpu [GET],4.300000,0.000000,10,10,10,11,11,11,12,12,12,12,12,9976,17,46,720.1465167285355,1.4693439989059698,69234.25248000058,44.923315958299916
1781535954,20,GET,/api/load/memory [GET],6.000000,0.000000,5,5,5,5,7,8,10,10,10,10,10,9981,15,14,501.39444320920774,1.2431080031092279,136956.09367900033,51.92185151788398
1781535954,20,GET,/api/products [GET],6.400000,0.000000,2,2,2,2,2,2,2,5,5,5,5,13565,22,4,308.26595703420077,0.8093379983620252,136776.4473399984,119.80538149649834
1781535954,20,,Aggregated,16.700000,0.000000,4,5,9,9,10,11,11,11,12,12,12,33522,54,17,488.34279863146554,0.8093379983620252,136956.09367900033,77.30884195453731
1781535955,20,GET,/api/load/cpu [GET],4.100000,0.000000,10,10,11,11,11,29,32,32,32,32,32,9979,17,46,719.9370085913288,1.4693439989059698,69234.25248000058,44.923339011925044
1781535955,20,GET,/api/load/memory [GET],5.900000,0.000000,5,5,5,6,7,8,10,10,10,10,10,9986,15,14,501.1459650749158,1.2431080031092279,136956.09367900033,51.921890646905666
1781535955,20,GET,/api/products [GET],6.400000,0.000000,2,2,2,2,2,2,2,5,5,5,5,13573,22,4,308.08513838951853,0.8093379983620252,136776.4473399984,119.8054962057025
1781535955,20,,Aggregated,16.400000,0.000000,4,5,9,9,10,11,11,29,32,32,32,33538,54,17,488.113024012523,0.8093379983620252,136956.09367900033,77.3123620967261
1781535956,20,GET,/api/load/cpu [GET],4.100000,0.000000,10,10,10,10,11,29,32,32,32,32,32,9982,17,45,719.7233998471119,1.4693439989059698,69234.25248000058,44.92336205169305
1781535956,20,GET,/api/load/memory [GET],5.400000,0.000000,5,5,6,7,8,9,10,10,10,10,10,9990,15,14,500.9477229962076,1.2431080031092279,136956.09367900033,51.92192192192192
1781535956,20,GET,/api/products [GET],6.900000,0.000000,2,2,2,2,2,2,3,5,5,5,5,13580,22,4,307.92721677304337,0.8093379983620252,136776.4473399984,119.80559646539028
1781535956,20,,Aggregated,16.400000,0.000000,4,5,8,9,10,10,11,29,32,32,32,33552,54,17,487.9112521990937,0.8093379983620252,136956.09367900033,77.31536123032905
1781535957,20,GET,/api/load/cpu [GET],4.000000,0.000000,10,10,10,10,11,29,32,32,32,32,32,9989,17,45,719.225998263577,1.4693439989059698,69234.25248000058,44.92341575733307
1781535957,20,GET,/api/load/memory [GET],4.600000,0.000000,5,5,6,7,8,8,10,10,10,10,10,9993,15,14,500.79876514361183,1.2431080031092279,136956.09367900033,51.921945361753224
1781535957,20,GET,/api/products [GET],7.400000,0.000000,2,2,2,2,2,2,2,3,3,3,3,13589,22,4,307.7243228252215,0.8093379983620252,136776.4473399984,119.80572521892708
1781535957,20,,Aggregated,16.000000,0.000000,2,5,8,9,10,10,11,29,32,32,32,33571,54,17,487.638032218492,0.8093379983620252,136956.09367900033,77.31780405707308
1781535958,20,GET,/api/load/cpu [GET],4.000000,0.000000,10,10,10,11,13,29,32,32,32,32,32,9994,17,45,718.8715492593427,1.4693439989059698,69234.25248000058,44.92345407244347
1781535958,20,GET,/api/load/memory [GET],4.500000,0.000000,5,5,6,7,8,8,10,10,10,10,10,10000,15,14,500.4522561710112,1.2431080031092279,136956.09367900033,51.922
1781535958,20,GET,/api/products [GET],7.800000,0.000000,2,2,2,2,2,2,3,6,6,6,6,13596,22,4,307.56693730354095,0.8093379983620252,136776.4473399984,119.80582524271844
1781535958,20,,Aggregated,16.300000,0.000000,4,5,9,9,10,11,13,29,32,32,32,33590,54,16,487.3654333011909,0.8093379983620252,136956.09367900033,77.31661208693063
1781535959,20,GET,/api/load/cpu [GET],3.900000,0.000000,10,10,10,11,13,29,32,32,32,32,32,10000,17,44,718.4462190600872,1.4693439989059698,69234.25248000058,44.9235
1781535959,20,GET,/api/load/memory [GET],4.100000,0.000000,5,5,6,7,8,8,10,10,10,10,10,10004,15,14,500.2541005095074,1.2431080031092279,136956.09367900033,51.92203118752499
1781535959,20,GET,/api/products [GET],7.900000,0.000000,2,2,2,2,2,2,3,6,6,6,6,13603,22,4,307.4094545883219,0.8093379983620252,136776.4473399984,119.80592516356685
1781535959,20,,Aggregated,15.900000,0.000000,4,6,9,9,10,11,13,29,32,32,32,33607,54,16,487.12158249361755,0.8093379983620252,136956.09367900033,77.31671973100842
1781535960,20,GET,/api/load/cpu [GET],3.700000,0.000000,10,10,10,11,11,13,32,32,32,32,32,10003,17,44,718.2337662482126,1.4693439989059698,69234.25248000058,44.923522943117064
1781535960,20,GET,/api/load/memory [GET],4.300000,0.000000,5,5,6,7,8,9,63,63,63,63,63,10009,15,14,500.01270901779526,1.2431080031092279,136956.09367900033,51.92207013687681
1781535960,20,GET,/api/products [GET],8.200000,0.000000,2,2,2,2,2,2,3,6,6,6,6,13611,22,4,307.22970501689366,0.8093379983620252,136776.4473399984,119.80603923297333
1781535960,20,,Aggregated,16.200000,0.000000,4,6,9,9,10,11,13,32,63,63,63,33623,54,16,486.8935872267496,0.8093379983620252,136956.09367900033,77.32022722541117
1781535961,20,GET,/api/load/cpu [GET],4.000000,0.000000,10,11,11,11,17,32,190,190,190,190,190,10011,17,44,717.6999183119437,1.4693439989059698,69234.25248000058,44.92358405753671
1781535961,20,GET,/api/load/memory [GET],4.300000,0.000000,5,5,6,6,8,9,63,63,63,63,63,10015,15,13,499.715842985233,1.2431080031092279,136956.09367900033,51.92211682476285
1781535961,20,GET,/api/products [GET],8.200000,0.000000,1,2,2,2,2,2,3,6,6,6,6,13616,22,4,307.1174767795191,0.8093379983620252,136776.4473399984,119.80611045828437
1781535961,20,,Aggregated,16.500000,0.000000,4,6,9,10,11,13,32,140,190,190,190,33642,54,16,486.6315799758631,0.8093379983620252,136956.09367900033,77.31436894358242
1781535962,20,GET,/api/load/cpu [GET],4.100000,0.000000,10,11,11,11,17,32,190,190,190,190,190,10014,17,44,717.4880074327813,1.4693439989059698,69234.25248000058,44.92360695026962
1781535962,20,GET,/api/load/memory [GET],4.200000,0.000000,5,5,6,7,8,9,63,63,63,63,63,10023,15,13,499.3213041371961,1.2431080031092279,136956.09367900033,51.92217898832685
1781535962,20,GET,/api/products [GET],7.400000,0.000000,2,2,2,2,2,2,3,6,6,6,6,13621,22,4,307.0053656892987,0.8093379983620252,136776.4473399984,119.8061816313046
1781535962,20,,Aggregated,15.700000,0.000000,4,7,9,9,11,13,32,140,190,190,190,33658,54,16,486.4027103171014,0.8093379983620252,136956.09367900033,77.31181294194545
1781535963,20,GET,/api/load/cpu [GET],4.800000,0.000000,10,11,11,12,21,32,190,190,190,190,190,10018,17,44,717.2065712687034,1.4693439989059698,69234.25248000058,44.923637452585346
1781535963,20,GET,/api/load/memory [GET],4.200000,0.000000,5,5,6,7,8,9,63,63,63,63,63,10024,15,13,499.2719599455421,1.2431080031092279,136956.09367900033,51.92218675179569
1781535963,20,GET,/api/products [GET],7.300000,0.000000,2,2,2,2,2,2,3,6,6,6,6,13629,22,4,306.8260942392641,0.8093379983620252,136776.4473399984,119.80629539951573
1781535963,20,,Aggregated,16.300000,0.000000,4,6,9,9,11,13,32,140,190,190,190,33671,54,16,486.2169343307592,0.8093379983620252,136956.09367900033,77.31736509162187
1781535964,20,GET,/api/load/cpu [GET],4.400000,0.000000,10,10,11,11,13,21,190,190,190,190,190,10025,17,44,716.7124940175435,1.4693439989059698,69234.25248000058,44.923690773067335
1781535964,20,GET,/api/load/memory [GET],4.400000,0.000000,5,5,5,6,8,9,63,63,63,63,63,10030,15,13,498.9764548723951,1.2431080031092279,136956.09367900033,51.9222333000997
1781535964,20,GET,/api/products [GET],7.100000,0.000000,2,2,2,2,2,2,3,6,6,6,6,13635,22,4,306.69176228455655,0.8093379983620252,136776.4473399984,119.8063806380638
1781535964,20,,Aggregated,15.900000,0.000000,5,7,9,9,10,12,21,140,190,190,190,33690,54,16,485.94594163389735,0.8093379983620252,136956.09367900033,77.3137429504304
1781535965,20,GET,/api/load/cpu [GET],4.500000,0.000000,10,10,11,11,13,21,190,190,190,190,190,10029,17,43,716.4306668353648,1.4693439989059698,69234.25248000058,44.923721208495365
1781535965,20,GET,/api/load/memory [GET],4.600000,0.000000,5,5,6,6,9,10,63,63,63,63,63,10036,15,13,498.6819282442334,1.2431080031092279,136956.09367900033,51.92227979274612
1781535965,20,GET,/api/products [GET],7.400000,0.000000,2,2,2,2,2,2,3,6,6,6,6,13641,22,4,306.5575239818879,0.8093379983620252,136776.4473399984,119.80646580162745
1781535965,20,,Aggregated,16.500000,0.000000,5,8,9,10,11,12,21,140,190,190,190,33706,54,16,485.71785955580634,0.8093379983620252,136956.09367900033,77.31300065270278
1781535966,20,GET,/api/load/cpu [GET],4.800000,0.000000,10,10,11,11,17,21,190,190,190,190,190,10036,17,43,715.9385353402624,1.4693439989059698,69234.25248000058,44.92377441211638
1781535966,20,GET,/api/load/memory [GET],4.900000,0.000000,5,5,5,6,9,10,63,63,63,63,63,10041,15,13,498.4358756052314,1.2431080031092279,136956.09367900033,51.92231849417389
1781535966,20,GET,/api/products [GET],7.000000,0.000000,2,2,2,2,2,2,2,6,6,6,6,13645,22,4,306.46813573454955,0.8093379983620252,136776.4473399984,119.80652253572737
1781535966,20,,Aggregated,16.700000,0.000000,5,8,9,10,11,13,21,140,190,190,190,33722,54,16,485.49052487174566,0.8093379983620252,136956.09367900033,77.30760334499733
1781535967,20,GET,/api/load/cpu [GET],5.100000,0.000000,10,10,11,11,17,21,190,190,190,190,190,10040,17,43,715.6572254749872,1.4693439989059698,69234.25248000058,44.923804780876495
1781535967,20,GET,/api/load/memory [GET],4.900000,0.000000,5,5,5,6,8,9,63,63,63,63,63,10046,15,13,498.19003750021244,1.2431080031092279,136956.09367900033,51.92235715707744
1781535967,20,GET,/api/products [GET],6.700000,0.000000,2,2,2,2,2,2,2,3,3,3,3,13656,22,4,306.22252665121067,0.8093379983620252,136776.4473399984,119.8066783831283
1781535967,20,,Aggregated,16.700000,0.000000,5,8,9,10,11,13,21,140,190,190,190,33742,54,16,485.2051000072613,0.8093379983620252,136956.09367900033,77.31394108233063
1781535968,20,GET,/api/load/cpu [GET],5.200000,0.000000,10,10,11,11,18,100,190,190,190,190,190,10044,17,43,715.3851080860085,1.4693439989059698,69234.25248000058,44.92383512544803
1781535968,20,GET,/api/load/memory [GET],5.000000,0.000000,5,5,5,6,8,9,63,63,63,63,63,10049,15,13,498.0431513336782,1.2431080031092279,136956.09367900033,51.92238033635188
1781535968,20,GET,/api/products [GET],6.700000,0.000000,2,2,2,2,2,2,3,7,7,7,7,13665,22,4,306.0222410272177,0.8093379983620252,136776.4473399984,119.80680570801317
1781535968,20,,Aggregated,16.900000,0.000000,5,7,9,10,10,12,63,140,190,190,190,33758,54,16,484.9800810772263,0.8093379983620252,136956.09367900033,77.31924284614017
1781535969,20,GET,/api/load/cpu [GET],5.200000,0.000000,10,10,11,11,18,100,190,190,190,190,190,10049,17,42,715.0341459261494,1.4693439989059698,69234.25248000058,44.923873022191266
1781535969,20,GET,/api/load/memory [GET],5.000000,0.000000,5,5,5,7,9,9,63,63,63,63,63,10054,15,13,497.798226390305,1.2431080031092279,136956.09367900033,51.922418937736225
1781535969,20,GET,/api/products [GET],6.600000,0.000000,2,2,2,2,2,2,3,7,7,7,7,13673,22,4,305.843969331012,0.8093379983620252,136776.4473399984,119.80691874497184
1781535969,20,,Aggregated,16.800000,0.000000,4,7,9,10,10,11,63,140,190,190,190,33776,54,16,484.7242448248166,0.8093379983620252,136956.09367900033,77.32081951681667
1781535970,20,GET,/api/load/cpu [GET],5.100000,0.000000,10,10,10,10,11,18,100,100,100,100,100,10056,17,42,714.5432415649235,1.4693439989059698,69234.25248000058,44.92392601431981
1781535970,20,GET,/api/load/memory [GET],5.000000,0.000000,5,5,5,6,8,9,10,10,10,10,10,10056,15,13,497.7002277287318,1.2431080031092279,136956.09367900033,51.92243436754177
1781535970,20,GET,/api/products [GET],6.700000,0.000000,2,2,2,2,2,2,3,7,7,7,7,13679,22,4,305.71044377790264,0.8093379983620252,136776.4473399984,119.80700343592368
1781535970,20,,Aggregated,16.800000,0.000000,4,7,9,9,10,11,12,21,100,100,100,33791,54,16,484.5116595441094,0.8093379983620252,136956.09367900033,77.32020360451007
1781535971,20,GET,/api/load/cpu [GET],4.800000,0.000000,10,10,11,11,11,18,21,100,100,100,100,10063,17,42,714.0533736431355,1.4693439989059698,69234.25248000058,44.92397893272384
1781535971,20,GET,/api/load/memory [GET],5.000000,0.000000,5,5,5,6,8,9,10,10,10,10,10,10060,15,13,497.50414145587735,1.2431080031092279,136956.09367900033,51.92246520874752
1781535971,20,GET,/api/products [GET],7.000000,0.000000,2,2,2,2,2,2,3,7,7,7,7,13686,22,4,305.55483034304655,0.8093379983620252,136776.4473399984,119.80710214818062
1781535971,20,,Aggregated,16.800000,0.000000,5,8,9,10,10,11,12,21,100,100,100,33809,54,16,484.25668224709415,0.8093379983620252,136956.09367900033,77.31935283504393
1781535972,20,GET,/api/load/cpu [GET],5.200000,0.000000,10,10,10,11,11,18,100,100,100,100,100,10065,17,42,713.9134090209509,1.4693439989059698,69234.25248000058,44.923994038748134
1781535972,20,GET,/api/load/memory [GET],4.900000,0.000000,5,5,5,6,8,10,10,10,10,10,10,10062,15,13,497.40665621050744,1.2431080031092279,136956.09367900033,51.92248062015504
1781535972,20,GET,/api/products [GET],7.200000,0.000000,1,2,2,2,2,2,3,7,7,7,7,13694,22,4,305.37732635014817,0.8093379983620252,136776.4473399984,119.80721483861545
1781535972,20,,Aggregated,17.300000,0.000000,5,8,9,10,10,11,11,21,100,100,100,33821,54,16,484.0862583491026,0.8093379983620252,136956.09367900033,77.32604003429822
1781535973,20,GET,/api/load/cpu [GET],5.000000,0.000000,10,10,10,11,11,11,100,100,100,100,100,10072,17,42,713.424112057275,1.4693439989059698,69234.25248000058,44.92404686258936
1781535973,20,GET,/api/load/memory [GET],4.900000,0.000000,5,5,5,6,8,10,10,10,10,10,10,10066,15,13,497.2108863545728,1.2431080031092279,136956.09367900033,51.92251142459766
1781535973,20,GET,/api/products [GET],7.100000,0.000000,2,2,2,2,2,2,3,7,7,7,7,13700,22,4,305.2443143699948,0.8093379983620252,136776.4473399984,119.80729927007299
1781535973,20,,Aggregated,17.000000,0.000000,4,8,9,10,10,11,11,18,100,100,100,33838,54,16,483.84595855414045,0.8093379983620252,136956.09367900033,77.32392576393404
1781535974,20,GET,/api/load/cpu [GET],5.400000,0.000000,10,10,11,11,11,11,100,100,100,100,100,10077,17,41,713.0750560870171,1.4693439989059698,69234.25248000058,44.92408454897291
1781535974,20,GET,/api/load/memory [GET],4.300000,0.000000,5,5,5,5,8,10,10,10,10,10,10,10072,15,13,496.91741993974716,1.2431080031092279,136956.09367900033,51.92255758538523
1781535974,20,GET,/api/products [GET],7.000000,0.000000,2,2,2,2,2,2,3,7,7,7,7,13703,22,4,305.17782369137603,0.8093379983620252,136776.4473399984,119.80734145807487
1781535974,20,,Aggregated,16.700000,0.000000,4,7,9,10,10,11,11,18,100,100,100,33852,54,16,483.6482722398973,0.8093379983620252,136956.09367900033,77.31844499586435
1781535975,20,GET,/api/load/cpu [GET],5.300000,0.000000,10,10,11,11,11,11,100,100,100,100,100,10083,17,41,712.6568728974387,1.4693439989059698,69234.25248000058,44.92412972329664
1781535975,20,GET,/api/load/memory [GET],4.100000,0.000000,5,5,5,5,7,9,10,10,10,10,10,10073,15,13,496.8685200071612,1.2431080031092279,136956.09367900033,51.92256527350342
1781535975,20,GET,/api/products [GET],6.900000,0.000000,2,2,2,2,2,2,3,7,7,7,7,13712,22,4,304.9785286441751,0.8093379983620252,136776.4473399984,119.80746791131855
1781535975,20,,Aggregated,16.300000,0.000000,4,7,9,10,10,11,11,11,100,100,100,33868,54,16,483.4221517723519,0.8093379983620252,136956.09367900033,77.32331404275422
1781535976,20,GET,/api/load/cpu [GET],5.100000,0.000000,10,10,11,11,11,11,100,100,100,100,100,10086,17,41,712.4479703602892,1.4693439989059698,69234.25248000058,44.92415229030339
1781535976,20,GET,/api/load/memory [GET],4.000000,0.000000,5,5,5,5,7,9,10,10,10,10,10,10076,15,13,496.72188537436836,1.2431080031092279,136956.09367900033,51.92258832870186
1781535976,20,GET,/api/products [GET],7.000000,0.000000,1,2,2,2,2,2,3,7,7,7,7,13725,22,4,304.69096605828224,0.8093379983620252,136776.4473399984,119.80765027322404
1781535976,20,,Aggregated,16.100000,0.000000,4,5,9,10,10,11,11,12,100,100,100,33887,54,16,483.1529334327622,0.8093379983620252,136956.09367900033,77.33458258329152
1781535977,20,GET,/api/load/cpu [GET],5.200000,0.000000,10,10,11,11,11,12,100,100,100,100,100,10091,17,41,712.1006233597143,1.4693439989059698,69234.25248000058,44.92418987216331
1781535977,20,GET,/api/load/memory [GET],4.100000,0.000000,5,5,5,5,7,10,10,10,10,10,10,10084,15,13,496.3324031087997,1.2431080031092279,136956.09367900033,51.92264974216581
1781535977,20,GET,/api/products [GET],7.300000,0.000000,1,2,2,2,2,2,3,7,7,7,7,13729,22,4,304.60263538924386,0.8093379983620252,136776.4473399984,119.80770631509942
1781535977,20,,Aggregated,16.600000,0.000000,4,9,9,10,11,11,12,15,100,100,100,33904,54,16,482.9139017381731,0.8093379983620252,136956.09367900033,77.32886974988202
1781535978,20,GET,/api/load/cpu [GET],5.100000,0.000000,10,10,11,11,11,12,15,15,15,15,15,10094,17,41,711.8919820177217,1.4693439989059698,69234.25248000058,44.924212403407964
1781535978,20,GET,/api/load/memory [GET],3.500000,0.000000,5,5,5,5,7,10,10,10,10,10,10,10090,15,13,496.03993649158963,1.2431080031092279,136956.09367900033,51.922695738354804
1781535978,20,GET,/api/products [GET],7.700000,0.000000,1,2,2,2,2,2,2,3,3,3,3,13736,22,4,304.4482101310376,0.8093379983620252,136776.4473399984,119.80780430984275
1781535978,20,,Aggregated,16.300000,0.000000,4,9,10,10,11,11,11,12,15,15,15,33920,54,16,482.6881261806318,0.8093379983620252,136956.09367900033,77.33033608490567
1781535979,20,GET,/api/load/cpu [GET],5.000000,0.000000,10,11,11,11,11,12,66,66,66,66,66,10100,17,41,711.4806020488996,1.4693439989059698,69234.25248000058,44.924257425742574
1781535979,20,GET,/api/load/memory [GET],3.800000,0.000000,5,5,5,5,7,10,10,10,10,10,10,10094,15,13,495.84581093383593,1.2431080031092279,136956.09367900033,51.92272637210224
1781535979,20,GET,/api/products [GET],7.600000,0.000000,1,2,2,2,2,2,2,3,3,3,3,13741,22,4,304.3379878572836,0.8093379983620252,136776.4473399984,119.80787424496033
1781535979,20,,Aggregated,16.400000,0.000000,4,7,9,10,11,11,12,15,66,66,66,33935,54,16,482.4791509476068,0.8093379983620252,136956.09367900033,77.32792102548991
1781535980,20,GET,/api/load/cpu [GET],5.200000,0.000000,10,11,11,11,11,12,66,66,66,66,66,10107,17,40,710.994570733441,1.4693439989059698,69234.25248000058,44.924309884238646
1781535980,20,GET,/api/load/memory [GET],3.800000,0.000000,5,5,5,5,7,10,10,10,10,10,10,10099,15,13,495.60287496169303,1.2431080031092279,136956.09367900033,51.9227646301614
1781535980,20,GET,/api/products [GET],7.200000,0.000000,2,2,2,2,2,2,2,3,3,3,3,13748,22,4,304.18374465550875,0.8093379983620252,136776.4473399984,119.80797206866453
1781535980,20,,Aggregated,16.200000,0.000000,4,7,9,10,11,11,12,15,66,66,66,33954,54,16,482.2122189481367,0.8093379983620252,136956.09367900033,77.32632384991459
1781535981,20,GET,/api/load/cpu [GET],5.100000,0.000000,10,11,11,11,11,12,66,66,66,66,66,10109,17,40,710.8558268362732,1.4693439989059698,69234.25248000058,44.9243248590365
1781535981,20,GET,/api/load/memory [GET],4.000000,0.000000,5,5,5,5,7,7,10,10,10,10,10,10102,15,13,495.45704385271637,1.2431080031092279,136956.09367900033,51.92278756681845
1781535981,20,GET,/api/products [GET],7.000000,0.000000,2,2,2,2,2,2,2,3,3,3,3,13757,22,4,303.9857692568104,0.8093379983620252,136776.4473399984,119.80809769571854
1781535981,20,,Aggregated,16.100000,0.000000,4,5,9,10,10,11,12,15,66,66,66,33968,54,16,482.0148621689249,0.8093379983620252,136956.09367900033,77.33349034385304
1781535982,20,GET,/api/load/cpu [GET],5.100000,0.000000,10,11,11,11,12,12,66,66,66,66,66,10113,17,40,710.5788017697895,1.4693439989059698,69234.25248000058,44.92435479086325
1781535982,20,GET,/api/load/memory [GET],4.100000,0.000000,5,5,5,5,7,7,10,10,10,10,10,10107,15,13,495.2141311594085,1.2431080031092279,136956.09367900033,51.92282576432176
1781535982,20,GET,/api/products [GET],6.700000,0.000000,2,2,2,2,2,2,2,2,2,2,2,13765,22,4,303.8100657957095,0.8093379983620252,136776.4473399984,119.80820922629859
1781535982,20,,Aggregated,15.900000,0.000000,4,5,9,10,11,11,12,15,66,66,66,33985,54,16,481.7760247639851,0.8093379983620252,136956.09367900033,77.33600117698985
1781535983,20,GET,/api/load/cpu [GET],4.900000,0.000000,10,11,11,11,12,12,66,66,66,66,66,10116,17,40,710.3711783745437,1.4693439989059698,69234.25248000058,44.92437722419929
1781535983,20,GET,/api/load/memory [GET],4.100000,0.000000,5,5,5,5,7,7,10,10,10,10,10,10110,15,13,495.0685461545139,1.2431080031092279,136956.09367900033,51.92284866468843
1781535983,20,GET,/api/products [GET],7.100000,0.000000,2,2,2,2,2,2,2,2,2,2,2,13772,22,4,303.65645613657745,0.8093379983620252,136776.4473399984,119.80830670926518
1781535983,20,,Aggregated,16.100000,0.000000,4,5,9,10,11,11,12,15,66,66,66,33998,54,16,481.5934630264144,0.8093379983620252,136956.09367900033,77.33969645273251
1781535984,20,GET,/api/load/cpu [GET],4.700000,0.000000,10,11,11,11,12,15,66,66,66,66,66,10118,17,40,710.2327299104451,1.4693439989059698,69234.25248000058,44.92439217236608
1781535984,20,GET,/api/load/memory [GET],4.200000,0.000000,5,5,5,5,7,8,10,10,10,10,10,10117,15,13,494.72958238451537,1.2431080031092279,136956.09367900033,51.92290204606108
1781535984,20,GET,/api/products [GET],7.100000,0.000000,1,2,2,2,2,2,2,2,2,2,2,13780,22,4,303.48099404738366,0.8093379983620252,136776.4473399984,119.80841799709724
1781535984,20,,Aggregated,16.000000,0.000000,4,5,9,9,10,11,12,15,66,66,66,34015,54,16,481.35475655419805,0.8093379983620252,136956.09367900033,77.34261355284433
1781535985,20,GET,/api/load/cpu [GET],4.700000,0.000000,10,11,11,11,12,15,66,66,66,66,66,10122,17,40,709.95637947697,1.4693439989059698,69234.25248000058,44.924422050978066
1781535985,20,GET,/api/load/memory [GET],4.500000,0.000000,5,5,5,5,7,8,10,10,10,10,10,10118,15,13,494.68113715043916,1.2431080031092279,136956.09367900033,51.92290966594189
1781535985,20,GET,/api/products [GET],7.400000,0.000000,2,2,2,2,2,2,2,2,2,2,2,13788,22,4,303.30586263460583,0.8093379983620252,136776.4473399984,119.80852915578764
1781535985,20,,Aggregated,16.600000,0.000000,4,5,9,9,11,11,13,15,66,66,66,34028,54,16,481.17266523921637,0.8093379983620252,136956.09367900033,77.34809568590572
1781535986,20,GET,/api/load/cpu [GET],4.400000,0.000000,10,11,11,11,12,13,66,66,66,66,66,10130,17,40,709.4041687401674,1.4693439989059698,69234.25248000058,44.92448173741362
1781535986,20,GET,/api/load/memory [GET],4.400000,0.000000,5,5,5,5,7,7,9,9,9,9,9,10122,15,13,494.4876737578689,1.2431080031092279,136956.09367900033,51.92294013040901
1781535986,20,GET,/api/products [GET],7.500000,0.000000,2,2,2,2,2,2,2,2,2,2,2,13792,22,4,303.21839962028315,0.8093379983620252,136776.4473399984,119.80858468677494
1781535986,20,,Aggregated,16.300000,0.000000,4,5,9,9,11,11,13,13,66,66,66,34044,54,15,480.9498481576214,0.8093379983620252,136956.09367900033,77.342527317589
1781535987,20,GET,/api/load/cpu [GET],3.800000,0.000000,10,11,11,11,12,13,66,66,66,66,66,10135,17,39,709.059225818243,1.4693439989059698,69234.25248000058,44.92451899358658
1781535987,20,GET,/api/load/memory [GET],4.400000,0.000000,5,5,5,5,6,7,9,9,9,9,9,10128,15,13,494.19775116490376,1.2431080031092279,136956.09367900033,51.92298578199052
1781535987,20,GET,/api/products [GET],7.500000,0.000000,2,2,2,2,2,2,2,3,3,3,3,13797,22,4,303.10914914350553,0.8093379983620252,136776.4473399984,119.8086540552294
1781535987,20,,Aggregated,15.700000,0.000000,4,5,9,9,11,11,13,13,66,66,66,34060,54,15,480.7265709982107,0.8093379983620252,136956.09367900033,77.33957721667646
1781535988,20,GET,/api/load/cpu [GET],4.200000,0.000000,10,11,11,11,12,13,66,66,66,66,66,10141,17,39,708.6458636533765,1.4693439989059698,69234.25248000058,44.92456365249976
1781535988,20,GET,/api/load/memory [GET],4.600000,0.000000,5,5,5,5,6,8,9,9,9,9,9,10132,15,13,494.0044774064497,1.2431080031092279,136956.09367900033,51.923016186340305
1781535988,20,GET,/api/products [GET],7.000000,0.000000,2,2,2,2,2,2,2,3,3,3,3,13802,22,4,302.9999017330058,0.8093379983620252,136776.4473399984,119.80872337342414
1781535988,20,,Aggregated,15.800000,0.000000,4,6,9,10,11,11,13,13,66,66,66,34075,54,15,480.5175557479108,0.8093379983620252,136956.09367900033,77.33716801173881
1781535989,20,GET,/api/load/cpu [GET],4.400000,0.000000,11,11,11,11,12,13,26,26,26,26,26,10146,17,39,708.3031467526013,1.4693439989059698,69234.25248000058,44.92460082791248
1781535989,20,GET,/api/load/memory [GET],4.400000,0.000000,5,5,5,5,6,7,8,8,8,8,8,10135,15,13,493.85955412976324,1.2431080031092279,136956.09367900033,51.92303897385298
1781535989,20,GET,/api/products [GET],6.800000,0.000000,2,2,2,2,2,2,2,3,3,3,3,13810,22,4,302.8252454542321,0.8093379983620252,136776.4473399984,119.80883417813179
1781535989,20,,Aggregated,15.600000,0.000000,4,5,9,10,11,11,13,13,26,26,26,34091,54,15,480.2947096823227,0.8093379983620252,136956.09367900033,77.34020709278109
1781535990,20,GET,/api/load/cpu [GET],4.500000,0.000000,10,11,11,11,12,13,26,26,26,26,26,10153,17,38,707.8215285742041,1.4693439989059698,69234.25248000058,44.924652811976756
1781535990,20,GET,/api/load/memory [GET],4.300000,0.000000,5,5,5,5,6,8,8,8,8,8,8,10140,15,13,493.6187571102716,1.2431080031092279,136956.09367900033,51.92307692307692
1781535990,20,GET,/api/products [GET],6.600000,0.000000,2,2,2,2,2,2,2,3,3,3,3,13814,22,4,302.7379731347144,0.8093379983620252,136776.4473399984,119.80888953235848
1781535990,20,,Aggregated,15.400000,0.000000,4,6,9,10,11,11,13,13,26,26,26,34107,54,15,480.0723762745204,0.8093379983620252,136956.09367900033,77.33485794704899
1781535991,20,GET,/api/load/cpu [GET],4.900000,0.000000,10,11,11,11,12,13,26,26,26,26,26,10159,17,38,707.4094398051873,1.4693439989059698,69234.25248000058,44.92469731272763
1781535991,20,GET,/api/load/memory [GET],4.000000,0.000000,5,5,5,5,6,8,8,8,8,8,8,10143,15,13,493.4741912878002,1.2431080031092279,136956.09367900033,51.92309967465247
1781535991,20,GET,/api/products [GET],6.400000,0.000000,2,2,2,2,2,2,2,3,3,3,3,13820,22,4,302.60712058009756,0.8093379983620252,136776.4473399984,119.80897250361795
1781535991,20,,Aggregated,15.300000,0.000000,4,6,9,10,11,11,13,13,26,26,26,34122,54,15,479.86377198376636,0.8093379983620252,136956.09367900033,77.33444698435028
1781535992,20,GET,/api/load/cpu [GET],4.600000,0.000000,10,11,11,11,13,15,15,26,26,26,26,10166,17,37,706.9301972282024,1.4693439989059698,69234.25248000058,44.924749163879596
1781535992,20,GET,/api/load/memory [GET],4.100000,0.000000,5,5,5,6,8,9,10,10,10,10,10,10147,15,13,493.2824089486701,1.2431080031092279,136956.09367900033,51.92312998915936
1781535992,20,GET,/api/products [GET],6.500000,0.000000,2,2,2,2,2,3,3,3,3,3,3,13826,22,4,302.4766541766924,0.8093379983620252,136776.4473399984,119.80905540286417
1781535992,20,,Aggregated,15.200000,0.000000,5,9,10,10,11,12,15,15,26,26,26,34139,54,15,479.62831978883634,0.8093379983620252,136956.09367900033,77.33234716892703
1781535993,20,GET,/api/load/cpu [GET],4.700000,0.000000,10,11,11,11,13,15,15,26,26,26,26,10168,17,37,706.7931155222171,1.4693439989059698,69234.25248000058,44.92476396538159
1781535993,20,GET,/api/load/memory [GET],4.100000,0.000000,5,5,5,6,8,9,10,10,10,10,10,10153,15,13,492.99359665913056,1.2431080031092279,136956.09367900033,51.92317541613316
1781535993,20,GET,/api/products [GET],6.300000,0.000000,2,2,2,2,2,3,3,3,3,3,3,13833,22,4,302.3244855715282,0.8093379983620252,136776.4473399984,119.80915202775971
1781535993,20,,Aggregated,15.100000,0.000000,5,9,10,10,11,12,15,15,26,26,26,34154,54,15,479.4194236230333,0.8093379983620252,136956.09367900033,77.33474849212391
1781535994,20,GET,/api/load/cpu [GET],4.800000,0.000000,10,11,11,11,13,15,15,26,26,26,26,10175,17,37,706.3140074815633,1.4693439989059698,69234.25248000058,44.92481572481572
1781535994,20,GET,/api/load/memory [GET],4.100000,0.000000,5,5,6,6,9,10,11,11,11,11,11,10157,15,13,492.8024613577973,1.2431080031092279,136956.09367900033,51.923205670965835
1781535994,20,GET,/api/products [GET],6.500000,0.000000,2,2,2,2,2,3,3,3,3,3,3,13841,22,4,302.1506352880534,0.8093379983620252,136776.4473399984,119.80926233653638
1781535994,20,,Aggregated,15.400000,0.000000,5,9,10,10,11,12,13,15,26,26,26,34173,54,15,479.156251109299,0.8093379983620252,136956.09367900033,77.33514763117081
1781535995,20,GET,/api/load/cpu [GET],5.200000,0.000000,10,11,11,11,12,15,15,26,26,26,26,10179,17,37,706.0405721116915,1.4693439989059698,69234.25248000058,44.92484526967286
1781535995,20,GET,/api/load/memory [GET],4.000000,0.000000,5,5,6,6,9,9,11,11,11,11,11,10164,15,13,492.466915862667,1.2431080031092279,136956.09367900033,51.9232585596222
1781535995,20,GET,/api/products [GET],6.000000,0.000000,2,2,2,2,2,3,3,3,3,3,3,13846,22,4,302.04208870814335,0.8093379983620252,136776.4473399984,119.80933121479127
1781535995,20,,Aggregated,15.200000,0.000000,5,9,10,10,11,11,13,15,26,26,26,34189,54,15,478.9346127879166,0.8093379983620252,136956.09367900033,77.33241685922373
1781535996,20,GET,/api/load/cpu [GET],5.300000,0.000000,10,11,11,11,12,15,26,26,26,26,26,10182,17,37,705.8353979227958,1.4693439989059698,69234.25248000058,44.92486741308191
1781535996,20,GET,/api/load/memory [GET],4.100000,0.000000,5,5,6,6,9,9,11,11,11,11,11,10169,15,13,492.2274498819105,1.2431080031092279,136956.09367900033,51.92329629265414
1781535996,20,GET,/api/products [GET],6.000000,0.000000,2,2,2,2,2,3,3,3,3,3,3,13850,22,4,301.95535505349835,0.8093379983620252,136776.4473399984,119.80938628158844
1781535996,20,,Aggregated,15.400000,0.000000,5,9,10,10,11,11,15,15,26,26,26,34201,54,15,478.76841691734387,0.8093379983620252,136956.09367900033,77.3308675184936
1781535997,20,GET,/api/load/cpu [GET],5.600000,0.000000,10,11,11,11,12,15,26,26,26,26,26,10186,17,37,705.5620651271265,1.4693439989059698,69234.25248000058,44.92489691733752
1781535997,20,GET,/api/load/memory [GET],4.200000,0.000000,5,5,6,6,9,9,11,11,11,11,11,10176,15,13,491.89261682067064,1.2431080031092279,136956.09367900033,51.923349056603776
1781535997,20,GET,/api/products [GET],5.800000,0.000000,2,2,2,2,2,2,3,3,3,3,3,13856,22,4,301.82518208616835,0.8093379983620252,136776.4473399984,119.8094688221709
1781535997,20,,Aggregated,15.600000,0.000000,5,9,9,10,11,11,13,15,26,26,26,34218,54,15,478.5330582482341,0.8093379983620252,136956.09367900033,77.32938804138173
1781535998,20,GET,/api/load/cpu [GET],5.400000,0.000000,10,10,11,11,12,13,15,15,15,15,15,10192,17,36,705.1525581999522,1.4693439989059698,69234.25248000058,44.92494113029827
1781535998,20,GET,/api/load/memory [GET],4.700000,0.000000,5,5,6,6,9,9,11,11,11,11,11,10179,15,13,491.74908957895127,1.2431080031092279,136956.09367900033,51.923371647509576
1781535998,20,GET,/api/products [GET],5.600000,0.000000,2,2,2,2,2,2,3,3,3,3,3,13861,22,4,301.71685558985286,0.8093379983620252,136776.4473399984,119.80953755140322
1781535998,20,,Aggregated,15.700000,0.000000,5,9,9,10,11,11,13,15,15,15,15,34232,54,15,478.33974618278455,0.8093379983620252,136956.09367900033,77.32773428371115
1781535999,20,GET,/api/load/cpu [GET],5.100000,0.000000,10,10,11,11,12,13,15,15,15,15,15,10196,17,36,704.8799017845148,1.4693439989059698,69234.25248000058,44.924970576696744
1781535999,20,GET,/api/load/memory [GET],5.000000,0.000000,5,5,6,8,9,9,11,11,11,11,11,10185,15,13,491.46265721110905,1.2431080031092279,136956.09367900033,51.92341678939617
1781535999,20,GET,/api/products [GET],5.700000,0.000000,2,2,2,2,2,2,3,3,3,3,3,13865,22,4,301.63024972808864,0.8093379983620252,136776.4473399984,119.80959249909844
1781535999,20,,Aggregated,15.800000,0.000000,5,9,9,10,11,11,13,15,15,15,15,34246,54,15,478.1465296609846,0.8093379983620252,136956.09367900033,77.32450505168487
1781536000,20,GET,/api/load/cpu [GET],5.000000,0.000000,10,10,11,11,12,13,15,15,15,15,15,10199,17,36,704.6754493184542,1.4693439989059698,69234.25248000058,44.92499264633788
1781536000,20,GET,/api/load/memory [GET],4.800000,0.000000,5,5,6,7,9,9,11,11,11,11,11,10189,15,13,491.27163502828006,1.2431080031092279,136956.09367900033,51.92344685445088
1781536000,20,GET,/api/products [GET],5.900000,0.000000,2,2,2,2,2,2,3,3,3,3,3,13872,22,4,301.4789420865736,0.8093379983620252,136776.4473399984,119.80968858131487
1781536000,20,,Aggregated,15.700000,0.000000,5,9,9,10,11,11,13,15,15,15,15,34260,54,15,477.9529329108897,0.8093379983620252,136956.09367900033,77.32743724460012
1781536001,20,GET,/api/load/cpu [GET],4.900000,0.000000,10,10,11,11,11,13,15,15,15,15,15,10203,17,36,704.4030468697358,1.4693439989059698,69234.25248000058,44.925022052337546
1781536001,20,GET,/api/load/memory [GET],4.900000,0.000000,5,5,6,7,9,9,11,11,11,11,11,10192,15,12,491.1284047060585,1.2431080031092279,136956.09367900033,51.923469387755105
1781536001,20,GET,/api/products [GET],5.600000,0.000000,2,2,2,2,2,2,2,2,2,2,2,13879,22,4,301.3277253513906,0.8093379983620252,136776.4473399984,119.80978456661143
1781536001,20,,Aggregated,15.400000,0.000000,5,9,9,10,11,11,13,15,15,15,15,34274,54,15,477.7595987666478,0.8093379983620252,136956.09367900033,77.33016280562525
1781536002,20,GET,/api/load/cpu [GET],4.600000,0.000000,10,10,11,11,11,11,13,13,13,13,13,10211,17,36,703.8588964213014,1.4693439989059698,69234.25248000058,44.92508079522084
1781536002,20,GET,/api/load/memory [GET],5.200000,0.000000,5,5,6,6,9,9,11,11,11,11,11,10193,15,12,491.0806583739968,1.2431080031092279,136956.09367900033,51.923476895908955
1781536002,20,GET,/api/products [GET],5.800000,0.000000,2,2,2,2,2,2,2,2,2,2,2,13885,22,4,301.1982364379511,0.8093379983620252,136776.4473399984,119.80986676269356
1781536002,20,,Aggregated,15.600000,0.000000,5,9,9,10,10,11,11,11,13,13,13,34289,54,15,477.55332191388135,0.8093379983620252,136956.09367900033,77.32934760418793
1781536003,20,GET,/api/load/cpu [GET],4.500000,0.000000,10,10,11,11,11,11,13,91,91,91,91,10222,17,35,703.1199132466161,1.4693439989059698,69234.25248000058,44.925161416552534
1781536003,20,GET,/api/load/memory [GET],4.900000,0.000000,5,5,6,6,8,9,11,11,11,11,11,10196,15,12,490.9379779717684,1.2431080031092279,136956.09367900033,51.92349941153393
1781536003,20,GET,/api/products [GET],5.900000,0.000000,2,2,2,2,2,2,2,2,2,2,2,13889,22,4,301.1118993664011,0.8093379983620252,136776.4473399984,119.80992152062784
1781536003,20,,Aggregated,15.300000,0.000000,5,9,9,10,10,11,11,13,91,91,91,34307,54,15,477.3089616377728,0.8093379983620252,136956.09367900033,77.3217419185589
1781536004,20,GET,/api/load/cpu [GET],4.700000,0.000000,10,10,10,11,11,11,13,91,91,91,91,10229,17,35,702.6452431252236,1.4693439989059698,69234.25248000058,44.925212630755695
1781536004,20,GET,/api/load/memory [GET],4.800000,0.000000,5,5,6,6,8,9,9,9,9,9,9,10198,15,12,490.8427304403952,1.2431080031092279,136956.09367900033,51.9235144145911
1781536004,20,GET,/api/products [GET],5.900000,0.000000,2,2,2,2,2,2,2,2,2,2,2,13899,22,4,300.8963754994563,0.8093379983620252,136776.4473399984,119.81005827757393
1781536004,20,,Aggregated,15.400000,0.000000,5,9,9,10,10,11,11,13,91,91,91,34326,54,15,477.0474590696869,0.8093379983620252,136956.09367900033,77.32610848919187
1781536005,20,GET,/api/load/cpu [GET],5.000000,0.000000,10,10,10,11,11,11,12,91,91,91,91,10237,17,35,702.1040594065555,1.4693439989059698,69234.25248000058,44.9252710755104
1781536005,20,GET,/api/load/memory [GET],4.500000,0.000000,5,5,5,6,7,8,9,9,9,9,9,10202,15,12,490.6520243323027,1.2431080031092279,136956.09367900033,51.92354440305822
1781536005,20,GET,/api/products [GET],5.700000,0.000000,2,2,2,2,2,2,2,2,2,2,2,13902,22,4,300.8318555515711,0.8093379983620252,136776.4473399984,119.81009926629262
1781536005,20,,Aggregated,15.200000,0.000000,5,9,9,10,10,11,11,12,91,91,91,34341,54,15,476.84213226933025,0.8093379983620252,136956.09367900033,77.31935587198976
1781536006,20,GET,/api/load/cpu [GET],5.400000,0.000000,10,10,10,11,11,11,12,91,91,91,91,10244,17,35,701.6310227317359,1.4693439989059698,69234.25248000058,44.925322139789145
1781536006,20,GET,/api/load/memory [GET],4.300000,0.000000,5,5,6,6,8,9,9,9,9,9,9,10209,15,12,490.3196014971254,1.2431080031092279,136956.09367900033,51.92359682632971
1781536006,20,GET,/api/products [GET],5.700000,0.000000,2,2,2,2,2,2,2,3,3,3,3,13909,22,4,300.6813902880828,0.8093379983620252,136776.4473399984,119.81019483787476
1781536006,20,,Aggregated,15.400000,0.000000,5,9,9,10,10,11,11,12,91,91,91,34362,54,15,476.5542886346858,0.8093379983620252,136956.09367900033,77.31630871311333
1781536007,20,GET,/api/load/cpu [GET],5.700000,0.000000,10,10,10,11,11,11,12,91,91,91,91,10247,17,35,701.4284080172637,1.4693439989059698,69234.25248000058,44.925344003122866
1781536007,20,GET,/api/load/memory [GET],4.000000,0.000000,5,5,6,6,8,9,9,9,9,9,9,10213,15,12,490.1297054139973,1.2431080031092279,136956.09367900033,51.92362675022031
1781536007,20,GET,/api/products [GET],5.800000,0.000000,2,2,2,2,2,2,2,3,3,3,3,13915,22,4,300.5523740660393,0.8093379983620252,136776.4473399984,119.81027667984189
1781536007,20,,Aggregated,15.500000,0.000000,5,9,9,10,10,11,11,12,91,91,91,34375,54,15,476.375792392002,0.8093379983620252,136956.09367900033,77.31799272727272
1781536008,20,GET,/api/load/cpu [GET],6.000000,0.000000,10,10,10,10,11,11,12,91,91,91,91,10252,17,35,701.0909294241025,1.4693439989059698,69234.25248000058,44.92538041357784
1781536008,20,GET,/api/load/memory [GET],3.700000,0.000000,5,5,5,6,7,8,9,9,9,9,9,10218,15,12,489.8921072966488,1.2431080031092279,136956.09367900033,51.9236641221374
1781536008,20,GET,/api/products [GET],5.900000,0.000000,2,2,2,2,2,2,2,3,3,3,3,13926,22,4,300.31610185264475,0.8093379983620252,136776.4473399984,119.81042654028435
1781536008,20,,Aggregated,15.600000,0.000000,5,9,9,10,10,11,11,12,91,91,91,34396,54,15,476.0874460755047,0.8093379983620252,136956.09367900033,77.32326433306199
1781536009,20,GET,/api/load/cpu [GET],6.200000,0.000000,10,10,10,10,11,11,12,91,91,91,91,10255,17,34,700.888843569176,1.4693439989059698,69234.25248000058,44.92540224280839
1781536009,20,GET,/api/load/memory [GET],3.700000,0.000000,5,5,5,6,8,9,11,11,11,11,11,10222,15,12,489.70280118833466,1.2431080031092279,136956.09367900033,51.92369399334768
1781536009,20,GET,/api/products [GET],6.100000,0.000000,2,2,2,2,2,2,2,3,3,3,3,13934,22,4,300.14460629725386,0.8093379983620252,136776.4473399984,119.81053538108225
1781536009,20,,Aggregated,16.000000,0.000000,5,9,9,10,10,11,11,12,91,91,91,34411,54,15,475.8819002265283,0.8093379983620252,136956.09367900033,77.3274243701142
1781536010,20,GET,/api/load/cpu [GET],6.000000,0.000000,10,10,10,10,11,12,14,91,91,91,91,10259,17,34,700.619631820538,1.4693439989059698,69234.25248000058,44.92543132858953
1781536010,20,GET,/api/load/memory [GET],3.700000,0.000000,5,5,6,6,8,10,11,11,11,11,11,10226,15,12,489.5135077123173,1.2431080031092279,136956.09367900033,51.92372384118912
1781536010,20,GET,/api/products [GET],6.000000,0.000000,2,2,2,2,2,2,2,3,3,3,3,13942,22,4,299.973288365796,0.8093379983620252,136776.4473399984,119.81064409697318
1781536010,20,,Aggregated,15.700000,0.000000,5,9,9,10,10,11,11,14,91,91,91,34427,54,15,475.66298309783184,0.8093379983620252,136956.09367900033,77.33064164754408
1781536011,20,GET,/api/load/cpu [GET],5.900000,0.000000,10,10,10,11,11,14,20,91,91,91,91,10265,17,34,700.2171557402727,1.4693439989059698,69234.25248000058,44.92547491475889
1781536011,20,GET,/api/load/memory [GET],3.900000,0.000000,5,5,6,6,9,11,12,12,12,12,12,10231,15,12,489.2772298207561,1.2431080031092279,136956.09367900033,51.92376111817027
1781536011,20,GET,/api/products [GET],6.700000,0.000000,2,2,2,2,2,2,2,3,3,3,3,13948,22,4,299.84491793002087,0.8093379983620252,136776.4473399984,119.81072555205047
1781536011,20,,Aggregated,16.500000,0.000000,5,9,9,10,10,11,13,20,91,91,91,34444,54,15,475.4314643263866,0.8093379983620252,136956.09367900033,77.32876553245849
1781536012,20,GET,/api/load/cpu [GET],6.100000,0.000000,9,10,10,11,11,13,14,20,20,20,20,10268,17,34,700.0152481704224,1.4693439989059698,69234.25248000058,44.925496688741724
1781536012,20,GET,/api/load/memory [GET],3.500000,0.000000,5,5,6,6,8,10,12,12,12,12,12,10238,15,12,488.94637959847216,1.2431080031092279,136956.09367900033,51.92381324477437
1781536012,20,GET,/api/products [GET],7.100000,0.000000,2,2,2,2,2,2,3,3,3,3,3,13954,22,4,299.71670524415407,0.8093379983620252,136776.4473399984,119.81080693707898
1781536012,20,,Aggregated,16.700000,0.000000,5,8,9,9,10,11,12,14,20,20,20,34460,54,15,475.21289923157457,0.8093379983620252,136956.09367900033,77.32823563551945
1781536013,20,GET,/api/load/cpu [GET],6.200000,0.000000,10,10,11,11,13,15,38,38,38,38,38,10272,17,34,699.7495628008082,1.4693439989059698,69234.25248000058,44.92552570093458
1781536013,20,GET,/api/load/memory [GET],3.800000,0.000000,5,5,6,7,8,10,12,12,12,12,12,10245,15,12,488.6166355210496,1.2431080031092279,136956.09367900033,51.92386530014641
1781536013,20,GET,/api/products [GET],7.000000,0.000000,1,2,2,2,2,2,3,3,3,3,3,13959,22,4,299.60984454509105,0.8093379983620252,136776.4473399984,119.81087470449172
1781536013,20,,Aggregated,17.000000,0.000000,5,8,9,9,10,11,14,20,38,38,38,34476,54,15,474.9959032372681,0.8093379983620252,136956.09367900033,77.3255308040376
1781536014,20,GET,/api/load/cpu [GET],5.900000,0.000000,9,10,10,11,13,15,38,38,38,38,38,10279,17,34,699.2796678345074,1.4693439989059698,69234.25248000058,44.92557641793949
1781536014,20,GET,/api/load/memory [GET],4.200000,0.000000,5,5,6,7,8,10,12,12,12,12,12,10248,15,12,488.47493552275074,1.2431080031092279,136956.09367900033,51.923887587822016
1781536014,20,GET,/api/products [GET],6.800000,0.000000,1,2,2,2,2,2,3,3,3,3,3,13969,22,4,299.3964797023358,0.8093379983620252,136776.4473399984,119.81101009377909
1781536014,20,,Aggregated,16.900000,0.000000,5,7,9,9,10,11,14,20,38,38,38,34496,54,15,474.72333806441486,0.8093379983620252,136956.09367900033,77.3291396103896
1781536015,20,GET,/api/load/cpu [GET],5.300000,0.000000,10,10,10,11,13,15,38,38,38,38,38,10283,17,34,699.0114354383841,1.4693439989059698,69234.25248000058,44.92560536808325
1781536015,20,GET,/api/load/memory [GET],4.700000,0.000000,5,5,7,8,9,10,12,12,12,12,12,10252,15,12,488.2865546894412,1.2431080031092279,136956.09367900033,51.92391728443231
1781536015,20,GET,/api/products [GET],6.900000,0.000000,2,2,2,2,2,2,3,3,3,3,3,13971,22,4,299.35384223125936,0.8093379983620252,136776.4473399984,119.81103714837879
1781536015,20,,Aggregated,16.900000,0.000000,5,7,9,9,10,11,14,20,38,38,38,34506,54,15,474.5876334290284,0.8093379983620252,136956.09367900033,77.32492899785545
1781536016,20,GET,/api/load/cpu [GET],4.800000,0.000000,10,10,11,11,14,20,38,38,38,38,38,10286,17,34,698.8104777668582,1.4693439989059698,69234.25248000058,44.92562706591484
1781536016,20,GET,/api/load/memory [GET],4.900000,0.000000,5,5,6,8,8,10,12,12,12,12,12,10261,15,12,487.86289005926784,1.2431080031092279,136956.09367900033,51.92398401715232
1781536016,20,GET,/api/products [GET],7.100000,0.000000,2,2,2,2,2,2,3,3,3,3,3,13981,22,4,299.1408225601831,0.8093379983620252,136776.4473399984,119.81117230527144
1781536016,20,,Aggregated,16.800000,0.000000,4,6,9,9,10,11,14,20,38,38,38,34528,54,14,474.2879265935486,0.8093379983620252,136956.09367900033,77.32787882298425
1781536017,20,GET,/api/load/cpu [GET],4.800000,0.000000,10,10,11,11,13,15,38,38,38,38,38,10290,17,33,698.5427417619925,1.4693439989059698,69234.25248000058,44.92565597667638
1781536017,20,GET,/api/load/memory [GET],5.100000,0.000000,5,5,6,8,8,10,12,12,12,12,12,10264,15,12,487.7216918673175,1.2431080031092279,136956.09367900033,51.92400623538582
1781536017,20,GET,/api/products [GET],6.900000,0.000000,1,2,2,2,2,2,3,3,3,3,3,13988,22,4,298.99187103974293,0.8093379983620252,136776.4473399984,119.81126680011438
1781536017,20,,Aggregated,16.800000,0.000000,4,6,9,9,10,11,14,20,38,38,38,34542,54,14,474.097578315125,0.8093379983620252,136956.09367900033,77.33058305830583
1781536018,20,GET,/api/load/cpu [GET],4.500000,0.000000,10,10,11,11,13,15,38,38,38,38,38,10299,17,33,697.9410619892125,1.4693439989059698,69234.25248000058,44.92572094378095
1781536018,20,GET,/api/load/memory [GET],5.200000,0.000000,5,5,6,7,8,9,12,12,12,12,12,10266,15,12,487.6274732820134,1.2431080031092279,136956.09367900033,51.9240210403273
1781536018,20,GET,/api/products [GET],6.900000,0.000000,2,2,2,2,2,2,3,3,3,3,3,13991,22,4,298.9280756847919,0.8093379983620252,136776.4473399984,119.81130726895861
1781536018,20,,Aggregated,16.600000,0.000000,5,8,9,10,10,11,14,20,38,38,38,34556,54,14,473.908477400337,0.8093379983620252,136956.09367900033,77.32440097233476
1781536019,20,GET,/api/load/cpu [GET],4.200000,0.000000,10,10,11,11,13,15,38,38,38,38,38,10300,17,33,697.8744027249418,1.4693439989059698,69234.25248000058,44.925728155339804
1781536019,20,GET,/api/load/memory [GET],5.100000,0.000000,5,5,6,7,8,9,12,12,12,12,12,10272,15,12,487.34523934035724,1.2431080031092279,136956.09367900033,51.924065420560744
1781536019,20,GET,/api/products [GET],6.900000,0.000000,2,2,2,2,2,2,3,4,4,4,4,14001,22,4,298.7158463214,0.8093379983620252,136776.4473399984,119.8114420398543
1781536019,20,,Aggregated,16.200000,0.000000,4,6,9,9,10,11,14,20,38,38,38,34573,54,14,473.67706623425926,0.8093379983620252,136956.09367900033,77.33141468776212
1781536020,20,GET,/api/load/cpu [GET],4.300000,0.000000,10,10,10,11,11,20,38,38,38,38,38,10302,17,33,697.7408578930207,1.4693439989059698,69234.25248000058,44.92574257425743
1781536020,20,GET,/api/load/memory [GET],5.000000,0.000000,5,5,6,7,8,9,12,12,12,12,12,10278,15,12,487.06395725463614,1.2431080031092279,136956.09367900033,51.9241097489784
1781536020,20,GET,/api/products [GET],7.000000,0.000000,2,2,2,2,2,3,4,68,68,68,68,14007,22,4,298.59325312521736,0.8093379983620252,136776.4473399984,119.81152281002356
1781536020,20,,Aggregated,16.300000,0.000000,4,6,9,9,10,11,15,38,68,68,68,34587,54,14,473.4890382861203,0.8093379983620252,136956.09367900033,77.33255269320843
1781536021,20,GET,/api/load/cpu [GET],4.600000,0.000000,10,10,10,11,11,11,38,38,38,38,38,10307,17,33,697.4072876222855,1.4693439989059698,69234.25248000058,44.92577859706995
1781536021,20,GET,/api/load/memory [GET],4.700000,0.000000,5,5,5,6,8,9,9,51,51,51,51,10287,15,12,486.64623965550214,1.2431080031092279,136956.09367900033,51.924176144648584
1781536021,20,GET,/api/products [GET],6.700000,0.000000,2,2,2,2,2,3,4,68,68,68,68,14015,22,4,298.42370663945155,0.8093379983620252,136776.4473399984,119.81163039600428
1781536021,20,,Aggregated,16.000000,0.000000,4,6,9,9,10,11,15,51,68,68,68,34609,54,14,473.19237855502996,0.8093379983620252,136956.09367900033,77.33115663555722
1781536022,20,GET,/api/load/cpu [GET],4.400000,0.000000,10,10,10,11,11,11,11,11,11,11,11,10310,17,33,697.207056674093,1.4693439989059698,69234.25248000058,44.92580019398642
1781536022,20,GET,/api/load/memory [GET],5.000000,0.000000,5,5,6,7,8,9,51,51,51,51,51,10291,15,12,486.4600307580553,1.2431080031092279,136956.09367900033,51.924205616558154
1781536022,20,GET,/api/products [GET],6.400000,0.000000,2,2,2,2,2,3,24,68,68,68,68,14023,22,4,298.25599961619554,0.8093379983620252,136776.4473399984,119.81173785923126
1781536022,20,,Aggregated,15.800000,0.000000,4,6,9,9,10,11,11,51,68,68,68,34624,54,14,472.99008818908936,0.8093379983620252,136956.09367900033,77.33528766173752
1781536023,20,GET,/api/load/cpu [GET],3.900000,0.000000,10,10,10,11,11,11,53,53,53,53,53,10315,17,33,696.8792567932039,1.4693439989059698,69234.25248000058,44.925836160930686
1781536023,20,GET,/api/load/memory [GET],5.300000,0.000000,5,5,5,7,8,11,44,51,51,51,51,10299,15,12,486.0900032646028,1.2431080031092279,136956.09367900033,51.924264491698224
1781536023,20,GET,/api/products [GET],6.400000,0.000000,2,2,2,2,2,4,26,68,68,68,68,14030,22,4,298.109892974192,0.8093379983620252,136776.4473399984,119.81183178902351
1781536023,20,,Aggregated,15.600000,0.000000,4,7,9,10,10,11,44,53,68,68,68,34644,54,14,472.72348100311825,0.8093379983620252,136956.09367900033,77.3333910633876
1781536024,20,GET,/api/load/cpu [GET],4.100000,0.000000,10,10,11,11,11,53,140,140,140,140,140,10320,17,33,696.5594747609397,1.4693439989059698,69234.25248000058,44.92587209302326
1781536024,20,GET,/api/load/memory [GET],5.300000,0.000000,5,5,7,7,9,44,46,51,51,51,51,10302,15,12,485.954210805683,1.2431080031092279,136956.09367900033,51.92428654630169
1781536024,20,GET,/api/products [GET],6.500000,0.000000,2,2,2,2,2,4,26,68,68,68,68,14035,22,4,298.00425571563306,0.8093379983620252,136776.4473399984,119.81189882436765
1781536024,20,,Aggregated,15.900000,0.000000,4,7,9,10,11,24,51,68,140,140,140,34657,54,14,472.5534174401139,0.8093379983620252,136956.09367900033,77.33268892287272
1781536025,20,GET,/api/load/cpu [GET],4.100000,0.000000,10,10,11,11,11,53,140,140,140,140,140,10324,17,33,696.2934801017917,1.4693439989059698,69234.25248000058,44.92590081363812
1781536025,20,GET,/api/load/memory [GET],5.100000,0.000000,5,5,6,7,8,44,46,51,51,51,51,10308,15,12,485.6742079962309,1.2431080031092279,136956.09367900033,51.92433061699651
1781536025,20,GET,/api/products [GET],7.000000,0.000000,2,2,2,2,2,4,26,68,68,68,68,14043,22,4,297.83545203801935,0.8093379983620252,136776.4473399984,119.81200598162786
1781536025,20,,Aggregated,16.200000,0.000000,4,6,9,10,11,24,51,68,140,140,140,34675,54,14,472.31050836527817,0.8093379983620252,136956.09367900033,77.33441961067051
1781536026,20,GET,/api/load/cpu [GET],4.400000,0.000000,10,10,11,11,11,24,140,140,140,140,140,10331,17,33,695.8283927922661,1.4693439989059698,69234.25248000058,44.92595102119834
1781536026,20,GET,/api/load/memory [GET],5.400000,0.000000,5,5,7,7,9,44,46,51,51,51,51,10314,15,12,485.3953969415498,1.2431080031092279,136956.09367900033,51.92437463641652
1781536026,20,GET,/api/products [GET],6.600000,0.000000,2,2,2,2,2,4,26,68,68,68,68,14048,22,4,297.73005095066264,0.8093379983620252,136776.4473399984,119.8120728929385
1781536026,20,,Aggregated,16.400000,0.000000,4,7,9,10,11,24,51,68,140,140,140,34693,54,14,472.06880367068356,0.8093379983620252,136956.09367900033,77.32966304441818
1781536027,20,GET,/api/load/cpu [GET],4.100000,0.000000,10,10,11,11,11,24,140,140,140,140,140,10336,17,32,695.4965112814339,1.4693439989059698,69234.25248000058,44.92598684210526
1781536027,20,GET,/api/load/memory [GET],5.500000,0.000000,5,5,6,7,9,44,46,51,51,51,51,10320,15,12,485.116044992165,1.2431080031092279,136956.09367900033,51.924418604651166
1781536027,20,GET,/api/products [GET],6.800000,0.000000,2,2,2,2,2,4,26,68,68,68,68,14052,22,4,297.6457348138991,0.8093379983620252,136776.4473399984,119.81212638770282
1781536027,20,,Aggregated,16.400000,0.000000,5,7,9,10,11,24,51,68,140,140,140,34708,54,14,471.86721765958924,0.8093379983620252,136956.09367900033,77.32554454304483
1781536028,20,GET,/api/load/cpu [GET],3.900000,0.000000,10,10,11,11,11,53,140,140,140,140,140,10339,17,32,695.2975970529934,1.4693439989059698,69234.25248000058,44.92600831801915
1781536028,20,GET,/api/load/memory [GET],5.500000,0.000000,5,5,6,7,9,44,46,51,51,51,51,10326,15,12,484.8368929542065,1.2431080031092279,136956.09367900033,51.92446252178966
1781536028,20,GET,/api/products [GET],7.000000,0.000000,2,2,2,2,2,4,26,68,68,68,68,14062,22,3,297.43527892013316,0.8093379983620252,136776.4473399984,119.81225999146636
1781536028,20,,Aggregated,16.400000,0.000000,5,6,9,10,11,24,51,68,140,140,140,34727,54,14,471.6112104342736,0.8093379983620252,136956.09367900033,77.33066490050969
1781536029,20,GET,/api/load/cpu [GET],4.700000,0.000000,10,10,11,11,11,24,140,140,140,140,140,10344,17,32,694.9664082428363,1.4693439989059698,69234.25248000058,44.92604408352668
1781536029,20,GET,/api/load/memory [GET],5.300000,0.000000,5,5,6,7,9,44,46,51,51,51,51,10330,15,12,484.65127934251126,1.2431080031092279,136956.09367900033,51.92449177153921
1781536029,20,GET,/api/products [GET],6.800000,0.000000,2,2,2,2,2,4,26,68,68,68,68,14068,22,3,297.3091793722573,0.8093379983620252,136776.4473399984,119.81234006255332
1781536029,20,,Aggregated,16.800000,0.000000,5,7,9,10,11,24,51,68,140,140,140,34742,54,14,471.4099872742221,0.8093379983620252,136956.09367900033,77.33046456738242
1781536030,20,GET,/api/load/cpu [GET],4.500000,0.000000,10,10,10,11,11,24,140,140,140,140,140,10348,17,32,694.7014692221587,1.4693439989059698,69234.25248000058,44.92607267104754
1781536030,20,GET,/api/load/memory [GET],6.000000,0.000000,5,5,6,7,8,11,44,46,46,46,46,10335,15,12,484.41929097505,1.2431080031092279,136956.09367900033,51.924528301886795
1781536030,20,GET,/api/products [GET],6.900000,0.000000,2,2,2,2,2,3,24,26,26,26,26,14077,22,3,297.1200321765229,0.8093379983620252,136776.4473399984,119.81246004120196
1781536030,20,,Aggregated,17.400000,0.000000,5,7,9,9,10,11,44,53,140,140,140,34760,54,14,471.1680917343792,0.8093379983620252,136956.09367900033,77.33414844649022
1781536031,20,GET,/api/load/cpu [GET],4.200000,0.000000,10,10,10,11,11,24,140,140,140,140,140,10352,17,32,694.4368829831819,1.4693439989059698,69234.25248000058,44.92610123647604
1781536031,20,GET,/api/load/memory [GET],5.900000,0.000000,5,5,6,7,8,11,44,46,46,46,46,10341,15,12,484.1410683657419,1.2431080031092279,136956.09367900033,51.924572091673916
1781536031,20,GET,/api/products [GET],6.700000,0.000000,2,2,2,2,2,3,24,26,26,26,26,14083,22,3,296.99413145295125,0.8093379983620252,136776.4473399984,119.81253994177376
1781536031,20,,Aggregated,16.800000,0.000000,5,7,9,9,10,11,44,53,140,140,140,34776,54,14,470.9535816040953,0.8093379983620252,136956.09367900033,77.33341959972395
1781536032,20,GET,/api/load/cpu [GET],4.400000,0.000000,10,10,11,11,14,24,140,140,140,140,140,10357,17,32,694.1077366619577,1.4693439989059698,69234.25248000058,44.926136912233275
1781536032,20,GET,/api/load/memory [GET],5.800000,0.000000,5,5,6,7,9,12,44,46,46,46,46,10349,15,12,483.7715327421137,1.2431080031092279,136956.09367900033,51.92463039907238
1781536032,20,GET,/api/products [GET],6.500000,0.000000,2,2,2,2,2,3,4,26,26,26,26,14088,22,3,296.8893328057147,0.8093379983620252,136776.4473399984,119.81260647359454
1781536032,20,,Aggregated,16.700000,0.000000,5,7,9,10,11,12,44,53,140,140,140,34794,54,14,470.71340867744465,0.8093379983620252,136956.09367900033,77.32907972638961
1781536033,20,GET,/api/load/cpu [GET],4.700000,0.000000,10,10,10,11,12,12,14,14,14,14,14,10362,17,32,693.7775822883514,1.4693439989059698,69234.25248000058,44.92617255356109
1781536033,20,GET,/api/load/memory [GET],5.500000,0.000000,5,5,5,6,8,9,12,46,46,46,46,10353,15,12,483.58641495654746,1.2431080031092279,136956.09367900033,51.92465951898001
1781536033,20,GET,/api/products [GET],7.000000,0.000000,2,2,2,2,2,2,3,4,4,4,4,14093,22,3,296.78457558886697,0.8093379983620252,136776.4473399984,119.8126729582062
1781536033,20,,Aggregated,17.200000,0.000000,5,6,9,10,10,11,12,14,46,46,46,34808,54,14,470.5262722791025,0.8093379983620252,136956.09367900033,77.32765456216961
1781536034,20,GET,/api/load/cpu [GET],4.500000,0.000000,10,10,10,11,12,12,14,14,14,14,14,10368,17,32,693.3816010572826,1.4693439989059698,69234.25248000058,44.92621527777778
1781536034,20,GET,/api/load/memory [GET],5.500000,0.000000,5,5,6,6,7,9,9,12,12,12,12,10361,15,12,483.21725778989776,1.2431080031092279,136956.09367900033,51.924717691342536
1781536034,20,GET,/api/products [GET],6.800000,0.000000,2,2,2,2,2,3,3,4,4,4,4,14097,22,3,296.700772954948,0.8093379983620252,136776.4473399984,119.81272611193872
1781536034,20,,Aggregated,16.800000,0.000000,5,7,9,10,10,11,12,14,14,14,14,34826,54,14,470.2861438025901,0.8093379983620252,136956.09367900033,77.32116809280423
1781536035,20,GET,/api/load/cpu [GET],4.600000,0.000000,10,10,10,11,12,12,14,14,14,14,14,10372,17,32,693.1180444799368,1.4693439989059698,69234.25248000058,44.92624373312765
1781536035,20,GET,/api/load/memory [GET],5.800000,0.000000,5,5,5,6,7,9,9,12,12,12,12,10367,15,12,482.940204680441,1.2431080031092279,136956.09367900033,51.924761261695764
1781536035,20,GET,/api/products [GET],6.300000,0.000000,2,2,2,2,2,2,3,3,3,3,3,14102,22,3,296.59610426435256,0.8093379983620252,136776.4473399984,119.81279251170047
1781536035,20,,Aggregated,16.700000,0.000000,5,7,9,10,10,11,12,14,14,14,14,34841,54,14,470.08581044183586,0.8093379983620252,136956.09367900033,77.31922160672771
1781536036,20,GET,/api/load/cpu [GET],4.800000,0.000000,10,10,10,11,12,12,14,14,14,14,14,10378,17,32,692.7229921799868,1.4693439989059698,69234.25248000058,44.92628637502409
1781536036,20,GET,/api/load/memory [GET],5.500000,0.000000,5,5,5,6,7,9,9,12,12,12,12,10373,15,12,482.6640168467298,1.2431080031092279,136956.09367900033,51.92480478164465
1781536036,20,GET,/api/products [GET],6.400000,0.000000,2,2,2,2,2,2,3,3,3,3,3,14108,22,3,296.47058051282255,0.8093379983620252,136776.4473399984,119.81287212928835
1781536036,20,,Aggregated,16.700000,0.000000,5,6,9,10,10,11,12,14,14,14,14,34859,54,14,469.8459511021544,0.8093379983620252,136956.09367900033,77.31664706388594
1781536037,21,GET,/api/load/cpu [GET],4.900000,0.000000,10,10,10,11,12,14,18,18,18,18,18,10383,17,31,692.3957606793703,1.4693439989059698,69234.25248000058,44.92632187229125
1781536037,21,GET,/api/load/memory [GET],5.600000,0.000000,5,5,5,6,7,9,9,12,12,12,12,10376,15,12,482.52571210458063,1.2431080031092279,136956.09367900033,51.924826522744794
1781536037,21,GET,/api/products [GET],6.200000,0.000000,2,2,2,2,2,2,3,3,3,3,3,14115,22,3,296.32429848146666,0.8093379983620252,136776.4473399984,119.81296493092455
1781536037,21,,Aggregated,16.700000,0.000000,5,7,9,10,10,12,14,18,18,18,18,34874,54,14,469.64642556050364,0.8093379983620252,136956.09367900033,77.31840339507943
1781536038,23,GET,/api/load/cpu [GET],4.900000,0.000000,10,10,10,11,14,14,18,18,18,18,18,10387,17,31,692.1331917898235,1.4693439989059698,69234.25248000058,44.92635024549918
1781536038,23,GET,/api/load/memory [GET],6.000000,0.000000,5,5,6,6,8,9,10,12,12,12,12,10380,15,12,482.34258795550346,1.2431080031092279,136956.09367900033,51.92485549132948
1781536038,23,GET,/api/products [GET],5.800000,0.000000,2,2,2,2,2,2,3,3,3,3,3,14127,22,3,296.0738835983505,0.8093379983620252,136776.4473399984,119.81312380547887
1781536038,23,,Aggregated,16.700000,0.000000,4,6,9,10,10,12,14,18,18,18,18,34894,54,14,469.37981543225175,0.8093379983620252,136956.09367900033,77.32647446552416
1781536039,24,GET,/api/load/cpu [GET],4.600000,0.000000,10,10,10,11,14,14,18,18,18,18,18,10393,17,31,691.7392024602036,1.4693439989059698,69234.25248000058,44.92639276436063
1781536039,24,GET,/api/load/memory [GET],5.800000,0.000000,5,5,6,6,8,9,10,12,12,12,12,10384,15,12,482.1588575597195,1.2431080031092279,136956.09367900033,51.924884437596305
1781536039,24,GET,/api/products [GET],5.900000,0.000000,2,2,2,2,2,2,3,3,3,3,3,14136,22,3,295.8863898261104,0.8093379983620252,136776.4473399984,119.81324278438031
1781536039,24,,Aggregated,16.300000,0.000000,4,6,9,10,10,11,14,18,18,18,18,34913,54,14,469.1270619726461,0.8093379983620252,136956.09367900033,77.32901784435597
1781536040,25,GET,/api/load/cpu [GET],4.800000,0.000000,10,10,10,11,14,18,18,18,18,18,18,10403,17,31,691.0851141739776,1.4693439989059698,69234.25248000058,44.92646352013842
1781536040,25,GET,/api/load/memory [GET],5.400000,0.000000,5,5,6,6,9,9,10,12,12,12,12,10390,15,12,481.88367447190853,1.2431080031092279,136956.09367900033,51.92492781520693
1781536040,25,GET,/api/products [GET],6.000000,0.000000,2,2,2,2,2,2,3,3,3,3,3,14146,22,3,295.67832574783694,0.8093379983620252,136776.4473399984,119.81337480559876
1781536040,25,,Aggregated,16.200000,0.000000,5,9,9,10,10,12,15,18,18,18,18,34939,54,14,468.7826044404245,0.8093379983620252,136956.09367900033,77.32762815192191
1781536041,27,GET,/api/load/cpu [GET],4.800000,0.000000,10,10,11,12,15,18,19,21,21,21,21,10406,17,31,690.8906139965297,1.4693439989059698,69234.25248000058,44.92648472035364
1781536041,27,GET,/api/load/memory [GET],5.500000,0.000000,5,5,6,6,9,9,10,12,12,12,12,10398,15,12,481.51680627775795,1.2431080031092279,136956.09367900033,51.92498557414888
1781536041,27,GET,/api/products [GET],6.800000,0.000000,2,2,2,2,2,3,3,4,4,4,4,14156,22,3,295.47089916140897,0.8093379983620252,136776.4473399984,119.81350664029387
1781536041,27,,Aggregated,17.100000,0.000000,5,8,9,10,10,14,18,19,21,21,21,34960,54,14,468.5041627417903,0.8093379983620252,136956.09367900033,77.3312643020595
1781536042,28,GET,/api/load/cpu [GET],5.000000,0.000000,10,10,11,12,16,18,19,21,21,21,21,10416,17,31,690.2382224766595,1.4693439989059698,69234.25248000058,44.92655529953917
1781536042,28,GET,/api/load/memory [GET],5.400000,0.000000,5,5,6,7,9,9,10,10,10,10,10,10403,15,11,481.28859480468424,1.2431080031092279,136956.09367900033,51.92502162837643
1781536042,28,GET,/api/products [GET],7.000000,0.000000,2,2,2,2,2,3,3,4,4,4,4,14161,22,3,295.36715709115913,0.8093379983620252,136776.4473399984,119.81357248781866
1781536042,28,,Aggregated,17.400000,0.000000,5,9,9,10,10,14,18,19,21,21,21,34980,54,14,468.24073438073145,0.8093379983620252,136956.09367900033,77.32449971412235
1781536043,29,GET,/api/load/cpu [GET],5.400000,0.000000,10,10,11,13,16,18,19,21,21,21,21,10426,17,31,689.5866083650377,1.4693439989059698,69234.25248000058,44.92662574333397
1781536043,29,GET,/api/load/memory [GET],5.500000,0.000000,5,6,6,7,9,9,10,10,10,10,10,10412,15,11,480.87759515713776,1.2431080031092279,136956.09367900033,51.92508643872455
1781536043,29,GET,/api/products [GET],7.300000,0.000000,2,2,2,2,2,3,4,6,6,6,6,14169,22,3,295.20150061379815,0.8093379983620252,136776.4473399984,119.81367774719457
1781536043,29,,Aggregated,18.200000,0.000000,5,9,9,10,11,15,18,19,21,21,21,35007,54,14,467.88463912323164,0.8093379983620252,136956.09367900033,77.31850772702602
1781536044,31,GET,/api/load/cpu [GET],5.700000,0.000000,10,11,13,14,16,18,19,21,21,21,21,10438,17,30,688.8070863567615,1.4693439989059698,69234.25248000058,44.92671009771987
1781536044,31,GET,/api/load/memory [GET],5.800000,0.000000,5,5,6,7,9,9,10,10,10,10,10,10414,15,11,480.78616083312073,1.2431080031092279,136956.09367900033,51.925100825811406
1781536044,31,GET,/api/products [GET],7.400000,0.000000,2,2,2,2,2,3,4,6,6,6,6,14175,22,3,295.07722869763023,0.8093379983620252,136776.4473399984,119.81375661375661
1781536044,31,,Aggregated,18.900000,0.000000,5,9,9,10,11,16,18,19,21,21,21,35027,54,14,467.62198198809403,0.8093379983620252,136956.09367900033,77.31330116767066
1781536045,32,GET,/api/load/cpu [GET],6.000000,0.000000,10,11,13,15,16,18,20,21,21,21,21,10445,17,30,688.3534439900316,1.4693439989059698,69234.25248000058,44.92675921493537
1781536045,32,GET,/api/load/memory [GET],5.500000,0.000000,5,6,6,8,9,9,10,10,10,10,10,10420,15,11,480.512355550779,1.2431080031092279,136956.09367900033,51.92514395393474
1781536045,32,GET,/api/products [GET],7.300000,0.000000,2,2,2,2,2,3,6,7,7,7,7,14190,22,3,294.7672295088017,0.8093379983620252,136776.4473399984,119.81395348837209
1781536045,32,,Aggregated,18.800000,0.000000,5,9,9,10,11,16,18,19,21,21,21,35055,54,14,467.2525304249026,0.8093379983620252,136956.09367900033,77.32078162886891
1781536046,33,GET,/api/load/cpu [GET],6.600000,0.000000,10,11,13,14,16,18,20,21,21,21,21,10448,17,30,688.1586557667384,1.4693439989059698,69234.25248000058,44.92678024502297
1781536046,33,GET,/api/load/memory [GET],5.800000,0.000000,5,6,6,7,9,9,10,10,10,10,10,10424,15,11,480.3297471567652,1.2431080031092279,136956.09367900033,51.92517267843438
1781536046,33,GET,/api/products [GET],7.600000,0.000000,2,2,2,2,2,3,6,7,7,7,7,14207,22,3,294.41651344681446,0.8093379983620252,136776.4473399984,119.81417611036812
1781536046,33,,Aggregated,20.000000,0.000000,5,8,9,10,11,15,17,19,21,21,21,35079,54,14,466.9350416588832,0.8093379983620252,136956.09367900033,77.33581344964223
1781536047,35,GET,/api/load/cpu [GET],6.800000,0.000000,10,11,12,14,16,18,20,21,21,21,21,10455,17,30,687.7047831425045,1.4693439989059698,69234.25248000058,44.926829268292686
1781536047,35,GET,/api/load/memory [GET],5.500000,0.000000,5,5,6,6,8,9,9,10,10,10,10,10432,15,11,479.965314654919,1.2431080031092279,136956.09367900033,51.925230061349694
1781536047,35,GET,/api/products [GET],7.900000,0.000000,2,2,2,2,2,3,4,6,7,7,7,14218,22,3,294.1902370418401,0.8093379983620252,136776.4473399984,119.81431987621325
1781536047,35,,Aggregated,20.200000,0.000000,5,8,9,10,11,15,17,19,21,21,21,35105,54,14,466.5930340548625,0.8093379983620252,136956.09367900033,77.33696054693064
1781536048,36,GET,/api/load/cpu [GET],7.200000,0.000000,10,11,12,13,16,18,20,21,21,21,21,10466,17,30,686.993109032666,1.4693439989059698,69234.25248000058,44.926906172367666
1781536048,36,GET,/api/load/memory [GET],4.900000,0.000000,5,5,6,6,8,9,9,10,10,10,10,10439,15,11,479.6469646264123,1.2431080031092279,136956.09367900033,51.9252801992528
1781536048,36,GET,/api/products [GET],9.300000,0.000000,2,2,2,2,2,3,4,6,7,7,7,14231,22,3,293.9228792898527,0.8093379983620252,136776.4473399984,119.81448949476496
1781536048,36,,Aggregated,21.400000,0.000000,5,9,9,10,11,15,17,19,21,21,21,35136,54,14,466.1862772667624,0.8093379983620252,136956.09367900033,77.33757399817851
1781536049,38,GET,/api/load/cpu [GET],6.900000,0.000000,10,11,12,13,16,18,20,21,21,21,21,10476,17,30,686.3467825079113,1.4693439989059698,69234.25248000058,44.92697594501718
1781536049,38,GET,/api/load/memory [GET],5.400000,0.000000,5,5,6,6,8,9,9,10,10,10,10,10452,15,11,479.0567202944051,1.2431080031092279,136956.09367900033,51.92537313432836
1781536049,38,GET,/api/products [GET],10.000000,0.000000,2,2,2,2,2,3,4,6,7,7,7,14241,22,3,293.7175502170416,0.8093379983620252,136776.4473399984,119.81461975984833
1781536049,38,,Aggregated,22.300000,0.000000,5,9,9,10,11,15,17,19,21,21,21,35169,54,13,465.75396988003536,0.8093379983620252,136956.09367900033,77.33114390514373
1781536050,39,GET,/api/load/cpu [GET],7.500000,0.000000,10,11,12,13,16,16,20,21,21,21,21,10486,17,29,685.7027923889831,1.4693439989059698,69234.25248000058,44.927045584588974
1781536050,39,GET,/api/load/memory [GET],5.600000,0.000000,5,5,6,6,8,8,9,10,10,10,10,10461,15,11,478.64854954288484,1.2431080031092279,136956.09367900033,51.92543733868655
1781536050,39,GET,/api/products [GET],10.500000,0.000000,2,2,2,2,2,3,4,6,7,7,7,14256,22,3,293.41027190662834,0.8093379983620252,136776.4473399984,119.81481481481481
1781536050,39,,Aggregated,23.600000,0.000000,5,8,9,10,11,15,16,19,21,21,21,35203,54,13,465.3091723449695,0.8093379983620252,136956.09367900033,77.33366474448201
1781536051,40,GET,/api/load/cpu [GET],7.900000,0.000000,10,11,11,13,16,16,17,20,20,20,20,10492,17,29,685.31725864324,1.4693439989059698,69234.25248000058,44.92708730461304
1781536051,40,GET,/api/load/memory [GET],6.000000,0.000000,5,5,6,6,8,8,9,9,9,9,9,10468,15,11,478.3318764168053,1.2431080031092279,136956.09367900033,51.925487199082916
1781536051,40,GET,/api/products [GET],10.300000,0.000000,2,2,2,2,2,3,4,6,7,7,7,14273,22,3,293.06264674713753,0.8093379983620252,136776.4473399984,119.81503538148952
1781536051,40,,Aggregated,24.200000,0.000000,4,7,9,10,11,14,16,16,20,20,20,35233,54,13,464.91669505968724,0.8093379983620252,136956.09367900033,77.34371186103937
1781536052,42,GET,/api/load/cpu [GET],8.200000,0.000000,10,10,11,12,16,16,20,45,45,45,45,10508,17,29,684.292834313749,1.4693439989059698,69234.25248000058,44.92719832508565
1781536052,42,GET,/api/load/memory [GET],7.000000,0.000000,5,5,6,6,8,8,9,12,12,12,12,10477,15,11,477.92670359006615,1.2431080031092279,136956.09367900033,51.9255512074067
1781536052,42,GET,/api/products [GET],10.800000,0.000000,2,2,2,2,2,3,4,4,7,7,7,14285,22,3,292.8179912503956,0.8093379983620252,136776.4473399984,119.81519075953798
1781536052,42,,Aggregated,26.000000,0.000000,4,8,9,10,11,13,16,19,45,45,45,35270,54,13,464.43697707666496,0.8093379983620252,136956.09367900033,77.33708534165012
1781536053,43,GET,/api/load/cpu [GET],8.300000,0.000000,10,10,11,11,15,16,20,45,45,45,45,10516,17,29,683.7795865812927,1.4693439989059698,69234.25248000058,44.92725370863446
1781536053,43,GET,/api/load/memory [GET],7.300000,0.000000,5,5,6,6,8,8,9,12,12,12,12,10489,15,11,477.38598020432033,1.2431080031092279,136956.09367900033,51.92563638097054
1781536053,43,GET,/api/products [GET],10.700000,0.000000,2,2,2,2,2,3,4,4,7,7,7,14300,22,3,292.51253708292995,0.8093379983620252,136776.4473399984,119.81538461538462
1781536053,43,,Aggregated,26.300000,0.000000,4,7,9,10,10,12,16,19,45,45,45,35305,54,13,463.9812196328554,0.8093379983620252,136956.09367900033,77.33927205778218
1781536054,44,GET,/api/load/cpu [GET],9.000000,0.000000,10,10,11,11,13,16,20,45,45,45,45,10530,17,29,682.8837798965695,1.4693439989059698,69234.25248000058,44.927350427350426
1781536054,44,GET,/api/load/memory [GET],7.100000,0.000000,5,5,5,7,8,8,9,12,12,12,12,10495,15,11,477.11602465136934,1.2431080031092279,136956.09367900033,51.925678894711766
1781536054,44,GET,/api/products [GET],11.700000,0.000000,2,2,2,2,2,3,4,4,7,7,7,14316,22,3,292.1873892621471,0.8093379983620252,136776.4473399984,119.81559094719195
1781536054,44,,Aggregated,27.800000,0.000000,4,7,9,10,10,12,15,16,45,45,45,35341,54,13,463.5141491668025,0.8093379983620252,136956.09367900033,77.34147307659659
1781536055,46,GET,/api/load/cpu [GET],9.200000,0.000000,10,10,11,11,13,16,19,45,45,45,45,10541,17,29,682.182283138401,1.4693439989059698,69234.25248000058,44.92742624039465
1781536055,46,GET,/api/load/memory [GET],7.300000,0.000000,5,5,6,7,8,8,9,12,12,12,12,10508,15,11,476.5327984522383,1.2431080031092279,136956.09367900033,51.9257708412638
1781536055,46,GET,/api/products [GET],12.800000,0.000000,1,2,2,2,2,3,3,4,4,4,4,14331,22,3,291.8829843119042,0.8093379983620252,136776.4473399984,119.81578396483148
1781536055,46,,Aggregated,29.300000,0.000000,4,7,9,10,10,12,14,16,45,45,45,35380,54,13,463.0091899624639,0.8093379983620252,136956.09367900033,77.34019219898248
1781536056,47,GET,/api/load/cpu [GET],9.100000,0.000000,10,10,11,11,13,16,19,45,45,45,45,10550,17,28,681.6087160155346,1.4693439989059698,69234.25248000058,44.92748815165877
1781536056,47,GET,/api/load/memory [GET],7.700000,0.000000,5,5,6,7,8,9,9,12,12,12,12,10521,15,11,475.9512193144302,1.2431080031092279,136956.09367900033,51.9258625605931
1781536056,47,GET,/api/products [GET],13.100000,0.000000,1,2,2,2,2,3,3,4,4,4,4,14347,22,3,291.5589686914959,0.8093379983620252,136776.4473399984,119.81598940545062
1781536056,47,,Aggregated,29.900000,0.000000,4,8,9,10,10,12,14,16,45,45,45,35418,54,13,462.5176818619902,0.8093379983620252,136956.09367900033,77.3419447738438
1781536057,48,GET,/api/load/cpu [GET],9.300000,0.000000,10,10,10,11,12,15,16,19,45,45,45,10569,17,28,680.4006583330395,1.4693439989059698,69234.25248000058,44.9276185069543
1781536057,48,GET,/api/load/memory [GET],8.000000,0.000000,5,5,6,7,8,9,9,12,12,12,12,10531,15,11,475.5042154699573,1.2431080031092279,136956.09367900033,51.92593295983288
1781536057,48,GET,/api/products [GET],13.900000,0.000000,1,2,2,2,2,3,3,3,4,4,4,14362,22,3,291.25588037340844,0.8093379983620252,136776.4473399984,119.81618159030775
1781536057,48,,Aggregated,31.200000,0.000000,4,8,9,10,10,11,13,16,45,45,45,35462,54,13,461.95100121140854,0.8093379983620252,136956.09367900033,77.33551407140037
1781536058,50,GET,/api/load/cpu [GET],9.600000,0.000000,10,10,11,11,13,16,19,20,45,45,45,10578,17,28,679.8320582663919,1.4693439989059698,69234.25248000058,44.92768009075439
1781536058,50,GET,/api/load/memory [GET],9.200000,0.000000,5,5,6,7,8,9,9,9,12,12,12,10544,15,11,474.92423270496204,1.2431080031092279,136956.09367900033,51.92602427921093
1781536058,50,GET,/api/products [GET],13.800000,0.000000,1,2,2,2,2,3,4,10,12,12,12,14380,22,3,290.8944241221059,0.8093379983620252,136776.4473399984,119.8164116828929
1781536058,50,,Aggregated,32.600000,0.000000,4,8,9,9,10,12,15,18,45,45,45,35502,54,13,461.43672020897304,0.8093379983620252,136956.09367900033,77.33967100445045
1781536059,51,GET,/api/load/cpu [GET],10.200000,0.000000,10,10,11,11,13,16,19,20,45,45,45,10589,17,28,679.1368171785718,1.4693439989059698,69234.25248000058,44.92775521767872
1781536059,51,GET,/api/load/memory [GET],9.500000,0.000000,5,5,6,7,8,9,9,9,12,12,12,10561,15,11,474.1685939453751,1.2431080031092279,136956.09367900033,51.92614335763659
1781536059,51,GET,/api/products [GET],14.100000,0.000000,1,2,2,2,2,3,3,10,12,12,12,14402,22,3,290.4523274788836,0.8093379983620252,136776.4473399984,119.8166921260936
1781536059,51,,Aggregated,33.800000,0.000000,4,8,9,9,10,12,15,18,45,45,45,35552,54,13,460.79457409180793,0.8093379983620252,136956.09367900033,77.34394689468947
1781536060,52,GET,/api/load/cpu [GET],11.200000,0.000000,10,10,11,11,13,16,19,20,45,45,45,10602,17,28,678.3166349217031,1.4693439989059698,69234.25248000058,44.92784380305603
1781536060,52,GET,/api/load/memory [GET],9.800000,0.000000,5,5,7,7,9,9,9,10,12,12,12,10568,15,11,473.858345734397,1.2431080031092279,136956.09367900033,51.926192278576835
1781536060,52,GET,/api/products [GET],14.200000,0.000000,1,2,2,2,2,3,3,10,12,12,12,14417,22,3,290.1518369905588,0.8093379983620252,136776.4473399984,119.81688284663939
1781536060,52,,Aggregated,35.200000,0.000000,4,9,9,9,10,12,14,18,45,45,45,35587,54,13,460.3469523998638,0.8093379983620252,136956.09367900033,77.34512602916796
1781536061,54,GET,/api/load/cpu [GET],11.300000,0.000000,10,10,11,11,12,13,16,18,20,20,20,10613,17,27,677.6237607641468,1.4693439989059698,69234.25248000058,44.92791859040799
1781536061,54,GET,/api/load/memory [GET],10.500000,0.000000,5,5,7,7,9,9,9,10,10,10,10,10583,15,11,473.1953564461027,1.2431080031092279,136956.09367900033,51.92629689124067
1781536061,54,GET,/api/products [GET],15.100000,0.000000,1,2,2,2,2,2,3,10,12,12,12,14436,22,3,289.772047929751,0.8093379983620252,136776.4473399984,119.8171238570241
1781536061,54,,Aggregated,36.900000,0.000000,4,8,9,9,10,11,13,14,20,20,20,35632,54,13,459.77202273722907,0.8093379983620252,136956.09367900033,77.3472159856309
1781536062,55,GET,/api/load/cpu [GET],11.200000,0.000000,10,10,11,11,12,13,18,20,140,140,140,10618,17,27,677.3213160948293,1.4693439989059698,69234.25248000058,44.92795253343379
1781536062,55,GET,/api/load/memory [GET],10.700000,0.000000,5,5,6,7,9,9,9,10,10,10,10,10606,15,11,472.1800653872428,1.2431080031092279,136956.09367900033,51.92645672260984
1781536062,55,GET,/api/products [GET],15.800000,0.000000,1,2,2,2,2,3,3,12,37,37,37,14449,22,3,289.51520457546445,0.8093379983620252,136776.4473399984,119.81728839366046
1781536062,55,,Aggregated,37.700000,0.000000,4,7,9,9,10,11,13,18,140,140,140,35673,54,13,459.2533484344726,0.8093379983620252,136956.09367900033,77.34188321699885
1781536063,56,GET,/api/load/cpu [GET],11.900000,0.000000,10,10,11,11,12,13,18,20,140,140,140,10634,17,27,676.317131147254,1.4693439989059698,69234.25248000058,44.928060936618394
1781536063,56,GET,/api/load/memory [GET],10.500000,0.000000,5,5,6,7,8,9,9,10,10,10,10,10621,15,11,471.52053384173746,1.2431080031092279,136956.09367900033,51.9265605875153
1781536063,56,GET,/api/products [GET],16.300000,0.000000,1,2,2,2,2,2,3,12,37,37,37,14464,22,3,289.21639852349875,0.8093379983620252,136776.4473399984,119.8174778761062
1781536063,56,,Aggregated,38.700000,0.000000,4,7,9,9,10,11,13,16,140,140,140,35719,54,13,458.66911029975483,0.8093379983620252,136956.09367900033,77.33466782384725
1781536064,58,GET,/api/load/cpu [GET],11.400000,0.000000,10,10,11,11,12,13,18,20,140,140,140,10641,17,27,675.8793511741284,1.4693439989059698,69234.25248000058,44.92810826050183
1781536064,58,GET,/api/load/memory [GET],11.300000,0.000000,5,5,6,7,8,9,10,13,14,14,14,10637,15,11,470.8210144595364,1.2431080031092279,136956.09367900033,51.926671053868574
1781536064,58,GET,/api/products [GET],16.300000,0.000000,1,2,2,2,2,2,4,12,37,37,37,14488,22,3,288.7400426638515,0.8093379983620252,136776.4473399984,119.81778023191607
1781536064,58,,Aggregated,39.000000,0.000000,4,7,9,9,10,11,13,16,140,140,140,35766,54,13,458.0725002729949,0.8093379983620252,136956.09367900033,77.34563551976737
1781536065,59,GET,/api/load/cpu [GET],11.200000,0.000000,10,10,11,11,12,16,20,39,140,140,140,10654,17,27,675.0705609850664,1.4693439989059698,69234.25248000058,44.92819598272949
1781536065,59,GET,/api/load/memory [GET],13.200000,0.000000,5,5,7,7,9,9,28,52,92,92,92,10658,15,11,469.91887684819727,1.2431080031092279,136956.09367900033,51.92681553762432
1781536065,59,GET,/api/products [GET],16.100000,0.000000,1,2,2,2,2,2,5,12,37,37,37,14504,22,3,288.4233833901606,0.8093379983620252,136776.4473399984,119.81798124655268
1781536065,59,,Aggregated,40.500000,0.000000,4,7,9,9,10,12,17,37,140,140,140,35816,54,13,457.4461106453525,0.8093379983620252,136956.09367900033,77.33808912218004
1781536066,60,GET,/api/load/cpu [GET],11.400000,0.000000,10,11,11,12,16,20,46,91,140,140,140,10670,17,27,674.0900021132994,1.4693439989059698,69234.25248000058,44.928303655107776
1781536066,60,GET,/api/load/memory [GET],13.200000,0.000000,5,6,7,7,9,10,28,52,92,92,92,10670,15,11,469.39791086823624,1.2431080031092279,136956.09367900033,51.92689784442362
1781536066,60,GET,/api/products [GET],17.100000,0.000000,1,2,2,2,2,3,7,12,37,37,37,14524,22,3,288.0286614592319,0.8093379983620252,136776.4473399984,119.81823189204076
1781536066,60,,Aggregated,41.700000,0.000000,5,8,9,9,11,13,28,46,140,140,140,35864,54,13,456.8465399996361,0.8093379983620252,136956.09367900033,77.33897501672986
1781536067,62,GET,/api/load/cpu [GET],11.100000,0.000000,10,11,12,12,16,25,46,91,140,140,140,10682,17,26,673.346456917609,1.4693439989059698,69234.25248000058,44.928384197715786
1781536067,62,GET,/api/load/memory [GET],14.600000,0.000000,5,6,7,8,9,10,28,52,92,92,92,10683,15,11,468.83749847487513,1.2431080031092279,136956.09367900033,51.92698680146027
1781536067,62,GET,/api/products [GET],17.200000,0.000000,1,2,2,2,2,4,8,29,37,37,37,14539,22,3,287.73683599662223,0.8093379983620252,136776.4473399984,119.81841942361923
1781536067,62,,Aggregated,42.900000,0.000000,5,7,9,9,11,13,30,46,140,140,140,35904,54,13,456.34702839672343,0.8093379983620252,136956.09367900033,77.3368148395722
1781536068,63,GET,/api/load/cpu [GET],11.600000,0.000000,10,11,12,12,17,39,91,140,160,160,160,10697,17,26,672.4326121906043,1.4693439989059698,69234.25248000058,44.9284846218566
1781536068,63,GET,/api/load/memory [GET],14.700000,0.000000,5,6,7,8,9,11,28,52,92,92,92,10704,15,11,467.92852637771796,1.2431080031092279,136956.09367900033,51.92713004484305
1781536068,63,GET,/api/products [GET],17.300000,0.000000,1,2,2,2,3,5,12,37,91,91,91,14554,22,3,287.4487352122364,0.8093379983620252,136776.4473399984,119.81860656864092
1781536068,63,,Aggregated,43.600000,0.000000,5,8,9,10,12,16,39,91,160,160,160,35955,54,13,455.7154079051301,0.8093379983620252,136956.09367900033,77.32632457238215
1781536069,64,GET,/api/load/cpu [GET],12.000000,0.000000,10,11,12,12,18,43,100,140,160,160,160,10710,17,26,671.6395967195983,1.4693439989059698,69234.25248000058,44.92857142857143
1781536069,64,GET,/api/load/memory [GET],15.200000,0.000000,5,6,7,8,9,11,28,52,92,92,92,10717,15,11,467.3670681594745,1.2431080031092279,136956.09367900033,51.927218437995705
1781536069,64,GET,/api/products [GET],17.700000,0.000000,1,2,2,2,2,5,12,37,91,91,91,14575,22,3,287.03705530585796,0.8093379983620252,136776.4473399984,119.8188679245283
1781536069,64,,Aggregated,44.900000,0.000000,5,8,9,10,12,17,43,91,160,160,160,36002,54,12,455.1302158606451,0.8093379983620252,136956.09367900033,77.33039831120493
1781536070,66,GET,/api/load/cpu [GET],11.200000,0.000000,10,11,12,13,20,46,100,140,160,160,160,10724,17,26,670.7826135658244,1.4693439989059698,69234.25248000058,44.928664677359194
1781536070,66,GET,/api/load/memory [GET],15.400000,0.000000,5,6,7,8,9,11,28,52,92,92,92,10732,15,10,466.72192776109756,1.2431080031092279,136956.09367900033,51.927320163995525
1781536070,66,GET,/api/products [GET],18.000000,0.000000,1,2,2,2,3,5,12,37,91,91,91,14600,22,3,286.5482524919772,0.8093379983620252,136776.4473399984,119.81917808219178
1781536070,66,,Aggregated,44.600000,0.000000,5,8,9,10,12,17,43,91,160,160,160,36056,54,12,454.4579810016346,0.8093379983620252,136956.09367900033,77.33689261149323
1781536071,67,GET,/api/load/cpu [GET],11.600000,0.000000,10,11,12,13,18,43,100,140,160,160,160,10738,17,26,669.922781482203,1.4693439989059698,69234.25248000058,44.92875768299497
1781536071,67,GET,/api/load/memory [GET],16.100000,0.000000,5,6,7,7,9,11,28,52,92,92,92,10745,15,10,466.1641909544987,1.2431080031092279,136956.09367900033,51.92740809678921
1781536071,67,GET,/api/products [GET],17.400000,0.000000,1,2,2,2,3,5,16,37,91,91,91,14624,22,3,286.08148123234946,0.8093379983620252,136776.4473399984,119.81947483588621
1781536071,67,,Aggregated,45.100000,0.000000,5,8,9,10,12,17,43,91,160,160,160,36107,54,12,453.82393001091003,0.8093379983620252,136956.09367900033,77.34358988561775
1781536072,68,GET,/api/load/cpu [GET],12.500000,0.000000,11,12,12,13,18,39,91,100,160,160,160,10750,17,26,669.187500914688,1.4693439989059698,69234.25248000058,44.92883720930232
1781536072,68,GET,/api/load/memory [GET],16.000000,0.000000,5,6,7,8,9,11,28,52,92,92,92,10761,15,10,465.4786453161494,1.2431080031092279,136956.09367900033,51.92751603010873
1781536072,68,GET,/api/products [GET],17.600000,0.000000,1,2,2,2,2,4,12,16,91,91,91,14653,22,3,285.5181293586211,0.8093379983620252,136776.4473399984,119.81983211629019
1781536072,68,,Aggregated,46.100000,0.000000,5,8,9,10,12,17,39,91,160,160,160,36164,54,12,453.1157639246742,0.8093379983620252,136956.09367900033,77.35585112266342
1781536073,70,GET,/api/load/cpu [GET],12.000000,0.000000,11,12,13,14,18,39,91,100,160,160,160,10765,17,25,668.2705281102551,1.4693439989059698,69234.25248000058,44.9289363678588
1781536073,70,GET,/api/load/memory [GET],16.400000,0.000000,5,5,6,7,9,11,28,52,92,92,92,10784,15,10,464.49718192944056,1.2431080031092279,136956.09367900033,51.9276706231454
1781536073,70,GET,/api/products [GET],18.400000,0.000000,1,2,2,2,2,5,12,29,91,91,91,14671,22,3,285.1694093519785,0.8093379983620252,136776.4473399984,119.82005316611001
1781536073,70,,Aggregated,46.800000,0.000000,5,8,9,10,12,17,39,91,160,160,160,36220,54,12,452.4238058983136,0.8093379983620252,136956.09367900033,77.34754279403644
1781536074,71,GET,/api/load/cpu [GET],12.700000,0.000000,10,11,13,14,18,39,91,100,160,160,160,10781,17,25,667.2943149033387,1.4693439989059698,69234.25248000058,44.9290418328541
1781536074,71,GET,/api/load/memory [GET],16.400000,0.000000,5,5,6,7,9,10,28,52,92,92,92,10800,15,10,463.8169719214889,1.2431080031092279,136956.09367900033,51.92777777777778
1781536074,71,GET,/api/products [GET],19.200000,0.000000,1,2,2,2,2,4,12,16,91,91,91,14696,22,3,284.68660862771316,0.8093379983620252,136776.4473399984,119.82035928143712
1781536074,71,,Aggregated,48.300000,0.000000,5,8,9,10,12,17,30,82,160,160,160,36277,54,12,451.7208618716516,0.8093379983620252,136956.09367900033,77.3514899247457
1781536075,72,GET,/api/load/cpu [GET],13.100000,0.000000,10,11,12,13,17,21,91,100,160,160,160,10796,17,25,666.382014162457,1.4693439989059698,69234.25248000058,44.92914042237866
1781536075,72,GET,/api/load/memory [GET],15.300000,0.000000,5,5,6,7,9,10,12,27,30,30,30,10821,15,10,462.92987298817843,1.2431080031092279,136956.09367900033,51.927917937344056
1781536075,72,GET,/api/products [GET],20.700000,0.000000,1,2,2,2,2,4,12,16,91,91,91,14714,22,3,284.33988399299096,0.8093379983620252,136776.4473399984,119.82057904036972
1781536075,72,,Aggregated,49.100000,0.000000,5,8,9,10,12,16,21,30,160,160,160,36331,54,12,451.058364305301,0.8093379983620252,136956.09367900033,77.34460928683494
1781536076,74,GET,/api/load/cpu [GET],13.100000,0.000000,10,11,12,13,17,18,82,100,160,160,160,10818,17,25,665.0507978042052,1.4693439989059698,69234.25248000058,44.92928452579035
1781536076,74,GET,/api/load/memory [GET],16.400000,0.000000,5,5,6,7,9,10,11,12,13,13,13,10842,15,10,462.0456100710278,1.2431080031092279,136956.09367900033,51.92805755395683
1781536076,74,GET,/api/products [GET],20.100000,0.000000,1,2,2,2,2,3,12,16,91,91,91,14738,22,3,283.8791218474604,0.8093379983620252,136776.4473399984,119.8208712172615
1781536076,74,,Aggregated,49.600000,0.000000,5,8,9,10,11,14,18,29,160,160,160,36398,54,12,450.2398080340652,0.8093379983620252,136956.09367900033,77.33856255838234
1781536077,75,GET,/api/load/cpu [GET],13.900000,0.000000,10,11,12,13,16,18,30,100,160,160,160,10835,17,25,664.0236902480756,1.4693439989059698,69234.25248000058,44.929395477618826
1781536077,75,GET,/api/load/memory [GET],16.200000,0.000000,5,5,6,7,9,10,11,12,13,13,13,10861,15,10,461.24602059258655,1.2431080031092279,136956.09367900033,51.92818340852592
1781536077,75,GET,/api/products [GET],20.800000,0.000000,1,1,2,2,2,2,3,12,91,91,91,14756,22,3,283.53454245438263,0.8093379983620252,136776.4473399984,119.82108972621306
1781536077,75,,Aggregated,50.900000,0.000000,5,8,9,10,11,14,17,21,160,160,160,36452,54,12,449.5809673529822,0.8093379983620252,136956.09367900033,77.33133984417864
1781536078,76,GET,/api/load/cpu [GET],14.100000,0.000000,10,11,12,13,16,18,30,82,100,100,100,10853,17,24,662.9427674240219,1.4693439989059698,69234.25248000058,44.92951257716761
1781536078,76,GET,/api/load/memory [GET],16.500000,0.000000,5,5,7,7,9,10,11,12,13,13,13,10878,15,10,460.5341586124372,1.2431080031092279,136956.09367900033,51.928295642581354
1781536078,76,GET,/api/products [GET],20.800000,0.000000,1,1,2,2,2,2,3,4,23,23,23,14778,22,3,283.11623163052315,0.8093379983620252,136776.4473399984,119.82135606983354
1781536078,76,,Aggregated,51.400000,0.000000,4,8,9,10,11,14,17,21,100,100,100,36509,54,12,448.8893177921865,0.8093379983620252,136956.09367900033,77.32931605905394
1781536079,78,GET,/api/load/cpu [GET],14.700000,0.000000,10,11,12,13,14,17,30,76,82,82,82,10870,17,24,661.9276824804883,1.4693439989059698,69234.25248000058,44.9296228150874
1781536079,78,GET,/api/load/memory [GET],17.200000,0.000000,5,5,6,7,9,10,11,13,15,15,15,10898,15,10,459.69925515847814,1.2431080031092279,136956.09367900033,51.92842723435493
1781536079,78,GET,/api/products [GET],21.500000,0.000000,1,1,2,2,2,2,3,16,23,23,23,14810,22,3,282.5084515735896,0.8093379983620252,136776.4473399984,119.82174206617151
1781536079,78,,Aggregated,53.400000,0.000000,4,7,9,9,11,13,16,18,82,82,82,36578,54,12,448.0536540840105,0.8093379983620252,136956.09367900033,77.3377713379627
1781536080,79,GET,/api/load/cpu [GET],15.400000,0.000000,10,11,12,13,15,17,43,94,180,180,180,10884,17,24,661.1126129112379,1.4693439989059698,69234.25248000058,44.92971334068357
1781536080,79,GET,/api/load/memory [GET],17.900000,0.000000,5,5,7,7,9,10,13,15,140,140,140,10916,15,10,458.96321450330686,1.2431080031092279,136956.09367900033,51.92854525467204
1781536080,79,GET,/api/products [GET],21.400000,0.000000,1,1,2,2,2,2,16,23,87,87,87,14829,22,3,282.1585889564945,0.8093379983620252,136776.4473399984,119.8219704632814
1781536080,79,,Aggregated,54.700000,0.000000,4,8,9,10,11,14,17,63,180,180,180,36629,54,12,447.4520692369418,0.8093379983620252,136956.09367900033,77.33508968303803
1781536081,80,GET,/api/load/cpu [GET],15.700000,0.000000,10,11,12,13,17,43,180,220,290,290,290,10909,17,24,659.7053512669268,1.4693439989059698,69234.25248000058,44.92987441562013
1781536081,80,GET,/api/load/memory [GET],17.500000,0.000000,5,6,7,8,10,14,89,140,150,150,150,10942,15,10,457.9255682156924,1.2431080031092279,136956.09367900033,51.928715042953755
1781536081,80,GET,/api/products [GET],22.300000,0.000000,1,1,2,2,2,4,48,63,87,87,87,14857,22,3,281.6426980131827,0.8093379983620252,136776.4473399984,119.82230598371139
1781536081,80,,Aggregated,55.500000,0.000000,5,9,9,10,12,16,87,140,290,290,290,36708,54,12,446.54333684125885,0.8093379983620252,136956.09367900033,77.32766699357089
1781536082,82,GET,/api/load/cpu [GET],15.700000,0.000000,10,11,11,13,16,30,180,220,290,290,290,10934,17,24,658.2209390740718,1.4693439989059698,69234.25248000058,44.93003475397842
1781536082,82,GET,/api/load/memory [GET],17.700000,0.000000,5,6,8,8,10,14,89,140,150,150,150,10960,15,10,457.18483875457224,1.2431080031092279,136956.09367900033,51.92883211678832
1781536082,82,GET,/api/products [GET],23.400000,0.000000,1,1,2,2,2,4,48,63,87,87,87,14884,22,3,281.13446605488156,0.8093379983620252,136776.4473399984,119.8226283257189
1781536082,82,,Aggregated,56.800000,0.000000,5,9,9,10,12,16,76,130,290,290,290,36778,54,12,445.70501314228426,0.8093379983620252,136956.09367900033,77.32462341617271
1781536083,83,GET,/api/load/cpu [GET],16.300000,0.000000,10,11,12,13,16,41,180,220,290,290,290,10954,17,24,657.0417602657394,1.4693439989059698,69234.25248000058,44.93016249771773
1781536083,83,GET,/api/load/memory [GET],18.700000,0.000000,5,6,8,8,10,14,89,140,150,150,150,10975,15,10,456.5673454450213,1.2431080031092279,136956.09367900033,51.92892938496583
1781536083,83,GET,/api/products [GET],22.600000,0.000000,1,1,2,2,2,5,48,63,87,87,87,14908,22,3,280.68438850247236,0.8093379983620252,136776.4473399984,119.8229138717467
1781536083,83,,Aggregated,57.600000,0.000000,5,9,9,10,12,16,76,130,290,290,290,36837,54,12,445.0010837474533,0.8093379983620252,136956.09367900033,77.32456497543231
1781536084,84,GET,/api/load/cpu [GET],17.200000,0.000000,10,11,12,14,17,43,180,220,290,290,290,10974,17,23,655.874076324942,1.4693439989059698,69234.25248000058,44.93028977583379
1781536084,84,GET,/api/load/memory [GET],19.600000,0.000000,5,6,8,9,10,14,89,140,150,150,150,11001,15,10,455.50663846387755,1.2431080031092279,136956.09367900033,51.92909735478593
1781536084,84,GET,/api/products [GET],23.100000,0.000000,1,1,2,2,2,5,48,63,87,87,87,14930,22,3,280.2730861133865,0.8093379983620252,136776.4473399984,119.82317481580709
1781536084,84,,Aggregated,59.900000,0.000000,5,9,10,10,13,18,76,130,290,290,290,36905,54,12,444.19639124790547,0.8093379983620252,136956.09367900033,77.31464571196315
1781536085,86,GET,/api/load/cpu [GET],18.500000,0.000000,10,11,12,14,18,44,180,220,290,290,290,10994,17,23,654.7063031243331,1.4693439989059698,69234.25248000058,44.93041659086774
1781536085,86,GET,/api/load/memory [GET],19.900000,0.000000,5,6,8,9,10,15,89,140,150,150,150,11023,15,10,454.61096667414716,1.2431080031092279,136956.09367900033,51.92923886419305
1781536085,86,GET,/api/products [GET],22.700000,0.000000,1,2,2,2,2,5,48,63,87,87,87,14964,22,3,279.639908397344,0.8093379983620252,136776.4473399984,119.82357658380113
1781536085,86,,Aggregated,61.100000,0.000000,5,9,9,10,13,21,76,130,290,290,290,36981,54,12,443.29654069538316,0.8093379983620252,136956.09367900033,77.3213542089181
1781536086,87,GET,/api/load/cpu [GET],18.900000,0.000000,10,11,13,14,39,130,290,400,420,420,420,11013,17,23,653.7334100900664,1.4693439989059698,69234.25248000058,44.93053663851811
1781536086,87,GET,/api/load/memory [GET],19.000000,0.000000,5,6,8,9,10,26,130,150,150,150,150,11039,15,10,453.9848399437575,1.2431080031092279,136956.09367900033,51.92934142585379
1781536086,87,GET,/api/products [GET],23.500000,0.000000,1,2,2,2,2,9,58,63,87,87,87,14985,22,3,279.2610476085321,0.8093379983620252,136776.4473399984,119.82382382382383
1781536086,87,,Aggregated,61.400000,0.000000,5,9,10,10,14,43,130,190,420,420,420,37037,54,12,442.6878929685168,0.8093379983620252,136956.09367900033,77.31803331803332
1781536087,88,GET,/api/load/cpu [GET],19.500000,0.000000,10,12,15,18,180,390,510,560,690,690,690,11041,17,23,652.6427283649952,1.4693439989059698,69234.25248000058,44.93071279775383
1781536087,88,GET,/api/load/memory [GET],20.100000,0.000000,5,7,8,9,15,79,150,250,390,390,390,11055,15,10,453.4253534793437,1.2431080031092279,136956.09367900033,51.92944369063772
1781536087,88,GET,/api/products [GET],23.700000,0.000000,1,2,2,2,5,46,87,160,460,460,460,15016,22,3,278.76695998287533,0.8093379983620252,136776.4473399984,119.82418753329782
1781536087,88,,Aggregated,63.300000,0.000000,5,9,10,11,34,140,380,440,690,690,690,37112,54,12,442.0244211493579,0.8093379983620252,136956.09367900033,77.31838758353094
1781536088,90,GET,/api/load/cpu [GET],19.600000,0.000000,10,12,15,23,210,390,510,560,690,690,690,11059,17,23,651.6643260535233,1.4693439989059698,69234.25248000058,44.93082557193236
1781536088,90,GET,/api/load/memory [GET],19.900000,0.000000,5,7,9,9,32,89,150,250,390,390,390,11083,15,10,452.3406053486559,1.2431080031092279,136956.09367900033,51.9296219435171
1781536088,90,GET,/api/products [GET],25.100000,0.000000,1,2,2,2,5,51,87,160,460,460,460,15040,22,3,278.3351787586338,0.8093379983620252,136776.4473399984,119.82446808510639
1781536088,90,,Aggregated,64.600000,0.000000,5,9,10,11,42,150,380,440,690,690,690,37182,54,12,441.24059489632026,0.8093379983620252,136956.09367900033,77.31122586197623
1781536089,91,GET,/api/load/cpu [GET],19.600000,0.000000,10,12,15,24,210,390,510,560,690,690,690,11084,17,23,650.2287546725838,1.4693439989059698,69234.25248000058,44.93098159509202
1781536089,91,GET,/api/load/memory [GET],19.300000,0.000000,5,7,9,9,32,89,150,250,390,390,390,11105,15,10,451.45493364458883,1.2431080031092279,136956.09367900033,51.929761368752814
1781536089,91,GET,/api/products [GET],24.600000,0.000000,1,2,2,2,5,51,96,160,460,460,460,15064,22,3,277.8940675601999,0.8093379983620252,136776.4473399984,119.82474774296335
1781536089,91,,Aggregated,63.500000,0.000000,5,9,10,11,44,150,380,440,690,690,690,37253,54,12,440.41389387810335,0.8093379983620252,136956.09367900033,77.30209647545165
1781536090,92,GET,/api/load/cpu [GET],20.400000,0.000000,10,12,15,21,150,390,510,560,690,690,690,11100,17,23,649.3116516007135,1.4693439989059698,69234.25248000058,44.93108108108108
1781536090,92,GET,/api/load/memory [GET],19.200000,0.000000,5,7,8,9,14,51,150,250,390,390,390,11126,15,10,450.61311705771584,1.2431080031092279,136956.09367900033,51.92989394211756
1781536090,92,GET,/api/products [GET],26.000000,0.000000,1,2,2,2,3,32,81,160,460,460,460,15100,22,3,277.2351178987984,0.8093379983620252,136776.4473399984,119.82516556291391
1781536090,92,,Aggregated,65.600000,0.000000,5,9,10,11,26,130,380,440,690,690,690,37326,54,12,439.56307006976317,0.8093379983620252,136956.09367900033,77.3151958420404
1781536091,94,GET,/api/load/cpu [GET],20.700000,0.000000,10,12,15,21,160,390,510,560,690,690,690,11117,17,23,648.3380626606929,1.4693439989059698,69234.25248000058,44.93118647117028
1781536091,94,GET,/api/load/memory [GET],20.100000,0.000000,5,6,8,9,10,51,150,250,390,390,390,11153,15,10,449.53906629276037,1.2431080031092279,136956.09367900033,51.93006366000179
1781536091,94,GET,/api/products [GET],26.100000,0.000000,1,2,2,2,3,29,81,160,460,460,460,15132,22,3,276.6534823184544,0.8093379983620252,136776.4473399984,119.82553528945282
1781536091,94,,Aggregated,66.900000,0.000000,5,9,10,11,26,120,380,440,690,690,690,37402,54,12,438.6825288328162,0.8093379983620252,136956.09367900033,77.31875300786054
1781536092,95,GET,/api/load/cpu [GET],21.500000,0.000000,11,13,17,23,210,400,530,620,690,690,690,11131,17,23,647.5375398864363,1.4693439989059698,69234.25248000058,44.93127302129189
1781536092,95,GET,/api/load/memory [GET],20.700000,0.000000,5,6,8,9,10,51,150,250,390,390,390,11177,15,10,448.58506945317686,1.2431080031092279,136956.09367900033,51.93021383197638
1781536092,95,GET,/api/products [GET],25.100000,0.000000,1,2,2,2,3,26,81,160,460,460,460,15168,22,3,276.00022193353453,0.8093379983620252,136776.4473399984,119.82594936708861
1781536092,95,,Aggregated,67.300000,0.000000,5,9,10,10,23,120,380,440,690,690,690,37476,54,12,437.8254628039811,0.8093379983620252,136956.09367900033,77.33146547123492
1781536093,96,GET,/api/load/cpu [GET],21.300000,0.000000,11,14,19,26,210,400,530,620,690,690,690,11155,17,22,646.1911958671374,1.4693439989059698,69234.25248000058,44.9314208874944
1781536093,96,GET,/api/load/memory [GET],20.900000,0.000000,5,6,8,9,12,51,150,250,390,390,390,11205,15,10,447.49104273763106,1.2431080031092279,136956.09367900033,51.930388219544845
1781536093,96,GET,/api/products [GET],27.000000,0.000000,1,2,2,2,4,34,81,160,460,460,460,15202,22,3,275.39989673555135,0.8093379983620252,136776.4473399984,119.82633863965268
1781536093,96,,Aggregated,69.200000,0.000000,5,9,10,11,31,96,310,440,690,690,690,37562,54,11,436.85184904816015,0.8093379983620252,136956.09367900033,77.33054682924232
1781536094,98,GET,/api/load/cpu [GET],20.600000,0.000000,11,13,16,23,170,390,510,560,690,690,690,11181,17,22,644.7167815545042,1.4693439989059698,69234.25248000058,44.9315803595385
1781536094,98,GET,/api/load/memory [GET],21.000000,0.000000,5,6,8,8,10,52,150,250,390,390,390,11224,15,10,446.74203906460787,1.2431080031092279,136956.09367900033,51.930506058446184
1781536094,98,GET,/api/products [GET],27.200000,0.000000,1,2,2,2,4,34,70,150,460,460,460,15237,22,3,274.7743688646611,0.8093379983620252,136776.4473399984,119.82673754676118
1781536094,98,,Aggregated,68.800000,0.000000,5,9,10,11,29,96,310,440,690,690,690,37642,54,11,435.937198858004,0.8093379983620252,136956.09367900033,77.33510440465437
1781536095,99,GET,/api/load/cpu [GET],19.400000,0.000000,11,13,18,23,170,390,510,560,690,690,690,11204,17,22,643.4567878529008,1.4693439989059698,69234.25248000058,44.931720813995
1781536095,99,GET,/api/load/memory [GET],21.600000,0.000000,5,6,8,8,33,79,150,250,390,390,390,11250,15,10,445.76148860828005,1.2431080031092279,136956.09367900033,51.93066666666667
1781536095,99,GET,/api/products [GET],28.300000,0.000000,1,2,2,2,5,46,70,150,460,460,460,15268,22,3,274.22833975215144,0.8093379983620252,136776.4473399984,119.82708933717579
1781536095,99,,Aggregated,69.300000,0.000000,5,9,10,11,35,130,310,440,690,690,690,37722,54,11,435.0518235852548,0.8093379983620252,136956.09367900033,77.33298870685542
1781536096,100,GET,/api/load/cpu [GET],20.000000,0.000000,11,13,15,20,120,310,510,560,690,690,690,11228,17,22,642.1076707309313,1.4693439989059698,69234.25248000058,44.93186676166726
1781536096,100,GET,/api/load/memory [GET],23.100000,0.000000,5,6,8,9,31,64,150,250,390,390,390,11278,15,10,444.6786078087551,1.2431080031092279,136956.09367900033,51.93083880120589
1781536096,100,GET,/api/products [GET],29.600000,0.000000,1,2,2,2,5,51,81,160,460,460,460,15286,22,3,273.91615117550987,0.8093379983620252,136776.4473399984,119.82729294779537
1781536096,100,,Aggregated,72.700000,0.000000,5,9,10,11,31,81,250,440,690,690,690,37792,54,11,434.2652559457811,0.8093379983620252,136956.09367900033,77.31400825571549
1781536097,102,GET,/api/load/cpu [GET],20.700000,0.000000,10,12,13,16,35,170,300,370,530,530,530,11257,17,22,640.6791685162033,1.4693439989059698,69234.25248000058,44.932042284800566
1781536097,102,GET,/api/load/memory [GET],22.000000,0.000000,5,6,8,9,13,52,130,200,300,300,300,11303,15,10,443.7750307707812,1.2431080031092279,136956.09367900033,51.9309917720959
1781536097,102,GET,/api/products [GET],30.400000,0.000000,1,2,2,2,6,51,83,120,230,230,230,15315,22,3,273.46104536662335,0.8093379983620252,136776.4473399984,119.82761998041136
1781536097,102,,Aggregated,73.100000,0.000000,5,9,10,11,21,66,160,250,530,530,530,37875,54,11,433.4302437644606,0.8093379983620252,136956.09367900033,77.30524092409242
1781536098,103,GET,/api/load/cpu [GET],20.900000,0.000000,11,12,14,18,43,230,370,450,810,810,810,11286,17,22,639.2866528409448,1.4693439989059698,69234.25248000058,44.932216905901115
1781536098,103,GET,/api/load/memory [GET],22.900000,0.000000,5,6,8,9,16,82,200,280,330,330,330,11329,15,10,442.87096014468557,1.2431080031092279,136956.09367900033,51.931150145643926
1781536098,103,GET,/api/products [GET],30.200000,0.000000,1,2,2,2,6,55,87,120,230,230,230,15347,22,3,272.9207916813603,0.8093379983620252,136776.4473399984,119.8279794096566
1781536098,103,,Aggregated,74.000000,0.000000,5,9,10,11,26,82,230,330,810,810,810,37962,54,11,432.5586023227425,0.8093379983620252,136956.09367900033,77.29922027290448
1781536099,104,GET,/api/load/cpu [GET],21.300000,0.000000,11,12,14,18,49,230,370,450,810,810,810,11312,17,22,637.8677682012808,1.4693439989059698,69234.25248000058,44.93237270155587
1781536099,104,GET,/api/load/memory [GET],24.000000,0.000000,5,6,8,9,23,82,200,280,330,330,330,11359,15,9,441.729602316853,1.2431080031092279,136956.09367900033,51.93133198344925
1781536099,104,GET,/api/products [GET],29.900000,0.000000,1,2,2,2,8,55,87,120,230,230,230,15375,22,3,272.4346727776806,0.8093379983620252,136776.4473399984,119.82829268292683
1781536099,104,,Aggregated,75.200000,0.000000,5,9,10,12,34,86,230,330,810,810,810,38046,54,11,431.6314419536069,0.8093379983620252,136956.09367900033,77.28862429690375
1781536101,106,GET,/api/load/cpu [GET],21.700000,0.000000,11,12,15,20,130,280,390,450,810,810,810,11328,17,22,637.089737611131,1.4693439989059698,69234.25248000058,44.93246822033898
1781536101,106,GET,/api/load/memory [GET],24.700000,0.000000,5,7,9,10,72,130,210,280,330,330,330,11386,15,9,440.792779806001,1.2431080031092279,136956.09367900033,51.931494818197784
1781536101,106,GET,/api/products [GET],29.700000,0.000000,1,2,2,3,51,83,190,230,260,260,260,15416,22,3,271.8089316449689,0.8093379983620252,136776.4473399984,119.8287493513233
1781536101,106,,Aggregated,76.100000,0.000000,5,9,11,13,66,160,270,330,810,810,810,38130,54,11,430.79007681009506,0.8093379983620252,136956.09367900033,77.30309467610805
1781536102,107,GET,/api/load/cpu [GET],22.500000,0.000000,11,13,19,34,190,330,410,450,810,810,810,11357,17,22,635.7027587766046,1.4693439989059698,69234.25248000058,44.932640662146696
1781536102,107,GET,/api/load/memory [GET],25.300000,0.000000,5,7,9,11,82,180,280,280,330,330,330,11411,15,9,439.91769349505876,1.2431080031092279,136956.09367900033,51.93164490403996
1781536102,107,GET,/api/products [GET],31.000000,0.000000,1,2,2,4,55,93,190,230,260,260,260,15445,22,3,271.32479509672,0.8093379983620252,136776.4473399984,119.82907089673033
1781536102,107,,Aggregated,78.800000,0.000000,6,10,12,17,82,190,310,370,810,810,810,38213,54,11,429.963323794701,0.8093379983620252,136956.09367900033,77.29442859759767
1781536103,108,GET,/api/load/cpu [GET],22.700000,0.000000,11,15,41,73,240,370,430,460,810,810,810,11386,17,22,634.3566479026782,1.4693439989059698,69234.25248000058,44.93281222554014
1781536103,108,GET,/api/load/memory [GET],25.700000,0.000000,5,8,10,16,87,180,280,280,330,330,330,11437,15,9,438.99850103148754,1.2431080031092279,136956.09367900033,51.93180029728075
1781536103,108,GET,/api/products [GET],31.400000,0.000000,1,2,3,10,79,120,220,250,270,270,270,15472,22,3,270.9445552214873,0.8093379983620252,136776.4473399984,119.82936918304033
1781536103,108,,Aggregated,79.800000,0.000000,8,10,13,31,110,220,330,390,810,810,810,38295,54,11,429.1856589033536,0.8093379983620252,136956.09367900033,77.28290899595247
1781536104,110,GET,/api/load/cpu [GET],22.700000,0.000000,12,18,51,100,280,390,460,490,810,810,810,11414,17,22,633.0589554490002,1.4693439989059698,69234.25248000058,44.93297704573331
1781536104,110,GET,/api/load/memory [GET],25.700000,0.000000,5,9,11,33,110,210,280,290,330,330,330,11463,15,9,438.12112040138936,1.2431080031092279,136956.09367900033,51.93195498560586
1781536104,110,GET,/api/products [GET],31.400000,0.000000,1,2,5,21,83,130,220,250,270,270,270,15498,22,3,270.5187142134367,0.8093379983620252,136776.4473399984,119.82965543941154
1781536104,110,,Aggregated,79.800000,0.000000,9,11,19,46,130,250,370,430,810,810,810,38375,54,11,428.41475839833015,0.8093379983620252,136956.09367900033,77.2711661237785
1781536105,111,GET,/api/load/cpu [GET],25.500000,0.000000,12,27,81,160,300,390,460,490,810,810,810,11451,17,22,631.3107842082687,1.4693439989059698,69234.25248000058,44.93319360754519
1781536105,111,GET,/api/load/memory [GET],25.800000,0.000000,5,9,11,37,130,220,280,290,330,330,330,11487,15,9,437.3139759629268,1.2431080031092279,136956.09367900033,51.93209715330374
1781536105,111,GET,/api/products [GET],30.300000,0.000000,2,2,10,30,91,140,220,250,270,270,270,15528,22,3,270.04140739881757,0.8093379983620252,136776.4473399984,119.82998454404945
1781536105,111,,Aggregated,81.600000,0.000000,9,12,29,62,180,270,370,430,810,810,810,38466,54,11,427.5403838700132,0.8093379983620252,136956.09367900033,77.25768210887537
1781536106,112,GET,/api/load/cpu [GET],25.900000,0.000000,12,18,72,130,290,390,460,490,810,810,810,11488,17,21,629.3180193413035,1.4693439989059698,69234.25248000058,44.93340877437326
1781536106,112,GET,/api/load/memory [GET],25.600000,0.000000,5,9,11,35,130,220,280,290,330,330,330,11515,15,9,436.2715183268893,1.2431080031092279,136956.09367900033,51.932262266608774
1781536106,112,GET,/api/products [GET],29.400000,0.000000,1,2,5,23,89,130,220,250,270,270,270,15555,22,3,269.5756668429982,0.8093379983620252,136776.4473399984,119.83027965284474
1781536106,112,,Aggregated,80.900000,0.000000,9,11,23,55,170,260,370,430,810,810,810,38558,54,11,426.5397955669362,0.8093379983620252,136956.09367900033,77.23831630271279
1781536107,114,GET,/api/load/cpu [GET],26.800000,0.000000,12,27,92,160,290,390,460,490,810,810,810,11517,17,21,628.0415805345064,1.4693439989059698,69234.25248000058,44.933576452201095
1781536107,114,GET,/api/load/memory [GET],26.100000,0.000000,5,9,19,63,140,220,280,280,330,330,330,11544,15,9,435.31300829938687,1.2431080031092279,136956.09367900033,51.932432432432435
1781536107,114,GET,/api/products [GET],29.000000,0.000000,1,2,9,25,88,130,220,260,280,280,280,15584,22,3,269.1326714393498,0.8093379983620252,136776.4473399984,119.8305954825462
1781536107,114,,Aggregated,81.900000,0.000000,9,12,29,61,180,260,370,430,810,810,810,38645,54,11,425.7361056419958,0.8093379983620252,136956.09367900033,77.2272739034804
1781536108,115,GET,/api/load/cpu [GET],28.200000,0.000000,13,42,99,150,280,370,460,480,520,520,520,11553,17,21,626.3245451789068,1.4693439989059698,69234.25248000058,44.93378343287458
1781536108,115,GET,/api/load/memory [GET],26.300000,0.000000,6,10,29,73,120,200,270,280,290,290,290,11571,15,9,434.3884394677322,1.2431080031092279,136956.09367900033,51.93259009592948
1781536108,115,GET,/api/products [GET],28.600000,0.000000,2,3,18,35,88,130,220,260,280,280,280,15612,22,3,268.70038895899506,0.8093379983620252,136776.4473399984,119.83089930822445
1781536108,115,,Aggregated,83.100000,0.000000,10,14,41,72,170,250,370,430,520,520,520,38736,54,11,424.85508508779776,0.8093379983620252,136956.09367900033,77.21065675340768
1781536109,116,GET,/api/load/cpu [GET],28.900000,0.000000,13,31,86,150,250,370,460,480,520,520,520,11585,17,21,624.6458399440585,1.4693439989059698,69234.25248000058,44.933966335779026
1781536109,116,GET,/api/load/memory [GET],26.400000,0.000000,6,10,25,73,130,200,270,280,290,290,290,11605,15,9,433.15144319708367,1.2431080031092279,136956.09367900033,51.93278759155537
1781536109,116,GET,/api/products [GET],29.600000,0.000000,2,3,16,34,88,130,220,260,280,280,280,15640,22,3,268.2254146983268,0.8093379983620252,136776.4473399984,119.83120204603581
1781536109,116,,Aggregated,84.900000,0.000000,9,13,38,69,170,250,370,430,520,520,520,38830,54,11,423.8550100421316,0.8093379983620252,136956.09367900033,77.19289209374195
1781536110,118,GET,/api/load/cpu [GET],29.500000,0.000000,13,27,73,130,240,370,460,480,520,520,520,11614,17,21,623.231039507656,1.4693439989059698,69234.25248000058,44.934131220940245
1781536110,118,GET,/api/load/memory [GET],26.600000,0.000000,6,10,19,63,120,200,270,280,290,290,290,11631,15,9,432.2619052253593,1.2431080031092279,136956.09367900033,51.93293783853495
1781536110,118,GET,/api/products [GET],29.500000,0.000000,2,3,14,27,67,120,170,250,280,280,280,15667,22,3,267.7880710614557,0.8093379983620252,136776.4473399984,119.83149294695858
1781536110,118,,Aggregated,85.600000,0.000000,10,14,31,61,160,240,370,430,520,520,520,38912,54,11,423.0386313177929,0.8093379983620252,136956.09367900033,77.1817691200658
1781536111,119,GET,/api/load/cpu [GET],29.900000,0.000000,13,27,95,150,280,370,470,490,540,540,540,11645,17,21,621.924474157915,1.4693439989059698,69234.25248000058,44.934306569343065
1781536111,119,GET,/api/load/memory [GET],27.400000,0.000000,6,10,21,62,130,200,260,280,290,290,290,11657,15,9,431.3865266210142,1.2431080031092279,136956.09367900033,51.933087415286955
1781536111,119,GET,/api/products [GET],29.200000,0.000000,2,3,19,35,76,130,170,250,280,280,280,15710,22,3,267.1268281063542,0.8093379983620252,136776.4473399984,119.8319541693189
1781536111,119,,Aggregated,86.500000,0.000000,10,15,35,64,160,250,360,460,540,540,540,39012,54,11,422.1148803429963,0.8093379983620252,136956.09367900033,77.18660924843638
1781536112,121,GET,/api/load/cpu [GET],30.000000,0.000000,13,20,63,130,260,360,480,520,540,540,540,11677,17,21,620.3790607288612,1.4693439989059698,69234.25248000058,44.93448659758499
1781536112,121,GET,/api/load/memory [GET],26.900000,0.000000,6,10,18,40,110,190,260,280,290,290,290,11679,15,9,430.58717067087593,1.2431080031092279,136956.09367900033,51.933213460056514
1781536112,121,GET,/api/products [GET],29.200000,0.000000,2,2,9,24,63,95,150,160,280,280,280,15741,22,3,266.60406294719604,0.8093379983620252,136776.4473399984,119.83228511530399
1781536112,121,,Aggregated,86.100000,0.000000,9,13,23,48,150,240,350,430,540,540,540,39097,54,11,421.2499274432294,0.8093379983620252,136956.09367900033,77.18003938921144
1781536113,122,GET,/api/load/cpu [GET],31.600000,0.000000,13,24,86,140,250,340,430,520,540,540,540,11709,17,21,618.9324632913925,1.4693439989059698,69234.25248000058,44.934665641813986
1781536113,122,GET,/api/load/memory [GET],27.000000,0.000000,6,11,23,46,110,170,220,260,290,290,290,11714,15,9,429.45279039876925,1.2431080031092279,136956.09367900033,51.933413010073416
1781536113,122,GET,/api/products [GET],29.300000,0.000000,2,2,14,24,61,92,150,160,280,280,280,15780,22,3,265.994738232497,0.8093379983620252,136776.4473399984,119.83269961977186
1781536113,122,,Aggregated,87.900000,0.000000,10,15,28,59,140,220,330,370,540,540,540,39203,54,11,420.2506738953387,0.8093379983620252,136956.09367900033,77.1738897533352
1781536114,123,GET,/api/load/cpu [GET],31.800000,0.000000,13,20,60,95,230,330,380,520,540,540,540,11733,17,21,617.6906852661652,1.4693439989059698,69234.25248000058,44.93479928407057
1781536114,123,GET,/api/load/memory [GET],26.800000,0.000000,6,10,15,28,100,160,200,260,290,290,290,11744,15,9,428.3721643866804,1.2431080031092279,136956.09367900033,51.93358310626703
1781536114,123,GET,/api/products [GET],29.400000,0.000000,2,2,4,18,48,76,140,160,280,280,280,15820,22,3,265.3263097039066,0.8093379983620252,136776.4473399984,119.8331226295828
1781536114,123,,Aggregated,88.000000,0.000000,9,12,20,36,110,200,310,360,540,540,540,39297,54,11,419.259224070564,0.8093379983620252,136956.09367900033,77.1786141435733
1781536115,125,GET,/api/load/cpu [GET],32.300000,0.000000,13,21,61,95,230,330,380,520,540,540,540,11768,17,21,615.9002642681781,1.4693439989059698,69234.25248000058,44.93499320190347
1781536115,125,GET,/api/load/memory [GET],27.700000,0.000000,6,9,18,36,100,160,200,260,290,290,290,11771,15,9,427.41328962315595,1.2431080031092279,136956.09367900033,51.93373545153343
1781536115,125,GET,/api/products [GET],30.800000,0.000000,2,2,4,16,48,76,140,160,280,280,280,15851,22,3,264.81035562821296,0.8093379983620252,136776.4473399984,119.83344899375433
1781536115,125,,Aggregated,90.800000,0.000000,9,12,21,40,110,200,310,360,540,540,540,39390,54,11,418.2915737274676,0.8093379983620252,136956.09367900033,77.16646356943387
1781536116,126,GET,/api/load/cpu [GET],31.700000,0.000000,12,18,31,69,190,300,360,470,540,540,540,11797,17,21,614.4210118246102,1.4693439989059698,69234.25248000058,44.93515300500127
1781536116,126,GET,/api/load/memory [GET],27.900000,0.000000,5,8,12,21,85,140,170,210,290,290,290,11802,15,9,426.3084463602906,1.2431080031092279,136956.09367900033,51.933909506863245
1781536116,126,GET,/api/products [GET],31.800000,0.000000,1,2,2,4,44,71,97,140,160,160,160,15891,22,3,264.15327596688707,0.8093379983620252,136776.4473399984,119.83386822729847
1781536116,126,,Aggregated,91.400000,0.000000,8,11,17,23,85,150,280,340,540,540,540,39490,54,11,417.25187816735723,0.8093379983620252,136956.09367900033,77.1664725246898
1781536117,127,GET,/api/load/cpu [GET],31.400000,0.000000,11,15,20,28,150,280,350,470,540,540,540,11824,17,20,613.0475709989793,1.4693439989059698,69234.25248000058,44.93530108254398
1781536117,127,GET,/api/load/memory [GET],28.300000,0.000000,5,7,9,11,46,110,170,210,290,290,290,11835,15,9,425.1344584521468,1.2431080031092279,136956.09367900033,51.9340937896071
1781536117,127,GET,/api/products [GET],32.200000,0.000000,1,2,2,2,21,58,95,120,160,160,160,15936,22,3,263.41240322036873,0.8093379983620252,136776.4473399984,119.83433734939759
1781536117,127,,Aggregated,91.900000,0.000000,5,10,12,15,59,130,260,340,540,540,540,39595,54,11,416.16064788465576,0.8093379983620252,136956.09367900033,77.17224397019825
1781536118,129,GET,/api/load/cpu [GET],31.000000,0.000000,11,14,20,25,140,280,350,470,540,540,540,11861,17,20,611.1708376394002,1.4693439989059698,69234.25248000058,44.93550290869236
1781536118,129,GET,/api/load/memory [GET],28.400000,0.000000,5,7,9,11,43,100,170,210,290,290,290,11865,15,9,424.0758735473373,1.2431080031092279,136956.09367900033,51.93426042983565
1781536118,129,GET,/api/products [GET],33.500000,0.000000,1,2,2,2,19,58,95,120,160,160,160,15974,22,3,262.79089294696325,0.8093379983620252,136776.4473399984,119.83473143858771
1781536118,129,,Aggregated,92.900000,0.000000,5,10,12,15,49,130,260,340,540,540,540,39700,54,11,415.07756344622,0.8093379983620252,136956.09367900033,77.16423173803527
1781536119,130,GET,/api/load/cpu [GET],30.600000,0.000000,11,14,18,24,120,280,350,470,540,540,540,11883,17,20,610.0781509899787,1.4693439989059698,69234.25248000058,44.93562231759657
1781536119,130,GET,/api/load/memory [GET],28.800000,0.000000,5,6,9,10,42,92,160,200,290,290,290,11904,15,9,422.7241889302048,1.2431080031092279,136956.09367900033,51.934475806451616
1781536119,130,GET,/api/products [GET],34.900000,0.000000,1,2,2,2,16,48,80,120,160,160,160,16011,22,3,262.1907046761471,0.8093379983620252,136776.4473399984,119.8351133595653
1781536119,130,,Aggregated,94.300000,0.000000,5,10,11,13,45,100,260,340,540,540,540,39798,54,11,414.0811796022145,0.8093379983620252,136956.09367900033,77.16161616161617
1781536120,131,GET,/api/load/cpu [GET],30.500000,0.000000,11,13,17,19,63,150,260,310,530,530,530,11915,17,20,608.4996159338571,1.4693439989059698,69234.25248000058,44.935795216114144
1781536120,131,GET,/api/load/memory [GET],29.400000,0.000000,5,6,8,9,36,79,140,170,260,260,260,11939,15,9,421.5586586175688,1.2431080031092279,136956.09367900033,51.93466789513359
1781536120,131,GET,/api/products [GET],36.300000,0.000000,1,2,2,2,4,21,67,76,120,120,120,16057,22,3,261.4590447103933,0.8093379983620252,136776.4473399984,119.83558572585166
1781536120,131,,Aggregated,96.200000,0.000000,5,9,10,12,24,76,150,200,530,530,530,39911,54,11,412.9565691163319,0.8093379983620252,136956.09367900033,77.16313798200997
1781536121,133,GET,/api/load/cpu [GET],29.800000,0.000000,11,13,17,21,61,110,230,290,340,340,340,11950,17,20,606.840633173215,1.4693439989059698,69234.25248000058,44.935983263598324
1781536121,133,GET,/api/load/memory [GET],29.800000,0.000000,5,6,9,10,35,79,140,170,260,260,260,11974,15,9,420.3508329526599,1.2431080031092279,136956.09367900033,51.934858860865205
1781536121,133,GET,/api/products [GET],36.900000,0.000000,1,2,2,2,9,23,59,76,120,120,120,16096,22,2,260.8358830638536,0.8093379983620252,136776.4473399984,119.83598409542743
1781536121,133,,Aggregated,96.500000,0.000000,5,9,11,12,25,76,140,190,340,340,340,40020,54,11,411.8800803096185,0.8093379983620252,136956.09367900033,77.1547476261869
1781536122,134,GET,/api/load/cpu [GET],30.000000,0.000000,11,13,16,18,27,76,100,200,340,340,340,11987,17,20,605.0351240727391,1.4693439989059698,69234.25248000058,44.93618086260115
1781536122,134,GET,/api/load/memory [GET],30.700000,0.000000,5,6,7,8,13,39,79,110,190,190,190,11999,15,9,419.49195096567723,1.2431080031092279,136956.09367900033,51.934994582881906
1781536122,134,GET,/api/products [GET],38.600000,0.000000,1,2,2,2,4,14,24,53,84,84,84,16144,22,2,260.07221252179005,0.8093379983620252,136776.4473399984,119.83647175421208
1781536122,134,,Aggregated,99.300000,0.000000,5,9,10,11,17,31,79,100,340,340,340,40130,54,11,410.78110517939035,0.8093379983620252,136956.09367900033,77.16067779715924
1781536123,135,GET,/api/load/cpu [GET],30.500000,0.000000,11,13,17,20,40,88,220,290,360,360,360,12027,17,20,603.1830982087747,1.4693439989059698,69234.25248000058,44.93639311549015
1781536123,135,GET,/api/load/memory [GET],31.300000,0.000000,5,6,8,9,18,48,96,150,210,210,210,12027,15,9,418.5776233465667,1.2431080031092279,136956.09367900033,51.93514592167623
1781536123,135,GET,/api/products [GET],38.400000,0.000000,1,2,2,2,10,22,76,84,150,150,150,16182,22,2,259.511747197429,0.8093379983620252,136776.4473399984,119.83685576566556
1781536123,135,,Aggregated,100.200000,0.000000,5,9,11,12,23,55,110,180,360,360,360,40236,54,11,409.7856469652787,0.8093379983620252,136956.09367900033,77.1516552341187
1781536124,137,GET,/api/load/cpu [GET],30.900000,0.000000,11,14,17,20,40,98,220,290,360,360,360,12059,17,20,601.6281457577686,1.4693439989059698,69234.25248000058,44.936561903972134
1781536124,137,GET,/api/load/memory [GET],31.900000,0.000000,5,6,8,9,17,55,96,150,210,210,210,12065,15,9,417.2901642451025,1.2431080031092279,136956.09367900033,51.93535018648985
1781536124,137,GET,/api/products [GET],39.700000,0.000000,1,2,2,2,11,23,76,84,150,150,150,16225,22,2,258.832788337983,0.8093379983620252,136776.4473399984,119.83728813559323
1781536124,137,,Aggregated,102.500000,0.000000,5,9,11,12,22,54,100,180,360,360,360,40349,54,11,408.6644435325274,0.8093379983620252,136956.09367900033,77.14813254355747
1781536125,138,GET,/api/load/cpu [GET],31.400000,0.000000,11,14,18,20,46,100,220,290,360,360,360,12091,17,20,600.1046747227651,1.4693439989059698,69234.25248000058,44.936729799024064
1781536125,138,GET,/api/load/memory [GET],31.300000,0.000000,5,6,8,9,18,64,97,150,210,210,210,12098,15,9,416.17749616954643,1.2431080031092279,136956.09367900033,51.93552653331129
1781536125,138,GET,/api/products [GET],39.700000,0.000000,1,2,2,2,11,23,70,84,150,150,150,16272,22,2,258.1050564102007,0.8093379983620252,136776.4473399984,119.83775811209439
1781536125,138,,Aggregated,102.400000,0.000000,5,9,11,13,23,61,110,190,360,360,360,40461,54,11,407.5694236088826,0.8093379983620252,136956.09367900033,77.15197350535084
1781536126,139,GET,/api/load/cpu [GET],32.500000,0.000000,11,15,19,21,46,100,210,230,360,360,360,12124,17,20,598.5333653987926,1.4693439989059698,69234.25248000058,44.93690201253712
1781536126,139,GET,/api/load/memory [GET],31.700000,0.000000,5,6,8,9,22,64,97,150,210,210,210,12130,15,9,415.09750846233874,1.2431080031092279,136956.09367900033,51.935696619950534
1781536126,139,GET,/api/products [GET],40.300000,0.000000,1,2,2,2,14,31,70,84,150,150,150,16310,22,2,257.51630889354846,0.8093379983620252,136776.4473399984,119.83813611281423
1781536126,139,,Aggregated,104.500000,0.000000,5,10,11,13,25,64,110,190,360,360,360,40564,54,11,406.5635119267574,0.8093379983620252,136956.09367900033,77.14611478157973
1781536127,141,GET,/api/load/cpu [GET],32.100000,0.000000,12,17,20,24,85,150,230,310,360,360,360,12157,17,19,597.06185241959,1.4693439989059698,69234.25248000058,44.93707329110801
1781536127,141,GET,/api/load/memory [GET],32.700000,0.000000,5,6,8,10,27,68,96,120,210,210,210,12166,15,9,413.9128671719675,1.2431080031092279,136956.09367900033,51.93588689791221
1781536127,141,GET,/api/products [GET],41.900000,0.000000,1,2,2,2,15,31,70,84,150,150,150,16353,22,2,256.84972765809164,0.8093379983620252,136776.4473399984,119.83856173179232
1781536127,141,,Aggregated,106.700000,0.000000,5,10,12,14,28,78,140,210,360,360,360,40676,54,11,405.5071412693473,0.8093379983620252,136956.09367900033,77.14308191562593
1781536128,142,GET,/api/load/cpu [GET],32.500000,0.000000,13,17,22,27,100,200,290,310,360,360,360,12197,17,19,595.3221562399743,1.4693439989059698,69234.25248000058,44.937279658932525
1781536128,142,GET,/api/load/memory [GET],33.000000,0.000000,5,7,9,12,38,79,110,150,230,230,230,12203,15,9,412.75438422889175,1.2431080031092279,136956.09367900033,51.9360812914857
1781536128,142,GET,/api/products [GET],41.600000,0.000000,1,2,2,4,22,54,81,95,150,150,150,16392,22,2,256.2882990505591,0.8093379983620252,136776.4473399984,119.83894582723279
1781536128,142,,Aggregated,107.100000,0.000000,6,10,13,17,46,94,190,230,360,360,360,40792,54,11,404.468128271254,0.8093379983620252,136956.09367900033,77.12973131986664
1781536129,143,GET,/api/load/cpu [GET],32.800000,0.000000,13,17,24,35,120,210,290,310,360,360,360,12224,17,19,594.1319010279752,1.4693439989059698,69234.25248000058,44.93741819371728
1781536129,143,GET,/api/load/memory [GET],33.100000,0.000000,5,8,11,16,55,85,120,190,230,230,230,12242,15,9,411.5509873971708,1.2431080031092279,136956.09367900033,51.93628492076458
1781536129,143,GET,/api/products [GET],41.600000,0.000000,1,2,4,9,36,62,84,140,160,160,160,16445,22,2,255.5416188575705,0.8093379983620252,136776.4473399984,119.83946488294315
1781536129,143,,Aggregated,107.500000,0.000000,8,11,15,21,58,100,200,230,340,360,360,40911,54,11,403.39413526912,0.8093379983620252,136956.09367900033,77.14010901713476
1781536130,145,GET,/api/load/cpu [GET],33.800000,0.000000,13,19,31,47,130,220,280,310,400,400,400,12256,17,19,592.8039243324065,1.4693439989059698,69234.25248000058,44.9375815926893
1781536130,145,GET,/api/load/memory [GET],33.400000,0.000000,5,8,12,22,60,87,140,180,230,230,230,12284,15,9,410.2442858266185,1.2431080031092279,136956.09367900033,51.93650276782807
1781536130,145,GET,/api/products [GET],41.500000,0.000000,2,2,7,15,49,70,95,150,200,200,200,16484,22,2,255.0079962794072,0.8093379983620252,136776.4473399984,119.83984469788886
1781536130,145,,Aggregated,108.700000,0.000000,8,11,18,26,69,120,210,250,360,400,400,41024,54,11,402.4082857444906,0.8093379983620252,136956.09367900033,77.13004582683307
1781536131,146,GET,/api/load/cpu [GET],33.500000,0.000000,13,19,33,55,160,220,300,320,400,400,400,12280,17,19,591.7139381861546,1.4693439989059698,69234.25248000058,44.93770358306189
1781536131,146,GET,/api/load/memory [GET],33.000000,0.000000,6,8,12,21,60,91,140,180,230,230,230,12315,15,9,409.24105786197106,1.2431080031092279,136956.09367900033,51.93666260657734
1781536131,146,GET,/api/products [GET],43.000000,0.000000,2,2,6,15,49,69,84,140,200,200,200,16539,22,2,254.17178518584885,0.8093379983620252,136776.4473399984,119.84037729004172
1781536131,146,,Aggregated,109.500000,0.000000,8,11,18,27,70,130,210,250,360,400,400,41134,54,11,401.3662163583647,0.8093379983620252,136956.09367900033,77.14968152866243
1781536132,147,GET,/api/load/cpu [GET],33.600000,0.000000,13,19,32,55,140,210,270,310,400,400,400,12329,17,19,589.4973639600934,1.4693439989059698,69234.25248000058,44.937951172033415
1781536132,147,GET,/api/load/memory [GET],34.600000,0.000000,5,8,10,15,58,85,140,170,230,230,230,12336,15,9,408.55900189584804,1.2431080031092279,136956.09367900033,51.93677042801556
1781536132,147,GET,/api/products [GET],42.800000,0.000000,1,2,3,9,45,65,81,95,200,200,200,16577,22,2,253.60217114669504,0.8093379983620252,136776.4473399984,119.84074319840744
1781536132,147,,Aggregated,111.000000,0.000000,7,11,17,24,66,120,200,250,320,400,400,41242,54,11,400.3651626679112,0.8093379983620252,136956.09367900033,77.13816012802484
1781536133,149,GET,/api/load/cpu [GET],32.600000,0.000000,13,18,30,51,130,210,270,310,400,400,400,12367,17,19,587.730813043906,1.4693439989059698,69234.25248000058,44.93814182906121
1781536133,149,GET,/api/load/memory [GET],34.200000,0.000000,5,8,10,15,56,85,140,170,230,230,230,12375,15,9,407.29574187912436,1.2431080031092279,136956.09367900033,51.9369696969697
1781536133,149,GET,/api/products [GET],43.900000,0.000000,1,2,3,7,45,65,81,95,200,200,200,16624,22,2,252.89215863473095,0.8093379983620252,136776.4473399984,119.84119345524543
1781536133,149,,Aggregated,110.700000,0.000000,7,11,16,23,65,120,200,250,320,400,400,41366,54,11,399.1884885125939,0.8093379983620252,136956.09367900033,77.13363631968284
1781536134,150,GET,/api/load/cpu [GET],33.700000,0.000000,13,19,33,59,140,210,280,310,400,400,400,12391,17,19,586.6821498146213,1.4693439989059698,69234.25248000058,44.938261641514
1781536134,150,GET,/api/load/memory [GET],33.900000,0.000000,6,8,11,15,58,85,140,170,230,230,230,12415,15,9,406.02877262409663,1.2431080031092279,136956.09367900033,51.93717277486911
1781536134,150,GET,/api/products [GET],43.600000,0.000000,2,2,5,13,45,66,81,120,200,200,200,16662,22,2,252.33942709667363,0.8093379983620252,136776.4473399984,119.84155563557796
1781536134,150,,Aggregated,111.200000,0.000000,7,11,16,24,66,120,200,250,400,400,400,41468,54,11,398.2566138894076,0.8093379983620252,136956.09367900033,77.13007620333751
1781536135,151,GET,/api/load/cpu [GET],33.900000,0.000000,13,19,40,79,180,270,400,430,890,890,890,12427,17,19,585.3033480413598,1.4693439989059698,69234.25248000058,44.93844049247606
1781536135,151,GET,/api/load/memory [GET],34.400000,0.000000,6,9,13,23,68,120,230,320,870,870,870,12443,15,9,405.38488914194,1.2431080031092279,136956.09367900033,51.93731415253556
1781536135,151,GET,/api/products [GET],43.700000,0.000000,2,2,7,19,56,81,160,200,460,460,460,16712,22,2,251.74990993769617,0.8093379983620252,136776.4473399984,119.84202967927239
1781536135,151,,Aggregated,112.000000,0.000000,8,12,19,32,84,170,290,400,870,890,890,41582,54,11,397.40785379688236,0.8093379983620252,136956.09367900033,77.13688615266221
1781536136,153,GET,/api/load/cpu [GET],33.100000,0.000000,15,24,56,100,200,320,560,790,1100,1100,1100,12463,17,19,584.1537648387214,1.4693439989059698,69234.25248000058,44.93861831019819
1781536136,153,GET,/api/load/memory [GET],35.200000,0.000000,6,10,15,35,91,220,320,590,870,870,870,12476,15,9,404.63149829401647,1.2431080031092279,136956.09367900033,51.93747996152613
1781536136,153,GET,/api/products [GET],44.000000,0.000000,2,3,16,32,73,150,260,310,600,600,600,16755,22,2,251.30436084612245,0.8093379983620252,136776.4473399984,119.84243509400179
1781536136,153,,Aggregated,112.300000,0.000000,9,13,26,44,120,230,400,580,1000,1100,1100,41694,54,11,396.67807142221807,0.8093379983620252,136956.09367900033,77.13344845781168
1781536137,154,GET,/api/load/cpu [GET],33.700000,0.000000,14,22,52,100,280,560,1000,1100,1200,1200,1200,12492,17,19,583.4950924292335,1.4693439989059698,69234.25248000058,44.93876080691643
1781536137,154,GET,/api/load/memory [GET],34.000000,0.000000,6,9,15,29,130,300,550,670,870,870,870,12508,15,9,403.8598361798171,1.2431080031092279,136956.09367900033,51.93763991045731
1781536137,154,GET,/api/products [GET],43.700000,0.000000,2,3,14,33,88,200,320,400,600,600,600,16804,22,2,250.78726847308792,0.8093379983620252,136776.4473399984,119.84289454891693
1781536137,154,,Aggregated,111.400000,0.000000,9,13,25,42,150,320,560,790,1100,1200,1200,41804,54,11,396.0082476553667,0.8093379983620252,136956.09367900033,77.1421634293369
1781536138,155,GET,/api/load/cpu [GET],33.500000,0.000000,15,26,77,110,400,720,1000,1100,1400,1400,1400,12529,17,19,582.4579296387567,1.4693439989059698,69234.25248000058,44.938941655359564
1781536138,155,GET,/api/load/memory [GET],33.900000,0.000000,6,9,13,29,220,440,670,740,870,870,870,12530,15,9,403.5271645847681,1.2431080031092279,136956.09367900033,51.937749401436555
1781536138,155,GET,/api/products [GET],44.200000,0.000000,2,2,10,29,140,270,390,460,600,600,600,16845,22,2,250.36266471206739,0.8093379983620252,136776.4473399984,119.84327693677649
1781536138,155,,Aggregated,111.600000,0.000000,9,13,25,51,200,410,710,870,1200,1400,1400,41904,54,11,395.45556175462843,0.8093379983620252,136956.09367900033,77.14251622756777
1781536139,157,GET,/api/load/cpu [GET],33.500000,0.000000,15,23,69,120,510,840,1100,1300,1800,1800,1800,12557,17,19,581.9209720126619,1.4693439989059698,69234.25248000058,44.93907780520825
1781536139,157,GET,/api/load/memory [GET],33.700000,0.000000,5,8,12,32,370,560,830,1100,1700,1700,1700,12570,15,9,402.97079105776857,1.2431080031092279,136956.09367900033,51.937947494033416
1781536139,157,GET,/api/products [GET],44.500000,0.000000,1,2,7,25,160,280,390,460,600,600,600,16896,22,2,249.75345300016528,0.8093379983620252,136776.4473399984,119.84375
1781536139,157,,Aggregated,111.700000,0.000000,8,12,22,52,290,540,840,1100,1700,1800,1800,42023,54,11,394.8399407717199,0.8093379983620252,136956.09367900033,77.14918021083692
1781536140,158,GET,/api/load/cpu [GET],32.700000,0.000000,15,21,66,140,570,890,1100,1300,1800,1800,1800,12589,17,19,580.7725018646441,1.4693439989059698,69234.25248000058,44.939232663436336
1781536140,158,GET,/api/load/memory [GET],32.700000,0.000000,6,8,17,120,470,590,870,1100,1700,1700,1700,12600,15,9,402.42944380763015,1.2431080031092279,136956.09367900033,51.93809523809524
1781536140,158,GET,/api/products [GET],44.700000,0.000000,2,2,14,43,200,310,410,490,680,680,680,16943,22,2,249.30826860224212,0.8093379983620252,136776.4473399984,119.8441834385882
1781536140,158,,Aggregated,110.100000,0.000000,9,14,30,86,330,570,890,1100,1700,1800,1800,42132,54,11,394.1418877071583,0.8093379983620252,136956.09367900033,77.15465679293648
1781536141,159,GET,/api/load/cpu [GET],33.500000,0.000000,15,22,85,290,670,1000,1300,1400,1800,1800,1800,12631,17,19,579.6007804534865,1.4693439989059698,69234.25248000058,44.93943472409152
1781536141,159,GET,/api/load/memory [GET],33.300000,0.000000,6,10,55,190,470,590,900,1300,1700,1700,1700,12628,15,9,401.8186994480632,1.2431080031092279,136956.09367900033,51.93823249920811
1781536141,159,GET,/api/products [GET],45.500000,0.000000,2,3,24,77,230,320,410,490,680,680,680,16993,22,2,248.73775559376259,0.8093379983620252,136776.4473399984,119.84464191137528
1781536141,159,,Aggregated,112.300000,0.000000,9,16,42,140,400,590,1000,1300,1700,1800,1800,42252,54,11,393.39923968907976,0.8093379983620252,136956.09367900033,77.15672630881379
1781536142,161,GET,/api/load/cpu [GET],33.600000,0.000000,17,32,160,330,680,1000,1300,1400,1800,1800,1800,12669,17,19,578.2096198958872,1.4693439989059698,69234.25248000058,44.93961638645513
1781536142,161,GET,/api/load/memory [GET],31.400000,0.000000,7,20,120,200,460,590,870,1100,1700,1700,1700,12671,15,9,400.65120456776435,1.2431080031092279,136956.09367900033,51.93844211190908
1781536142,161,GET,/api/products [GET],45.900000,0.000000,2,6,38,79,220,320,410,490,680,680,680,17047,22,2,248.02075362484936,0.8093379983620252,136776.4473399984,119.84513404118027
1781536142,161,,Aggregated,110.900000,0.000000,10,20,79,150,400,590,1000,1300,1700,1800,1800,42387,54,11,392.3372466695451,0.8093379983620252,136956.09367900033,77.15695850142733
1781536143,162,GET,/api/load/cpu [GET],35.000000,0.000000,17,35,160,320,670,1000,1300,1400,1800,1800,1800,12698,17,19,576.9518546964878,1.4693439989059698,69234.25248000058,44.93975429201449
1781536143,162,GET,/api/load/memory [GET],31.200000,0.000000,7,27,130,210,470,590,900,1300,1700,1700,1700,12711,15,9,399.46407275620686,1.2431080031092279,136956.09367900033,51.938635827236254
1781536143,162,GET,/api/products [GET],45.300000,0.000000,2,5,41,79,220,320,410,490,680,680,680,17096,22,2,247.3418233336335,0.8093379983620252,136776.4473399984,119.8455779129621
1781536143,162,,Aggregated,111.500000,0.000000,10,21,80,160,400,590,1000,1300,1700,1800,1800,42505,54,11,391.30168901192826,0.8093379983620252,136956.09367900033,77.16073403129043
1781536144,163,GET,/api/load/cpu [GET],34.500000,0.000000,18,49,200,470,760,1000,1300,1400,1800,1800,1800,12738,17,19,575.9650931606204,1.4693439989059698,69234.25248000058,44.9399434762129
1781536144,163,GET,/api/load/memory [GET],32.700000,0.000000,7,30,150,240,500,680,900,1100,1700,1700,1700,12748,15,9,398.7877414538877,1.2431080031092279,136956.09367900033,51.93881393159711
1781536144,163,GET,/api/products [GET],46.300000,0.000000,2,5,42,88,230,320,400,490,680,680,680,17141,22,2,246.84576675000247,0.8093379983620252,136776.4473399984,119.84598331485911
1781536144,163,,Aggregated,113.500000,0.000000,10,22,90,170,450,680,1000,1300,1700,1800,1800,42627,54,11,390.63440478091354,0.8093379983620252,136956.09367900033,77.15393999108547
1781536145,165,GET,/api/load/cpu [GET],32.700000,0.000000,17,49,160,470,760,1000,1300,1400,1800,1800,1800,12774,17,19,574.9378368487546,1.4693439989059698,69234.25248000058,44.94011272898074
1781536145,165,GET,/api/load/memory [GET],33.300000,0.000000,7,21,120,220,500,680,1100,1200,1700,1700,1700,12778,15,9,398.18843270395735,1.2431080031092279,136956.09367900033,51.93895758334638
1781536145,165,GET,/api/products [GET],47.100000,0.000000,2,4,33,78,270,380,520,640,680,680,680,17184,22,2,246.59931080102325,0.8093379983620252,136776.4473399984,119.8463687150838
1781536145,165,,Aggregated,113.100000,0.000000,10,20,78,160,490,680,1100,1300,1700,1800,1800,42736,54,11,390.0662270170818,0.8093379983620252,136956.09367900033,77.15230718831899
1781536146,166,GET,/api/load/cpu [GET],34.200000,0.000000,16,48,150,470,740,1000,1300,1400,1800,1800,1800,12811,17,19,573.9444130967914,1.4693439989059698,69234.25248000058,44.940285691983455
1781536146,166,GET,/api/load/memory [GET],33.100000,0.000000,7,27,140,240,510,720,1100,1200,1700,1700,1700,12823,15,9,397.3997091448298,1.2431080031092279,136956.09367900033,51.93917180067067
1781536146,166,GET,/api/products [GET],47.100000,0.000000,2,6,41,83,300,410,580,650,850,850,850,17231,22,2,246.26275861451987,0.8093379983620252,136776.4473399984,119.84678776623528
1781536146,166,,Aggregated,114.400000,0.000000,10,21,82,160,500,710,1000,1300,1700,1800,1800,42865,54,11,389.40888697618135,0.8093379983620252,136956.09367900033,77.14513005948909
1781536147,167,GET,/api/load/cpu [GET],34.300000,0.000000,16,49,180,470,760,1000,1300,1400,1800,1800,1800,12842,17,19,573.0783710492138,1.4693439989059698,69234.25248000058,44.94042983958885
1781536147,167,GET,/api/load/memory [GET],33.300000,0.000000,7,27,130,220,510,760,1100,1200,1700,1700,1700,12858,15,9,396.79542102606626,1.2431080031092279,136956.09367900033,51.93933737750817
1781536147,167,GET,/api/products [GET],46.600000,0.000000,2,6,42,86,280,400,580,650,850,850,850,17273,22,2,245.81828361175215,0.8049079988268204,136776.4473399984,119.84716030799514
1781536147,167,,Aggregated,114.200000,0.000000,10,23,86,160,500,730,1000,1300,1700,1800,1800,42973,54,11,388.79033759321055,0.8049079988268204,136956.09367900033,77.14334582179508
1781536148,169,GET,/api/load/cpu [GET],34.800000,0.000000,18,89,280,460,700,850,1100,1200,1500,1500,1500,12881,17,19,572.2689205314036,1.4693439989059698,69234.25248000058,44.940610201071344
1781536148,169,GET,/api/load/memory [GET],34.600000,0.000000,8,37,160,230,460,710,1000,1100,1700,1700,1700,12888,15,9,396.23888205549065,1.2431080031092279,136956.09367900033,51.93947858472998
1781536148,169,GET,/api/products [GET],47.000000,0.000000,2,20,62,110,260,390,580,650,850,850,850,17332,22,2,245.27094588505602,0.8049079988268204,136776.4473399984,119.84768059081468
1781536148,169,,Aggregated,116.400000,0.000000,11,41,130,200,480,670,960,1100,1500,1700,1700,43101,54,11,388.1385283723359,0.8049079988268204,136956.09367900033,77.15542562817568
1781536149,170,GET,/api/load/cpu [GET],34.800000,0.000000,21,150,360,460,670,850,1100,1200,1500,1500,1500,12918,17,19,571.2791804593603,1.4693439989059698,69234.25248000058,44.940780306549
1781536149,170,GET,/api/load/memory [GET],34.900000,0.000000,9,52,160,240,450,670,950,1100,1300,1300,1300,12928,15,9,395.4122466245492,1.2431080031092279,136956.09367900033,51.93966584158416
1781536149,170,GET,/api/products [GET],47.400000,0.000000,2,20,58,93,230,380,580,640,850,850,850,17377,22,2,244.7658780222586,0.8049079988268204,136776.4473399984,119.84807504172181
1781536149,170,,Aggregated,117.100000,0.000000,12,51,140,220,470,670,930,1100,1500,1500,1500,43223,54,11,387.4088017936991,0.8049079988268204,136956.09367900033,77.14922610647109
1781536150,171,GET,/api/load/cpu [GET],34.900000,0.000000,19,130,300,450,710,850,1000,1100,1400,1400,1400,12954,17,19,570.2847812772903,1.4693439989059698,69234.25248000058,44.94094488188976
1781536150,171,GET,/api/load/memory [GET],35.400000,0.000000,8,36,130,240,460,680,930,1000,1200,1200,1200,12965,15,9,394.7145362901016,1.2431080031092279,136956.09367900033,51.93983802545314
1781536150,171,GET,/api/products [GET],48.200000,0.000000,2,17,58,88,250,390,580,640,850,850,850,17424,22,2,244.28429825555503,0.8049079988268204,136776.4473399984,119.84848484848484
1781536150,171,,Aggregated,118.500000,0.000000,11,43,120,220,490,670,900,1000,1200,1400,1400,43343,54,11,386.71417835572186,0.8049079988268204,136956.09367900033,77.14752093763698
1781536151,173,GET,/api/load/cpu [GET],36.100000,0.000000,23,160,410,500,770,1000,1400,1800,2000,2000,2000,13003,17,19,569.5784909187137,1.4693439989059698,69234.25248000058,44.94116742290241
1781536151,173,GET,/api/load/memory [GET],35.600000,0.000000,8,27,130,270,510,720,970,1100,1300,1300,1300,13008,15,9,393.93769922864163,1.2431080031092279,136956.09367900033,51.940036900369
1781536151,173,GET,/api/products [GET],47.200000,0.000000,2,22,64,100,250,480,610,670,880,880,880,17469,22,2,243.8529844152386,0.8049079988268204,136776.4473399984,119.84887515026618
1781536151,173,,Aggregated,118.900000,0.000000,11,46,140,240,540,750,1000,1200,1800,2000,2000,43480,54,11,386.16463877028684,0.8049079988268204,136956.09367900033,77.13077276908923
1781536152,174,GET,/api/load/cpu [GET],36.100000,0.000000,20,150,370,480,760,1000,1300,1800,2000,2000,2000,13046,17,19,567.8894858463161,1.4693439989059698,69234.25248000058,44.941361336808214
1781536152,174,GET,/api/load/memory [GET],36.200000,0.000000,8,36,140,270,510,720,970,1100,1300,1300,1300,13052,15,9,392.70701615378437,1.2431080031092279,136956.09367900033,51.940239043824704
1781536152,174,GET,/api/products [GET],47.200000,0.000000,2,25,70,100,250,480,610,670,880,880,880,17521,22,2,243.17795463773814,0.8049079988268204,136776.4473399984,119.84932366874037
1781536152,174,,Aggregated,119.500000,0.000000,12,50,140,240,520,740,1000,1200,1800,2000,2000,43619,54,11,385.0390689928263,0.8049079988268204,136956.09367900033,77.12485384809372
1781536153,175,GET,/api/load/cpu [GET],36.400000,0.000000,19,130,360,450,740,990,1300,1800,2000,2000,2000,13082,17,19,566.5556695549645,1.4693439989059698,69234.25248000058,44.94152270295062
1781536153,175,GET,/api/load/memory [GET],37.700000,0.000000,8,36,160,240,500,710,970,1100,1300,1300,1300,13088,15,9,391.8984158881559,1.2431080031092279,136956.09367900033,51.94040342298288
1781536153,175,GET,/api/products [GET],47.300000,0.000000,2,23,71,100,250,480,610,670,880,880,880,17567,22,2,242.67289040671724,0.8049079988268204,136776.4473399984,119.84971822166563
1781536153,175,,Aggregated,121.400000,0.000000,12,50,140,230,500,740,990,1200,1800,2000,2000,43737,54,11,384.20290376653827,0.8049079988268204,136956.09367900033,77.1228250680202
1781536154,177,GET,/api/load/cpu [GET],36.800000,0.000000,19,130,330,450,750,1000,1400,1800,2000,2000,2000,13114,17,19,565.7427870279889,1.4693439989059698,69234.25248000058,44.94166539576025
1781536154,177,GET,/api/load/memory [GET],38.100000,0.000000,9,41,170,250,520,730,930,1100,1300,1300,1300,13122,15,9,391.4482097540909,1.2431080031092279,136956.09367900033,51.94055784179241
1781536154,177,GET,/api/products [GET],48.100000,0.000000,2,25,74,100,250,410,630,670,880,880,880,17619,22,2,242.25722973516199,0.8049079988268204,136776.4473399984,119.85016175719394
1781536154,177,,Aggregated,123.000000,0.000000,12,52,140,230,500,740,1000,1200,1800,2000,2000,43855,54,11,383.6293341279697,0.8049079988268204,136956.09367900033,77.1307490594003
1781536155,178,GET,/api/load/cpu [GET],38.500000,0.000000,21,150,330,450,770,1100,1400,1800,2000,2000,2000,13151,17,19,564.9977711935251,1.4693439989059698,69234.25248000058,44.94182951866778
1781536155,178,GET,/api/load/memory [GET],37.500000,0.000000,9,51,180,270,560,750,950,1000,1300,1300,1300,13159,15,9,390.92858819182186,1.2431080031092279,136956.09367900033,51.94072497910175
1781536155,178,GET,/api/products [GET],46.900000,0.000000,2,22,66,99,230,370,550,610,880,880,880,17676,22,2,241.6790921324294,0.8049079988268204,136776.4473399984,119.85064494229464
1781536155,178,,Aggregated,122.900000,0.000000,11,49,130,220,480,750,1000,1200,1800,2000,2000,43986,54,11,382.99537610865127,0.8049079988268204,136956.09367900033,77.13813486109217
1781536156,179,GET,/api/load/cpu [GET],37.800000,0.000000,20,93,300,450,780,1100,1400,1800,2000,2000,2000,13195,17,19,563.863141569917,1.4693439989059698,69234.25248000058,44.942023493747634
1781536156,179,GET,/api/load/memory [GET],37.600000,0.000000,8,36,150,250,560,760,950,990,1300,1300,1300,13198,15,9,390.1297300351718,1.2431080031092279,136956.09367900033,51.9409001363843
1781536156,179,GET,/api/products [GET],47.900000,0.000000,2,11,56,90,220,360,560,610,880,880,880,17730,22,2,241.08915821978715,0.8049079988268204,136776.4473399984,119.85109983079526
1781536156,179,,Aggregated,123.300000,0.000000,11,38,110,210,470,760,1100,1300,1800,2000,2000,44123,54,11,382.1956146512284,0.8049079988268204,136956.09367900033,77.13632345942025
1781536157,180,GET,/api/load/cpu [GET],37.900000,0.000000,18,68,300,420,800,1100,1400,1800,2000,2000,2000,13232,17,19,562.7964339579852,1.4693439989059698,69234.25248000058,44.94218561064087
1781536157,180,GET,/api/load/memory [GET],37.900000,0.000000,8,20,130,240,570,770,950,1100,1300,1300,1300,13239,15,9,389.3182590309846,1.2431080031092279,136956.09367900033,51.94108316338092
1781536157,180,GET,/api/products [GET],49.200000,0.000000,2,5,46,90,230,370,570,630,880,880,880,17782,22,2,240.59633226216536,0.8049079988268204,136776.4473399984,119.85153526037566
1781536157,180,,Aggregated,125.000000,0.000000,10,25,93,190,480,760,1100,1300,1800,2000,2000,44253,54,11,381.4293002899046,0.8049079988268204,136956.09367900033,77.1365331163989
1781536158,180,GET,/api/load/cpu [GET],38.300000,0.000000,16,42,180,420,820,1100,1400,1800,2000,2000,2000,13277,17,19,561.7298644718736,1.4693439989059698,69234.25248000058,44.942381562099875
1781536158,180,GET,/api/load/memory [GET],37.400000,0.000000,7,15,78,210,580,770,960,1100,1300,1300,1300,13282,15,9,388.38680992698477,1.2431080031092279,136956.09367900033,51.94127390453245
1781536158,180,GET,/api/products [GET],50.000000,0.000000,2,3,25,66,220,390,570,630,880,880,880,17820,22,2,240.14048972271763,0.8049079988268204,136776.4473399984,119.85185185185185
1781536158,180,,Aggregated,125.700000,0.000000,9,18,67,150,520,800,1100,1300,1800,2000,2000,44379,54,11,380.71936156520314,0.8049079988268204,136956.09367900033,77.11629374253589
1781536159,180,GET,/api/load/cpu [GET],38.400000,0.000000,17,61,330,470,870,1100,1400,1800,2000,2000,2000,13315,17,19,560.9148427668109,1.4693439989059698,69234.25248000058,44.94254600075103
1781536159,180,GET,/api/load/memory [GET],38.300000,0.000000,7,13,51,150,560,760,960,1100,1300,1300,1300,13326,15,9,387.3521990338599,1.2431080031092279,136956.09367900033,51.94146780729401
1781536159,180,GET,/api/products [GET],50.200000,0.000000,2,4,27,71,210,410,590,630,880,880,880,17879,22,2,239.59218691749132,0.8021180001378525,136776.4473399984,119.85234073494043
1781536159,180,,Aggregated,126.900000,0.000000,10,20,69,150,520,780,1100,1300,1800,2000,2000,44520,54,11,379.92150147491446,0.8021180001378525,136956.09367900033,77.12088948787061
1781536160,180,GET,/api/load/cpu [GET],39.300000,0.000000,16,44,200,420,770,1100,1200,1400,1800,1800,1800,13343,17,19,559.9599196099889,1.4693439989059698,69234.25248000058,44.94266656673911
1781536160,180,GET,/api/load/memory [GET],39.100000,0.000000,8,14,62,180,430,710,930,1100,1200,1200,1200,13378,15,9,386.2397566483191,1.2431080031092279,136956.09367900033,51.941695320675734
1781536160,180,GET,/api/products [GET],49.100000,0.000000,2,4,26,70,180,360,570,600,670,670,670,17943,22,2,238.85500486979976,0.8021180001378525,136776.4473399984,119.852867413476
1781536160,180,,Aggregated,127.500000,0.000000,9,18,65,120,450,710,990,1200,1700,1800,1800,44664,54,11,378.9279066849403,0.8021180001378525,136956.09367900033,77.13294823571556
1781536161,180,GET,/api/load/cpu [GET],39.000000,0.000000,18,58,170,390,750,990,1200,1300,1700,1700,1700,13381,17,19,558.6462599772128,1.4693439989059698,69234.25248000058,44.94282938494881
1781536161,180,GET,/api/load/memory [GET],39.500000,0.000000,9,23,100,190,440,710,930,1100,1200,1200,1200,13411,15,9,385.4990494996059,1.2431080031092279,136956.09367900033,51.94183878905376
1781536161,180,GET,/api/products [GET],49.500000,0.000000,2,10,38,68,180,360,570,600,670,670,670,18014,22,2,238.0576092967574,0.8021180001378525,136776.4473399984,119.85344731875209
1781536161,180,,Aggregated,128.000000,0.000000,10,26,78,130,430,690,960,1100,1400,1700,1700,44806,54,11,377.93025781069827,0.8021180001378525,136956.09367900033,77.15511315448823
1781536162,180,GET,/api/load/cpu [GET],39.000000,0.000000,24,110,310,430,770,1000,1200,1300,1700,1700,1700,13421,17,19,557.7173474294082,1.4693439989059698,69234.25248000058,44.94299977646971
1781536162,180,GET,/api/load/memory [GET],41.300000,0.000000,9,37,110,170,460,710,930,1100,1200,1200,1200,13458,15,9,384.4783865717194,1.2431080031092279,136956.09367900033,51.942041908158714
1781536162,180,GET,/api/products [GET],51.900000,0.000000,2,17,51,74,170,340,570,590,670,670,670,18069,22,2,237.47327193296823,0.7985090014699381,136776.4473399984,119.85389340860037
1781536162,180,,Aggregated,132.200000,0.000000,11,37,93,150,460,700,960,1100,1400,1700,1700,44948,54,11,377.1099759030243,0.7985090014699381,136956.09367900033,77.15262080626502
1781536163,180,GET,/api/load/cpu [GET],38.000000,0.000000,27,120,320,430,750,1000,1200,1300,1700,1700,1700,13461,17,19,556.6223087974957,1.4693439989059698,69234.25248000058,44.94316915533764
1781536163,180,GET,/api/load/memory [GET],40.100000,0.000000,10,56,120,190,410,680,890,990,1200,1200,1200,13492,15,9,383.91077763594586,1.2431080031092279,136956.09367900033,51.94218796323747
1781536163,180,GET,/api/products [GET],53.100000,0.000000,2,18,54,77,160,290,520,590,660,660,660,18118,22,2,236.99761796880418,0.7985090014699381,136776.4473399984,119.85428855282039
1781536163,180,,Aggregated,131.200000,0.000000,12,45,100,160,430,680,960,1100,1400,1700,1700,45071,54,11,376.4358446217322,0.7985090014699381,136956.09367900033,77.1516939939207
1781536164,180,GET,/api/load/cpu [GET],37.300000,0.000000,28,120,280,420,650,870,1100,1200,1700,1700,1700,13496,17,19,555.6479167834228,1.4693439989059698,69234.25248000058,44.94331653823355
1781536164,180,GET,/api/load/memory [GET],39.800000,0.000000,10,50,120,170,390,670,830,1100,1200,1200,1200,13532,15,9,383.1916349937325,1.2431080031092279,136956.09367900033,51.942358853088976
1781536164,180,GET,/api/products [GET],53.800000,0.000000,2,23,54,74,160,290,550,590,680,680,680,18170,22,2,236.60642868034202,0.7985090014699381,136776.4473399984,119.8547055586131
1781536164,180,,Aggregated,130.900000,0.000000,12,47,99,150,420,630,870,1000,1300,1700,1700,45198,54,11,375.75804900141827,0.7985090014699381,136956.09367900033,77.15383424045312
1781536165,180,GET,/api/load/cpu [GET],37.400000,0.000000,36,140,290,420,710,860,1100,1200,1500,1500,1500,13530,17,19,554.7928175690382,1.4693439989059698,69234.25248000058,44.94345898004435
1781536165,180,GET,/api/load/memory [GET],40.100000,0.000000,10,51,110,160,390,610,770,1100,1300,1300,1300,13567,15,9,382.57311769250254,1.2431080031092279,136956.09367900033,51.942507555096924
1781536165,180,GET,/api/products [GET],55.100000,0.000000,3,26,57,77,170,360,600,720,950,950,950,18221,22,2,236.3466807200925,0.7985090014699381,136776.4473399984,119.85511223313759
1781536165,180,,Aggregated,132.600000,0.000000,14,55,100,160,430,670,870,1000,1300,1500,1500,45318,54,11,375.197254487049,0.7985090014699381,136956.09367900033,77.15850214042985
1781536166,180,GET,/api/load/cpu [GET],38.200000,0.000000,37,120,270,410,720,910,1400,1900,2200,2200,2200,13560,17,19,554.5866117633554,1.4693439989059698,69234.25248000058,44.94358407079646
1781536166,180,GET,/api/load/memory [GET],40.000000,0.000000,11,56,110,160,380,580,960,1100,1300,1300,1300,13596,15,9,382.1369636589567,1.2431080031092279,136956.09367900033,51.942630185348634
1781536166,180,GET,/api/products [GET],54.400000,0.000000,3,26,56,78,200,520,720,910,1400,1400,1400,18282,22,2,236.05363593779714,0.7985090014699381,136776.4473399984,119.85559566787003
1781536166,180,,Aggregated,132.600000,0.000000,14,54,99,160,460,690,990,1200,2000,2200,2200,45438,54,11,374.82418208620766,0.7985090014699381,136956.09367900033,77.17872705664863
1781536167,180,GET,/api/load/cpu [GET],37.300000,0.000000,39,150,320,470,860,1400,1900,2000,2600,2600,2600,13604,17,19,554.7352715126525,1.4693439989059698,69234.25248000058,44.94376653925316
1781536167,180,GET,/api/load/memory [GET],40.400000,0.000000,12,71,120,190,440,680,1000,1300,2400,2400,2400,13631,15,9,381.97052499751896,1.2431080031092279,136956.09367900033,51.942777492480374
1781536167,180,GET,/api/products [GET],54.000000,0.000000,3,24,57,80,240,570,780,910,1400,1400,1400,18341,22,2,235.68113715248907,0.7985090014699381,136776.4473399984,119.8560601930102
1781536167,180,,Aggregated,131.700000,0.000000,14,57,110,190,530,790,1300,1700,2400,2600,2600,45576,54,11,374.6683911798563,0.7985090014699381,136956.09367900033,77.18375899596279
1781536168,180,GET,/api/load/cpu [GET],36.200000,0.000000,36,120,260,420,820,1400,1900,2000,2600,2600,2600,13638,17,19,553.85910416323,1.4693439989059698,69234.25248000058,44.94390673119226
1781536168,180,GET,/api/load/memory [GET],39.600000,0.000000,12,79,120,180,440,720,1000,1300,2400,2400,2400,13666,15,9,381.24989046503543,1.2431080031092279,136956.09367900033,51.94292404507537
1781536168,180,GET,/api/products [GET],53.700000,0.000000,3,24,55,75,220,550,780,910,1400,1400,1400,18402,22,2,235.01713486331997,0.7985090014699381,136776.4473399984,119.8565373328986
1781536168,180,,Aggregated,129.500000,0.000000,14,54,100,160,500,780,1300,1700,2400,2600,2600,45706,54,11,373.87819501658726,0.7985090014699381,136956.09367900033,77.19767645385726
1781536169,180,GET,/api/load/cpu [GET],37.100000,0.000000,41,150,320,460,840,1400,1900,2000,2600,2600,2600,13673,17,19,553.0286749944509,1.4693439989059698,69234.25248000058,44.94405031814525
1781536169,180,GET,/api/load/memory [GET],38.600000,0.000000,12,71,110,170,390,760,1100,1300,2400,2400,2400,13708,15,9,380.24166759761965,1.2431080031092279,136956.09367900033,51.943098920338485
1781536169,180,GET,/api/products [GET],54.900000,0.000000,3,20,53,73,230,550,780,910,1400,1400,1400,18451,22,2,234.47834519781014,0.7985090014699381,136776.4473399984,119.85691832421007
1781536169,180,,Aggregated,130.600000,0.000000,14,55,100,170,520,820,1300,1800,2400,2600,2600,45832,54,11,373.10773694955765,0.7985090014699381,136956.09367900033,77.1957584220632
1781536170,180,GET,/api/load/cpu [GET],35.800000,0.000000,63,230,420,530,840,1400,1900,2000,2600,2600,2600,13729,17,19,552.0808820695704,1.4693439989059698,69234.25248000058,44.94427853448904
1781536170,180,GET,/api/load/memory [GET],38.800000,0.000000,11,62,130,180,390,720,1100,1300,2400,2400,2400,13747,15,9,379.4132798693652,1.2431080031092279,136956.09367900033,51.943260347712226
1781536170,180,GET,/api/products [GET],57.400000,0.000000,3,24,60,86,250,550,780,910,1400,1400,1400,18514,22,2,233.90604816888828,0.7985090014699381,136776.4473399984,119.85740520687048
1781536170,180,,Aggregated,132.000000,0.000000,15,67,130,220,550,820,1200,1700,2400,2600,2600,45990,54,11,372.3820257468177,0.7985090014699381,136956.09367900033,77.19382474450967
1781536171,180,GET,/api/load/cpu [GET],36.400000,0.000000,44,220,370,490,810,1300,1900,2000,2600,2600,2600,13768,17,19,550.6798050741656,1.4693439989059698,69234.25248000058,44.94443637420105
1781536171,180,GET,/api/load/memory [GET],38.200000,0.000000,10,46,97,180,380,760,1100,1300,2400,2400,2400,13778,15,9,378.6469055288259,1.2431080031092279,136956.09367900033,51.94338800987081
1781536171,180,GET,/api/products [GET],57.700000,0.000000,2,9,52,79,260,550,780,910,1400,1400,1400,18564,22,2,233.31398663007977,0.7985090014699381,136776.4473399984,119.85778926955398
1781536171,180,,Aggregated,132.300000,0.000000,12,52,120,220,540,820,1200,1700,2400,2600,2600,46110,54,11,371.5028728787274,0.7985090014699381,136956.09367900033,77.19607460420733
1781536172,180,GET,/api/load/cpu [GET],37.800000,0.000000,34,190,420,520,810,1400,1900,2000,2600,2600,2600,13802,17,19,549.7390202246861,1.4693439989059698,69234.25248000058,44.94457325025358
1781536172,180,GET,/api/load/memory [GET],36.000000,0.000000,9,25,79,170,460,770,1100,1300,2400,2400,2400,13819,15,9,377.8751316117776,1.2431080031092279,136956.09367900033,51.94355597365946
1781536172,180,GET,/api/products [GET],55.400000,0.000000,2,6,40,71,270,570,780,910,1400,1400,1400,18615,22,2,232.89932147299527,0.7985090014699381,136776.4473399984,119.85817888799356
1781536172,180,,Aggregated,129.200000,0.000000,11,38,100,220,550,810,1200,1700,2400,2600,2600,46236,54,11,370.8100888940248,0.7985090014699381,136956.09367900033,77.19727052513193
1781536173,180,GET,/api/load/cpu [GET],38.800000,0.000000,32,190,410,560,950,1400,1900,2000,2600,2600,2600,13845,17,19,549.0647183735011,1.4693439989059698,69234.25248000058,44.94474539544962
1781536173,180,GET,/api/load/memory [GET],36.700000,0.000000,8,23,64,130,450,860,1100,1300,2400,2400,2400,13866,15,9,377.05591320172823,1.2431080031092279,136956.09367900033,51.943747295543055
1781536173,180,GET,/api/products [GET],55.900000,0.000000,2,5,31,73,270,590,830,910,1400,1400,1400,18669,22,2,232.50829288525358,0.7985090014699381,136776.4473399984,119.85858910493332
1781536173,180,,Aggregated,131.400000,0.000000,10,31,96,200,590,910,1300,1700,2400,2600,2600,46380,54,11,370.21896589502205,0.7985090014699381,136956.09367900033,77.19172056921087
1781536174,180,GET,/api/load/cpu [GET],38.000000,0.000000,33,210,380,520,860,1400,1900,2000,2600,2600,2600,13879,17,19,548.0990956932138,1.4693439989059698,69234.25248000058,44.94488075509763
1781536174,180,GET,/api/load/memory [GET],36.500000,0.000000,8,21,69,140,340,810,1000,1300,2400,2400,2400,13907,15,9,376.1710652617506,1.2431080031092279,136956.09367900033,51.943913137269
1781536174,180,GET,/api/products [GET],54.500000,0.000000,2,6,40,73,250,460,770,910,1400,1400,1400,18733,22,2,231.84389311774868,0.7985090014699381,136776.4473399984,119.85907222548444
1781536174,180,,Aggregated,129.000000,0.000000,10,33,97,190,520,840,1300,1700,2400,2600,2600,46519,54,11,369.3460737224816,0.7985090014699381,136956.09367900033,77.2048840258819
1781536175,180,GET,/api/load/cpu [GET],37.800000,0.000000,27,190,360,490,750,1200,1700,1900,2600,2600,2600,13921,17,19,546.835295495663,1.4693439989059698,69234.25248000058,44.945047051217585
1781536175,180,GET,/api/load/memory [GET],36.700000,0.000000,8,17,64,100,330,710,1000,1100,2400,2400,2400,13946,15,9,375.25715061968765,1.2431080031092279,136956.09367900033,51.94406998422487
1781536175,180,GET,/api/products [GET],54.900000,0.000000,2,7,49,77,230,380,690,780,1200,1200,1200,18788,22,2,231.3422319899286,0.7985090014699381,136776.4473399984,119.85948477751757
1781536175,180,,Aggregated,129.400000,0.000000,10,32,96,180,450,750,1200,1500,2400,2600,2600,46655,54,11,368.4983008415839,0.7985090014699381,136956.09367900033,77.20527274675811
1781536176,180,GET,/api/load/cpu [GET],38.000000,0.000000,26,130,310,420,690,860,1200,1400,1900,1900,1900,13963,17,19,545.5410259805303,1.4693439989059698,69234.25248000058,44.945212346916854
1781536176,180,GET,/api/load/memory [GET],36.900000,0.000000,8,17,61,96,270,530,830,970,1100,1100,1100,14001,15,9,373.9397070389382,1.2431080031092279,136956.09367900033,51.94428969359331
1781536176,180,GET,/api/products [GET],55.700000,0.000000,2,7,45,73,200,300,460,640,910,910,910,18832,22,2,230.83406549005784,0.7903680016170256,136776.4473399984,119.85981308411215
1781536176,180,,Aggregated,130.600000,0.000000,11,30,81,150,360,640,860,1100,1800,1900,1900,46796,54,11,367.5524896428569,0.7903680016170256,136956.09367900033,77.18698179331567
1781536177,180,GET,/api/load/cpu [GET],38.500000,0.000000,24,99,270,350,620,810,1200,1200,1400,1400,1400,13998,17,19,544.2490551493169,1.4693439989059698,69234.25248000058,44.945349335619376
1781536177,180,GET,/api/load/memory [GET],37.800000,0.000000,8,13,36,69,200,360,710,950,1000,1000,1000,14042,15,9,372.87551206724015,1.2431080031092279,136956.09367900033,51.944452357214075
1781536177,180,GET,/api/products [GET],55.800000,0.000000,2,6,27,59,170,270,380,470,910,910,910,18889,22,2,230.15408638031442,0.7903680016170256,136776.4473399984,119.86023611625814
1781536177,180,,Aggregated,132.100000,0.000000,10,23,66,100,310,530,810,990,1400,1400,1400,46929,54,11,366.54726825771064,0.7903680016170256,136956.09367900033,77.19297236250506
1781536178,180,GET,/api/load/cpu [GET],40.100000,0.000000,23,110,230,300,590,750,1000,1200,1400,1400,1400,14044,17,19,542.876653746735,1.4693439989059698,69234.25248000058,44.94552833950441
1781536178,180,GET,/api/load/memory [GET],39.500000,0.000000,9,18,59,81,230,360,710,950,1000,1000,1000,14077,15,9,372.1815704749732,1.2431080031092279,136956.09367900033,51.94459046671876
1781536178,180,GET,/api/products [GET],56.200000,0.000000,2,8,42,69,180,270,380,470,910,910,910,18946,22,2,229.59019417089547,0.7903680016170256,136776.4473399984,119.86065660297689
1781536178,180,,Aggregated,135.800000,0.000000,10,30,77,120,300,520,760,970,1400,1400,1400,47067,54,11,365.71643638976707,0.7903680016170256,136956.09367900033,77.19461618543778
1781536179,180,GET,/api/load/cpu [GET],39.600000,0.000000,23,91,160,220,460,710,970,1200,1400,1400,1400,14095,17,20,541.3775550660613,1.4693439989059698,69234.25248000058,44.94572543455126
1781536179,180,GET,/api/load/memory [GET],41.500000,0.000000,9,21,53,77,210,340,710,950,1000,1000,1000,14120,15,9,371.1993030413731,1.2431080031092279,136956.09367900033,51.944759206798864
1781536179,180,GET,/api/products [GET],55.400000,0.000000,2,6,30,57,140,220,370,470,910,910,910,19007,22,2,228.9315067441888,0.7903680016170256,136776.4473399984,119.86110380386174
1781536179,180,,Aggregated,136.500000,0.000000,10,27,67,94,230,420,730,920,1400,1400,1400,47222,54,11,364.7315223050095,0.7903680016170256,136956.09367900033,77.1921985515226
1781536180,180,GET,/api/load/cpu [GET],40.400000,0.000000,22,84,140,190,420,700,970,1200,1400,1400,1400,14139,17,19,539.84284789003,1.4693439989059698,69234.25248000058,44.94589433481859
1781536180,180,GET,/api/load/memory [GET],40.800000,0.000000,8,18,52,70,190,340,710,950,1000,1000,1000,14157,15,9,370.2723486146213,1.2431080031092279,136956.09367900033,51.94490358126722
1781536180,180,GET,/api/products [GET],54.400000,0.000000,2,6,28,57,130,220,370,470,910,910,910,19062,22,2,228.31072114247303,0.7903680016170256,136776.4473399984,119.86150456405414
1781536180,180,,Aggregated,135.600000,0.000000,10,24,65,90,220,410,710,920,1400,1400,1400,47358,54,11,363.75781561873794,0.7903680016170256,136956.09367900033,77.1923223109084
1781536181,180,GET,/api/load/cpu [GET],40.800000,0.000000,22,77,120,190,410,660,970,1200,1400,1400,1400,14171,17,20,538.7166388762357,1.4693439989059698,69234.25248000058,44.946016512596145
1781536181,180,GET,/api/load/memory [GET],40.800000,0.000000,9,22,52,68,150,320,710,950,1000,1000,1000,14193,15,9,369.41169195499134,1.2431080031092279,136956.09367900033,51.945043331219615
1781536181,180,GET,/api/products [GET],54.700000,0.000000,2,7,20,47,110,190,370,470,910,910,910,19123,22,2,227.60640909155552,0.7903680016170256,136776.4473399984,119.86194634733044
1781536181,180,,Aggregated,136.300000,0.000000,10,24,60,80,200,370,710,920,1400,1400,1400,47487,54,11,362.830479804793,0.7903680016170256,136956.09367900033,77.20651967907006
1781536182,180,GET,/api/load/cpu [GET],40.600000,0.000000,23,76,120,160,320,520,730,990,1400,1400,1400,14204,17,20,537.6509697647234,1.4693439989059698,69234.25248000058,44.946141931850185
1781536182,180,GET,/api/load/memory [GET],40.700000,0.000000,8,18,48,65,130,230,340,410,970,970,970,14242,15,9,368.23485880734455,1.2431080031092279,136956.09367900033,51.9452324111782
1781536182,180,GET,/api/products [GET],55.900000,0.000000,2,6,19,39,80,150,200,230,380,380,380,19188,22,2,226.88642433446918,0.7903680016170256,136776.4473399984,119.86241400875548
1781536182,180,,Aggregated,137.200000,0.000000,10,22,54,73,160,270,420,640,1200,1400,1400,47634,54,11,361.8149209346725,0.7903680016170256,136956.09367900033,77.21667296468908
1781536183,180,GET,/api/load/cpu [GET],39.600000,0.000000,20,65,100,120,250,410,640,730,990,990,990,14246,17,19,536.1754955509713,1.4693439989059698,69234.25248000058,44.94630071599045
1781536183,180,GET,/api/load/memory [GET],41.600000,0.000000,8,17,38,59,120,210,320,370,530,530,530,14285,15,9,367.25475022514485,1.2431080031092279,136956.09367900033,51.94539726986349
1781536183,180,GET,/api/products [GET],55.800000,0.000000,2,5,17,32,73,110,200,230,380,380,380,19237,22,2,226.3749892326658,0.7903680016170256,136776.4473399984,119.86276446431356
1781536183,180,,Aggregated,137.000000,0.000000,10,20,49,66,130,230,370,480,830,990,990,47768,54,11,360.8977952699338,0.7903680016170256,136956.09367900033,77.209533578965
1781536184,180,GET,/api/load/cpu [GET],40.500000,0.000000,18,55,91,110,220,370,600,710,830,830,830,14286,17,19,534.7248016430866,1.4693439989059698,69234.25248000058,44.94645107097858
1781536184,180,GET,/api/load/memory [GET],42.000000,0.000000,7,14,31,52,100,180,290,370,530,530,530,14319,15,9,366.4048983878884,1.2431080031092279,136956.09367900033,51.94552692227111
1781536184,180,GET,/api/products [GET],56.100000,0.000000,2,3,11,21,67,110,200,230,380,380,380,19302,22,2,225.62811898729598,0.7903680016170256,136776.4473399984,119.8632266086416
1781536184,180,,Aggregated,138.600000,0.000000,9,16,37,59,120,210,360,460,750,830,830,47907,54,11,359.8786024794322,0.7903680016170256,136956.09367900033,77.22280668795791
1781536185,180,GET,/api/load/cpu [GET],40.300000,0.000000,17,45,80,100,180,240,370,520,710,710,710,14333,17,19,533.1189428994732,1.4693439989059698,69234.25248000058,44.94662666573641
1781536185,180,GET,/api/load/memory [GET],42.400000,0.000000,7,12,26,46,94,140,270,290,370,370,370,14366,15,9,365.264641285757,1.2431080031092279,136956.09367900033,51.94570513712933
1781536185,180,GET,/api/products [GET],56.300000,0.000000,1,2,6,14,59,80,130,180,320,320,320,19362,22,2,224.9419348256273,0.7903680016170256,136776.4473399984,119.86365044933375
1781536185,180,,Aggregated,139.000000,0.000000,9,14,29,50,98,160,250,340,640,710,710,48061,54,11,358.7921888305109,0.7903680016170256,136956.09367900033,77.22003287488816
1781536186,180,GET,/api/load/cpu [GET],40.100000,0.000000,17,44,81,100,190,240,370,520,710,710,710,14374,17,19,531.6988232180422,1.4693439989059698,69234.25248000058,44.9467789063587
1781536186,180,GET,/api/load/memory [GET],42.100000,0.000000,7,12,30,49,97,150,270,290,370,370,370,14401,15,9,364.405197856481,1.2431080031092279,136956.09367900033,51.94583709464621
1781536186,180,GET,/api/products [GET],57.300000,0.000000,1,2,7,15,59,84,130,180,320,320,320,19422,22,2,224.26990414528805,0.7903680016170256,136776.4473399984,119.8640716713006
1781536186,180,,Aggregated,139.500000,0.000000,9,15,32,51,100,160,260,340,640,710,710,48197,54,11,357.8274211585195,0.7903680016170256,136956.09367900033,77.22756603108077
1781536187,180,GET,/api/load/cpu [GET],41.200000,0.000000,15,32,61,81,150,220,360,440,640,640,640,14415,17,19,530.2219673665035,1.4693439989059698,69234.25248000058,44.94693028095734
1781536187,180,GET,/api/load/memory [GET],41.600000,0.000000,6,9,19,30,79,120,180,280,370,370,370,14440,15,9,363.44209699004085,1.2431080031092279,136956.09367900033,51.945983379501385
1781536187,180,GET,/api/products [GET],57.300000,0.000000,1,2,4,8,39,67,99,130,260,260,260,19485,22,2,223.5537381715557,0.7903680016170256,136776.4473399984,119.86451116243263
1781536187,180,,Aggregated,140.100000,0.000000,8,12,20,33,81,120,220,280,570,640,640,48340,54,11,356.7893696399908,0.7903680016170256,136956.09367900033,77.23562267273479
1781536188,180,GET,/api/load/cpu [GET],41.000000,0.000000,13,19,39,55,100,160,240,360,640,640,640,14454,17,19,528.8376559534478,1.4693439989059698,69234.25248000058,44.947073474470734
1781536188,180,GET,/api/load/memory [GET],39.800000,0.000000,6,8,10,17,46,100,180,280,370,370,370,14482,15,9,362.4087353488611,1.2431080031092279,136956.09367900033,51.946140035906645
1781536188,180,GET,/api/products [GET],58.600000,0.000000,1,2,3,5,22,59,80,110,260,260,260,19545,22,2,222.876297160336,0.7903680016170256,136776.4473399984,119.8649270913277
1781536188,180,,Aggregated,139.400000,0.000000,6,10,14,19,59,100,180,240,370,640,640,48481,54,11,355.77525241789925,0.7903680016170256,136956.09367900033,77.24075410985748
1781536189,180,GET,/api/load/cpu [GET],41.100000,0.000000,13,20,39,58,100,200,240,340,380,380,380,14491,17,19,527.711675836183,1.4693439989059698,69234.25248000058,44.94720861224208
1781536189,180,GET,/api/load/memory [GET],39.200000,0.000000,6,8,11,20,59,100,180,270,290,290,290,14531,15,9,361.2842467828244,1.2431080031092279,136956.09367900033,51.94632165714679
1781536189,180,GET,/api/products [GET],58.800000,0.000000,1,2,3,6,30,60,84,130,260,260,260,19596,22,2,222.3508817501415,0.7903680016170256,136776.4473399984,119.86527862829149
1781536189,180,,Aggregated,139.100000,0.000000,6,10,14,20,64,100,190,240,370,380,380,48618,54,11,354.89076398287017,0.7903680016170256,136956.09367900033,77.23563289316714
1781536190,180,GET,/api/load/cpu [GET],41.400000,0.000000,14,25,52,79,200,340,500,600,720,720,720,14529,17,19,527.0421888222951,1.4693439989059698,69234.25248000058,44.94734668593847
1781536190,180,GET,/api/load/memory [GET],39.900000,0.000000,6,9,12,20,77,160,270,290,500,500,500,14570,15,9,360.55045228868977,1.2431080031092279,136956.09367900033,51.94646533973919
1781536190,180,GET,/api/products [GET],59.400000,0.000000,1,2,3,6,49,74,120,170,260,260,260,19644,22,2,221.91985063595874,0.7903680016170256,136776.4473399984,119.86560781918143
1781536190,180,,Aggregated,140.700000,0.000000,7,11,17,28,82,180,290,430,620,720,720,48743,54,11,354.3074820412816,0.7903680016170256,136956.09367900033,77.23242311716554
1781536191,180,GET,/api/load/cpu [GET],40.000000,0.000000,14,27,76,110,320,520,720,850,1100,1100,1100,14562,17,19,526.7092102215439,1.4693439989059698,69234.25248000058,44.947466007416566
1781536191,180,GET,/api/load/memory [GET],40.400000,0.000000,6,9,17,32,120,190,320,370,500,500,500,14617,15,9,359.70275653788127,1.2431080031092279,136956.09367900033,51.946637476910446
1781536191,180,GET,/api/products [GET],59.000000,0.000000,1,2,4,10,61,100,230,260,370,370,370,19695,22,2,221.5391257562204,0.7903680016170256,136776.4473399984,119.86595582635186
1781536191,180,,Aggregated,139.400000,0.000000,7,11,20,38,120,250,460,610,990,1100,1100,48874,54,11,353.78581236095255,0.7903680016170256,136956.09367900033,77.23102262961902
1781536192,180,GET,/api/load/cpu [GET],38.800000,0.000000,14,36,100,180,460,700,990,1100,1400,1400,1400,14603,17,19,526.329709042602,1.4693439989059698,69234.25248000058,44.9476135040745
1781536192,180,GET,/api/load/memory [GET],41.500000,0.000000,6,9,19,35,110,210,370,460,630,630,630,14648,15,9,359.12987951674,1.2431080031092279,136956.09367900033,51.946750409612235
1781536192,180,GET,/api/products [GET],57.900000,0.000000,1,2,6,14,67,130,260,310,370,370,370,19750,22,2,221.07936068307708,0.7903680016170256,136776.4473399984,119.86632911392405
1781536192,180,,Aggregated,138.200000,0.000000,8,12,25,48,160,360,610,790,1300,1400,1400,49001,54,11,353.3161484418929,0.7903680016170256,136956.09367900033,77.23609722250566
1781536193,180,GET,/api/load/cpu [GET],39.500000,0.000000,17,77,150,220,520,740,1000,1100,2000,2000,2000,14634,17,19,525.7236848481024,1.4693439989059698,69234.25248000058,44.94772447724477
1781536193,180,GET,/api/load/memory [GET],41.300000,0.000000,7,11,27,49,140,250,440,500,740,740,740,14680,15,9,358.56487741282155,1.2431080031092279,136956.09367900033,51.94686648501362
1781536193,180,GET,/api/products [GET],56.500000,0.000000,2,3,12,30,78,180,310,360,460,460,460,19806,22,2,220.62899542147568,0.7903680016170256,136776.4473399984,119.86670705846713
1781536193,180,,Aggregated,137.300000,0.000000,9,15,40,71,200,390,680,880,1400,2000,2000,49120,54,11,352.74736742274416,0.7903680016170256,136956.09367900033,77.24806596091206
1781536194,180,GET,/api/load/cpu [GET],39.000000,0.000000,19,120,240,360,700,1000,1300,1500,2000,2000,2000,14667,17,19,525.7706788997156,1.4693439989059698,69234.25248000058,44.94784209449785
1781536194,180,GET,/api/load/memory [GET],40.900000,0.000000,8,12,42,77,190,370,680,970,1200,1200,1200,14719,15,9,358.2319759646188,1.2431080031092279,136956.09367900033,51.947007269515595
1781536194,180,GET,/api/products [GET],56.600000,0.000000,2,5,20,44,93,250,340,380,810,810,810,19864,22,2,220.2077036023835,0.7903680016170256,136776.4473399984,119.86709625453081
1781536194,180,,Aggregated,136.500000,0.000000,9,18,55,90,280,520,900,1200,1600,2000,2000,49250,54,11,352.45686956351653,0.7903680016170256,136956.09367900033,77.25681218274111
1781536195,180,GET,/api/load/cpu [GET],39.400000,0.000000,26,180,340,460,750,1100,1400,1500,2000,2000,2000,14707,17,19,525.2035971779517,1.4693439989059698,69234.25248000058,44.947983953219556
1781536195,180,GET,/api/load/memory [GET],39.500000,0.000000,8,19,56,100,250,450,740,970,1200,1200,1200,14748,15,9,357.8797166707507,1.2431080031092279,136956.09367900033,51.947111472742066
1781536195,180,GET,/api/products [GET],56.700000,0.000000,2,14,45,68,170,270,360,400,810,810,810,19924,22,2,219.8437874644017,0.7903680016170256,136776.4473399984,119.86749648664927
1781536195,180,,Aggregated,135.600000,0.000000,10,35,85,150,360,610,1000,1200,1600,2000,2000,49379,54,11,352.0190159095405,0.7903680016170256,136956.09367900033,77.26778590088904
1781536196,180,GET,/api/load/cpu [GET],38.700000,0.000000,76,280,460,590,850,1100,1400,1500,2000,2000,2000,14749,17,19,524.8824717404659,1.4693439989059698,69234.25248000058,44.948132076750966
1781536196,180,GET,/api/load/memory [GET],39.600000,0.000000,10,48,130,170,330,500,740,970,1200,1200,1200,14795,15,9,357.319886237122,1.2431080031092279,136956.09367900033,51.947279486312944
1781536196,180,GET,/api/products [GET],55.000000,0.000000,4,36,69,88,210,280,360,400,810,810,810,19973,22,2,219.54184971049605,0.7903680016170256,136776.4473399984,119.8678215591048
1781536196,180,,Aggregated,133.300000,0.000000,14,70,140,210,440,710,1000,1300,1600,2000,2000,49517,54,11,351.6559698052422,0.7903680016170256,136956.09367900033,77.25871922773997
1781536197,180,GET,/api/load/cpu [GET],37.400000,0.000000,130,310,480,610,850,1100,1400,1500,2000,2000,2000,14784,17,19,523.9712434074761,1.4693439989059698,69234.25248000058,44.94825487012987
1781536197,180,GET,/api/load/memory [GET],38.900000,0.000000,12,76,140,180,330,500,740,970,1200,1200,1200,14832,15,9,356.5654162730742,1.2431080031092279,136956.09367900033,51.94741100323625
1781536197,180,GET,/api/products [GET],56.700000,0.000000,7,43,74,92,210,280,360,400,810,810,810,20032,22,2,218.97320767994893,0.7903680016170256,136776.4473399984,119.8682108626198
1781536197,180,,Aggregated,133.000000,0.000000,20,85,170,230,440,710,1000,1300,1600,2000,2000,49648,54,11,350.89913819173324,0.7903680016170256,136956.09367900033,77.26794634224943
1781536198,180,GET,/api/load/cpu [GET],36.700000,0.000000,170,360,500,610,850,1100,1400,1500,2000,2000,2000,14828,17,20,522.9129145409445,1.4693439989059698,69234.25248000058,44.94840841650931
1781536198,180,GET,/api/load/memory [GET],39.700000,0.000000,19,97,150,200,340,500,740,970,1200,1200,1200,14865,15,9,355.9242020055992,1.2431080031092279,136956.09367900033,51.94752774974773
1781536198,180,GET,/api/products [GET],54.500000,0.000000,10,47,78,97,210,280,360,400,810,810,810,20094,22,2,218.38328104835938,0.7903680016170256,136776.4473399984,119.86861749776052
1781536198,180,,Aggregated,130.900000,0.000000,28,100,190,240,460,710,1000,1300,1600,2000,2000,49787,54,11,350.14681762331867,0.7903680016170256,136956.09367900033,77.2758953140378
1781536199,180,GET,/api/load/cpu [GET],37.200000,0.000000,130,360,490,610,850,1100,1400,1500,2000,2000,2000,14856,17,19,522.0450539726789,1.4693439989059698,69234.25248000058,44.9485056542811
1781536199,180,GET,/api/load/memory [GET],39.000000,0.000000,13,97,150,200,340,500,740,970,1200,1200,1200,14908,15,9,355.0138449321992,1.2431080031092279,136956.09367900033,51.94767909847062
1781536199,180,GET,/api/products [GET],54.700000,0.000000,6,43,76,96,200,280,360,400,810,810,810,20152,22,2,217.81583393066353,0.7903680016170256,136776.4473399984,119.86899563318778
1781536199,180,,Aggregated,130.900000,0.000000,19,93,170,230,450,710,1000,1300,1600,2000,2000,49916,54,11,349.3363331885195,0.7903680016170256,136956.09367900033,77.28565990864652
1781536200,180,GET,/api/load/cpu [GET],36.400000,0.000000,110,300,480,610,880,1100,1400,1500,2000,2000,2000,14891,17,20,521.5406044042795,1.4693439989059698,69234.25248000058,44.94862668726076
1781536200,180,GET,/api/load/memory [GET],38.400000,0.000000,13,100,150,210,350,600,780,970,1200,1200,1200,14948,15,9,354.4827690337989,1.2431080031092279,136956.09367900033,51.947819106234945
1781536200,180,GET,/api/products [GET],53.700000,0.000000,6,42,78,95,200,280,360,400,810,810,810,20203,22,2,217.43847727192713,0.7903680016170256,136776.4473399984,119.86932633767262
1781536200,180,,Aggregated,128.500000,0.000000,19,92,160,230,450,740,1100,1300,1600,2000,2000,50042,54,11,348.8665346713993,0.7903680016170256,136956.09367900033,77.28639942448343
1781536201,180,GET,/api/load/cpu [GET],37.100000,0.000000,100,290,450,610,880,1100,1400,1500,2000,2000,2000,14941,17,20,520.8122876601391,1.4693439989059698,69234.25248000058,44.948798607857576
1781536201,180,GET,/api/load/memory [GET],38.300000,0.000000,19,120,180,230,350,600,870,970,1200,1200,1200,14999,15,9,353.8529257390643,1.2431080031092279,136956.09367900033,51.947996533102206
1781536201,180,GET,/api/products [GET],55.500000,0.000000,8,45,79,98,190,270,350,400,810,810,810,20247,22,2,217.11377581808298,0.7903680016170256,136776.4473399984,119.86961031263891
1781536201,180,,Aggregated,130.900000,0.000000,23,95,170,230,450,730,1100,1300,1600,2000,2000,50187,54,11,348.3929910550376,0.7903680016170256,136956.09367900033,77.26598521529479
1781536202,180,GET,/api/load/cpu [GET],36.800000,0.000000,76,280,440,600,850,1100,1300,1500,2000,2000,2000,14975,17,20,519.9817961385731,1.4693439989059698,69234.25248000058,44.94891485809683
1781536202,180,GET,/api/load/memory [GET],37.800000,0.000000,16,120,190,240,380,600,870,970,1200,1200,1200,15033,15,9,353.2455276590977,1.2431080031092279,136956.09367900033,51.94811414887248
1781536202,180,GET,/api/products [GET],55.600000,0.000000,5,43,82,100,190,280,340,420,810,810,810,20292,22,2,216.75386058469982,0.7903680016170256,136776.4473399984,119.86989946777055
1781536202,180,,Aggregated,130.200000,0.000000,19,92,170,230,450,710,1000,1200,1600,2000,2000,50300,54,11,347.82180424372063,0.7903680016170256,136956.09367900033,77.26532803180915
1781536203,180,GET,/api/load/cpu [GET],37.100000,0.000000,49,230,410,550,800,1000,1300,1400,1600,1600,1600,15014,17,20,519.154794020722,1.4693439989059698,69234.25248000058,44.94904755561476
1781536203,180,GET,/api/load/memory [GET],37.100000,0.000000,11,100,180,240,380,560,780,880,1100,1100,1100,15078,15,9,352.62612961063866,1.2431080031092279,136956.09367900033,51.94826900119379
1781536203,180,GET,/api/products [GET],55.700000,0.000000,5,46,85,110,210,300,390,420,600,600,600,20355,22,2,216.34366110693847,0.7903680016170256,136776.4473399984,119.87030213706706
1781536203,180,,Aggregated,129.900000,0.000000,17,87,160,220,420,660,940,1100,1500,1600,1600,50447,54,11,347.1992800667656,0.7903680016170256,136956.09367900033,77.27121533490595
1781536204,180,GET,/api/load/cpu [GET],37.900000,0.000000,31,190,350,450,700,900,1100,1100,1400,1400,1400,15060,17,20,517.9113494151474,1.4693439989059698,69234.25248000058,44.949203187250994
1781536204,180,GET,/api/load/memory [GET],38.200000,0.000000,9,82,150,200,340,530,700,840,890,890,890,15113,15,9,351.8759954711969,1.2431080031092279,136956.09367900033,51.94838880434063
1781536204,180,GET,/api/products [GET],54.100000,0.000000,3,26,65,87,180,270,370,420,600,600,600,20414,22,2,215.762062762404,0.7903680016170256,136776.4473399984,119.8706769863819
1781536204,180,,Aggregated,130.200000,0.000000,12,65,130,190,390,610,850,990,1300,1400,1400,50587,54,11,346.37779648882326,0.7903680016170256,136956.09367900033,77.274220649574
1781536205,180,GET,/api/load/cpu [GET],37.200000,0.000000,30,180,300,400,640,830,1000,1100,1400,1400,1400,15100,17,20,517.034841703915,1.4693439989059698,69234.25248000058,44.94933774834437
1781536205,180,GET,/api/load/memory [GET],39.400000,0.000000,9,78,140,190,330,500,670,780,890,890,890,15151,15,9,351.21309373323265,1.2431080031092279,136956.09367900033,51.948518249620484
1781536205,180,GET,/api/products [GET],53.500000,0.000000,2,18,47,77,150,260,370,420,600,600,600,20476,22,2,215.1976054633087,0.7903680016170256,136776.4473399984,119.8710685680797
1781536205,180,,Aggregated,130.100000,0.000000,11,49,110,170,350,560,800,960,1300,1400,1400,50727,54,11,345.6707840469198,0.7903680016170256,136956.09367900033,77.28205886411575
1781536206,180,GET,/api/load/cpu [GET],38.400000,0.000000,26,130,260,350,600,830,1000,1100,1300,1300,1300,15142,17,20,515.9516700713979,1.4693439989059698,69234.25248000058,44.94947827235504
1781536206,180,GET,/api/load/memory [GET],38.700000,0.000000,9,57,110,160,310,480,670,780,890,890,890,15184,15,9,350.52693887870294,1.2431080031092279,136956.09367900033,51.9486301369863
1781536206,180,GET,/api/products [GET],54.600000,0.000000,2,17,46,70,140,230,370,420,600,600,600,20528,22,2,214.7501126439356,0.7903680016170256,136776.4473399984,119.871395167576
1781536206,180,,Aggregated,131.700000,0.000000,12,45,100,140,330,520,780,960,1100,1300,1300,50854,54,11,344.97446691528916,0.7903680016170256,136956.09367900033,77.2826719628741
1781536207,180,GET,/api/load/cpu [GET],39.100000,0.000000,24,130,260,350,600,800,1000,1100,1300,1300,1300,15187,17,20,514.8085947287234,1.4693439989059698,69234.25248000058,44.949627971291235
1781536207,180,GET,/api/load/memory [GET],39.900000,0.000000,9,40,91,140,310,480,670,780,890,890,890,15227,15,9,349.63481472313725,1.2431080031092279,136956.09367900033,51.94877520194392
1781536207,180,GET,/api/products [GET],54.000000,0.000000,2,12,40,70,140,230,370,420,600,600,600,20594,22,2,214.1187631737258,0.7903680016170256,136776.4473399984,119.87180732252112
1781536207,180,,Aggregated,133.000000,0.000000,11,38,90,130,320,520,780,960,1100,1300,1300,51008,54,11,344.09993061351366,0.7903680016170256,136956.09367900033,77.2881508782936
1781536208,180,GET,/api/load/cpu [GET],39.400000,0.000000,24,110,260,330,600,830,1000,1100,1300,1300,1300,15219,17,20,513.8279660032284,1.4693439989059698,69234.25248000058,44.94973388527499
1781536208,180,GET,/api/load/memory [GET],39.200000,0.000000,9,34,83,120,310,480,670,780,890,890,890,15267,15,9,348.80515578602194,1.2431080031092279,136956.09367900033,51.94890941245824
1781536208,180,GET,/api/products [GET],54.900000,0.000000,2,12,40,70,130,240,370,420,600,600,600,20654,22,2,213.56842691893561,0.7903680016170256,136776.4473399984,119.87217972305606
1781536208,180,,Aggregated,133.500000,0.000000,11,34,85,120,320,520,780,960,1100,1300,1300,51140,54,11,343.29680128220775,0.7903680016170256,136956.09367900033,77.29827923347673
1781536209,180,GET,/api/load/cpu [GET],40.000000,0.000000,24,96,260,330,580,830,990,1100,1300,1300,1300,15258,17,20,512.9916232577754,1.4693439989059698,69234.25248000058,44.94986236728273
1781536209,180,GET,/api/load/memory [GET],39.600000,0.000000,9,30,83,130,300,480,630,760,890,890,890,15307,15,9,348.15010064370443,1.2431080031092279,136956.09367900033,51.94904292153917
1781536209,180,GET,/api/products [GET],55.400000,0.000000,2,12,42,70,140,280,370,420,600,600,600,20714,22,2,213.16545402422005,0.7903680016170256,136776.4473399984,119.87254996620644
1781536209,180,,Aggregated,135.000000,0.000000,11,34,84,130,320,510,780,940,1100,1300,1300,51279,54,11,342.6718343352657,0.7903680016170256,136956.09367900033,77.30394508473255
1781536210,180,GET,/api/load/cpu [GET],39.800000,0.000000,20,72,190,260,490,720,950,1000,1100,1100,1100,15307,17,20,511.5023522116772,1.4693439989059698,69234.25248000058,44.95002286535572
1781536210,180,GET,/api/load/memory [GET],39.500000,0.000000,8,21,54,88,240,380,560,670,840,840,840,15344,15,9,347.38021867200024,1.2431080031092279,136956.09367900033,51.949165797705945
1781536210,180,GET,/api/products [GET],56.600000,0.000000,2,7,25,48,130,260,370,420,600,600,600,20767,22,2,212.64391203056235,0.7903680016170256,136776.4473399984,119.87287523474744
1781536210,180,,Aggregated,135.900000,0.000000,10,23,59,96,280,450,640,860,1100,1100,1100,51418,54,11,341.82085459850754,0.7903680016170256,136956.09367900033,77.2989614531876
1781536211,180,GET,/api/load/cpu [GET],38.700000,0.000000,18,47,130,180,390,560,890,960,1100,1100,1100,15347,17,20,510.28882085001237,1.4693439989059698,69234.25248000058,44.95015312438913
1781536211,180,GET,/api/load/memory [GET],39.300000,0.000000,8,15,40,64,180,310,560,670,840,840,840,15390,15,9,346.4032923479648,1.2431080031092279,136956.09367900033,51.94931773879142
1781536211,180,GET,/api/products [GET],56.300000,0.000000,2,5,20,38,100,230,370,420,600,600,600,20828,22,2,212.04887823620615,0.7903680016170256,136776.4473399984,119.87324755137315
1781536211,180,,Aggregated,134.300000,0.000000,9,19,42,77,220,380,580,750,1100,1100,1100,51565,54,11,340.9115337675569,0.7903680016170256,136956.09367900033,77.30185203141666
1781536212,180,GET,/api/load/cpu [GET],41.500000,0.000000,19,56,130,200,380,540,860,950,1100,1100,1100,15395,17,20,508.9257762278753,1.4693439989059698,69234.25248000058,44.95030854173433
1781536212,180,GET,/api/load/memory [GET],39.600000,0.000000,8,16,39,59,140,270,380,620,840,840,840,15431,15,9,345.589108874291,1.2431080031092279,136956.09367900033,51.94945240101095
1781536212,180,GET,/api/products [GET],55.900000,0.000000,2,5,20,36,96,170,330,400,600,600,600,20878,22,2,211.57999748370028,0.7903680016170256,136776.4473399984,119.87355110642783
1781536212,180,,Aggregated,137.000000,0.000000,9,20,44,77,190,330,540,720,1100,1100,1100,51704,54,11,340.11034062223587,0.7903680016170256,136956.09367900033,77.29309144360204
1781536213,180,GET,/api/load/cpu [GET],40.700000,0.000000,21,62,130,180,320,470,630,860,950,950,950,15437,17,20,507.8596462737028,1.4693439989059698,69234.25248000058,44.95044373906847
1781536213,180,GET,/api/load/memory [GET],39.600000,0.000000,8,17,43,73,140,250,320,490,630,630,630,15479,15,9,344.72002810706005,1.2431080031092279,136956.09367900033,51.94960914787777
1781536213,180,GET,/api/products [GET],57.200000,0.000000,2,7,20,34,96,140,260,320,480,480,480,20921,22,2,211.23454224634023,0.7903680016170256,136776.4473399984,119.87381100329812
1781536213,180,,Aggregated,137.500000,0.000000,10,22,47,79,180,290,460,560,940,950,950,51837,54,11,339.42914391133866,0.7903680016170256,136956.09367900033,77.27893203696202
1781536214,180,GET,/api/load/cpu [GET],41.300000,0.000000,20,56,120,160,290,470,610,720,950,950,950,15483,17,20,506.54340539805855,1.4693439989059698,69234.25248000058,44.950590970742105
1781536214,180,GET,/api/load/memory [GET],39.100000,0.000000,8,17,40,62,130,240,320,490,630,630,630,15518,15,9,343.88732733942504,1.2431080031092279,136956.09367900033,51.949735790694675
1781536214,180,GET,/api/products [GET],58.000000,0.000000,2,7,20,34,94,140,260,320,480,480,480,20983,22,2,210.64494476708185,0.7903680016170256,136776.4473399984,119.8741838631273
1781536214,180,,Aggregated,138.400000,0.000000,10,22,47,77,170,280,460,560,940,950,950,51984,54,11,338.5506688111546,0.7903680016170256,136956.09367900033,77.28235610957218
1781536215,180,GET,/api/load/cpu [GET],41.800000,0.000000,17,43,92,130,260,380,630,860,950,950,950,15517,17,20,505.4908058240731,1.4693439989059698,69234.25248000058,44.95069923309918
1781536215,180,GET,/api/load/memory [GET],39.500000,0.000000,7,13,30,46,110,220,290,490,630,630,630,15552,15,9,343.15852798618727,1.2431080031092279,136956.09367900033,51.94984567901235
1781536215,180,GET,/api/products [GET],57.900000,0.000000,2,4,13,24,83,130,230,320,480,480,480,21040,22,2,210.0964388629132,0.7903680016170256,136776.4473399984,119.8745247148289
1781536215,180,,Aggregated,139.200000,0.000000,9,16,34,55,130,250,380,510,940,950,950,52109,54,11,337.77142787021563,0.7903680016170256,136956.09367900033,77.29152353720087
1781536216,180,GET,/api/load/cpu [GET],41.500000,0.000000,17,33,72,100,220,300,510,860,950,950,950,15564,17,20,504.0993455854622,1.4693439989059698,69234.25248000058,44.950848111025444
1781536216,180,GET,/api/load/memory [GET],40.400000,0.000000,7,12,26,40,110,220,270,490,630,630,630,15587,15,9,342.46796115507726,1.2431080031092279,136956.09367900033,51.94995829858215
1781536216,180,GET,/api/products [GET],56.800000,0.000000,2,4,11,24,72,120,230,320,480,480,480,21093,22,2,209.6127362146065,0.7903680016170256,136776.4473399984,119.8748399943109
1781536216,180,,Aggregated,138.700000,0.000000,9,15,30,49,120,220,320,480,940,950,950,52244,54,11,336.9805483919892,0.7903680016170256,136956.09367900033,77.28885613658984
1781536217,180,GET,/api/load/cpu [GET],41.300000,0.000000,17,37,87,110,250,330,490,720,950,950,950,15604,17,20,503.1551750974193,1.4693439989059698,69234.25248000058,44.95097410920277
1781536217,180,GET,/api/load/memory [GET],39.800000,0.000000,7,12,33,54,130,230,290,500,630,630,630,15628,15,9,341.7418770687352,1.2431080031092279,136956.09367900033,51.9500895828001
1781536217,180,GET,/api/products [GET],57.200000,0.000000,2,5,16,29,81,130,240,320,480,480,480,21150,22,2,209.15276580060024,0.7903680016170256,136776.4473399984,119.87517730496454
1781536217,180,,Aggregated,138.300000,0.000000,9,17,38,59,140,240,350,490,940,950,950,52382,54,11,336.290260084248,0.7903680016170256,136956.09367900033,77.2908823641709
1781536218,180,GET,/api/load/cpu [GET],42.300000,0.000000,19,48,94,130,260,350,520,670,920,920,920,15641,17,20,502.40303594093314,1.4693439989059698,69234.25248000058,44.95109008375424
1781536218,180,GET,/api/load/memory [GET],39.900000,0.000000,8,15,42,72,150,240,300,380,500,500,500,15665,15,9,341.20016847189265,1.2431080031092279,136956.09367900033,51.95020746887967
1781536218,180,GET,/api/products [GET],56.500000,0.000000,2,6,17,34,80,130,240,320,430,430,430,21206,22,2,208.82096705855304,0.7903680016170256,136776.4473399984,119.87550693200038
1781536218,180,,Aggregated,138.700000,0.000000,10,20,45,68,150,250,360,470,790,920,920,52512,54,11,335.7564737909069,0.7903680016170256,136956.09367900033,77.2958561852529
1781536219,180,GET,/api/load/cpu [GET],41.600000,0.000000,20,52,110,140,270,410,650,790,1000,1000,1000,15675,17,20,501.6831531651118,1.4693439989059698,69234.25248000058,44.95119617224881
1781536219,180,GET,/api/load/memory [GET],39.600000,0.000000,7,13,39,63,150,240,380,490,710,710,710,15695,15,9,340.72593783932444,1.2431080031092279,136956.09367900033,51.95030264415419
1781536219,180,GET,/api/products [GET],55.000000,0.000000,2,5,17,37,86,150,280,330,430,430,430,21253,22,2,208.45219346763704,0.7903680016170256,136776.4473399984,119.87578224250694
1781536219,180,,Aggregated,136.200000,0.000000,10,20,45,70,150,270,420,520,900,1000,1000,52623,54,11,335.2490638697739,0.7903680016170256,136956.09367900033,77.29870968967941
1781536220,180,GET,/api/load/cpu [GET],41.700000,0.000000,21,57,110,150,290,470,840,1200,1900,1900,1900,15710,17,20,501.0250621940883,1.4693439989059698,69234.25248000058,44.95130490133673
1781536220,180,GET,/api/load/memory [GET],40.100000,0.000000,8,16,45,75,190,320,510,1200,1300,1300,1300,15737,15,9,340.32322673960726,1.2431080031092279,136956.09367900033,51.95043527991358
1781536220,180,GET,/api/products [GET],55.100000,0.000000,2,6,25,45,94,150,290,360,460,460,460,21290,22,2,208.1417732871628,0.7903680016170256,136776.4473399984,119.87599812118366
1781536220,180,,Aggregated,136.900000,0.000000,10,23,52,79,190,310,510,840,1500,1900,1900,52737,54,11,334.8333940033392,0.7903680016170256,136956.09367900033,77.28708496880748
1781536221,180,GET,/api/load/cpu [GET],42.700000,0.000000,20,42,92,140,320,600,1300,2100,2600,2600,2600,15749,17,20,500.53130115551,1.4693439989059698,69234.25248000058,44.95142548733253
1781536221,180,GET,/api/load/memory [GET],39.400000,0.000000,8,16,47,75,240,450,1100,1300,2000,2000,2000,15765,15,9,340.21593081022525,1.2431080031092279,136956.09367900033,51.95052331113226
1781536221,180,GET,/api/products [GET],52.700000,0.000000,2,6,25,46,94,170,290,380,960,960,960,21334,22,2,207.7748915384682,0.7903680016170256,136776.4473399984,119.87625386706665
1781536221,180,,Aggregated,134.800000,0.000000,10,22,48,73,200,360,790,1200,2500,2600,2600,52848,54,11,334.5262100212517,0.7903680016170256,136956.09367900033,77.28542234332426
1781536222,180,GET,/api/load/cpu [GET],40.000000,0.000000,20,50,110,170,520,1900,2800,3000,3600,3600,3600,15787,17,20,501.99234365928584,1.4693439989059698,69234.25248000058,44.95154240831064
1781536222,180,GET,/api/load/memory [GET],38.500000,0.000000,7,12,40,72,240,510,1400,1900,2100,2100,2100,15803,15,9,339.93124871512975,1.2431080031092279,136956.09367900033,51.9506422831108
1781536222,180,GET,/api/products [GET],52.900000,0.000000,2,5,18,38,90,230,380,960,1400,1400,1400,21386,22,2,207.5408968711626,0.7903680016170256,136776.4473399984,119.87655475544749
1781536222,180,,Aggregated,131.400000,0.000000,9,20,45,72,230,520,1600,2500,3300,3600,3600,52976,54,11,334.780962573262,0.7903680016170256,136956.09367900033,77.28605406221685
1781536223,180,GET,/api/load/cpu [GET],39.800000,0.000000,19,34,86,140,760,2000,2900,3000,3600,3600,3600,15837,17,20,501.37303744232696,1.4693439989059698,69234.25248000058,44.95169539685546
1781536223,180,GET,/api/load/memory [GET],37.900000,0.000000,7,11,38,63,370,1100,1400,2000,2100,2100,2100,15835,15,9,339.7454572384079,1.2431080031092279,136956.09367900033,51.95074202715504
1781536223,180,GET,/api/products [GET],50.600000,0.000000,2,5,22,44,130,360,1100,1300,2300,2300,2300,21448,22,2,207.67863309425894,0.7903680016170256,136776.4473399984,119.8769116001492
1781536223,180,,Aggregated,128.300000,0.000000,9,19,43,70,300,960,2000,2500,3300,3600,3600,53120,54,11,334.6085359930366,0.7903680016170256,136956.09367900033,77.29028614457832
1781536224,180,GET,/api/load/cpu [GET],39.100000,0.000000,20,44,110,240,880,2000,2900,3000,3600,3600,3600,15881,17,20,500.80295170670166,1.4693439989059698,69234.25248000058,44.95182922989736
1781536224,180,GET,/api/load/memory [GET],37.100000,0.000000,8,13,40,72,380,1100,1400,2000,2100,2100,2100,15879,15,9,338.94645299629786,1.2431080031092279,136956.09367900033,51.95087851879841
1781536224,180,GET,/api/products [GET],50.200000,0.000000,2,6,29,48,160,410,1100,1400,2300,2300,2300,21509,22,2,207.22912497534426,0.7903680016170256,136776.4473399984,119.87726068157515
1781536224,180,,Aggregated,126.400000,0.000000,9,22,48,85,400,1100,2000,2500,3300,3600,3600,53269,54,11,334.0155372219705,0.7903680016170256,136956.09367900033,77.29163303234526
1781536225,180,GET,/api/load/cpu [GET],39.200000,0.000000,19,41,120,270,900,2100,2900,3000,3600,3600,3600,15923,17,20,499.53024240608744,1.4693439989059698,69234.25248000058,44.95195628964391
1781536225,180,GET,/api/load/memory [GET],35.900000,0.000000,7,12,38,66,370,1100,1400,2000,2100,2100,2100,15916,15,9,338.18050728167935,1.2431080031092279,136956.09367900033,51.95099271173662
1781536225,180,GET,/api/products [GET],51.600000,0.000000,2,6,25,46,150,400,1100,1300,2300,2300,2300,21569,22,2,206.66404087355318,0.7903680016170256,136776.4473399984,119.8776021141453
1781536225,180,,Aggregated,126.700000,0.000000,9,20,46,82,390,1100,2000,2500,3300,3600,3600,53408,54,11,333.1717664269238,0.7903680016170256,136956.09367900033,77.29669712402637
1781536226,180,GET,/api/load/cpu [GET],39.800000,0.000000,17,34,99,270,900,2100,2900,3000,3600,3600,3600,15961,17,20,498.54898327492816,1.4693439989059698,69234.25248000058,44.952070672263645
1781536226,180,GET,/api/load/memory [GET],35.600000,0.000000,7,12,36,66,410,1100,1400,2000,2100,2100,2100,15948,15,9,337.62860742771596,1.2431080031092279,136956.09367900033,51.95109104589917
1781536226,180,GET,/api/products [GET],51.600000,0.000000,2,5,16,38,150,400,1100,1300,2300,2300,2300,21628,22,2,206.1479299061717,0.7903680016170256,136776.4473399984,119.87793600887738
1781536226,180,,Aggregated,127.000000,0.000000,9,17,40,76,410,1100,2000,2500,3300,3600,3600,53537,54,11,332.4879761906561,0.7903680016170256,136956.09367900033,77.3057138054056
1781536227,180,GET,/api/load/cpu [GET],40.300000,0.000000,16,40,110,280,880,2000,2900,3000,3600,3600,3600,16008,17,19,497.5410577378879,1.4693439989059698,69234.25248000058,44.95221139430285
1781536227,180,GET,/api/load/memory [GET],36.400000,0.000000,6,11,21,53,390,1100,1400,2000,2100,2100,2100,15995,15,9,336.7977351267411,1.2431080031092279,136956.09367900033,51.95123476086277
1781536227,180,GET,/api/products [GET],50.900000,0.000000,2,4,9,32,160,400,1100,1300,2300,2300,2300,21679,22,2,205.78010318634097,0.7903680016170256,136776.4473399984,119.87822316527514
1781536227,180,,Aggregated,127.600000,0.000000,9,15,36,69,410,1100,2000,2500,3300,3600,3600,53682,54,11,331.8211669199571,0.7903680016170256,136956.09367900033,77.29583473044968
1781536228,180,GET,/api/load/cpu [GET],39.800000,0.000000,14,27,57,180,850,2000,2900,3000,3600,3600,3600,16050,17,19,496.41572915271666,1.4693439989059698,69234.25248000058,44.95233644859813
1781536228,180,GET,/api/load/memory [GET],36.300000,0.000000,6,9,13,24,310,1100,1400,2000,2100,2100,2100,16032,15,9,336.05939786596844,1.2431080031092279,136956.09367900033,51.95134730538922
1781536228,180,GET,/api/products [GET],52.600000,0.000000,2,3,7,21,130,350,1100,1300,2300,2300,2300,21731,22,2,205.3190995635588,0.7903680016170256,136776.4473399984,119.8785145644471
1781536228,180,,Aggregated,128.700000,0.000000,9,12,24,44,340,1100,2000,2500,3300,3600,3600,53813,54,11,331.0903698382195,0.7903680016170256,136956.09367900033,77.29450132867522
1781536229,180,GET,/api/load/cpu [GET],38.900000,0.000000,15,29,85,240,770,2000,2800,3000,3600,3600,3600,16092,17,19,495.5490935039214,1.4693439989059698,69234.25248000058,44.952460850111855
1781536229,180,GET,/api/load/memory [GET],36.600000,0.000000,6,9,13,28,200,640,1400,2000,2100,2100,2100,16073,15,9,335.29026952318907,1.2431080031092279,136956.09367900033,51.95147141168419
1781536229,180,GET,/api/products [GET],53.500000,0.000000,2,3,7,23,110,330,1100,1300,2300,2300,2300,21789,22,2,204.8320275006968,0.7903680016170256,136776.4473399984,119.87883794575244
1781536229,180,,Aggregated,129.000000,0.000000,9,12,26,52,330,850,2000,2500,3300,3600,3600,53954,54,11,330.4033354695502,0.7903680016170256,136956.09367900033,77.29604848574712
1781536230,180,GET,/api/load/cpu [GET],40.100000,0.000000,14,30,77,210,680,1900,2800,3000,3600,3600,3600,16134,17,19,494.36976046895364,1.4693439989059698,69234.25248000058,44.952584603941986
1781536230,180,GET,/api/load/memory [GET],36.800000,0.000000,6,9,12,22,180,440,1400,2000,2100,2100,2100,16108,15,9,334.5801929355739,1.2431080031092279,136956.09367900033,51.95157685622051
1781536230,180,GET,/api/products [GET],52.600000,0.000000,2,3,6,18,97,280,960,1300,2300,2300,2300,21867,22,2,204.128446032546,0.7903680016170256,136776.4473399984,119.87927013307724
1781536230,180,,Aggregated,129.500000,0.000000,8,12,25,46,260,750,1900,2500,3300,3600,3600,54109,54,11,329.50629641290925,0.7903680016170256,136956.09367900033,77.31617660647952
1781536231,180,GET,/api/load/cpu [GET],40.700000,0.000000,15,30,77,180,560,1000,2300,2900,3300,3300,3300,16171,17,19,493.3661876990356,1.4693439989059698,69234.25248000058,44.95269309257313
1781536231,180,GET,/api/load/memory [GET],37.200000,0.000000,6,9,12,21,130,310,920,1400,2100,2100,2100,16157,15,9,333.6453464935471,1.2431080031092279,136956.09367900033,51.95172371108498
1781536231,180,GET,/api/products [GET],53.000000,0.000000,2,3,7,23,91,200,450,1300,2300,2300,2300,21919,22,2,203.6982958241569,0.7903680016170256,136776.4473399984,119.87955654911264
1781536231,180,,Aggregated,130.900000,0.000000,8,12,25,45,190,480,1300,2100,3100,3300,3300,54247,54,11,328.75173614664686,0.7903680016170256,136956.09367900033,77.31218316220252
1781536232,180,GET,/api/load/cpu [GET],41.500000,0.000000,14,29,61,120,460,720,1100,1800,3000,3000,3000,16205,17,19,492.3778680588152,1.4693439989059698,69234.25248000058,44.95279234804073
1781536232,180,GET,/api/load/memory [GET],37.200000,0.000000,6,8,12,21,91,230,440,920,2000,2000,2000,16197,15,9,332.84951172039416,1.2431080031092279,136956.09367900033,51.95184293387664
1781536232,180,GET,/api/products [GET],55.700000,0.000000,2,3,6,15,72,140,340,440,1700,1700,1700,21974,22,2,203.19871713428157,0.7903680016170256,136776.4473399984,119.87985801401656
1781536232,180,,Aggregated,134.400000,0.000000,7,11,21,37,150,350,730,1000,2200,3000,3000,54376,54,11,327.99829894690953,0.7903680016170256,136956.09367900033,77.3165367073709
1781536233,180,GET,/api/load/cpu [GET],42.000000,0.000000,14,30,66,120,310,480,680,750,1100,1100,1100,16239,17,19,491.6833973743521,1.4693439989059698,69234.25248000058,44.95289118788103
1781536233,180,GET,/api/load/memory [GET],38.400000,0.000000,6,9,16,28,120,200,340,360,500,500,500,16237,15,9,332.2443619197037,1.2431080031092279,136956.09367900033,51.9519615692554
1781536233,180,GET,/api/products [GET],57.800000,0.000000,2,3,7,24,67,120,210,330,490,490,490,22027,22,2,202.80442852579532,0.7903680016170256,136776.4473399984,119.88014709220502
1781536233,180,,Aggregated,138.200000,0.000000,8,12,25,42,130,280,460,540,820,1100,1100,54503,54,11,327.4364996713964,0.7903680016170256,136956.09367900033,77.31930352457663
1781536234,180,GET,/api/load/cpu [GET],41.800000,0.000000,15,37,99,180,350,560,820,1100,1200,1200,1200,16281,17,19,491.1681798923338,1.4693439989059698,69234.25248000058,44.95301271420674
1781536234,180,GET,/api/load/memory [GET],39.500000,0.000000,6,10,24,57,170,330,460,720,970,970,970,16276,15,9,331.92039720583944,1.2431080031092279,136956.09367900033,51.95207667731629
1781536234,180,GET,/api/products [GET],59.400000,0.000000,2,4,9,31,83,130,260,330,670,670,670,22069,22,2,202.63159667060975,0.7903680016170256,136776.4473399984,119.88037518691377
1781536234,180,,Aggregated,140.700000,0.000000,9,14,34,60,180,330,580,750,1200,1200,1200,54626,54,11,327.1504819806158,0.7903680016170256,136956.09367900033,77.30919342437667
1781536235,180,GET,/api/load/cpu [GET],41.300000,0.000000,19,67,190,260,510,750,1100,1200,1400,1400,1400,16318,17,19,490.96197957293026,1.4693439989059698,69234.25248000058,44.95311925481064
1781536235,180,GET,/api/load/memory [GET],39.600000,0.000000,6,12,32,71,190,360,720,840,970,970,970,16307,15,9,331.5994661987022,1.2431080031092279,136956.09367900033,51.95216778070767
1781536235,180,GET,/api/products [GET],57.800000,0.000000,2,5,25,48,100,170,450,610,730,730,730,22110,22,2,202.49567642590168,0.7903680016170256,136776.4473399984,119.88059701492537
1781536235,180,,Aggregated,138.700000,0.000000,9,17,52,83,240,480,730,900,1300,1400,1400,54735,54,11,326.95879206632134,0.7903680016170256,136956.09367900033,77.30499680277701
1781536236,180,GET,/api/load/cpu [GET],40.000000,0.000000,21,85,210,290,620,870,1200,1400,1500,1500,1500,16371,17,20,490.4541534715085,1.4693439989059698,69234.25248000058,44.953271028037385
1781536236,180,GET,/api/load/memory [GET],39.900000,0.000000,7,12,36,74,180,460,870,1100,1600,1600,1600,16336,15,9,331.51931421628507,1.2431080031092279,136956.09367900033,51.952252693437806
1781536236,180,GET,/api/products [GET],57.400000,0.000000,2,6,32,56,110,270,600,720,1200,1200,1200,22169,22,2,202.33109898537157,0.7903680016170256,136776.4473399984,119.88091479092427
1781536236,180,,Aggregated,137.300000,0.000000,9,23,61,94,300,610,910,1200,1500,1600,1600,54876,54,11,326.74397909698405,0.7903680016170256,136956.09367900033,77.30632699176324
1781536237,180,GET,/api/load/cpu [GET],39.700000,0.000000,25,100,240,320,680,1000,1400,1500,2100,2100,2100,16409,17,20,490.12961452818956,1.4693439989059698,69234.25248000058,44.9533792430983
1781536237,180,GET,/api/load/memory [GET],38.800000,0.000000,7,16,57,90,220,720,970,1300,1600,1600,1600,16377,15,9,331.0865549023167,1.2431080031092279,136956.09367900033,51.95237222934603
1781536237,180,GET,/api/products [GET],55.900000,0.000000,2,6,36,59,140,380,610,720,1200,1200,1200,22216,22,2,202.07865626398564,0.7903680016170256,136776.4473399984,119.88116672668347
1781536237,180,,Aggregated,134.400000,0.000000,10,29,68,110,360,690,1100,1300,1800,2100,2100,55002,54,11,326.42668961108853,0.7903680016170256,136956.09367900033,77.30162539544017
1781536238,180,GET,/api/load/cpu [GET],39.500000,0.000000,25,100,240,330,770,1100,1400,1500,2100,2100,2100,16453,17,20,489.51555613195524,1.4693439989059698,69234.25248000058,44.9535039202577
1781536238,180,GET,/api/load/memory [GET],38.900000,0.000000,7,17,63,100,350,730,970,1300,1600,1600,1600,16414,15,9,330.58332794110135,1.2431080031092279,136956.09367900033,51.9524795905934
1781536238,180,GET,/api/products [GET],53.700000,0.000000,2,9,48,67,180,450,660,730,1200,1200,1200,22267,22,2,201.87510529939954,0.7903680016170256,136776.4473399984,119.88143890061527
1781536238,180,,Aggregated,132.100000,0.000000,10,31,81,140,420,730,1100,1400,1800,2100,2100,55134,54,11,326.03016577005343,0.7903680016170256,136956.09367900033,77.2983639859252
1781536239,180,GET,/api/load/cpu [GET],40.700000,0.000000,25,110,240,330,770,1100,1400,1500,2100,2100,2100,16490,17,20,488.66068785816026,1.4693439989059698,69234.25248000058,44.95360824742268
1781536239,180,GET,/api/load/memory [GET],37.700000,0.000000,8,20,77,120,360,730,970,1300,1600,1600,1600,16462,15,9,329.84165877853343,1.2431080031092279,136956.09367900033,51.95261815089297
1781536239,180,GET,/api/products [GET],52.900000,0.000000,2,11,50,73,200,460,670,740,1200,1200,1200,22321,22,2,201.46695616731924,0.7903680016170256,136776.4473399984,119.881725729134
1781536239,180,,Aggregated,131.300000,0.000000,10,36,85,150,430,730,1100,1400,1800,2100,2100,55273,54,11,325.3815073942817,0.7903680016170256,136956.09367900033,77.2964919580989
1781536240,180,GET,/api/load/cpu [GET],40.100000,0.000000,23,120,260,370,770,1100,1400,1500,2100,2100,2100,16531,17,19,487.64047226562553,1.4693439989059698,69234.25248000058,44.95372330772488
1781536240,180,GET,/api/load/memory [GET],38.000000,0.000000,8,26,94,140,360,730,970,1300,1600,1600,1600,16503,15,9,329.158158761329,1.2431080031092279,136956.09367900033,51.95273586620615
1781536240,180,GET,/api/products [GET],53.400000,0.000000,2,17,61,85,220,460,670,740,1200,1200,1200,22384,22,2,201.0128590120504,0.7903680016170256,136776.4473399984,119.88205861329521
1781536240,180,,Aggregated,131.500000,0.000000,10,43,100,160,440,730,1100,1400,1800,2100,2100,55418,54,11,324.67345586609287,0.7903680016170256,136956.09367900033,77.30242881374282
1781536241,180,GET,/api/load/cpu [GET],39.900000,0.000000,30,150,280,420,790,1100,1400,1500,2100,2100,2100,16580,17,20,486.68720809614405,1.4693439989059698,69234.25248000058,44.95386007237636
1781536241,180,GET,/api/load/memory [GET],37.800000,0.000000,10,52,120,160,400,730,970,1300,1600,1600,1600,16537,15,9,328.7572543925269,1.2431080031092279,136956.09367900033,51.95283304105944
1781536241,180,GET,/api/products [GET],53.300000,0.000000,3,31,73,98,280,490,670,740,1200,1200,1200,22437,22,2,200.79410284381777,0.7903680016170256,136776.4473399984,119.88233721085706
1781536241,180,,Aggregated,131.000000,0.000000,13,61,130,190,490,770,1100,1400,1800,2100,2100,55554,54,11,324.2097762830785,0.7903680016170256,136956.09367900033,77.29918637721856
1781536242,180,GET,/api/load/cpu [GET],40.000000,0.000000,34,170,290,470,820,1100,1400,1500,2100,2100,2100,16616,17,20,486.10658600602295,1.4693439989059698,69234.25248000058,44.95396003851709
1781536242,180,GET,/api/load/memory [GET],38.800000,0.000000,10,52,120,180,410,730,970,1300,1600,1600,1600,16580,15,9,328.09430391527223,1.2431080031092279,136956.09367900033,51.95295536791315
1781536242,180,GET,/api/products [GET],52.100000,0.000000,3,36,85,110,280,490,670,740,1200,1200,1200,22487,22,2,200.4540399875806,0.7903680016170256,136776.4473399984,119.88259883488237
1781536242,180,,Aggregated,130.900000,0.000000,13,67,140,210,510,780,1100,1400,1800,2100,2100,55683,54,11,323.69952389763733,0.7903680016170256,136956.09367900033,77.29711042867662
1781536243,180,GET,/api/load/cpu [GET],39.700000,0.000000,26,140,280,440,780,1100,1400,1500,2100,2100,2100,16652,17,20,485.28465738199975,1.4693439989059698,69234.25248000058,44.95405957242373
1781536243,180,GET,/api/load/memory [GET],38.500000,0.000000,9,43,120,180,400,730,970,1300,1600,1600,1600,16618,15,9,327.49282672573213,1.2431080031092279,136956.09367900033,51.953062943795885
1781536243,180,GET,/api/products [GET],51.500000,0.000000,2,29,78,110,280,470,660,730,1200,1200,1200,22546,22,2,199.99062667589402,0.7903680016170256,136776.4473399984,119.88290605872439
1781536243,180,,Aggregated,129.700000,0.000000,12,60,130,190,470,750,1100,1400,1800,2100,2100,55816,54,11,323.065511292248,0.7903680016170256,136956.09367900033,77.30419592948259
1781536244,180,GET,/api/load/cpu [GET],40.600000,0.000000,25,110,270,420,710,1100,1400,1500,2100,2100,2100,16692,17,20,484.4234828696418,1.4693439989059698,69234.25248000058,44.954169662113586
1781536244,180,GET,/api/load/memory [GET],37.300000,0.000000,9,31,100,170,370,720,960,1300,1600,1600,1600,16657,15,9,326.9269009787609,1.2431080031092279,136956.09367900033,51.95317284024734
1781536244,180,GET,/api/products [GET],50.600000,0.000000,2,21,67,92,230,430,640,730,1200,1200,1200,22606,22,2,199.53720381070158,0.7903680016170256,136776.4473399984,119.88321684508537
1781536244,180,,Aggregated,128.500000,0.000000,11,50,110,180,440,710,1100,1400,1800,2100,2100,55955,54,11,322.4440388706663,0.7903680016170256,136956.09367900033,77.30924850326154
1781536245,180,GET,/api/load/cpu [GET],41.000000,0.000000,22,97,230,340,680,930,1400,1500,2100,2100,2100,16724,17,20,484.0040142028262,1.4693439989059698,69234.25248000058,44.954257354699834
1781536245,180,GET,/api/load/memory [GET],38.300000,0.000000,9,31,94,170,340,530,830,1300,1600,1600,1600,16692,15,9,326.4936394272236,1.2431080031092279,136956.09367900033,51.953271028037385
1781536245,180,GET,/api/products [GET],51.400000,0.000000,2,17,63,88,190,360,510,640,1200,1200,1200,22660,22,2,199.18744057218478,0.7903680016170256,136776.4473399984,119.88349514563107
1781536245,180,,Aggregated,130.700000,0.000000,11,41,95,150,390,590,1000,1400,1800,2100,2100,56076,54,11,322.0255076362992,0.7903680016170256,136956.09367900033,77.31612454526001
1781536246,180,GET,/api/load/cpu [GET],41.000000,0.000000,21,89,190,300,580,790,1100,1500,1800,1800,1800,16771,17,20,483.08186430427935,1.4693439989059698,69234.25248000058,44.95438554647904
1781536246,180,GET,/api/load/memory [GET],37.600000,0.000000,8,20,86,140,320,470,690,830,1200,1200,1200,16739,15,9,325.73015464897617,1.2431080031092279,136956.09367900033,51.95340223430313
1781536246,180,GET,/api/products [GET],52.100000,0.000000,2,15,57,83,180,320,470,560,740,740,740,22707,22,2,198.87099134811743,0.7903680016170256,136776.4473399984,119.88373629277315
1781536246,180,,Aggregated,130.700000,0.000000,10,32,89,140,360,540,790,1000,1700,1800,1800,56217,54,11,321.4317129241709,0.7903680016170256,136956.09367900033,77.30362701673872
1781536247,180,GET,/api/load/cpu [GET],40.600000,0.000000,20,86,190,290,570,700,910,1100,1500,1500,1500,16810,17,20,482.34337515907555,1.4693439989059698,69234.25248000058,44.954491374182034
1781536247,180,GET,/api/load/memory [GET],38.000000,0.000000,8,19,69,120,290,430,560,690,950,950,950,16768,15,9,325.2100715883954,1.2431080031092279,136956.09367900033,51.95348282442748
1781536247,180,GET,/api/products [GET],54.400000,0.000000,2,15,50,75,170,280,430,510,740,740,740,22772,22,2,198.40650160858513,0.7903680016170256,136776.4473399984,119.88406815387317
1781536247,180,,Aggregated,133.000000,0.000000,10,29,80,120,300,510,700,820,1400,1500,1500,56350,54,11,320.84165876573417,0.7903680016170256,136956.09367900033,77.31749778172139
1781536248,180,GET,/api/load/cpu [GET],40.000000,0.000000,20,82,190,280,580,790,990,1100,1600,1600,1600,16857,17,20,481.6780013247944,1.4693439989059698,69234.25248000058,44.954618259476774
1781536248,180,GET,/api/load/memory [GET],38.900000,0.000000,8,19,69,120,290,470,660,750,810,810,810,16802,15,9,324.92246140133454,1.2431080031092279,136956.09367900033,51.95357695512439
1781536248,180,GET,/api/products [GET],55.200000,0.000000,2,7,43,70,170,280,480,510,650,650,650,22825,22,2,198.15607676257162,0.7903680016170256,136776.4473399984,119.8843373493976
1781536248,180,,Aggregated,134.100000,0.000000,10,25,74,110,310,520,750,850,1500,1600,1600,56484,54,11,320.47846676763567,0.7903680016170256,136956.09367900033,77.31541675518731
1781536249,180,GET,/api/load/cpu [GET],40.200000,0.000000,19,60,170,290,600,790,990,1100,1600,1600,1600,16898,17,19,480.66051679281975,1.4693439989059698,69234.25248000058,44.954728370221325
1781536249,180,GET,/api/load/memory [GET],39.700000,0.000000,8,16,69,150,390,620,810,1000,1600,1600,1600,16833,15,9,324.9088002753058,1.2431080031092279,136956.09367900033,51.953662448761364
1781536249,180,GET,/api/products [GET],55.300000,0.000000,2,12,48,76,200,380,520,560,760,760,760,22875,22,2,197.98073321681824,0.7903680016170256,136776.4473399984,119.88459016393442
1781536249,180,,Aggregated,135.200000,0.000000,10,25,75,130,400,580,810,990,1600,1600,1600,56606,54,11,320.11095149161173,0.7903680016170256,136956.09367900033,77.31584990990355
1781536250,180,GET,/api/load/cpu [GET],39.900000,0.000000,21,78,210,320,690,930,1300,1600,2300,2300,2300,16944,17,20,480.532802136748,1.4693439989059698,69234.25248000058,44.954851274787536
1781536250,180,GET,/api/load/memory [GET],37.700000,0.000000,8,18,86,170,480,750,990,1400,1600,1600,1600,16869,15,9,324.7226138631356,1.2431080031092279,136956.09367900033,51.9537613373644
1781536250,180,GET,/api/products [GET],54.800000,0.000000,2,14,46,76,230,410,540,570,760,760,760,22930,22,2,197.7230796353996,0.7903680016170256,136776.4473399984,119.88486698648059
1781536250,180,,Aggregated,132.400000,0.000000,10,29,86,150,450,690,990,1300,2000,2300,2300,56743,54,11,319.92816362726967,0.7903680016170256,136956.09367900033,77.31496396031228
1781536251,180,GET,/api/load/cpu [GET],40.000000,0.000000,20,55,170,310,690,980,1500,1900,2300,2300,2300,16985,17,20,479.6654867851671,1.4693439989059698,69234.25248000058,44.95496025905211
1781536251,180,GET,/api/load/memory [GET],37.800000,0.000000,7,13,55,130,480,720,990,1400,1600,1600,1600,16898,15,9,324.3072840679509,1.2431080031092279,136956.09367900033,51.95384069120606
1781536251,180,GET,/api/products [GET],55.400000,0.000000,2,7,39,66,200,380,530,570,760,760,760,22976,22,2,197.43111623410175,0.7903680016170256,136776.4473399984,119.88509749303621
1781536251,180,,Aggregated,133.200000,0.000000,10,21,67,130,430,680,990,1300,2000,2300,2300,56859,54,11,319.44705509807045,0.7903680016170256,136956.09367900033,77.31328373696337
1781536252,180,GET,/api/load/cpu [GET],40.100000,0.000000,19,36,140,270,690,1000,1500,1900,2300,2300,2300,17023,17,20,478.97536176461654,1.4693439989059698,69234.25248000058,44.95506080009399
1781536252,180,GET,/api/load/memory [GET],36.600000,0.000000,7,13,41,120,540,790,1000,1400,1600,1600,1600,16937,15,9,323.90376607859986,1.2431080031092279,136956.09367900033,51.95394697998465
1781536252,180,GET,/api/products [GET],53.900000,0.000000,2,6,38,66,240,400,540,600,760,760,760,23017,22,2,197.23120040490628,0.7903680016170256,136776.4473399984,119.8853021679628
1781536252,180,,Aggregated,130.600000,0.000000,10,20,56,120,460,700,1000,1400,2000,2300,2300,56977,54,11,319.0625376750656,0.7903680016170256,136956.09367900033,77.30512311985538
1781536253,180,GET,/api/load/cpu [GET],40.900000,0.000000,19,42,170,420,820,1300,1900,2100,2400,2400,2400,17065,17,19,479.200938050048,1.4693439989059698,69234.25248000058,44.95517140345737
1781536253,180,GET,/api/load/memory [GET],36.400000,0.000000,7,12,41,130,660,940,1100,1400,2200,2200,2200,16981,15,9,323.72563620571555,1.2431080031092279,136956.09367900033,51.95406630940463
1781536253,180,GET,/api/products [GET],54.300000,0.000000,2,6,33,74,260,420,560,690,990,990,990,23061,22,2,197.0016308663862,0.7903680016170256,136776.4473399984,119.88552100949656
1781536253,180,,Aggregated,131.600000,0.000000,9,20,63,160,540,840,1300,1700,2300,2400,2400,57107,54,11,319.01174366790804,0.7903680016170256,136956.09367900033,77.2947624634458
1781536254,180,GET,/api/load/cpu [GET],40.400000,0.000000,19,45,190,480,910,1400,1900,2100,2400,2400,2400,17110,17,20,478.69681818936584,1.4693439989059698,69234.25248000058,44.95528930450029
1781536254,180,GET,/api/load/memory [GET],35.900000,0.000000,7,12,47,260,680,940,1100,1400,2200,2200,2200,17023,15,9,323.30535366012106,1.2431080031092279,136956.09367900033,51.95417963931152
1781536254,180,GET,/api/products [GET],53.300000,0.000000,2,5,31,77,320,480,650,750,990,990,990,23111,22,2,196.80786976442946,0.7903680016170256,136776.4473399984,119.8857686815802
1781536254,180,,Aggregated,129.600000,0.000000,9,20,65,190,620,920,1400,1800,2300,2400,2400,57244,54,11,318.680669986412,0.7903680016170256,136956.09367900033,77.28811753196841
1781536255,180,GET,/api/load/cpu [GET],40.600000,0.000000,18,33,170,450,930,1400,1900,2100,2400,2400,2400,17145,17,20,478.2748078878427,1.4693439989059698,69234.25248000058,44.955380577427825
1781536255,180,GET,/api/load/memory [GET],34.900000,0.000000,6,10,20,120,710,940,1100,1400,2200,2200,2200,17056,15,9,322.75512363937804,1.2431080031092279,136956.09367900033,51.954268292682926
1781536255,180,GET,/api/products [GET],52.300000,0.000000,2,4,19,58,290,480,650,750,990,990,990,23171,22,2,196.36187207447782,0.7903680016170256,136776.4473399984,119.88606447714815
1781536255,180,,Aggregated,127.800000,0.000000,9,18,46,150,630,920,1400,1800,2300,2400,2400,57372,54,11,318.1836768435503,0.7903680016170256,136956.09367900033,77.29854284319877
1781536256,180,GET,/api/load/cpu [GET],40.400000,0.000000,18,47,260,580,930,1400,1900,2100,2400,2400,2400,17184,17,20,477.79488154440537,1.4693439989059698,69234.25248000058,44.95548184357542
1781536256,180,GET,/api/load/memory [GET],36.300000,0.000000,6,10,47,280,710,940,1100,1400,2200,2200,2200,17095,15,9,322.3752567655596,1.2431080031092279,136956.09367900033,51.954372623574145
1781536256,180,GET,/api/products [GET],51.300000,0.000000,2,4,20,77,330,530,690,750,990,990,990,23228,22,2,196.1324106808908,0.7903680016170256,136776.4473399984,119.88634406750474
1781536256,180,,Aggregated,128.000000,0.000000,9,18,72,220,660,930,1400,1800,2300,2400,2400,57507,54,11,317.82558460991146,0.7903680016170256,136956.09367900033,77.3018067365712
1781536257,180,GET,/api/load/cpu [GET],42.100000,0.000000,17,46,280,610,990,1400,1900,2100,2400,2400,2400,17225,17,20,477.2891238575356,1.4693439989059698,69234.25248000058,44.955587808417995
1781536257,180,GET,/api/load/memory [GET],36.300000,0.000000,7,12,87,410,720,980,1100,1400,2200,2200,2200,17133,15,9,322.1136968211773,1.2431080031092279,136956.09367900033,51.95447382244791
1781536257,180,GET,/api/products [GET],49.800000,0.000000,2,4,17,81,350,540,720,780,990,990,990,23281,22,2,195.86967410668584,0.7903680016170256,136776.4473399984,119.88660280915768
1781536257,180,,Aggregated,128.200000,0.000000,9,18,80,250,670,940,1400,1800,2300,2400,2400,57639,54,11,317.49546329674655,0.7903680016170256,136956.09367900033,77.30141050330505
1781536258,180,GET,/api/load/cpu [GET],41.500000,0.000000,18,48,280,570,930,1400,2000,2300,2400,2400,2400,17263,17,20,476.6128323579936,1.4693439989059698,69234.25248000058,44.95568557029485
1781536258,180,GET,/api/load/memory [GET],35.700000,0.000000,6,11,87,400,710,980,1100,1400,2200,2200,2200,17175,15,9,321.62509108921313,1.2431080031092279,136956.09367900033,51.954585152838426
1781536258,180,GET,/api/products [GET],50.300000,0.000000,2,4,28,100,320,530,720,780,990,990,990,23332,22,2,195.56689237406803,0.7903680016170256,136776.4473399984,119.88685067718156
1781536258,180,,Aggregated,127.500000,0.000000,9,19,89,250,660,930,1400,1800,2300,2400,2400,57770,54,11,317.02691703869124,0.7903680016170256,136956.09367900033,77.2994633893024
1781536259,180,GET,/api/load/cpu [GET],40.700000,0.000000,20,64,310,580,910,1400,2000,2300,2400,2400,2400,17301,17,20,475.8583124708416,1.4693439989059698,69234.25248000058,44.95578290272238
1781536259,180,GET,/api/load/memory [GET],35.700000,0.000000,7,12,77,310,630,840,1100,1200,2200,2200,2200,17215,15,9,321.1372696068098,1.2431080031092279,136956.09367900033,51.9546906767354
1781536259,180,GET,/api/products [GET],50.800000,0.000000,2,5,37,90,290,450,690,780,990,990,990,23393,22,2,195.2583911375949,0.7903680016170256,136776.4473399984,119.88714572735434
1781536259,180,,Aggregated,127.200000,0.000000,9,21,92,230,630,880,1300,1700,2300,2400,2400,57909,54,11,316.51180825469595,0.7903680016170256,136956.09367900033,77.30577285050683
1781536260,180,GET,/api/load/cpu [GET],41.000000,0.000000,19,53,290,550,850,1200,1800,2100,2400,2400,2400,17345,17,20,475.1694845053336,1.4693439989059698,69234.25248000058,44.95589507062554
1781536260,180,GET,/api/load/memory [GET],37.300000,0.000000,7,13,83,280,580,760,1000,1100,2200,2200,2200,17248,15,9,320.8315319892874,1.2431080031092279,136956.09367900033,51.95477736549165
1781536260,180,GET,/api/products [GET],50.800000,0.000000,2,5,28,86,270,400,720,850,990,990,990,23439,22,2,195.0073831736319,0.7903680016170256,136776.4473399984,119.88736720849866
1781536260,180,,Aggregated,129.100000,0.000000,9,21,89,220,600,820,1100,1600,2300,2400,2400,58032,54,11,316.1410088692994,0.7903680016170256,136956.09367900033,77.3007306313758
1781536261,180,GET,/api/load/cpu [GET],40.300000,0.000000,19,71,330,550,850,1100,1700,2000,2400,2400,2400,17394,17,20,474.17837209319435,1.4693439989059698,69234.25248000058,44.95601931700586
1781536261,180,GET,/api/load/memory [GET],37.300000,0.000000,7,17,98,300,580,760,1000,1100,2200,2200,2200,17282,15,9,320.41481620033795,1.2431080031092279,136956.09367900033,51.95486633491494
1781536261,180,GET,/api/products [GET],51.000000,0.000000,2,5,24,72,260,380,690,780,990,990,990,23489,22,2,194.66489715376346,0.7903680016170256,136776.4473399984,119.88760696496232
1781536261,180,,Aggregated,128.600000,0.000000,9,22,85,210,590,810,1100,1600,2300,2400,2400,58165,54,11,315.61508169875697,0.7903680016170256,136956.09367900033,77.29543539929512
1781536262,180,GET,/api/load/cpu [GET],40.100000,0.000000,19,82,270,450,810,1000,1700,2100,2400,2400,2400,17429,17,20,473.3266554218262,1.4693439989059698,69234.25248000058,44.95610763669746
1781536262,180,GET,/api/load/memory [GET],38.400000,0.000000,7,14,61,220,550,720,1000,1100,2200,2200,2200,17327,15,9,319.615011833684,1.2431080031092279,136956.09367900033,51.954983551682346
1781536262,180,GET,/api/products [GET],51.500000,0.000000,2,5,23,57,240,380,690,780,990,990,990,23547,22,2,194.2094746527694,0.7903680016170256,136776.4473399984,119.88788380685438
1781536262,180,,Aggregated,130.000000,0.000000,9,22,73,170,530,780,1000,1400,2300,2400,2400,58303,54,11,314.9174156910999,0.7903680016170256,136956.09367900033,77.29900691216575
1781536263,180,GET,/api/load/cpu [GET],40.300000,0.000000,20,82,190,420,730,890,1100,1400,1800,1800,1800,17453,17,20,472.7778278399707,1.4693439989059698,69234.25248000058,44.95616799404114
1781536263,180,GET,/api/load/memory [GET],37.900000,0.000000,7,14,47,93,440,610,730,810,1300,1300,1300,17383,15,9,318.670719904347,1.2431080031092279,136956.09367900033,51.95512857389404
1781536263,180,GET,/api/products [GET],50.500000,0.000000,2,5,21,47,180,350,600,690,930,930,930,23608,22,2,193.7398174193817,0.7903680016170256,136776.4473399984,119.8881735005083
1781536263,180,,Aggregated,128.700000,0.000000,9,21,57,100,430,670,870,990,1600,1800,1800,58444,54,11,314.22651021533784,0.7903680016170256,136956.09367900033,77.306070768599
1781536264,180,GET,/api/load/cpu [GET],40.600000,0.000000,21,82,170,310,660,850,930,1100,1400,1400,1400,17491,17,20,471.9923614060954,1.4693439989059698,69234.25248000058,44.95626322108513
1781536264,180,GET,/api/load/memory [GET],38.200000,0.000000,7,15,50,93,410,580,720,810,1300,1300,1300,17421,15,9,318.13361243747505,1.2431080031092279,136956.09367900033,51.9552264508352
1781536264,180,GET,/api/products [GET],52.000000,0.000000,2,4,21,46,150,290,590,690,930,930,930,23668,22,2,193.32108168530362,0.7903680016170256,136776.4473399984,119.88845698833869
1781536264,180,,Aggregated,130.800000,0.000000,9,21,57,97,370,610,810,910,1400,1400,1400,58580,54,11,313.64539803610813,0.7903680016170256,136956.09367900033,77.31242744964152
1781536265,180,GET,/api/load/cpu [GET],39.600000,0.000000,23,87,190,340,700,870,1100,1200,1400,1400,1400,17536,17,20,471.64983994132143,1.4693439989059698,69234.25248000058,44.95637545620438
1781536265,180,GET,/api/load/memory [GET],39.600000,0.000000,7,17,52,93,420,580,720,810,1300,1300,1300,17454,15,9,317.65993067040483,1.2431080031092279,136956.09367900033,51.955311103471985
1781536265,180,GET,/api/products [GET],53.200000,0.000000,2,5,24,47,180,320,590,690,930,930,930,23707,22,2,193.08559493844706,0.7903680016170256,136776.4473399984,119.88864048593243
1781536265,180,,Aggregated,132.400000,0.000000,9,23,66,110,400,660,850,1000,1400,1400,1400,58697,54,10,313.3510779484162,0.7903680016170256,136956.09367900033,77.30178714414706
1781536266,180,GET,/api/load/cpu [GET],39.100000,0.000000,21,78,140,280,610,800,1100,1200,1400,1400,1400,17570,17,20,470.9518124820726,1.4693439989059698,69234.25248000058,44.95645987478657
1781536266,180,GET,/api/load/memory [GET],39.900000,0.000000,8,20,57,98,390,580,730,800,920,920,920,17497,15,9,317.21590735864686,1.2431080031092279,136956.09367900033,51.955420929302164
1781536266,180,GET,/api/products [GET],54.500000,0.000000,2,5,27,50,170,290,380,620,930,930,930,23774,22,2,192.7068959654565,0.7903680016170256,136776.4473399984,119.88895431984521
1781536266,180,,Aggregated,133.500000,0.000000,10,24,65,98,350,600,790,910,1200,1400,1400,58841,54,10,312.81527881999244,0.7903680016170256,136956.09367900033,77.31325096446355
1781536267,180,GET,/api/load/cpu [GET],37.500000,0.000000,20,81,140,270,570,720,1000,1200,1200,1200,1200,17612,17,20,470.1136759365786,1.4693439989059698,69234.25248000058,44.956563706563706
1781536267,180,GET,/api/load/memory [GET],39.800000,0.000000,8,18,52,85,320,500,720,800,920,920,920,17530,15,9,316.6860131915707,1.2431080031092279,136956.09367900033,51.95550484883058
1781536267,180,GET,/api/products [GET],54.900000,0.000000,2,5,25,45,120,260,380,470,930,930,930,23827,22,2,192.3072975433226,0.7903680016170256,136776.4473399984,119.88920132622656
1781536267,180,,Aggregated,132.200000,0.000000,9,23,57,92,300,540,730,830,1200,1200,1200,58969,54,10,312.253113507235,0.7903680016170256,136956.09367900033,77.3144363987858
1781536268,180,GET,/api/load/cpu [GET],38.900000,0.000000,20,78,130,200,520,720,900,1200,1200,1200,1200,17655,17,20,469.21883564089615,1.4693439989059698,69234.25248000058,44.956669498725574
1781536268,180,GET,/api/load/memory [GET],39.500000,0.000000,8,16,50,83,230,430,670,760,820,820,820,17574,15,9,315.9885383581571,1.2431080031092279,136956.09367900033,51.9556162512803
1781536268,180,GET,/api/products [GET],53.200000,0.000000,2,5,24,41,100,230,380,470,930,930,930,23880,22,2,191.92490352503162,0.7903680016170256,136776.4473399984,119.8894472361809
1781536268,180,,Aggregated,131.600000,0.000000,9,22,55,86,260,490,720,810,1200,1200,1200,59109,54,10,311.63457024351885,0.7903680016170256,136956.09367900033,77.31035882860478
1781536269,180,GET,/api/load/cpu [GET],38.700000,0.000000,18,70,120,180,500,700,900,1200,1200,1200,1200,17694,17,19,468.3349667081509,1.4693439989059698,69234.25248000058,44.95676500508647
1781536269,180,GET,/api/load/memory [GET],39.700000,0.000000,7,15,46,66,190,330,600,760,820,820,820,17620,15,9,315.25253507220583,1.2431080031092279,136956.09367900033,51.95573212258797
1781536269,180,GET,/api/products [GET],54.400000,0.000000,2,3,10,28,84,150,310,380,690,690,690,23937,22,2,191.48476721998392,0.7903680016170256,136776.4473399984,119.88971049003635
1781536269,180,,Aggregated,132.800000,0.000000,9,18,45,74,190,430,700,800,1200,1200,1200,59251,54,10,310.96588145096587,0.7903680016170256,136956.09367900033,77.31050952726537
1781536270,180,GET,/api/load/cpu [GET],38.600000,0.000000,18,48,97,140,430,610,800,1100,1200,1200,1200,17745,17,19,467.07921904700106,1.4693439989059698,69234.25248000058,44.95688926458157
1781536270,180,GET,/api/load/memory [GET],39.400000,0.000000,7,13,34,60,170,270,500,650,820,820,820,17666,15,9,314.5193222572891,1.2431080031092279,136956.09367900033,51.95584739046757
1781536270,180,GET,/api/products [GET],54.800000,0.000000,2,3,8,27,78,150,240,320,600,600,600,23988,22,2,191.1352308611707,0.7903680016170256,136776.4473399984,119.88994497248625
1781536270,180,,Aggregated,132.800000,0.000000,9,16,36,63,170,330,600,740,1200,1200,1200,59399,54,10,310.26736151928844,0.7903680016170256,136956.09367900033,77.29981986228725
1781536271,180,GET,/api/load/cpu [GET],38.900000,0.000000,19,53,110,170,430,570,800,1100,1200,1200,1200,17782,17,19,466.380043423408,1.4693439989059698,69234.25248000058,44.95697896749522
1781536271,180,GET,/api/load/memory [GET],40.000000,0.000000,7,13,34,64,160,240,430,650,820,820,820,17712,15,9,313.84774001446885,1.2431080031092279,136956.09367900033,51.955962059620596
1781536271,180,GET,/api/products [GET],54.100000,0.000000,2,4,11,30,83,140,240,320,600,600,600,24043,22,2,190.75764747002268,0.7903680016170256,136776.4473399984,119.89019673085721
1781536271,180,,Aggregated,133.000000,0.000000,9,17,40,69,170,320,570,740,1200,1200,1200,59537,54,10,309.6969484759595,0.7903680016170256,136956.09367900033,77.29964559853536
1781536272,180,GET,/api/load/cpu [GET],39.600000,0.000000,19,73,140,190,430,580,770,1100,1200,1200,1200,17834,17,19,465.3801940945974,1.4693439989059698,69234.25248000058,44.957104407311874
1781536272,180,GET,/api/load/memory [GET],40.400000,0.000000,8,15,52,77,170,260,430,650,820,820,820,17749,15,9,313.2882079557861,1.2431080031092279,136956.09367900033,51.95605386218942
1781536272,180,GET,/api/products [GET],54.200000,0.000000,2,4,13,30,89,150,240,320,600,600,600,24091,22,2,190.4174368616808,0.7903680016170256,136776.4473399984,119.89041550786601
1781536272,180,,Aggregated,134.200000,0.000000,9,18,48,81,180,340,590,740,1200,1200,1200,59674,54,10,309.1378029950262,0.7903680016170256,136956.09367900033,77.2901598686195
1781536273,180,GET,/api/load/cpu [GET],39.600000,0.000000,19,63,140,190,400,570,770,1100,1200,1200,1200,17881,17,20,464.38940407656486,1.4693439989059698,69234.25248000058,44.957217157877075
1781536273,180,GET,/api/load/memory [GET],41.600000,0.000000,8,17,56,79,170,210,400,650,820,820,820,17795,15,9,312.5581798013633,1.2431080031092279,136956.09367900033,51.95616746277044
1781536273,180,GET,/api/products [GET],54.600000,0.000000,2,5,20,38,92,150,240,320,600,600,600,24154,22,2,189.9906428078059,0.7903680016170256,136776.4473399984,119.89070133311253
1781536273,180,,Aggregated,135.800000,0.000000,10,21,52,81,180,340,580,740,1200,1200,1200,59830,54,10,308.45317951258926,0.7903680016170256,136956.09367900033,77.29032258064517
1781536274,180,GET,/api/load/cpu [GET],38.900000,0.000000,16,48,100,180,400,570,770,1100,1200,1200,1200,17920,17,19,463.46400122254806,1.4693439989059698,69234.25248000058,44.957310267857146
1781536274,180,GET,/api/load/memory [GET],42.800000,0.000000,8,16,46,79,160,200,370,650,820,820,820,17846,15,9,311.7712773412112,1.2431080031092279,136956.09367900033,51.95629272666144
1781536274,180,GET,/api/products [GET],54.900000,0.000000,2,4,15,35,90,150,230,320,600,600,600,24198,22,2,189.68354471083327,0.7903680016170256,136776.4473399984,119.89090007438631
1781536274,180,,Aggregated,136.600000,0.000000,9,18,47,78,180,320,580,740,1200,1200,1200,59964,54,10,307.83649410066397,0.7903680016170256,136956.09367900033,77.27915082382764
1781536275,180,GET,/api/load/cpu [GET],40.600000,0.000000,17,44,100,160,300,450,560,580,750,750,750,17963,17,19,462.6708707595642,1.4693439989059698,69234.25248000058,44.95741245894338
1781536275,180,GET,/api/load/memory [GET],41.600000,0.000000,8,19,58,84,170,210,400,600,820,820,820,17886,15,9,311.30111424663085,1.2431080031092279,136956.09367900033,51.956390472995636
1781536275,180,GET,/api/products [GET],53.500000,0.000000,2,5,22,37,90,150,200,290,600,600,600,24251,22,2,189.38632662652046,0.7903680016170256,136776.4473399984,119.89113850975218
1781536275,180,,Aggregated,135.700000,0.000000,10,19,48,79,180,280,480,560,760,820,820,60100,54,10,307.3493575355941,0.7903680016170256,136956.09367900033,77.27690515806988
1781536276,180,GET,/api/load/cpu [GET],42.500000,0.000000,18,53,120,180,370,520,590,660,820,820,820,17997,17,19,462.2637849497167,1.4693439989059698,69234.25248000058,44.957492915485915
1781536276,180,GET,/api/load/memory [GET],41.000000,0.000000,8,15,46,80,170,210,320,400,490,490,490,17920,15,9,310.82613602462226,1.2431080031092279,136956.09367900033,51.956473214285715
1781536276,180,GET,/api/products [GET],54.300000,0.000000,2,5,16,33,86,140,180,210,390,390,390,24315,22,2,188.9414588087087,0.7903680016170256,136776.4473399984,119.89142504626774
1781536276,180,,Aggregated,137.800000,0.000000,9,18,46,79,170,290,490,560,740,820,820,60232,54,10,306.87138508160496,0.7903680016170256,136956.09367900033,77.28981272413336
1781536277,180,GET,/api/load/cpu [GET],43.200000,0.000000,17,46,100,170,350,500,600,660,820,820,820,18044,17,19,461.3076629712966,1.4693439989059698,69234.25248000058,44.957603635557525
1781536277,180,GET,/api/load/memory [GET],42.500000,0.000000,8,15,44,74,160,200,320,400,490,490,490,17956,15,9,310.2438329576877,1.2431080031092279,136956.09367900033,51.95656048117621
1781536277,180,GET,/api/products [GET],52.700000,0.000000,2,5,16,33,89,150,200,240,410,410,410,24374,22,2,188.55233135089668,0.7903680016170256,136776.4473399984,119.8916878641175
1781536277,180,,Aggregated,138.400000,0.000000,9,18,46,74,170,280,460,570,740,820,820,60374,54,10,306.26342895268255,0.7903680016170256,136956.09367900033,77.29133401795475
1781536278,180,GET,/api/load/cpu [GET],42.400000,0.000000,16,40,93,150,340,490,600,660,820,820,820,18088,17,19,460.2380065540733,1.4693439989059698,69234.25248000058,44.95770676691729
1781536278,180,GET,/api/load/memory [GET],43.000000,0.000000,7,13,34,59,150,200,320,400,490,490,490,17996,15,9,309.5677038570932,1.2431080031092279,136956.09367900033,51.956657034896644
1781536278,180,GET,/api/products [GET],54.300000,0.000000,2,4,12,28,83,140,200,240,410,410,410,24435,22,2,188.08930887954887,0.7903680016170256,136776.4473399984,119.89195825659914
1781536278,180,,Aggregated,139.700000,0.000000,9,16,36,60,160,270,450,570,740,820,820,60519,54,10,305.55243351070413,0.7903680016170256,136956.09367900033,77.29418860192666
1781536279,180,GET,/api/load/cpu [GET],42.500000,0.000000,16,37,92,150,340,510,600,660,820,820,820,18125,17,19,459.4159111611627,1.4693439989059698,69234.25248000058,44.957793103448275
1781536279,180,GET,/api/load/memory [GET],42.100000,0.000000,7,12,28,59,150,200,320,400,490,490,490,18036,15,9,308.9496611268713,1.2431080031092279,136956.09367900033,51.956753160345976
1781536279,180,GET,/api/products [GET],53.900000,0.000000,2,4,15,31,88,150,190,240,410,410,410,24500,22,2,187.6330650674202,0.7903680016170256,136776.4473399984,119.89224489795919
1781536279,180,,Aggregated,138.500000,0.000000,9,16,36,62,160,270,480,570,740,820,820,60661,54,10,304.90990211226864,0.7903680016170256,136956.09367900033,77.30357231169944
1781536280,180,GET,/api/load/cpu [GET],43.000000,0.000000,16,46,110,170,360,510,600,660,820,820,820,18177,17,19,458.39764293948946,1.4693439989059698,69234.25248000058,44.9579138471695
1781536280,180,GET,/api/load/memory [GET],42.200000,0.000000,7,13,38,65,140,190,290,400,490,490,490,18077,15,9,308.33081932744653,1.2431080031092279,136956.09367900033,51.9568512474415
1781536280,180,GET,/api/products [GET],54.000000,0.000000,2,4,15,34,79,140,190,240,410,410,410,24553,22,2,187.27922086412167,0.7903680016170256,136776.4473399984,119.89247749765812
1781536280,180,,Aggregated,139.200000,0.000000,9,16,41,71,160,280,480,570,740,820,820,60807,54,10,304.31129453139175,0.7903680016170256,136956.09367900033,77.29610077787098
1781536281,180,GET,/api/load/cpu [GET],43.100000,0.000000,16,42,100,170,350,490,590,650,820,820,820,18215,17,19,457.6695251238589,1.4693439989059698,69234.25248000058,44.958001646994234
1781536281,180,GET,/api/load/memory [GET],42.100000,0.000000,7,11,27,54,130,180,330,400,490,490,490,18118,15,9,307.73512835099086,1.2431080031092279,136956.09367900033,51.95694889060603
1781536281,180,GET,/api/products [GET],54.900000,0.000000,2,4,12,31,79,140,200,240,410,410,410,24610,22,2,186.90486965439945,0.7903680016170256,136776.4473399984,119.89272653392929
1781536281,180,,Aggregated,140.100000,0.000000,9,15,38,63,160,290,450,560,730,820,820,60943,54,10,303.7547265114831,0.7903680016170256,136956.09367900033,77.29888584414945
1781536282,180,GET,/api/load/cpu [GET],42.500000,0.000000,16,37,96,160,360,490,590,650,820,820,820,18252,17,19,456.8955756499065,1.4693439989059698,69234.25248000058,44.95808678500986
1781536282,180,GET,/api/load/memory [GET],41.300000,0.000000,7,11,24,48,130,190,360,400,490,490,490,18153,15,9,307.19235005306297,1.2431080031092279,136956.09367900033,51.95703189555445
1781536282,180,GET,/api/products [GET],56.200000,0.000000,2,4,11,28,78,130,200,240,410,410,410,24667,22,2,186.49573099026148,0.7903680016170256,136776.4473399984,119.8929744192646
1781536282,180,,Aggregated,140.000000,0.000000,9,14,33,55,160,280,450,540,730,820,820,61072,54,10,303.18330779428106,0.7903680016170256,136956.09367900033,77.30467317264868
1781536283,180,GET,/api/load/cpu [GET],42.900000,0.000000,15,33,96,160,360,500,590,650,820,820,820,18290,17,19,456.10905886069355,1.4693439989059698,69234.25248000058,44.95817386550027
1781536283,180,GET,/api/load/memory [GET],40.800000,0.000000,6,10,23,53,160,260,400,490,530,530,530,18187,15,8,306.7790621632616,1.2431080031092279,136956.09367900033,51.95711222301644
1781536283,180,GET,/api/products [GET],56.500000,0.000000,2,3,8,19,84,140,200,240,410,410,410,24736,22,2,186.04527937195925,0.7903680016170256,136776.4473399984,119.89327296248383
1781536283,180,,Aggregated,140.200000,0.000000,9,13,28,54,160,290,480,540,730,820,820,61213,54,10,302.6096012394476,0.7903680016170256,136956.09367900033,77.31869047424567
1781536284,180,GET,/api/load/cpu [GET],42.900000,0.000000,15,34,89,130,330,480,590,650,820,820,820,18337,17,19,455.01182029329254,1.4693439989059698,69234.25248000058,44.958281071058515
1781536284,180,GET,/api/load/memory [GET],40.400000,0.000000,6,10,15,46,130,260,400,490,530,530,530,18232,15,8,306.0564016888577,1.2431080031092279,136956.09367900033,51.95721807810443
1781536284,180,GET,/api/products [GET],56.000000,0.000000,2,3,8,19,72,130,190,230,410,410,410,24785,22,2,185.69455092074892,0.7903680016170256,136776.4473399984,119.89348396207383
1781536284,180,,Aggregated,139.300000,0.000000,9,13,26,50,150,280,450,540,730,820,820,61354,54,10,301.9527905088558,0.7903680016170256,136956.09367900033,77.30945007660462
1781536285,180,GET,/api/load/cpu [GET],41.900000,0.000000,15,27,66,110,310,450,590,650,820,820,820,18374,17,19,454.1879861879354,1.4693439989059698,69234.25248000058,44.95836508109285
1781536285,180,GET,/api/load/memory [GET],40.100000,0.000000,6,9,15,41,100,180,360,420,530,530,530,18275,15,8,305.4418640871826,1.2431080031092279,136956.09367900033,51.95731874145007
1781536285,180,GET,/api/products [GET],57.500000,0.000000,2,3,7,14,60,120,160,190,410,410,410,24839,22,2,185.3259563258084,0.7903680016170256,136776.4473399984,119.89371552800033
1781536285,180,,Aggregated,139.500000,0.000000,8,12,23,40,120,220,410,530,730,820,820,61488,54,10,301.36793445204563,0.7903680016170256,136956.09367900033,77.30980028623472
1781536286,180,GET,/api/load/cpu [GET],40.900000,0.000000,15,29,75,120,270,360,460,520,650,650,650,18422,17,19,453.36474042335936,1.4693439989059698,69234.25248000058,44.958473564216696
1781536286,180,GET,/api/load/memory [GET],39.200000,0.000000,6,10,16,41,95,180,310,420,530,530,530,18312,15,8,304.92415961239914,1.2431080031092279,136956.09367900033,51.95740498034076
1781536286,180,GET,/api/products [GET],58.100000,0.000000,2,4,9,18,59,95,150,190,410,410,410,24900,22,2,184.91861943717873,0.7903680016170256,136776.4473399984,119.89397590361446
1781536286,180,,Aggregated,138.200000,0.000000,9,13,25,43,120,200,360,440,570,650,650,61634,54,10,300.810106157111,0.7903680016170256,136956.09367900033,77.31169484375506
1781536287,180,GET,/api/load/cpu [GET],41.200000,0.000000,15,29,84,120,290,400,520,570,880,880,880,18468,17,19,452.58223161452975,1.4693439989059698,69234.25248000058,44.95857699805068
1781536287,180,GET,/api/load/memory [GET],38.500000,0.000000,7,11,30,50,150,270,380,480,530,530,530,18362,15,8,304.37753141946615,1.2431080031092279,136956.09367900033,51.9575209672149
1781536287,180,GET,/api/products [GET],58.900000,0.000000,2,4,10,19,64,100,160,190,250,250,250,24951,22,2,184.60882070004234,0.7903680016170256,136776.4473399984,119.89419261753036
1781536287,180,,Aggregated,138.600000,0.000000,9,14,28,47,130,270,410,510,780,880,880,61781,54,10,300.3098617806181,0.7903680016170256,136956.09367900033,77.30239070264321
1781536288,180,GET,/api/load/cpu [GET],41.300000,0.000000,15,29,84,130,300,400,520,570,880,880,880,18511,17,19,451.5976744248364,1.4693439989059698,69234.25248000058,44.95867322132786
1781536288,180,GET,/api/load/memory [GET],38.900000,0.000000,7,11,31,50,150,270,380,480,530,530,530,18404,15,8,303.7034160407103,1.2431080031092279,136956.09367900033,51.95761790915019
1781536288,180,GET,/api/products [GET],58.600000,0.000000,2,4,11,21,68,100,160,190,250,250,250,25013,22,2,184.1703108376747,0.7903680016170256,136776.4473399984,119.8944548834606
1781536288,180,,Aggregated,138.800000,0.000000,9,14,29,47,130,270,400,500,780,880,880,61928,54,10,299.63076807057206,0.7903680016170256,136956.09367900033,77.30554837876244
1781536289,180,GET,/api/load/cpu [GET],42.300000,0.000000,16,27,68,120,270,380,510,540,880,880,880,18551,17,19,450.6840202459244,1.4693439989059698,69234.25248000058,44.95876233087165
1781536289,180,GET,/api/load/memory [GET],39.400000,0.000000,7,11,30,46,130,260,380,480,530,530,530,18441,15,8,303.1291127985589,1.2431080031092279,136956.09367900033,51.957702944525785
1781536289,180,GET,/api/products [GET],58.500000,0.000000,2,4,11,20,60,96,150,190,250,250,250,25069,22,2,183.77678450774843,0.7903680016170256,136776.4473399984,119.89469065379552
1781536289,180,,Aggregated,140.200000,0.000000,9,14,28,46,120,250,390,500,780,880,880,62061,54,10,299.02424130332037,0.7903680016170256,136956.09367900033,77.30816454778363
1781536290,180,GET,/api/load/cpu [GET],42.200000,0.000000,15,26,54,120,280,380,510,540,880,880,880,18589,17,19,449.94667730782436,1.4693439989059698,69234.25248000058,44.958846629727255
1781536290,180,GET,/api/load/memory [GET],40.300000,0.000000,6,10,23,40,150,260,380,480,530,530,530,18487,15,8,302.4508861849535,1.2431080031092279,136956.09367900033,51.957808189538596
1781536290,180,GET,/api/products [GET],58.100000,0.000000,2,3,8,14,57,96,150,190,250,250,250,25130,22,2,183.35707767062237,0.7903680016170256,136776.4473399984,119.8949462793474
1781536290,180,,Aggregated,140.600000,0.000000,9,13,24,38,120,260,380,500,780,880,880,62206,54,10,298.41545315949224,0.7903680016170256,136956.09367900033,77.31157766131885
1781536291,180,GET,/api/load/cpu [GET],42.300000,0.000000,14,23,43,82,260,370,510,540,880,880,880,18636,17,19,448.8919311095271,1.4693439989059698,69234.25248000058,44.95895041854475
1781536291,180,GET,/api/load/memory [GET],40.300000,0.000000,6,10,18,35,120,230,380,480,530,530,530,18528,15,8,301.80819673673534,1.2431080031092279,136956.09367900033,51.957901554404145
1781536291,180,GET,/api/products [GET],57.900000,0.000000,1,2,6,12,47,84,130,180,250,250,250,25181,22,2,182.99266112079528,0.7903680016170256,136776.4473399984,119.89515904848894
1781536291,180,,Aggregated,140.500000,0.000000,9,12,21,33,98,210,380,500,780,880,880,62345,54,10,297.78475414192593,0.7903680016170256,136956.09367900033,77.30549362418799
1781536292,180,GET,/api/load/cpu [GET],42.300000,0.000000,14,22,38,54,210,340,500,540,880,880,880,18678,17,19,447.9204304476471,1.4693439989059698,69234.25248000058,44.95904272406039
1781536292,180,GET,/api/load/memory [GET],40.400000,0.000000,6,9,15,31,96,210,380,480,530,530,530,18565,15,8,301.2199427517501,1.2431080031092279,136956.09367900033,51.957985456504176
1781536292,180,GET,/api/products [GET],56.900000,0.000000,1,2,4,9,41,82,130,180,250,250,250,25243,22,2,182.54674129868658,0.7903680016170256,136776.4473399984,119.89541655112308
1781536292,180,,Aggregated,139.600000,0.000000,8,12,18,29,89,200,370,480,780,880,880,62486,54,10,297.12949184922036,0.7903680016170256,136956.09367900033,77.31115769932465
1781536294,180,GET,/api/load/cpu [GET],41.100000,0.000000,14,22,36,50,210,340,510,570,880,880,880,18710,17,19,447.19390554196417,1.4693439989059698,69234.25248000058,44.95911277391769
1781536294,180,GET,/api/load/memory [GET],40.800000,0.000000,6,9,16,31,110,210,310,390,520,520,520,18594,15,8,300.8026564559121,1.2431080031092279,136956.09367900033,51.958050984188446
1781536294,180,GET,/api/products [GET],57.200000,0.000000,1,2,3,7,37,75,98,130,250,250,250,25305,22,2,182.12081239659162,0.7712580008956138,136776.4473399984,119.89567279193835
1781536294,180,,Aggregated,139.100000,0.000000,8,11,18,27,88,200,340,450,780,880,880,62609,54,10,296.5817969385771,0.7712580008956138,136956.09367900033,77.3251928636458
1781536295,180,GET,/api/load/cpu [GET],42.300000,0.000000,13,22,37,56,270,410,510,580,880,880,880,18752,17,19,446.5147604078042,1.4693439989059698,69234.25248000058,44.95920435153584
1781536295,180,GET,/api/load/memory [GET],41.100000,0.000000,6,9,16,31,160,270,370,410,520,520,520,18638,15,8,300.3311387844305,1.2431080031092279,136956.09367900033,51.95815001609615
1781536295,180,GET,/api/products [GET],57.300000,0.000000,1,2,3,7,37,81,140,220,380,380,380,25359,22,2,181.8065272751988,0.7712580008956138,136776.4473399984,119.89589494853898
1781536295,180,,Aggregated,140.700000,0.000000,7,11,18,28,98,260,400,490,780,880,880,62749,54,10,296.11704213618367,0.7712580008956138,136956.09367900033,77.3225230680967
1781536296,180,GET,/api/load/cpu [GET],41.700000,0.000000,13,21,33,48,260,470,560,690,880,880,880,18792,17,19,445.8567339287544,1.4693439989059698,69234.25248000058,44.95929118773947
1781536296,180,GET,/api/load/memory [GET],40.400000,0.000000,6,9,15,31,160,270,350,400,680,680,680,18676,15,8,299.87868707968516,1.2431080031092279,136956.09367900033,51.95823516813022
1781536296,180,GET,/api/products [GET],56.500000,0.000000,1,2,3,7,42,100,200,290,380,380,380,25414,22,2,181.5325517600053,0.7712580008956138,136776.4473399984,119.89612024868183
1781536296,180,,Aggregated,138.600000,0.000000,7,11,18,26,100,270,410,520,830,880,880,62882,54,10,295.6735214261377,0.7712580008956138,136956.09367900033,77.323987786648
1781536297,180,GET,/api/load/cpu [GET],41.300000,0.000000,13,21,32,49,260,470,550,710,1000,1000,1000,18828,17,19,445.31388836255326,1.4693439989059698,69234.25248000058,44.9593690248566
1781536297,180,GET,/api/load/memory [GET],40.300000,0.000000,5,8,12,20,130,260,340,390,680,680,680,18712,15,8,299.38696137639977,1.2431080031092279,136956.09367900033,51.95831551945276
1781536297,180,GET,/api/products [GET],56.900000,0.000000,1,2,3,5,37,92,160,290,380,380,380,25474,22,2,181.137379275252,0.7712580008956138,136776.4473399984,119.89636492109602
1781536297,180,,Aggregated,138.500000,0.000000,6,10,15,23,92,260,410,500,830,1000,1000,63014,54,10,295.1850749202303,0.7712580008956138,136956.09367900033,77.33168819627384
1781536298,180,GET,/api/load/cpu [GET],41.300000,0.000000,14,23,42,65,300,480,580,740,1000,1000,1000,18875,17,19,444.4103236044582,1.4693439989059698,69234.25248000058,44.9594701986755
1781536298,180,GET,/api/load/memory [GET],39.800000,0.000000,6,9,14,35,180,300,400,480,680,680,680,18752,15,8,298.9386612227597,1.2431080031092279,136956.09367900033,51.95840443686007
1781536298,180,GET,/api/products [GET],57.000000,0.000000,1,2,4,8,54,100,190,290,380,380,380,25537,22,2,180.75483160934255,0.7712580008956138,136776.4473399984,119.89662058973255
1781536298,180,,Aggregated,138.100000,0.000000,7,11,18,31,120,290,470,550,830,1000,1000,63164,54,10,294.6279331279108,0.7712580008956138,136956.09367900033,77.33414603255018
1781536299,180,GET,/api/load/cpu [GET],40.300000,0.000000,14,23,41,67,290,480,580,740,1000,1000,1000,18924,17,19,443.32724597115475,1.4693439989059698,69234.25248000058,44.959575142675966
1781536299,180,GET,/api/load/memory [GET],39.600000,0.000000,6,8,16,34,180,300,400,480,680,680,680,18788,15,8,298.40216648574636,1.2431080031092279,136956.09367900033,51.95848413881201
1781536299,180,GET,/api/products [GET],56.900000,0.000000,1,2,4,7,54,100,190,290,380,380,380,25593,22,2,180.37242222313796,0.7712580008956138,136776.4473399984,119.89684679404525
1781536299,180,,Aggregated,136.800000,0.000000,7,11,19,30,120,290,470,550,830,1000,1000,63305,54,10,294.00799476580585,0.7712580008956138,136956.09367900033,77.33245399257562
1781536300,180,GET,/api/load/cpu [GET],40.500000,0.000000,15,26,47,69,230,480,580,740,1000,1000,1000,18962,17,19,442.57784240033413,1.4693439989059698,69234.25248000058,44.95965615441409
1781536300,180,GET,/api/load/memory [GET],39.000000,0.000000,6,9,18,43,180,300,400,480,680,680,680,18824,15,8,297.8905072636626,1.2431080031092279,136956.09367900033,51.9585635359116
1781536300,180,GET,/api/products [GET],57.500000,0.000000,1,2,6,14,56,110,190,290,380,380,380,25665,22,2,179.9139633954321,0.7712580008956138,136776.4473399984,119.89713617767387
1781536300,180,,Aggregated,137.000000,0.000000,8,12,21,32,110,270,470,550,830,1000,1000,63451,54,10,293.40977804715976,0.7712580008956138,136956.09367900033,77.34713400892026
1781536301,180,GET,/api/load/cpu [GET],40.700000,0.000000,17,31,69,110,330,490,580,740,1000,1000,1000,19014,17,19,441.715573427008,1.4693439989059698,69234.25248000058,44.959766487851056
1781536301,180,GET,/api/load/memory [GET],38.300000,0.000000,7,12,43,81,200,300,400,480,680,680,680,18859,15,8,297.4616205466447,1.2431080031092279,136956.09367900033,51.958640436926665
1781536301,180,GET,/api/products [GET],57.600000,0.000000,2,3,10,19,67,110,190,290,380,380,380,25711,22,2,179.6419016880226,0.7712580008956138,136776.4473399984,119.89732021313834
1781536301,180,,Aggregated,136.600000,0.000000,9,15,30,56,150,300,480,550,830,1000,1000,63584,54,10,292.957057582588,0.7712580008956138,136956.09367900033,77.33758492702567
1781536302,180,GET,/api/load/cpu [GET],40.700000,0.000000,21,53,100,160,390,490,580,740,1000,1000,1000,19055,17,19,441.11245760210534,1.4693439989059698,69234.25248000058,44.95985305694044
1781536302,180,GET,/api/load/memory [GET],38.000000,0.000000,8,16,72,100,210,300,400,480,680,680,680,18902,15,8,296.93462275310367,1.2431080031092279,136956.09367900033,51.95873452544704
1781536302,180,GET,/api/products [GET],59.000000,0.000000,2,5,18,31,76,120,190,290,380,380,380,25764,22,2,179.33158856248107,0.7712580008956138,136776.4473399984,119.89753143921752
1781536302,180,,Aggregated,137.700000,0.000000,10,20,49,75,180,340,480,550,830,1000,1000,63721,54,10,292.49941411169425,0.7712580008956138,136956.09367900033,77.33516423157201
1781536303,180,GET,/api/load/cpu [GET],42.300000,0.000000,21,60,110,190,400,490,580,740,1000,1000,1000,19102,17,19,440.2452110440848,1.4693439989059698,69234.25248000058,44.95995183750393
1781536303,180,GET,/api/load/memory [GET],37.000000,0.000000,8,23,75,110,200,300,400,480,680,680,680,18945,15,8,296.38190767285175,1.2431080031092279,136956.09367900033,51.95882818685669
1781536303,180,GET,/api/products [GET],57.900000,0.000000,2,8,21,37,79,120,190,290,380,380,380,25813,22,2,179.03048095071216,0.7712580008956138,136776.4473399984,119.89772595203966
1781536303,180,,Aggregated,137.200000,0.000000,10,23,56,81,190,350,480,560,830,1000,1000,63860,54,10,291.979847588588,0.7712580008956138,136956.09367900033,77.32704353272784
1781536304,180,GET,/api/load/cpu [GET],41.600000,0.000000,21,68,120,180,340,460,580,740,1000,1000,1000,19147,17,19,439.43019891513507,1.4693439989059698,69234.25248000058,44.96004596020264
1781536304,180,GET,/api/load/memory [GET],37.200000,0.000000,9,34,81,100,180,260,400,480,680,680,680,18982,15,8,295.9481825924656,1.2431080031092279,136956.09367900033,51.95890843957434
1781536304,180,GET,/api/products [GET],58.000000,0.000000,2,10,24,43,76,100,160,200,370,370,370,25862,22,2,178.73213956042537,0.7712580008956138,136776.4473399984,119.89791972778595
1781536304,180,,Aggregated,136.800000,0.000000,10,26,61,82,170,320,460,550,830,1000,1000,63991,54,10,291.50707152427987,0.7712580008956138,136956.09367900033,77.32234220437249
1781536305,180,GET,/api/load/cpu [GET],42.100000,0.000000,23,77,140,190,320,410,580,710,1000,1000,1000,19189,17,19,438.753559289338,1.4693439989059698,69234.25248000058,44.96013340976601
1781536305,180,GET,/api/load/memory [GET],37.400000,0.000000,10,42,87,110,170,230,390,480,500,500,500,19019,15,8,295.5093443406165,1.2431080031092279,136956.09367900033,51.95898838004101
1781536305,180,GET,/api/products [GET],56.700000,0.000000,2,12,33,47,76,97,150,160,270,270,270,25923,22,2,178.41204754352214,0.7712580008956138,136776.4473399984,119.89815993519268
1781536305,180,,Aggregated,136.200000,0.000000,11,32,64,86,170,270,410,490,780,1000,1000,64131,54,10,291.03724840854204,0.7712580008956138,136956.09367900033,77.3271584725016
1781536306,180,GET,/api/load/cpu [GET],43.600000,0.000000,23,77,130,190,300,390,490,580,780,780,780,19231,17,19,437.99303765883735,1.4693439989059698,69234.25248000058,44.96022047735427
1781536306,180,GET,/api/load/memory [GET],38.700000,0.000000,10,44,89,120,180,240,370,480,500,500,500,19062,15,8,294.97424582416244,1.2431080031092279,136956.09367900033,51.95908089392508
1781536306,180,GET,/api/products [GET],55.500000,0.000000,2,15,37,51,79,100,160,190,270,270,270,25971,22,2,178.14665898239255,0.7712580008956138,136776.4473399984,119.89834815756035
1781536306,180,,Aggregated,137.800000,0.000000,12,36,70,89,180,260,400,480,670,780,780,64264,54,10,290.55910092040887,0.7712580008956138,136956.09367900033,77.32095730113282
1781536307,180,GET,/api/load/cpu [GET],43.500000,0.000000,23,87,150,190,320,390,460,510,670,670,670,19261,17,19,437.4697805904735,1.4693439989059698,69234.25248000058,44.960282436010594
1781536307,180,GET,/api/load/memory [GET],38.000000,0.000000,9,42,87,110,170,230,280,370,480,480,480,19103,15,8,294.455553901335,1.2431080031092279,136956.09367900033,51.95916871695545
1781536307,180,GET,/api/products [GET],56.400000,0.000000,2,12,33,50,78,95,160,190,270,270,270,26028,22,2,177.78769303053292,0.7712580008956138,136776.4473399984,119.89857076994006
1781536307,180,,Aggregated,137.900000,0.000000,11,33,67,89,180,250,390,420,580,670,670,64392,54,10,290.07559889938454,0.7712580008956138,136956.09367900033,77.32755621816375
1781536308,180,GET,/api/load/cpu [GET],43.700000,0.000000,27,110,180,210,350,430,580,620,720,720,720,19309,17,19,436.7661627977689,1.4693439989059698,69234.25248000058,44.96038116940287
1781536308,180,GET,/api/load/memory [GET],38.700000,0.000000,10,44,89,120,180,250,370,420,640,640,640,19141,15,8,294.02770035553004,1.2431080031092279,136956.09367900033,51.959249777963535
1781536308,180,GET,/api/products [GET],55.900000,0.000000,3,18,44,56,86,140,190,260,410,410,410,26088,22,2,177.50792152283415,0.7712580008956138,136776.4473399984,119.89880404783808
1781536308,180,,Aggregated,138.300000,0.000000,13,44,78,100,200,330,420,500,670,720,720,64538,54,10,289.63290939686937,0.7712580008956138,136956.09367900033,77.32827171588832
1781536309,180,GET,/api/load/cpu [GET],43.300000,0.000000,26,120,190,230,340,430,580,620,720,720,720,19349,17,19,436.0662526449494,1.4693439989059698,69234.25248000058,44.96046307302703
1781536309,180,GET,/api/load/memory [GET],38.900000,0.000000,10,47,89,120,190,250,370,420,640,640,640,19186,15,8,293.4370209017619,1.2431080031092279,136956.09367900033,51.959345355988745
1781536309,180,GET,/api/products [GET],55.500000,0.000000,3,18,45,57,86,140,190,260,410,410,410,26136,22,2,177.20582290590355,0.7712580008956138,136776.4473399984,119.8989898989899
1781536309,180,,Aggregated,137.700000,0.000000,13,46,81,110,210,330,420,500,670,720,720,64671,54,10,289.13701648215095,0.7712580008956138,136956.09367900033,77.32232376180977
1781536310,180,GET,/api/load/cpu [GET],43.400000,0.000000,20,100,170,210,330,420,580,620,720,720,720,19393,17,19,435.19158890610584,1.4693439989059698,69234.25248000058,44.960552776775124
1781536310,180,GET,/api/load/memory [GET],38.500000,0.000000,9,36,68,100,180,250,370,420,640,640,640,19217,15,8,292.99123221887965,1.2431080031092279,136956.09367900033,51.95941093823178
1781536310,180,GET,/api/products [GET],54.700000,0.000000,2,12,34,51,81,130,190,260,410,410,410,26203,22,2,176.77471563514513,0.7712580008956138,136776.4473399984,119.89924817768957
1781536310,180,,Aggregated,136.600000,0.000000,10,31,67,94,190,300,410,500,670,720,720,64813,54,10,288.5549329146033,0.7712580008956138,136956.09367900033,77.3323870211223
1781536311,180,GET,/api/load/cpu [GET],42.700000,0.000000,20,78,150,190,300,400,580,620,720,720,720,19436,17,19,434.3735896083096,1.4693439989059698,69234.25248000058,44.96064004939288
1781536311,180,GET,/api/load/memory [GET],39.700000,0.000000,9,26,62,88,160,240,370,420,640,640,640,19255,15,8,292.4684153095416,1.2431080031092279,136956.09367900033,51.959491041287976
1781536311,180,GET,/api/products [GET],54.200000,0.000000,2,10,27,46,78,120,190,260,410,410,410,26260,22,2,176.41623008075774,0.7712580008956138,136776.4473399984,119.8994668697639
1781536311,180,,Aggregated,136.600000,0.000000,10,26,60,81,180,270,410,500,670,720,720,64951,54,10,288.0118031490383,0.7712580008956138,136956.09367900033,77.33360533325121
1781536312,180,GET,/api/load/cpu [GET],42.900000,0.000000,17,68,130,170,270,350,510,620,720,720,720,19480,17,19,433.454599185684,1.4693439989059698,69234.25248000058,44.96072895277207
1781536312,180,GET,/api/load/memory [GET],39.300000,0.000000,7,19,54,69,160,240,350,410,640,640,640,19292,15,8,291.9229980841922,1.2431080031092279,136956.09367900033,51.95956873315364
1781536312,180,GET,/api/products [GET],53.500000,0.000000,2,6,19,37,74,110,190,220,410,410,410,26319,22,2,176.0275425459439,0.7712580008956138,136776.4473399984,119.89969223754701
1781536312,180,,Aggregated,135.700000,0.000000,10,19,52,70,160,250,390,470,670,720,720,65091,54,10,287.41827539051803,0.7712580008956138,136956.09367900033,77.33602187706441
1781536313,180,GET,/api/load/cpu [GET],41.900000,0.000000,16,50,120,150,270,360,510,620,720,720,720,19519,17,19,432.6969073497675,1.4693439989059698,69234.25248000058,44.96080741841283
1781536313,180,GET,/api/load/memory [GET],39.400000,0.000000,6,12,28,57,150,230,370,410,640,640,640,19328,15,8,291.41352767390543,1.2431080031092279,136956.09367900033,51.959644039735096
1781536313,180,GET,/api/products [GET],54.700000,0.000000,2,5,15,31,74,120,190,220,410,410,410,26369,22,2,175.7206499501571,0.7712580008956138,136776.4473399984,119.89988243771094
1781536313,180,,Aggregated,136.000000,0.000000,9,16,39,63,150,250,390,470,670,720,720,65216,54,10,286.92083868954273,0.7712580008956138,136956.09367900033,77.33540848871442
1781536314,180,GET,/api/load/cpu [GET],42.500000,0.000000,16,56,130,200,340,500,660,720,860,860,860,19570,17,19,432.2828591941815,1.4693439989059698,69234.25248000058,44.960909555442
1781536314,180,GET,/api/load/memory [GET],38.900000,0.000000,6,11,24,59,160,250,420,600,650,650,650,19362,15,8,291.138530082184,1.2431080031092279,136956.09367900033,51.95971490548497
1781536314,180,GET,/api/products [GET],55.100000,0.000000,2,5,16,37,81,140,190,200,410,410,410,26423,22,2,175.49029991668905,0.7712580008956138,136776.4473399984,119.90008704537713
1781536314,180,,Aggregated,136.500000,0.000000,9,16,45,69,180,320,500,610,840,860,860,65355,54,10,286.6464688023903,0.7712580008956138,136956.09367900033,77.33224695891668
1781536315,180,GET,/api/load/cpu [GET],41.400000,0.000000,17,68,150,200,360,500,640,720,860,860,860,19614,17,19,431.58668805955557,1.4693439989059698,69234.25248000058,44.96099724686449
1781536315,180,GET,/api/load/memory [GET],38.500000,0.000000,7,12,26,57,150,240,410,600,650,650,650,19404,15,8,290.5868842420761,1.2431080031092279,136956.09367900033,51.959802102659246
1781536315,180,GET,/api/products [GET],55.600000,0.000000,2,5,13,29,76,130,180,200,410,410,410,26479,22,2,175.16584276278084,0.7712580008956138,136776.4473399984,119.90029834963556
1781536315,180,,Aggregated,135.500000,0.000000,9,17,45,68,180,330,500,610,840,860,860,65497,54,10,286.1490686893938,0.7712580008956138,136956.09367900033,77.33076324106447
1781536316,180,GET,/api/load/cpu [GET],41.200000,0.000000,17,56,120,160,340,500,640,720,860,860,860,19658,17,19,430.6842091701148,1.4693439989059698,69234.25248000058,44.96108454573202
1781536316,180,GET,/api/load/memory [GET],37.900000,0.000000,7,13,28,57,110,220,410,600,650,650,650,19440,15,8,290.1024430176058,1.2431080031092279,136956.09367900033,51.95987654320987
1781536316,180,GET,/api/products [GET],55.500000,0.000000,2,5,13,28,72,120,180,190,410,410,410,26534,22,2,174.81364844688625,0.7712580008956138,136776.4473399984,119.90050501243687
1781536316,180,,Aggregated,134.600000,0.000000,9,17,42,65,160,290,500,610,840,860,860,65632,54,10,285.5998144810193,0.7712580008956138,136956.09367900033,77.33095136518772
1781536317,180,GET,/api/load/cpu [GET],42.200000,0.000000,16,56,130,160,340,520,640,710,860,860,860,19694,17,19,430.2517870764251,1.4693439989059698,69234.25248000058,44.96115568193358
1781536317,180,GET,/api/load/memory [GET],38.000000,0.000000,7,11,27,57,110,190,300,490,650,650,650,19474,15,8,289.6776342654949,1.2431080031092279,136956.09367900033,51.959946595460615
1781536317,180,GET,/api/products [GET],55.100000,0.000000,2,4,10,26,65,94,150,180,250,250,250,26586,22,2,174.52221307171772,0.7712580008956138,136776.4473399984,119.90069961633942
1781536317,180,,Aggregated,135.300000,0.000000,9,16,38,63,150,270,500,600,840,860,860,65754,54,10,285.2208002721389,0.7712580008956138,136956.09367900033,77.33389603674301
1781536318,180,GET,/api/load/cpu [GET],42.400000,0.000000,17,51,130,200,420,550,670,760,860,860,860,19735,17,19,429.7367148360334,1.4693439989059698,69234.25248000058,44.961236382062324
1781536318,180,GET,/api/load/memory [GET],37.100000,0.000000,7,10,26,56,140,240,420,600,760,760,760,19524,15,8,289.14370296175207,1.2431080031092279,136956.09367900033,51.960049170252
1781536318,180,GET,/api/products [GET],55.600000,0.000000,2,5,16,34,82,160,250,300,420,420,420,26637,22,2,174.37166672529474,0.7712580008956138,136776.4473399984,119.90088973983556
1781536318,180,,Aggregated,135.100000,0.000000,9,16,42,68,180,340,550,610,840,860,860,65896,54,10,284.85543599727157,0.7712580008956138,136956.09367900033,77.32757678766541
1781536319,180,GET,/api/load/cpu [GET],42.900000,0.000000,18,56,150,230,480,570,710,840,920,920,920,19768,17,19,429.36461087323494,1.4693439989059698,69234.25248000058,44.96130109267503
1781536319,180,GET,/api/load/memory [GET],36.800000,0.000000,7,12,32,73,190,280,420,600,760,760,760,19561,15,8,288.7715875842874,1.2431080031092279,136956.09367900033,51.96012473799908
1781536319,180,GET,/api/products [GET],55.700000,0.000000,2,5,20,47,95,170,290,340,420,420,420,26698,22,2,174.06265919625693,0.7712580008956138,136776.4473399984,119.90111618847854
1781536319,180,,Aggregated,135.400000,0.000000,9,18,51,77,220,400,570,670,860,920,920,66027,54,10,284.4815837112116,0.7712580008956138,136956.09367900033,77.33665015826858
1781536320,180,GET,/api/load/cpu [GET],42.000000,0.000000,16,48,130,230,480,580,710,840,920,920,920,19805,17,19,428.6230829158854,1.4693439989059698,69234.25248000058,44.96137339055794
1781536320,180,GET,/api/load/memory [GET],38.200000,0.000000,7,10,25,58,190,280,370,600,760,760,760,19610,15,8,288.0708328649277,1.2431080031092279,136956.09367900033,51.96022437531872
1781536320,180,GET,/api/products [GET],55.000000,0.000000,2,4,15,40,94,170,290,340,420,420,420,26763,22,2,173.6511755919617,0.7712580008956138,136776.4473399984,119.90135635018495
1781536320,180,,Aggregated,135.200000,0.000000,9,16,42,71,210,400,570,670,860,920,920,66178,54,10,283.86133763483593,0.7712580008956138,136956.09367900033,77.34171476925867
1781536321,180,GET,/api/load/cpu [GET],41.600000,0.000000,16,39,130,230,480,580,710,840,920,920,920,19849,17,19,427.7017981564374,1.4693439989059698,69234.25248000058,44.961459015567534
1781536321,180,GET,/api/load/memory [GET],37.400000,0.000000,7,9,21,54,180,270,370,600,760,760,760,19654,15,8,287.4438622866711,1.2431080031092279,136956.09367900033,51.96031342220413
1781536321,180,GET,/api/products [GET],55.600000,0.000000,2,3,13,40,94,170,290,340,420,420,420,26819,22,2,173.29303020707917,0.7712580008956138,136776.4473399984,119.9015623252172
1781536321,180,,Aggregated,134.600000,0.000000,9,15,36,69,210,400,570,670,860,920,920,66322,54,10,283.2607647253277,0.7712580008956138,136956.09367900033,77.33946503422695
1781536322,180,GET,/api/load/cpu [GET],41.200000,0.000000,17,50,140,220,480,570,710,840,920,920,920,19894,17,19,426.8815374954822,1.4693439989059698,69234.25248000058,44.961546194832614
1781536322,180,GET,/api/load/memory [GET],38.900000,0.000000,7,10,30,66,180,270,370,600,760,760,760,19699,15,8,286.85355672466824,1.2431080031092279,136956.09367900033,51.96040408142545
1781536322,180,GET,/api/products [GET],56.000000,0.000000,2,4,22,42,95,170,290,340,420,420,420,26874,22,2,172.9698321572396,0.7712580008956138,136776.4473399984,119.9017637865595
1781536322,180,,Aggregated,136.100000,0.000000,9,17,47,75,210,400,560,670,860,920,920,66467,54,10,282.719256025519,0.7712580008956138,136956.09367900033,77.33571546782613
1781536323,180,GET,/api/load/cpu [GET],40.900000,0.000000,15,25,57,120,400,550,670,760,920,920,920,19948,17,19,425.7802233546789,1.4693439989059698,69234.25248000058,44.96165029075596
1781536323,180,GET,/api/load/memory [GET],39.900000,0.000000,6,9,19,34,110,230,320,370,760,760,760,19739,15,8,286.2898250896318,1.2431080031092279,136956.09367900033,51.96048432038097
1781536323,180,GET,/api/products [GET],55.600000,0.000000,2,3,7,18,65,150,290,340,420,420,420,26933,22,2,172.6022305443,0.7712580008956138,136776.4473399984,119.90197898488843
1781536323,180,,Aggregated,136.400000,0.000000,9,13,24,43,140,310,500,600,860,920,920,66620,54,10,282.095986613227,0.7712580008956138,136956.09367900033,77.33207745421795
1781536324,180,GET,/api/load/cpu [GET],41.100000,0.000000,14,20,37,69,290,500,650,740,920,920,920,19994,17,19,424.86249131355066,1.4693439989059698,69234.25248000058,44.96173852155647
1781536324,180,GET,/api/load/memory [GET],40.300000,0.000000,6,8,11,22,96,220,310,370,760,760,760,19784,15,8,285.6633810294292,1.2431080031092279,136956.09367900033,51.96057420137485
1781536324,180,GET,/api/products [GET],55.600000,0.000000,1,2,5,10,57,140,290,340,420,420,420,26976,22,2,172.3380393419201,0.7712580008956138,136776.4473399984,119.90213523131672
1781536324,180,,Aggregated,137.000000,0.000000,8,11,18,29,110,270,470,560,850,920,920,66754,54,10,281.5599953695237,0.7712580008956138,136956.09367900033,77.3202055307547
1781536325,180,GET,/api/load/cpu [GET],43.100000,0.000000,14,20,45,83,290,500,650,740,920,920,920,20040,17,19,423.99830289771205,1.4693439989059698,69234.25248000058,44.96182634730539
1781536325,180,GET,/api/load/memory [GET],40.600000,0.000000,6,9,13,25,83,220,310,370,760,760,760,19828,15,8,285.07074356739014,1.2431080031092279,136956.09367900033,51.96066169053863
1781536325,180,GET,/api/products [GET],55.500000,0.000000,2,3,5,15,59,120,290,340,420,420,420,27031,22,2,172.01332504027363,0.7712580008956138,136776.4473399984,119.90233435684954
1781536325,180,,Aggregated,139.200000,0.000000,8,12,19,29,110,270,470,560,850,920,920,66899,54,10,281.0057083467343,0.7712580008956138,136956.09367900033,77.31641728575913
1781536326,180,GET,/api/load/cpu [GET],42.600000,0.000000,13,19,29,53,170,410,580,740,920,920,920,20082,17,19,423.15463420317514,1.4693439989059698,69234.25248000058,44.96190618464296
1781536326,180,GET,/api/load/memory [GET],41.600000,0.000000,6,8,10,15,71,190,300,370,760,760,760,19863,15,8,284.58491600202433,1.2431080031092279,136956.09367900033,51.960731007400696
1781536326,180,GET,/api/products [GET],55.700000,0.000000,1,2,4,7,50,120,300,350,420,420,420,27084,22,2,171.68349942595725,0.7712580008956138,136776.4473399984,119.90252547629596
1781536326,180,,Aggregated,139.900000,0.000000,7,11,16,23,86,220,400,520,850,920,920,67029,54,10,280.4812461631409,0.7712580008956138,136956.09367900033,77.3166987423354
1781536327,180,GET,/api/load/cpu [GET],42.100000,0.000000,12,17,24,47,120,220,500,740,920,920,920,20123,17,19,422.3989248620568,1.4693439989059698,69234.25248000058,44.961983799632264
1781536327,180,GET,/api/load/memory [GET],42.800000,0.000000,6,8,10,11,53,110,230,300,370,370,370,19895,15,8,284.1521778284094,1.2431080031092279,136956.09367900033,51.960794169389295
1781536327,180,GET,/api/products [GET],54.900000,0.000000,1,2,3,5,29,57,100,140,390,390,390,27145,22,2,171.31225633772797,0.7712580008956138,136776.4473399984,119.90274452016946
1781536327,180,,Aggregated,139.800000,0.000000,6,10,13,18,57,120,290,400,850,920,920,67163,54,10,279.9668320531122,0.7712580008956138,136956.09367900033,77.32367523785418
1781536328,180,GET,/api/load/cpu [GET],42.400000,0.000000,12,17,22,39,100,150,220,290,560,560,560,20173,17,19,421.4397255372627,1.4693439989059698,69234.25248000058,44.96207802508303
1781536328,180,GET,/api/load/memory [GET],42.400000,0.000000,5,7,9,10,34,67,110,130,180,180,180,19939,15,8,283.5613290241844,1.2431080031092279,136956.09367900033,51.96088068609258
1781536328,180,GET,/api/products [GET],55.200000,0.000000,1,2,2,4,18,45,69,89,120,120,120,27210,22,2,170.91803238091228,0.7712580008956138,136776.4473399984,119.90297684674752
1781536328,180,,Aggregated,140.000000,0.000000,6,10,13,16,47,91,140,180,470,560,560,67322,54,10,279.34869112268245,0.7712580008956138,136956.09367900033,77.32432191556995
1781536329,180,GET,/api/load/cpu [GET],43.000000,0.000000,12,17,23,39,110,150,220,290,360,360,360,20210,17,19,420.7406140413262,1.4693439989059698,69234.25248000058,44.96214745175656
1781536329,180,GET,/api/load/memory [GET],42.300000,0.000000,5,7,9,10,46,76,110,130,180,180,180,19980,15,8,283.0069025690794,1.2431080031092279,136956.09367900033,51.96096096096096
1781536329,180,GET,/api/products [GET],55.300000,0.000000,1,2,3,4,18,45,69,86,120,120,120,27268,22,2,170.56482208283032,0.7712580008956138,136776.4473399984,119.90318321842453
1781536329,180,,Aggregated,140.600000,0.000000,6,10,13,17,49,94,150,190,330,360,360,67458,54,10,278.8195216528834,0.7712580008956138,136956.09367900033,77.32789291114472
1781536330,180,GET,/api/load/cpu [GET],43.600000,0.000000,13,19,31,49,110,150,220,290,360,360,360,20257,17,19,419.8368663275015,1.4693439989059698,69234.25248000058,44.96223527669448
1781536330,180,GET,/api/load/memory [GET],41.100000,0.000000,5,8,10,13,47,77,110,130,180,180,180,20024,15,8,282.41491708351094,1.2431080031092279,136956.09367900033,51.96104674390731
1781536330,180,GET,/api/products [GET],56.800000,0.000000,1,2,3,5,24,47,69,86,120,120,120,27333,22,2,170.1791465811881,0.7712580008956138,136776.4473399984,119.90341345626166
1781536330,180,,Aggregated,141.500000,0.000000,6,10,14,18,53,96,150,180,330,360,360,67614,54,10,278.2148418135334,0.7712580008956138,136956.09367900033,77.32996125062857
1781536331,180,GET,/api/load/cpu [GET],44.100000,0.000000,12,18,26,39,97,140,170,240,360,360,360,20291,17,19,419.17506187680226,1.4693439989059698,69234.25248000058,44.962298556010055
1781536331,180,GET,/api/load/memory [GET],41.400000,0.000000,5,7,9,10,28,60,100,110,180,180,180,20065,15,8,281.86278512924105,1.2431080031092279,136956.09367900033,51.96112633939696
1781536331,180,GET,/api/products [GET],56.900000,0.000000,1,2,2,4,18,45,64,70,96,96,96,27388,22,2,169.84640485609023,0.7712580008956138,136776.4473399984,119.90360741930773
1781536331,180,,Aggregated,142.400000,0.000000,6,10,12,16,44,83,130,160,330,360,360,67744,54,10,277.7044653454065,0.7712580008956138,136956.09367900033,77.33304794520548
1781536332,180,GET,/api/load/cpu [GET],45.100000,0.000000,13,20,35,56,130,180,350,400,480,480,480,20336,17,19,418.5136942852675,1.4693439989059698,69234.25248000058,44.96238198269079
1781536332,180,GET,/api/load/memory [GET],41.400000,0.000000,5,8,10,11,43,77,120,160,180,180,180,20105,15,8,281.36415803055013,1.2431080031092279,136956.09367900033,51.96120368067645
1781536332,180,GET,/api/products [GET],56.100000,0.000000,1,2,3,5,23,54,83,94,170,170,170,27444,22,2,169.54894144350664,0.7712580008956138,136776.4473399984,119.90380411018802
1781536332,180,,Aggregated,142.600000,0.000000,6,10,13,19,56,110,170,260,440,480,480,67885,54,10,277.2456659522016,0.7712580008956138,136956.09367900033,77.33188480518524
1781536333,180,GET,/api/load/cpu [GET],44.600000,0.000000,13,20,34,53,120,180,350,400,480,480,480,20381,17,19,417.6307282411171,1.4693439989059698,69234.25248000058,44.96246504096953
1781536333,180,GET,/api/load/memory [GET],40.800000,0.000000,5,7,10,13,46,81,120,160,180,180,180,20143,15,8,280.8514808076358,1.2431080031092279,136956.09367900033,51.96127687037681
1781536333,180,GET,/api/products [GET],56.400000,0.000000,1,2,3,5,21,51,83,94,170,170,170,27506,22,2,169.1722448848111,0.7712580008956138,136776.4473399984,119.90402094088563
1781536333,180,,Aggregated,141.800000,0.000000,6,10,13,19,55,110,170,260,440,480,480,68030,54,10,276.6746291046925,0.7712580008956138,136956.09367900033,77.33523445538732
1781536334,180,GET,/api/load/cpu [GET],43.600000,0.000000,12,20,33,47,120,170,330,390,480,480,480,20433,17,19,416.6493535823511,1.4693439989059698,69234.25248000058,44.962560563793865
1781536334,180,GET,/api/load/memory [GET],40.800000,0.000000,5,7,10,12,38,73,120,160,180,180,180,20186,15,8,280.2792799777179,1.2431080031092279,136956.09367900033,51.96135935797087
1781536334,180,GET,/api/products [GET],56.500000,0.000000,1,2,2,4,18,48,82,94,170,170,170,27557,22,2,168.87544667542267,0.7712580008956138,136776.4473399984,119.90419857023623
1781536334,180,,Aggregated,140.900000,0.000000,6,10,13,18,50,100,160,220,440,480,480,68176,54,10,276.12084122584497,0.7712580008956138,136956.09367900033,77.32650786200422
1781536335,180,GET,/api/load/cpu [GET],43.300000,0.000000,13,22,36,68,130,180,330,400,480,480,480,20472,17,19,415.94371900147445,1.4693439989059698,69234.25248000058,44.962631887456034
1781536335,180,GET,/api/load/memory [GET],40.800000,0.000000,6,8,10,14,43,77,120,160,180,180,180,20222,15,8,279.8138236512311,1.2431080031092279,136956.09367900033,51.96142814756206
1781536335,180,GET,/api/products [GET],56.900000,0.000000,1,2,2,5,18,50,82,94,170,170,170,27627,22,2,168.46094138102694,0.7712580008956138,136776.4473399984,119.90444130741666
1781536335,180,,Aggregated,141.000000,0.000000,6,10,13,19,53,100,160,230,440,480,480,68321,54,10,275.57654871572714,0.7712580008956138,136956.09367900033,77.33843181452262
1781536336,180,GET,/api/load/cpu [GET],43.800000,0.000000,13,20,32,44,110,170,330,400,480,480,480,20508,17,19,415.24357060508976,1.4693439989059698,69234.25248000058,44.96269748390872
1781536336,180,GET,/api/load/memory [GET],40.400000,0.000000,5,7,9,13,38,73,110,160,180,180,180,20265,15,8,279.2331408395855,1.2431080031092279,136956.09367900033,51.961509992598074
1781536336,180,GET,/api/products [GET],57.400000,0.000000,1,2,2,3,13,47,77,87,170,170,170,27687,22,2,168.10092475792396,0.7712580008956138,136776.4473399984,119.9046483909416
1781536336,180,,Aggregated,141.600000,0.000000,5,10,12,17,47,90,160,220,440,480,480,68460,54,10,275.0319171612072,0.7712580008956138,136956.09367900033,77.34290096406662
1781536337,177,GET,/api/load/cpu [GET],43.900000,0.000000,13,20,32,46,120,160,330,400,480,480,480,20553,17,19,414.4108901701061,1.4693439989059698,69234.25248000058,44.96277915632754
1781536337,177,GET,/api/load/memory [GET],38.400000,0.000000,6,8,10,15,40,77,110,150,180,180,180,20304,15,8,278.7351648371853,1.2431080031092279,136956.09367900033,51.96158392434988
1781536337,177,GET,/api/products [GET],58.400000,0.000000,1,2,2,4,16,51,82,87,170,170,170,27736,22,2,167.81594708309174,0.7712580008956138,136776.4473399984,119.90481684453418
1781536337,177,,Aggregated,140.700000,0.000000,6,10,13,18,51,94,160,230,440,480,480,68593,54,10,274.53776508998385,0.7712580008956138,136956.09367900033,77.33774583412301
1781536338,174,GET,/api/load/cpu [GET],42.400000,0.000000,13,21,35,60,130,200,330,400,480,480,480,20598,17,19,413.6707686879396,1.4693439989059698,69234.25248000058,44.96286047189047
1781536338,174,GET,/api/load/memory [GET],39.900000,0.000000,5,8,10,14,38,77,120,160,180,180,180,20340,15,8,278.2734024675133,1.2431080031092279,136956.09367900033,51.96165191740413
1781536338,174,GET,/api/products [GET],59.500000,0.000000,1,2,2,4,20,51,80,87,170,170,170,27796,22,2,167.47121149836832,0.7712580008956138,136776.4473399984,119.90502230536768
1781536338,174,,Aggregated,141.800000,0.000000,6,10,14,19,56,110,180,240,440,480,480,68734,54,10,274.0405228043222,0.7712580008956138,136956.09367900033,77.34054470858672
1781536339,172,GET,/api/load/cpu [GET],42.400000,0.000000,13,20,33,57,130,200,330,400,480,480,480,20637,17,18,412.9332190235592,1.4693439989059698,69234.25248000058,44.96293065852595
1781536339,172,GET,/api/load/memory [GET],40.400000,0.000000,5,7,9,12,33,70,120,160,180,180,180,20381,15,8,277.7254400684076,1.2431080031092279,136956.09367900033,51.961729061380694
1781536339,172,GET,/api/products [GET],58.400000,0.000000,1,2,2,3,17,48,80,87,170,170,170,27856,22,2,167.12372375982324,0.7712580008956138,136776.4473399984,119.90522688110282
1781536339,172,,Aggregated,141.200000,0.000000,5,10,13,17,50,100,180,240,440,480,480,68874,54,10,273.5055824270011,0.7712580008956138,136956.09367900033,77.3443098992363
1781536340,169,GET,/api/load/cpu [GET],42.600000,0.000000,13,21,33,57,130,200,330,400,480,480,480,20682,17,18,412.0914935337586,1.4693439989059698,69234.25248000058,44.96301131418625
1781536340,169,GET,/api/load/memory [GET],40.200000,0.000000,5,7,9,11,32,70,120,160,180,180,180,20412,15,8,277.31305955581115,1.2431080031092279,136956.09367900033,51.96178718400941
1781536340,169,GET,/api/products [GET],58.400000,0.000000,1,2,2,3,21,51,82,89,170,170,170,27912,22,2,166.79914618567756,0.7712580008956138,136776.4473399984,119.90541702493552
1781536340,169,,Aggregated,141.200000,0.000000,6,10,13,17,53,100,180,240,440,480,480,69006,54,10,273.00652420446454,0.7712580008956138,136956.09367900033,77.3464481349448
1781536341,166,GET,/api/load/cpu [GET],42.600000,0.000000,13,19,26,40,100,160,240,300,390,390,390,20720,17,18,411.36949618948813,1.4693439989059698,69234.25248000058,44.96307915057915
1781536341,166,GET,/api/load/memory [GET],39.800000,0.000000,5,7,9,11,24,51,89,140,180,180,180,20456,15,8,276.7405988007533,1.2431080031092279,136956.09367900033,51.96186937817755
1781536341,166,GET,/api/products [GET],58.600000,0.000000,1,2,2,3,11,34,63,82,170,170,170,27959,22,2,166.52587839342004,0.7712580008956138,136776.4473399984,119.90557602203226
1781536341,166,,Aggregated,141.000000,0.000000,5,10,12,15,39,84,150,190,350,390,390,69135,54,10,272.5172298273853,0.7712580008956138,136956.09367900033,77.34153467852752
1781536342,164,GET,/api/load/cpu [GET],41.800000,0.000000,12,18,25,39,97,150,200,240,310,310,310,20751,17,18,410.78691539931503,1.4693439989059698,69234.25248000058,44.9631343067804
1781536342,164,GET,/api/load/memory [GET],38.600000,0.000000,5,7,10,11,29,59,88,120,180,180,180,20497,15,8,276.22276279637043,1.2431080031092279,136956.09367900033,51.96194565058301
1781536342,164,GET,/api/products [GET],57.800000,0.000000,1,2,2,3,10,32,60,75,89,89,89,28018,22,2,166.18132691564816,0.7712580008956138,136776.4473399984,119.9057748590192
1781536342,164,,Aggregated,138.200000,0.000000,5,10,12,14,36,82,140,160,260,310,310,69266,54,10,272.02445165032316,0.7712580008956138,136956.09367900033,77.34839603846042
1781536343,161,GET,/api/load/cpu [GET],42.100000,0.000000,12,18,24,35,85,140,200,240,310,310,310,20797,17,18,409.9262599422109,1.4693439989059698,69234.25248000058,44.96321584843968
1781536343,161,GET,/api/load/memory [GET],38.600000,0.000000,5,7,9,11,22,59,89,120,180,180,180,20525,15,8,275.8581170463927,1.2431080031092279,136956.09367900033,51.961997563946404
1781536343,161,GET,/api/products [GET],56.800000,0.000000,1,2,2,2,10,28,60,75,89,89,89,28076,22,2,165.85133364480777,0.7712580008956138,136776.4473399984,119.9059695113264
1781536343,161,,Aggregated,137.500000,0.000000,5,10,12,15,34,76,130,160,260,310,310,69398,54,10,271.53039459072716,0.7712580008956138,136956.09367900033,77.35237326724113
1781536344,158,GET,/api/load/cpu [GET],41.800000,0.000000,12,16,21,30,77,130,180,240,310,310,310,20831,17,18,409.27732443872895,1.4693439989059698,69234.25248000058,44.96327588689933
1781536344,158,GET,/api/load/memory [GET],38.600000,0.000000,5,6,8,10,17,52,81,120,180,180,180,20562,15,8,275.372302472921,1.2431080031092279,136956.09367900033,51.962065946892324
1781536344,158,GET,/api/products [GET],56.600000,0.000000,1,2,2,2,7,27,60,75,89,89,89,28140,22,2,165.47878942546578,0.7712580008956138,136776.4473399984,119.90618336886993
1781536344,158,,Aggregated,137.000000,0.000000,5,9,11,13,27,63,120,160,260,310,310,69533,54,10,271.01425744990553,0.7712580008956138,136956.09367900033,77.36231717314081
1781536345,156,GET,/api/load/cpu [GET],41.100000,0.000000,12,16,21,30,79,130,180,240,310,310,310,20852,17,18,408.87849358225424,1.4693439989059698,69234.25248000058,44.963312871666986
1781536345,156,GET,/api/load/memory [GET],37.700000,0.000000,5,6,8,10,17,54,82,120,180,180,180,20603,15,8,274.8425585123623,1.2431080031092279,136956.09367900033,51.96214143571324
1781536345,156,GET,/api/products [GET],57.600000,0.000000,1,2,2,2,8,27,60,75,89,89,89,28191,22,2,165.18443962784622,0.7712580008956138,136776.4473399984,119.90635309141216
1781536345,156,,Aggregated,136.400000,0.000000,5,9,11,13,28,70,120,160,260,310,310,69646,54,10,270.58596500525925,0.7712580008956138,136956.09367900033,77.368851046722
1781536346,153,GET,/api/load/cpu [GET],39.600000,0.000000,11,16,21,28,77,130,190,240,310,310,310,20888,17,18,408.20009980927654,1.4693439989059698,69234.25248000058,44.96337610111068
1781536346,153,GET,/api/load/memory [GET],37.700000,0.000000,5,6,8,9,16,56,82,120,180,180,180,20642,15,8,274.33737083195405,1.2431080031092279,136956.09367900033,51.96221296386009
1781536346,153,GET,/api/products [GET],57.800000,0.000000,1,2,2,2,7,27,60,75,89,89,89,28242,22,2,164.89130511570016,0.7712580008956138,136776.4473399984,119.90652220097726
1781536346,153,,Aggregated,135.100000,0.000000,5,9,11,12,27,70,110,160,260,310,310,69772,54,10,270.1114477527845,0.7712580008956138,136956.09367900033,77.36913088344895
1781536347,150,GET,/api/load/cpu [GET],37.800000,0.000000,11,15,20,25,64,93,160,200,360,360,360,20927,17,18,407.5723736465889,1.4693439989059698,69234.25248000058,44.96344435418359
1781536347,150,GET,/api/load/memory [GET],38.300000,0.000000,5,6,8,9,14,40,82,95,190,190,190,20673,15,8,273.962259961215,1.2431080031092279,136956.09367900033,51.96226962704978
1781536347,150,GET,/api/products [GET],57.200000,0.000000,1,2,2,2,7,27,62,75,90,90,90,28296,22,2,164.6015617893556,0.7712580008956138,136776.4473399984,119.9067005937235
1781536347,150,,Aggregated,133.300000,0.000000,5,9,10,12,25,59,88,140,280,360,360,69896,54,10,269.6928959578846,0.7712580008956138,136956.09367900033,77.37275380565411
1781536348,148,GET,/api/load/cpu [GET],38.100000,0.000000,11,15,21,28,75,140,270,370,550,550,550,20969,17,18,406.8972812239578,1.4693439989059698,69234.25248000058,44.96351757356097
1781536348,148,GET,/api/load/memory [GET],38.000000,0.000000,5,7,8,9,15,50,82,95,190,190,190,20701,15,8,273.6028126988648,1.2431080031092279,136956.09367900033,51.96232066083764
1781536348,148,GET,/api/products [GET],55.600000,0.000000,1,2,2,2,7,27,75,88,130,130,130,28339,22,2,164.369029677286,0.7712580008956138,136776.4473399984,119.90684216097956
1781536348,148,,Aggregated,131.700000,0.000000,5,9,10,12,27,70,110,180,400,550,550,70009,54,10,269.31015794668275,0.7712580008956138,136956.09367900033,77.3693667956977
1781536349,145,GET,/api/load/cpu [GET],37.700000,0.000000,12,17,21,28,72,140,270,370,550,550,550,21006,17,18,406.22675970314026,1.4693439989059698,69234.25248000058,44.96358183376178
1781536349,145,GET,/api/load/memory [GET],36.600000,0.000000,5,7,9,10,16,50,82,95,190,190,190,20737,15,8,273.1423180358394,1.2431080031092279,136956.09367900033,51.96238607320249
1781536349,145,GET,/api/products [GET],55.400000,0.000000,1,2,2,2,7,27,75,87,130,130,130,28386,22,2,164.1046322759324,0.7712580008956138,136776.4473399984,119.90699640667935
1781536349,145,,Aggregated,129.700000,0.000000,5,9,10,12,28,65,97,180,400,550,550,70129,54,10,268.8705907002566,0.7712580008956138,136956.09367900033,77.36783641574812
1781536350,142,GET,/api/load/cpu [GET],36.600000,0.000000,12,17,22,30,77,170,320,380,550,550,550,21038,17,18,405.704757502575,1.4693439989059698,69234.25248000058,44.96363722787337
1781536350,142,GET,/api/load/memory [GET],36.000000,0.000000,5,7,9,10,29,56,85,140,190,190,190,20769,15,8,272.7634821789304,1.2431080031092279,136956.09367900033,51.962444027155854
1781536350,142,GET,/api/products [GET],54.300000,0.000000,1,2,2,2,10,39,83,90,130,130,130,28431,22,2,163.86584682556403,0.7712580008956138,136776.4473399984,119.90714361084731
1781536350,142,,Aggregated,126.900000,0.000000,5,9,11,14,37,77,140,250,400,550,550,70238,54,10,268.50296621218274,0.7712580008956138,136956.09367900033,77.36884592385888
1781536351,139,GET,/api/load/cpu [GET],36.600000,0.000000,12,16,22,30,77,170,320,380,550,550,550,21070,17,18,405.11335931823356,1.4693439989059698,69234.25248000058,44.96369245372568
1781536351,139,GET,/api/load/memory [GET],35.800000,0.000000,5,7,8,9,17,46,85,140,190,190,190,20801,15,8,272.35385696491545,1.2431080031092279,136956.09367900033,51.962501802797945
1781536351,139,GET,/api/products [GET],53.100000,0.000000,1,2,2,2,11,39,83,90,130,130,130,28485,22,2,163.56372272289263,0.7712580008956138,136776.4473399984,119.9073196419168
1781536351,139,,Aggregated,125.500000,0.000000,5,9,11,13,32,75,140,250,400,550,550,70356,54,10,268.06645774808544,0.7712580008956138,136956.09367900033,77.37530558872022
1781536352,137,GET,/api/load/cpu [GET],36.200000,0.000000,11,15,21,28,77,180,320,380,550,550,550,21096,17,18,404.6315645193965,1.4693439989059698,69234.25248000058,44.96373720136519
1781536352,137,GET,/api/load/memory [GET],35.600000,0.000000,5,6,7,8,15,46,85,140,190,190,190,20834,15,8,271.93121277556844,1.2431080031092279,136956.09367900033,51.96256119804166
1781536352,137,GET,/api/products [GET],52.300000,0.000000,1,2,2,2,9,36,83,90,130,130,130,28534,22,2,163.28528183162481,0.7712580008956138,136776.4473399984,119.90747879722436
1781536352,137,,Aggregated,124.100000,0.000000,5,9,10,12,28,75,140,260,400,550,550,70464,54,10,267.66440457327576,0.7712580008956138,136956.09367900033,77.38111659854678
1781536353,134,GET,/api/load/cpu [GET],35.000000,0.000000,11,16,23,31,79,180,320,380,550,550,550,21129,17,18,404.03169358484496,1.4693439989059698,69234.25248000058,44.96379383785319
1781536353,134,GET,/api/load/memory [GET],34.700000,0.000000,5,6,8,8,16,48,85,140,190,190,190,20872,15,8,271.45283434947277,1.2431080031092279,136956.09367900033,51.962629359908014
1781536353,134,GET,/api/products [GET],52.400000,0.000000,1,2,2,2,10,41,83,90,130,130,130,28572,22,2,163.07467465762264,0.7712580008956138,136776.4473399984,119.90760184796304
1781536353,134,,Aggregated,122.100000,0.000000,5,9,10,12,34,77,140,260,400,550,550,70573,54,10,267.26820195562505,0.7712580008956138,136956.09367900033,77.375256826265
1781536354,131,GET,/api/load/cpu [GET],34.300000,0.000000,12,17,22,30,80,180,320,380,550,550,550,21164,17,18,403.38994704437647,1.4693439989059698,69234.25248000058,44.963853713853716
1781536354,131,GET,/api/load/memory [GET],33.700000,0.000000,5,6,8,8,18,46,78,140,190,190,190,20905,15,8,271.03741079948384,1.2431080031092279,136956.09367900033,51.96268835206888
1781536354,131,GET,/api/products [GET],51.900000,0.000000,1,2,2,2,10,44,83,90,130,130,130,28606,22,2,162.88521830100652,0.7712580008956138,136776.4473399984,119.90771166888065
1781536354,131,,Aggregated,119.900000,0.000000,5,9,11,13,34,77,140,260,400,550,550,70675,54,10,266.8960235830115,0.7712580008956138,136956.09367900033,77.36788114609126
1781536355,129,GET,/api/load/cpu [GET],33.000000,0.000000,12,17,22,31,81,180,320,380,550,550,550,21186,17,18,402.9831289063627,1.4693439989059698,69234.25248000058,44.963891248937976
1781536355,129,GET,/api/load/memory [GET],34.100000,0.000000,5,6,8,8,16,46,78,140,190,190,190,20947,15,8,270.50571192176477,1.2431080031092279,136956.09367900033,51.96276316417625
1781536355,129,GET,/api/products [GET],49.600000,0.000000,1,2,2,2,10,41,83,90,130,130,130,28653,22,2,162.6204650096184,0.7712580008956138,136776.4473399984,119.90786305098942
1781536355,129,,Aggregated,116.700000,0.000000,5,9,11,13,33,77,150,260,400,550,550,70786,54,10,266.4855748390411,0.7712580008956138,136956.09367900033,77.37107620150877
1781536356,126,GET,/api/load/cpu [GET],33.600000,0.000000,12,16,21,26,79,170,360,380,550,550,550,21220,17,18,402.3964605350243,1.4693439989059698,69234.25248000058,44.96394910461829
1781536356,126,GET,/api/load/memory [GET],34.100000,0.000000,5,6,7,8,16,40,75,140,190,190,190,20978,15,8,270.1222884806084,1.2431080031092279,136956.09367900033,51.96281819048527
1781536356,126,GET,/api/products [GET],47.100000,0.000000,1,2,2,2,10,50,83,90,130,130,130,28688,22,2,162.4368570479849,0.7712580008956138,136776.4473399984,119.9079754601227
1781536356,126,,Aggregated,114.800000,0.000000,5,9,10,13,30,75,140,260,400,550,550,70886,54,10,266.1381205780038,0.7712580008956138,136956.09367900033,77.36550235589539
1781536357,123,GET,/api/load/cpu [GET],33.000000,0.000000,11,15,18,22,47,90,170,310,380,380,380,21249,17,18,401.86625234543897,1.4693439989059698,69234.25248000058,44.963998305802626
1781536357,123,GET,/api/load/memory [GET],34.300000,0.000000,5,6,7,8,15,38,75,78,160,160,160,20997,15,8,269.8876373020056,1.2431080031092279,136956.09367900033,51.962851835976565
1781536357,123,GET,/api/products [GET],46.500000,0.000000,1,2,2,2,5,26,68,81,98,98,98,28723,22,2,162.24050920097454,0.7712580008956138,136776.4473399984,119.9080875953069
1781536357,123,,Aggregated,113.800000,0.000000,5,9,10,12,23,50,90,140,380,380,380,70969,54,10,265.8360814200339,0.7712580008956138,136956.09367900033,77.366512139103
1781536358,121,GET,/api/load/cpu [GET],32.800000,0.000000,11,14,17,20,34,88,170,310,380,380,380,21283,17,18,401.242419689246,1.4693439989059698,69234.25248000058,44.96405581919842
1781536358,121,GET,/api/load/memory [GET],33.300000,0.000000,5,6,7,8,12,37,75,78,160,160,160,21029,15,8,269.4847697915831,1.2431080031092279,136956.09367900033,51.962908364639304
1781536358,121,GET,/api/products [GET],44.600000,0.000000,1,2,2,2,4,26,67,81,98,98,98,28754,22,2,162.06697798750045,0.7712580008956138,136776.4473399984,119.90818668706963
1781536358,121,,Aggregated,110.700000,0.000000,5,9,10,11,21,46,88,120,380,380,380,71066,54,10,265.48154570746004,0.7712580008956138,136956.09367900033,77.35820223454253
1781536359,118,GET,/api/load/cpu [GET],32.400000,0.000000,11,13,15,17,27,67,140,250,380,380,380,21314,17,18,400.6758608618383,1.4693439989059698,69234.25248000058,44.96410809796378
1781536359,118,GET,/api/load/memory [GET],33.300000,0.000000,5,5,6,7,9,21,56,78,160,160,160,21056,15,8,269.14660208730055,1.2431080031092279,136956.09367900033,51.962955927051674
1781536359,118,GET,/api/products [GET],43.800000,0.000000,1,1,2,2,3,17,66,80,97,97,97,28803,22,2,161.79492301137333,0.7712580008956138,136776.4473399984,119.9083428809499
1781536359,118,,Aggregated,109.500000,0.000000,5,9,10,11,17,31,78,99,380,380,380,71173,54,10,265.09119075290306,0.7712580008956138,136956.09367900033,77.36384584041701
1781536360,115,GET,/api/load/cpu [GET],31.700000,0.000000,11,13,15,17,28,53,99,140,190,190,190,21335,17,18,400.30065185883416,1.4693439989059698,69234.25248000058,44.96414342629482
1781536360,115,GET,/api/load/memory [GET],32.900000,0.000000,5,5,7,8,10,20,49,75,92,92,92,21089,15,8,268.73755577728645,1.2431080031092279,136956.09367900033,51.96301389349898
1781536360,115,GET,/api/products [GET],41.700000,0.000000,1,1,2,2,3,9,45,67,81,81,81,28840,22,2,161.59061734821736,0.7712580008956138,136776.4473399984,119.90846047156727
1781536360,115,,Aggregated,106.300000,0.000000,5,9,10,10,16,28,66,81,190,190,190,71264,54,10,264.7633324752804,0.7712580008956138,136956.09367900033,77.36470026942075
1781536361,113,GET,/api/load/cpu [GET],30.900000,0.000000,10,12,14,17,27,53,99,140,190,190,190,21357,17,18,399.89866165988803,1.4693439989059698,69234.25248000058,44.96418036241045
1781536361,113,GET,/api/load/memory [GET],31.900000,0.000000,5,5,6,7,9,19,49,75,92,92,92,21120,15,8,268.3506646644979,1.2431080031092279,136956.09367900033,51.96306818181818
1781536361,113,GET,/api/products [GET],41.000000,0.000000,1,1,2,2,3,8,45,67,81,81,81,28876,22,2,161.390862624657,0.7712580008956138,136776.4473399984,119.90857459481923
1781536361,113,,Aggregated,103.800000,0.000000,5,9,9,10,15,28,66,81,190,190,190,71353,54,10,264.4391168406988,0.7712580008956138,136956.09367900033,77.36521239471361
1781536362,110,GET,/api/load/cpu [GET],30.000000,0.000000,10,12,14,16,23,40,94,140,190,190,190,21387,17,18,399.3533576661162,1.4693439989059698,69234.25248000058,44.96423060737831
1781536362,110,GET,/api/load/memory [GET],32.100000,0.000000,5,5,6,7,9,15,33,63,92,92,92,21145,15,8,268.0398406638066,1.2431080031092279,136956.09367900033,51.963111846772286
1781536362,110,GET,/api/products [GET],40.600000,0.000000,1,1,2,2,2,5,41,67,81,81,81,28909,22,2,161.20812342974784,0.7712580008956138,136776.4473399984,119.90867895810993
1781536362,110,,Aggregated,102.700000,0.000000,5,9,9,10,14,22,52,80,190,190,190,71441,54,10,264.12057965975254,0.7712580008956138,136956.09367900033,77.3624389356252
1781536363,107,GET,/api/load/cpu [GET],29.300000,0.000000,10,12,13,15,21,40,94,140,190,190,190,21421,17,18,398.73875972873424,1.4693439989059698,69234.25248000058,44.964287381541475
1781536363,107,GET,/api/load/memory [GET],31.900000,0.000000,5,6,7,8,9,12,33,63,92,92,92,21163,15,8,267.81762807310844,1.2431080031092279,136956.09367900033,51.963143221660445
1781536363,107,GET,/api/products [GET],39.700000,0.000000,1,1,2,2,2,8,26,67,81,81,81,28954,22,2,160.96036870956002,0.7712580008956138,136776.4473399984,119.90882088830558
1781536363,107,,Aggregated,100.900000,0.000000,5,9,9,10,13,21,52,80,190,190,190,71538,54,10,263.77105804855324,0.7712580008956138,136956.09367900033,77.36749699460427
1781536364,105,GET,/api/load/cpu [GET],29.000000,0.000000,10,11,13,15,20,38,94,140,190,190,190,21444,17,18,398.3220265335394,1.4693439989059698,69234.25248000058,44.96432568550644
1781536364,105,GET,/api/load/memory [GET],31.200000,0.000000,5,5,6,7,9,12,31,63,92,92,92,21191,15,8,267.4707952280785,1.2431080031092279,136956.09367900033,51.96319192109858
1781536364,105,GET,/api/products [GET],38.400000,0.000000,1,1,2,2,2,6,26,55,81,81,81,28984,22,2,160.79497715231128,0.7712580008956138,136776.4473399984,119.90891526359371
1781536364,105,,Aggregated,98.600000,0.000000,5,9,9,10,13,20,47,80,190,190,190,71619,54,10,263.4785849627391,0.7712580008956138,136956.09367900033,77.36504279590612
1781536365,102,GET,/api/load/cpu [GET],28.700000,0.000000,10,11,12,13,19,24,45,57,170,170,170,21466,17,18,397.92586859415906,1.4693439989059698,69234.25248000058,44.96436224727476
1781536365,102,GET,/api/load/memory [GET],30.000000,0.000000,5,5,6,7,9,12,31,34,78,78,78,21216,15,8,267.16269265833324,1.2431080031092279,136956.09367900033,51.963235294117645
1781536365,102,GET,/api/products [GET],37.500000,0.000000,1,1,1,2,2,3,10,12,80,80,80,29015,22,2,160.62495722879802,0.7712580008956138,136776.4473399984,119.90901257970016
1781536365,102,,Aggregated,96.200000,0.000000,4,9,9,10,12,17,31,45,170,170,170,71697,54,10,263.19836975989756,0.7712580008956138,136956.09367900033,77.3647014519436
1781536366,99,GET,/api/load/cpu [GET],28.200000,0.000000,10,11,12,13,18,22,40,47,57,57,57,21484,17,18,397.6010438741962,1.4693439989059698,69234.25248000058,44.96439210575312
1781536366,99,GET,/api/load/memory [GET],28.400000,0.000000,5,5,6,7,9,10,19,25,34,34,34,21246,15,8,266.7938181403186,1.2431080031092279,136956.09367900033,51.963287207003674
1781536366,99,GET,/api/products [GET],37.100000,0.000000,1,1,1,2,2,2,9,12,41,41,41,29044,22,2,160.4659292769101,0.7712580008956138,136776.4473399984,119.90910342927971
1781536366,99,,Aggregated,93.700000,0.000000,4,8,9,10,11,15,20,35,57,57,57,71774,54,10,262.9215974687407,0.7712580008956138,136956.09367900033,77.36320951876723
1781536367,97,GET,/api/load/cpu [GET],28.000000,0.000000,10,11,12,13,17,20,38,45,57,57,57,21505,17,18,397.2247915209126,1.4693439989059698,69234.25248000058,44.96442687747036
1781536367,97,GET,/api/load/memory [GET],26.900000,0.000000,5,5,6,7,9,12,20,25,34,34,34,21269,15,8,266.51262271917886,1.2431080031092279,136956.09367900033,51.96332690770605
1781536367,97,GET,/api/products [GET],36.300000,0.000000,1,1,2,2,2,2,9,12,41,41,41,29080,22,2,160.26909652309422,0.7712580008956138,136776.4473399984,119.9092159559835
1781536367,97,,Aggregated,91.200000,0.000000,4,8,9,10,12,16,20,33,57,57,57,71854,54,10,262.63536394860967,0.7712580008956138,136956.09367900033,77.36699418264814
1781536368,94,GET,/api/load/cpu [GET],27.000000,0.000000,10,11,13,14,18,23,40,45,57,57,57,21529,17,18,396.7985793426182,1.4693439989059698,69234.25248000058,44.96446653351293
1781536368,94,GET,/api/load/memory [GET],26.800000,0.000000,5,5,6,7,9,13,20,25,34,34,34,21287,15,8,266.2912146400716,1.2431080031092279,136956.09367900033,51.96335791797811
1781536368,94,GET,/api/products [GET],36.000000,0.000000,1,1,2,2,2,2,8,12,13,13,13,29110,22,2,160.1055574765912,0.7712580008956138,136776.4473399984,119.90930951563037
1781536368,94,,Aggregated,89.800000,0.000000,4,8,9,10,12,16,22,34,57,57,57,71926,54,10,262.3792575543527,0.7712580008956138,136956.09367900033,77.36762783972416
1781536369,91,GET,/api/load/cpu [GET],25.400000,0.000000,10,11,11,13,16,19,24,35,45,45,45,21550,17,18,396.4216711155095,1.4693439989059698,69234.25248000058,44.96450116009281
1781536369,91,GET,/api/load/memory [GET],26.700000,0.000000,5,5,6,6,8,10,16,19,34,34,34,21309,15,8,266.02194485481243,1.2431080031092279,136956.09367900033,51.963395748275374
1781536369,91,GET,/api/products [GET],35.300000,0.000000,1,1,2,2,2,2,3,7,12,12,12,29140,22,2,159.9423728869109,0.7712580008956138,136776.4473399984,119.90940288263555
1781536369,91,,Aggregated,87.400000,0.000000,4,7,9,10,11,14,19,22,45,45,45,71999,54,10,262.11849305372795,0.7712580008956138,136956.09367900033,77.3681995583272
1781536370,89,GET,/api/load/cpu [GET],25.200000,0.000000,10,11,12,13,16,19,28,36,45,45,45,21571,17,18,396.04690605679997,1.4693439989059698,69234.25248000058,44.9645357192527
1781536370,89,GET,/api/load/memory [GET],26.000000,0.000000,5,5,6,7,9,12,19,32,34,34,34,21334,15,8,265.71906164109873,1.2431080031092279,136956.09367900033,51.96343864254242
1781536370,89,GET,/api/products [GET],35.400000,0.000000,1,1,2,2,2,2,3,7,12,12,12,29169,22,2,159.78476943294498,0.7712580008956138,136776.4473399984,119.90949295484933
1781536370,89,,Aggregated,86.600000,0.000000,4,8,9,10,11,15,20,28,45,45,45,72074,54,10,261.8522658821816,0.7712580008956138,136956.09367900033,77.36712267946832
1781536371,86,GET,/api/load/cpu [GET],24.000000,0.000000,10,11,12,13,16,19,24,36,45,45,45,21592,17,18,395.6714968124877,1.4693439989059698,69234.25248000058,44.96457021118933
1781536371,86,GET,/api/load/memory [GET],25.400000,0.000000,5,5,6,7,9,12,19,32,34,34,34,21353,15,8,265.4878165611949,1.2431080031092279,136956.09367900033,51.96347117501054
1781536371,86,GET,/api/products [GET],34.700000,0.000000,1,1,2,2,2,2,4,10,12,12,12,29194,22,2,159.64910682375017,0.7712580008956138,136776.4473399984,119.9095704596835
1781536371,86,,Aggregated,84.100000,0.000000,4,8,9,10,11,15,19,24,45,45,45,72139,54,10,261.6212635442596,0.7712580008956138,136956.09367900033,77.36579381471881
1781536372,83,GET,/api/load/cpu [GET],23.300000,0.000000,10,11,12,12,16,19,24,36,49,49,49,21613,17,17,395.29870820821884,1.4693439989059698,69234.25248000058,44.96460463609864
1781536372,83,GET,/api/load/memory [GET],24.400000,0.000000,5,5,6,6,9,12,19,32,34,34,34,21379,15,8,265.171345487216,1.2431080031092279,136956.09367900033,51.96351559941999
1781536372,83,GET,/api/products [GET],33.600000,0.000000,1,1,2,2,2,2,3,6,10,10,10,29219,22,2,159.51360883591374,0.7712580008956138,136776.4473399984,119.90964783189021
1781536372,83,,Aggregated,81.300000,0.000000,4,7,9,10,11,14,19,24,49,49,49,72211,54,10,261.36623661564494,0.7712580008956138,136956.09367900033,77.3620085582529
1781536373,81,GET,/api/load/cpu [GET],23.500000,0.000000,10,11,12,12,15,19,28,45,49,49,49,21635,17,17,394.90753373955334,1.4693439989059698,69234.25248000058,44.96464062861104
1781536373,81,GET,/api/load/memory [GET],23.600000,0.000000,5,5,6,6,8,12,19,32,34,34,34,21392,15,8,265.0131531924175,1.2431080031092279,136956.09367900033,51.963537771129396
1781536373,81,GET,/api/products [GET],31.800000,0.000000,1,1,2,2,2,2,3,6,10,10,10,29244,22,2,159.37837508082217,0.7712580008956138,136776.4473399984,119.9097250718096
1781536373,81,,Aggregated,78.900000,0.000000,4,7,9,10,11,14,19,28,49,49,49,72271,54,10,261.1538108841906,0.7712580008956138,136956.09367900033,77.36234450886248
1781536374,78,GET,/api/load/cpu [GET],22.800000,0.000000,10,11,12,12,15,19,28,45,49,49,49,21646,17,17,394.71197403036297,1.4693439989059698,69234.25248000058,44.964658597431395
1781536374,78,GET,/api/load/memory [GET],23.600000,0.000000,5,5,6,6,8,10,18,20,34,34,34,21416,15,8,264.72165668762574,1.2431080031092279,136956.09367900033,51.963578632797905
1781536374,78,GET,/api/products [GET],30.500000,0.000000,1,1,2,2,2,2,3,4,7,7,7,29269,22,2,159.2433807381381,0.7712580008956138,136776.4473399984,119.90980217978066
1781536374,78,,Aggregated,76.900000,0.000000,4,7,9,10,11,14,19,24,49,49,49,72331,54,10,260.9407985553681,0.7712580008956138,136956.09367900033,77.36374445258603
1781536375,75,GET,/api/load/cpu [GET],21.800000,0.000000,10,11,12,12,15,20,28,45,49,49,49,21662,17,17,394.42871670170064,1.4693439989059698,69234.25248000058,44.96468470132029
1781536375,75,GET,/api/load/memory [GET],23.100000,0.000000,4,5,5,6,8,10,18,32,34,34,34,21430,15,8,264.5520058553519,1.2431080031092279,136956.09367900033,51.9636024265049
1781536375,75,GET,/api/products [GET],30.000000,0.000000,1,1,2,2,2,2,3,4,7,7,7,29298,22,2,159.08713666470615,0.7712580008956138,136776.4473399984,119.90989146016793
1781536375,75,,Aggregated,74.900000,0.000000,4,7,9,10,11,13,19,24,49,49,49,72390,54,10,260.7321353318874,0.7712580008956138,136956.09367900033,77.36876640419948
1781536376,73,GET,/api/load/cpu [GET],20.800000,0.000000,10,11,12,12,16,20,28,45,49,49,49,21678,17,17,394.1456607859691,1.4693439989059698,69234.25248000058,44.96471076667589
1781536376,73,GET,/api/load/memory [GET],22.300000,0.000000,4,5,5,6,8,9,12,32,34,34,34,21442,15,8,264.40688248009485,1.2431080031092279,136956.09367900033,51.96362279638093
1781536376,73,GET,/api/products [GET],29.400000,0.000000,1,1,2,2,2,2,3,6,13,13,13,29322,22,2,158.9585719203514,0.7712580008956138,136776.4473399984,119.90996521383262
1781536376,73,,Aggregated,72.500000,0.000000,4,7,9,9,11,13,19,24,49,49,49,72442,54,10,260.54892540936635,0.7712580008956138,136956.09367900033,77.3715386101985
1781536377,70,GET,/api/load/cpu [GET],19.500000,0.000000,10,10,11,11,13,16,19,36,49,49,49,21699,17,17,393.774007855995,1.4693439989059698,69234.25248000058,44.9647449191207
1781536377,70,GET,/api/load/memory [GET],22.000000,0.000000,5,5,5,6,8,10,12,32,34,34,34,21460,15,8,264.18966273346626,1.2431080031092279,136956.09367900033,51.96365330848089
1781536377,70,GET,/api/products [GET],28.000000,0.000000,1,1,2,2,2,2,3,6,13,13,13,29341,22,2,158.856520215417,0.7712580008956138,136776.4473399984,119.91002351658089
1781536377,70,,Aggregated,69.500000,0.000000,4,7,9,9,10,12,16,19,49,49,49,72500,54,10,260.3451243912869,0.7712580008956138,136956.09367900033,77.36703448275863
1781536378,67,GET,/api/load/cpu [GET],19.400000,0.000000,10,10,11,12,14,17,19,36,49,49,49,21717,17,17,393.45747051463076,1.4693439989059698,69234.25248000058,44.964774140074596
1781536378,67,GET,/api/load/memory [GET],20.000000,0.000000,5,5,5,6,8,10,12,32,34,34,34,21472,15,8,264.04510989871375,1.2431080031092279,136956.09367900033,51.96367362146051
1781536378,67,GET,/api/products [GET],27.600000,0.000000,1,1,2,2,2,2,3,6,44,44,44,29360,22,2,158.75600172685785,0.7712580008956138,136776.4473399984,119.91008174386921
1781536378,67,,Aggregated,67.000000,0.000000,4,8,9,9,11,13,17,20,49,49,49,72549,54,10,260.1740712844049,0.7712580008956138,136956.09367900033,77.36597334215496
1781536379,64,GET,/api/load/cpu [GET],19.300000,0.000000,10,11,11,12,15,17,19,36,49,49,49,21736,17,17,393.1229484164164,1.4693439989059698,69234.25248000058,44.964804931910194
1781536379,64,GET,/api/load/memory [GET],19.100000,0.000000,5,5,6,6,9,10,12,32,34,34,34,21494,15,8,263.78087359347677,1.2431080031092279,136956.09367900033,51.96371080301479
1781536379,64,GET,/api/products [GET],26.900000,0.000000,1,1,2,2,2,2,3,6,44,44,44,29380,22,2,158.64878550842536,0.7712580008956138,136776.4473399984,119.91014295439074
1781536379,64,,Aggregated,65.300000,0.000000,4,8,9,10,11,13,17,20,49,49,49,72610,54,10,259.9604437685621,0.7712580008956138,136956.09367900033,77.36156176835146
1781536380,62,GET,/api/load/cpu [GET],18.400000,0.000000,10,11,11,12,15,17,19,20,49,49,49,21743,17,17,392.99970781843473,1.4693439989059698,69234.25248000058,44.96481626270524
1781536380,62,GET,/api/load/memory [GET],18.500000,0.000000,5,5,5,6,8,9,10,12,13,13,13,21513,15,8,263.5520933435685,1.2431080031092279,136956.09367900033,51.96374285315856
1781536380,62,GET,/api/products [GET],25.400000,0.000000,1,1,2,2,2,2,3,6,44,44,44,29398,22,2,158.55261399253513,0.7712580008956138,136776.4473399984,119.9101979726512
1781536380,62,,Aggregated,62.300000,0.000000,4,7,9,9,11,13,16,17,49,49,49,72654,54,10,259.80563461542795,0.7712580008956138,136956.09367900033,77.3623750929061
1781536381,59,GET,/api/load/cpu [GET],18.400000,0.000000,10,11,11,12,15,16,17,19,20,20,20,21759,17,17,392.71853512065064,1.4693439989059698,69234.25248000058,44.964842134289256
1781536381,59,GET,/api/load/memory [GET],18.500000,0.000000,5,5,5,6,8,9,10,10,13,13,13,21533,15,8,263.31213459291257,1.2431080031092279,136956.09367900033,51.96377652904844
1781536381,59,GET,/api/products [GET],24.000000,0.000000,1,1,2,2,2,2,3,6,44,44,44,29412,22,2,158.47788165719933,0.7712580008956138,136776.4473399984,119.91024071807425
1781536381,59,,Aggregated,60.900000,0.000000,4,7,9,9,11,13,16,17,44,44,44,72704,54,10,259.63102793768303,0.7712580008956138,136956.09367900033,77.35648657570422
1781536382,56,GET,/api/load/cpu [GET],17.700000,0.000000,10,11,12,13,15,17,20,27,34,34,34,21774,17,17,392.45833655319365,1.4693439989059698,69234.25248000058,44.964866354367594
1781536382,56,GET,/api/load/memory [GET],17.800000,0.000000,5,5,5,6,8,9,10,10,13,13,13,21547,15,8,263.1443507784461,1.2431080031092279,136956.09367900033,51.963800064974244
1781536382,56,GET,/api/products [GET],22.700000,0.000000,1,1,2,2,2,2,6,13,44,44,44,29428,22,2,158.39262222320735,0.7712580008956138,136776.4473399984,119.91028952018486
1781536382,56,,Aggregated,58.200000,0.000000,4,8,9,9,11,13,17,19,44,44,44,72749,54,10,259.47486883829737,0.7712580008956138,136956.09367900033,77.35431414864809
1781536383,54,GET,/api/load/cpu [GET],16.900000,0.000000,10,11,12,13,15,19,20,27,34,34,34,21778,17,17,392.38795728805394,1.4693439989059698,69234.25248000058,44.964872807420335
1781536383,54,GET,/api/load/memory [GET],18.100000,0.000000,5,5,5,6,8,9,10,10,13,13,13,21561,15,8,262.9771884113528,1.2431080031092279,136956.09367900033,51.96382357033533
1781536383,54,GET,/api/products [GET],22.500000,0.000000,1,1,2,2,2,2,6,13,44,44,44,29447,22,2,158.29132731166303,0.7712580008956138,136776.4473399984,119.91034740381023
1781536383,54,,Aggregated,57.500000,0.000000,4,7,9,9,11,14,17,20,44,44,44,72786,54,10,259.3449400778075,0.7712580008956138,136956.09367900033,77.35879152584288
1781536384,51,GET,/api/load/cpu [GET],15.900000,0.000000,10,11,13,13,16,19,20,27,34,34,34,21795,17,17,392.0907961793636,1.4693439989059698,69234.25248000058,44.96490020646937
1781536384,51,GET,/api/load/memory [GET],16.800000,0.000000,5,5,6,6,8,9,10,10,13,13,13,21574,15,8,262.82168666789494,1.2431080031092279,136956.09367900033,51.96384536942616
1781536384,51,GET,/api/products [GET],21.600000,0.000000,1,2,2,2,2,2,6,13,44,44,44,29463,22,2,158.20616591275666,0.7712580008956138,136776.4473399984,119.9103960900112
1781536384,51,,Aggregated,54.300000,0.000000,4,8,9,9,11,15,19,20,44,44,44,72832,54,10,259.1850043550951,0.7712580008956138,136956.09367900033,77.35607974516697
1781536385,48,GET,/api/load/cpu [GET],15.400000,0.000000,10,11,13,13,16,19,20,27,34,34,34,21805,17,17,391.9162910450917,1.4693439989059698,69234.25248000058,44.96491630360009
1781536385,48,GET,/api/load/memory [GET],16.500000,0.000000,5,5,6,6,8,9,10,10,13,13,13,21586,15,8,262.67833793491906,1.2431080031092279,136956.09367900033,51.963865468359124
1781536385,48,GET,/api/products [GET],20.300000,0.000000,1,1,2,2,2,2,3,6,44,44,44,29478,22,2,158.12637858750745,0.7712580008956138,136776.4473399984,119.91044168532464
1781536385,48,,Aggregated,52.200000,0.000000,4,8,9,9,11,15,19,20,44,44,44,72869,54,10,259.0560967888168,0.7712580008956138,136956.09367900033,77.35624202335698
1781536386,46,GET,/api/load/cpu [GET],14.500000,0.000000,10,11,12,13,16,19,20,27,34,34,34,21815,17,17,391.74092775380325,1.4693439989059698,69234.25248000058,44.96493238597296
1781536386,46,GET,/api/load/memory [GET],16.100000,0.000000,5,5,6,6,8,9,10,10,13,13,13,21593,15,8,262.59482098893886,1.2431080031092279,136956.09367900033,51.96387718242023
1781536386,46,GET,/api/products [GET],19.500000,0.000000,1,2,2,2,2,2,3,6,44,44,44,29497,22,2,158.02536636822512,0.7712580008956138,136776.4473399984,119.91049937281757
1781536386,46,,Aggregated,50.100000,0.000000,4,7,9,9,11,14,19,20,44,44,44,72905,54,10,258.93028654176345,0.7712580008956138,136956.09367900033,77.36048282010836
1781536387,43,GET,/api/load/cpu [GET],14.900000,0.000000,10,11,11,13,15,19,20,27,34,34,34,21824,17,17,391.5832477106496,1.4693439989059698,69234.25248000058,44.964946847507335
1781536387,43,GET,/api/load/memory [GET],15.300000,0.000000,5,5,6,6,8,9,10,10,13,13,13,21607,15,8,262.42808350183543,1.2431080031092279,136956.09367900033,51.96390058777248
1781536387,43,GET,/api/products [GET],18.900000,0.000000,1,2,2,2,2,2,2,3,6,6,6,29514,22,2,157.93516125494804,0.7712580008956138,136776.4473399984,119.91055092498475
1781536387,43,,Aggregated,49.100000,0.000000,4,6,9,9,11,13,19,20,34,34,34,72945,54,10,258.790797827682,0.7712580008956138,136956.09367900033,77.36156007951196
1781536388,40,GET,/api/load/cpu [GET],13.900000,0.000000,10,11,11,12,16,19,20,27,34,34,34,21830,17,17,391.47840697128777,1.4693439989059698,69234.25248000058,44.96495648190564
1781536388,40,GET,/api/load/memory [GET],15.300000,0.000000,4,5,6,6,8,9,9,9,13,13,13,21617,15,8,262.308773504564,1.2431080031092279,136956.09367900033,51.963917287320164
1781536388,40,GET,/api/products [GET],17.600000,0.000000,1,2,2,2,2,2,2,3,6,6,6,29530,22,2,157.85034611485054,0.7712580008956138,136776.4473399984,119.91059939045039
1781536388,40,,Aggregated,46.800000,0.000000,4,6,9,9,10,13,19,20,34,34,34,72977,54,10,258.67907836446074,0.7712580008956138,136956.09367900033,77.3647724625567
1781536389,38,GET,/api/load/cpu [GET],12.900000,0.000000,9,10,11,12,16,19,20,27,34,34,34,21842,17,17,391.26875955572774,1.4693439989059698,69234.25248000058,44.964975734822815
1781536389,38,GET,/api/load/memory [GET],14.800000,0.000000,4,5,5,6,7,9,9,9,10,10,10,21624,15,8,262.22571641468585,1.2431080031092279,136956.09367900033,51.96392896781354
1781536389,38,GET,/api/products [GET],17.100000,0.000000,1,2,2,2,2,2,2,3,6,6,6,29542,22,2,157.78679632545305,0.7712580008956138,136776.4473399984,119.91063570509783
1781536389,38,,Aggregated,44.800000,0.000000,4,6,9,9,10,12,19,20,34,34,34,73008,54,10,258.57164523085487,0.7712580008956138,136956.09367900033,77.36402859960552
1781536390,35,GET,/api/load/cpu [GET],11.900000,0.000000,9,10,11,11,17,20,27,34,34,34,34,21850,17,17,391.1290328557072,1.4693439989059698,69234.25248000058,44.9649885583524
1781536390,35,GET,/api/load/memory [GET],14.600000,0.000000,5,5,6,6,8,9,9,9,10,10,10,21631,15,8,262.1424391279724,1.2431080031092279,136956.09367900033,51.963940640747076
1781536390,35,GET,/api/products [GET],17.200000,0.000000,1,2,2,2,2,2,2,3,6,6,6,29551,22,2,157.7391466989455,0.7712580008956138,136776.4473399984,119.91066292172853
1781536390,35,,Aggregated,43.700000,0.000000,4,6,9,9,10,12,19,20,34,34,34,73032,54,10,258.48836116736874,0.7712580008956138,136956.09367900033,77.36330649578267
1781536391,32,GET,/api/load/cpu [GET],10.700000,0.000000,9,10,11,12,19,20,31,34,34,34,34,21863,17,17,390.9049223924531,1.4693439989059698,69234.25248000058,44.96500937657229
1781536391,32,GET,/api/load/memory [GET],13.300000,0.000000,4,5,5,6,8,9,9,10,10,10,10,21639,15,8,262.0473142517754,1.2431080031092279,136956.09367900033,51.96395397199501
1781536391,32,GET,/api/products [GET],16.700000,0.000000,1,2,2,2,2,2,2,2,2,2,2,29559,22,2,157.69684317888078,0.7712580008956138,136776.4473399984,119.91068710037553
1781536391,32,,Aggregated,40.700000,0.000000,4,7,9,9,10,14,20,26,34,34,34,73061,54,10,258.388978235793,0.7712580008956138,136956.09367900033,77.35943937257908
1781536392,30,GET,/api/load/cpu [GET],10.700000,0.000000,9,10,11,11,19,19,26,31,31,31,31,21868,17,17,390.81871408245854,1.4693439989059698,69234.25248000058,44.96501737698921
1781536392,30,GET,/api/load/memory [GET],12.400000,0.000000,4,5,5,5,8,9,9,10,10,10,10,21650,15,8,261.91687373926874,1.2431080031092279,136956.09367900033,51.96397228637414
1781536392,30,GET,/api/products [GET],16.000000,0.000000,1,1,2,2,2,2,2,2,2,2,2,29572,22,2,157.62810952784895,0.7712580008956138,136776.4473399984,119.9107263627756
1781536392,30,,Aggregated,39.100000,0.000000,4,6,9,9,10,11,19,20,31,31,31,73090,54,10,258.2884445337022,0.7712580008956138,136956.09367900033,77.36099329593651
1781536393,27,GET,/api/load/cpu [GET],10.100000,0.000000,9,10,11,11,18,19,26,31,31,31,31,21875,17,17,390.69753451091213,1.4693439989059698,69234.25248000058,44.96502857142857
1781536393,27,GET,/api/load/memory [GET],11.000000,0.000000,4,5,5,6,8,8,9,10,10,10,10,21656,15,8,261.84573067104606,1.2431080031092279,136956.09367900033,51.963982268193575
1781536393,27,GET,/api/products [GET],14.800000,0.000000,1,1,2,2,2,2,2,2,2,2,2,29579,22,2,157.59109781350142,0.7712580008956138,136776.4473399984,119.91074748977314
1781536393,27,,Aggregated,35.900000,0.000000,4,6,9,9,10,12,19,20,31,31,31,73110,54,10,258.21948834720706,0.7712580008956138,136956.09367900033,77.35989604705239
1781536394,24,GET,/api/load/cpu [GET],10.400000,0.000000,9,10,11,12,19,19,26,31,31,31,31,21881,17,17,390.5934103175456,1.4693439989059698,69234.25248000058,44.96503816096156
1781536394,24,GET,/api/load/memory [GET],10.600000,0.000000,4,5,5,6,8,8,9,10,10,10,10,21661,15,8,261.7864703332337,1.2431080031092279,136956.09367900033,51.963990582152256
1781536394,24,GET,/api/products [GET],13.900000,0.000000,1,1,2,2,2,2,2,2,3,3,3,29586,22,2,157.5542030057986,0.7712580008956138,136776.4473399984,119.91076860677347
1781536394,24,,Aggregated,34.900000,0.000000,4,7,9,9,10,12,19,20,31,31,31,73128,54,10,258.1573377526573,0.7712580008956138,136956.09367900033,77.35958866644788
1781536395,22,GET,/api/load/cpu [GET],9.400000,0.000000,10,10,11,12,17,19,26,31,31,31,31,21884,17,17,390.5412040034827,1.4693439989059698,69234.25248000058,44.96504295375617
1781536395,22,GET,/api/load/memory [GET],10.100000,0.000000,4,5,5,5,8,9,10,10,10,10,10,21670,15,8,261.67987725100045,1.2431080031092279,136956.09367900033,51.9640055376096
1781536395,22,GET,/api/products [GET],13.300000,0.000000,1,1,2,2,2,2,2,3,4,4,4,29594,22,2,157.51209116758648,0.7712580008956138,136776.4473399984,119.91079272825573
1781536395,22,,Aggregated,32.800000,0.000000,4,5,9,9,10,12,19,19,31,31,31,73148,54,10,258.0879788163083,0.7712580008956138,136956.09367900033,77.35980477935145
