Timestamp,User Count,Type,Name,Requests/s,Failures/s,50%,66%,75%,80%,90%,95%,98%,99%,99.9%,99.99%,100%,Total Request Count,Total Failure Count,Total Median Response Time,Total Average Response Time,Total Min Response Time,Total Max Response Time,Total Average Content Size
1781570973,0,,Aggregated,0.000000,0.000000,N/A,N/A,N/A,N/A,N/A,N/A,N/A,N/A,N/A,N/A,N/A,0,0,0,0.0,0,0,0
1781570974,10,GET,/api/load/gc [GC-pressure],0.000000,0.000000,0,0,0,0,0,0,0,0,0,0,0,5,0,750.0,675.0198211986572,167.01651299808873,856.0378460024367,66.0
1781570974,10,GET,/api/load/memory-light [GET],0.000000,0.000000,0,0,0,0,0,0,0,0,0,0,0,1,0,754.7296670018113,754.7296670018113,754.7296670018113,754.7296670018113,50.0
1781570974,10,GET,/api/products [GET],0.000000,0.000000,0,0,0,0,0,0,0,0,0,0,0,5,0,46,57.84719820076134,24.192059005144984,142.85072599886917,120.0
1781570974,10,,Aggregated,0.000000,0.000000,0,0,0,0,0,0,0,0,0,0,0,11,0,170.0,401.7331603635367,24.192059005144984,856.0378460024367,89.0909090909091
1781570975,10,GET,/api/load/gc [GC-pressure],0.000000,0.000000,0,0,0,0,0,0,0,0,0,0,0,8,0,170.0,425.4498447489823,9.363707999000326,856.0378460024367,65.25
1781570975,10,GET,/api/load/memory-light [GET],0.000000,0.000000,0,0,0,0,0,0,0,0,0,0,0,1,0,754.7296670018113,754.7296670018113,754.7296670018113,754.7296670018113,50.0
1781570975,10,GET,/api/products [GET],0.000000,0.000000,5,5,140,140,140,140,140,140,140,140,140,7,0,25,42.66370842898531,3.9202240004669875,142.85072599886917,120.0
1781570975,10,,Aggregated,0.000000,0.000000,170,750,750,750,850,860,860,860,860,860,860,16,0,46,278.5608989997854,3.9202240004669875,856.0378460024367,88.25
1781570976,10,GET,/api/load/gc [GC-pressure],0.000000,0.000000,10,10,45,45,95,95,95,95,95,95,95,11,0,95,322.9062588182966,8.83294700179249,856.0378460024367,64.9090909090909
1781570976,10,GET,/api/load/memory-light [GET],0.000000,0.000000,12,12,36,36,36,36,36,36,36,36,36,5,0,12,163.6546398003702,7.327006998821162,754.7296670018113,50.0
1781570976,10,GET,/api/products [GET],4.000000,0.000000,5,110,110,140,140,140,140,140,140,140,140,9,0,25,45.47005811036797,3.9202240004669875,142.85072599886917,120.0
1781570976,10,,Aggregated,4.000000,0.000000,36,110,170,750,750,850,860,860,860,860,860,25,0,36,191.178902759857,3.9202240004669875,856.0378460024367,81.76
1781570977,10,GET,/api/load/gc [GC-pressure],2.500000,0.000000,9,10,12,12,45,95,95,95,95,95,95,16,0,10,224.46699162446748,5.855940995388664,856.0378460024367,64.625
1781570977,10,GET,/api/load/memory-light [GET],0.500000,0.000000,8,12,12,36,36,36,36,36,36,36,36,6,0,8,137.30772399988686,5.573144997470081,754.7296670018113,50.0
1781570977,10,GET,/api/products [GET],2.500000,0.000000,4,5,5,110,140,140,140,140,140,140,140,13,0,5,32.46073199989041,2.3613349985680543,142.85072599886917,120.0
1781570977,10,,Aggregated,5.500000,0.000000,9,36,110,140,750,850,860,860,860,860,860,35,0,10,138.20879217112503,2.3613349985680543,856.0378460024367,82.68571428571428
1781570978,10,GET,/api/load/gc [GC-pressure],2.666667,0.000000,9,10,10,12,45,95,95,95,95,95,95,18,0,10,200.46082861032724,5.855940995388664,856.0378460024367,64.55555555555556
1781570978,10,GET,/api/load/memory-light [GET],0.666667,0.000000,8,12,12,36,36,36,36,36,36,36,36,6,0,8,137.30772399988686,5.573144997470081,754.7296670018113,50.0
1781570978,10,GET,/api/products [GET],2.333333,0.000000,4,5,5,5,110,140,140,140,140,140,140,18,0,4,24.530930944213953,2.3613349985680543,142.85072599886917,120.0
1781570978,10,,Aggregated,5.666667,0.000000,9,12,45,110,750,850,860,860,860,860,860,42,0,9,116.04042895193007,2.3613349985680543,856.0378460024367,86.23809523809524
1781570979,10,GET,/api/load/gc [GC-pressure],2.750000,0.000000,8,9,10,10,45,95,95,95,95,95,95,24,0,9,151.83857845780344,4.621457002940588,856.0378460024367,64.41666666666667
1781570979,10,GET,/api/load/memory-light [GET],1.250000,0.000000,8,8,12,12,36,36,36,36,36,36,36,7,0,8,118.35123871424003,4.612327000359073,754.7296670018113,50.0
1781570979,10,GET,/api/products [GET],2.250000,0.000000,4,4,5,5,110,140,140,140,140,140,140,21,0,4,21.42314599976609,1.8446149988449179,142.85072599886917,120.0
1781570979,10,,Aggregated,6.250000,0.000000,7,9,12,45,750,750,860,860,860,860,860,52,0,7,94.66289653811636,1.8446149988449179,856.0378460024367,84.92307692307692
1781570980,10,GET,/api/load/gc [GC-pressure],3.200000,0.000000,8,9,9,10,12,45,95,95,95,95,95,29,0,8,126.7258406201265,4.621457002940588,856.0378460024367,64.34482758620689
1781570980,10,GET,/api/load/memory-light [GET],1.200000,0.000000,7,8,12,12,36,36,36,36,36,36,36,9,0,7,93.09022322203317,3.842753001663368,754.7296670018113,50.0
1781570980,10,GET,/api/products [GET],2.600000,0.000000,4,4,5,5,110,140,140,140,140,140,140,22,0,4,20.59459077248572,1.8446149988449179,142.85072599886917,120.0
1781570980,10,,Aggregated,7.000000,0.000000,6,8,10,12,170,750,850,860,860,860,860,60,0,6,82.76570639961089,1.8446149988449179,856.0378460024367,82.6
1781570981,10,GET,/api/load/gc [GC-pressure],3.000000,0.000000,7,8,9,9,12,45,95,95,95,95,95,35,0,8,106.05225754219906,3.80494099954376,856.0378460024367,64.28571428571429
1781570981,10,GET,/api/load/memory-light [GET],1.000000,0.000000,6,7,8,12,36,36,36,36,36,36,36,11,0,6,76.9189852726413,3.6608299997169524,754.7296670018113,50.0
1781570981,10,GET,/api/products [GET],3.000000,0.000000,4,4,5,5,110,140,140,140,140,140,140,24,0,4,19.089743458304536,1.8446149988449179,142.85072599886917,120.0
1781570981,10,,Aggregated,7.000000,0.000000,6,8,9,10,140,750,850,860,860,860,860,70,0,6,71.65845278536186,1.8446149988449179,856.0378460024367,81.14285714285714
1781570982,10,GET,/api/load/gc [GC-pressure],3.571429,0.000000,7,8,9,9,10,45,95,95,95,95,95,38,0,8,98.23069499945727,3.80494099954376,856.0378460024367,64.26315789473684
1781570982,10,GET,/api/load/memory-light [GET],1.000000,0.000000,5,6,7,8,12,36,36,36,36,36,36,14,0,5,61.39960021443715,3.6608299997169524,754.7296670018113,50.0
1781570982,10,GET,/api/products [GET],3.000000,0.000000,3,4,4,5,5,110,140,140,140,140,140,27,0,4,17.316788962893447,1.8446149988449179,142.85072599886917,120.0
1781570982,10,,Aggregated,7.571429,0.000000,6,8,9,10,110,750,850,860,860,860,860,79,0,6,64.0495457592357,1.8446149988449179,856.0378460024367,80.78481012658227
1781570983,10,GET,/api/load/gc [GC-pressure],3.750000,0.000000,7,8,9,9,10,45,95,95,95,95,95,41,0,7,91.49733956079083,3.80494099954376,856.0378460024367,64.2439024390244
1781570983,10,GET,/api/load/memory-light [GET],1.125000,0.000000,5,6,7,8,12,36,36,36,36,36,36,14,0,5,61.39960021443715,3.6608299997169524,754.7296670018113,50.0
1781570983,10,GET,/api/products [GET],2.750000,0.000000,3,4,4,4,5,110,140,140,140,140,140,30,0,3,15.89445893332595,1.8446149988449179,142.85072599886917,120.0
1781570983,10,,Aggregated,7.625000,0.000000,6,7,8,9,95,750,850,860,860,860,860,85,0,6,59.85669521169792,1.8446149988449179,856.0378460024367,81.5764705882353
1781570984,10,GET,/api/load/gc [GC-pressure],3.888889,0.000000,7,8,9,9,10,45,95,95,95,95,95,45,0,7,83.93543415554126,3.80494099954376,856.0378460024367,64.22222222222223
1781570984,10,GET,/api/load/memory-light [GET],1.222222,0.000000,5,6,6,7,12,36,36,36,36,36,36,18,0,5,48.67983550017622,2.8423240000847727,754.7296670018113,50.0
1781570984,10,GET,/api/products [GET],2.666667,0.000000,3,4,4,4,5,5,110,110,110,110,110,31,0,3,15.49058200016002,1.8446149988449179,142.85072599886917,120.0
1781570984,10,,Aggregated,7.777778,0.000000,5,6,7,8,10,12,95,110,110,110,110,94,0,6,54.61212359582436,1.8446149988449179,856.0378460024367,79.8936170212766
1781570985,10,GET,/api/load/gc [GC-pressure],3.800000,0.000000,7,8,8,8,10,45,95,95,95,95,95,46,0,7,82.21736258691753,3.80494099954376,856.0378460024367,64.21739130434783
1781570985,10,GET,/api/load/memory-light [GET],1.400000,0.000000,5,6,6,7,12,36,36,36,36,36,36,20,0,5,44.45026310022513,2.8423240000847727,754.7296670018113,50.0
1781570985,10,GET,/api/products [GET],2.700000,0.000000,3,3,4,4,5,5,110,110,110,110,110,32,0,3,15.092339187503967,1.8446149988449179,142.85072599886917,120.0
1781570985,10,,Aggregated,7.900000,0.000000,5,6,7,7,9,12,95,110,110,110,110,98,0,6,52.591416275539146,1.8446149988449179,856.0378460024367,79.53061224489795
1781570986,10,GET,/api/load/gc [GC-pressure],4.100000,0.000000,6,7,8,8,9,10,12,12,12,12,12,49,0,7,77.55892381635708,3.80494099954376,856.0378460024367,64.20408163265306
1781570986,10,GET,/api/load/memory-light [GET],1.400000,0.000000,5,5,5,6,6,7,7,7,7,7,7,22,0,5,40.74180863641562,2.8423240000847727,754.7296670018113,50.0
1781570986,10,GET,/api/products [GET],2.600000,0.000000,3,3,3,4,4,5,5,5,5,5,5,39,0,3,12.883681333056675,1.7812629957916215,142.85072599886917,120.0
1781570986,10,,Aggregated,8.100000,0.000000,5,6,6,7,8,8,10,12,12,12,12,110,0,5,47.26518753628955,1.7812629957916215,856.0378460024367,81.14545454545454
1781570987,10,GET,/api/load/gc [GC-pressure],4.000000,0.000000,6,7,7,8,8,9,10,10,10,10,10,50,0,7,76.12214392007445,3.80494099954376,856.0378460024367,64.2
1781570987,10,GET,/api/load/memory-light [GET],1.700000,0.000000,5,5,5,6,6,7,7,7,7,7,7,24,0,5,37.77273683317617,2.8423240000847727,754.7296670018113,50.0
1781570987,10,GET,/api/products [GET],2.600000,0.000000,3,3,3,4,4,4,5,5,5,5,5,42,0,3,12.181141523580576,1.7812629957916215,142.85072599886917,120.0
1781570987,10,,Aggregated,8.300000,0.000000,5,5,6,6,7,8,9,10,10,10,10,116,0,5,45.03673124129599,1.7812629957916215,856.0378460024367,81.46551724137932
1781570988,10,GET,/api/load/gc [GC-pressure],3.900000,0.000000,6,7,7,7,8,8,10,10,10,10,10,53,0,7,72.17539166059687,3.80494099954376,856.0378460024367,64.18867924528301
1781570988,10,GET,/api/load/memory-light [GET],1.800000,0.000000,5,5,5,5,6,7,7,7,7,7,7,26,0,5,35.20311765392902,2.8423240000847727,754.7296670018113,50.0
1781570988,10,GET,/api/products [GET],2.500000,0.000000,3,3,3,3,4,4,14,14,14,14,14,46,0,3,11.622603282455163,1.7812629957916215,142.85072599886917,120.0
1781570988,10,,Aggregated,8.200000,0.000000,5,5,6,7,7,8,10,14,14,14,14,125,0,5,42.20173254405381,1.7812629957916215,856.0378460024367,81.776
1781570989,10,GET,/api/load/gc [GC-pressure],3.900000,0.000000,6,7,7,7,8,8,10,10,10,10,10,54,0,7,70.96767425941329,3.80494099954376,856.0378460024367,64.18518518518519
1781570989,10,GET,/api/load/memory-light [GET],1.700000,0.000000,5,5,5,5,6,6,7,7,7,7,7,30,0,5,31.058201300281024,2.8423240000847727,754.7296670018113,50.0
1781570989,10,GET,/api/products [GET],3.000000,0.000000,3,3,3,3,4,4,14,14,14,14,14,47,0,3,11.432228340244693,1.7812629957916215,142.85072599886917,120.0
1781570989,10,,Aggregated,8.600000,0.000000,5,5,6,7,7,8,10,14,14,14,14,131,0,5,40.46805481685686,1.7812629957916215,856.0378460024367,80.9618320610687
1781570990,10,GET,/api/load/gc [GC-pressure],3.400000,0.000000,6,7,7,7,8,8,10,10,10,10,10,58,0,7,66.4393471034318,3.80494099954376,856.0378460024367,64.17241379310344
1781570990,10,GET,/api/load/memory-light [GET],1.800000,0.000000,5,5,5,5,5,6,7,7,7,7,7,31,0,5,30.174002516545325,2.8423240000847727,754.7296670018113,50.0
1781570990,10,GET,/api/products [GET],2.900000,0.000000,3,3,3,3,4,4,14,14,14,14,14,50,0,3,10.899657359841513,1.7812629957916215,142.85072599886917,120.0
1781570990,10,,Aggregated,8.100000,0.000000,4,5,6,6,7,8,10,14,14,14,14,139,0,5,38.37308689211529,1.7812629957916215,856.0378460024367,81.09352517985612
1781570991,10,GET,/api/load/gc [GC-pressure],3.500000,0.000000,6,7,7,7,8,8,10,10,10,10,10,63,0,7,61.66459612699876,3.80494099954376,856.0378460024367,64.15873015873017
1781570991,10,GET,/api/load/memory-light [GET],2.100000,0.000000,4,5,5,5,5,6,7,7,7,7,7,32,0,5,29.365940312800376,2.8423240000847727,754.7296670018113,50.0
1781570991,10,GET,/api/products [GET],2.800000,0.000000,3,3,3,3,4,4,14,14,14,14,14,50,0,3,10.899657359841513,1.7812629957916215,142.85072599886917,120.0
1781570991,10,,Aggregated,8.400000,0.000000,5,5,6,6,7,8,10,14,14,14,14,145,0,5,37.0314656138111,1.7812629957916215,856.0378460024367,80.28965517241379
1781570992,10,GET,/api/load/gc [GC-pressure],2.900000,0.000000,6,7,7,7,7,8,8,8,8,8,8,69,0,7,56.86693931900241,3.80494099954376,856.0378460024367,64.14492753623189
1781570992,10,GET,/api/load/memory-light [GET],2.300000,0.000000,4,5,5,5,5,6,7,7,7,7,7,34,0,5,27.89113417683813,2.8423240000847727,754.7296670018113,50.0
1781570992,10,GET,/api/products [GET],2.600000,0.000000,3,3,3,3,4,14,53,53,53,53,53,53,0,3,11.40052943398741,1.7812629957916215,142.85072599886917,120.0
1781570992,10,,Aggregated,7.800000,0.000000,5,5,6,7,7,8,14,53,53,53,53,156,0,5,35.10477842964741,1.7812629957916215,856.0378460024367,80.03846153846153
1781570993,10,GET,/api/load/gc [GC-pressure],2.800000,0.000000,6,7,7,7,7,8,8,8,8,8,8,74,0,7,53.38616971631701,3.80494099954376,856.0378460024367,64.13513513513513
1781570993,10,GET,/api/load/memory-light [GET],2.200000,0.000000,4,5,5,5,5,6,7,7,7,7,7,35,0,5,27.225145685952157,2.8423240000847727,754.7296670018113,50.0
1781570993,10,GET,/api/products [GET],2.800000,0.000000,3,3,3,3,4,14,53,53,53,53,53,55,0,3,11.066061690904792,1.7812629957916215,142.85072599886917,120.0
1781570993,10,,Aggregated,7.800000,0.000000,5,5,6,7,7,8,14,53,53,53,53,164,0,5,33.610305189119195,1.7812629957916215,856.0378460024367,79.85365853658537
1781570994,10,GET,/api/load/gc [GC-pressure],2.800000,0.000000,6,7,7,7,7,7,8,8,8,8,8,77,0,7,51.52895797413317,3.80494099954376,856.0378460024367,64.12987012987013
1781570994,10,GET,/api/load/memory-light [GET],2.100000,0.000000,4,5,5,5,6,7,7,7,7,7,7,37,0,5,25.94639764897324,2.8423240000847727,754.7296670018113,50.0
1781570994,10,GET,/api/products [GET],2.600000,0.000000,3,3,3,3,14,22,53,53,53,53,53,57,0,3,11.125841543967876,1.7812629957916215,142.85072599886917,120.0
1781570994,10,,Aggregated,7.500000,0.000000,5,5,6,7,7,8,22,53,53,53,53,171,0,5,32.52584470775692,1.7812629957916215,856.0378460024367,79.69590643274854
1781570995,10,GET,/api/load/gc [GC-pressure],3.100000,0.000000,6,6,7,7,7,7,8,8,8,8,8,83,0,6,48.20950473516728,3.80494099954376,856.0378460024367,64.12048192771084
1781570995,10,GET,/api/load/memory-light [GET],2.000000,0.000000,4,4,5,5,5,5,5,5,5,5,5,39,0,5,24.80782779513482,2.8423240000847727,754.7296670018113,50.0
1781570995,10,GET,/api/products [GET],2.600000,0.000000,3,3,3,3,14,22,53,53,53,53,53,58,0,3,10.9732074311539,1.7812629957916215,142.85072599886917,120.0
1781570995,10,,Aggregated,7.700000,0.000000,4,5,6,6,7,7,22,53,53,53,53,180,0,5,31.140778933533714,1.7812629957916215,856.0378460024367,79.06666666666666
1781570996,10,GET,/api/load/gc [GC-pressure],3.300000,0.000000,6,7,7,7,7,8,11,11,11,11,11,86,0,6,46.82533963974958,3.80494099954376,856.0378460024367,64.11627906976744
1781570996,10,GET,/api/load/memory-light [GET],2.100000,0.000000,4,4,5,5,5,5,5,5,5,5,5,40,0,4,24.27984935038694,2.8423240000847727,754.7296670018113,50.0
1781570996,10,GET,/api/products [GET],2.500000,0.000000,3,3,3,4,14,22,53,53,53,53,53,63,0,3,10.301086793968727,1.7812629957916215,142.85072599886917,120.0
1781570996,10,,Aggregated,7.900000,0.000000,5,6,6,7,7,11,22,53,53,53,53,189,0,5,29.879056354782914,1.7812629957916215,856.0378460024367,79.75661375661376
1781570997,10,GET,/api/load/gc [GC-pressure],3.200000,0.000000,6,7,7,7,7,8,11,11,11,11,11,90,0,6,45.01212497804469,3.80494099954376,856.0378460024367,64.11111111111111
1781570997,10,GET,/api/load/memory-light [GET],1.900000,0.000000,4,4,4,4,5,5,5,5,5,5,5,43,0,4,22.82052244219474,2.7105510016554035,754.7296670018113,50.0
1781570997,10,GET,/api/products [GET],2.600000,0.000000,3,3,3,3,14,22,53,53,53,53,53,64,0,3,10.177395828463887,1.7812629957916215,142.85072599886917,120.0
1781570997,10,,Aggregated,7.700000,0.000000,5,6,6,7,7,8,22,53,53,53,53,197,0,5,28.851406325178097,1.7812629957916215,856.0378460024367,79.18781725888324
1781570998,10,GET,/api/load/gc [GC-pressure],3.600000,0.000000,6,7,7,7,7,8,11,11,11,11,11,93,0,6,43.73677719379112,3.80494099954376,856.0378460024367,64.10752688172043
1781570998,10,GET,/api/load/memory-light [GET],1.900000,0.000000,4,4,4,4,4,5,5,5,5,5,5,45,0,4,21.955787355707596,2.7105510016554035,754.7296670018113,50.0
1781570998,10,GET,/api/products [GET],2.600000,0.000000,3,3,3,3,22,53,53,53,53,53,53,65,0,3,10.046352523428281,1.6595810011494905,142.85072599886917,120.0
1781570998,10,,Aggregated,8.100000,0.000000,5,6,6,7,7,8,22,53,53,53,53,203,0,5,28.120904551981546,1.6595810011494905,856.0378460024367,78.8768472906404
1781570999,10,GET,/api/load/gc [GC-pressure],3.600000,0.000000,6,6,7,7,7,7,11,11,11,11,11,99,0,6,41.42137249525121,3.608718005125411,856.0378460024367,64.1010101010101
1781570999,10,GET,/api/load/memory-light [GET],1.800000,0.000000,4,4,4,4,4,5,5,5,5,5,5,46,0,4,21.536381978480875,2.663140003278386,754.7296670018113,50.0
1781570999,10,GET,/api/products [GET],2.400000,0.000000,3,3,3,3,22,53,53,53,53,53,53,66,0,3,9.92188574276621,1.6595810011494905,142.85072599886917,120.0
1781570999,10,,Aggregated,7.800000,0.000000,5,6,6,7,7,8,22,53,53,53,53,211,0,5,27.233336052429195,1.6595810011494905,856.0378460024367,78.51184834123222
1781571000,10,GET,/api/load/gc [GC-pressure],4.000000,0.000000,6,6,7,7,7,8,11,11,11,11,11,101,0,6,40.72093956462352,3.608718005125411,856.0378460024367,64.0990099009901
1781571000,10,GET,/api/load/memory-light [GET],1.900000,0.000000,4,4,4,4,4,5,5,5,5,5,5,48,0,4,20.790339958542365,2.663140003278386,754.7296670018113,50.0
1781571000,10,GET,/api/products [GET],2.200000,0.000000,3,3,3,3,4,22,53,53,53,53,53,69,0,3,9.593342956867527,1.6595810011494905,142.85072599886917,120.0
1781571000,10,,Aggregated,8.100000,0.000000,4,6,6,7,7,8,22,53,53,53,53,218,0,5,26.480237972756278,1.6595810011494905,856.0378460024367,78.68807339449542
1781571001,10,GET,/api/load/gc [GC-pressure],4.000000,0.000000,6,6,7,7,7,8,11,11,11,11,11,103,0,6,40.01646955364476,3.608718005125411,856.0378460024367,64.09708737864078
1781571001,10,GET,/api/load/memory-light [GET],1.800000,0.000000,4,4,4,4,5,6,6,6,6,6,6,52,0,4,19.519637327203572,2.663140003278386,754.7296670018113,50.0
1781571001,10,GET,/api/products [GET],1.900000,0.000000,3,3,3,3,4,22,53,53,53,53,53,72,0,3,9.309894042012779,1.6595810011494905,142.85072599886917,120.0
1781571001,10,,Aggregated,7.700000,0.000000,4,6,6,6,7,7,22,53,53,53,53,227,0,5,25.581629409977605,1.6595810011494905,856.0378460024367,78.59911894273128
1781571002,10,GET,/api/load/gc [GC-pressure],4.500000,0.000000,6,6,7,7,7,8,11,11,11,11,11,107,0,6,38.74703479463465,3.608718005125411,856.0378460024367,64.09345794392523
1781571002,10,GET,/api/load/memory-light [GET],1.600000,0.000000,4,4,4,4,5,6,6,6,6,6,6,54,0,4,18.919075500350488,2.663140003278386,754.7296670018113,50.0
1781571002,10,GET,/api/products [GET],1.900000,0.000000,2,3,3,3,4,4,22,22,22,22,22,75,0,3,9.044612987005772,1.6595810011494905,142.85072599886917,120.0
1781571002,10,,Aggregated,8.000000,0.000000,4,5,6,6,7,7,11,22,22,22,22,236,0,5,24.77079989012825,1.6595810011494905,856.0378460024367,78.63559322033899
1781571003,10,GET,/api/load/gc [GC-pressure],4.300000,0.000000,6,6,7,7,8,9,11,11,11,11,11,113,0,6,37.0444479736858,3.608718005125411,856.0378460024367,64.08849557522124
1781571003,10,GET,/api/load/memory-light [GET],1.800000,0.000000,4,4,4,4,4,4,6,6,6,6,6,56,0,4,18.377238178930252,2.663140003278386,754.7296670018113,50.0
1781571003,10,GET,/api/products [GET],1.900000,0.000000,3,3,3,3,4,22,22,22,22,22,22,75,0,3,9.044612987005772,1.6595810011494905,142.85072599886917,120.0
1781571003,10,,Aggregated,8.000000,0.000000,4,6,6,6,7,8,11,22,22,22,22,244,0,5,24.15366366013124,1.6595810011494905,856.0378460024367,78.04098360655738
1781571004,10,GET,/api/load/gc [GC-pressure],4.100000,0.000000,6,6,7,7,8,9,11,11,11,11,11,120,0,6,35.263985466796534,3.608718005125411,856.0378460024367,64.08333333333333
1781571004,10,GET,/api/load/memory-light [GET],2.000000,0.000000,4,4,4,4,4,6,6,6,6,6,6,56,0,4,18.377238178930252,2.663140003278386,754.7296670018113,50.0
1781571004,10,GET,/api/products [GET],2.200000,0.000000,2,3,3,3,3,4,4,4,4,4,4,77,0,3,8.871864221023257,1.6595810011494905,142.85072599886917,120.0
1781571004,10,,Aggregated,8.300000,0.000000,4,6,6,6,7,8,9,11,11,11,11,253,0,5,23.49382268400976,1.6595810011494905,856.0378460024367,77.98418972332016
1781571005,10,GET,/api/load/gc [GC-pressure],3.800000,0.000000,6,6,7,7,8,9,11,11,11,11,11,122,0,6,34.770985516530104,3.608718005125411,856.0378460024367,64.08196721311475
1781571005,10,GET,/api/load/memory-light [GET],2.000000,0.000000,4,4,4,4,4,6,6,6,6,6,6,59,0,4,17.611229254556346,2.663140003278386,754.7296670018113,50.0
1781571005,10,GET,/api/products [GET],2.200000,0.000000,2,3,3,3,3,3,4,4,4,4,4,79,0,3,8.708271342020222,1.6595810011494905,142.85072599886917,120.0
1781571005,10,,Aggregated,8.000000,0.000000,4,6,6,6,7,8,9,11,11,11,11,260,0,5,22.95798536559652,1.6595810011494905,856.0378460024367,77.87692307692308
1781571006,10,GET,/api/load/gc [GC-pressure],3.900000,0.000000,6,6,7,7,8,8,9,9,9,9,9,127,0,6,33.625198677299075,3.608718005125411,856.0378460024367,64.07874015748031
1781571006,10,GET,/api/load/memory-light [GET],2.100000,0.000000,4,4,4,4,4,6,53,53,53,53,53,62,0,4,17.723040161663743,2.663140003278386,754.7296670018113,50.0
1781571006,10,GET,/api/products [GET],2.000000,0.000000,3,3,3,3,3,4,4,4,4,4,4,81,0,3,8.56583701264484,1.6595810011494905,142.85072599886917,120.0
1781571006,10,,Aggregated,8.000000,0.000000,4,6,6,6,7,8,9,53,53,53,53,270,0,5,22.4557834076458,1.6595810011494905,856.0378460024367,77.62222222222222
1781571007,10,GET,/api/load/gc [GC-pressure],4.400000,0.000000,6,6,7,7,8,9,9,9,9,9,9,130,0,6,32.97903670782734,3.608718005125411,856.0378460024367,64.07692307692308
1781571007,10,GET,/api/load/memory-light [GET],1.900000,0.000000,4,4,4,4,6,53,53,53,53,53,53,63,0,4,17.49343796860009,2.663140003278386,754.7296670018113,50.0
1781571007,10,GET,/api/products [GET],2.000000,0.000000,3,3,3,3,3,4,4,4,4,4,4,82,0,3,8.497535902722852,1.6595810011494905,142.85072599886917,120.0
1781571007,10,,Aggregated,8.300000,0.000000,4,6,6,6,7,8,9,53,53,53,53,275,0,5,22.13148839295503,1.6595810011494905,856.0378460024367,77.52727272727273
1781571008,10,GET,/api/load/gc [GC-pressure],3.900000,0.000000,6,6,7,7,8,8,9,9,9,9,9,134,0,6,32.17670823896561,3.608718005125411,856.0378460024367,64.07462686567165
1781571008,10,GET,/api/load/memory-light [GET],2.000000,0.000000,3,4,4,4,6,53,53,53,53,53,53,64,0,4,17.268256578404362,2.663140003278386,754.7296670018113,50.0
1781571008,10,GET,/api/products [GET],2.100000,0.000000,3,3,3,3,3,4,4,4,4,4,4,85,0,3,8.294229870850412,1.6595810011494905,142.85072599886917,120.0
1781571008,10,,Aggregated,8.000000,0.000000,4,6,6,6,7,8,9,53,53,53,53,283,0,5,21.632003053221045,1.6595810011494905,856.0378460024367,77.68904593639576
1781571009,10,GET,/api/load/gc [GC-pressure],4.100000,0.000000,6,6,7,7,8,9,9,9,9,9,9,138,0,6,31.407145724781163,3.608718005125411,856.0378460024367,64.07246376811594
1781571009,10,GET,/api/load/memory-light [GET],2.200000,0.000000,4,4,4,4,6,53,53,53,53,53,53,65,0,4,17.05942630796926,2.663140003278386,754.7296670018113,50.0
1781571009,10,GET,/api/products [GET],1.800000,0.000000,3,3,3,3,3,4,4,4,4,4,4,86,0,3,8.232578430473696,1.6595810011494905,142.85072599886917,120.0
1781571009,10,,Aggregated,8.100000,0.000000,4,6,6,6,7,8,9,53,53,53,53,289,0,5,21.283911989821938,1.6595810011494905,856.0378460024367,77.55017301038062
1781571010,10,GET,/api/load/gc [GC-pressure],4.100000,0.000000,6,6,7,7,9,9,70,70,70,70,70,144,0,6,30.81933363905086,3.608718005125411,856.0378460024367,64.06944444444444
1781571010,10,GET,/api/load/memory-light [GET],2.000000,0.000000,3,4,4,4,14,53,53,53,53,53,53,66,0,4,17.01781093971945,2.663140003278386,754.7296670018113,50.0
1781571010,10,GET,/api/products [GET],1.800000,0.000000,3,3,3,3,4,6,6,6,6,6,6,88,0,3,8.144307704738326,1.6595810011494905,142.85072599886917,120.0
1781571010,10,,Aggregated,7.900000,0.000000,5,6,6,6,8,10,53,70,70,70,70,298,0,5,21.06663974517376,1.6595810011494905,856.0378460024367,77.46979865771812
1781571011,10,GET,/api/load/gc [GC-pressure],4.100000,0.000000,6,6,7,7,9,9,70,70,70,70,70,148,0,6,30.123278709603206,3.608718005125411,856.0378460024367,64.06756756756756
1781571011,10,GET,/api/load/memory-light [GET],1.900000,0.000000,3,4,4,4,14,53,53,53,53,53,53,68,0,4,16.610061941344824,2.663140003278386,754.7296670018113,50.0
1781571011,10,GET,/api/products [GET],2.000000,0.000000,3,3,3,3,3,6,6,6,6,6,6,89,0,3,8.085295202434875,1.6595810011494905,142.85072599886917,120.0
1781571011,10,,Aggregated,8.000000,0.000000,5,6,6,6,8,10,53,70,70,70,70,305,0,5,20.679740111637464,1.6595810011494905,856.0378460024367,77.25245901639344
1781571012,10,GET,/api/load/gc [GC-pressure],3.900000,0.000000,6,6,6,7,9,9,70,70,70,70,70,153,0,6,29.312839634038184,3.0844689972582273,856.0378460024367,64.06535947712419
1781571012,10,GET,/api/load/memory-light [GET],1.900000,0.000000,3,4,4,4,14,53,53,53,53,53,53,68,0,4,16.610061941344824,2.663140003278386,754.7296670018113,50.0
1781571012,10,GET,/api/products [GET],2.000000,0.000000,3,3,3,3,3,3,6,6,6,6,6,95,0,3,7.733833158042551,1.6595810011494905,142.85072599886917,120.0
1781571012,10,,Aggregated,7.800000,0.000000,5,6,6,6,8,10,53,70,70,70,70,316,0,5,20.09197096845991,1.6595810011494905,856.0378460024367,77.85443037974683
1781571013,10,GET,/api/load/gc [GC-pressure],4.300000,0.000000,6,6,6,7,9,15,70,70,70,70,70,156,0,6,28.912059262858328,3.0844689972582273,856.0378460024367,64.06410256410257
1781571013,10,GET,/api/load/memory-light [GET],1.700000,0.000000,3,4,4,4,14,53,53,53,53,53,53,70,0,4,16.236092514528927,2.663140003278386,754.7296670018113,50.0
1781571013,10,GET,/api/products [GET],1.900000,0.000000,3,3,3,3,3,6,45,45,45,45,45,98,0,3,8.00972656138676,1.6595810011494905,142.85072599886917,120.0
1781571013,10,,Aggregated,7.900000,0.000000,4,6,6,6,9,15,53,70,70,70,70,324,0,5,19.8511139630828,1.6595810011494905,856.0378460024367,77.94444444444444
1781571015,10,GET,/api/load/gc [GC-pressure],4.400000,0.000000,6,6,6,7,9,15,70,70,70,70,70,160,0,6,28.318799793851213,3.0844689972582273,856.0378460024367,64.0625
1781571015,10,GET,/api/load/memory-light [GET],1.600000,0.000000,3,4,4,4,14,53,53,53,53,53,53,72,0,4,15.855986027923386,2.393675997154787,754.7296670018113,50.0
1781571015,10,GET,/api/products [GET],1.700000,0.000000,3,3,3,3,3,6,45,45,45,45,45,100,0,3,7.905333890084876,1.6595810011494905,142.85072599886917,120.0
1781571015,10,,Aggregated,7.700000,0.000000,4,6,6,6,8,15,53,70,70,70,70,332,0,5,19.467386596491462,1.6595810011494905,856.0378460024367,77.86144578313252
1781571016,10,GET,/api/load/gc [GC-pressure],4.600000,0.000000,6,6,6,6,9,15,70,70,70,70,70,165,0,6,27.629665539566442,3.0844689972582273,856.0378460024367,64.06060606060606
1781571016,10,GET,/api/load/memory-light [GET],1.400000,0.000000,3,3,4,4,14,14,14,14,14,14,14,72,0,4,15.855986027923386,2.393675997154787,754.7296670018113,50.0
1781571016,10,GET,/api/products [GET],2.000000,0.000000,3,3,3,3,3,6,45,45,45,45,45,103,0,3,7.7479811748647975,1.6595810011494905,142.85072599886917,120.0
1781571016,10,,Aggregated,8.000000,0.000000,4,6,6,6,8,14,45,70,70,70,70,340,0,5,19.11343490897065,1.6595810011494905,856.0378460024367,78.02941176470588
1781571017,10,GET,/api/load/gc [GC-pressure],4.300000,0.000000,6,6,6,7,10,15,70,70,70,70,70,171,0,6,26.917099508949438,3.0844689972582273,856.0378460024367,64.05847953216374
1781571017,10,GET,/api/load/memory-light [GET],1.400000,0.000000,3,3,4,4,4,14,14,14,14,14,14,74,0,4,15.497506662319898,2.224142001068685,754.7296670018113,50.0
1781571017,10,GET,/api/products [GET],2.300000,0.000000,3,3,3,3,3,6,45,45,45,45,45,105,0,3,7.652038895286664,1.6595810011494905,142.85072599886917,120.0
1781571017,10,,Aggregated,8.000000,0.000000,4,6,6,6,9,14,45,70,70,70,70,350,0,5,18.72315312299179,1.6595810011494905,856.0378460024367,77.86857142857143
1781571018,10,GET,/api/load/gc [GC-pressure],3.900000,0.000000,6,6,6,6,10,15,70,70,70,70,70,174,0,6,26.5474756150948,3.0844689972582273,856.0378460024367,64.05747126436782
1781571018,10,GET,/api/load/memory-light [GET],1.600000,0.000000,3,3,4,4,4,14,14,14,14,14,14,76,0,4,15.168136144845784,2.224142001068685,754.7296670018113,50.0
1781571018,10,GET,/api/products [GET],2.300000,0.000000,3,3,3,3,3,6,45,45,45,45,45,106,0,3,7.603794641565984,1.6595810011494905,142.85072599886917,120.0
1781571018,10,,Aggregated,7.800000,0.000000,4,6,6,6,9,14,45,70,70,70,70,356,0,5,18.477644202361713,1.6595810011494905,856.0378460024367,77.71348314606742
1781571019,10,GET,/api/load/gc [GC-pressure],4.300000,0.000000,6,6,6,6,9,11,70,70,70,70,70,180,0,6,25.830998239083176,3.0844689972582273,856.0378460024367,64.05555555555556
1781571019,10,GET,/api/load/memory-light [GET],1.300000,0.000000,3,3,3,3,4,14,14,14,14,14,14,76,0,4,15.168136144845784,2.224142001068685,754.7296670018113,50.0
1781571019,10,GET,/api/products [GET],2.400000,0.000000,3,3,3,3,3,6,45,45,45,45,45,107,0,3,7.557716009410525,1.6595810011494905,142.85072599886917,120.0
1781571019,10,,Aggregated,8.000000,0.000000,4,6,6,6,9,14,45,70,70,70,70,363,0,5,18.212213892700213,1.6595810011494905,856.0378460024367,77.60330578512396
1781571020,10,GET,/api/load/gc [GC-pressure],4.400000,0.000000,6,6,6,6,7,9,15,15,15,15,15,185,0,6,25.284909270389157,3.0844689972582273,856.0378460024367,64.05405405405405
1781571020,10,GET,/api/load/memory-light [GET],1.200000,0.000000,3,3,3,4,4,5,5,5,5,5,5,80,0,4,14.600611199966806,2.224142001068685,754.7296670018113,50.0
1781571020,10,GET,/api/products [GET],2.400000,0.000000,3,3,3,3,3,45,45,45,45,45,45,108,0,3,7.507010027809344,1.6595810011494905,142.85072599886917,120.0
1781571020,10,,Aggregated,8.000000,0.000000,4,6,6,6,6,9,15,45,45,45,45,373,0,5,17.845882557701735,1.6595810011494905,856.0378460024367,77.23860589812332
1781571021,10,GET,/api/load/gc [GC-pressure],4.300000,0.000000,6,6,6,6,8,11,15,15,15,15,15,188,0,6,24.969940962848263,3.0844689972582273,856.0378460024367,64.05319148936171
1781571021,10,GET,/api/load/memory-light [GET],1.300000,0.000000,3,3,3,4,4,5,5,5,5,5,5,81,0,4,14.460773308571705,2.224142001068685,754.7296670018113,50.0
1781571021,10,GET,/api/products [GET],2.400000,0.000000,3,3,3,3,3,3,45,45,45,45,45,112,0,3,7.320198982142756,1.551969995489344,142.85072599886917,120.0
1781571021,10,,Aggregated,8.000000,0.000000,4,6,6,6,6,9,15,45,45,45,45,381,0,5,17.54733287404139,1.551969995489344,856.0378460024367,77.51181102362204
1781571022,10,GET,/api/load/gc [GC-pressure],4.600000,0.000000,6,6,6,6,8,11,15,15,15,15,15,192,0,6,24.561938333401184,3.0844689972582273,856.0378460024367,64.05208333333333
1781571022,10,GET,/api/load/memory-light [GET],1.200000,0.000000,3,3,3,4,4,5,5,5,5,5,5,81,0,4,14.460773308571705,2.224142001068685,754.7296670018113,50.0
1781571022,10,GET,/api/products [GET],2.200000,0.000000,3,3,3,3,3,45,45,45,45,45,45,113,0,3,7.2771592300840595,1.551969995489344,142.85072599886917,120.0
1781571022,10,,Aggregated,8.000000,0.000000,4,6,6,6,6,9,15,45,45,45,45,386,0,5,17.382211893800086,1.551969995489344,856.0378460024367,77.48186528497409
1781571023,10,GET,/api/load/gc [GC-pressure],4.400000,0.000000,6,6,6,6,7,9,11,11,11,11,11,196,0,6,24.15487933678972,3.0844689972582273,856.0378460024367,64.05102040816327
1781571023,10,GET,/api/load/memory-light [GET],1.500000,0.000000,3,3,3,3,4,5,5,5,5,5,5,83,0,4,14.184500385497989,2.224142001068685,754.7296670018113,50.0
1781571023,10,GET,/api/products [GET],2.400000,0.000000,3,3,3,3,3,3,3,3,3,3,3,118,0,3,7.070396101680363,1.551969995489344,142.85072599886917,120.0
1781571023,10,,Aggregated,8.300000,0.000000,4,6,6,6,6,7,9,11,11,11,11,397,0,5,16.992384438300757,1.551969995489344,856.0378460024367,77.74307304785894
1781571024,10,GET,/api/load/gc [GC-pressure],4.400000,0.000000,6,6,6,6,7,9,11,11,11,11,11,200,0,6,23.775364115062985,3.0844689972582273,856.0378460024367,64.05
1781571024,10,GET,/api/load/memory-light [GET],1.500000,0.000000,3,3,3,3,4,5,5,5,5,5,5,85,0,4,13.920564517662998,2.224142001068685,754.7296670018113,50.0
1781571024,10,GET,/api/products [GET],2.400000,0.000000,2,3,3,3,3,3,3,3,3,3,3,118,0,3,7.070396101680363,1.551969995489344,142.85072599886917,120.0
1781571024,10,,Aggregated,8.300000,0.000000,4,6,6,6,6,7,9,11,11,11,11,403,0,5,16.80552741194103,1.551969995489344,856.0378460024367,77.46898263027295
1781571025,10,GET,/api/load/gc [GC-pressure],4.400000,0.000000,6,6,6,6,7,9,11,11,11,11,11,202,0,6,23.584126054485374,3.0042879952816293,856.0378460024367,64.04950495049505
1781571025,10,GET,/api/load/memory-light [GET],1.300000,0.000000,3,3,3,3,4,5,5,5,5,5,5,87,0,4,13.66495357479448,2.224142001068685,754.7296670018113,50.0
1781571025,10,GET,/api/products [GET],2.400000,0.000000,2,2,3,3,3,3,3,3,3,3,3,124,0,3,6.840380733856657,1.551969995489344,142.85072599886917,120.0
1781571025,10,,Aggregated,8.100000,0.000000,4,5,6,6,6,7,9,11,11,11,11,413,0,5,16.467437372908936,1.551969995489344,856.0378460024367,77.88861985472155
1781571026,10,GET,/api/load/gc [GC-pressure],4.200000,0.000000,6,6,6,6,6,6,8,8,8,8,8,207,0,6,23.147242135244,3.0042879952816293,856.0378460024367,64.04830917874396
1781571026,10,GET,/api/load/memory-light [GET],1.500000,0.000000,3,3,3,3,4,5,5,5,5,5,5,88,0,4,13.545080227314346,2.224142001068685,754.7296670018113,50.0
1781571026,10,GET,/api/products [GET],2.300000,0.000000,2,2,3,3,3,3,3,3,3,3,3,125,0,3,6.798040167952422,1.547809995827265,142.85072599886917,120.0
1781571026,10,,Aggregated,8.000000,0.000000,4,5,6,6,6,6,6,8,8,8,8,420,0,5,16.269526673793386,1.547809995827265,856.0378460024367,77.75714285714285
1781571027,10,GET,/api/load/gc [GC-pressure],4.400000,0.000000,6,6,6,6,6,6,8,8,8,8,8,212,0,6,22.717595320706472,3.0042879952816293,856.0378460024367,64.04716981132076
1781571027,10,GET,/api/load/memory-light [GET],1.500000,0.000000,3,3,3,3,4,5,5,5,5,5,5,89,0,4,13.419230269749512,2.224142001068685,754.7296670018113,50.0
1781571027,10,GET,/api/products [GET],2.000000,0.000000,2,2,3,3,3,3,3,3,3,3,3,127,0,3,6.729678543262535,1.547809995827265,142.85072599886917,120.0
1781571027,10,,Aggregated,7.900000,0.000000,4,5,6,6,6,6,6,8,8,8,8,428,0,5,16.039978684560328,1.547809995827265,856.0378460024367,77.72897196261682
1781571028,10,GET,/api/load/gc [GC-pressure],4.200000,0.000000,6,6,6,6,6,8,8,8,8,8,8,218,0,6,22.23298509171742,3.0042879952816293,856.0378460024367,64.04587155963303
1781571028,10,GET,/api/load/memory-light [GET],1.500000,0.000000,3,3,3,3,4,5,5,5,5,5,5,89,0,4,13.419230269749512,2.224142001068685,754.7296670018113,50.0
1781571028,10,GET,/api/products [GET],2.400000,0.000000,2,2,3,3,3,3,3,3,3,3,3,127,0,3,6.729678543262535,1.547809995827265,142.85072599886917,120.0
1781571028,10,,Aggregated,8.100000,0.000000,4,5,6,6,6,6,8,8,8,8,8,434,0,5,15.888874237319001,1.547809995827265,856.0378460024367,77.53917050691244
1781571029,10,GET,/api/load/gc [GC-pressure],4.200000,0.000000,6,6,6,6,6,6,8,8,8,8,8,223,0,6,21.839829748831825,3.0042879952816293,856.0378460024367,64.04484304932735
1781571029,10,GET,/api/load/memory-light [GET],1.600000,0.000000,3,3,3,3,3,3,3,3,3,3,3,90,0,4,13.301216411249092,2.224142001068685,754.7296670018113,50.0
1781571029,10,GET,/api/products [GET],2.200000,0.000000,2,2,3,3,3,3,3,3,3,3,3,129,0,3,6.663407736433969,1.547809995827265,142.85072599886917,120.0
1781571029,10,,Aggregated,8.000000,0.000000,3,5,6,6,6,6,6,8,8,8,8,442,0,5,15.671880337108364,1.547809995827265,856.0378460024367,77.5158371040724
1781571030,10,GET,/api/load/gc [GC-pressure],4.100000,0.000000,6,6,6,6,6,6,8,8,8,8,8,226,0,6,21.616588619411964,3.0042879952816293,856.0378460024367,64.04424778761062
1781571030,10,GET,/api/load/memory-light [GET],1.500000,0.000000,3,3,3,3,3,3,3,3,3,3,3,90,0,4,13.301216411249092,2.224142001068685,754.7296670018113,50.0
1781571030,10,GET,/api/products [GET],2.200000,0.000000,2,2,2,3,3,3,3,3,3,3,3,131,0,3,6.596859122121277,1.547809995827265,142.85072599886917,120.0
1781571030,10,,Aggregated,7.800000,0.000000,4,5,6,6,6,6,6,8,8,8,8,447,0,5,15.540597427287269,1.547809995827265,856.0378460024367,77.6152125279642
1781571031,10,GET,/api/load/gc [GC-pressure],4.300000,0.000000,6,6,6,6,8,13,40,40,40,40,40,233,0,6,21.458756806816787,3.0042879952816293,856.0378460024367,64.04721030042919
1781571031,10,GET,/api/load/memory-light [GET],1.400000,0.000000,3,3,3,3,3,3,3,3,3,3,3,91,0,4,13.176552901283715,1.9568370043998584,754.7296670018113,50.0
1781571031,10,GET,/api/products [GET],2.200000,0.000000,2,2,3,3,3,3,3,3,3,3,3,133,0,3,6.529727563862881,1.547809995827265,142.85072599886917,120.0
1781571031,10,,Aggregated,7.900000,0.000000,4,5,6,6,6,9,38,40,40,40,40,457,0,5,15.464793032820335,1.547809995827265,856.0378460024367,77.53391684901531
1781571032,10,GET,/api/load/gc [GC-pressure],4.300000,0.000000,6,6,6,6,10,38,46,46,46,46,46,237,0,6,21.382475307955207,3.0042879952816293,856.0378460024367,64.0464135021097
1781571032,10,GET,/api/load/memory-light [GET],1.400000,0.000000,3,3,3,3,4,4,4,4,4,4,4,92,0,4,13.076415315362796,1.9568370043998584,754.7296670018113,50.0
1781571032,10,GET,/api/products [GET],2.200000,0.000000,2,2,3,3,3,3,3,3,3,3,3,134,0,3,6.500178022369214,1.547809995827265,142.85072599886917,120.0
1781571032,10,,Aggregated,7.900000,0.000000,4,6,6,6,8,13,40,46,46,46,46,463,0,5,15.42483955074781,1.547809995827265,856.0378460024367,77.44924406047517
1781571033,10,GET,/api/load/gc [GC-pressure],4.100000,0.000000,6,6,6,6,10,38,46,46,46,46,46,243,0,6,20.981905082224653,3.0042879952816293,856.0378460024367,64.04526748971193
1781571033,10,GET,/api/load/memory-light [GET],1.000000,0.000000,3,3,3,3,4,4,4,4,4,4,4,93,0,4,12.966921010917748,1.9568370043998584,754.7296670018113,50.0
1781571033,10,GET,/api/products [GET],2.300000,0.000000,2,2,3,3,3,3,3,3,3,3,3,136,0,3,6.430729124986101,1.547809995827265,142.85072599886917,120.0
1781571033,10,,Aggregated,7.400000,0.000000,4,6,6,6,8,13,40,46,46,46,46,472,0,5,15.20996980930943,1.547809995827265,856.0378460024367,77.40042372881356
1781571034,10,GET,/api/load/gc [GC-pressure],4.500000,0.000000,6,6,6,6,10,38,46,46,46,46,46,249,0,6,20.60019301197863,3.0042879952816293,856.0378460024367,64.04417670682732
1781571034,10,GET,/api/load/memory-light [GET],1.100000,0.000000,3,3,3,3,4,4,4,4,4,4,4,93,0,4,12.966921010917748,1.9568370043998584,754.7296670018113,50.0
1781571034,10,GET,/api/products [GET],2.100000,0.000000,2,2,3,3,3,3,3,3,3,3,3,137,0,3,6.396055350347378,1.547809995827265,142.85072599886917,120.0
1781571034,10,,Aggregated,7.700000,0.000000,5,6,6,6,8,13,40,46,46,46,46,479,0,5,15.055597697276868,1.547809995827265,856.0378460024367,77.32150313152401
1781571035,10,GET,/api/load/gc [GC-pressure],4.500000,0.000000,6,6,6,6,10,38,46,46,46,46,46,252,0,6,20.413355476136083,3.0042879952816293,856.0378460024367,64.0436507936508
1781571035,10,GET,/api/load/memory-light [GET],1.100000,0.000000,3,3,4,4,4,4,4,4,4,4,4,96,0,4,12.650103906480581,1.9568370043998584,754.7296670018113,50.0
1781571035,10,GET,/api/products [GET],2.100000,0.000000,2,3,3,3,3,3,3,3,3,3,3,138,0,3,6.3707228840465415,1.547809995827265,142.85072599886917,120.0
1781571035,10,,Aggregated,7.700000,0.000000,4,6,6,6,8,13,40,46,46,46,46,486,0,4,14.892459491783645,1.547809995827265,856.0378460024367,77.15843621399176
1781571036,10,GET,/api/load/gc [GC-pressure],4.800000,0.000000,6,6,6,6,10,38,46,46,46,46,46,254,0,6,20.293503137709624,3.0042879952816293,856.0378460024367,64.04330708661418
1781571036,10,GET,/api/load/memory-light [GET],0.800000,0.000000,3,3,4,4,5,5,5,5,5,5,5,97,0,4,12.5681596393931,1.9568370043998584,754.7296670018113,50.0
1781571036,10,GET,/api/products [GET],1.900000,0.000000,2,3,3,3,4,4,4,4,4,4,4,142,0,3,6.272802295761337,1.547809995827265,142.85072599886917,120.0
1781571036,10,,Aggregated,7.500000,0.000000,4,5,6,6,8,13,40,46,46,46,46,493,0,4,14.735089671394492,1.547809995827265,856.0378460024367,77.39756592292089
1781571037,10,GET,/api/load/gc [GC-pressure],4.800000,0.000000,6,6,6,7,13,40,46,46,46,46,46,258,0,6,20.064529515394504,3.0042879952816293,856.0378460024367,64.04263565891473
1781571037,10,GET,/api/load/memory-light [GET],0.800000,0.000000,3,4,4,5,88,88,88,88,88,88,88,98,0,4,13.337286030835049,1.9568370043998584,754.7296670018113,50.0
1781571037,10,GET,/api/products [GET],1.900000,0.000000,2,3,3,3,4,4,4,4,4,4,4,144,0,3,6.211867618023664,1.547809995827265,142.85072599886917,120.0
1781571037,10,,Aggregated,7.500000,0.000000,4,5,6,6,9,38,46,88,88,88,88,500,0,4,14.756423165978049,1.547809995827265,856.0378460024367,77.406
1781571038,10,GET,/api/load/gc [GC-pressure],5.000000,0.000000,6,6,6,7,13,40,46,46,46,46,46,260,0,6,19.943640765268356,3.0042879952816293,856.0378460024367,64.04230769230769
1781571038,10,GET,/api/load/memory-light [GET],0.900000,0.000000,4,4,4,4,5,88,88,88,88,88,88,101,0,4,13.043184416085634,1.9568370043998584,754.7296670018113,50.0
1781571038,10,GET,/api/products [GET],1.400000,0.000000,2,3,3,4,12,29,29,29,29,29,29,149,0,3,6.312323228118944,1.547809995827265,142.85072599886917,120.0
1781571038,10,,Aggregated,7.300000,0.000000,4,5,6,6,12,38,46,88,88,88,88,510,0,4,14.594596835263028,1.547809995827265,856.0378460024367,77.60980392156863
1781571039,10,GET,/api/load/gc [GC-pressure],4.700000,0.000000,6,6,6,7,13,40,46,46,46,46,46,265,0,6,19.657882316892458,2.7196320006623864,856.0378460024367,64.04150943396226
1781571039,10,GET,/api/load/memory-light [GET],0.800000,0.000000,4,4,4,4,5,88,88,88,88,88,88,103,0,4,12.853294553687837,1.9568370043998584,754.7296670018113,50.0
1781571039,10,GET,/api/products [GET],1.700000,0.000000,2,3,3,4,12,29,29,29,29,29,29,150,0,3,6.287611133254056,1.547809995827265,142.85072599886917,120.0
1781571039,10,,Aggregated,7.200000,0.000000,4,5,6,6,10,38,46,88,88,88,88,518,0,4,14.433146376437175,1.547809995827265,856.0378460024367,77.45366795366796
1781571040,10,GET,/api/load/gc [GC-pressure],4.200000,0.000000,5,6,6,6,10,15,46,46,46,46,46,268,0,6,19.54452786181963,2.7196320006623864,856.0378460024367,64.0410447761194
1781571040,10,GET,/api/load/memory-light [GET],1.200000,0.000000,4,4,4,4,5,88,88,88,88,88,88,104,0,4,12.76112779837254,1.9568370043998584,754.7296670018113,50.0
1781571040,10,GET,/api/products [GET],2.200000,0.000000,3,3,4,8,12,29,29,29,29,29,29,157,0,3,6.3584996495806685,1.547809995827265,142.85072599886917,120.0
1781571040,10,,Aggregated,7.600000,0.000000,4,5,6,6,10,29,46,88,88,88,88,529,0,4,14.297495657812041,1.547809995827265,856.0378460024367,77.88846880907373
1781571041,10,GET,/api/load/gc [GC-pressure],4.200000,0.000000,5,6,6,6,6,11,15,15,15,15,15,269,0,6,19.49368612629255,2.7196320006623864,856.0378460024367,64.04089219330855
1781571041,10,GET,/api/load/memory-light [GET],1.200000,0.000000,4,4,4,4,5,88,88,88,88,88,88,106,0,4,12.582190434257873,1.9568370043998584,754.7296670018113,50.0
1781571041,10,GET,/api/products [GET],2.200000,0.000000,2,3,4,4,12,29,29,29,29,29,29,160,0,3,6.279853749902031,1.547809995827265,142.85072599886917,120.0
1781571041,10,,Aggregated,7.600000,0.000000,4,5,6,6,8,15,29,88,88,88,88,535,0,4,14.172505334557673,1.547809995827265,856.0378460024367,77.99439252336448
1781571042,10,GET,/api/load/gc [GC-pressure],4.200000,0.000000,5,6,6,6,7,11,15,15,15,15,15,272,0,6,19.33188027196058,2.7196320006623864,856.0378460024367,64.0404411764706
1781571042,10,GET,/api/load/memory-light [GET],1.400000,0.000000,3,4,4,4,5,88,88,88,88,88,88,109,0,4,12.32375887181469,1.9568370043998584,754.7296670018113,50.0
1781571042,10,GET,/api/products [GET],2.500000,0.000000,3,3,4,8,12,29,29,29,29,29,29,160,0,3,6.279853749902031,1.547809995827265,142.85072599886917,120.0
1781571042,10,,Aggregated,8.100000,0.000000,4,5,6,6,9,15,29,88,88,88,88,541,0,4,14.05977403139631,1.547809995827265,856.0378460024367,77.76155268022181
1781571043,10,GET,/api/load/gc [GC-pressure],4.200000,0.000000,5,6,6,6,7,11,15,15,15,15,15,276,0,6,19.129430583273894,2.7196320006623864,856.0378460024367,64.03985507246377
1781571043,10,GET,/api/load/memory-light [GET],1.400000,0.000000,3,4,4,4,5,88,88,88,88,88,88,109,0,4,12.32375887181469,1.9568370043998584,754.7296670018113,50.0
1781571043,10,GET,/api/products [GET],2.500000,0.000000,2,3,4,4,12,29,29,29,29,29,29,164,0,3,6.178780316986376,1.547809995827265,142.85072599886917,120.0
1781571043,10,,Aggregated,8.100000,0.000000,4,5,6,6,8,15,29,88,88,88,88,549,0,4,13.909531020031261,1.547809995827265,856.0378460024367,77.96903460837888
1781571044,10,GET,/api/load/gc [GC-pressure],3.600000,0.000000,6,6,6,6,7,11,15,15,15,15,15,284,0,6,18.735894408346724,2.7196320006623864,856.0378460024367,64.03873239436619
1781571044,10,GET,/api/load/memory-light [GET],1.500000,0.000000,3,4,4,4,5,88,88,88,88,88,88,109,0,4,12.32375887181469,1.9568370043998584,754.7296670018113,50.0
1781571044,10,GET,/api/products [GET],2.800000,0.000000,2,3,3,4,12,29,29,29,29,29,29,167,0,3,6.1004169040964635,1.547809995827265,142.85072599886917,120.0
1781571044,10,,Aggregated,7.900000,0.000000,4,5,6,6,8,15,29,88,88,88,88,560,0,4,13.719738128539964,1.547809995827265,856.0378460024367,77.99464285714286
1781571045,10,GET,/api/load/gc [GC-pressure],3.500000,0.000000,6,6,6,6,7,11,15,15,15,15,15,286,0,6,18.63328813276741,2.6580810008454137,856.0378460024367,64.03846153846153
1781571045,10,GET,/api/load/memory-light [GET],1.600000,0.000000,3,4,4,4,5,88,88,88,88,88,88,109,0,4,12.32375887181469,1.9568370043998584,754.7296670018113,50.0
1781571045,10,GET,/api/products [GET],2.600000,0.000000,2,3,3,3,12,29,29,29,29,29,29,172,0,3,5.992916162688553,1.547809995827265,142.85072599886917,120.0
1781571045,10,,Aggregated,7.700000,0.000000,3,5,6,6,8,15,29,88,88,88,88,567,0,4,13.585876019368099,1.547809995827265,856.0378460024367,78.31569664902999
1781571046,10,GET,/api/load/gc [GC-pressure],3.300000,0.000000,6,6,6,6,7,11,15,15,15,15,15,290,0,6,18.446071137817665,2.6580810008454137,856.0378460024367,64.03793103448275
1781571046,10,GET,/api/load/memory-light [GET],1.600000,0.000000,3,3,4,4,4,4,4,4,4,4,4,112,0,4,12.063130660992881,1.7979940021177754,754.7296670018113,50.0
1781571046,10,GET,/api/products [GET],2.800000,0.000000,2,3,3,3,12,29,29,29,29,29,29,173,0,3,5.968621236926908,1.547809995827265,142.85072599886917,120.0
1781571046,10,,Aggregated,7.700000,0.000000,3,5,6,6,7,12,29,29,29,29,29,575,0,4,13.44870041388988,1.547809995827265,856.0378460024367,78.14086956521739
1781571047,10,GET,/api/load/gc [GC-pressure],3.600000,0.000000,6,6,6,6,7,11,15,15,15,15,15,294,0,6,18.271028374038245,2.6580810008454137,856.0378460024367,64.0374149659864
1781571047,10,GET,/api/load/memory-light [GET],1.600000,0.000000,3,3,3,3,4,4,4,4,4,4,4,112,0,4,12.063130660992881,1.7979940021177754,754.7296670018113,50.0
1781571047,10,GET,/api/products [GET],3.000000,0.000000,2,3,3,3,8,9,29,29,29,29,29,176,0,3,5.902318420381065,1.5439389972016215,142.85072599886917,120.0
1781571047,10,,Aggregated,8.200000,0.000000,3,5,6,6,6,9,15,29,29,29,29,582,0,4,13.33601549482047,1.5439389972016215,856.0378460024367,78.2594501718213
1781571048,10,GET,/api/load/gc [GC-pressure],3.400000,0.000000,6,6,6,6,7,11,15,15,15,15,15,297,0,6,18.135741885429287,2.6580810008454137,856.0378460024367,64.03703703703704
1781571048,10,GET,/api/load/memory-light [GET],1.300000,0.000000,3,3,3,3,4,4,4,4,4,4,4,113,0,4,11.979237017960935,1.7979940021177754,754.7296670018113,50.0
1781571048,10,GET,/api/products [GET],3.400000,0.000000,2,2,3,3,8,9,29,29,29,29,29,180,0,3,5.819485422196319,1.5439389972016215,142.85072599886917,120.0
1781571048,10,,Aggregated,8.100000,0.000000,3,5,6,6,6,9,15,29,29,29,29,590,0,4,13.19911271016512,1.5439389972016215,856.0378460024367,78.42203389830509
1781571049,10,GET,/api/load/gc [GC-pressure],3.600000,0.000000,6,6,6,6,6,7,7,7,7,7,7,300,0,6,18.002221109927632,2.6580810008454137,856.0378460024367,64.03666666666666
1781571049,10,GET,/api/load/memory-light [GET],1.400000,0.000000,3,3,3,3,4,4,4,4,4,4,4,113,0,4,11.979237017960935,1.7979940021177754,754.7296670018113,50.0
1781571049,10,GET,/api/products [GET],3.200000,0.000000,2,2,2,3,3,3,4,4,4,4,4,184,0,3,5.747624108667167,1.5439389972016215,142.85072599886917,120.0
1781571049,10,,Aggregated,8.200000,0.000000,3,4,5,6,6,6,7,7,7,7,7,597,0,4,13.085231075381296,1.5439389972016215,856.0378460024367,78.62814070351759
1781571050,10,GET,/api/load/gc [GC-pressure],3.700000,0.000000,5,6,6,6,6,7,7,7,7,7,7,307,0,6,17.70209828655217,2.6580810008454137,856.0378460024367,64.0358306188925
1781571050,10,GET,/api/load/memory-light [GET],1.200000,0.000000,3,3,3,3,3,3,3,3,3,3,3,114,0,4,11.893742324836989,1.7979940021177754,754.7296670018113,50.0
1781571050,10,GET,/api/products [GET],3.100000,0.000000,2,2,2,3,3,3,4,4,4,4,4,186,0,3,5.709211822562871,1.5439389972016215,142.85072599886917,120.0
1781571050,10,,Aggregated,8.000000,0.000000,3,5,5,6,6,6,7,7,7,7,7,607,0,4,12.93631663591372,1.5439389972016215,856.0378460024367,78.54859967051071
1781571051,10,GET,/api/load/gc [GC-pressure],3.700000,0.000000,5,6,6,6,6,7,7,7,7,7,7,311,0,6,17.54138900315291,2.6580810008454137,856.0378460024367,64.03536977491962
1781571051,10,GET,/api/load/memory-light [GET],1.200000,0.000000,3,3,3,3,3,3,3,3,3,3,3,115,0,4,11.809867374161158,1.7979940021177754,754.7296670018113,50.0
1781571051,10,GET,/api/products [GET],3.100000,0.000000,2,2,2,2,3,3,4,4,4,4,4,189,0,3,5.648125375657362,1.5439389972016215,142.85072599886917,120.0
1781571051,10,,Aggregated,8.000000,0.000000,3,5,5,6,6,6,7,7,7,7,7,615,0,4,12.814638087818421,1.5439389972016215,856.0378460024367,78.60975609756098
1781571052,10,GET,/api/load/gc [GC-pressure],3.400000,0.000000,5,6,6,6,6,6,7,7,7,7,7,313,0,6,17.462345511114528,2.6580810008454137,856.0378460024367,64.03514376996804
1781571052,10,GET,/api/load/memory-light [GET],1.000000,0.000000,3,3,3,4,9,9,9,9,9,9,9,118,0,4,11.647934559547693,1.7979940021177754,754.7296670018113,50.0
1781571052,10,GET,/api/products [GET],3.400000,0.000000,2,2,2,3,3,3,4,4,4,4,4,191,0,3,5.611175429284711,1.5439389972016215,142.85072599886917,120.0
1781571052,10,,Aggregated,7.800000,0.000000,3,5,5,6,6,6,7,9,9,9,9,622,0,4,12.720104389065682,1.5439389972016215,856.0378460024367,78.55787781350482
1781571053,10,GET,/api/load/gc [GC-pressure],4.200000,0.000000,5,6,6,6,6,6,6,6,6,6,6,318,0,6,17.26670210682527,2.6580810008454137,856.0378460024367,64.03459119496856
1781571053,10,GET,/api/load/memory-light [GET],0.900000,0.000000,3,3,3,4,9,9,9,9,9,9,9,119,0,4,11.567051159858726,1.7979940021177754,754.7296670018113,50.0
1781571053,10,GET,/api/products [GET],2.900000,0.000000,2,2,2,3,3,3,4,4,4,4,4,196,0,3,5.512910234645052,1.1043519989470951,142.85072599886917,120.0
1781571053,10,,Aggregated,8.000000,0.000000,3,5,5,5,6,6,6,9,9,9,9,633,0,4,12.555798995235474,1.1043519989470951,856.0378460024367,78.72511848341232
1781571054,10,GET,/api/load/gc [GC-pressure],4.100000,0.000000,5,6,6,6,6,6,41,41,41,41,41,322,0,6,17.223394605488753,2.6580810008454137,856.0378460024367,64.03416149068323
1781571054,10,GET,/api/load/memory-light [GET],1.000000,0.000000,3,3,4,4,9,58,58,58,58,58,58,121,0,4,11.868685537389737,1.7979940021177754,754.7296670018113,50.0
1781571054,10,GET,/api/products [GET],3.100000,0.000000,2,2,2,2,3,3,4,4,4,4,4,199,0,3,5.4582187738231545,1.1043519989470951,142.85072599886917,120.0
1781571054,10,,Aggregated,8.200000,0.000000,4,5,5,6,6,6,41,58,58,58,58,642,0,4,12.567335746078419,1.1043519989470951,856.0378460024367,78.7367601246106
1781571055,10,GET,/api/load/gc [GC-pressure],4.100000,0.000000,5,6,6,6,6,6,41,41,41,41,41,324,0,6,17.151918910387373,2.6580810008454137,856.0378460024367,64.03395061728395
1781571055,10,GET,/api/load/memory-light [GET],1.000000,0.000000,3,3,3,4,9,58,58,58,58,58,58,123,0,4,11.712534390404116,1.7979940021177754,754.7296670018113,50.0
1781571055,10,GET,/api/products [GET],3.100000,0.000000,2,2,2,2,3,3,4,4,4,4,4,201,0,3,5.420664238768968,1.1043519989470951,142.85072599886917,120.0
1781571055,10,,Aggregated,8.200000,0.000000,4,5,5,6,6,6,41,58,58,58,58,648,0,4,12.480581742249656,1.1043519989470951,856.0378460024367,78.72993827160494
1781571056,10,GET,/api/load/gc [GC-pressure],4.100000,0.000000,5,6,6,6,6,6,41,41,41,41,41,328,0,6,16.99551466754201,2.6580810008454137,856.0378460024367,64.03353658536585
1781571056,10,GET,/api/load/memory-light [GET],1.000000,0.000000,3,3,4,4,9,58,58,58,58,58,58,124,0,4,11.641666274308884,1.7979940021177754,754.7296670018113,50.0
1781571056,10,GET,/api/products [GET],3.100000,0.000000,2,2,2,2,3,3,4,4,4,4,4,204,0,3,5.37061961757204,1.1043519989470951,142.85072599886917,120.0
1781571056,10,,Aggregated,8.200000,0.000000,3,5,5,6,6,6,41,58,58,58,58,656,0,4,12.368447913037771,1.1043519989470951,856.0378460024367,78.78506097560975
1781571057,10,GET,/api/load/gc [GC-pressure],3.800000,0.000000,5,6,6,6,6,6,41,41,41,41,41,332,0,6,16.849356734821345,2.6580810008454137,856.0378460024367,64.03313253012048
1781571057,10,GET,/api/load/memory-light [GET],1.100000,0.000000,3,3,3,4,9,58,58,58,58,58,58,126,0,4,11.491420277866021,1.7979940021177754,754.7296670018113,50.0
1781571057,10,GET,/api/products [GET],3.100000,0.000000,2,2,2,2,3,3,4,4,4,4,4,206,0,3,5.330869480495644,1.1043519989470951,142.85072599886917,120.0
1781571057,10,,Aggregated,8.000000,0.000000,3,5,5,6,6,6,41,58,58,58,58,664,0,4,12.259133289087211,1.1043519989470951,856.0378460024367,78.73343373493977
1781571058,10,GET,/api/load/gc [GC-pressure],3.800000,0.000000,5,6,6,6,6,6,41,41,41,41,41,337,0,6,16.670950281766945,2.6580810008454137,856.0378460024367,64.0326409495549
1781571058,10,GET,/api/load/memory-light [GET],1.400000,0.000000,3,3,4,4,9,58,58,58,58,58,58,129,0,4,11.296382480670514,1.7979940021177754,754.7296670018113,50.0
1781571058,10,GET,/api/products [GET],2.900000,0.000000,2,2,2,2,3,3,3,3,3,3,3,210,0,3,5.273576657089594,1.1043519989470951,142.85072599886917,120.0
1781571058,10,,Aggregated,8.100000,0.000000,3,5,5,6,6,6,41,58,58,58,58,676,0,4,12.104725862353211,1.1043519989470951,856.0378460024367,78.74112426035504
1781571059,10,GET,/api/load/gc [GC-pressure],3.800000,0.000000,5,6,6,6,6,6,41,41,41,41,41,341,0,6,16.533730791664382,2.6580810008454137,856.0378460024367,64.03225806451613
1781571059,10,GET,/api/load/memory-light [GET],1.400000,0.000000,3,3,4,4,9,58,58,58,58,58,58,131,0,4,11.194595526817222,1.7979940021177754,754.7296670018113,50.0
1781571059,10,GET,/api/products [GET],3.000000,0.000000,2,2,2,2,3,3,3,3,3,3,3,211,0,3,5.258496914626379,1.1043519989470951,142.85072599886917,120.0
1781571059,10,,Aggregated,8.200000,0.000000,3,5,5,6,6,7,41,58,58,58,58,683,0,4,12.026408584124125,1.1043519989470951,856.0378460024367,78.63103953147878
1781571060,10,GET,/api/load/gc [GC-pressure],3.800000,0.000000,5,6,6,6,6,6,41,41,41,41,41,342,0,6,16.50172181274556,2.6580810008454137,856.0378460024367,64.03216374269006
1781571060,10,GET,/api/load/memory-light [GET],1.400000,0.000000,3,3,4,4,9,58,58,58,58,58,58,133,0,4,11.064357624176532,1.7979940021177754,754.7296670018113,50.0
1781571060,10,GET,/api/products [GET],3.000000,0.000000,2,2,2,2,3,3,3,3,3,3,3,215,0,2,5.196070609252824,1.1043519989470951,142.85072599886917,120.0
1781571060,10,,Aggregated,8.200000,0.000000,3,4,5,6,6,7,41,58,58,58,58,690,0,4,11.930874789802635,1.1043519989470951,856.0378460024367,78.76666666666667
1781571061,10,GET,/api/load/gc [GC-pressure],4.100000,0.000000,5,6,6,6,6,6,41,41,41,41,41,346,0,6,16.361293864039087,2.6580810008454137,856.0378460024367,64.03179190751445
1781571061,10,GET,/api/load/memory-light [GET],1.700000,0.000000,3,3,3,3,7,58,58,58,58,58,58,134,0,3,10.996660320972241,1.7979940021177754,754.7296670018113,50.0
1781571061,10,GET,/api/products [GET],2.700000,0.000000,2,2,2,2,3,3,3,3,3,3,3,220,0,2,5.121592181769136,1.1043519989470951,142.85072599886917,120.0
1781571061,10,,Aggregated,8.500000,0.000000,3,4,5,6,6,6,41,58,58,58,58,700,0,4,11.80187205708145,1.1043519989470951,856.0378460024367,78.93571428571428
1781571062,10,GET,/api/load/gc [GC-pressure],4.100000,0.000000,5,6,6,6,6,7,41,41,41,41,41,351,0,6,16.194857780501895,2.6580810008454137,856.0378460024367,64.03133903133903
1781571062,10,GET,/api/load/memory-light [GET],1.700000,0.000000,3,3,3,3,7,58,58,58,58,58,58,135,0,3,10.934441296342778,1.7979940021177754,754.7296670018113,50.0
1781571062,10,GET,/api/products [GET],2.700000,0.000000,2,2,2,2,3,3,3,3,3,3,3,223,0,2,5.0815445605368925,1.1043519989470951,142.85072599886917,120.0
1781571062,10,,Aggregated,8.500000,0.000000,3,4,5,6,6,7,41,58,58,58,58,709,0,4,11.697784334220263,1.1043519989470951,856.0378460024367,78.96332863187588
1781571063,10,GET,/api/load/gc [GC-pressure],3.300000,0.000000,5,6,6,6,6,7,34,34,34,34,34,355,0,6,16.146143839299402,2.6580810008454137,856.0378460024367,64.03380281690141
1781571063,10,GET,/api/load/memory-light [GET],1.900000,0.000000,3,3,3,3,7,8,8,8,8,8,8,138,0,3,10.78929042041241,1.7979940021177754,754.7296670018113,50.0
1781571063,10,GET,/api/products [GET],3.100000,0.000000,2,2,2,2,3,3,3,3,3,3,3,225,0,2,5.0563092666561715,1.1043519989470951,142.85072599886917,120.0
1781571063,10,,Aggregated,8.300000,0.000000,3,4,5,5,6,7,8,34,34,34,34,718,0,4,11.641326916386962,1.1043519989470951,856.0378460024367,78.87465181058496
1781571064,10,GET,/api/load/gc [GC-pressure],3.800000,0.000000,5,6,6,6,6,7,34,34,34,34,34,359,0,6,16.021489793745882,2.6580810008454137,856.0378460024367,64.03342618384401
1781571064,10,GET,/api/load/memory-light [GET],1.700000,0.000000,3,3,3,3,7,8,8,8,8,8,8,142,0,3,10.569529760687146,1.7979940021177754,754.7296670018113,50.0
1781571064,10,GET,/api/products [GET],3.200000,0.000000,2,2,2,2,3,3,3,3,3,3,3,226,0,2,5.042735730098,1.1043519989470951,142.85072599886917,120.0
1781571064,10,,Aggregated,8.700000,0.000000,3,4,5,5,6,7,8,34,34,34,34,727,0,4,11.543667588685688,1.1043519989470951,856.0378460024367,78.69050894085282
1781571065,10,GET,/api/load/gc [GC-pressure],3.800000,0.000000,5,6,6,6,6,7,34,34,34,34,34,362,0,6,15.927127187731367,2.6580810008454137,856.0378460024367,64.03314917127072
1781571065,10,GET,/api/load/memory-light [GET],1.700000,0.000000,3,3,3,3,7,8,8,8,8,8,8,143,0,3,10.514174188915444,1.7979940021177754,754.7296670018113,50.0
1781571065,10,GET,/api/products [GET],3.200000,0.000000,2,2,2,2,3,3,3,3,3,3,3,227,0,2,5.02861665638337,1.1043519989470951,142.85072599886917,120.0
1781571065,10,,Aggregated,8.700000,0.000000,3,4,5,5,6,7,8,34,34,34,34,732,0,4,11.489949360618427,1.1043519989470951,856.0378460024367,78.64754098360656
1781571066,10,GET,/api/load/gc [GC-pressure],3.500000,0.000000,5,6,6,6,6,7,34,34,34,34,34,368,0,6,15.747329445552484,2.6580810008454137,856.0378460024367,64.03260869565217
1781571066,10,GET,/api/load/memory-light [GET],2.200000,0.000000,3,3,3,3,7,8,8,8,8,8,8,145,0,3,10.405077738085248,1.7979940021177754,754.7296670018113,50.0
1781571066,10,GET,/api/products [GET],2.800000,0.000000,2,2,2,2,3,3,3,3,3,3,3,229,0,2,4.999206183446717,1.1043519989470951,142.85072599886917,120.0
1781571066,10,,Aggregated,8.500000,0.000000,3,4,5,6,6,7,8,34,34,34,34,742,0,4,11.38621526144875,1.1043519989470951,856.0378460024367,78.5633423180593
1781571067,10,GET,/api/load/gc [GC-pressure],3.500000,0.000000,5,6,6,6,6,7,34,34,34,34,34,371,0,6,15.66008097564565,2.6580810008454137,856.0378460024367,64.03234501347708
1781571067,10,GET,/api/load/memory-light [GET],2.200000,0.000000,3,3,3,3,8,77,77,77,77,77,77,148,0,3,10.755860966300306,1.7979940021177754,754.7296670018113,50.0
1781571067,10,GET,/api/products [GET],2.800000,0.000000,2,2,2,2,3,3,3,3,3,3,3,229,0,2,4.999206183446717,1.1043519989470951,142.85072599886917,120.0
1781571067,10,,Aggregated,8.500000,0.000000,3,4,5,6,6,7,34,77,77,77,77,748,0,4,11.425903316826577,1.1043519989470951,856.0378460024367,78.3903743315508
1781571068,10,GET,/api/load/gc [GC-pressure],3.900000,0.000000,5,6,6,6,6,7,34,34,34,34,34,377,0,6,15.485408779766209,2.6580810008454137,856.0378460024367,64.03183023872678
1781571068,10,GET,/api/load/memory-light [GET],2.100000,0.000000,3,3,3,3,7,8,77,77,77,77,77,151,0,3,10.598508417255566,1.7979940021177754,754.7296670018113,50.0
1781571068,10,GET,/api/products [GET],2.500000,0.000000,2,2,2,3,3,71,71,71,71,71,71,231,0,2,5.271430519499939,1.1043519989470951,142.85072599886917,120.0
1781571068,10,,Aggregated,8.500000,0.000000,3,5,6,6,6,8,71,77,77,77,77,759,0,4,11.404577511175148,1.1043519989470951,856.0378460024367,78.27404479578392
1781571069,10,GET,/api/load/gc [GC-pressure],3.900000,0.000000,5,6,6,6,6,7,34,34,34,34,34,381,0,6,15.375811259786744,2.6580810008454137,856.0378460024367,64.03149606299213
1781571069,10,GET,/api/load/memory-light [GET],2.200000,0.000000,3,3,3,3,8,77,77,77,77,77,77,152,0,3,10.543995039513806,1.7979940021177754,754.7296670018113,50.0
1781571069,10,GET,/api/products [GET],2.300000,0.000000,2,2,2,3,3,71,71,71,71,71,71,235,0,2,5.21173722979469,1.1043519989470951,142.85072599886917,120.0
1781571069,10,,Aggregated,8.400000,0.000000,3,5,5,6,6,8,71,77,77,77,77,768,0,4,11.30941352211797,1.1043519989470951,856.0378460024367,78.38020833333333
1781571070,10,GET,/api/load/gc [GC-pressure],4.000000,0.000000,5,6,6,6,6,6,34,34,34,34,34,387,0,6,15.21075310587741,2.6580810008454137,856.0378460024367,64.03100775193798
1781571070,10,GET,/api/load/memory-light [GET],2.200000,0.000000,3,3,3,3,8,77,77,77,77,77,77,152,0,3,10.543995039513806,1.7979940021177754,754.7296670018113,50.0
1781571070,10,GET,/api/products [GET],2.000000,0.000000,2,2,2,3,3,71,71,71,71,71,71,238,0,2,5.172714428570681,1.1043519989470951,142.85072599886917,120.0
1781571070,10,,Aggregated,8.200000,0.000000,3,5,6,6,6,8,71,77,77,77,77,777,0,4,11.223107763166638,1.1043519989470951,856.0378460024367,78.42985842985843
1781571071,10,GET,/api/load/gc [GC-pressure],4.000000,0.000000,5,6,6,6,6,6,34,34,34,34,34,392,0,6,15.072310701465799,2.6580810008454137,856.0378460024367,64.03061224489795
1781571071,10,GET,/api/load/memory-light [GET],2.200000,0.000000,3,3,3,3,8,77,77,77,77,77,77,153,0,3,10.494940562161931,1.7979940021177754,754.7296670018113,50.0
1781571071,10,GET,/api/products [GET],2.400000,0.000000,2,2,2,2,3,71,71,71,71,71,71,239,0,2,5.159794669468043,1.1043519989470951,142.85072599886917,120.0
1781571071,10,,Aggregated,8.600000,0.000000,3,5,5,6,6,8,71,77,77,77,77,784,0,4,11.157222738505396,1.1043519989470951,856.0378460024367,78.3545918367347
1781571072,10,GET,/api/load/gc [GC-pressure],4.000000,0.000000,5,6,6,6,6,6,6,6,6,6,6,397,0,6,14.939523609496579,2.6580810008454137,856.0378460024367,64.03022670025189
1781571072,10,GET,/api/load/memory-light [GET],2.200000,0.000000,3,3,3,3,3,77,77,77,77,77,77,155,0,3,10.395479141997415,1.7979940021177754,754.7296670018113,50.0
1781571072,10,GET,/api/products [GET],2.400000,0.000000,2,2,2,2,3,71,71,71,71,71,71,242,0,2,5.125023702494819,1.1043519989470951,142.85072599886917,120.0
1781571072,10,,Aggregated,8.600000,0.000000,3,5,5,6,6,6,71,77,77,77,77,794,0,4,11.061140901742428,1.1043519989470951,856.0378460024367,78.35012594458438
1781571073,10,GET,/api/load/gc [GC-pressure],4.800000,0.000000,5,5,6,6,6,6,6,6,6,6,6,399,0,6,14.889828979873908,2.6580810008454137,856.0378460024367,64.03007518796993
1781571073,10,GET,/api/load/memory-light [GET],1.900000,0.000000,3,3,3,3,3,77,77,77,77,77,77,156,0,3,10.345451339768866,1.7979940021177754,754.7296670018113,50.0
1781571073,10,GET,/api/products [GET],1.800000,0.000000,2,2,2,2,3,71,71,71,71,71,71,244,0,2,5.100704143454796,1.1043519989470951,142.85072599886917,120.0
1781571073,10,,Aggregated,8.500000,0.000000,3,5,5,6,6,6,71,77,77,77,77,799,0,4,11.013146411735423,1.1043519989470951,856.0378460024367,78.38297872340425
1781571074,10,GET,/api/load/gc [GC-pressure],4.600000,0.000000,5,6,6,6,6,6,6,6,6,6,6,405,0,6,14.736643859223365,2.524380004615523,856.0378460024367,64.02962962962962
1781571074,10,GET,/api/load/memory-light [GET],2.000000,0.000000,3,3,3,3,3,77,77,77,77,77,77,160,0,3,10.141867281345185,1.7979940021177754,754.7296670018113,50.0
1781571074,10,GET,/api/products [GET],1.900000,0.000000,2,2,2,2,3,71,71,71,71,71,71,246,0,2,5.07152935363304,1.1043519989470951,142.85072599886917,120.0
1781571074,10,,Aggregated,8.500000,0.000000,3,5,5,6,6,6,71,77,77,77,77,811,0,4,10.89844112083159,1.1043519989470951,856.0378460024367,78.23921085080148
1781571075,10,GET,/api/load/gc [GC-pressure],4.600000,0.000000,5,5,6,6,6,6,6,6,6,6,6,406,0,6,14.708715470405519,2.524380004615523,856.0378460024367,64.0295566502463
1781571075,10,GET,/api/load/memory-light [GET],2.000000,0.000000,3,3,3,3,3,77,77,77,77,77,77,161,0,3,10.095749807530314,1.7979940021177754,754.7296670018113,50.0
1781571075,10,GET,/api/products [GET],1.900000,0.000000,2,2,2,2,3,3,71,71,71,71,71,249,0,2,5.032922421685134,1.1043519989470951,142.85072599886917,120.0
1781571075,10,,Aggregated,8.500000,0.000000,3,5,5,6,6,6,71,77,77,77,77,816,0,4,10.846019464456642,1.1043519989470951,856.0378460024367,78.3406862745098
1781571076,10,GET,/api/load/gc [GC-pressure],4.500000,0.000000,5,5,6,6,6,6,11,11,11,11,11,409,0,6,14.655240295793005,2.524380004615523,856.0378460024367,64.02933985330074
1781571076,10,GET,/api/load/memory-light [GET],1.800000,0.000000,3,3,3,3,3,3,3,3,3,3,3,163,0,3,10.005990245491638,1.7979940021177754,754.7296670018113,50.0
1781571076,10,GET,/api/products [GET],1.900000,0.000000,2,2,2,2,3,3,71,71,71,71,71,254,0,2,4.968160649602976,1.1043519989470951,142.85072599886917,120.0
1781571076,10,,Aggregated,8.200000,0.000000,3,5,5,5,6,6,11,71,71,71,71,826,0,4,10.758937646481394,1.1043519989470951,856.0378460024367,78.47215496368038
1781571077,10,GET,/api/load/gc [GC-pressure],4.400000,0.000000,5,5,6,6,6,6,11,11,11,11,11,409,0,6,14.655240295793005,2.524380004615523,856.0378460024367,64.02933985330074
1781571077,10,GET,/api/load/memory-light [GET],1.800000,0.000000,3,3,3,3,3,3,3,3,3,3,3,166,0,3,9.87677451222083,1.7979940021177754,754.7296670018113,50.0
1781571077,10,GET,/api/products [GET],2.200000,0.000000,2,2,2,2,3,3,71,71,71,71,71,257,0,2,4.932093914390536,1.1043519989470951,142.85072599886917,120.0
1781571077,10,,Aggregated,8.400000,0.000000,3,4,5,5,6,6,11,71,71,71,71,832,0,4,10.69842065625765,1.1043519989470951,856.0378460024367,78.51923076923077
1781571078,10,GET,/api/load/gc [GC-pressure],4.400000,0.000000,5,5,6,6,6,6,11,11,11,11,11,412,0,6,14.581365555783934,2.524380004615523,856.0378460024367,64.02912621359224
1781571078,10,GET,/api/load/memory-light [GET],1.800000,0.000000,3,3,3,3,3,3,3,3,3,3,3,168,0,3,9.787151797744238,1.7979940021177754,754.7296670018113,50.0
1781571078,10,GET,/api/products [GET],2.200000,0.000000,2,2,2,2,2,3,3,3,3,3,3,259,0,2,4.9079133899528244,1.1043519989470951,142.85072599886917,120.0
1781571078,10,,Aggregated,8.400000,0.000000,3,3,5,5,6,6,6,11,11,11,11,839,0,4,10.635177209775678,1.1043519989470951,856.0378460024367,78.49821215733016
1781571079,10,GET,/api/load/gc [GC-pressure],3.800000,0.000000,5,5,5,6,6,11,70,70,70,70,70,418,0,6,14.590915559779749,2.524380004615523,856.0378460024367,64.0311004784689
1781571079,10,GET,/api/load/memory-light [GET],1.700000,0.000000,3,3,3,3,3,3,3,3,3,3,3,169,0,3,9.74806055636524,1.7979940021177754,754.7296670018113,50.0
1781571079,10,GET,/api/products [GET],2.800000,0.000000,2,2,2,2,2,3,3,3,3,3,3,260,0,2,4.893974396131503,1.1043519989470951,142.85072599886917,120.0
1781571079,10,,Aggregated,8.300000,0.000000,3,4,5,5,6,6,11,70,70,70,70,847,0,4,10.648002693043509,1.1043519989470951,856.0378460024367,78.41204250295159
1781571080,10,GET,/api/load/gc [GC-pressure],3.500000,0.000000,5,5,5,6,6,11,70,70,70,70,70,421,0,6,14.518517596170007,2.524380004615523,856.0378460024367,64.03087885985748
1781571080,10,GET,/api/load/memory-light [GET],1.700000,0.000000,3,3,3,3,3,3,3,3,3,3,3,171,0,3,9.662298947511097,1.7979940021177754,754.7296670018113,50.0
1781571080,10,GET,/api/products [GET],2.900000,0.000000,2,2,2,2,2,2,3,3,3,3,3,264,0,2,4.844106515161966,1.1043519989470951,142.85072599886917,120.0
1781571080,10,,Aggregated,8.100000,0.000000,3,3,5,5,5,6,11,70,70,70,70,856,0,4,10.564711621512535,1.1043519989470951,856.0378460024367,78.4894859813084
1781571081,10,GET,/api/load/gc [GC-pressure],3.500000,0.000000,5,5,5,6,6,11,70,70,70,70,70,422,0,6,14.497050535507192,2.524380004615523,856.0378460024367,64.0308056872038
1781571081,10,GET,/api/load/memory-light [GET],1.700000,0.000000,3,3,3,3,3,3,3,3,3,3,3,171,0,3,9.662298947511097,1.7979940021177754,754.7296670018113,50.0
1781571081,10,GET,/api/products [GET],2.900000,0.000000,2,2,2,2,2,2,2,2,2,2,2,268,0,2,4.8011237873082,1.1043519989470951,142.85072599886917,120.0
1781571081,10,,Aggregated,8.100000,0.000000,3,3,5,5,5,6,11,70,70,70,70,861,0,4,10.518826505234646,1.1043519989470951,856.0378460024367,78.66550522648083
1781571082,10,GET,/api/load/gc [GC-pressure],3.700000,0.000000,5,5,6,6,6,11,70,70,70,70,70,426,0,6,14.408006183042692,2.524380004615523,856.0378460024367,64.03051643192488
1781571082,10,GET,/api/load/memory-light [GET],1.700000,0.000000,3,3,3,3,3,3,3,3,3,3,3,173,0,3,9.576805318067136,1.7979940021177754,754.7296670018113,50.0
1781571082,10,GET,/api/products [GET],2.500000,0.000000,2,2,2,2,2,2,2,2,2,2,2,270,0,2,4.781195625912881,1.1043519989470951,142.85072599886917,120.0
1781571082,10,,Aggregated,7.900000,0.000000,3,3,5,5,5,6,11,70,70,70,70,869,0,4,10.455144733024488,1.1043519989470951,856.0378460024367,78.62715765247411
1781571083,10,GET,/api/load/gc [GC-pressure],3.500000,0.000000,5,5,6,6,6,11,70,70,70,70,70,428,0,6,14.362230322370115,2.524380004615523,856.0378460024367,64.0303738317757
1781571083,10,GET,/api/load/memory-light [GET],1.900000,0.000000,3,3,3,3,3,3,3,3,3,3,3,175,0,3,9.497569343033579,1.7979940021177754,754.7296670018113,50.0
1781571083,10,GET,/api/products [GET],2.700000,0.000000,2,2,2,2,2,2,2,2,2,2,2,272,0,2,4.759401621333168,1.1043519989470951,142.85072599886917,120.0
1781571083,10,,Aggregated,8.100000,0.000000,3,3,4,5,6,6,11,70,70,70,70,875,0,4,10.404190233151894,1.1043519989470951,856.0378460024367,78.62285714285714
1781571084,10,GET,/api/load/gc [GC-pressure],2.900000,0.000000,5,5,6,6,6,11,70,70,70,70,70,435,0,6,14.20464069188115,2.524380004615523,856.0378460024367,64.02988505747126
1781571084,10,GET,/api/load/memory-light [GET],1.800000,0.000000,3,3,3,3,3,3,3,3,3,3,3,176,0,3,9.453340284256807,1.713254998321645,754.7296670018113,50.0
1781571084,10,GET,/api/products [GET],2.800000,0.000000,2,2,2,2,2,2,3,3,3,3,3,275,0,2,4.7296952799925664,1.1043519989470951,142.85072599886917,120.0
1781571084,10,,Aggregated,7.500000,0.000000,3,4,5,5,6,6,11,70,70,70,70,886,0,4,10.319946718956494,1.1043519989470951,856.0378460024367,78.61512415349887
1781571085,10,GET,/api/load/gc [GC-pressure],2.900000,0.000000,5,6,6,6,6,11,70,70,70,70,70,438,0,6,14.144916111808302,2.524380004615523,856.0378460024367,64.0296803652968
1781571085,10,GET,/api/load/memory-light [GET],2.000000,0.000000,3,3,3,3,3,3,3,3,3,3,3,177,0,3,9.41136491541339,1.713254998321645,754.7296670018113,50.0
1781571085,10,GET,/api/products [GET],2.800000,0.000000,2,2,2,2,2,3,5,5,5,5,5,278,0,2,4.710753920825999,1.1043519989470951,142.85072599886917,120.0
1781571085,10,,Aggregated,7.700000,0.000000,3,4,5,5,6,6,7,70,70,70,70,893,0,4,10.269736211634752,1.1043519989470951,856.0378460024367,78.67301231802911
1781571086,10,GET,/api/load/gc [GC-pressure],2.900000,0.000000,5,5,6,6,6,7,70,70,70,70,70,444,0,6,14.015788065244287,2.524380004615523,856.0378460024367,64.02927927927928
1781571086,10,GET,/api/load/memory-light [GET],1.700000,0.000000,2,3,3,3,3,3,3,3,3,3,3,177,0,3,9.41136491541339,1.713254998321645,754.7296670018113,50.0
1781571086,10,GET,/api/products [GET],2.900000,0.000000,2,2,2,2,2,3,5,5,5,5,5,281,0,2,4.680119466175967,1.1043519989470951,142.85072599886917,120.0
1781571086,10,,Aggregated,7.500000,0.000000,3,4,5,5,6,6,7,70,70,70,70,902,0,4,10.203919136354855,1.1043519989470951,856.0378460024367,78.71286031042129
1781571087,10,GET,/api/load/gc [GC-pressure],2.900000,0.000000,5,5,6,6,6,7,70,70,70,70,70,447,0,6,13.952213583813727,2.524380004615523,856.0378460024367,64.02908277404921
1781571087,10,GET,/api/load/memory-light [GET],1.700000,0.000000,2,3,3,3,3,3,3,3,3,3,3,179,0,3,9.334941123059089,1.713254998321645,754.7296670018113,50.0
1781571087,10,GET,/api/products [GET],2.900000,0.000000,2,2,2,2,2,3,5,5,5,5,5,282,0,2,4.67076138297574,1.1043519989470951,142.85072599886917,120.0
1781571087,10,,Aggregated,7.500000,0.000000,3,4,5,5,6,6,7,70,70,70,70,908,0,4,10.159414805056686,1.1043519989470951,856.0378460024367,78.64647577092511
1781571088,10,GET,/api/load/gc [GC-pressure],3.300000,0.000000,5,5,6,6,6,6,7,7,7,7,7,452,0,6,13.8504853162982,2.524380004615523,856.0378460024367,64.02876106194691
1781571088,10,GET,/api/load/memory-light [GET],1.400000,0.000000,2,2,3,3,3,3,3,3,3,3,3,181,0,3,9.25375707202317,1.6271030035568401,754.7296670018113,50.0
1781571088,10,GET,/api/products [GET],2.700000,0.000000,2,2,2,2,2,3,5,5,5,5,5,284,0,2,4.648026855622294,1.1043519989470951,142.85072599886917,120.0
1781571088,10,,Aggregated,7.400000,0.000000,3,4,5,5,6,6,6,7,7,7,7,917,0,4,10.093117797164352,1.1043519989470951,856.0378460024367,78.59432933478735
1781571089,10,GET,/api/load/gc [GC-pressure],3.800000,0.000000,5,5,6,6,6,6,7,7,7,7,7,460,0,6,13.6883708912058,2.524380004615523,856.0378460024367,64.02826086956522
1781571089,10,GET,/api/load/memory-light [GET],1.400000,0.000000,2,2,3,3,3,3,3,3,3,3,3,181,0,3,9.25375707202317,1.6271030035568401,754.7296670018113,50.0
1781571089,10,GET,/api/products [GET],2.500000,0.000000,2,2,2,2,2,3,5,5,5,5,5,286,0,2,4.628314087389223,1.1043519989470951,142.85072599886917,120.0
1781571089,10,,Aggregated,7.700000,0.000000,3,4,5,5,6,6,6,7,7,7,7,927,0,4,10.02726911433029,1.1043519989470951,856.0378460024367,78.55771305285869
1781571090,10,GET,/api/load/gc [GC-pressure],3.800000,0.000000,5,5,6,6,6,6,7,7,7,7,7,465,0,6,13.593894591281487,2.524380004615523,856.0378460024367,64.02795698924731
1781571090,10,GET,/api/load/memory-light [GET],1.400000,0.000000,2,2,2,2,3,3,3,3,3,3,3,184,0,3,9.135621945856458,1.6271030035568401,754.7296670018113,50.0
1781571090,10,GET,/api/products [GET],2.500000,0.000000,2,2,2,2,3,5,5,5,5,5,5,287,0,2,4.6189251463166245,1.1043519989470951,142.85072599886917,120.0
1781571090,10,,Aggregated,7.700000,0.000000,3,5,5,5,6,6,6,7,7,7,7,936,0,4,9.965541602538837,1.1043519989470951,856.0378460024367,78.4326923076923
1781571091,10,GET,/api/load/gc [GC-pressure],4.200000,0.000000,5,5,5,6,6,6,7,7,7,7,7,472,0,6,13.454647368543176,2.524380004615523,856.0378460024367,64.02754237288136
1781571091,10,GET,/api/load/memory-light [GET],1.200000,0.000000,2,2,2,2,3,3,3,3,3,3,3,184,0,3,9.135621945856458,1.6271030035568401,754.7296670018113,50.0
1781571091,10,GET,/api/products [GET],2.600000,0.000000,2,2,2,2,3,5,5,5,5,5,5,289,0,2,4.603326301010661,1.1043519989470951,142.85072599886917,120.0
1781571091,10,,Aggregated,8.000000,0.000000,3,5,5,5,6,6,6,7,7,7,7,945,0,4,9.906782324848729,1.1043519989470951,856.0378460024367,78.41375661375662
1781571092,10,GET,/api/load/gc [GC-pressure],4.200000,0.000000,5,5,5,6,6,6,7,7,7,7,7,472,0,6,13.454647368543176,2.524380004615523,856.0378460024367,64.02754237288136
1781571092,10,GET,/api/load/memory-light [GET],1.200000,0.000000,2,2,2,2,3,3,3,3,3,3,3,187,0,3,9.027060743528393,1.6271030035568401,754.7296670018113,50.0
1781571092,10,GET,/api/products [GET],2.600000,0.000000,2,2,2,2,3,3,5,5,5,5,5,293,0,2,4.564710245698169,1.1043519989470951,142.85072599886917,120.0
1781571092,10,,Aggregated,8.000000,0.000000,3,5,5,5,6,6,6,7,7,7,7,952,0,4,9.848859263636294,1.1043519989470951,856.0378460024367,78.49894957983193
1781571093,10,GET,/api/load/gc [GC-pressure],5.000000,0.000000,5,5,5,6,6,6,7,7,7,7,7,476,0,6,13.379667409561293,2.524380004615523,856.0378460024367,64.02731092436974
1781571093,10,GET,/api/load/memory-light [GET],1.300000,0.000000,2,2,2,2,3,3,3,3,3,3,3,190,0,3,8.914018105478087,1.6157320060301572,754.7296670018113,50.0
1781571093,10,GET,/api/products [GET],1.900000,0.000000,2,2,2,2,2,3,5,5,5,5,5,296,0,2,4.535590614855087,1.1043519989470951,142.85072599886917,120.0
1781571093,10,,Aggregated,8.200000,0.000000,3,4,5,5,6,6,6,7,7,7,7,962,0,4,9.776424063398252,1.1043519989470951,856.0378460024367,78.47920997920998
1781571094,10,GET,/api/load/gc [GC-pressure],5.000000,0.000000,5,5,5,5,6,6,6,6,6,6,6,481,0,6,13.29000265688588,2.524380004615523,856.0378460024367,64.02702702702703
1781571094,10,GET,/api/load/memory-light [GET],1.300000,0.000000,2,2,2,3,3,3,3,3,3,3,3,193,0,3,8.814213202291812,1.6157320060301572,754.7296670018113,50.0
1781571094,10,GET,/api/products [GET],1.900000,0.000000,2,2,2,2,2,3,3,3,3,3,3,297,0,2,4.525058855200132,1.1043519989470951,142.85072599886917,120.0
1781571094,10,,Aggregated,8.200000,0.000000,3,4,5,5,6,6,6,6,6,6,6,971,0,4,9.719440685889667,1.1043519989470951,856.0378460024367,78.35942327497425
1781571095,10,GET,/api/load/gc [GC-pressure],4.600000,0.000000,5,5,5,5,6,6,6,6,6,6,6,484,0,6,13.235447134222852,2.524380004615523,856.0378460024367,64.02685950413223
1781571095,10,GET,/api/load/memory-light [GET],1.400000,0.000000,2,2,3,3,3,3,3,3,3,3,3,194,0,3,8.782590056914168,1.6157320060301572,754.7296670018113,50.0
1781571095,10,GET,/api/products [GET],2.300000,0.000000,2,2,2,2,2,3,3,3,3,3,3,300,0,2,4.495024969995332,1.1043519989470951,142.85072599886917,120.0
1781571095,10,,Aggregated,8.300000,0.000000,3,4,5,5,5,6,6,6,6,6,6,978,0,4,9.671049463194079,1.1043519989470951,856.0378460024367,78.41411042944786
1781571096,10,GET,/api/load/gc [GC-pressure],4.800000,0.000000,5,5,5,6,6,6,6,6,6,6,6,486,0,6,13.206077111049444,2.524380004615523,856.0378460024367,64.02674897119341
1781571096,10,GET,/api/load/memory-light [GET],1.400000,0.000000,2,2,3,3,3,3,3,3,3,3,3,195,0,3,8.752306400222155,1.6157320060301572,754.7296670018113,50.0
1781571096,10,GET,/api/products [GET],2.400000,0.000000,2,2,2,2,2,2,3,3,3,3,3,304,0,2,4.457390822393025,1.1043519989470951,142.85072599886917,120.0
1781571096,10,,Aggregated,8.600000,0.000000,3,4,5,5,6,6,6,6,6,6,6,985,0,4,9.624263993929777,1.1043519989470951,856.0378460024367,78.5248730964467
1781571097,10,GET,/api/load/gc [GC-pressure],4.600000,0.000000,5,5,5,5,6,6,6,6,6,6,6,490,0,6,13.130364018300552,2.524380004615523,856.0378460024367,64.0265306122449
1781571097,10,GET,/api/load/memory-light [GET],1.700000,0.000000,2,3,3,3,3,4,4,4,4,4,4,196,0,3,8.729943597152632,1.6157320060301572,754.7296670018113,50.0
1781571097,10,GET,/api/products [GET],2.300000,0.000000,2,2,2,2,2,2,3,3,3,3,3,308,0,2,4.4223983409624035,1.1043519989470951,142.85072599886917,120.0
1781571097,10,,Aggregated,8.600000,0.000000,3,4,5,5,5,6,6,6,6,6,6,994,0,4,9.56443259861731,1.1043519989470951,856.0378460024367,78.60462776659959
1781571098,10,GET,/api/load/gc [GC-pressure],4.600000,0.000000,5,5,5,5,6,6,6,6,6,6,6,493,0,5,13.079872569926442,2.524380004615523,856.0378460024367,64.026369168357
1781571098,10,GET,/api/load/memory-light [GET],1.700000,0.000000,2,3,3,3,3,4,4,4,4,4,4,199,0,3,8.636509226333823,1.6157320060301572,754.7296670018113,50.0
1781571098,10,GET,/api/products [GET],2.300000,0.000000,2,2,2,2,2,2,3,3,3,3,3,309,0,2,4.414311640820177,1.1043519989470951,142.85072599886917,120.0
1781571098,10,,Aggregated,8.600000,0.000000,3,3,5,5,5,6,6,6,6,6,6,1001,0,4,9.52154326676084,1.1043519989470951,856.0378460024367,78.51648351648352
1781571099,10,GET,/api/load/gc [GC-pressure],4.300000,0.000000,5,5,5,6,6,6,6,6,6,6,6,500,0,5,12.963624239942874,2.524380004615523,856.0378460024367,64.026
1781571099,10,GET,/api/load/memory-light [GET],1.600000,0.000000,2,3,3,3,3,3,4,4,4,4,4,202,0,3,8.545850524920878,1.6157320060301572,754.7296670018113,50.0
1781571099,10,GET,/api/products [GET],2.600000,0.000000,2,2,2,2,2,2,3,3,3,3,3,310,0,2,4.405290932294109,1.1043519989470951,142.85072599886917,120.0
1781571099,10,,Aggregated,8.500000,0.000000,3,4,5,5,5,6,6,6,6,6,6,1012,0,4,9.460191813257538,1.1043519989470951,856.0378460024367,78.37252964426878
1781571100,10,GET,/api/load/gc [GC-pressure],4.200000,0.000000,5,5,5,6,6,6,6,6,6,6,6,503,0,5,12.914714900544492,2.524380004615523,856.0378460024367,64.02584493041749
1781571100,10,GET,/api/load/memory-light [GET],1.800000,0.000000,3,3,3,3,3,3,4,4,4,4,4,205,0,3,8.458631365984486,1.6157320060301572,754.7296670018113,50.0
1781571100,10,GET,/api/products [GET],2.600000,0.000000,2,2,2,2,2,2,3,3,3,3,3,311,0,2,4.398087530564951,1.1043519989470951,142.85072599886917,120.0
1781571100,10,,Aggregated,8.600000,0.000000,3,3,5,5,6,6,6,6,6,6,6,1019,0,4,9.418965895001373,1.1043519989470951,856.0378460024367,78.28753680078508
1781571101,10,GET,/api/load/gc [GC-pressure],4.000000,0.000000,5,5,6,6,6,6,6,6,6,6,6,508,0,5,12.830048470420916,2.524380004615523,856.0378460024367,64.0255905511811
1781571101,10,GET,/api/load/memory-light [GET],2.000000,0.000000,3,3,3,3,3,4,4,4,4,4,4,205,0,3,8.458631365984486,1.6157320060301572,754.7296670018113,50.0
1781571101,10,GET,/api/products [GET],2.400000,0.000000,2,2,2,2,2,2,2,2,2,2,2,316,0,2,4.353606803824387,1.0457809985382482,142.85072599886917,120.0
1781571101,10,,Aggregated,8.400000,0.000000,3,4,5,5,6,6,6,6,6,6,6,1029,0,4,9.35609699029072,1.0457809985382482,856.0378460024367,78.42079689018465
1781571102,10,GET,/api/load/gc [GC-pressure],3.700000,0.000000,5,5,6,6,6,6,6,6,6,6,6,511,0,5,12.783269164343356,2.524380004615523,856.0378460024367,64.02544031311155
1781571102,10,GET,/api/load/memory-light [GET],2.100000,0.000000,3,3,3,3,3,4,4,4,4,4,4,206,0,3,8.428350213753484,1.6157320060301572,754.7296670018113,50.0
1781571102,10,GET,/api/products [GET],2.400000,0.000000,2,2,2,2,2,2,3,3,3,3,3,320,0,2,4.323547703120312,1.0457809985382482,142.85072599886917,120.0
1781571102,10,,Aggregated,8.200000,0.000000,3,4,5,5,6,6,6,6,6,6,6,1037,0,4,9.307643155266318,1.0457809985382482,856.0378460024367,78.51205400192865
1781571103,10,GET,/api/load/gc [GC-pressure],3.500000,0.000000,5,5,5,5,6,6,6,6,6,6,6,517,0,5,12.685693392587616,2.524380004615523,856.0378460024367,64.02514506769826
1781571103,10,GET,/api/load/memory-light [GET],2.100000,0.000000,3,3,3,3,3,4,4,4,4,4,4,209,0,3,8.343541215467166,1.6108920026454143,754.7296670018113,50.0
1781571103,10,GET,/api/products [GET],2.900000,0.000000,2,2,2,2,2,2,3,3,3,3,3,320,0,2,4.323547703120312,1.0457809985382482,142.85072599886917,120.0
1781571103,10,,Aggregated,8.500000,0.000000,3,4,5,5,5,6,6,6,6,6,6,1046,0,4,9.259884190247547,1.0457809985382482,856.0378460024367,78.3470363288719
1781571104,10,GET,/api/load/gc [GC-pressure],3.500000,0.000000,5,5,5,6,6,6,6,6,6,6,6,521,0,5,12.623595003782832,2.515539999876637,856.0378460024367,64.02495201535508
1781571104,10,GET,/api/load/memory-light [GET],2.100000,0.000000,3,3,3,3,3,4,4,4,4,4,4,210,0,3,8.313172728750422,1.6108920026454143,754.7296670018113,50.0
1781571104,10,GET,/api/products [GET],2.900000,0.000000,2,2,2,2,2,2,3,3,3,3,3,324,0,2,4.296016419759304,1.0457809985382482,142.85072599886917,120.0
1781571104,10,,Aggregated,8.500000,0.000000,3,4,5,5,6,6,6,6,6,6,6,1055,0,4,9.208121886265838,1.0457809985382482,856.0378460024367,78.42369668246445
1781571105,10,GET,/api/load/gc [GC-pressure],4.100000,0.000000,5,5,5,5,6,6,6,6,6,6,6,523,0,5,12.592960915821614,2.515539999876637,856.0378460024367,64.02485659655832
1781571105,10,GET,/api/load/memory-light [GET],1.900000,0.000000,3,3,3,3,3,4,4,4,4,4,4,210,0,3,8.313172728750422,1.6108920026454143,754.7296670018113,50.0
1781571105,10,GET,/api/products [GET],2.400000,0.000000,2,2,2,2,47,53,71,71,71,71,71,329,0,2,4.758916854124876,1.0457809985382482,142.85072599886917,120.0
1781571105,10,,Aggregated,8.400000,0.000000,3,4,5,5,6,6,53,71,71,71,71,1062,0,4,9.31974432864348,1.0457809985382482,856.0378460024367,78.59227871939737
1781571106,10,GET,/api/load/gc [GC-pressure],4.100000,0.000000,5,5,5,6,6,6,7,7,7,7,7,527,0,5,12.535202870920475,2.515539999876637,856.0378460024367,64.02466793168881
1781571106,10,GET,/api/load/memory-light [GET],1.900000,0.000000,2,3,3,3,3,4,4,4,4,4,4,212,0,3,8.257457306789771,1.6108920026454143,754.7296670018113,50.0
1781571106,10,GET,/api/products [GET],2.400000,0.000000,2,2,2,3,47,53,71,71,71,71,71,331,0,2,4.745988664674513,1.0457809985382482,142.85072599886917,120.0
1781571106,10,,Aggregated,8.400000,0.000000,3,4,5,5,6,7,53,71,71,71,71,1070,0,4,9.278088887870828,1.0457809985382482,856.0378460024367,78.56168224299066
1781571107,10,GET,/api/load/gc [GC-pressure],3.800000,0.000000,5,5,5,6,6,6,7,7,7,7,7,528,0,5,12.520658443132891,2.515539999876637,856.0378460024367,64.02462121212122
1781571107,10,GET,/api/load/memory-light [GET],1.600000,0.000000,2,3,3,3,3,3,3,3,3,3,3,213,0,3,8.227901915660809,1.6108920026454143,754.7296670018113,50.0
1781571107,10,GET,/api/products [GET],2.800000,0.000000,2,2,2,3,47,53,71,71,71,71,71,337,0,2,4.7081252196005705,1.0457809985382482,142.85072599886917,120.0
1781571107,10,,Aggregated,8.200000,0.000000,3,4,5,5,6,7,53,71,71,71,71,1078,0,4,9.230138186470604,1.0457809985382482,856.0378460024367,78.75231910946196
1781571108,10,GET,/api/load/gc [GC-pressure],3.800000,0.000000,5,5,5,6,6,6,7,7,7,7,7,531,0,5,12.473513216528737,2.515539999876637,856.0378460024367,64.02448210922788
1781571108,10,GET,/api/load/memory-light [GET],1.600000,0.000000,2,2,3,3,3,3,3,3,3,3,3,216,0,3,8.148451051090012,1.6108920026454143,754.7296670018113,50.0
1781571108,10,GET,/api/products [GET],2.800000,0.000000,2,2,2,3,47,53,71,71,71,71,71,339,0,2,4.6912829852597735,1.0457809985382482,142.85072599886917,120.0
1781571108,10,,Aggregated,8.200000,0.000000,3,4,5,5,6,7,53,71,71,71,71,1086,0,4,9.184020144581275,1.0457809985382482,856.0378460024367,78.70810313075506
1781571109,10,GET,/api/load/gc [GC-pressure],3.800000,0.000000,5,5,5,5,6,6,7,7,7,7,7,534,0,5,12.429539033683533,2.515539999876637,856.0378460024367,64.02434456928839
1781571109,10,GET,/api/load/memory-light [GET],1.800000,0.000000,2,2,3,3,3,3,3,3,3,3,3,219,0,3,8.064940086953698,1.6108920026454143,754.7296670018113,50.0
1781571109,10,GET,/api/products [GET],2.800000,0.000000,2,2,2,2,6,53,71,71,71,71,71,343,0,2,4.659649991277101,1.0457809985382482,142.85072599886917,120.0
1781571109,10,,Aggregated,8.400000,0.000000,3,4,5,5,6,7,53,71,71,71,71,1096,0,4,9.125780720837511,1.0457809985382482,856.0378460024367,78.73996350364963
1781571110,10,GET,/api/load/gc [GC-pressure],3.800000,0.000000,5,5,5,6,6,6,7,7,7,7,7,537,0,5,12.384576916165027,2.515539999876637,856.0378460024367,64.024208566108
1781571110,10,GET,/api/load/memory-light [GET],1.700000,0.000000,2,2,3,3,3,3,3,3,3,3,3,220,0,3,8.037247263829075,1.6108920026454143,754.7296670018113,50.0
1781571110,10,GET,/api/products [GET],3.000000,0.000000,2,2,2,2,6,53,71,71,71,71,71,348,0,2,4.619138994304853,1.0457809985382482,142.85072599886917,120.0
1781571110,10,,Aggregated,8.500000,0.000000,3,3,5,5,6,7,53,71,71,71,71,1105,0,4,9.07345934121367,1.0457809985382482,856.0378460024367,78.86063348416289
1781571111,10,GET,/api/load/gc [GC-pressure],3.500000,0.000000,5,5,5,5,6,6,7,7,7,7,7,538,0,5,12.368623715583352,2.515539999876637,856.0378460024367,64.02416356877323
1781571111,10,GET,/api/load/memory-light [GET],1.700000,0.000000,2,2,3,3,3,3,3,3,3,3,3,221,0,3,8.011851113326996,1.6108920026454143,754.7296670018113,50.0
1781571111,10,GET,/api/products [GET],3.300000,0.000000,2,2,2,2,6,53,71,71,71,71,71,352,0,2,4.589104676183937,1.0457809985382482,142.85072599886917,120.0
1781571111,10,,Aggregated,8.500000,0.000000,3,3,5,5,6,7,53,71,71,71,71,1111,0,4,9.037176868628132,1.0457809985382482,856.0378460024367,78.96939693969397
1781571112,10,GET,/api/load/gc [GC-pressure],3.500000,0.000000,5,5,5,6,6,6,7,7,7,7,7,544,0,5,12.28349783638591,2.515539999876637,856.0378460024367,64.02389705882354
1781571112,10,GET,/api/load/memory-light [GET],1.500000,0.000000,2,2,3,3,3,3,3,3,3,3,3,223,0,3,7.959931408305184,1.6108920026454143,754.7296670018113,50.0
1781571112,10,GET,/api/products [GET],3.600000,0.000000,2,2,2,2,6,53,71,71,71,71,71,353,0,2,4.581667464632124,1.0457809985382482,142.85072599886917,120.0
1781571112,10,,Aggregated,8.600000,0.000000,3,3,5,5,6,7,53,71,71,71,71,1120,0,4,8.995192983983154,1.0457809985382482,856.0378460024367,78.87410714285714
1781571113,10,GET,/api/load/gc [GC-pressure],3.500000,0.000000,5,5,6,6,6,6,7,7,7,7,7,549,0,5,12.216959994525173,2.515539999876637,856.0378460024367,64.02367941712204
1781571113,10,GET,/api/load/memory-light [GET],1.500000,0.000000,2,2,3,3,3,3,3,3,3,3,3,223,0,3,7.959931408305184,1.6108920026454143,754.7296670018113,50.0
1781571113,10,GET,/api/products [GET],3.600000,0.000000,2,2,2,2,6,53,71,71,71,71,71,356,0,2,4.560978766880652,1.0457809985382482,142.85072599886917,120.0
1781571113,10,,Aggregated,8.600000,0.000000,3,4,5,5,6,7,53,71,71,71,71,1128,0,4,8.95911718267366,1.0457809985382482,856.0378460024367,78.91755319148936
1781571114,10,GET,/api/load/gc [GC-pressure],3.000000,0.000000,5,5,5,5,6,6,7,7,7,7,7,554,0,5,12.146501525264025,2.515539999876637,856.0378460024367,64.02346570397111
1781571114,10,GET,/api/load/memory-light [GET],1.600000,0.000000,2,2,3,3,3,3,3,3,3,3,3,224,0,3,7.932756879719299,1.6108920026454143,754.7296670018113,50.0
1781571114,10,GET,/api/products [GET],3.500000,0.000000,2,2,2,2,3,3,6,6,6,6,6,357,0,2,4.554056056039975,1.0457809985382482,142.85072599886917,120.0
1781571114,10,,Aggregated,8.100000,0.000000,3,3,5,5,5,6,6,7,7,7,7,1135,0,4,8.926781848510718,1.0457809985382482,856.0378460024367,78.8625550660793
1781571115,10,GET,/api/load/gc [GC-pressure],3.200000,0.000000,5,5,5,5,6,6,6,6,6,6,6,559,0,5,12.078078729838273,2.515539999876637,856.0378460024367,64.02325581395348
1781571115,10,GET,/api/load/memory-light [GET],1.500000,0.000000,2,2,3,3,3,3,3,3,3,3,3,226,0,3,7.88524926128072,1.6108920026454143,754.7296670018113,50.0
1781571115,10,GET,/api/products [GET],3.600000,0.000000,2,2,2,2,2,3,6,6,6,6,6,359,0,2,4.537182011180927,1.0457809985382482,142.85072599886917,120.0
1781571115,10,,Aggregated,8.300000,0.000000,3,3,5,5,5,6,6,6,6,6,6,1144,0,4,8.883357242170446,1.0457809985382482,856.0378460024367,78.81905594405595
1781571116,10,GET,/api/load/gc [GC-pressure],3.300000,0.000000,5,5,5,5,6,6,6,6,6,6,6,563,0,5,12.027549277050221,2.515539999876637,856.0378460024367,64.02309058614564
1781571116,10,GET,/api/load/memory-light [GET],1.400000,0.000000,2,2,3,3,3,3,3,3,3,3,3,229,0,3,7.809651917230194,1.5913809984340332,754.7296670018113,50.0
1781571116,10,GET,/api/products [GET],3.300000,0.000000,2,2,2,2,2,2,3,3,3,3,3,363,0,2,4.503529647404659,1.0457809985382482,142.85072599886917,120.0
1781571116,10,,Aggregated,8.000000,0.000000,3,3,5,5,5,6,6,6,6,6,6,1155,0,4,8.826581639855307,1.0457809985382482,856.0378460024367,78.83549783549783
1781571117,10,GET,/api/load/gc [GC-pressure],3.500000,0.000000,5,5,5,6,6,6,6,6,6,6,6,565,0,5,12.00384926545409,2.515539999876637,856.0378460024367,64.02300884955753
1781571117,10,GET,/api/load/memory-light [GET],1.600000,0.000000,2,2,3,3,3,3,3,3,3,3,3,231,0,3,7.763072662546856,1.5913809984340332,754.7296670018113,50.0
1781571117,10,GET,/api/products [GET],2.900000,0.000000,2,2,2,2,2,2,3,3,3,3,3,364,0,2,4.496099280224151,1.0457809985382482,142.85072599886917,120.0
1781571117,10,,Aggregated,8.000000,0.000000,3,3,5,5,5,6,6,6,6,6,6,1160,0,4,8.80346961899265,1.0457809985382482,856.0378460024367,78.79568965517241
1781571118,10,GET,/api/load/gc [GC-pressure],3.500000,0.000000,5,5,5,5,6,6,6,6,6,6,6,572,0,5,11.9148301275943,2.515539999876637,856.0378460024367,64.02272727272727
1781571118,10,GET,/api/load/memory-light [GET],1.600000,0.000000,2,2,3,3,3,3,3,3,3,3,3,231,0,3,7.763072662546856,1.5913809984340332,754.7296670018113,50.0
1781571118,10,GET,/api/products [GET],2.900000,0.000000,2,2,2,2,2,2,3,3,3,3,3,366,0,2,4.481279912571387,1.0457809985382482,142.85072599886917,120.0
1781571118,10,,Aggregated,8.000000,0.000000,3,5,5,5,5,6,6,6,6,6,6,1169,0,4,8.76706678018254,1.0457809985382482,856.0378460024367,78.7775876817793
1781571119,10,GET,/api/load/gc [GC-pressure],3.700000,0.000000,5,5,5,5,6,6,6,6,6,6,6,578,0,5,11.83595960897808,2.515539999876637,856.0378460024367,64.02249134948097
1781571119,10,GET,/api/load/memory-light [GET],1.800000,0.000000,2,2,3,3,3,3,3,3,3,3,3,232,0,3,7.737965922638852,1.5913809984340332,754.7296670018113,50.0
1781571119,10,GET,/api/products [GET],2.700000,0.000000,2,2,2,2,2,2,3,3,3,3,3,368,0,2,4.467394603283458,1.0457809985382482,142.85072599886917,120.0
1781571119,10,,Aggregated,8.200000,0.000000,3,5,5,5,5,6,6,6,6,6,6,1178,0,4,8.726989781027044,1.0457809985382482,856.0378460024367,78.74787775891342
1781571120,10,GET,/api/load/gc [GC-pressure],4.100000,0.000000,5,5,5,5,6,6,6,6,6,6,6,582,0,5,11.787679324716573,2.515539999876637,856.0378460024367,64.02233676975945
1781571120,10,GET,/api/load/memory-light [GET],1.500000,0.000000,2,2,2,3,3,3,3,3,3,3,3,234,0,3,7.68936993183596,1.5913809984340332,754.7296670018113,50.0
1781571120,10,GET,/api/products [GET],2.700000,0.000000,2,2,2,2,2,2,2,2,2,2,2,370,0,2,4.453844491906017,1.0457809985382482,142.85072599886917,120.0
1781571120,10,,Aggregated,8.300000,0.000000,3,5,5,5,6,6,6,6,6,6,6,1186,0,4,8.691116688903783,1.0457809985382482,856.0378460024367,78.71922428330522
1781571121,10,GET,/api/load/gc [GC-pressure],4.300000,0.000000,5,5,5,5,6,6,6,6,6,6,6,585,0,5,11.750775711095004,2.515539999876637,856.0378460024367,64.02222222222223
1781571121,10,GET,/api/load/memory-light [GET],1.400000,0.000000,2,2,2,3,3,3,3,3,3,3,3,235,0,3,7.666730557653825,1.5913809984340332,754.7296670018113,50.0
1781571121,10,GET,/api/products [GET],2.500000,0.000000,2,2,2,2,2,2,2,2,2,2,2,375,0,2,4.415292714683649,0.9780100008356385,142.85072599886917,120.0
1781571121,10,,Aggregated,8.200000,0.000000,3,5,5,5,5,6,6,6,6,6,6,1195,0,4,8.645707313845687,0.9780100008356385,856.0378460024367,78.83096234309623
1781571122,10,GET,/api/load/gc [GC-pressure],4.300000,0.000000,5,5,5,5,6,6,6,6,6,6,6,590,0,5,11.686384105071784,2.515539999876637,856.0378460024367,64.02203389830508
1781571122,10,GET,/api/load/memory-light [GET],1.400000,0.000000,2,2,2,3,3,3,3,3,3,3,3,236,0,3,7.64420914428059,1.5913809984340332,754.7296670018113,50.0
1781571122,10,GET,/api/products [GET],2.500000,0.000000,2,2,2,2,2,2,2,2,2,2,2,377,0,2,4.401289944289794,0.9780100008356385,142.85072599886917,120.0
1781571122,10,,Aggregated,8.200000,0.000000,3,5,5,5,5,6,6,6,6,6,6,1203,0,4,8.610379292634933,0.9780100008356385,856.0378460024367,78.81379883624273
1781571123,10,GET,/api/load/gc [GC-pressure],4.800000,0.000000,5,5,5,5,6,6,6,6,6,6,6,595,0,5,11.625584329384528,2.515539999876637,856.0378460024367,64.0218487394958
1781571123,10,GET,/api/load/memory-light [GET],1.300000,0.000000,2,2,3,3,3,6,6,6,6,6,6,238,0,3,7.612871781723797,1.5913809984340332,754.7296670018113,50.0
1781571123,10,GET,/api/products [GET],2.300000,0.000000,2,2,2,2,2,2,3,3,3,3,3,381,0,2,4.375464049870089,0.9780100008356385,142.85072599886917,120.0
1781571123,10,,Aggregated,8.400000,0.000000,3,5,5,5,5,6,6,6,6,6,6,1214,0,4,8.56354033198893,0.9780100008356385,856.0378460024367,78.84102141680395
1781571124,10,GET,/api/load/gc [GC-pressure],4.600000,0.000000,5,5,5,5,6,6,6,6,6,6,6,597,0,5,11.605291468994844,2.515539999876637,856.0378460024367,64.0217755443886
1781571124,10,GET,/api/load/memory-light [GET],1.400000,0.000000,2,2,2,3,3,6,6,6,6,6,6,239,0,3,7.590631544147959,1.5913809984340332,754.7296670018113,50.0
1781571124,10,GET,/api/products [GET],2.400000,0.000000,2,2,2,2,2,2,3,3,3,3,3,386,0,2,4.341944686520617,0.9780100008356385,142.85072599886917,120.0
1781571124,10,,Aggregated,8.400000,0.000000,3,5,5,5,5,6,6,6,6,6,6,1222,0,4,8.525786084319346,0.9780100008356385,856.0378460024367,78.96153846153847
1781571125,10,GET,/api/load/gc [GC-pressure],4.600000,0.000000,5,5,5,5,6,6,6,6,6,6,6,601,0,5,11.556522890183235,2.515539999876637,856.0378460024367,64.0216306156406
1781571125,10,GET,/api/load/memory-light [GET],1.400000,0.000000,2,2,2,3,6,6,6,6,6,6,6,239,0,3,7.590631544147959,1.5913809984340332,754.7296670018113,50.0
1781571125,10,GET,/api/products [GET],2.400000,0.000000,2,2,2,2,2,2,3,3,3,3,3,390,0,2,4.315759361540982,0.9780100008356385,142.85072599886917,120.0
1781571125,10,,Aggregated,8.400000,0.000000,3,5,5,5,5,6,6,6,6,6,6,1230,0,4,8.490062883782496,0.9780100008356385,856.0378460024367,79.04634146341463
1781571126,10,GET,/api/load/gc [GC-pressure],4.300000,0.000000,5,5,5,5,6,6,6,6,6,6,6,608,0,5,11.475779305915,2.515539999876637,856.0378460024367,64.02138157894737
1781571126,10,GET,/api/load/memory-light [GET],1.500000,0.000000,2,2,2,3,6,6,6,6,6,6,6,239,0,3,7.590631544147959,1.5913809984340332,754.7296670018113,50.0
1781571126,10,GET,/api/products [GET],2.700000,0.000000,2,2,2,2,2,2,3,3,3,3,3,392,0,2,4.300043418378645,0.9780100008356385,142.85072599886917,120.0
1781571126,10,,Aggregated,8.500000,0.000000,3,5,5,5,5,6,6,6,6,6,6,1239,0,4,8.456054703028338,0.9780100008356385,856.0378460024367,79.02744148506861
1781571127,10,GET,/api/load/gc [GC-pressure],4.400000,0.000000,5,5,5,5,6,6,6,6,6,6,6,611,0,5,11.44143580031313,2.515539999876637,856.0378460024367,64.02127659574468
1781571127,10,GET,/api/load/memory-light [GET],1.300000,0.000000,2,2,2,2,6,6,6,6,6,6,6,240,0,3,7.5677484210549055,1.5913809984340332,754.7296670018113,50.0
1781571127,10,GET,/api/products [GET],3.300000,0.000000,2,2,2,2,2,3,3,3,3,3,3,395,0,2,4.284433529106606,0.9780100008356385,142.85072599886917,120.0
1781571127,10,,Aggregated,9.000000,0.000000,3,4,5,5,5,6,6,6,6,6,6,1246,0,4,8.426427077882511,0.9780100008356385,856.0378460024367,79.06661316211878
1781571128,10,GET,/api/load/gc [GC-pressure],4.500000,0.000000,5,5,5,5,6,6,6,6,6,6,6,615,0,5,11.39650676747059,2.515539999876637,856.0378460024367,64.02113821138211
1781571128,10,GET,/api/load/memory-light [GET],1.000000,0.000000,2,2,2,2,6,6,6,6,6,6,6,241,0,3,7.546107419314833,1.5913809984340332,754.7296670018113,50.0
1781571128,10,GET,/api/products [GET],2.800000,0.000000,2,2,2,2,2,3,3,3,3,3,3,399,0,2,4.257946501276368,0.9780100008356385,142.85072599886917,120.0
1781571128,10,,Aggregated,8.300000,0.000000,3,4,5,5,5,6,6,6,6,6,6,1255,0,4,8.387557134708015,0.9780100008356385,856.0378460024367,79.12589641434263
1781571129,10,GET,/api/load/gc [GC-pressure],4.500000,0.000000,5,5,5,5,6,6,6,6,6,6,6,618,0,5,11.36204358575759,2.515539999876637,856.0378460024367,64.0210355987055
1781571129,10,GET,/api/load/memory-light [GET],0.900000,0.000000,2,2,2,2,6,6,6,6,6,6,6,242,0,3,7.524352244037485,1.5913809984340332,754.7296670018113,50.0
1781571129,10,GET,/api/products [GET],3.200000,0.000000,2,2,2,2,2,3,3,3,3,3,3,403,0,2,4.230926138947997,0.9780100008356385,142.85072599886917,120.0
1781571129,10,,Aggregated,8.600000,0.000000,3,4,5,5,5,6,6,6,6,6,6,1263,0,4,8.351305948575854,0.9780100008356385,856.0378460024367,79.19635787806808
1781571130,10,GET,/api/load/gc [GC-pressure],4.300000,0.000000,5,5,5,5,6,6,6,6,6,6,6,620,0,5,11.339721146754117,2.515539999876637,856.0378460024367,64.02096774193548
1781571130,10,GET,/api/load/memory-light [GET],1.000000,0.000000,2,2,2,3,6,6,6,6,6,6,6,244,0,3,7.484136131365705,1.5913809984340332,754.7296670018113,50.0
1781571130,10,GET,/api/products [GET],3.200000,0.000000,2,2,2,2,2,3,3,3,3,3,3,404,0,2,4.224947227707125,0.9780100008356385,142.85072599886917,120.0
1781571130,10,,Aggregated,8.500000,0.000000,3,4,5,5,5,6,6,6,6,6,6,1268,0,4,8.330942434569765,0.9780100008356385,856.0378460024367,79.15851735015772
1781571131,10,GET,/api/load/gc [GC-pressure],4.100000,0.000000,5,5,5,5,6,6,6,6,6,6,6,628,0,5,11.249773837589832,2.515539999876637,856.0378460024367,64.02070063694268
1781571131,10,GET,/api/load/memory-light [GET],1.000000,0.000000,2,2,2,3,6,6,6,6,6,6,6,245,0,3,7.46073592267099,1.5913809984340332,754.7296670018113,50.0
1781571131,10,GET,/api/products [GET],3.300000,0.000000,2,2,2,2,2,3,3,3,3,3,3,406,0,2,4.210580251212037,0.9684789984021336,142.85072599886917,120.0
1781571131,10,,Aggregated,8.400000,0.000000,3,4,5,5,5,6,6,6,6,6,6,1279,0,4,8.289471347187563,0.9684789984021336,856.0378460024367,79.10476935105551
1781571132,10,GET,/api/load/gc [GC-pressure],3.800000,0.000000,5,5,5,5,6,6,6,6,6,6,6,633,0,5,11.198036928933263,2.515539999876637,856.0378460024367,64.02053712480253
1781571132,10,GET,/api/load/memory-light [GET],1.100000,0.000000,2,2,2,2,3,3,3,3,3,3,3,245,0,3,7.46073592267099,1.5913809984340332,754.7296670018113,50.0
1781571132,10,GET,/api/products [GET],3.500000,0.000000,2,2,2,2,2,2,3,3,3,3,3,408,0,2,4.199609855366397,0.9684789984021336,142.85072599886917,120.0
1781571132,10,,Aggregated,8.400000,0.000000,3,4,5,5,5,6,6,6,6,6,6,1286,0,4,8.26569090051216,0.9684789984021336,856.0378460024367,79.10964230171074
1781571133,10,GET,/api/load/gc [GC-pressure],4.200000,0.000000,5,5,5,5,6,6,6,6,6,6,6,638,0,5,11.144523351113579,2.515539999876637,856.0378460024367,64.02037617554859
1781571133,10,GET,/api/load/memory-light [GET],1.000000,0.000000,2,2,2,2,3,3,3,3,3,3,3,246,0,3,7.439319248196699,1.5913809984340332,754.7296670018113,50.0
1781571133,10,GET,/api/products [GET],3.100000,0.000000,2,2,2,2,2,2,3,3,3,3,3,409,0,2,4.193926449846033,0.9684789984021336,142.85072599886917,120.0
1781571133,10,,Aggregated,8.300000,0.000000,3,4,5,5,5,6,6,6,6,6,6,1293,0,4,8.240985576994492,0.9684789984021336,856.0378460024367,79.06032482598607
1781571134,10,GET,/api/load/gc [GC-pressure],4.200000,0.000000,5,5,5,5,6,6,6,6,6,6,6,640,0,5,11.123073135956929,2.515539999876637,856.0378460024367,64.0203125
1781571134,10,GET,/api/load/memory-light [GET],0.900000,0.000000,2,2,2,3,3,3,3,3,3,3,3,248,0,3,7.399197669597455,1.5913809984340332,754.7296670018113,50.0
1781571134,10,GET,/api/products [GET],3.100000,0.000000,2,2,2,2,2,2,3,3,3,3,3,414,0,2,4.162983355037294,0.9684789984021336,142.85072599886917,120.0
1781571134,10,,Aggregated,8.200000,0.000000,3,4,5,5,5,6,6,6,6,6,6,1302,0,4,8.20064741786332,0.9684789984021336,856.0378460024367,79.14976958525345
1781571135,10,GET,/api/load/gc [GC-pressure],4.400000,0.000000,5,5,5,5,6,6,6,6,6,6,6,645,0,5,11.07345634885042,2.515539999876637,856.0378460024367,64.0201550387597
1781571135,10,GET,/api/load/memory-light [GET],0.800000,0.000000,2,3,3,3,3,3,3,3,3,3,3,250,0,3,7.363144344242755,1.5913809984340332,754.7296670018113,50.0
1781571135,10,GET,/api/products [GET],2.900000,0.000000,2,2,2,2,2,2,3,3,3,3,3,414,0,2,4.162983355037294,0.9684789984021336,142.85072599886917,120.0
1781571135,10,,Aggregated,8.100000,0.000000,3,4,5,5,5,6,6,6,6,6,6,1309,0,4,8.179251749468794,0.9684789984021336,856.0378460024367,79.04736440030558
1781571136,10,GET,/api/load/gc [GC-pressure],4.400000,0.000000,5,5,5,5,6,36,45,45,45,45,45,649,0,5,11.163642422207046,2.515539999876637,856.0378460024367,64.0215716486903
1781571136,10,GET,/api/load/memory-light [GET],0.800000,0.000000,3,3,3,4,22,52,52,52,52,52,52,254,0,3,7.563447153754211,1.5913809984340332,754.7296670018113,50.0
1781571136,10,GET,/api/products [GET],2.900000,0.000000,2,2,2,2,2,2,2,2,2,2,2,415,0,2,4.1582353806883345,0.9684789984021336,142.85072599886917,120.0
1781571136,10,,Aggregated,8.100000,0.000000,3,5,5,5,6,22,45,52,52,52,52,1318,0,4,8.264026701101367,0.9684789984021336,856.0378460024367,78.9453717754173
1781571137,10,GET,/api/load/gc [GC-pressure],4.200000,0.000000,5,5,5,5,6,36,45,45,45,45,45,654,0,5,11.114439038273295,2.515539999876637,856.0378460024367,64.02140672782875
1781571137,10,GET,/api/load/memory-light [GET],1.100000,0.000000,3,3,3,4,22,52,52,52,52,52,52,255,0,3,7.543304337470509,1.5913809984340332,754.7296670018113,50.0
1781571137,10,GET,/api/products [GET],2.400000,0.000000,2,2,2,2,2,2,2,2,2,2,2,420,0,2,4.130367385680854,0.9684789984021336,142.85072599886917,120.0
1781571137,10,,Aggregated,7.700000,0.000000,3,5,5,5,6,22,45,52,52,52,52,1329,0,4,8.22207677883497,0.9684789984021336,856.0378460024367,79.02182091798345
1781571138,10,GET,/api/load/gc [GC-pressure],4.300000,0.000000,5,5,5,5,6,36,45,45,45,45,45,657,0,5,11.083983768685703,2.515539999876637,856.0378460024367,64.02130898021309
1781571138,10,GET,/api/load/memory-light [GET],1.500000,0.000000,3,3,3,3,22,52,52,52,52,52,52,258,0,3,7.482542027358341,1.5913809984340332,754.7296670018113,50.0
1781571138,10,GET,/api/products [GET],2.400000,0.000000,2,2,2,2,2,2,2,2,2,2,2,421,0,2,4.124262026090682,0.9684789984021336,142.85072599886917,120.0
1781571138,10,,Aggregated,8.200000,0.000000,3,5,5,5,6,22,45,52,52,52,52,1336,0,4,8.195349919213426,0.9684789984021336,856.0378460024367,78.95359281437126
1781571139,10,GET,/api/load/gc [GC-pressure],4.200000,0.000000,5,5,5,5,9,36,45,45,45,45,45,659,0,5,11.069411054674987,2.515539999876637,856.0378460024367,64.02124430955993
1781571139,10,GET,/api/load/memory-light [GET],1.500000,0.000000,3,3,3,4,22,52,52,52,52,52,52,262,0,3,7.414400962060086,1.5913809984340332,754.7296670018113,50.0
1781571139,10,GET,/api/products [GET],2.400000,0.000000,2,2,2,2,2,2,2,2,2,2,2,423,0,2,4.1115247020884595,0.9684789984021336,142.85072599886917,120.0
1781571139,10,,Aggregated,8.100000,0.000000,3,5,5,5,6,22,45,52,52,52,52,1344,0,3,8.167031165233615,0.9684789984021336,856.0378460024367,78.90625
1781571140,10,GET,/api/load/gc [GC-pressure],4.200000,0.000000,5,5,5,5,9,36,45,45,45,45,45,661,0,5,11.04883412258714,2.515539999876637,856.0378460024367,64.02118003025718
1781571140,10,GET,/api/load/memory-light [GET],1.600000,0.000000,3,3,3,4,22,52,52,52,52,52,52,263,0,3,7.395567300622334,1.5913809984340332,754.7296670018113,50.0
1781571140,10,GET,/api/products [GET],2.300000,0.000000,2,2,2,2,2,2,2,2,2,2,2,426,0,2,4.095653729995482,0.9684789984021336,142.85072599886917,120.0
1781571140,10,,Aggregated,8.100000,0.000000,3,4,5,5,5,22,45,52,52,52,52,1350,0,3,8.143008921534703,0.9684789984021336,856.0378460024367,78.95407407407407
1781571141,10,GET,/api/load/gc [GC-pressure],4.100000,0.000000,5,5,5,5,9,36,45,45,45,45,45,663,0,5,11.029442576202493,2.515539999876637,856.0378460024367,64.0211161387632
1781571141,10,GET,/api/load/memory-light [GET],1.900000,0.000000,3,3,3,4,22,52,52,52,52,52,52,265,0,3,7.3582728191296445,1.5913809984340332,754.7296670018113,50.0
1781571141,10,GET,/api/products [GET],2.200000,0.000000,2,2,2,2,2,2,2,2,2,2,2,427,0,2,4.091148646310516,0.9684789984021336,142.85072599886917,120.0
1781571141,10,,Aggregated,8.200000,0.000000,3,4,5,5,6,22,45,52,52,52,52,1355,0,3,8.12500604949535,0.9684789984021336,856.0378460024367,78.91955719557195
1781571142,10,GET,/api/load/gc [GC-pressure],4.100000,0.000000,5,5,5,5,36,45,45,45,45,45,45,668,0,5,11.039510518000503,2.515539999876637,856.0378460024367,64.02245508982035
1781571142,10,GET,/api/load/memory-light [GET],1.900000,0.000000,3,3,3,4,22,52,52,52,52,52,52,266,0,3,7.339606331089114,1.5913809984340332,754.7296670018113,50.0
1781571142,10,GET,/api/products [GET],2.200000,0.000000,2,2,2,2,2,2,2,2,2,2,2,429,0,2,4.079071752863935,0.9684789984021336,142.85072599886917,120.0
1781571142,10,,Aggregated,8.200000,0.000000,3,4,5,5,5,36,45,52,52,52,52,1363,0,3,8.126669179803866,0.9684789984021336,856.0378460024367,78.9046221570066
1781571143,10,GET,/api/load/gc [GC-pressure],3.600000,0.000000,5,5,5,5,18,45,45,45,45,45,45,672,0,5,10.999994604205876,2.515539999876637,856.0378460024367,64.02232142857143
1781571143,10,GET,/api/load/memory-light [GET],2.100000,0.000000,3,3,3,4,22,52,52,52,52,52,52,267,0,3,7.321170606997696,1.5913809984340332,754.7296670018113,50.0
1781571143,10,GET,/api/products [GET],2.100000,0.000000,2,2,2,2,2,2,2,2,2,2,2,435,0,2,4.0460210137140145,0.9684789984021336,142.85072599886917,120.0
1781571143,10,,Aggregated,7.800000,0.000000,3,4,5,5,5,36,45,52,52,52,52,1374,0,3,8.083528433086121,0.9684789984021336,856.0378460024367,79.01965065502183
1781571144,10,GET,/api/load/gc [GC-pressure],3.600000,0.000000,5,5,5,5,18,45,45,45,45,45,45,674,0,5,10.98012509646111,2.515539999876637,856.0378460024367,64.02225519287833
1781571144,10,GET,/api/load/memory-light [GET],2.100000,0.000000,3,3,3,4,22,52,52,52,52,52,52,268,0,3,7.30282619428072,1.5913809984340332,754.7296670018113,50.0
1781571144,10,GET,/api/products [GET],2.100000,0.000000,2,2,2,2,2,2,3,3,3,3,3,438,0,2,4.032807709971739,0.9684789984021336,142.85072599886917,120.0
1781571144,10,,Aggregated,7.800000,0.000000,3,4,5,5,5,36,45,52,52,52,52,1380,0,3,8.06096486380409,0.9684789984021336,856.0378460024367,79.0659420289855
1781571145,10,GET,/api/load/gc [GC-pressure],3.300000,0.000000,5,5,5,5,5,9,45,45,45,45,45,679,0,5,10.932583491909778,2.515539999876637,856.0378460024367,64.02209131075111
1781571145,10,GET,/api/load/memory-light [GET],2.000000,0.000000,2,2,3,3,3,4,4,4,4,4,4,269,0,3,7.28252957645673,1.5913809984340332,754.7296670018113,50.0
1781571145,10,GET,/api/products [GET],2.400000,0.000000,2,2,2,2,2,2,3,3,3,3,3,441,0,2,4.017421544157021,0.9684789984021336,142.85072599886917,120.0
1781571145,10,,Aggregated,7.700000,0.000000,3,3,5,5,5,5,9,45,45,45,45,1389,0,3,8.030171020912055,0.9684789984021336,856.0378460024367,79.07919366450685
1781571146,10,GET,/api/load/gc [GC-pressure],3.400000,0.000000,5,5,5,5,5,9,45,45,45,45,45,685,0,5,10.87658392702209,2.515539999876637,856.0378460024367,64.02189781021897
1781571146,10,GET,/api/load/memory-light [GET],1.900000,0.000000,2,3,3,3,3,4,4,4,4,4,4,270,0,3,7.265627296550924,1.5913809984340332,754.7296670018113,50.0
1781571146,10,GET,/api/products [GET],2.400000,0.000000,2,2,2,2,2,2,3,3,3,3,3,443,0,2,4.007159525911039,0.9684789984021336,142.85072599886917,120.0
1781571146,10,,Aggregated,7.700000,0.000000,3,3,5,5,5,5,9,45,45,45,45,1398,0,3,8.00239701720849,0.9684789984021336,856.0378460024367,79.05221745350501
1781571147,10,GET,/api/load/gc [GC-pressure],3.400000,0.000000,5,5,5,5,5,9,45,45,45,45,45,689,0,5,10.84010125401574,2.515539999876637,856.0378460024367,64.02177068214804
1781571147,10,GET,/api/load/memory-light [GET],1.800000,0.000000,2,3,3,3,3,4,4,4,4,4,4,270,0,3,7.265627296550924,1.5913809984340332,754.7296670018113,50.0
1781571147,10,GET,/api/products [GET],2.700000,0.000000,2,2,2,2,2,2,3,3,3,3,3,446,0,2,3.990328342994704,0.9684789984021336,142.85072599886917,120.0
1781571147,10,,Aggregated,7.900000,0.000000,3,3,5,5,5,5,9,45,45,45,45,1405,0,3,7.978815355915469,0.9684789984021336,856.0378460024367,79.09679715302491
1781571148,10,GET,/api/load/gc [GC-pressure],3.400000,0.000000,5,5,5,5,5,5,45,45,45,45,45,692,0,5,10.813192455221682,2.515539999876637,856.0378460024367,64.02167630057804
1781571148,10,GET,/api/load/memory-light [GET],1.600000,0.000000,2,3,3,3,3,3,3,3,3,3,3,272,0,3,7.232427353194319,1.5913809984340332,754.7296670018113,50.0
1781571148,10,GET,/api/products [GET],2.700000,0.000000,2,2,2,2,2,2,3,3,3,3,3,448,0,2,3.980328799067528,0.9684789984021336,142.85072599886917,120.0
1781571148,10,,Aggregated,7.700000,0.000000,3,4,5,5,5,5,5,45,45,45,45,1412,0,3,7.955479264209994,0.9684789984021336,856.0378460024367,79.0814447592068
1781571149,10,GET,/api/load/gc [GC-pressure],3.500000,0.000000,5,5,5,5,5,5,45,45,45,45,45,697,0,5,10.7648312826534,2.515539999876637,856.0378460024367,64.02152080344332
1781571149,10,GET,/api/load/memory-light [GET],1.500000,0.000000,2,3,3,3,3,3,3,3,3,3,3,273,0,3,7.2151233702036635,1.5913809984340332,754.7296670018113,50.0
1781571149,10,GET,/api/products [GET],2.700000,0.000000,2,2,2,2,2,2,3,3,3,3,3,451,0,2,3.965316308174306,0.9684789984021336,142.85072599886917,120.0
1781571149,10,,Aggregated,7.700000,0.000000,3,4,5,5,5,5,5,45,45,45,45,1421,0,3,7.924823180198193,0.9684789984021336,856.0378460024367,79.09429978888107
1781571150,10,GET,/api/load/gc [GC-pressure],3.400000,0.000000,5,5,5,5,5,6,45,45,45,45,45,701,0,5,10.731486697592732,2.515539999876637,856.0378460024367,64.02139800285306
1781571150,10,GET,/api/load/memory-light [GET],1.500000,0.000000,3,3,3,3,3,3,3,3,3,3,3,275,0,3,7.1790725093028,1.5913809984340332,754.7296670018113,50.0
1781571150,10,GET,/api/products [GET],2.700000,0.000000,2,2,2,2,2,2,3,3,3,3,3,453,0,2,3.9546513620068353,0.9684789984021336,142.85072599886917,120.0
1781571150,10,,Aggregated,7.600000,0.000000,3,4,5,5,5,5,6,45,45,45,45,1429,0,3,7.899562058824263,0.9684789984021336,856.0378460024367,79.06857942617215
1781571151,10,GET,/api/load/gc [GC-pressure],3.800000,0.000000,5,5,5,5,5,6,6,6,6,6,6,707,0,5,10.679041608215735,2.515539999876637,856.0378460024367,64.02121640735503
1781571151,10,GET,/api/load/memory-light [GET],1.200000,0.000000,2,3,3,3,3,3,3,3,3,3,3,276,0,3,7.161473681385953,1.5913809984340332,754.7296670018113,50.0
1781571151,10,GET,/api/products [GET],2.700000,0.000000,2,2,2,2,2,2,3,3,3,3,3,455,0,2,3.9443602900764043,0.9684789984021336,142.85072599886917,120.0
1781571151,10,,Aggregated,7.700000,0.000000,3,4,5,5,5,5,6,6,6,6,6,1438,0,3,7.872971547326713,0.9684789984021336,856.0378460024367,79.0424200278164
1781571152,10,GET,/api/load/gc [GC-pressure],3.900000,0.000000,5,5,5,5,5,5,6,6,6,6,6,714,0,5,10.617600277328165,2.515539999876637,856.0378460024367,64.02100840336135
1781571152,10,GET,/api/load/memory-light [GET],1.300000,0.000000,3,3,3,3,3,3,3,3,3,3,3,276,0,3,7.161473681385953,1.5913809984340332,754.7296670018113,50.0
1781571152,10,GET,/api/products [GET],2.600000,0.000000,2,2,2,2,2,2,3,3,3,3,3,457,0,2,3.933633855532313,0.9684789984021336,142.85072599886917,120.0
1781571152,10,,Aggregated,7.800000,0.000000,3,5,5,5,5,5,6,6,6,6,6,1447,0,3,7.847411199760263,0.9684789984021336,856.0378460024367,79.02626123013131
1781571153,10,GET,/api/load/gc [GC-pressure],4.300000,0.000000,5,5,5,5,5,6,6,6,6,6,6,718,0,5,10.583413764641865,2.515539999876637,856.0378460024367,64.02089136490251
1781571153,10,GET,/api/load/memory-light [GET],1.100000,0.000000,2,3,3,3,3,3,3,3,3,3,3,278,0,3,7.124857874331735,1.5913809984340332,754.7296670018113,50.0
1781571153,10,GET,/api/products [GET],2.800000,0.000000,2,2,2,2,2,2,3,3,3,3,3,459,0,2,3.9240554901513813,0.9684789984021336,142.85072599886917,120.0
1781571153,10,,Aggregated,8.200000,0.000000,3,5,5,5,5,5,6,6,6,6,6,1455,0,3,7.821816523750217,0.9684789984021336,856.0378460024367,79.00137457044674
1781571154,10,GET,/api/load/gc [GC-pressure],4.300000,0.000000,5,5,5,5,5,6,6,6,6,6,6,721,0,5,10.557398172000962,2.515539999876637,856.0378460024367,64.02080443828017
1781571154,10,GET,/api/load/memory-light [GET],1.000000,0.000000,2,3,3,3,3,3,3,3,3,3,3,279,0,3,7.107555964401686,1.5913809984340332,754.7296670018113,50.0
1781571154,10,GET,/api/products [GET],2.800000,0.000000,2,2,2,2,2,2,2,2,2,2,2,463,0,2,3.906137099295712,0.9684789984021336,142.85072599886917,120.0
1781571154,10,,Aggregated,8.100000,0.000000,3,5,5,5,5,5,6,6,6,6,6,1463,0,3,7.79455480044749,0.9684789984021336,856.0378460024367,79.06288448393711
1781571155,10,GET,/api/load/gc [GC-pressure],4.500000,0.000000,5,5,5,5,5,6,6,6,6,6,6,725,0,5,10.524299936559741,2.515539999876637,856.0378460024367,64.02068965517242
1781571155,10,GET,/api/load/memory-light [GET],1.200000,0.000000,2,3,3,3,3,3,3,3,3,3,3,281,0,3,7.074393811622208,1.5913809984340332,754.7296670018113,50.0
1781571155,10,GET,/api/products [GET],2.600000,0.000000,2,2,2,2,2,2,2,2,2,2,2,465,0,2,3.8964348859579294,0.9684789984021336,142.85072599886917,120.0
1781571155,10,,Aggregated,8.300000,0.000000,3,5,5,5,5,5,6,6,6,6,6,1471,0,3,7.7701321121972065,0.9684789984021336,856.0378460024367,79.03806934058464
1781571156,11,GET,/api/load/gc [GC-pressure],4.700000,0.000000,5,5,5,5,6,6,6,6,6,6,6,729,0,5,10.493107419754445,2.515539999876637,856.0378460024367,64.02057613168725
1781571156,11,GET,/api/load/memory-light [GET],1.100000,0.000000,2,3,3,3,3,3,3,3,3,3,3,284,0,3,7.027646929843836,1.5913809984340332,754.7296670018113,50.0
1781571156,11,GET,/api/products [GET],2.500000,0.000000,2,2,2,2,2,2,2,2,2,2,2,469,0,2,3.8777444519595043,0.9684789984021336,142.85072599886917,120.0
1781571156,11,,Aggregated,8.300000,0.000000,3,5,5,5,5,6,6,6,6,6,6,1482,0,3,7.735485280057792,0.9684789984021336,856.0378460024367,79.04925775978407
1781571157,11,GET,/api/load/gc [GC-pressure],4.500000,0.000000,5,5,5,5,6,6,30,30,30,30,30,733,0,5,10.494440794001015,2.515539999876637,856.0378460024367,64.02046384720327
1781571157,11,GET,/api/load/memory-light [GET],1.300000,0.000000,2,3,3,3,3,71,71,71,71,71,71,287,0,3,7.221409477632597,1.5913809984340332,754.7296670018113,50.0
1781571157,11,GET,/api/products [GET],2.400000,0.000000,2,2,2,2,2,2,2,2,2,2,2,473,0,2,3.8587117885185522,0.9684789984021336,142.85072599886917,120.0
1781571157,11,,Aggregated,8.200000,0.000000,3,5,5,5,5,6,30,71,71,71,71,1493,0,3,7.7629874735784155,0.9684789984021336,856.0378460024367,79.06028131279304
1781571158,12,GET,/api/load/gc [GC-pressure],4.500000,0.000000,5,5,5,5,6,6,30,30,30,30,30,738,0,5,10.458369991882625,2.515539999876637,856.0378460024367,64.02032520325203
1781571158,12,GET,/api/load/memory-light [GET],1.400000,0.000000,2,3,3,3,3,71,71,71,71,71,71,288,0,3,7.2055163995830505,1.5913809984340332,754.7296670018113,50.0
1781571158,12,GET,/api/products [GET],2.500000,0.000000,2,2,2,2,2,2,2,2,2,2,2,475,0,2,3.849058545203757,0.9684789984021336,142.85072599886917,120.0
1781571158,12,,Aggregated,8.400000,0.000000,3,5,5,5,6,6,30,71,71,71,71,1501,0,3,7.742683934750886,0.9684789984021336,856.0378460024367,79.04530313124583
1781571159,13,GET,/api/load/gc [GC-pressure],4.400000,0.000000,5,5,5,5,6,6,30,30,30,30,30,746,0,5,10.393233616631083,2.515539999876637,856.0378460024367,64.0201072386059
1781571159,13,GET,/api/load/memory-light [GET],1.600000,0.000000,2,3,3,3,3,71,71,71,71,71,71,290,0,3,7.173871024409389,1.5913809984340332,754.7296670018113,50.0
1781571159,13,GET,/api/products [GET],2.500000,0.000000,2,2,2,2,2,2,2,2,2,2,2,478,0,2,3.832907602452784,0.9684789984021336,142.85072599886917,120.0
1781571159,13,,Aggregated,8.500000,0.000000,3,5,5,5,6,6,30,71,71,71,71,1514,0,3,7.705353176392299,0.9684789984021336,856.0378460024367,79.00858652575958
1781571160,14,GET,/api/load/gc [GC-pressure],4.600000,0.000000,5,5,5,5,6,6,30,30,30,30,30,755,0,5,10.322061255649395,2.515539999876637,856.0378460024367,64.01986754966887
1781571160,14,GET,/api/load/memory-light [GET],1.600000,0.000000,2,3,3,3,3,71,71,71,71,71,71,292,0,3,7.141643205738534,1.5913809984340332,754.7296670018113,50.0
1781571160,14,GET,/api/products [GET],2.600000,0.000000,2,2,2,2,2,2,2,2,2,2,2,479,0,2,3.8276264299963025,0.9684789984021336,142.85072599886917,120.0
1781571160,14,,Aggregated,8.800000,0.000000,3,5,5,5,6,6,30,71,71,71,71,1526,0,3,7.674933895189498,0.9684789984021336,856.0378460024367,78.9089121887287
1781571161,14,GET,/api/load/gc [GC-pressure],4.500000,0.000000,5,5,5,5,6,6,6,30,30,30,30,763,0,5,10.25560334339751,2.515539999876637,856.0378460024367,64.01965923984272
1781571161,14,GET,/api/load/memory-light [GET],1.700000,0.000000,2,3,3,3,3,71,71,71,71,71,71,293,0,3,7.125543085596987,1.5913809984340332,754.7296670018113,50.0
1781571161,14,GET,/api/products [GET],2.700000,0.000000,2,2,2,2,2,2,2,2,2,2,2,484,0,2,3.8056030763591706,0.9684789984021336,142.85072599886917,120.0
1781571161,14,,Aggregated,8.900000,0.000000,3,5,5,5,5,6,30,71,71,71,71,1540,0,3,7.632935950681855,0.9684789984021336,856.0378460024367,78.94610389610389
1781571162,15,GET,/api/load/gc [GC-pressure],5.100000,0.000000,5,5,5,5,6,6,6,30,30,30,30,769,0,5,10.212176916798741,2.515539999876637,856.0378460024367,64.01950585175553
1781571162,15,GET,/api/load/memory-light [GET],1.600000,0.000000,2,3,3,3,3,71,71,71,71,71,71,293,0,3,7.125543085596987,1.5913809984340332,754.7296670018113,50.0
1781571162,15,GET,/api/products [GET],2.600000,0.000000,2,2,2,2,2,2,2,2,2,2,2,490,0,2,3.7778891876787757,0.9684789984021336,142.85072599886917,120.0
1781571162,15,,Aggregated,9.300000,0.000000,3,5,5,5,5,6,30,71,71,71,71,1552,0,3,7.59801151743605,0.9684789984021336,856.0378460024367,79.04703608247422
1781571163,16,GET,/api/load/gc [GC-pressure],5.400000,0.000000,5,5,5,5,6,7,8,30,30,30,30,777,0,5,10.161251831437765,2.515539999876637,856.0378460024367,64.01930501930502
1781571163,16,GET,/api/load/memory-light [GET],1.700000,0.000000,2,3,3,3,3,71,71,71,71,71,71,295,0,3,7.09610621721614,1.5913809984340332,754.7296670018113,50.0
1781571163,16,GET,/api/products [GET],2.900000,0.000000,2,2,2,2,2,2,2,2,2,2,2,495,0,2,3.756760684785085,0.9684789984021336,142.85072599886917,120.0
1781571163,16,,Aggregated,10.000000,0.000000,3,5,5,5,6,6,8,30,71,71,71,1567,0,3,7.561097987284315,0.9684789984021336,856.0378460024367,79.06381620931717
1781571164,17,GET,/api/load/gc [GC-pressure],5.500000,0.000000,5,5,5,5,6,6,8,30,30,30,30,783,0,5,10.119965199252803,2.515539999876637,856.0378460024367,64.01915708812261
1781571164,17,GET,/api/load/memory-light [GET],1.700000,0.000000,3,3,3,3,3,71,71,71,71,71,71,296,0,3,7.078390202976251,1.5913809984340332,754.7296670018113,50.0
1781571164,17,GET,/api/products [GET],3.100000,0.000000,2,2,2,2,2,2,2,2,2,2,2,499,0,2,3.7376659057556396,0.9684789984021336,142.85072599886917,120.0
1781571164,17,,Aggregated,10.300000,0.000000,3,5,5,5,6,6,8,30,71,71,71,1578,0,3,7.531198693325716,0.9684789984021336,856.0378460024367,79.09188846641318
1781571165,18,GET,/api/load/gc [GC-pressure],5.900000,0.000000,5,5,5,5,6,6,8,30,30,30,30,789,0,5,10.076076893545867,2.515539999876637,856.0378460024367,64.0190114068441
1781571165,18,GET,/api/load/memory-light [GET],1.600000,0.000000,3,3,3,3,3,71,71,71,71,71,71,301,0,3,7.000233266052815,1.5913809984340332,754.7296670018113,50.0
1781571165,18,GET,/api/products [GET],3.500000,0.000000,2,2,2,2,2,2,2,2,2,2,2,502,0,2,3.7255004561345966,0.9684789984021336,142.85072599886917,120.0
1781571165,18,,Aggregated,11.000000,0.000000,3,5,5,5,6,6,8,30,71,71,71,1592,0,3,7.492020170269569,0.9684789984021336,856.0378460024367,79.02072864321607
1781571166,18,GET,/api/load/gc [GC-pressure],6.100000,0.000000,5,5,5,5,6,6,7,8,8,8,8,796,0,5,10.024934374370385,2.515539999876637,856.0378460024367,64.01884422110552
1781571166,18,GET,/api/load/memory-light [GET],1.800000,0.000000,2,3,3,3,3,3,3,3,3,3,3,305,0,3,6.936814705173287,1.5913809984340332,754.7296670018113,50.0
1781571166,18,GET,/api/products [GET],3.600000,0.000000,2,2,2,2,2,2,2,2,2,2,2,505,0,2,3.713726558383107,0.9684789984021336,142.85072599886917,120.0
1781571166,18,,Aggregated,11.500000,0.000000,3,5,5,5,5,6,6,7,8,8,8,1606,0,3,7.453927869900466,0.9684789984021336,856.0378460024367,78.95952677459526
1781571167,19,GET,/api/load/gc [GC-pressure],6.500000,0.000000,5,5,5,5,6,7,8,8,8,8,8,807,0,5,9.955901627005003,2.515539999876637,856.0378460024367,64.0185873605948
1781571167,19,GET,/api/load/memory-light [GET],2.000000,0.000000,2,2,3,3,3,3,3,3,3,3,3,307,0,3,6.909126684300758,1.5913809984340332,754.7296670018113,50.0
1781571167,19,GET,/api/products [GET],3.600000,0.000000,2,2,2,2,2,2,2,2,2,2,2,509,0,2,3.697634504888777,0.9684789984021336,142.85072599886917,120.0
1781571167,19,,Aggregated,12.100000,0.000000,3,5,5,5,6,6,8,8,8,8,8,1623,0,3,7.416888766519875,0.9684789984021336,856.0378460024367,78.92359827479976
1781571168,20,GET,/api/load/gc [GC-pressure],6.700000,0.000000,5,5,5,5,6,7,8,8,8,8,8,817,0,5,9.883774048958694,2.4446590032312088,856.0378460024367,64.01835985312117
1781571168,20,GET,/api/load/memory-light [GET],2.100000,0.000000,2,2,3,3,3,3,5,5,5,5,5,311,0,3,6.8616047173327095,1.5913809984340332,754.7296670018113,50.0
1781571168,20,GET,/api/products [GET],3.700000,0.000000,2,2,2,2,2,2,2,2,2,2,2,514,0,2,3.675561433812356,0.9551499970257282,142.85072599886917,120.0
1781571168,20,,Aggregated,12.500000,0.000000,3,5,5,5,5,6,8,8,8,8,8,1642,0,3,7.367990890419779,0.9551499970257282,856.0378460024367,78.88733252131547
1781571169,21,GET,/api/load/gc [GC-pressure],7.400000,0.000000,5,5,5,5,6,7,8,8,8,8,8,826,0,5,9.821480013333293,2.4446590032312088,856.0378460024367,64.0181598062954
1781571169,21,GET,/api/load/memory-light [GET],2.100000,0.000000,2,3,3,3,5,5,6,6,6,6,6,314,0,3,6.840137455722348,1.5913809984340332,754.7296670018113,50.0
1781571169,21,GET,/api/products [GET],3.800000,0.000000,2,2,2,2,2,2,3,3,3,3,3,519,0,2,3.6570385953291233,0.9551499970257282,142.85072599886917,120.0
1781571169,21,,Aggregated,13.300000,0.000000,3,4,5,5,5,6,8,8,8,8,8,1659,0,3,7.328721327960176,0.9551499970257282,856.0378460024367,78.87823990355636
1781571170,21,GET,/api/load/gc [GC-pressure],7.800000,0.000000,5,5,5,5,6,7,8,8,8,8,8,835,0,5,9.762380713778883,2.4446590032312088,856.0378460024367,64.01796407185628
1781571170,21,GET,/api/load/memory-light [GET],2.200000,0.000000,2,3,3,3,5,5,6,6,6,6,6,316,0,3,6.8108870509143955,1.5913809984340332,754.7296670018113,50.0
1781571170,21,GET,/api/products [GET],3.700000,0.000000,2,2,2,2,2,2,3,3,3,3,3,523,0,2,3.6428424206111147,0.9551499970257282,142.85072599886917,120.0
1781571170,21,,Aggregated,13.700000,0.000000,3,4,5,5,5,6,8,8,8,8,8,1674,0,3,7.293330221071642,0.9551499970257282,856.0378460024367,78.86200716845879
1781571171,22,GET,/api/load/gc [GC-pressure],8.300000,0.000000,5,5,5,5,6,7,8,8,8,8,8,843,0,5,9.71154951837809,2.4446590032312088,856.0378460024367,64.01779359430606
1781571171,22,GET,/api/load/memory-light [GET],2.400000,0.000000,2,3,3,3,5,6,7,7,7,7,7,319,0,3,6.7857145238056455,1.5913809984340332,754.7296670018113,50.0
1781571171,22,GET,/api/products [GET],4.100000,0.000000,2,2,2,2,2,2,4,4,4,4,4,530,0,2,3.6185987433610824,0.9551499970257282,142.85072599886917,120.0
1781571171,22,,Aggregated,14.800000,0.000000,3,4,5,5,5,6,8,8,8,8,8,1692,0,3,7.251380916706918,0.9551499970257282,856.0378460024367,78.91075650118204
1781571172,23,GET,/api/load/gc [GC-pressure],8.000000,0.000000,5,5,5,5,6,6,8,42,42,42,42,850,0,5,9.708338077633766,2.4446590032312088,856.0378460024367,64.01882352941176
1781571172,23,GET,/api/load/memory-light [GET],2.500000,0.000000,2,3,3,3,5,6,7,7,7,7,7,321,0,3,6.756390483150145,1.5913809984340332,754.7296670018113,50.0
1781571172,23,GET,/api/products [GET],4.300000,0.000000,1,2,2,2,2,2,4,4,4,4,4,538,0,2,3.5870181393682383,0.9551499970257282,142.85072599886917,120.0
1781571172,23,,Aggregated,14.800000,0.000000,3,4,5,5,5,6,8,8,42,42,42,1709,0,3,7.2268604271854935,0.9551499970257282,856.0378460024367,79.00877706260971
1781571173,24,GET,/api/load/gc [GC-pressure],7.900000,0.000000,5,5,5,5,6,7,8,42,42,42,42,860,0,5,9.646558195324127,2.4446590032312088,856.0378460024367,64.01860465116279
1781571173,24,GET,/api/load/memory-light [GET],2.500000,0.000000,2,3,3,3,5,6,7,7,7,7,7,326,0,3,6.685810334669095,1.5913809984340332,754.7296670018113,50.0
1781571173,24,GET,/api/products [GET],4.600000,0.000000,1,2,2,2,2,2,4,4,4,4,4,545,0,2,3.561279392620194,0.9551499970257282,142.85072599886917,120.0
1781571173,24,,Aggregated,15.000000,0.000000,3,4,5,5,5,6,7,8,42,42,42,1731,0,3,7.1730280104326285,0.9551499970257282,856.0378460024367,79.00404390525708
1781571174,25,GET,/api/load/gc [GC-pressure],8.200000,0.000000,5,5,5,5,6,7,42,57,57,57,57,869,0,5,9.65407954773112,2.4446590032312088,856.0378460024367,64.01956271576525
1781571174,25,GET,/api/load/memory-light [GET],2.800000,0.000000,2,3,3,3,5,6,7,7,7,7,7,329,0,3,6.644091565658389,1.5913809984340332,754.7296670018113,50.0
1781571174,25,GET,/api/products [GET],5.000000,0.000000,2,2,2,2,2,3,3,4,4,4,4,552,0,2,3.5434761213395363,0.9551499970257282,142.85072599886917,120.0
1781571174,25,,Aggregated,16.000000,0.000000,3,4,5,5,5,6,8,42,57,57,57,1750,0,3,7.160742897748215,0.9551499970257282,856.0378460024367,79.04171428571429
1781571175,25,GET,/api/load/gc [GC-pressure],8.100000,0.000000,5,5,5,5,6,8,42,57,57,57,57,877,0,5,9.625238789019624,2.4446590032312088,856.0378460024367,64.0193842645382
1781571175,25,GET,/api/load/memory-light [GET],3.000000,0.000000,2,3,4,5,7,30,30,30,30,30,30,337,0,3,6.783271507691324,1.5884210006333888,754.7296670018113,50.0
1781571175,25,GET,/api/products [GET],5.100000,0.000000,2,2,2,2,2,3,3,4,4,4,4,559,0,2,3.5210450321801625,0.9551499970257282,142.85072599886917,120.0
1781571175,25,,Aggregated,16.200000,0.000000,3,4,5,5,6,7,30,42,57,57,57,1773,0,3,7.160496948139254,0.9551499970257282,856.0378460024367,79.00451212633953
1781571176,26,GET,/api/load/gc [GC-pressure],8.400000,0.000000,5,5,5,5,5,7,42,57,57,57,57,887,0,5,9.565547472333249,2.4446590032312088,856.0378460024367,64.01916572717023
1781571176,26,GET,/api/load/memory-light [GET],3.100000,0.000000,2,3,3,5,7,30,30,30,30,30,30,340,0,3,6.746228329660987,1.5884210006333888,754.7296670018113,50.0
1781571176,26,GET,/api/products [GET],5.100000,0.000000,2,2,2,2,2,3,3,4,4,4,4,565,0,2,3.503594969902023,0.9551499970257282,142.85072599886917,120.0
1781571176,26,,Aggregated,16.600000,0.000000,3,4,5,5,5,7,30,42,57,57,57,1792,0,3,7.119357923012818,0.9551499970257282,856.0378460024367,79.00948660714286
1781571177,27,GET,/api/load/gc [GC-pressure],8.800000,0.000000,5,5,5,5,5,7,42,57,57,57,57,899,0,5,9.494995310279016,2.4446590032312088,856.0378460024367,64.01890989988877
1781571177,27,GET,/api/load/memory-light [GET],3.500000,0.000000,2,3,3,4,7,30,30,30,30,30,30,344,0,3,6.6910894188473575,1.5884210006333888,754.7296670018113,50.0
1781571177,27,GET,/api/products [GET],5.700000,0.000000,2,2,2,2,2,3,3,4,4,4,4,572,0,2,3.4771418076752845,0.9551499970257282,142.85072599886917,120.0
1781571177,27,,Aggregated,18.000000,0.000000,3,4,5,5,5,7,30,42,57,57,57,1815,0,3,7.067030665572776,0.9551499970257282,856.0378460024367,79.00440771349862
1781571178,28,GET,/api/load/gc [GC-pressure],8.900000,0.000000,5,5,5,5,6,7,42,57,57,57,57,916,0,5,9.395928540335744,2.3847769989515655,856.0378460024367,64.01855895196506
1781571178,28,GET,/api/load/memory-light [GET],3.400000,0.000000,2,3,3,3,7,30,30,30,30,30,30,346,0,3,6.678585517570118,1.5884210006333888,754.7296670018113,50.0
1781571178,28,GET,/api/products [GET],5.800000,0.000000,2,2,2,2,2,4,4,32,32,32,32,578,0,2,3.514422121096526,0.9551499970257282,142.85072599886917,120.0
1781571178,28,,Aggregated,18.100000,0.000000,3,4,5,5,5,7,30,42,57,57,57,1840,0,3,7.03738973805467,0.9551499970257282,856.0378460024367,78.9679347826087
1781571179,28,GET,/api/load/gc [GC-pressure],9.200000,0.000000,5,5,5,5,6,7,42,57,57,57,57,930,0,5,9.316663459079185,2.3847769989515655,856.0378460024367,64.01827956989247
1781571179,28,GET,/api/load/memory-light [GET],3.700000,0.000000,2,2,3,3,7,30,30,30,30,30,30,352,0,3,6.608143074097163,1.5884210006333888,754.7296670018113,50.0
1781571179,28,GET,/api/products [GET],6.000000,0.000000,2,2,2,2,2,3,4,32,32,32,32,586,0,2,3.4854631330900383,0.9000279969768599,142.85072599886917,120.0
1781571179,28,,Aggregated,18.900000,0.000000,3,4,5,5,5,7,30,42,57,57,57,1868,0,3,6.977004697546363,0.9000279969768599,856.0378460024367,78.93843683083512
1781571180,29,GET,/api/load/gc [GC-pressure],9.500000,0.000000,5,5,5,5,6,7,22,42,57,57,57,940,0,5,9.260501750999383,2.3847769989515655,856.0378460024367,64.01808510638298
1781571180,29,GET,/api/load/memory-light [GET],3.600000,0.000000,2,2,3,3,7,30,30,30,30,30,30,353,0,3,6.595755682953286,1.5884210006333888,754.7296670018113,50.0
1781571180,29,GET,/api/products [GET],6.600000,0.000000,2,2,2,2,2,3,4,32,32,32,32,596,0,2,3.4571911644083313,0.9000279969768599,142.85072599886917,120.0
1781571180,29,,Aggregated,19.700000,0.000000,3,4,5,5,5,7,30,32,57,57,57,1889,0,3,6.93152955850148,0.9000279969768599,856.0378460024367,79.06140815246162
1781571181,30,GET,/api/load/gc [GC-pressure],9.900000,0.000000,5,5,5,5,6,7,22,34,57,57,57,950,0,5,9.23941927886182,2.3847769989515655,856.0378460024367,64.01789473684211
1781571181,30,GET,/api/load/memory-light [GET],3.700000,0.000000,2,3,3,5,30,48,75,75,75,75,75,361,0,3,6.9000767564671595,1.5884210006333888,754.7296670018113,50.0
1781571181,30,GET,/api/products [GET],6.400000,0.000000,2,2,2,2,3,4,32,69,69,69,69,604,0,2,3.545604680453497,0.9000279969768599,142.85072599886917,120.0
1781571181,30,,Aggregated,20.000000,0.000000,3,4,5,5,5,22,34,57,75,75,75,1915,0,3,7.002569843862813,0.9000279969768599,856.0378460024367,79.03237597911227
1781571182,31,GET,/api/load/gc [GC-pressure],10.500000,0.000000,5,5,5,5,6,7,22,34,57,57,57,963,0,5,9.176462929298303,2.3847769989515655,856.0378460024367,64.01765316718588
1781571182,31,GET,/api/load/memory-light [GET],3.700000,0.000000,2,3,3,5,30,48,75,75,75,75,75,363,0,3,6.873355975457802,1.5884210006333888,754.7296670018113,50.0
1781571182,31,GET,/api/products [GET],7.200000,0.000000,2,2,2,2,3,4,32,69,69,69,69,612,0,2,3.517590161779891,0.9000279969768599,142.85072599886917,120.0
1781571182,31,,Aggregated,21.400000,0.000000,3,4,5,5,5,22,34,57,75,75,75,1938,0,3,6.958063570183046,0.9000279969768599,856.0378460024367,79.07069143446853
1781571183,32,GET,/api/load/gc [GC-pressure],10.900000,0.000000,5,5,5,5,5,6,10,22,34,34,34,973,0,5,9.126526270208178,2.3847769989515655,856.0378460024367,64.0174717368962
1781571183,32,GET,/api/load/memory-light [GET],4.000000,0.000000,2,2,3,5,30,48,75,75,75,75,75,366,0,3,6.831088776201139,1.5037010016385466,754.7296670018113,50.0
1781571183,32,GET,/api/products [GET],7.100000,0.000000,2,2,2,2,2,4,32,69,69,69,69,623,0,2,3.4773776581315445,0.9000279969768599,142.85072599886917,120.0
1781571183,32,,Aggregated,22.000000,0.000000,3,4,5,5,5,10,32,48,75,75,75,1962,0,3,6.904533554545426,0.9000279969768599,856.0378460024367,79.1788990825688
1781571184,32,GET,/api/load/gc [GC-pressure],11.200000,0.000000,5,5,5,5,5,6,7,10,34,34,34,987,0,5,9.056989624026231,2.3847769989515655,856.0378460024367,64.01722391084093
1781571184,32,GET,/api/load/memory-light [GET],4.100000,0.000000,2,2,3,3,6,48,75,75,75,75,75,370,0,3,6.782504021857922,1.5037010016385466,754.7296670018113,50.0
1781571184,32,GET,/api/products [GET],7.200000,0.000000,1,2,2,2,2,4,32,69,69,69,69,634,0,2,3.4406000883650836,0.8778670016909018,142.85072599886917,120.0
1781571184,32,,Aggregated,22.500000,0.000000,3,4,5,5,5,6,32,48,75,75,75,1991,0,3,6.845864240595071,0.8778670016909018,856.0378460024367,79.23907584128578
1781571185,33,GET,/api/load/gc [GC-pressure],11.500000,0.000000,5,5,5,5,5,6,7,10,34,34,34,999,0,5,8.998528598504828,2.3847769989515655,856.0378460024367,64.01701701701701
1781571185,33,GET,/api/load/memory-light [GET],4.100000,0.000000,2,2,3,3,6,48,75,75,75,75,75,374,0,3,6.741629984185603,1.5037010016385466,754.7296670018113,50.0
1781571185,33,GET,/api/products [GET],7.800000,0.000000,1,2,2,2,2,4,32,69,69,69,69,639,0,2,3.4266903005092746,0.8778670016909018,142.85072599886917,120.0
1781571185,33,,Aggregated,23.400000,0.000000,3,4,5,5,5,6,32,48,75,75,75,2012,0,3,6.809420867801772,0.8778670016909018,856.0378460024367,79.191351888668
1781571186,34,GET,/api/load/gc [GC-pressure],11.600000,0.000000,5,5,5,5,5,6,7,10,34,34,34,1008,0,5,8.956158304463605,2.3847769989515655,856.0378460024367,64.01686507936508
1781571186,34,GET,/api/load/memory-light [GET],4.000000,0.000000,2,2,3,3,6,48,75,75,75,75,75,383,0,3,6.6324766529743755,1.4877400026307441,754.7296670018113,50.0
1781571186,34,GET,/api/products [GET],8.200000,0.000000,1,2,2,2,2,3,32,69,69,69,69,651,0,2,3.391842714336235,0.8778670016909018,142.85072599886917,120.0
1781571186,34,,Aggregated,23.800000,0.000000,3,4,5,5,5,6,32,48,75,75,75,2042,0,3,6.746393602361111,0.8778670016909018,856.0378460024367,79.23555337904016
1781571187,35,GET,/api/load/gc [GC-pressure],11.900000,0.000000,5,5,5,5,6,7,7,10,34,34,34,1024,0,5,8.888235995030414,2.3847769989515655,856.0378460024367,64.0166015625
1781571187,35,GET,/api/load/memory-light [GET],3.600000,0.000000,2,2,3,3,5,28,75,75,75,75,75,389,0,3,6.56180568661521,1.483059000747744,754.7296670018113,50.0
1781571187,35,GET,/api/products [GET],8.100000,0.000000,1,2,2,2,2,3,6,69,69,69,69,661,0,2,3.3682693087052216,0.8778670016909018,142.85072599886917,120.0
1781571187,35,,Aggregated,23.600000,0.000000,3,4,5,5,5,6,28,48,75,75,75,2074,0,3,6.692633598871076,0.8778670016909018,856.0378460024367,79.22999035679845
1781571188,35,GET,/api/load/gc [GC-pressure],12.100000,0.000000,5,5,5,5,6,6,7,10,34,34,34,1043,0,5,8.805434475460336,2.3847769989515655,856.0378460024367,64.01629913710451
1781571188,35,GET,/api/load/memory-light [GET],4.100000,0.000000,2,2,3,3,5,28,75,75,75,75,75,394,0,3,6.50612251039891,1.483059000747744,754.7296670018113,50.0
1781571188,35,GET,/api/products [GET],8.400000,0.000000,1,2,2,2,2,3,6,69,69,69,69,665,0,2,3.3597611429395604,0.8778670016909018,142.85072599886917,120.0
1781571188,35,,Aggregated,24.600000,0.000000,3,4,5,5,5,6,28,48,75,75,75,2102,0,3,6.651627776906332,0.8778670016909018,856.0378460024367,79.10038058991437
1781571189,36,GET,/api/load/gc [GC-pressure],12.100000,0.000000,5,5,5,5,5,6,7,10,34,34,34,1057,0,5,8.744778094505724,2.3847769989515655,856.0378460024367,64.01608325449385
1781571189,36,GET,/api/load/memory-light [GET],4.300000,0.000000,2,2,2,3,3,28,75,75,75,75,75,400,0,3,6.437257295256131,1.483059000747744,754.7296670018113,50.0
1781571189,36,GET,/api/products [GET],8.800000,0.000000,1,2,2,2,2,3,6,69,69,69,69,671,0,2,3.345310459080955,0.8778670016909018,142.85072599886917,120.0
1781571189,36,,Aggregated,25.200000,0.000000,3,4,5,5,5,6,28,48,75,75,75,2128,0,3,6.608475884416506,0.8778670016909018,856.0378460024367,79.0343045112782
1781571190,37,GET,/api/load/gc [GC-pressure],12.400000,0.000000,5,5,5,5,6,7,8,10,34,34,34,1072,0,5,8.691793765735126,2.3847769989515655,856.0378460024367,64.01585820895522
1781571190,37,GET,/api/load/memory-light [GET],4.700000,0.000000,2,2,2,2,3,28,75,75,75,75,75,406,0,3,6.371800416511778,1.483059000747744,754.7296670018113,50.0
1781571190,37,GET,/api/products [GET],8.600000,0.000000,1,2,2,2,2,3,6,69,69,69,69,682,0,2,3.3187891056412413,0.8778670016909018,142.85072599886917,120.0
1781571190,37,,Aggregated,25.700000,0.000000,3,4,5,5,5,6,10,48,75,75,75,2160,0,3,6.559244470379242,0.8778670016909018,856.0378460024367,79.05787037037037
1781571191,38,GET,/api/load/gc [GC-pressure],12.800000,0.000000,5,5,5,5,6,6,7,8,8,8,8,1086,0,5,8.637442141670553,2.3847769989515655,856.0378460024367,64.01565377532228
1781571191,38,GET,/api/load/memory-light [GET],4.700000,0.000000,2,2,2,2,3,4,5,5,5,5,5,414,0,3,6.304000838411407,1.483059000747744,754.7296670018113,50.0
1781571191,38,GET,/api/products [GET],8.800000,0.000000,1,2,2,2,2,3,3,6,6,6,6,689,0,2,3.2992375690097338,0.8778670016909018,142.85072599886917,120.0
1781571191,38,,Aggregated,26.300000,0.000000,3,4,5,5,5,6,7,7,8,8,8,2189,0,3,6.515894562816011,0.8778670016909018,856.0378460024367,78.98629511192325
1781571192,39,GET,/api/load/gc [GC-pressure],13.000000,0.000000,5,5,5,5,6,6,7,8,8,8,8,1104,0,5,8.564920143897695,2.3847769989515655,856.0378460024367,64.01539855072464
1781571192,39,GET,/api/load/memory-light [GET],5.200000,0.000000,2,2,2,3,3,4,5,5,5,5,5,418,0,3,6.264575674892325,1.483059000747744,754.7296670018113,50.0
1781571192,39,GET,/api/products [GET],8.600000,0.000000,1,2,2,2,2,3,3,6,6,6,6,699,0,2,3.27089291564069,0.8778670016909018,142.85072599886917,120.0
1781571192,39,,Aggregated,26.800000,0.000000,3,4,5,5,5,6,7,7,8,8,8,2221,0,3,6.465834587573565,0.8778670016909018,856.0378460024367,78.9972985141828
1781571193,39,GET,/api/load/gc [GC-pressure],13.500000,0.000000,5,5,5,5,6,7,8,8,34,34,34,1118,0,5,8.546281160889002,2.3847769989515655,856.0378460024367,64.01610017889088
1781571193,39,GET,/api/load/memory-light [GET],5.400000,0.000000,2,2,2,3,4,5,5,5,5,5,5,425,0,3,6.207777303797604,1.483059000747744,754.7296670018113,50.0
1781571193,39,GET,/api/products [GET],8.500000,0.000000,1,2,2,2,2,3,3,6,6,6,6,708,0,2,3.2456189364790595,0.8778670016909018,142.85072599886917,120.0
1781571193,39,,Aggregated,27.400000,0.000000,3,4,5,5,5,6,7,8,34,34,34,2251,0,3,6.437559262112421,0.8778670016909018,856.0378460024367,78.9782318969347
1781571194,40,GET,/api/load/gc [GC-pressure],13.700000,0.000000,5,5,5,6,6,7,10,27,34,34,34,1135,0,5,8.51340740606279,2.3847769989515655,856.0378460024367,64.015859030837
1781571194,40,GET,/api/load/memory-light [GET],5.500000,0.000000,2,2,2,3,4,5,5,6,6,6,6,432,0,3,6.146298634525414,1.483059000747744,754.7296670018113,50.0
1781571194,40,GET,/api/products [GET],8.600000,0.000000,1,2,2,2,2,3,6,9,9,9,9,717,0,2,3.232395287346279,0.8778670016909018,142.85072599886917,120.0
1781571194,40,,Aggregated,27.800000,0.000000,3,4,5,5,6,6,8,10,34,34,34,2284,0,3,6.4078571965952404,0.8778670016909018,856.0378460024367,78.93957968476357
1781571195,41,GET,/api/load/gc [GC-pressure],14.500000,0.000000,5,5,5,6,6,7,10,27,34,34,34,1157,0,5,8.431775204730114,2.3847769989515655,856.0378460024367,64.01555747623163
1781571195,41,GET,/api/load/memory-light [GET],5.700000,0.000000,2,2,3,3,4,5,6,6,6,6,6,436,0,3,6.117639798428565,1.483059000747744,754.7296670018113,50.0
1781571195,41,GET,/api/products [GET],8.200000,0.000000,1,2,2,2,2,3,6,9,9,9,9,726,0,2,3.210884597824425,0.8778670016909018,142.85072599886917,120.0
1781571195,41,,Aggregated,28.400000,0.000000,3,4,5,5,6,6,8,10,34,34,34,2319,0,3,6.362206589912948,0.8778670016909018,856.0378460024367,78.90728762397585
1781571196,42,GET,/api/load/gc [GC-pressure],14.500000,0.000000,5,5,5,6,6,7,10,27,34,34,34,1171,0,5,8.382583363691253,2.3847769989515655,856.0378460024367,64.01537147736977
1781571196,42,GET,/api/load/memory-light [GET],6.400000,0.000000,2,2,3,3,4,6,6,6,6,6,6,440,0,3,6.0920610797852115,1.483059000747744,754.7296670018113,50.0
1781571196,42,GET,/api/products [GET],8.300000,0.000000,1,2,2,2,2,3,4,9,9,9,9,739,0,2,3.185131368090645,0.8778670016909018,142.85072599886917,120.0
1781571196,42,,Aggregated,29.200000,0.000000,3,4,5,5,6,6,8,10,34,34,34,2350,0,3,6.319286840428484,0.8778670016909018,856.0378460024367,78.99659574468085
1781571197,42,GET,/api/load/gc [GC-pressure],15.800000,0.000000,5,5,5,6,6,7,10,27,34,34,34,1191,0,5,8.307424512064072,2.3847769989515655,856.0378460024367,64.01511335012594
1781571197,42,GET,/api/load/memory-light [GET],6.300000,0.000000,2,2,3,3,4,6,6,6,6,6,6,444,0,3,6.053499229941784,1.483059000747744,754.7296670018113,50.0
1781571197,42,GET,/api/products [GET],8.300000,0.000000,1,2,2,2,2,3,4,9,9,9,9,751,0,2,3.1552327776645663,0.8778670016909018,142.85072599886917,120.0
1781571197,42,,Aggregated,30.400000,0.000000,3,4,5,5,6,6,8,10,34,34,34,2386,0,3,6.2663353176817065,0.8778670016909018,856.0378460024367,79.02849958088852
1781571198,43,GET,/api/load/gc [GC-pressure],16.000000,0.000000,5,5,5,5,6,7,10,27,34,34,34,1214,0,5,8.222064433175246,2.3847769989515655,856.0378460024367,64.0148270181219
1781571198,43,GET,/api/load/memory-light [GET],5.800000,0.000000,2,2,3,3,5,6,6,6,6,6,6,448,0,3,6.016460268061304,1.483059000747744,754.7296670018113,50.0
1781571198,43,GET,/api/products [GET],8.900000,0.000000,1,2,2,2,2,2,4,9,9,9,9,759,0,2,3.137912433473295,0.8778670016909018,142.85072599886917,120.0
1781571198,43,,Aggregated,30.700000,0.000000,3,4,5,5,6,6,8,10,34,34,34,2421,0,3,6.2200065918927905,0.8778670016909018,856.0378460024367,78.97315159025196
1781571199,44,GET,/api/load/gc [GC-pressure],16.400000,0.000000,4,5,5,5,6,7,10,27,34,34,34,1235,0,5,8.145651781264842,2.3847769989515655,856.0378460024367,64.01457489878543
1781571199,44,GET,/api/load/memory-light [GET],5.600000,0.000000,2,2,3,3,5,6,6,6,6,6,6,454,0,3,5.963882081677172,1.483059000747744,754.7296670018113,50.0
1781571199,44,GET,/api/products [GET],9.200000,0.000000,1,2,2,2,2,2,4,9,9,9,9,768,0,2,3.117159718755147,0.8778670016909018,142.85072599886917,120.0
1781571199,44,,Aggregated,31.200000,0.000000,3,4,5,5,6,6,7,10,34,34,34,2457,0,3,6.170720829852449,0.8778670016909018,856.0378460024367,78.92470492470493
1781571200,45,GET,/api/load/gc [GC-pressure],17.300000,0.000000,4,5,5,5,6,7,10,27,34,34,34,1249,0,5,8.10115014721612,2.3847769989515655,856.0378460024367,64.01441152922338
1781571200,45,GET,/api/load/memory-light [GET],5.400000,0.000000,2,2,2,3,4,6,6,6,6,6,6,462,0,3,5.8953398768084515,1.483059000747744,754.7296670018113,50.0
1781571200,45,GET,/api/products [GET],9.100000,0.000000,1,2,2,2,2,2,4,9,9,9,9,777,0,2,3.098261467199275,0.8778670016909018,142.85072599886917,120.0
1781571200,45,,Aggregated,31.800000,0.000000,3,4,5,5,5,6,7,10,34,34,34,2488,0,3,6.129153021291108,0.8778670016909018,856.0378460024367,78.89630225080386
1781571201,46,GET,/api/load/gc [GC-pressure],17.700000,0.000000,4,5,5,5,6,7,10,27,34,34,34,1275,0,5,8.030758795194902,2.3847769989515655,856.0378460024367,64.01411764705882
1781571201,46,GET,/api/load/memory-light [GET],5.300000,0.000000,2,2,2,3,5,6,6,6,6,6,6,467,0,3,5.8648191115312125,1.483059000747744,754.7296670018113,50.0
1781571201,46,GET,/api/products [GET],9.500000,0.000000,1,2,2,2,2,2,4,9,9,9,9,787,0,2,3.0763424078831383,0.8778670016909018,142.85072599886917,120.0
1781571201,46,,Aggregated,32.500000,0.000000,3,4,5,5,6,6,7,10,34,34,34,2529,0,3,6.089034979819141,0.8778670016909018,856.0378460024367,78.84855674179518
1781571202,46,GET,/api/load/gc [GC-pressure],18.100000,0.000000,4,5,5,5,6,6,8,10,27,27,27,1291,0,5,7.979809473959695,2.3847769989515655,856.0378460024367,64.01394268009295
1781571202,46,GET,/api/load/memory-light [GET],5.500000,0.000000,2,2,2,3,4,6,6,6,6,6,6,472,0,3,5.822001159100121,1.483059000747744,754.7296670018113,50.0
1781571202,46,GET,/api/products [GET],9.800000,0.000000,1,2,2,2,2,2,4,9,9,9,9,803,0,2,3.043558459562162,0.8630570009700023,142.85072599886917,120.0
1781571202,46,,Aggregated,33.400000,0.000000,3,4,4,5,5,6,7,9,27,27,27,2566,0,3,6.038151216292143,0.8630570009700023,856.0378460024367,78.95635229929852
1781571203,47,GET,/api/load/gc [GC-pressure],18.300000,0.000000,4,5,5,5,6,6,7,10,10,10,10,1310,0,5,7.922041155616726,2.3847769989515655,856.0378460024367,64.01374045801526
1781571203,47,GET,/api/load/memory-light [GET],5.500000,0.000000,2,2,2,2,4,6,6,6,6,6,6,475,0,3,5.796599126540394,1.483059000747744,754.7296670018113,50.0
1781571203,47,GET,/api/products [GET],10.000000,0.000000,1,2,2,2,2,2,3,4,9,9,9,819,0,2,3.0131206080917767,0.8630570009700023,142.85072599886917,120.0
1781571203,47,,Aggregated,33.800000,0.000000,3,4,4,5,5,6,7,8,10,10,10,2604,0,3,5.9904010280306315,0.8630570009700023,856.0378460024367,79.06605222734255
1781571204,48,GET,/api/load/gc [GC-pressure],18.900000,0.000000,4,5,5,5,6,7,8,42,51,51,51,1328,0,5,7.952506045830339,2.3847769989515655,856.0378460024367,64.01430722891567
1781571204,48,GET,/api/load/memory-light [GET],5.500000,0.000000,2,2,2,3,4,6,9,9,9,9,9,484,0,3,5.758171785307864,1.483059000747744,754.7296670018113,50.0
1781571204,48,GET,/api/products [GET],9.900000,0.000000,1,2,2,2,2,3,10,22,53,53,53,826,0,2,3.103046085976248,0.8630570009700023,142.85072599886917,120.0
1781571204,48,,Aggregated,34.300000,0.000000,3,4,4,5,5,6,9,22,53,53,53,2638,0,3,6.03146294161034,0.8630570009700023,856.0378460024367,78.97308567096285
1781571205,49,GET,/api/load/gc [GC-pressure],18.700000,0.000000,4,5,5,6,7,51,130,270,310,310,310,1348,0,5,8.90315783149689,2.3847769989515655,856.0378460024367,64.0200296735905
1781571205,49,GET,/api/load/memory-light [GET],5.000000,0.000000,2,2,3,3,6,74,130,200,200,200,200,489,0,3,6.51774284883249,1.483059000747744,754.7296670018113,50.0
1781571205,49,GET,/api/products [GET],11.100000,0.000000,1,2,2,2,22,64,130,150,170,170,170,839,0,2,4.160606399284583,0.8630570009700023,169.3927939995774,120.0
1781571205,49,,Aggregated,34.800000,0.000000,3,4,5,5,8,65,130,170,310,310,310,2676,0,3,6.980336987644491,0.8630570009700023,856.0378460024367,79.00934230194319
1781571206,50,GET,/api/load/gc [GC-pressure],19.600000,0.000000,4,5,5,6,8,51,130,270,310,310,310,1370,0,5,8.840375522535675,2.3847769989515655,856.0378460024367,64.01970802919708
1781571206,50,GET,/api/load/memory-light [GET],4.800000,0.000000,2,2,3,3,6,74,130,200,200,200,200,497,0,3,6.465433285857637,1.483059000747744,754.7296670018113,50.0
1781571206,50,GET,/api/products [GET],11.000000,0.000000,1,2,2,2,49,64,130,150,170,170,170,855,0,2,4.210564217544488,0.8630570009700023,169.3927939995774,120.0
1781571206,50,,Aggregated,35.400000,0.000000,3,4,5,5,9,64,130,170,310,310,310,2722,0,3,6.952486118642784,0.8630570009700023,856.0378460024367,79.04371785451873
1781571207,50,GET,/api/load/gc [GC-pressure],19.200000,0.000000,5,5,5,6,8,65,130,270,310,310,310,1383,0,5,8.793428352049228,2.3847769989515655,856.0378460024367,64.01952277657267
1781571207,50,GET,/api/load/memory-light [GET],5.300000,0.000000,2,2,3,3,6,74,130,200,200,200,200,506,0,3,6.385300996187746,1.483059000747744,754.7296670018113,50.0
1781571207,50,GET,/api/products [GET],11.400000,0.000000,1,2,2,2,40,64,130,150,170,170,170,871,0,2,4.157136332960216,0.8630570009700023,169.3927939995774,120.0
1781571207,50,,Aggregated,35.900000,0.000000,3,4,5,5,8,64,130,170,310,310,310,2760,0,3,6.888818645276605,0.8630570009700023,856.0378460024367,79.11557971014493
1781571208,51,GET,/api/load/gc [GC-pressure],19.700000,0.000000,5,5,6,6,26,94,140,270,310,310,310,1398,0,5,9.057224973462592,2.3847769989515655,856.0378460024367,64.02145922746782
1781571208,51,GET,/api/load/memory-light [GET],5.700000,0.000000,2,2,3,3,8,74,130,200,200,200,200,517,0,2,6.579828829912904,1.483059000747744,754.7296670018113,50.0
1781571208,51,GET,/api/products [GET],11.500000,0.000000,1,2,2,2,49,69,130,150,170,170,170,881,0,2,4.2364910068221,0.8630570009700023,169.3927939995774,120.0
1781571208,51,,Aggregated,36.900000,0.000000,3,5,5,6,26,81,130,170,310,310,310,2796,0,3,7.0801575804635,0.8630570009700023,856.0378460024367,79.06723891273248
1781571209,52,GET,/api/load/gc [GC-pressure],19.300000,0.000000,5,6,7,8,65,110,140,270,310,310,310,1419,0,5,9.439035628530254,2.3847769989515655,856.0378460024367,64.02325581395348
1781571209,52,GET,/api/load/memory-light [GET],6.100000,0.000000,2,3,4,6,53,74,130,200,200,200,200,525,0,3,6.869388139194122,1.483059000747744,754.7296670018113,50.0
1781571209,52,GET,/api/products [GET],11.500000,0.000000,2,2,4,20,57,76,130,150,170,170,170,900,0,2,4.755155387805037,0.8630570009700023,169.3927939995774,120.0
1781571209,52,,Aggregated,36.900000,0.000000,3,5,6,10,57,88,130,170,310,310,310,2844,0,3,7.482440287969718,0.8630570009700023,856.0378460024367,79.14873417721519
1781571210,53,GET,/api/load/gc [GC-pressure],18.500000,0.000000,5,5,6,8,65,110,140,270,310,310,310,1438,0,5,9.372940500627834,2.3847769989515655,856.0378460024367,64.02294853963839
1781571210,53,GET,/api/load/memory-light [GET],6.700000,0.000000,2,3,3,4,53,74,130,200,200,200,200,533,0,2,6.795261200900407,1.483059000747744,754.7296670018113,50.0
1781571210,53,GET,/api/products [GET],12.300000,0.000000,1,2,2,19,57,76,130,150,170,170,170,914,0,2,4.701408434372216,0.8630570009700023,169.3927939995774,120.0
1781571210,53,,Aggregated,37.500000,0.000000,3,5,6,8,57,87,130,170,310,310,310,2885,0,3,7.416724425996169,0.8630570009700023,856.0378460024367,79.16637781629116
1781571211,53,GET,/api/load/gc [GC-pressure],18.200000,0.000000,5,5,6,8,65,110,140,270,310,310,310,1459,0,5,9.29450409384378,2.3847769989515655,856.0378460024367,64.02261823166552
1781571211,53,GET,/api/load/memory-light [GET],7.300000,0.000000,2,2,3,4,32,74,130,200,200,200,200,540,0,2,6.731490966800872,1.4340479974634945,754.7296670018113,50.0
1781571211,53,GET,/api/products [GET],12.900000,0.000000,1,2,2,19,57,76,130,150,170,170,170,925,0,2,4.661118805430502,0.8630570009700023,169.3927939995774,120.0
1781571211,53,,Aggregated,38.400000,0.000000,3,5,6,8,57,87,130,170,310,310,310,2924,0,3,7.355410906297457,0.8630570009700023,856.0378460024367,79.14124487004104
1781571212,54,GET,/api/load/gc [GC-pressure],18.100000,0.000000,5,5,6,8,65,110,140,270,310,310,310,1481,0,5,9.21579759886939,2.3847769989515655,856.0378460024367,64.02228224172856
1781571212,54,GET,/api/load/memory-light [GET],7.100000,0.000000,2,2,3,4,32,74,130,200,200,200,200,548,0,2,6.658893507422223,1.4340479974634945,754.7296670018113,50.0
1781571212,54,GET,/api/products [GET],13.200000,0.000000,1,2,6,20,57,76,130,150,170,170,170,938,0,2,4.621770605564365,0.8630570009700023,169.3927939995774,120.0
1781571212,54,,Aggregated,38.400000,0.000000,3,5,6,8,57,87,130,170,310,310,310,2967,0,3,7.291166401756764,0.8630570009700023,856.0378460024367,79.12942366026289
1781571213,55,GET,/api/load/gc [GC-pressure],18.800000,0.000000,5,5,6,7,55,94,140,270,310,310,310,1509,0,5,9.120968610290614,2.3847769989515655,856.0378460024367,64.02186878727635
1781571213,55,GET,/api/load/memory-light [GET],7.100000,0.000000,2,2,3,4,32,74,130,200,200,200,200,557,0,2,6.586449822368931,1.4340479974634945,754.7296670018113,50.0
1781571213,55,GET,/api/products [GET],13.400000,0.000000,1,2,4,19,57,76,130,150,170,170,170,948,0,2,4.592078045393828,0.8630570009700023,169.3927939995774,120.0
1781571213,55,,Aggregated,39.300000,0.000000,3,5,5,6,55,81,130,170,310,310,310,3014,0,3,7.228096937963298,0.8630570009700023,856.0378460024367,79.03749170537492
1781571214,56,GET,/api/load/gc [GC-pressure],19.000000,0.000000,5,5,6,7,53,75,110,140,170,170,170,1527,0,5,9.505493295963614,2.3847769989515655,856.0378460024367,64.02619515389652
1781571214,56,GET,/api/load/memory-light [GET],7.300000,0.000000,2,2,3,3,11,53,74,78,78,78,78,563,0,2,6.568885740774314,1.4340479974634945,754.7296670018113,50.0
1781571214,56,GET,/api/products [GET],13.900000,0.000000,1,2,5,10,40,65,76,76,88,88,88,968,0,2,4.998298671509008,0.8630570009700023,169.3927939995774,120.0
1781571214,56,,Aggregated,40.200000,0.000000,3,5,5,6,40,68,82,110,170,170,170,3058,0,3,7.538104659585708,0.8630570009700023,856.0378460024367,79.1621975147155
1781571215,57,GET,/api/load/gc [GC-pressure],19.700000,0.000000,5,6,22,53,87,120,150,180,220,220,220,1549,0,5,10.792533498331201,2.3847769989515655,856.0378460024367,64.03421562298257
1781571215,57,GET,/api/load/memory-light [GET],8.100000,0.000000,2,2,3,8,55,78,130,190,190,190,190,572,0,2,7.498984617207377,1.4340479974634945,754.7296670018113,50.0
1781571215,57,GET,/api/products [GET],13.000000,0.000000,2,4,14,29,61,76,100,110,110,110,110,983,0,2,5.680435183132055,0.8630570009700023,169.3927939995774,120.0
1781571215,57,,Aggregated,40.800000,0.000000,3,5,11,31,73,98,140,170,220,220,220,3104,0,3,8.56666281410324,0.8630570009700023,856.0378460024367,79.17171391752578
1781571216,57,GET,/api/load/gc [GC-pressure],19.700000,0.000000,5,16,57,68,96,130,170,170,220,220,220,1579,0,5,11.756859749156613,2.3847769989515655,856.0378460024367,64.03799873337556
1781571216,57,GET,/api/load/memory-light [GET],8.300000,0.000000,2,3,11,31,63,78,130,190,190,190,190,578,0,2,7.767340353000055,1.4340479974634945,754.7296670018113,50.0
1781571216,57,GET,/api/products [GET],13.500000,0.000000,2,7,29,36,70,80,100,110,110,110,110,992,0,2,5.987634769179485,0.8630570009700023,169.3927939995774,120.0
1781571216,57,,Aggregated,41.500000,0.000000,5,8,34,55,80,110,150,170,220,220,220,3149,0,3,9.207157179732732,0.8630570009700023,856.0378460024367,79.09050492219752
1781571217,58,GET,/api/load/gc [GC-pressure],19.700000,0.000000,5,15,53,65,91,130,170,170,220,220,220,1599,0,5,11.819976818578692,2.3847769989515655,856.0378460024367,64.03877423389619
1781571217,58,GET,/api/load/memory-light [GET],7.700000,0.000000,2,5,13,32,63,75,130,190,190,190,190,587,0,2,8.000046877414377,1.4340479974634945,754.7296670018113,50.0
1781571217,58,GET,/api/products [GET],14.200000,0.000000,2,7,28,35,70,80,100,110,110,110,110,1007,0,2,5.965993586905571,0.8630570009700023,169.3927939995774,120.0
1781571217,58,,Aggregated,41.600000,0.000000,5,8,34,53,79,100,150,170,220,220,220,3193,0,3,9.27150829688803,0.8630570009700023,856.0378460024367,79.10679611650485
1781571218,59,GET,/api/load/gc [GC-pressure],20.500000,0.000000,5,6,34,57,86,130,170,170,220,220,220,1626,0,5,11.72131449625021,2.3847769989515655,856.0378460024367,64.03936039360394
1781571218,59,GET,/api/load/memory-light [GET],8.000000,0.000000,2,3,6,13,59,75,130,190,190,190,190,597,0,2,7.944324951508929,1.4340479974634945,754.7296670018113,50.0
1781571218,59,GET,/api/products [GET],13.700000,0.000000,2,2,11,28,57,76,100,110,110,110,110,1018,0,2,5.917351740673262,0.8630570009700023,169.3927939995774,120.0
1781571218,59,,Aggregated,42.200000,0.000000,4,5,15,34,75,98,150,170,220,220,220,3241,0,3,9.20255582812683,0.8630570009700023,856.0378460024367,79.03054612773835
1781571219,60,GET,/api/load/gc [GC-pressure],21.700000,0.000000,5,6,34,55,86,130,170,170,220,220,220,1648,0,5,11.64435097566241,2.3480870004277676,856.0378460024367,64.03883495145631
1781571219,60,GET,/api/load/memory-light [GET],7.900000,0.000000,2,3,5,8,55,67,130,190,190,190,190,612,0,2,7.797259408559269,1.4340479974634945,754.7296670018113,50.0
1781571219,60,GET,/api/products [GET],13.900000,0.000000,1,3,11,28,57,76,100,110,110,110,110,1031,0,2,5.858129257996868,0.8414659969275817,169.3927939995774,120.0
1781571219,60,,Aggregated,43.500000,0.000000,4,5,14,34,73,98,150,170,220,220,220,3291,0,3,9.116239571839774,0.8414659969275817,856.0378460024367,78.9595867517472
1781571220,60,GET,/api/load/gc [GC-pressure],22.500000,0.000000,5,6,33,53,84,120,170,170,220,220,220,1676,0,5,11.51617713298133,2.3480870004277676,856.0378460024367,64.0381861575179
1781571220,60,GET,/api/load/memory-light [GET],8.100000,0.000000,2,3,5,8,55,67,130,190,190,190,190,619,0,2,7.730906618799377,1.4340479974634945,754.7296670018113,50.0
1781571220,60,GET,/api/products [GET],13.600000,0.000000,1,3,10,28,57,76,100,110,110,110,110,1044,0,2,5.804102395587468,0.8414659969275817,169.3927939995774,120.0
1781571220,60,,Aggregated,44.200000,0.000000,4,5,14,34,73,98,150,170,220,220,220,3339,0,3,9.028459710364432,0.8414659969275817,856.0378460024367,78.93321353698713
1781571221,61,GET,/api/load/gc [GC-pressure],22.600000,0.000000,5,7,33,51,84,120,170,170,220,220,220,1703,0,5,11.440882083300009,2.3302959962165914,856.0378460024367,64.0381679389313
1781571221,61,GET,/api/load/memory-light [GET],8.100000,0.000000,2,3,6,13,59,75,130,190,190,190,190,625,0,2,7.675134540849831,1.4340479974634945,754.7296670018113,50.0
1781571221,61,GET,/api/products [GET],13.200000,0.000000,1,3,10,28,57,76,100,110,110,110,110,1063,0,2,5.755998162759261,0.8310570046887733,169.3927939995774,120.0
1781571221,61,,Aggregated,43.900000,0.000000,4,5,14,34,71,98,150,170,220,220,220,3391,0,3,8.964732327603702,0.8310570046887733,856.0378460024367,78.99351223827779
1781571222,62,GET,/api/load/gc [GC-pressure],23.600000,0.000000,5,7,33,53,84,120,170,170,220,220,220,1725,0,5,11.343749237590153,2.3302959962165914,856.0378460024367,64.03768115942029
1781571222,62,GET,/api/load/memory-light [GET],8.400000,0.000000,2,3,4,8,55,67,130,190,190,190,190,637,0,2,7.5682261491777725,1.4182680024532601,754.7296670018113,50.0
1781571222,62,GET,/api/products [GET],12.800000,0.000000,1,3,11,28,57,76,100,110,110,110,110,1072,0,2,5.720627287327763,0.8310570046887733,169.3927939995774,120.0
1781571222,62,,Aggregated,44.800000,0.000000,4,5,14,34,71,98,150,170,220,220,220,3434,0,3,8.888013961527262,0.8310570046887733,856.0378460024367,78.90361094933023
1781571223,63,GET,/api/load/gc [GC-pressure],23.300000,0.000000,5,7,27,49,84,120,170,170,220,220,220,1759,0,5,11.480589026641047,2.3302959962165914,856.0378460024367,64.04036384309266
1781571223,63,GET,/api/load/memory-light [GET],8.300000,0.000000,2,3,6,26,59,67,130,190,190,190,190,645,0,2,7.746792293055337,1.4182680024532601,754.7296670018113,50.0
1781571223,63,GET,/api/products [GET],13.600000,0.000000,1,3,11,28,55,76,100,110,110,110,110,1085,0,2,5.818538378806375,0.8310570046887733,169.3927939995774,120.0
1781571223,63,,Aggregated,45.200000,0.000000,4,5,18,34,70,98,150,170,220,220,220,3489,0,3,9.029564708480141,0.8310570046887733,856.0378460024367,78.8469475494411
1781571224,64,GET,/api/load/gc [GC-pressure],23.600000,0.000000,5,6,15,28,67,91,150,170,180,180,180,1782,0,5,11.598704504398398,2.3302959962165914,856.0378460024367,64.04040404040404
1781571224,64,GET,/api/load/memory-light [GET],8.700000,0.000000,2,3,6,13,55,65,95,130,130,130,130,656,0,2,7.750130500026876,1.4182680024532601,754.7296670018113,50.0
1781571224,64,GET,/api/products [GET],13.400000,0.000000,1,2,2,3,53,71,78,80,86,86,86,1099,0,2,6.078653428596029,0.8310570046887733,169.3927939995774,120.0
1781571224,64,,Aggregated,45.700000,0.000000,3,5,7,23,62,80,120,150,180,180,180,3537,0,3,9.169753223885387,0.8310570046887733,856.0378460024367,78.8238620299689
1781571225,64,GET,/api/load/gc [GC-pressure],24.400000,0.000000,5,5,5,7,27,49,66,79,120,120,120,1811,0,5,11.476912486370239,2.3302959962165914,856.0378460024367,64.03975704030923
1781571225,64,GET,/api/load/memory-light [GET],9.000000,0.000000,2,2,3,3,26,59,67,75,75,75,75,663,0,2,7.688057374096438,1.4182680024532601,754.7296670018113,50.0
1781571225,64,GET,/api/products [GET],13.800000,0.000000,1,2,2,2,28,59,74,75,78,78,78,1112,0,2,6.0263365917602405,0.8310570046887733,169.3927939995774,120.0
1781571225,64,,Aggregated,47.200000,0.000000,3,4,5,5,27,59,71,76,120,120,120,3586,0,3,9.086212170072455,0.8310570046887733,856.0378460024367,78.79698828778584
1781571226,65,GET,/api/load/gc [GC-pressure],25.300000,0.000000,4,5,5,6,23,49,62,79,120,120,120,1843,0,5,11.344449335224855,2.3059359955368564,856.0378460024367,64.03906673901248
1781571226,65,GET,/api/load/memory-light [GET],9.200000,0.000000,2,2,3,3,13,48,67,75,75,75,75,676,0,2,7.576604109504498,1.406727998983115,754.7296670018113,50.0
1781571226,65,GET,/api/products [GET],13.500000,0.000000,1,1,2,2,9,54,74,75,78,78,78,1121,0,2,5.989129249803347,0.8310570046887733,169.3927939995774,120.0
1781571226,65,,Aggregated,48.000000,0.000000,3,4,5,5,17,49,66,75,120,120,120,3640,0,3,8.995444613152198,0.8310570046887733,856.0378460024367,78.66593406593407
1781571227,66,GET,/api/load/gc [GC-pressure],25.500000,0.000000,4,5,5,5,9,37,62,79,120,120,120,1866,0,5,11.24989531984265,2.3059359955368564,856.0378460024367,64.03858520900322
1781571227,66,GET,/api/load/memory-light [GET],9.400000,0.000000,2,2,2,3,4,17,59,65,65,65,65,680,0,2,7.5426121059054445,1.406727998983115,754.7296670018113,50.0
1781571227,66,GET,/api/products [GET],13.200000,0.000000,1,1,2,2,3,53,74,75,78,78,78,1144,0,2,5.903418414360916,0.8310570046887733,169.3927939995774,120.0
1781571227,66,,Aggregated,48.100000,0.000000,3,4,5,5,7,37,62,75,120,120,120,3690,0,3,8.909157605656091,0.8310570046887733,856.0378460024367,78.80108401084011
1781571228,67,GET,/api/load/gc [GC-pressure],26.000000,0.000000,4,5,5,5,7,37,60,79,120,120,120,1892,0,5,11.153922646839185,2.3059359955368564,856.0378460024367,64.03805496828753
1781571228,67,GET,/api/load/memory-light [GET],9.700000,0.000000,2,2,2,3,4,17,59,65,65,65,65,690,0,2,7.467345563792691,1.406727998983115,754.7296670018113,50.0
1781571228,67,GET,/api/products [GET],13.000000,0.000000,1,1,2,2,3,53,74,75,78,78,78,1163,0,2,5.829692256267752,0.8310570046887733,169.3927939995774,120.0
1781571228,67,,Aggregated,48.700000,0.000000,3,4,5,5,7,37,62,75,120,120,120,3745,0,3,8.82126092947292,0.8310570046887733,856.0378460024367,78.83044058744993
1781571229,67,GET,/api/load/gc [GC-pressure],26.500000,0.000000,4,5,5,6,11,34,62,79,120,120,120,1929,0,5,11.076818788415384,2.3059359955368564,856.0378460024367,64.03732503888025
1781571229,67,GET,/api/load/memory-light [GET],9.500000,0.000000,2,2,2,3,6,29,59,65,65,65,65,696,0,2,7.460236385082974,1.406727998983115,754.7296670018113,50.0
1781571229,67,GET,/api/products [GET],12.900000,0.000000,1,1,2,2,4,53,74,75,78,78,78,1176,0,2,5.787576689664977,0.8310570046887733,169.3927939995774,120.0
1781571229,67,,Aggregated,48.900000,0.000000,3,4,5,5,7,36,65,75,120,120,120,3801,0,3,8.778136846597484,0.8310570046887733,856.0378460024367,78.78137332280978
1781571230,68,GET,/api/load/gc [GC-pressure],26.800000,0.000000,4,5,5,6,11,34,62,79,120,120,120,1948,0,5,11.005115297667382,2.3059359955368564,856.0378460024367,64.03696098562628
1781571230,68,GET,/api/load/memory-light [GET],9.100000,0.000000,2,2,2,3,6,29,59,65,65,65,65,706,0,2,7.385612264898933,1.406727998983115,754.7296670018113,50.0
1781571230,68,GET,/api/products [GET],14.100000,0.000000,1,1,2,2,4,48,74,75,78,78,78,1201,0,2,5.694207998372511,0.8310570046887733,169.3927939995774,120.0
1781571230,68,,Aggregated,50.000000,0.000000,3,4,5,5,7,36,65,75,120,120,120,3855,0,3,8.68766554213232,0.8310570046887733,856.0378460024367,78.9011673151751
1781571231,69,GET,/api/load/gc [GC-pressure],27.300000,0.000000,4,5,5,5,9,28,62,79,120,120,120,1978,0,5,10.896215350795005,2.3059359955368564,856.0378460024367,64.03640040444894
1781571231,69,GET,/api/load/memory-light [GET],8.800000,0.000000,2,2,2,3,6,29,59,65,65,65,65,716,0,2,7.309604297499299,1.406727998983115,754.7296670018113,50.0
1781571231,69,GET,/api/products [GET],14.600000,0.000000,1,1,2,2,3,48,74,75,78,78,78,1218,0,2,5.633610783292549,0.8310570046887733,169.3927939995774,120.0
1781571231,69,,Aggregated,50.700000,0.000000,3,4,5,5,7,34,65,75,120,120,120,3912,0,3,8.601259860667778,0.8310570046887733,856.0378460024367,78.89161554192229
1781571232,70,GET,/api/load/gc [GC-pressure],27.500000,0.000000,4,5,5,5,7,17,60,66,90,90,90,1999,0,5,10.821486755811675,2.3059359955368564,856.0378460024367,64.03601800900451
1781571232,70,GET,/api/load/memory-light [GET],8.800000,0.000000,2,2,2,2,3,13,36,59,59,59,59,726,0,2,7.234841988994993,1.406727998983115,754.7296670018113,50.0
1781571232,70,GET,/api/products [GET],15.300000,0.000000,1,1,2,2,2,8,74,75,78,78,78,1235,0,2,5.5734827863003,0.8223969998653047,169.3927939995774,120.0
1781571232,70,,Aggregated,51.600000,0.000000,3,3,5,5,6,14,60,74,90,90,90,3960,0,3,8.527247108575448,0.8223969998653047,856.0378460024367,78.91616161616162
1781571233,71,GET,/api/load/gc [GC-pressure],27.700000,0.000000,4,5,5,5,6,6,7,14,71,71,71,2029,0,5,10.720041523836116,2.3059359955368564,856.0378460024367,64.03548546081814
1781571233,71,GET,/api/load/memory-light [GET],8.900000,0.000000,2,2,2,2,3,3,7,29,29,29,29,740,0,2,7.133280859469212,1.3994580003782175,754.7296670018113,50.0
1781571233,71,GET,/api/products [GET],15.300000,0.000000,1,1,2,2,2,2,4,8,13,13,13,1256,0,2,5.504978707070043,0.8223969998653047,169.3927939995774,120.0
1781571233,71,,Aggregated,51.900000,0.000000,2,3,4,5,5,6,7,11,71,71,71,4025,0,3,8.433253501602652,0.8223969998653047,856.0378460024367,78.91875776397515
1781571234,71,GET,/api/load/gc [GC-pressure],27.900000,0.000000,4,5,5,5,6,6,14,37,130,130,130,2060,0,5,10.708553065942573,2.3059359955368564,856.0378460024367,64.0359223300971
1781571234,71,GET,/api/load/memory-light [GET],9.100000,0.000000,2,2,2,2,3,3,29,54,54,54,54,752,0,2,7.1354727048004705,1.3994580003782175,754.7296670018113,50.0
1781571234,71,GET,/api/products [GET],16.200000,0.000000,1,1,2,2,2,3,13,47,96,96,96,1272,0,2,5.592095860900475,0.8223969998653047,169.3927939995774,120.0
1781571234,71,,Aggregated,53.200000,0.000000,3,3,4,5,5,6,14,39,130,130,130,4084,0,3,8.457061881713285,0.8223969998653047,856.0378460024367,78.88197845249755
1781571235,72,GET,/api/load/gc [GC-pressure],27.200000,0.000000,4,5,5,5,6,7,14,37,130,130,130,2092,0,5,10.615368886160129,2.3059359955368564,856.0378460024367,64.03585086042065
1781571235,72,GET,/api/load/memory-light [GET],9.400000,0.000000,2,2,2,2,3,7,29,54,54,54,54,757,0,2,7.1340647186489425,1.3994580003782175,754.7296670018113,50.0
1781571235,72,GET,/api/products [GET],16.300000,0.000000,1,1,2,2,2,3,13,47,96,96,96,1286,0,2,5.544524437838059,0.8223969998653047,169.3927939995774,120.0
1781571235,72,,Aggregated,52.900000,0.000000,3,3,4,5,5,7,20,39,130,130,130,4135,0,3,8.40099084133591,0.8223969998653047,856.0378460024367,78.87134220072551
1781571236,73,GET,/api/load/gc [GC-pressure],26.900000,0.000000,4,5,5,5,6,7,20,37,130,130,130,2113,0,5,10.560226014590924,2.3059359955368564,856.0378460024367,64.03596781826786
1781571236,73,GET,/api/load/memory-light [GET],9.400000,0.000000,2,2,2,2,3,7,29,54,54,54,54,775,0,2,7.016782063264174,1.3994580003782175,754.7296670018113,50.0
1781571236,73,GET,/api/products [GET],17.200000,0.000000,1,1,2,2,2,3,20,47,96,96,96,1310,0,2,5.481864254247843,0.8223969998653047,169.3927939995774,120.0
1781571236,73,,Aggregated,53.500000,0.000000,2,3,4,5,6,7,25,39,130,130,130,4198,0,3,8.321344888262276,0.8223969998653047,856.0378460024367,78.90852787041449
1781571237,74,GET,/api/load/gc [GC-pressure],27.800000,0.000000,4,5,5,5,6,7,20,37,130,130,130,2140,0,5,10.473735143390275,2.3059359955368564,856.0378460024367,64.03551401869159
1781571237,74,GET,/api/load/memory-light [GET],9.800000,0.000000,2,2,2,2,3,3,27,29,54,54,54,787,0,2,6.93808070399239,1.3994580003782175,754.7296670018113,50.0
1781571237,74,GET,/api/products [GET],17.200000,0.000000,1,1,2,2,2,3,20,47,96,96,96,1325,0,2,5.433962517785884,0.8223969998653047,169.3927939995774,120.0
1781571237,74,,Aggregated,54.800000,0.000000,2,3,4,5,5,7,25,39,130,130,130,4252,0,3,8.248838912738357,0.8223969998653047,856.0378460024367,78.8772342427093
1781571238,74,GET,/api/load/gc [GC-pressure],27.300000,0.000000,4,5,5,5,7,20,41,96,170,170,170,2171,0,5,10.590794467000343,2.3059359955368564,856.0378460024367,64.03638876093966
1781571238,74,GET,/api/load/memory-light [GET],9.700000,0.000000,2,2,2,2,3,4,29,34,54,54,54,802,0,2,6.884239296825281,1.3994580003782175,754.7296670018113,50.0
1781571238,74,GET,/api/products [GET],18.200000,0.000000,1,1,2,2,2,3,39,52,96,96,96,1347,0,2,5.413185002280058,0.8223969998653047,169.3927939995774,120.0
1781571238,74,,Aggregated,55.200000,0.000000,2,3,4,5,6,12,40,54,170,170,170,4320,0,3,8.288271968051587,0.8223969998653047,856.0378460024367,78.88032407407407
1781571239,75,GET,/api/load/gc [GC-pressure],27.200000,0.000000,4,5,5,5,6,17,40,96,170,170,170,2202,0,5,10.501188959065518,2.3059359955368564,856.0378460024367,64.03587647593098
1781571239,75,GET,/api/load/memory-light [GET],10.300000,0.000000,2,2,2,2,3,4,27,34,54,54,54,811,0,2,6.8420065364606035,1.3994580003782175,754.7296670018113,50.0
1781571239,75,GET,/api/products [GET],18.600000,0.000000,1,1,2,2,2,3,39,52,96,96,96,1364,0,2,5.364659729517088,0.8223969998653047,169.3927939995774,120.0
1781571239,75,,Aggregated,56.100000,0.000000,2,3,4,5,5,8,39,52,170,170,170,4377,0,3,8.222499716699366,0.8223969998653047,856.0378460024367,78.87525702535983
1781571240,76,GET,/api/load/gc [GC-pressure],27.000000,0.000000,4,5,5,5,6,23,44,96,170,170,170,2235,0,5,10.449756527453935,2.3059359955368564,856.0378460024367,64.03579418344519
1781571240,76,GET,/api/load/memory-light [GET],11.400000,0.000000,2,2,2,2,3,4,27,34,54,54,54,820,0,2,6.789009186663528,1.3994580003782175,754.7296670018113,50.0
1781571240,76,GET,/api/products [GET],18.500000,0.000000,1,1,2,2,2,3,39,52,96,96,96,1381,0,2,5.317639555439999,0.8223969998653047,169.3927939995774,120.0
1781571240,76,,Aggregated,56.900000,0.000000,2,3,4,5,5,12,40,54,170,170,170,4436,0,3,8.175350224974364,0.8223969998653047,856.0378460024367,78.8638412984671
1781571241,77,GET,/api/load/gc [GC-pressure],27.800000,0.000000,4,5,5,5,7,23,44,96,170,170,170,2264,0,5,10.381481764958705,2.3059359955368564,856.0378460024367,64.03533568904594
1781571241,77,GET,/api/load/memory-light [GET],11.400000,0.000000,2,2,2,2,3,4,27,34,54,54,54,831,0,2,6.724759706452718,1.3994580003782175,754.7296670018113,50.0
1781571241,77,GET,/api/products [GET],18.500000,0.000000,1,1,2,2,2,34,52,63,96,96,96,1406,0,2,5.411008473011974,0.8223969998653047,169.3927939995774,120.0
1781571241,77,,Aggregated,57.700000,0.000000,2,3,4,5,6,18,44,63,170,170,170,4501,0,3,8.153705386577107,0.8223969998653047,856.0378460024367,78.92601644079093
1781571242,78,GET,/api/load/gc [GC-pressure],28.000000,0.000000,4,5,5,6,27,76,130,170,280,280,280,2290,0,5,11.006485243178838,2.3059359955368564,856.0378460024367,64.03799126637554
1781571242,78,GET,/api/load/memory-light [GET],11.400000,0.000000,2,2,2,3,27,54,67,110,190,190,190,843,0,2,7.399255608626634,1.3994580003782175,754.7296670018113,50.0
1781571242,78,GET,/api/products [GET],18.300000,0.000000,1,2,2,2,20,48,63,96,140,140,140,1428,0,2,5.7265836736960996,0.8223969998653047,169.3927939995774,120.0
1781571242,78,,Aggregated,57.700000,0.000000,3,4,5,5,25,52,96,140,280,280,280,4561,0,3,8.686688263755716,0.8223969998653047,856.0378460024367,78.9644814733611
1781571243,78,GET,/api/load/gc [GC-pressure],28.900000,0.000000,4,5,5,6,37,83,150,180,280,280,280,2323,0,5,11.222125044722672,2.3059359955368564,856.0378460024367,64.04003443822643
1781571243,78,GET,/api/load/memory-light [GET],11.600000,0.000000,2,2,2,3,34,64,73,110,190,190,190,856,0,2,7.515043161288092,1.3994580003782175,754.7296670018113,50.0
1781571243,78,GET,/api/products [GET],19.000000,0.000000,1,2,2,2,36,52,63,79,140,140,140,1448,0,2,5.903569058735742,0.8223969998653047,169.3927939995774,120.0
1781571243,78,,Aggregated,59.500000,0.000000,3,4,5,5,36,64,100,160,280,280,280,4627,0,3,8.871891381457257,0.8223969998653047,856.0378460024367,78.95504646639291
1781571244,79,GET,/api/load/gc [GC-pressure],28.600000,0.000000,4,5,5,6,39,93,150,180,280,280,280,2353,0,5,11.125059418145476,2.3059359955368564,856.0378460024367,64.0395240118997
1781571244,79,GET,/api/load/memory-light [GET],11.400000,0.000000,2,2,2,3,34,64,73,110,190,190,190,864,0,2,7.461684438735743,1.3802370012854226,754.7296670018113,50.0
1781571244,79,GET,/api/products [GET],18.700000,0.000000,1,2,2,2,36,52,63,79,140,140,140,1467,0,2,5.8429902058774665,0.8223969998653047,169.3927939995774,120.0
1781571244,79,,Aggregated,58.700000,0.000000,3,4,5,5,36,64,100,160,280,280,280,4684,0,3,8.795009991030366,0.8223969998653047,856.0378460024367,78.9763023057216
1781571245,80,GET,/api/load/gc [GC-pressure],29.200000,0.000000,4,5,5,6,30,83,150,180,280,280,280,2392,0,5,11.008910130809959,2.3059359955368564,856.0378460024367,64.03929765886288
1781571245,80,GET,/api/load/memory-light [GET],11.100000,0.000000,2,2,2,3,34,64,73,110,190,190,190,875,0,2,7.392546198929527,1.3802370012854226,754.7296670018113,50.0
1781571245,80,GET,/api/products [GET],19.400000,0.000000,1,2,2,2,36,52,63,79,140,140,140,1485,0,2,5.788781969705738,0.8223969998653047,169.3927939995774,120.0
1781571245,80,,Aggregated,59.700000,0.000000,3,4,5,5,34,64,100,160,280,280,280,4752,0,3,8.71172815277226,0.8223969998653047,856.0378460024367,78.9419191919192
1781571246,80,GET,/api/load/gc [GC-pressure],29.900000,0.000000,4,5,5,6,41,93,150,180,280,280,280,2415,0,5,11.044769729968444,2.3059359955368564,856.0378460024367,64.03892339544514
1781571246,80,GET,/api/load/memory-light [GET],11.000000,0.000000,2,2,3,4,51,71,110,190,190,190,190,881,0,2,7.540487314490974,1.3802370012854226,754.7296670018113,50.0
1781571246,80,GET,/api/products [GET],19.400000,0.000000,1,2,2,5,46,62,69,79,140,140,140,1510,0,2,6.076215657616413,0.8223969998653047,169.3927939995774,120.0
1781571246,80,,Aggregated,60.300000,0.000000,3,4,5,6,45,69,110,160,280,280,280,4806,0,3,8.841317907811304,0.8223969998653047,856.0378460024367,79.04785684560966
1781571247,80,GET,/api/load/gc [GC-pressure],29.800000,0.000000,4,5,6,9,64,130,190,280,290,290,290,2448,0,5,11.633743254852781,2.3059359955368564,856.0378460024367,64.04166666666667
1781571247,80,GET,/api/load/memory-light [GET],11.300000,0.000000,2,3,8,13,73,150,190,190,190,190,190,898,0,2,8.44993130856017,1.369516998238396,754.7296670018113,50.0
1781571247,80,GET,/api/products [GET],19.200000,0.000000,1,2,3,12,51,63,77,140,200,200,200,1530,0,2,6.291132126153018,0.8223969998653047,197.15879500290612,120.0
1781571247,80,,Aggregated,60.300000,0.000000,3,5,5,10,61,95,180,200,290,290,290,4876,0,3,9.37097497046365,0.8223969998653047,856.0378460024367,79.01435602953241
1781571248,80,GET,/api/load/gc [GC-pressure],30.700000,0.000000,4,5,6,7,63,110,190,280,290,290,290,2484,0,5,11.527919612674758,2.3059359955368564,856.0378460024367,64.04106280193237
1781571248,80,GET,/api/load/memory-light [GET],10.800000,0.000000,2,2,8,13,73,150,190,190,190,190,190,905,0,2,8.400166668607248,1.369516998238396,754.7296670018113,50.0
1781571248,80,GET,/api/products [GET],19.400000,0.000000,1,2,3,6,50,63,77,140,200,200,200,1554,0,2,6.213768000647321,0.8223969998653047,197.15879500290612,120.0
1781571248,80,,Aggregated,60.900000,0.000000,3,5,5,8,58,93,180,200,290,290,290,4943,0,3,9.284583982597532,0.8223969998653047,856.0378460024367,79.06291725672668
1781571249,80,GET,/api/load/gc [GC-pressure],30.300000,0.000000,4,5,6,7,63,110,190,280,290,290,290,2510,0,5,11.448265104338924,2.3059359955368564,856.0378460024367,64.0406374501992
1781571249,80,GET,/api/load/memory-light [GET],11.000000,0.000000,2,2,6,13,73,150,190,190,190,190,190,915,0,2,8.329716985876662,1.369516998238396,754.7296670018113,50.0
1781571249,80,GET,/api/products [GET],20.500000,0.000000,1,2,3,8,50,63,77,140,200,200,200,1565,0,2,6.179018581475573,0.8223969998653047,197.15879500290612,120.0
1781571249,80,,Aggregated,61.800000,0.000000,3,5,5,8,59,93,180,200,290,290,290,4990,0,3,9.223847802400224,0.8223969998653047,856.0378460024367,79.01643286573146
1781571250,80,GET,/api/load/gc [GC-pressure],31.700000,0.000000,4,5,5,6,63,110,190,280,290,290,290,2540,0,5,11.357094953100171,2.3059359955368564,856.0378460024367,64.04015748031496
1781571250,80,GET,/api/load/memory-light [GET],10.100000,0.000000,2,2,4,11,71,120,180,190,190,190,190,931,0,2,8.217508577936812,1.369516998238396,754.7296670018113,50.0
1781571250,80,GET,/api/products [GET],19.800000,0.000000,1,2,2,5,48,62,77,140,200,200,200,1589,0,2,6.105184231591834,0.8223969998653047,197.15879500290612,120.0
1781571250,80,,Aggregated,61.600000,0.000000,3,4,5,6,56,93,180,200,290,290,290,5060,0,3,9.130169844057912,0.8223969998653047,856.0378460024367,79.0300395256917
1781571251,80,GET,/api/load/gc [GC-pressure],30.800000,0.000000,4,5,5,6,37,110,190,280,290,290,290,2565,0,5,11.303701785919651,2.3059359955368564,856.0378460024367,64.0401559454191
1781571251,80,GET,/api/load/memory-light [GET],10.200000,0.000000,2,2,3,4,64,120,180,190,190,190,190,948,0,2,8.127074778571007,1.369516998238396,754.7296670018113,50.0
1781571251,80,GET,/api/products [GET],20.300000,0.000000,1,2,2,3,46,62,77,140,200,200,200,1608,0,2,6.051165103232974,0.8223969998653047,197.15879500290612,120.0
1781571251,80,,Aggregated,61.300000,0.000000,3,4,5,5,48,90,180,200,290,290,290,5121,0,3,9.066341624090576,0.8223969998653047,856.0378460024367,79.0124975590705
1781571252,80,GET,/api/load/gc [GC-pressure],30.800000,0.000000,4,5,5,5,7,29,150,240,290,290,290,2596,0,5,11.24378001613723,2.3059359955368564,856.0378460024367,64.04006163328197
1781571252,80,GET,/api/load/memory-light [GET],10.900000,0.000000,2,2,2,3,13,100,170,180,190,190,190,957,0,2,8.081175737816666,1.369516998238396,754.7296670018113,50.0
1781571252,80,GET,/api/products [GET],20.500000,0.000000,1,1,2,2,5,46,69,77,200,200,200,1632,0,2,5.980501721211897,0.8223969998653047,197.15879500290612,120.0
1781571252,80,,Aggregated,62.200000,0.000000,3,4,5,5,7,50,140,190,290,290,290,5185,0,3,9.0034169550628,0.8223969998653047,856.0378460024367,79.0622950819672
1781571253,80,GET,/api/load/gc [GC-pressure],30.000000,0.000000,4,5,5,5,7,39,150,240,290,290,290,2626,0,5,11.18636888343084,2.283214998897165,856.0378460024367,64.03960396039604
1781571253,80,GET,/api/load/memory-light [GET],11.400000,0.000000,2,2,2,3,13,100,170,180,190,190,190,972,0,2,8.00392589516239,1.369516998238396,754.7296670018113,50.0
1781571253,80,GET,/api/products [GET],19.900000,0.000000,1,2,2,2,8,46,69,77,200,200,200,1649,0,2,5.9523039217851235,0.8223969998653047,197.15879500290612,120.0
1781571253,80,,Aggregated,61.300000,0.000000,3,4,5,5,8,50,140,190,290,290,290,5247,0,3,8.95189057080444,0.8223969998653047,856.0378460024367,79.02572898799313
1781571254,80,GET,/api/load/gc [GC-pressure],30.600000,0.000000,4,5,5,6,10,57,150,240,290,290,290,2653,0,5,11.225162623774986,2.283214998897165,856.0378460024367,64.03995476818696
1781571254,80,GET,/api/load/memory-light [GET],11.400000,0.000000,2,2,2,3,19,100,170,180,190,190,190,985,0,2,8.00710069451441,1.369516998238396,754.7296670018113,50.0
1781571254,80,GET,/api/products [GET],20.500000,0.000000,1,2,2,2,23,52,76,77,200,200,200,1662,0,2,6.007067900123066,0.8223969998653047,197.15879500290612,120.0
1781571254,80,,Aggregated,62.500000,0.000000,3,4,5,5,15,57,140,190,290,290,290,5300,0,3,8.990773108486088,0.8223969998653047,856.0378460024367,78.9788679245283
1781571255,80,GET,/api/load/gc [GC-pressure],30.700000,0.000000,5,6,8,27,180,240,290,340,400,400,400,2688,0,5,13.7843395486871,2.283214998897165,856.0378460024367,64.05171130952381
1781571255,80,GET,/api/load/memory-light [GET],11.400000,0.000000,2,3,11,24,94,160,180,190,200,200,200,1000,0,2,9.404117589103407,1.369516998238396,754.7296670018113,50.0
1781571255,80,GET,/api/products [GET],20.100000,0.000000,1,2,2,5,56,76,150,200,270,270,270,1676,0,2,6.753927327562514,0.8223969998653047,272.1023660051287,120.0
1781571255,80,,Aggregated,62.200000,0.000000,3,5,6,18,95,180,280,290,400,400,400,5364,0,3,10.771067206742936,0.8223969998653047,856.0378460024367,78.91331096196868
1781571256,80,GET,/api/load/gc [GC-pressure],30.000000,0.000000,5,6,14,44,130,230,290,340,400,400,400,2717,0,5,14.342890183248551,2.283214998897165,856.0378460024367,64.05483989694515
1781571256,80,GET,/api/load/memory-light [GET],12.000000,0.000000,2,2,7,30,66,110,170,180,200,200,200,1012,0,2,9.866069733293928,1.369516998238396,754.7296670018113,50.0
1781571256,80,GET,/api/products [GET],19.500000,0.000000,1,2,2,5,47,76,130,170,270,270,270,1693,0,2,7.01506320730062,0.8223969998653047,272.1023660051287,120.0
1781571256,80,,Aggregated,61.500000,0.000000,3,5,8,23,82,180,270,290,400,400,400,5422,0,3,11.21921748578748,0.8223969998653047,856.0378460024367,78.90022132054592
1781571257,80,GET,/api/load/gc [GC-pressure],29.700000,0.000000,5,14,53,78,170,240,290,340,400,400,400,2752,0,5,14.895901887307657,2.283214998897165,856.0378460024367,64.0592296511628
1781571257,80,GET,/api/load/memory-light [GET],12.300000,0.000000,2,4,25,37,69,110,170,180,200,200,200,1032,0,2,10.099937502031548,1.369516998238396,754.7296670018113,50.0
1781571257,80,GET,/api/products [GET],19.600000,0.000000,1,2,3,12,47,92,130,170,270,270,270,1709,0,2,7.081238986513737,0.8223969998653047,272.1023660051287,120.0
1781571257,80,,Aggregated,61.600000,0.000000,3,6,23,41,99,180,270,290,400,400,400,5493,0,3,11.563534484602076,0.8223969998653047,856.0378460024367,78.82231931549245
1781571258,80,GET,/api/load/gc [GC-pressure],29.700000,0.000000,5,17,57,76,160,230,290,340,400,400,400,2780,0,5,14.885454769368767,2.283214998897165,856.0378460024367,64.05935251798562
1781571258,80,GET,/api/load/memory-light [GET],12.800000,0.000000,2,5,23,36,69,110,170,180,200,200,200,1046,0,2,10.010804599527194,1.369516998238396,754.7296670018113,50.0
1781571258,80,GET,/api/products [GET],19.100000,0.000000,2,2,7,18,62,92,130,170,270,270,270,1727,0,2,7.139555675715527,0.8159470016835257,272.1023660051287,120.0
1781571258,80,,Aggregated,61.600000,0.000000,4,7,27,47,99,180,270,290,400,400,400,5553,0,3,11.558234922008165,0.8159470016835257,856.0378460024367,78.80875202593192
1781571259,80,GET,/api/load/gc [GC-pressure],30.500000,0.000000,7,39,76,92,170,240,290,340,400,400,400,2807,0,5,15.42867582074947,2.283214998897165,856.0378460024367,64.06234413965088
1781571259,80,GET,/api/load/memory-light [GET],12.900000,0.000000,2,19,39,49,81,110,170,180,200,200,200,1060,0,2,10.548208541616265,1.369516998238396,754.7296670018113,50.0
1781571259,80,GET,/api/products [GET],17.400000,0.000000,2,8,20,39,74,110,150,180,270,270,270,1751,0,2,7.64590107993083,0.8159470016835257,272.1023660051287,120.0
1781571259,80,,Aggregated,60.800000,0.000000,5,23,49,69,110,180,270,290,400,400,400,5618,0,3,12.082122975065127,0.8159470016835257,856.0378460024367,78.8435386258455
1781571260,80,GET,/api/load/gc [GC-pressure],29.500000,0.000000,6,37,75,89,170,230,290,340,400,400,400,2841,0,5,15.293045631075293,2.283214998897165,856.0378460024367,64.06159802886307
1781571260,80,GET,/api/load/memory-light [GET],13.800000,0.000000,2,18,39,49,81,110,170,180,200,200,200,1073,0,2,10.440439804386768,1.369516998238396,754.7296670018113,50.0
1781571260,80,GET,/api/products [GET],18.100000,0.000000,2,8,23,39,74,110,150,180,270,270,270,1769,0,2,7.60158962914507,0.8159470016835257,272.1023660051287,120.0
1781571260,80,,Aggregated,61.400000,0.000000,5,22,49,69,100,180,270,290,400,400,400,5683,0,3,11.982640612695679,0.8159470016835257,856.0378460024367,78.81910962519795
1781571261,80,GET,/api/load/gc [GC-pressure],29.600000,0.000000,6,34,75,89,160,230,290,340,400,400,400,2876,0,5,15.15441636296403,2.283214998897165,856.0378460024367,64.06084840055632
1781571261,80,GET,/api/load/memory-light [GET],14.500000,0.000000,2,17,39,49,81,110,170,180,200,200,200,1087,0,2,10.338325757240025,1.361077003821265,754.7296670018113,50.0
1781571261,80,GET,/api/products [GET],17.300000,0.000000,2,14,30,43,76,110,150,180,270,270,270,1782,0,2,7.554624957338826,0.8159470016835257,272.1023660051287,120.0
1781571261,80,,Aggregated,61.400000,0.000000,5,22,49,69,110,180,270,290,400,400,400,5745,0,3,11.885849126541732,0.8159470016835257,856.0378460024367,78.75178416013925
1781571262,80,GET,/api/load/gc [GC-pressure],29.400000,0.000000,13,53,77,95,180,240,290,340,400,400,400,2900,0,5,15.51584535789955,2.283214998897165,856.0378460024367,64.06379310344828
1781571262,80,GET,/api/load/memory-light [GET],13.800000,0.000000,5,32,49,60,82,110,170,180,200,200,200,1104,0,2,10.856855122381313,1.361077003821265,754.7296670018113,50.0
1781571262,80,GET,/api/products [GET],18.200000,0.000000,3,18,47,53,78,120,150,180,270,270,270,1805,0,2,7.915864072022076,0.8159470016835257,272.1023660051287,120.0
1781571262,80,,Aggregated,61.400000,0.000000,7,36,62,75,110,180,270,290,400,400,400,5809,0,3,12.268902434673354,0.8159470016835257,856.0378460024367,78.77173351695644
1781571263,80,GET,/api/load/gc [GC-pressure],30.600000,0.000000,16,59,82,100,180,240,290,340,400,400,400,2938,0,5,15.907484917263153,2.283214998897165,856.0378460024367,64.06569094622192
1781571263,80,GET,/api/load/memory-light [GET],14.100000,0.000000,7,37,54,66,89,150,180,180,200,200,200,1109,0,2,10.974930760236148,1.361077003821265,754.7296670018113,50.0
1781571263,80,GET,/api/products [GET],17.800000,0.000000,3,18,43,52,78,120,150,180,270,270,270,1821,0,2,7.9115972800648215,0.8159470016835257,272.1023660051287,120.0
1781571263,80,,Aggregated,62.500000,0.000000,8,39,64,77,130,180,270,290,400,400,400,5868,0,3,12.493934483132085,0.8159470016835257,856.0378460024367,78.76533742331289
1781571264,80,GET,/api/load/gc [GC-pressure],30.400000,0.000000,13,47,77,93,160,210,280,290,390,390,390,2967,0,5,16.19320984796719,2.283214998897165,856.0378460024367,64.06707111560499
1781571264,80,GET,/api/load/memory-light [GET],14.300000,0.000000,4,31,51,62,89,110,170,180,200,200,200,1128,0,2,11.01171886001155,1.3584570042439736,754.7296670018113,50.0
1781571264,80,GET,/api/products [GET],17.200000,0.000000,3,18,46,50,74,110,130,170,180,180,180,1842,0,2,8.099445143862468,0.8159470016835257,272.1023660051287,120.0
1781571264,80,,Aggregated,61.900000,0.000000,6,34,60,73,110,160,230,270,390,390,390,5937,0,3,12.69759987333777,0.8159470016835257,856.0378460024367,78.74802088596934
1781571265,80,GET,/api/load/gc [GC-pressure],31.000000,0.000000,5,25,49,70,110,160,200,240,260,260,260,2999,0,5,16.067718703203358,2.283214998897165,856.0378460024367,64.06635545181727
1781571265,80,GET,/api/load/memory-light [GET],14.600000,0.000000,2,10,32,40,74,98,110,110,180,180,180,1140,0,2,10.91729569394502,1.3584570042439736,754.7296670018113,50.0
1781571265,80,GET,/api/products [GET],17.100000,0.000000,2,14,33,47,72,82,120,120,180,180,180,1854,0,2,8.055263306360064,0.8159470016835257,272.1023660051287,120.0
1781571265,80,,Aggregated,62.700000,0.000000,5,17,39,53,89,120,170,200,260,260,260,5993,0,3,12.609254739195018,0.8159470016835257,856.0378460024367,78.69431002836643
1781571266,80,GET,/api/load/gc [GC-pressure],31.300000,0.000000,5,6,25,38,84,130,170,220,240,240,240,3032,0,5,15.934987241727343,2.2695450024912134,856.0378460024367,64.06563324538259
1781571266,80,GET,/api/load/memory-light [GET],13.900000,0.000000,2,4,13,25,64,89,110,110,180,180,180,1153,0,2,10.815677757243735,1.3584570042439736,754.7296670018113,50.0
1781571266,80,GET,/api/products [GET],17.600000,0.000000,2,3,15,34,63,78,110,120,180,180,180,1874,0,2,7.983237575757979,0.799855995865073,272.1023660051287,120.0
1781571266,80,,Aggregated,62.800000,0.000000,4,5,18,34,73,100,150,180,240,240,240,6059,0,3,12.501393792373294,0.799855995865073,856.0378460024367,78.68905760026406
1781571267,80,GET,/api/load/gc [GC-pressure],31.300000,0.000000,5,5,15,33,84,130,170,220,240,240,240,3065,0,5,15.802337534713892,2.2695450024912134,856.0378460024367,64.06492659053833
1781571267,80,GET,/api/load/memory-light [GET],13.800000,0.000000,2,3,9,17,69,89,110,110,180,180,180,1168,0,2,10.700927480385173,1.3584570042439736,754.7296670018113,50.0
1781571267,80,GET,/api/products [GET],17.500000,0.000000,1,2,11,30,62,78,110,120,180,180,180,1892,0,2,7.919631042801314,0.799855995865073,272.1023660051287,120.0
1781571267,80,,Aggregated,62.600000,0.000000,3,5,11,30,73,100,150,180,240,240,240,6125,0,3,12.394577922280497,0.799855995865073,856.0378460024367,78.6610612244898
1781571268,80,GET,/api/load/gc [GC-pressure],31.200000,0.000000,5,5,7,24,74,110,170,220,240,240,240,3088,0,5,15.715560607803061,2.2695450024912134,856.0378460024367,64.06444300518135
1781571268,80,GET,/api/load/memory-light [GET],14.000000,0.000000,2,2,3,9,62,81,110,110,180,180,180,1182,0,2,10.597306227664037,1.3584570042439736,754.7296670018113,50.0
1781571268,80,GET,/api/products [GET],18.500000,0.000000,1,2,3,16,53,73,83,120,120,120,120,1910,0,2,7.856161850769712,0.799855995865073,272.1023660051287,120.0
1781571268,80,,Aggregated,63.700000,0.000000,3,5,6,17,62,98,130,170,240,240,240,6180,0,3,12.307594862939304,0.799855995865073,856.0378460024367,78.66197411003236
1781571269,80,GET,/api/load/gc [GC-pressure],30.700000,0.000000,4,5,6,8,49,110,160,210,240,240,240,3123,0,5,15.636386140530178,2.2695450024912134,856.0378460024367,64.06404098623119
1781571269,80,GET,/api/load/memory-light [GET],13.800000,0.000000,2,2,3,4,34,69,110,110,180,180,180,1196,0,2,10.511736153922511,1.3584570042439736,754.7296670018113,50.0
1781571269,80,GET,/api/products [GET],18.700000,0.000000,1,2,2,3,47,63,78,120,120,120,120,1928,0,2,7.838992661288039,0.799855995865073,272.1023660051287,120.0
1781571269,80,,Aggregated,63.200000,0.000000,3,4,5,6,47,78,130,170,240,240,240,6247,0,3,12.248767121487178,0.799855995865073,856.0378460024367,78.63486473507284
1781571270,80,GET,/api/load/gc [GC-pressure],30.700000,0.000000,4,5,6,8,49,110,160,210,240,240,240,3162,0,5,15.493318036329667,2.2695450024912134,856.0378460024367,64.06325110689437
1781571270,80,GET,/api/load/memory-light [GET],13.500000,0.000000,2,2,3,4,39,69,110,110,180,180,180,1204,0,2,10.456135342263774,1.3584570042439736,754.7296670018113,50.0
1781571270,80,GET,/api/products [GET],18.200000,0.000000,1,2,2,3,47,63,78,120,120,120,120,1944,0,2,7.784487755635221,0.799855995865073,272.1023660051287,120.0
1781571270,80,,Aggregated,62.400000,0.000000,3,4,5,6,47,78,140,180,240,240,240,6310,0,3,12.157227064962735,0.799855995865073,856.0378460024367,78.61299524564184
1781571271,80,GET,/api/load/gc [GC-pressure],31.200000,0.000000,4,5,6,8,52,110,160,210,240,240,240,3189,0,5,15.472281117861938,2.2695450024912134,856.0378460024367,64.06396989651928
1781571271,80,GET,/api/load/memory-light [GET],13.300000,0.000000,2,2,3,4,51,71,110,110,180,180,180,1215,0,2,10.540998842881718,1.3584570042439736,754.7296670018113,50.0
1781571271,80,GET,/api/products [GET],18.600000,0.000000,1,2,2,4,40,65,78,120,120,120,120,1965,0,2,7.809770951128557,0.799855995865073,272.1023660051287,120.0
1781571271,80,,Aggregated,63.100000,0.000000,3,4,5,7,49,83,140,180,240,240,240,6369,0,3,12.167470246181601,0.799855995865073,856.0378460024367,78.6387187941592
1781571272,80,GET,/api/load/gc [GC-pressure],31.400000,0.000000,4,5,6,7,70,110,140,160,200,200,200,3214,0,5,16.051166173878748,2.2695450024912134,856.0378460024367,64.06720597386435
1781571272,80,GET,/api/load/memory-light [GET],13.600000,0.000000,2,2,3,4,19,52,84,110,140,140,140,1221,0,2,10.755779217929554,1.3584570042439736,754.7296670018113,50.0
1781571272,80,GET,/api/products [GET],17.700000,0.000000,1,2,3,17,49,64,73,77,92,92,92,1989,0,2,8.220650901945344,0.799855995865073,272.1023660051287,120.0
1781571272,80,,Aggregated,62.700000,0.000000,3,4,5,7,49,81,120,140,200,200,200,6424,0,3,12.620194450795077,0.799855995865073,856.0378460024367,78.71139476961395
1781571273,80,GET,/api/load/gc [GC-pressure],31.700000,0.000000,4,5,6,9,58,90,140,150,190,190,190,3241,0,5,16.247689570463983,2.2695450024912134,856.0378460024367,64.069731564332
1781571273,80,GET,/api/load/memory-light [GET],12.900000,0.000000,2,2,3,4,42,55,86,98,140,140,140,1234,0,2,11.031807427143562,1.3584570042439736,754.7296670018113,50.0
1781571273,80,GET,/api/products [GET],17.700000,0.000000,1,2,6,18,48,68,77,91,92,92,92,2008,0,2,8.452620718605298,0.799855995865073,272.1023660051287,120.0
1781571273,80,,Aggregated,62.300000,0.000000,3,5,6,9,49,77,110,140,190,190,190,6483,0,3,12.840486605881283,0.799855995865073,856.0378460024367,78.71510103347215
1781571274,80,GET,/api/load/gc [GC-pressure],31.700000,0.000000,4,5,7,12,75,120,160,190,220,220,220,3276,0,5,16.465086700807568,2.2695450024912134,856.0378460024367,64.06959706959707
1781571274,80,GET,/api/load/memory-light [GET],12.400000,0.000000,2,2,4,6,42,55,98,130,140,140,140,1253,0,2,11.019837860402799,1.3336470001377165,754.7296670018113,50.0
1781571274,80,GET,/api/products [GET],18.100000,0.000000,1,3,13,30,53,70,88,92,97,97,97,2030,0,2,8.624127375841109,0.799855995865073,272.1023660051287,120.0
1781571274,80,,Aggregated,62.200000,0.000000,3,5,7,15,55,87,130,150,220,220,220,6559,0,3,12.998088038403377,0.799855995865073,856.0378460024367,78.69217868577527
1781571275,80,GET,/api/load/gc [GC-pressure],30.300000,0.000000,5,6,10,21,81,130,160,190,220,220,220,3308,0,5,16.57459019222057,2.2695450024912134,856.0378460024367,64.07073760580411
1781571275,80,GET,/api/load/memory-light [GET],12.200000,0.000000,2,3,5,9,46,84,98,130,140,140,140,1265,0,2,11.052128124188147,1.3336470001377165,754.7296670018113,50.0
1781571275,80,GET,/api/products [GET],18.800000,0.000000,2,6,22,38,60,74,91,97,130,130,130,2050,0,2,8.73240558730109,0.799855995865073,272.1023660051287,120.0
1781571275,80,,Aggregated,61.300000,0.000000,4,5,11,25,69,91,140,160,220,220,220,6623,0,3,13.092423054043618,0.799855995865073,856.0378460024367,78.69485127585686
1781571276,80,GET,/api/load/gc [GC-pressure],30.300000,0.000000,5,6,10,21,81,130,160,190,220,220,220,3338,0,5,16.46608331811996,2.2695450024912134,856.0378460024367,64.07010185739964
1781571276,80,GET,/api/load/memory-light [GET],12.400000,0.000000,2,3,4,7,46,75,98,130,140,140,140,1281,0,2,10.93847264799977,1.3336470001377165,754.7296670018113,50.0
1781571276,80,GET,/api/products [GET],19.000000,0.000000,2,6,24,38,61,76,91,97,130,130,130,2062,0,2,8.690835467002422,0.799855995865073,272.1023660051287,120.0
1781571276,80,,Aggregated,61.700000,0.000000,4,6,11,25,69,91,140,160,220,220,220,6681,0,3,13.00650685689734,0.799855995865073,856.0378460024367,78.63433617721898
1781571277,80,GET,/api/load/gc [GC-pressure],30.700000,0.000000,5,6,10,21,79,130,160,180,220,220,220,3375,0,5,16.33920927167249,2.2695450024912134,856.0378460024367,64.06933333333333
1781571277,80,GET,/api/load/memory-light [GET],12.900000,0.000000,2,3,5,9,46,84,98,130,140,140,140,1290,0,2,10.876815596972403,1.3336470001377165,754.7296670018113,50.0
1781571277,80,GET,/api/products [GET],19.100000,0.000000,2,6,24,38,61,76,91,97,130,130,130,2079,0,2,8.632555666650847,0.799855995865073,272.1023660051287,120.0
1781571277,80,,Aggregated,62.700000,0.000000,4,6,12,24,69,91,140,160,220,220,220,6744,0,3,12.918595291067048,0.799855995865073,856.0378460024367,78.62010676156584
1781571278,80,GET,/api/load/gc [GC-pressure],30.800000,0.000000,5,6,10,20,79,130,160,190,220,220,220,3403,0,5,16.239770230353407,2.2695450024912134,856.0378460024367,64.06876285630327
1781571278,80,GET,/api/load/memory-light [GET],12.700000,0.000000,2,3,5,10,46,84,98,130,140,140,140,1305,0,2,10.782185180925174,1.3184260023990646,754.7296670018113,50.0
1781571278,80,GET,/api/products [GET],18.600000,0.000000,2,5,15,38,60,74,91,97,130,130,130,2104,0,2,8.547481204357457,0.799855995865073,272.1023660051287,120.0
1781571278,80,,Aggregated,62.100000,0.000000,4,6,10,21,67,91,140,160,220,220,220,6812,0,3,12.818348533318861,0.799855995865073,856.0378460024367,78.64885496183206
1781571279,80,GET,/api/load/gc [GC-pressure],31.500000,0.000000,5,7,14,37,83,130,160,180,220,220,220,3440,0,5,16.298007135434133,2.2695450024912134,856.0378460024367,64.07034883720931
1781571279,80,GET,/api/load/memory-light [GET],12.700000,0.000000,2,4,7,15,54,84,98,130,140,140,140,1318,0,2,10.836936578227478,1.3184260023990646,754.7296670018113,50.0
1781571279,80,GET,/api/products [GET],18.200000,0.000000,2,7,20,38,61,74,91,97,130,130,130,2127,0,2,8.581602393966993,0.799855995865073,272.1023660051287,120.0
1781571279,80,,Aggregated,62.400000,0.000000,4,7,14,33,71,91,140,160,220,220,220,6885,0,3,12.868742955405233,0.799855995865073,856.0378460024367,78.65533769063181
1781571280,80,GET,/api/load/gc [GC-pressure],31.200000,0.000000,5,7,14,37,83,130,160,190,220,220,220,3472,0,5,16.192676787693106,2.2695450024912134,856.0378460024367,64.06998847926268
1781571280,80,GET,/api/load/memory-light [GET],12.400000,0.000000,2,3,6,7,46,75,98,130,140,140,140,1332,0,2,10.755534192261015,1.3184260023990646,754.7296670018113,50.0
1781571280,80,GET,/api/products [GET],18.800000,0.000000,2,7,21,38,61,74,91,97,130,130,130,2140,0,2,8.542204743904545,0.799855995865073,272.1023660051287,120.0
1781571280,80,,Aggregated,62.400000,0.000000,4,6,13,31,71,91,140,160,220,220,220,6944,0,3,12.792002232563055,0.799855995865073,856.0378460024367,78.60757488479263
1781571281,80,GET,/api/load/gc [GC-pressure],31.300000,0.000000,5,6,9,13,58,90,160,180,220,220,220,3508,0,5,16.08189944123533,2.2695450024912134,856.0378460024367,64.06984036488028
1781571281,80,GET,/api/load/memory-light [GET],12.300000,0.000000,2,2,5,6,42,74,98,130,140,140,140,1346,0,2,10.671039388614865,1.3184260023990646,754.7296670018113,50.0
1781571281,80,GET,/api/products [GET],19.500000,0.000000,2,3,13,21,53,74,91,97,130,130,130,2158,0,2,8.484186464760825,0.799855995865073,272.1023660051287,120.0
1781571281,80,,Aggregated,63.100000,0.000000,4,5,8,13,53,81,130,160,220,220,220,7012,0,3,12.704990965185823,0.799855995865073,856.0378460024367,78.58200228180263
1781571282,80,GET,/api/load/gc [GC-pressure],31.600000,0.000000,5,6,7,9,31,79,160,180,220,220,220,3552,0,5,15.98354735609531,2.2695450024912134,856.0378460024367,64.06981981981981
1781571282,80,GET,/api/load/memory-light [GET],12.300000,0.000000,2,2,4,5,10,46,91,98,130,130,130,1356,0,2,10.643646460961474,1.3184260023990646,754.7296670018113,50.0
1781571282,80,GET,/api/products [GET],19.300000,0.000000,1,2,3,5,48,74,88,97,130,130,130,2168,0,2,8.452176345904984,0.799855995865073,272.1023660051287,120.0
1781571282,80,,Aggregated,63.200000,0.000000,3,5,6,7,27,74,98,160,220,220,220,7076,0,3,12.652722318801061,0.799855995865073,856.0378460024367,78.50989259468626
1781571283,80,GET,/api/load/gc [GC-pressure],31.000000,0.000000,5,5,6,7,14,45,81,92,180,180,180,3581,0,5,15.895947722102607,2.2695450024912134,856.0378460024367,64.06981290142419
1781571283,80,GET,/api/load/memory-light [GET],12.900000,0.000000,2,2,3,4,7,14,63,74,91,91,91,1369,0,2,10.564643889745325,1.3184260023990646,754.7296670018113,50.0
1781571283,80,GET,/api/products [GET],19.500000,0.000000,1,2,2,3,7,17,71,74,130,130,130,2188,0,2,8.388837948779898,0.799855995865073,272.1023660051287,120.0
1781571283,80,,Aggregated,63.400000,0.000000,3,5,5,6,11,40,74,83,180,180,180,7138,0,3,12.572312091600056,0.799855995865073,856.0378460024367,78.51555057439059
1781571284,80,GET,/api/load/gc [GC-pressure],32.100000,0.000000,5,5,6,8,14,45,81,92,180,180,180,3620,0,5,15.788811483929427,2.2695450024912134,856.0378460024367,64.06988950276244
1781571284,80,GET,/api/load/memory-light [GET],13.300000,0.000000,2,2,3,4,7,25,63,74,91,91,91,1379,0,2,10.504515749136885,1.3184260023990646,754.7296670018113,50.0
1781571284,80,GET,/api/products [GET],18.600000,0.000000,1,2,2,2,7,17,71,74,130,130,130,2202,0,2,8.343101573541947,0.799855995865073,272.1023660051287,120.0
1781571284,80,,Aggregated,64.000000,0.000000,3,5,5,6,12,40,74,83,180,180,180,7201,0,3,12.500032558647918,0.799855995865073,856.0378460024367,78.47840577697542
1781571285,80,GET,/api/load/gc [GC-pressure],33.200000,0.000000,5,5,6,7,12,23,51,76,92,92,92,3652,0,5,15.690273955857934,2.2695450024912134,856.0378460024367,64.06927710843374
1781571285,80,GET,/api/load/memory-light [GET],13.300000,0.000000,2,2,3,4,7,12,40,63,74,74,74,1387,0,2,10.459818597729807,1.3184260023990646,754.7296670018113,50.0
1781571285,80,GET,/api/products [GET],17.600000,0.000000,1,2,2,2,3,7,20,54,71,71,71,2230,0,2,8.256541710305696,0.799855995865073,272.1023660051287,120.0
1781571285,80,,Aggregated,64.100000,0.000000,3,4,5,5,9,16,47,63,92,92,92,7269,0,3,12.411712325743036,0.799855995865073,856.0378460024367,78.54326592378594
1781571286,80,GET,/api/load/gc [GC-pressure],34.100000,0.000000,5,5,6,7,12,23,51,76,92,92,92,3691,0,5,15.5819006171221,2.2695450024912134,856.0378460024367,64.06881603901381
1781571286,80,GET,/api/load/memory-light [GET],13.100000,0.000000,2,2,3,4,7,12,40,63,74,74,74,1393,0,2,10.42258350398351,1.3184260023990646,754.7296670018113,50.0
1781571286,80,GET,/api/products [GET],17.000000,0.000000,1,2,2,2,3,7,20,54,71,71,71,2250,0,2,8.20163918709861,0.799855995865073,272.1023660051287,120.0
1781571286,80,,Aggregated,64.200000,0.000000,3,4,5,5,9,14,47,63,92,92,92,7334,0,3,12.33776140848358,0.799855995865073,856.0378460024367,78.55576765748569
1781571287,80,GET,/api/load/gc [GC-pressure],34.400000,0.000000,5,5,6,7,12,23,51,76,92,92,92,3719,0,5,15.498327861194781,2.2695450024912134,856.0378460024367,64.06829792955095
1781571287,80,GET,/api/load/memory-light [GET],12.100000,0.000000,2,2,2,4,6,12,40,63,74,74,74,1410,0,2,10.322140348265657,1.3184260023990646,754.7296670018113,50.0
1781571287,80,GET,/api/products [GET],17.900000,0.000000,1,2,2,2,4,7,20,54,71,71,71,2266,0,2,8.157034966009393,0.799855995865073,272.1023660051287,120.0
1781571287,80,,Aggregated,64.400000,0.000000,3,4,5,5,9,14,47,63,92,92,92,7395,0,3,12.261844548994624,0.799855995865073,856.0378460024367,78.52467883705206
1781571288,80,GET,/api/load/gc [GC-pressure],34.500000,0.000000,5,5,7,8,13,23,53,76,92,92,92,3747,0,5,15.45343405785462,2.2695450024912134,856.0378460024367,64.06885508406725
1781571288,80,GET,/api/load/memory-light [GET],11.800000,0.000000,2,2,3,4,8,14,40,63,74,74,74,1425,0,2,10.264692207049832,1.3184260023990646,754.7296670018113,50.0
1781571288,80,GET,/api/products [GET],18.200000,0.000000,1,2,2,2,4,7,20,54,71,71,71,2289,0,2,8.093423805571822,0.795275998825673,272.1023660051287,120.0
1781571288,80,,Aggregated,64.500000,0.000000,3,5,5,6,10,19,51,63,92,92,92,7461,0,3,12.204403015786246,0.795275998825673,856.0378460024367,78.54121431443507
1781571289,80,GET,/api/load/gc [GC-pressure],34.400000,0.000000,5,6,8,9,23,110,220,260,410,410,410,3782,0,5,16.447512297398422,2.2695450024912134,856.0378460024367,64.07429931253306
1781571289,80,GET,/api/load/memory-light [GET],11.700000,0.000000,2,2,4,5,12,170,220,260,350,350,350,1434,0,2,11.246220613007212,1.3184260023990646,754.7296670018113,50.0
1781571289,80,GET,/api/products [GET],19.000000,0.000000,1,2,2,3,7,130,190,190,220,220,220,2309,0,2,8.82717125073373,0.795275998825673,272.1023660051287,120.0
1781571289,80,,Aggregated,65.100000,0.000000,3,5,6,7,16,110,220,260,410,410,410,7525,0,3,13.118074456579052,0.795275998825673,856.0378460024367,78.55269102990033
1781571290,80,GET,/api/load/gc [GC-pressure],34.700000,0.000000,5,6,9,11,45,150,240,290,410,410,410,3814,0,5,16.68558544171904,2.2695450024912134,856.0378460024367,64.07577346617724
1781571290,80,GET,/api/load/memory-light [GET],12.100000,0.000000,2,2,3,5,26,170,260,320,350,350,350,1444,0,2,11.4572908982371,1.3184260023990646,754.7296670018113,50.0
1781571290,80,GET,/api/products [GET],18.900000,0.000000,1,2,2,3,15,110,190,190,220,220,220,2330,0,2,8.864595096536723,0.795275998825673,272.1023660051287,120.0
1781571290,80,,Aggregated,65.700000,0.000000,3,5,6,8,32,150,220,260,410,410,410,7588,0,3,13.289095612374982,0.795275998825673,856.0378460024367,78.56945176594623
1781571291,80,GET,/api/load/gc [GC-pressure],34.400000,0.000000,5,7,11,16,110,170,240,290,410,410,410,3845,0,5,17.09489373958979,2.2695450024912134,856.0378460024367,64.07906371911574
1781571291,80,GET,/api/load/memory-light [GET],11.700000,0.000000,2,2,6,8,54,170,260,320,350,350,350,1454,0,2,11.576541519987128,1.3184260023990646,754.7296670018113,50.0
1781571291,80,GET,/api/products [GET],18.200000,0.000000,1,2,3,4,57,120,190,190,220,220,220,2344,0,2,9.046996852371024,0.795275998825673,272.1023660051287,120.0
1781571291,80,,Aggregated,64.300000,0.000000,3,5,8,12,76,160,220,260,410,410,410,7643,0,3,13.57690938384688,0.795275998825673,856.0378460024367,78.55083082559204
1781571292,80,GET,/api/load/gc [GC-pressure],34.600000,0.000000,5,11,32,63,140,190,240,290,410,410,410,3876,0,5,17.774936579656902,2.2695450024912134,856.0378460024367,64.08307533539731
1781571292,80,GET,/api/load/memory-light [GET],11.400000,0.000000,2,7,18,36,90,170,260,320,350,350,350,1468,0,2,11.953906665578495,1.3184260023990646,754.7296670018113,50.0
1781571292,80,GET,/api/products [GET],18.500000,0.000000,2,3,9,41,83,130,190,190,220,220,220,2361,0,2,9.494526961867079,0.795275998825673,272.1023660051287,120.0
1781571292,80,,Aggregated,64.500000,0.000000,4,8,27,51,120,170,220,260,410,410,410,7705,0,3,14.128561625540241,0.795275998825673,856.0378460024367,78.5341985723556
1781571293,80,GET,/api/load/gc [GC-pressure],34.100000,0.000000,8,44,96,130,190,250,290,310,410,410,410,3907,0,5,19.175738544603405,2.2695450024912134,856.0378460024367,64.09060660353212
1781571293,80,GET,/api/load/memory-light [GET],11.200000,0.000000,2,18,37,71,160,170,260,320,350,350,350,1477,0,2,12.541527492265732,1.3184260023990646,754.7296670018113,50.0
1781571293,80,GET,/api/products [GET],18.800000,0.000000,2,10,52,67,130,150,190,200,220,220,220,2379,0,2,10.356672618735177,0.795275998825673,272.1023660051287,120.0
1781571293,80,,Aggregated,64.100000,0.000000,5,28,66,97,160,220,270,290,410,410,410,7763,0,3,15.210868318924769,0.795275998825673,856.0378460024367,78.54334664433853
1781571294,80,GET,/api/load/gc [GC-pressure],33.100000,0.000000,9,51,89,130,190,250,290,310,410,410,410,3946,0,5,19.147906786047503,2.2695450024912134,856.0378460024367,64.09148504815002
1781571294,80,GET,/api/load/memory-light [GET],11.000000,0.000000,3,24,54,77,160,170,260,320,350,350,350,1484,0,2,12.58186138483082,1.3184260023990646,754.7296670018113,50.0
1781571294,80,GET,/api/products [GET],19.000000,0.000000,2,23,54,72,130,150,190,200,220,220,220,2397,0,2,10.318420481005221,0.795275998825673,272.1023660051287,120.0
1781571294,80,,Aggregated,63.100000,0.000000,6,36,70,97,160,220,280,310,410,410,410,7827,0,3,15.198974877450096,0.795275998825673,856.0378460024367,78.5415868148716
1781571295,80,GET,/api/load/gc [GC-pressure],32.600000,0.000000,8,54,97,130,190,250,290,310,410,410,410,3976,0,5,19.03595898861668,2.2695450024912134,856.0378460024367,64.09079476861167
1781571295,80,GET,/api/load/memory-light [GET],11.100000,0.000000,3,18,41,71,160,170,260,320,350,350,350,1499,0,2,12.480561393651133,1.3184260023990646,754.7296670018113,50.0
1781571295,80,GET,/api/products [GET],18.900000,0.000000,2,34,57,75,130,150,190,200,220,220,220,2412,0,2,10.265178028592821,0.7853659990360029,272.1023660051287,120.0
1781571295,80,,Aggregated,62.600000,0.000000,5,37,70,98,160,220,280,310,410,410,410,7887,0,3,15.107765167083665,0.7853659990360029,856.0378460024367,78.51084062381133
1781571296,80,GET,/api/load/gc [GC-pressure],32.200000,0.000000,8,54,97,130,190,250,290,310,410,410,410,4010,0,5,18.919569417140654,2.2695450024912134,856.0378460024367,64.09002493765585
1781571296,80,GET,/api/load/memory-light [GET],10.800000,0.000000,3,24,43,77,160,170,260,320,350,350,350,1507,0,2,12.428398594613169,1.3184260023990646,754.7296670018113,50.0
1781571296,80,GET,/api/products [GET],19.300000,0.000000,2,23,54,72,130,150,190,200,220,220,220,2437,0,2,10.180616669656484,0.7853659990360029,272.1023660051287,120.0
1781571296,80,,Aggregated,62.300000,0.000000,5,37,70,98,160,220,280,310,410,410,410,7954,0,3,15.01222439888973,0.7853659990360029,856.0378460024367,78.55054060849886
1781571297,80,GET,/api/load/gc [GC-pressure],32.100000,0.000000,8,51,96,130,190,250,290,310,410,410,410,4044,0,5,18.805636821636345,2.2695450024912134,856.0378460024367,64.08951533135509
1781571297,80,GET,/api/load/memory-light [GET],10.800000,0.000000,3,24,54,77,160,170,260,320,350,350,350,1521,0,2,12.341057502358547,1.3184260023990646,754.7296670018113,50.0
1781571297,80,GET,/api/products [GET],18.900000,0.000000,2,34,57,75,130,150,190,200,220,220,220,2451,0,2,10.133721813113558,0.7853659990360029,272.1023660051287,120.0
1781571297,80,,Aggregated,61.800000,0.000000,5,37,71,99,160,220,280,310,410,410,410,8016,0,3,14.927457077311136,0.7853659990360029,856.0378460024367,78.51147704590818
1781571298,80,GET,/api/load/gc [GC-pressure],31.800000,0.000000,6,44,89,130,190,250,290,310,410,410,410,4076,0,5,18.692684622097147,2.2695450024912134,856.0378460024367,64.08881256133465
1781571298,80,GET,/api/load/memory-light [GET],11.200000,0.000000,3,18,43,77,160,170,260,320,350,350,350,1530,0,2,12.282440377177908,1.3184260023990646,754.7296670018113,50.0
1781571298,80,GET,/api/products [GET],18.700000,0.000000,2,31,55,73,130,150,190,200,220,220,220,2472,0,2,10.059684562266623,0.7853659990360029,272.1023660051287,120.0
1781571298,80,,Aggregated,61.700000,0.000000,5,31,70,98,160,220,280,310,410,410,410,8078,0,3,14.836724007758512,0.7853659990360029,856.0378460024367,78.53008170339193
1781571299,80,GET,/api/load/gc [GC-pressure],31.700000,0.000000,5,12,51,70,160,210,270,280,310,310,310,4105,0,5,18.59066490052454,2.2695450024912134,856.0378460024367,64.08818514007308
1781571299,80,GET,/api/load/memory-light [GET],11.100000,0.000000,2,4,16,31,82,110,170,170,170,170,170,1547,0,2,12.169181646455746,1.3184260023990646,754.7296670018113,50.0
1781571299,80,GET,/api/products [GET],18.600000,0.000000,2,3,12,46,100,140,150,190,200,200,200,2494,0,2,9.986336656346696,0.7853659990360029,272.1023660051287,120.0
1781571299,80,,Aggregated,61.400000,0.000000,4,7,31,55,120,170,240,280,310,310,310,8146,0,3,14.736843486944382,0.7853659990360029,856.0378460024367,78.5308126687945
1781571300,80,GET,/api/load/gc [GC-pressure],32.200000,0.000000,5,8,47,70,160,210,270,280,310,310,310,4131,0,5,18.49790599797797,2.2695450024912134,856.0378460024367,64.0876301137739
1781571300,80,GET,/api/load/memory-light [GET],10.400000,0.000000,2,4,10,24,77,110,170,170,170,170,170,1562,0,2,12.074081094795384,1.3184260023990646,754.7296670018113,50.0
1781571300,80,GET,/api/products [GET],18.100000,0.000000,1,2,8,42,99,130,150,190,200,200,200,2522,0,2,9.889041210120977,0.7853659990360029,272.1023660051287,120.0
1781571300,80,,Aggregated,60.700000,0.000000,4,6,25,53,120,170,230,270,310,310,310,8215,0,3,14.633563758933962,0.7853659990360029,856.0378460024367,78.57407181984175
1781571301,80,GET,/api/load/gc [GC-pressure],32.800000,0.000000,5,5,8,15,130,210,270,280,310,310,310,4161,0,5,18.39152443033691,2.2695450024912134,856.0378460024367,64.08699831771209
1781571301,80,GET,/api/load/memory-light [GET],11.300000,0.000000,2,3,4,5,77,100,170,170,170,170,170,1568,0,2,12.035871351442012,1.3184260023990646,754.7296670018113,50.0
1781571301,80,GET,/api/products [GET],18.500000,0.000000,1,2,3,4,53,120,150,190,200,200,200,2543,0,2,9.819069816715924,0.7853659990360029,272.1023660051287,120.0
1781571301,80,,Aggregated,62.600000,0.000000,3,5,6,9,97,160,230,270,310,310,310,8272,0,3,14.551411264216823,0.7853659990360029,856.0378460024367,78.60565764023211
1781571302,80,GET,/api/load/gc [GC-pressure],31.700000,0.000000,4,5,5,6,15,130,250,280,310,310,310,4198,0,5,18.267374365081604,2.2695450024912134,856.0378460024367,64.08623153882802
1781571302,80,GET,/api/load/memory-light [GET],11.300000,0.000000,2,2,2,3,4,15,57,77,130,130,130,1581,0,2,11.954372087315345,1.3184260023990646,754.7296670018113,50.0
1781571302,80,GET,/api/products [GET],18.800000,0.000000,1,2,2,2,6,100,150,170,200,200,200,2560,0,2,9.762049859727995,0.7853659990360029,272.1023660051287,120.0
1781571302,80,,Aggregated,61.800000,0.000000,3,4,5,5,10,89,170,250,310,310,310,8339,0,3,14.459425290270033,0.7853659990360029,856.0378460024367,78.58064516129032
1781571303,80,GET,/api/load/gc [GC-pressure],31.200000,0.000000,4,5,5,5,6,8,13,15,36,36,36,4232,0,5,18.153844874199944,2.2690859987051226,856.0378460024367,64.08553875236295
1781571303,80,GET,/api/load/memory-light [GET],11.400000,0.000000,2,2,2,2,4,4,5,7,15,15,15,1588,0,2,11.909843858979533,1.3184260023990646,754.7296670018113,50.0
1781571303,80,GET,/api/products [GET],19.700000,0.000000,1,1,2,2,3,4,6,8,10,10,10,2580,0,2,9.697200200350007,0.7853659990360029,272.1023660051287,120.0
1781571303,80,,Aggregated,62.300000,0.000000,3,4,4,5,5,7,10,15,36,36,36,8400,0,3,14.376033341973415,0.7853659990360029,856.0378460024367,78.59642857142858
1781571304,80,GET,/api/load/gc [GC-pressure],31.700000,0.000000,4,5,5,5,6,8,13,15,16,16,16,4266,0,5,18.042229370981374,2.2690859987051226,856.0378460024367,64.08509142053445
1781571304,80,GET,/api/load/memory-light [GET],11.300000,0.000000,2,2,2,3,4,5,7,13,15,15,15,1607,0,2,11.80344744185553,1.3184260023990646,754.7296670018113,50.0
1781571304,80,GET,/api/products [GET],20.100000,0.000000,1,1,2,2,3,4,6,6,8,8,8,2595,0,2,9.650374295535746,0.7853659990360029,272.1023660051287,120.0
1781571304,80,,Aggregated,63.100000,0.000000,3,4,4,5,5,7,9,14,16,16,16,8468,0,3,14.286609805453901,0.7853659990360029,856.0378460024367,78.54711856400567
1781571305,80,GET,/api/load/gc [GC-pressure],32.400000,0.000000,4,5,5,5,6,9,30,79,140,140,140,4288,0,5,18.107402090386945,2.2690859987051226,856.0378460024367,64.08535447761194
1781571305,80,GET,/api/load/memory-light [GET],10.900000,0.000000,2,2,2,3,5,21,77,80,120,120,120,1617,0,2,11.981887211543114,1.3184260023990646,754.7296670018113,50.0
1781571305,80,GET,/api/products [GET],20.800000,0.000000,1,1,2,2,3,4,10,61,81,81,81,2616,0,2,9.657552940719585,0.7853659990360029,272.1023660051287,120.0
1781571305,80,,Aggregated,64.100000,0.000000,3,4,4,5,6,8,37,79,140,140,140,8521,0,3,14.350828573825474,0.7853659990360029,856.0378460024367,78.5785705903063
1781571306,80,GET,/api/load/gc [GC-pressure],32.500000,0.000000,4,5,6,6,53,140,170,190,230,230,230,4318,0,5,18.79281908304135,2.2690859987051226,856.0378460024367,64.08939323761001
1781571306,80,GET,/api/load/memory-light [GET],11.500000,0.000000,2,2,3,4,23,85,120,170,170,170,170,1627,0,2,12.354471608521106,1.3184260023990646,754.7296670018113,50.0
1781571306,80,GET,/api/products [GET],20.300000,0.000000,1,2,2,2,43,100,130,160,170,170,170,2640,0,2,10.282220744284132,0.7853659990360029,272.1023660051287,120.0
1781571306,80,,Aggregated,64.300000,0.000000,3,4,5,5,37,120,160,170,230,230,230,8585,0,3,14.955524854111417,0.7853659990360029,856.0378460024367,78.61246359930111
1781571307,80,GET,/api/load/gc [GC-pressure],32.300000,0.000000,4,5,6,9,83,150,170,190,230,230,230,4340,0,5,19.020638484693553,2.2690859987051226,856.0378460024367,64.09147465437788
1781571307,80,GET,/api/load/memory-light [GET],12.100000,0.000000,2,3,4,13,60,100,150,170,170,170,170,1640,0,2,12.626825292109727,1.3184260023990646,754.7296670018113,50.0
1781571307,80,GET,/api/products [GET],19.900000,0.000000,1,2,3,8,56,100,130,160,170,170,170,2664,0,2,10.444501460921499,0.7853659990360029,272.1023660051287,120.0
1781571307,80,,Aggregated,64.300000,0.000000,3,5,6,9,70,120,160,170,230,230,230,8644,0,3,15.164474363087095,0.7853659990360029,856.0378460024367,78.6484266543267
1781571308,80,GET,/api/load/gc [GC-pressure],31.400000,0.000000,4,5,7,27,120,150,170,210,230,230,230,4380,0,5,19.154584743738024,2.2690859987051226,856.0378460024367,64.09246575342466
1781571308,80,GET,/api/load/memory-light [GET],11.900000,0.000000,2,4,13,29,80,100,150,170,170,170,170,1653,0,2,12.76148174535069,1.3184260023990646,754.7296670018113,50.0
1781571308,80,GET,/api/products [GET],20.000000,0.000000,1,2,3,10,59,110,130,160,170,170,170,2679,0,2,10.41515042810496,0.7853659990360029,272.1023660051287,120.0
1781571308,80,,Aggregated,63.300000,0.000000,3,5,6,21,81,140,170,170,230,230,230,8712,0,3,15.25413205917475,0.7853659990360029,856.0378460024367,78.61053719008264
1781571309,80,GET,/api/load/gc [GC-pressure],30.600000,0.000000,5,5,6,27,120,150,170,210,230,230,230,4408,0,5,19.061157637152196,2.2690859987051226,856.0378460024367,64.09210526315789
1781571309,80,GET,/api/load/memory-light [GET],11.800000,0.000000,2,3,10,23,80,100,150,170,170,170,170,1667,0,2,12.669744635911023,1.3184260023990646,754.7296670018113,50.0
1781571309,80,GET,/api/products [GET],20.700000,0.000000,1,2,4,10,59,110,130,160,170,170,170,2701,0,2,10.342630494963789,0.7853659990360029,272.1023660051287,120.0
1781571309,80,,Aggregated,63.100000,0.000000,3,5,6,20,81,140,170,170,230,230,230,8776,0,3,15.163798101587027,0.7853659990360029,856.0378460024367,78.62215132178669
1781571310,80,GET,/api/load/gc [GC-pressure],30.100000,0.000000,5,5,6,27,120,150,170,210,230,230,230,4434,0,5,18.97038525362579,2.2690859987051226,856.0378460024367,64.0915651781687
1781571310,80,GET,/api/load/memory-light [GET],12.200000,0.000000,2,3,13,23,80,100,150,170,170,170,170,1681,0,2,12.579032898908796,1.3184260023990646,754.7296670018113,50.0
1781571310,80,GET,/api/products [GET],21.000000,0.000000,1,2,4,11,59,110,130,160,170,170,170,2724,0,2,10.265838985641349,0.7853659990360029,272.1023660051287,120.0
1781571310,80,,Aggregated,63.300000,0.000000,3,5,6,21,81,140,170,170,230,230,230,8839,0,3,15.072314505546947,0.7853659990360029,856.0378460024367,78.64147528000905
1781571311,80,GET,/api/load/gc [GC-pressure],29.800000,0.000000,5,6,14,37,120,150,170,210,230,230,230,4471,0,5,18.938164035242938,2.2690859987051226,856.0378460024367,64.09103108924178
1781571311,80,GET,/api/load/memory-light [GET],11.800000,0.000000,2,3,18,46,80,100,150,170,170,170,170,1693,0,2,12.629881519235141,1.3184260023990646,754.7296670018113,50.0
1781571311,80,GET,/api/products [GET],20.900000,0.000000,1,2,6,30,63,110,130,160,170,170,170,2741,0,2,10.29294025716438,0.7853659990360029,272.1023660051287,120.0
1781571311,80,,Aggregated,62.500000,0.000000,3,5,12,33,81,140,170,170,230,230,230,8905,0,3,15.077806856656242,0.7853659990360029,856.0378460024367,78.62111173498035
1781571312,80,GET,/api/load/gc [GC-pressure],30.400000,0.000000,5,6,15,37,120,150,170,210,230,230,230,4507,0,5,18.82418236156457,2.2690859987051226,856.0378460024367,64.09052584867983
1781571312,80,GET,/api/load/memory-light [GET],12.000000,0.000000,2,3,18,46,80,100,150,170,170,170,170,1700,0,2,12.586745960036163,1.3184260023990646,754.7296670018113,50.0
1781571312,80,GET,/api/products [GET],20.700000,0.000000,1,2,10,30,63,110,130,160,170,170,170,2759,0,2,10.23780154726386,0.7853659990360029,272.1023660051287,120.0
1781571312,80,,Aggregated,63.100000,0.000000,3,5,14,36,81,140,170,170,230,230,230,8966,0,3,14.999347814469552,0.7853659990360029,856.0378460024367,78.62324336381887
1781571313,80,GET,/api/load/gc [GC-pressure],30.600000,0.000000,5,6,15,37,120,150,170,210,230,230,230,4542,0,5,18.707968279294867,2.2690859987051226,856.0378460024367,64.08982826948481
1781571313,80,GET,/api/load/memory-light [GET],12.100000,0.000000,2,3,18,46,80,100,150,170,170,170,170,1714,0,2,12.497794135392029,1.3184260023990646,754.7296670018113,50.0
1781571313,80,GET,/api/products [GET],19.700000,0.000000,1,2,9,30,63,110,130,160,170,170,170,2777,0,2,10.181905722329333,0.7853659990360029,272.1023660051287,120.0
1781571313,80,,Aggregated,62.400000,0.000000,3,5,13,35,81,140,170,170,230,230,230,9033,0,3,14.908442739236996,0.7853659990360029,856.0378460024367,78.6046717591055
1781571314,80,GET,/api/load/gc [GC-pressure],30.800000,0.000000,4,6,19,47,130,150,170,210,230,230,230,4567,0,5,18.632777886260527,2.2690859987051226,856.0378460024367,64.08955550689731
1781571314,80,GET,/api/load/memory-light [GET],12.200000,0.000000,2,3,18,46,80,100,150,170,170,170,170,1727,0,2,12.4184146543395,1.3184260023990646,754.7296670018113,50.0
1781571314,80,GET,/api/products [GET],19.800000,0.000000,1,2,7,26,61,110,130,160,170,170,170,2797,0,2,10.118076090420937,0.7853659990360029,272.1023660051287,120.0
1781571314,80,,Aggregated,62.800000,0.000000,3,5,14,36,81,140,170,170,230,230,230,9091,0,3,14.832555003795347,0.7853659990360029,856.0378460024367,78.61478385216148
1781571315,80,GET,/api/load/gc [GC-pressure],30.600000,0.000000,4,5,6,15,63,140,160,170,210,210,210,4597,0,5,18.544302421052958,2.2690859987051226,856.0378460024367,64.08962366760932
1781571315,80,GET,/api/load/memory-light [GET],12.100000,0.000000,2,2,3,5,66,85,100,150,170,170,170,1737,0,2,12.357503840557774,1.3184260023990646,754.7296670018113,50.0
1781571315,80,GET,/api/products [GET],19.200000,0.000000,1,2,2,6,40,66,110,160,160,160,160,2820,0,2,10.04609762301517,0.7759250001981854,272.1023660051287,120.0
1781571315,80,,Aggregated,61.900000,0.000000,3,4,5,9,56,88,150,160,210,210,210,9154,0,3,14.752363742356573,0.7759250001981854,856.0378460024367,78.63993882455758
1781571316,80,GET,/api/load/gc [GC-pressure],30.400000,0.000000,4,5,5,6,25,59,140,160,210,210,210,4633,0,5,18.460984507143326,2.2690859987051226,856.0378460024367,64.08957478955321
1781571316,80,GET,/api/load/memory-light [GET],12.100000,0.000000,2,2,2,3,50,71,81,96,100,100,100,1751,0,2,12.302796373537284,1.3184260023990646,754.7296670018113,50.0
1781571316,80,GET,/api/products [GET],19.600000,0.000000,1,1,2,2,6,31,52,69,80,80,80,2835,0,2,10.016108708956827,0.7759250001981854,272.1023660051287,120.0
1781571316,80,,Aggregated,62.100000,0.000000,3,4,5,5,18,54,81,140,210,210,210,9219,0,3,14.694392652299753,0.7759250001981854,856.0378460024367,78.60689879596485
1781571317,80,GET,/api/load/gc [GC-pressure],30.300000,0.000000,4,5,5,5,7,16,46,51,63,63,63,4666,0,5,18.358461782167012,2.2676750013488345,856.0378460024367,64.08894127732533
1781571317,80,GET,/api/load/memory-light [GET],12.100000,0.000000,2,2,2,2,3,7,67,71,79,79,79,1764,0,2,12.230019277814868,1.3184260023990646,754.7296670018113,50.0
1781571317,80,GET,/api/products [GET],20.100000,0.000000,1,1,1,2,2,4,41,45,80,80,80,2853,0,2,9.962916458077702,0.7759250001981854,272.1023660051287,120.0
1781571317,80,,Aggregated,62.500000,0.000000,2,3,4,5,6,14,45,58,80,80,80,9283,0,3,14.613652627012,0.7759250001981854,856.0378460024367,78.59517397393084
1781571318,80,GET,/api/load/gc [GC-pressure],31.000000,0.000000,4,5,5,5,8,19,47,56,63,63,63,4697,0,5,18.276453189188196,2.2676750013488345,856.0378460024367,64.08856717053439
1781571318,80,GET,/api/load/memory-light [GET],12.200000,0.000000,2,2,2,2,3,7,67,71,79,79,79,1781,0,2,12.139263126361927,1.3184260023990646,754.7296670018113,50.0
1781571318,80,GET,/api/products [GET],20.000000,0.000000,1,1,1,2,2,5,41,45,80,80,80,2871,0,2,9.91069767324637,0.7759250001981854,272.1023660051287,120.0
1781571318,80,,Aggregated,63.200000,0.000000,2,4,4,5,6,15,46,58,80,80,80,9349,0,3,14.538254495406768,0.7759250001981854,856.0378460024367,78.57460690982992
1781571319,80,GET,/api/load/gc [GC-pressure],31.700000,0.000000,4,5,5,5,9,25,51,59,110,110,110,4729,0,5,18.22695242262922,2.2676750013488345,856.0378460024367,64.08881370268556
1781571319,80,GET,/api/load/memory-light [GET],12.200000,0.000000,2,2,2,2,4,7,67,71,79,79,79,1790,0,2,12.09012947823916,1.3184260023990646,754.7296670018113,50.0
1781571319,80,GET,/api/products [GET],19.100000,0.000000,1,1,1,2,2,5,41,45,80,80,80,2889,0,2,9.858498685671107,0.7759250001981854,272.1023660051287,120.0
1781571319,80,,Aggregated,63.000000,0.000000,3,4,4,5,6,15,48,63,110,110,110,9408,0,3,14.48956127503885,0.7759250001981854,856.0378460024367,78.57738095238095
1781571320,80,GET,/api/load/gc [GC-pressure],32.000000,0.000000,4,5,5,5,9,25,51,59,110,110,110,4758,0,5,18.139277134223114,2.2676750013488345,856.0378460024367,64.08827238335435
1781571320,80,GET,/api/load/memory-light [GET],12.200000,0.000000,2,2,2,2,5,7,67,71,79,79,79,1801,0,2,12.030745979488596,1.3184260023990646,754.7296670018113,50.0
1781571320,80,GET,/api/products [GET],19.300000,0.000000,1,1,1,2,3,5,41,45,80,80,80,2910,0,2,9.797906836042644,0.7759250001981854,272.1023660051287,120.0
1781571320,80,,Aggregated,63.500000,0.000000,3,4,4,5,6,15,48,63,110,110,110,9469,0,3,14.41397856231668,0.7759250001981854,856.0378460024367,78.5914035272996
1781571321,80,GET,/api/load/gc [GC-pressure],32.100000,0.000000,4,4,5,5,6,13,35,56,110,110,110,4789,0,5,18.047387543253738,2.2676750013488345,856.0378460024367,64.08770098141575
1781571321,80,GET,/api/load/memory-light [GET],12.600000,0.000000,2,2,2,2,3,5,7,10,48,48,48,1810,0,2,11.98076102212914,1.3184260023990646,754.7296670018113,50.0
1781571321,80,GET,/api/products [GET],18.800000,0.000000,1,1,1,2,2,4,5,12,45,45,45,2931,0,1,9.737859440428895,0.7759250001981854,272.1023660051287,120.0
1781571321,80,,Aggregated,63.500000,0.000000,2,3,4,4,5,7,16,45,110,110,110,9530,0,3,14.339536454836619,0.7759250001981854,856.0378460024367,78.60818467995803
1781571322,80,GET,/api/load/gc [GC-pressure],32.200000,0.000000,4,5,5,5,7,13,35,59,110,110,110,4816,0,5,17.970248247223804,2.2478850005427375,856.0378460024367,64.08720930232558
1781571322,80,GET,/api/load/memory-light [GET],12.400000,0.000000,2,2,2,2,3,5,7,10,48,48,48,1826,0,2,11.893005307252443,1.3184260023990646,754.7296670018113,50.0
1781571322,80,GET,/api/products [GET],18.800000,0.000000,1,1,1,2,2,4,5,7,45,45,45,2949,0,1,9.687984646618833,0.7759250001981854,272.1023660051287,120.0
1781571322,80,,Aggregated,63.400000,0.000000,2,3,4,4,5,7,15,45,110,110,110,9591,0,3,14.266626000683113,0.7759250001981854,856.0378460024367,78.59701803774372
1781571323,80,GET,/api/load/gc [GC-pressure],32.000000,0.000000,4,5,5,5,7,9,20,56,110,110,110,4854,0,5,17.862111311004536,2.2478850005427375,856.0378460024367,64.08652657601978
1781571323,80,GET,/api/load/memory-light [GET],12.000000,0.000000,2,2,2,2,3,5,7,10,48,48,48,1837,0,2,11.83494902397698,1.3184260023990646,754.7296670018113,50.0
1781571323,80,GET,/api/products [GET],18.700000,0.000000,1,1,1,2,3,4,5,5,45,45,45,2963,0,1,9.650400348256658,0.7759250001981854,272.1023660051287,120.0
1781571323,80,,Aggregated,62.700000,0.000000,2,3,4,4,5,7,15,45,110,110,110,9654,0,3,14.194906348927512,0.7759250001981854,856.0378460024367,78.56701885228921
1781571324,80,GET,/api/load/gc [GC-pressure],31.600000,0.000000,4,5,5,5,7,13,45,56,110,110,110,4885,0,5,17.800767060514087,2.2478850005427375,856.0378460024367,64.08618219037871
1781571324,80,GET,/api/load/memory-light [GET],11.700000,0.000000,2,2,2,2,4,7,48,66,72,72,72,1852,0,2,11.841810923352739,1.3184260023990646,754.7296670018113,50.0
1781571324,80,GET,/api/products [GET],18.600000,0.000000,1,1,2,2,4,4,32,65,68,68,68,2987,0,1,9.647957075963548,0.7728950004093349,272.1023660051287,120.0
1781571324,80,,Aggregated,61.900000,0.000000,3,4,4,5,6,9,45,59,110,110,110,9724,0,3,14.161479710670887,0.7728950004093349,856.0378460024367,78.5788770053476
1781571325,80,GET,/api/load/gc [GC-pressure],31.500000,0.000000,4,5,5,7,17,83,140,190,310,310,310,4916,0,5,18.19690212421009,2.2478850005427375,856.0378460024367,64.08807973962571
1781571325,80,GET,/api/load/memory-light [GET],12.400000,0.000000,2,2,3,3,7,57,74,78,140,140,140,1864,0,2,12.039579061726723,1.3184260023990646,754.7296670018113,50.0
1781571325,80,GET,/api/products [GET],18.900000,0.000000,1,1,2,3,27,55,76,95,100,100,100,3002,0,1,9.868460476978916,0.7728950004093349,272.1023660051287,120.0
1781571325,80,,Aggregated,62.800000,0.000000,3,4,5,5,15,57,100,140,310,310,310,9782,0,3,14.46768192246638,0.7728950004093349,856.0378460024367,78.56235943569823
1781571326,80,GET,/api/load/gc [GC-pressure],31.500000,0.000000,4,5,6,7,21,110,180,240,310,310,310,4940,0,5,18.311653668143084,2.2478850005427375,856.0378460024367,64.08866396761134
1781571326,80,GET,/api/load/memory-light [GET],12.500000,0.000000,2,2,3,4,13,66,78,94,140,140,140,1875,0,2,12.075227957901856,1.3184260023990646,754.7296670018113,50.0
1781571326,80,GET,/api/products [GET],18.500000,0.000000,1,2,2,4,36,55,82,95,100,100,100,3028,0,1,9.907989983453124,0.7728950004093349,272.1023660051287,120.0
1781571326,80,,Aggregated,62.500000,0.000000,3,4,5,5,29,76,130,180,310,310,310,9843,0,3,14.538455268880309,0.7728950004093349,856.0378460024367,78.6048968810322
1781571327,80,GET,/api/load/gc [GC-pressure],31.300000,0.000000,4,5,6,7,20,110,180,190,310,310,310,4978,0,5,18.205077994702584,2.2478850005427375,856.0378460024367,64.08798714343109
1781571327,80,GET,/api/load/memory-light [GET],12.200000,0.000000,2,2,3,4,15,72,78,94,140,140,140,1881,0,2,12.044259416295969,1.3184260023990646,754.7296670018113,50.0
1781571327,80,GET,/api/products [GET],18.900000,0.000000,1,2,3,3,36,55,82,95,100,100,100,3047,0,1,9.857910372133865,0.7728950004093349,272.1023660051287,120.0
1781571327,80,,Aggregated,62.400000,0.000000,3,4,5,6,28,76,130,180,310,310,310,9906,0,3,14.467714831776103,0.7728950004093349,856.0378460024367,78.61094286291137
1781571328,80,GET,/api/load/gc [GC-pressure],31.200000,0.000000,4,5,6,7,19,110,180,190,310,310,310,5011,0,5,18.137030297468424,2.237843000330031,856.0378460024367,64.08740770305329
1781571328,80,GET,/api/load/memory-light [GET],12.400000,0.000000,2,2,3,4,36,72,78,94,140,140,140,1894,0,2,11.982688796218616,1.3184260023990646,754.7296670018113,50.0
1781571328,80,GET,/api/products [GET],18.600000,0.000000,1,2,3,4,40,57,82,95,100,100,100,3068,0,1,9.824679433146738,0.7728950004093349,272.1023660051287,120.0
1781571328,80,,Aggregated,62.200000,0.000000,3,4,5,6,28,74,130,180,310,310,310,9973,0,3,14.411108783871105,0.7728950004093349,856.0378460024367,78.61245362478692
1781571329,80,GET,/api/load/gc [GC-pressure],31.000000,0.000000,4,5,6,7,20,110,180,240,310,310,310,5036,0,5,18.065934496743804,2.237843000330031,856.0378460024367,64.08697378872121
1781571329,80,GET,/api/load/memory-light [GET],12.300000,0.000000,2,2,3,4,15,72,78,94,140,140,140,1905,0,2,11.925853635190578,1.3184260023990646,754.7296670018113,50.0
1781571329,80,GET,/api/products [GET],19.300000,0.000000,1,2,3,3,36,57,82,95,100,100,100,3090,0,1,9.764142202874694,0.772585000959225,272.1023660051287,120.0
1781571329,80,,Aggregated,62.600000,0.000000,3,4,5,6,29,76,140,180,310,310,310,10031,0,3,14.342537803561227,0.772585000959225,856.0378460024367,78.6354301664839
1781571330,80,GET,/api/load/gc [GC-pressure],31.500000,0.000000,4,5,6,7,19,110,180,190,310,310,310,5071,0,5,17.973259246024718,2.237843000330031,856.0378460024367,64.08637349635181
1781571330,80,GET,/api/load/memory-light [GET],11.800000,0.000000,2,2,3,4,15,72,78,94,140,140,140,1917,0,2,11.866449291616561,1.3184260023990646,754.7296670018113,50.0
1781571330,80,GET,/api/products [GET],19.400000,0.000000,1,2,3,3,36,57,82,95,100,100,100,3115,0,1,9.697537646827644,0.772585000959225,272.1023660051287,120.0
1781571330,80,,Aggregated,62.700000,0.000000,3,4,5,6,27,74,130,180,310,310,310,10103,0,3,14.262913065276493,0.772585000959225,856.0378460024367,78.65307334455112
1781571331,80,GET,/api/load/gc [GC-pressure],30.900000,0.000000,4,5,6,7,19,110,180,190,310,310,310,5105,0,5,17.88056992783491,2.237843000330031,856.0378460024367,64.08579823702253
1781571331,80,GET,/api/load/memory-light [GET],11.300000,0.000000,2,3,3,4,15,72,78,94,140,140,140,1926,0,2,11.822656255465585,1.3184260023990646,754.7296670018113,50.0
1781571331,80,GET,/api/products [GET],19.500000,0.000000,1,2,3,3,36,57,82,95,100,100,100,3131,0,1,9.656160279425855,0.772585000959225,272.1023660051287,120.0
1781571331,80,,Aggregated,61.700000,0.000000,3,4,5,6,27,74,130,180,310,310,310,10162,0,3,14.198404178754801,0.772585000959225,856.0378460024367,78.64377091123795
1781571332,80,GET,/api/load/gc [GC-pressure],31.200000,0.000000,4,5,6,7,19,110,180,190,310,310,310,5136,0,5,17.79952863426415,2.237843000330031,856.0378460024367,64.08528037383178
1781571332,80,GET,/api/load/memory-light [GET],11.200000,0.000000,2,3,4,4,36,72,78,94,140,140,140,1934,0,2,11.781839331457714,1.3184260023990646,754.7296670018113,50.0
1781571332,80,GET,/api/products [GET],19.700000,0.000000,1,2,3,3,36,57,82,95,100,100,100,3151,0,1,9.605726978384379,0.772585000959225,272.1023660051287,120.0
1781571332,80,,Aggregated,62.100000,0.000000,3,4,5,6,28,74,130,180,310,310,310,10221,0,3,14.134830451179832,0.772585000959225,856.0378460024367,78.65786126602093
1781571333,80,GET,/api/load/gc [GC-pressure],31.300000,0.000000,4,5,6,7,20,110,180,190,310,310,310,5169,0,5,17.717542569079534,2.237843000330031,856.0378460024367,64.08492938672858
1781571333,80,GET,/api/load/memory-light [GET],11.100000,0.000000,2,3,3,4,15,72,78,94,140,140,140,1953,0,2,11.690801149027036,1.3184260023990646,754.7296670018113,50.0
1781571333,80,GET,/api/products [GET],20.100000,0.000000,1,2,3,4,45,63,85,95,100,100,100,3166,0,1,9.614192374880048,0.772585000959225,272.1023660051287,120.0
1781571333,80,,Aggregated,62.500000,0.000000,3,4,5,6,29,76,130,180,310,310,310,10288,0,3,14.079767228080495,0.772585000959225,856.0378460024367,78.61829315707621
1781571334,80,GET,/api/load/gc [GC-pressure],31.900000,0.000000,4,5,6,7,10,110,180,190,310,310,310,5196,0,5,17.647900994143757,2.237843000330031,856.0378460024367,64.08448806774442
1781571334,80,GET,/api/load/memory-light [GET],11.800000,0.000000,2,2,3,3,7,59,78,94,140,140,140,1966,0,2,11.625429464929637,1.3184260023990646,754.7296670018113,50.0
1781571334,80,GET,/api/products [GET],20.100000,0.000000,1,2,3,3,7,55,85,95,100,100,100,3186,0,1,9.56562961421628,0.772585000959225,272.1023660051287,120.0
1781571334,80,,Aggregated,63.800000,0.000000,3,4,5,6,9,66,130,180,310,310,310,10348,0,3,14.015286417135263,0.772585000959225,856.0378460024367,78.62417858523386
1781571335,80,GET,/api/load/gc [GC-pressure],31.400000,0.000000,4,5,5,6,7,8,10,21,120,120,120,5242,0,5,17.553914169128067,2.237843000330031,856.0378460024367,64.08431896222815
1781571335,80,GET,/api/load/memory-light [GET],11.000000,0.000000,2,2,2,3,4,5,7,15,16,16,16,1978,0,2,11.575316047547004,1.3184260023990646,754.7296670018113,50.0
1781571335,80,GET,/api/products [GET],20.300000,0.000000,1,1,2,2,3,5,13,63,85,85,85,3197,0,1,9.537439211415084,0.772585000959225,272.1023660051287,120.0
1781571335,80,,Aggregated,62.700000,0.000000,3,4,4,5,6,7,10,21,120,120,120,10417,0,3,13.958412822838756,0.772585000959225,856.0378460024367,78.5706057406163
1781571336,80,GET,/api/load/gc [GC-pressure],30.800000,0.000000,4,5,6,6,7,10,44,63,130,130,130,5270,0,5,17.57350519517758,2.237843000330031,856.0378460024367,64.08500948766603
1781571336,80,GET,/api/load/memory-light [GET],11.600000,0.000000,2,2,2,3,4,7,16,17,34,34,34,1990,0,2,11.545745256806176,1.3184260023990646,754.7296670018113,50.0
1781571336,80,GET,/api/products [GET],20.300000,0.000000,1,2,2,3,4,13,60,65,85,85,85,3217,0,1,9.566728470598385,0.772585000959225,272.1023660051287,120.0
1781571336,80,,Aggregated,62.700000,0.000000,3,4,5,5,7,10,44,63,130,130,130,10477,0,3,13.970084082232047,0.772585000959225,856.0378460024367,78.57860074448793
1781571337,80,GET,/api/load/gc [GC-pressure],31.100000,0.000000,4,5,6,6,7,12,44,63,130,130,130,5307,0,5,17.482196301220718,2.237843000330031,856.0378460024367,64.08441680798944
1781571337,80,GET,/api/load/memory-light [GET],11.700000,0.000000,2,2,3,3,5,8,16,17,34,34,34,2005,0,2,11.480260670854696,1.3184260023990646,754.7296670018113,50.0
1781571337,80,GET,/api/products [GET],19.600000,0.000000,1,2,2,3,4,27,60,65,85,85,85,3228,0,1,9.539115027548206,0.772585000959225,272.1023660051287,120.0
1781571337,80,,Aggregated,62.400000,0.000000,3,4,5,5,7,10,44,63,130,130,130,10540,0,3,13.907799025101292,0.772585000959225,856.0378460024367,78.52998102466793
1781571338,80,GET,/api/load/gc [GC-pressure],32.400000,0.000000,4,5,6,6,7,12,41,59,130,130,130,5334,0,5,17.417774128343797,2.237843000330031,856.0378460024367,64.08398950131233
1781571338,80,GET,/api/load/memory-light [GET],11.300000,0.000000,2,2,2,3,4,7,16,17,34,34,34,2016,0,2,11.427237181087838,1.3184260023990646,754.7296670018113,50.0
1781571338,80,GET,/api/products [GET],19.300000,0.000000,1,1,2,2,3,6,60,65,85,85,85,3250,0,1,9.484476087979811,0.772585000959225,272.1023660051287,120.0
1781571338,80,,Aggregated,63.000000,0.000000,3,4,5,5,6,10,35,60,130,130,130,10600,0,3,13.846062702225781,0.772585000959225,856.0378460024367,78.54943396226415
1781571339,80,GET,/api/load/gc [GC-pressure],32.700000,0.000000,4,5,6,6,8,30,110,140,290,290,290,5349,0,5,17.549671288391554,2.237843000330031,856.0378460024367,64.08468872686484
1781571339,80,GET,/api/load/memory-light [GET],11.600000,0.000000,2,2,3,3,6,17,180,260,470,470,470,2024,0,2,11.888982979284402,1.3184260023990646,754.7296670018113,50.0
1781571339,80,GET,/api/products [GET],18.900000,0.000000,1,1,2,3,4,27,60,65,85,85,85,3254,0,1,9.479712627210679,0.772585000959225,272.1023660051287,120.0
1781571339,80,,Aggregated,63.200000,0.000000,3,4,5,5,7,27,85,140,470,470,470,10627,0,3,14.000515494553646,0.772585000959225,856.0378460024367,78.52347793356545
1781571340,80,GET,/api/load/gc [GC-pressure],32.200000,0.000000,5,6,7,12,160,550,760,850,950,950,950,5393,0,5,20.658619939106043,2.237843000330031,954.5754110004054,64.09122937140738
1781571340,80,GET,/api/load/memory-light [GET],12.300000,0.000000,2,2,3,5,64,470,640,650,860,860,860,2034,0,2,14.025673494624787,1.3184260023990646,858.2991319999564,50.0
1781571340,80,GET,/api/products [GET],18.000000,0.000000,1,2,3,4,85,470,660,760,850,850,850,3280,0,1,11.80459085760337,0.772585000959225,852.6058299976285,120.0
1781571340,80,,Aggregated,62.500000,0.000000,3,5,6,8,140,470,760,850,950,950,950,10707,0,3,16.686206708938524,0.772585000959225,954.5754110004054,78.54151489679649
1781571341,80,GET,/api/load/gc [GC-pressure],32.700000,0.000000,5,6,7,13,160,550,760,850,950,950,950,5420,0,5,20.578636548632662,2.237843000330031,954.5754110004054,64.09077490774908
1781571341,80,GET,/api/load/memory-light [GET],12.300000,0.000000,2,2,3,5,64,470,640,650,860,860,860,2044,0,2,13.970804100822383,1.3184260023990646,858.2991319999564,50.0
1781571341,80,GET,/api/products [GET],18.000000,0.000000,1,2,3,4,89,470,660,760,850,850,850,3297,0,1,11.757423968136642,0.772585000959225,852.6058299976285,120.0
1781571341,80,,Aggregated,63.000000,0.000000,3,5,6,8,150,490,760,850,950,950,950,10761,0,3,16.62083082414427,0.772585000959225,954.5754110004054,78.54400148685066
1781571342,80,GET,/api/load/gc [GC-pressure],30.700000,0.000000,5,6,8,18,160,550,760,850,950,950,950,5451,0,5,20.579783610824226,2.237843000330031,954.5754110004054,64.09080902586682
1781571342,80,GET,/api/load/memory-light [GET],12.000000,0.000000,2,2,4,5,93,470,640,650,860,860,860,2049,0,2,13.985737043474026,1.3184260023990646,858.2991319999564,50.0
1781571342,80,GET,/api/products [GET],16.400000,0.000000,1,2,3,4,80,470,660,760,850,850,850,3323,0,1,11.714210692132177,0.772585000959225,852.6058299976285,120.0
1781571342,80,,Aggregated,59.100000,0.000000,3,5,6,10,140,470,760,850,950,950,950,10823,0,3,16.60939645150479,0.772585000959225,954.5754110004054,78.5890233761434
1781571343,80,GET,/api/load/gc [GC-pressure],31.900000,0.000000,5,6,8,15,160,550,760,850,950,950,950,5485,0,5,20.478057704211217,2.237843000330031,954.5754110004054,64.09024612579763
1781571343,80,GET,/api/load/memory-light [GET],11.900000,0.000000,2,3,4,8,110,470,640,650,860,860,860,2059,0,2,13.931966996636667,1.3184260023990646,858.2991319999564,50.0
1781571343,80,GET,/api/products [GET],16.600000,0.000000,1,2,3,4,79,470,660,760,850,850,850,3343,0,1,11.65422190096769,0.772585000959225,852.6058299976285,120.0
1781571343,80,,Aggregated,60.400000,0.000000,4,5,6,10,140,470,760,850,950,950,950,10887,0,3,16.530552986920952,0.772585000959225,954.5754110004054,78.59327638467897
1781571344,80,GET,/api/load/gc [GC-pressure],31.300000,0.000000,5,6,8,18,160,550,760,850,950,950,950,5517,0,5,20.387349382746727,2.237843000330031,954.5754110004054,64.08972267536704
1781571344,80,GET,/api/load/memory-light [GET],11.500000,0.000000,2,3,5,8,180,550,650,860,860,860,860,2069,0,2,13.877954577126921,1.3184260023990646,858.2991319999564,50.0
1781571344,80,GET,/api/products [GET],16.900000,0.000000,1,3,3,4,80,470,660,760,850,850,850,3355,0,1,11.622196171669033,0.772585000959225,852.6058299976285,120.0
1781571344,80,,Aggregated,59.700000,0.000000,4,5,6,13,150,490,760,850,950,950,950,10941,0,3,16.46860092501955,0.772585000959225,954.5754110004054,78.5698747829266
1781571345,80,GET,/api/load/gc [GC-pressure],31.600000,0.000000,5,7,18,56,160,550,760,850,950,950,950,5555,0,5,20.479379418657814,2.237843000330031,954.5754110004054,64.0901890189019
1781571345,80,GET,/api/load/memory-light [GET],11.300000,0.000000,2,4,17,50,180,550,650,860,860,860,860,2078,0,2,14.05594723536094,1.3184260023990646,858.2991319999564,50.0
1781571345,80,GET,/api/products [GET],17.300000,0.000000,2,3,4,14,80,470,660,760,850,850,850,3372,0,1,11.63710508776932,0.772585000959225,852.6058299976285,120.0
1781571345,80,,Aggregated,60.200000,0.000000,4,6,12,34,160,490,760,850,950,950,950,11005,0,3,16.5571585081038,0.772585000959225,954.5754110004054,78.56074511585643
1781571346,80,GET,/api/load/gc [GC-pressure],31.800000,0.000000,5,6,12,44,160,550,760,850,950,950,950,5587,0,5,20.38900817820504,2.237843000330031,954.5754110004054,64.08985144084482
1781571346,80,GET,/api/load/memory-light [GET],10.300000,0.000000,2,4,8,50,180,550,650,860,860,860,860,2090,0,2,13.987494420617235,1.3184260023990646,858.2991319999564,50.0
1781571346,80,GET,/api/products [GET],17.300000,0.000000,2,3,3,4,79,470,660,760,850,850,850,3394,0,1,11.571967526797316,0.772585000959225,852.6058299976285,120.0
1781571346,80,,Aggregated,59.400000,0.000000,4,6,7,18,160,490,760,850,950,950,950,11071,0,3,16.477509693493964,0.772585000959225,954.5754110004054,78.57013819889802
1781571347,80,GET,/api/load/gc [GC-pressure],32.300000,0.000000,5,6,13,45,210,560,760,870,950,950,950,5613,0,5,20.320657951478644,2.237843000330031,954.5754110004054,64.08961339747016
1781571347,80,GET,/api/load/memory-light [GET],9.900000,0.000000,2,4,7,50,180,550,650,860,860,860,860,2107,0,2,13.8953368339288,1.3184260023990646,858.2991319999564,50.0
1781571347,80,GET,/api/products [GET],17.300000,0.000000,2,3,3,4,71,460,660,760,850,850,850,3417,0,1,11.517871670747457,0.772585000959225,852.6058299976285,120.0
1781571347,80,,Aggregated,59.500000,0.000000,4,6,7,18,150,470,760,850,950,950,950,11137,0,3,16.40422872314642,0.772585000959225,954.5754110004054,78.57816288048846
1781571348,80,GET,/api/load/gc [GC-pressure],31.800000,0.000000,5,6,13,56,250,560,760,870,950,950,950,5633,0,5,20.264688536595596,2.237843000330031,954.5754110004054,64.0892952245695
1781571348,80,GET,/api/load/memory-light [GET],9.900000,0.000000,3,4,7,50,180,550,650,860,860,860,860,2117,0,2,13.844029365654603,1.3184260023990646,858.2991319999564,50.0
1781571348,80,GET,/api/products [GET],17.400000,0.000000,2,2,3,4,71,460,660,760,850,850,850,3436,0,1,11.461875849516417,0.772585000959225,852.6058299976285,120.0
1781571348,80,,Aggregated,59.100000,0.000000,4,6,7,22,160,490,760,850,950,950,950,11186,0,3,16.34559325162455,0.772585000959225,954.5754110004054,78.59690684784552
1781571349,80,GET,/api/load/gc [GC-pressure],31.200000,0.000000,5,6,8,18,100,420,760,850,950,950,950,5668,0,5,20.23704153221726,2.237843000330031,954.5754110004054,64.08927311220889
1781571349,80,GET,/api/load/memory-light [GET],10.200000,0.000000,2,4,4,6,64,470,650,860,860,860,860,2124,0,2,13.805853647409608,1.3184260023990646,858.2991319999564,50.0
1781571349,80,GET,/api/products [GET],17.700000,0.000000,2,2,3,3,22,220,660,760,850,850,850,3455,0,1,11.410347333114915,0.772585000959225,852.6058299976285,120.0
1781571349,80,,Aggregated,59.100000,0.000000,3,5,6,8,77,340,670,760,950,950,950,11247,0,3,16.311010455020668,0.772585000959225,954.5754110004054,78.60389437183248
1781571350,80,GET,/api/load/gc [GC-pressure],30.300000,0.000000,5,5,6,7,18,69,88,130,160,160,160,5700,0,5,20.147590142731676,2.237843000330031,954.5754110004054,64.08877192982456
1781571350,80,GET,/api/load/memory-light [GET],10.000000,0.000000,2,3,4,4,9,61,100,100,100,100,100,2136,0,2,13.74226408478286,1.3184260023990646,858.2991319999564,50.0
1781571350,80,GET,/api/products [GET],18.400000,0.000000,1,2,2,3,3,13,45,71,80,80,80,3475,0,1,11.354093867607027,0.772585000959225,852.6058299976285,120.0
1781571350,80,,Aggregated,58.700000,0.000000,3,4,5,6,9,50,83,100,160,160,160,11311,0,3,16.236426141685186,0.772585000959225,954.5754110004054,78.60542834408983
1781571351,80,GET,/api/load/gc [GC-pressure],29.800000,0.000000,5,5,6,7,20,71,90,130,160,160,160,5729,0,5,20.06754975590584,2.237843000330031,954.5754110004054,64.08832256938383
1781571351,80,GET,/api/load/memory-light [GET],9.900000,0.000000,2,3,4,4,6,50,93,100,100,100,100,2148,0,2,13.677977650421505,1.3184260023990646,858.2991319999564,50.0
1781571351,80,GET,/api/products [GET],19.000000,0.000000,1,2,2,3,4,13,45,71,80,80,80,3493,0,1,11.30374732148159,0.772585000959225,852.6058299976285,120.0
1781571351,80,,Aggregated,58.700000,0.000000,3,4,5,6,10,50,83,100,160,160,160,11370,0,3,16.16809832353783,0.772585000959225,954.5754110004054,78.60351802990326
1781571352,80,GET,/api/load/gc [GC-pressure],32.100000,0.000000,5,5,6,6,10,56,77,90,160,160,160,5765,0,5,19.968901962801986,2.237843000330031,954.5754110004054,64.0877710320902
1781571352,80,GET,/api/load/memory-light [GET],9.900000,0.000000,2,3,3,4,5,36,87,100,100,100,100,2158,0,2,13.625932638599632,1.3184260023990646,858.2991319999564,50.0
1781571352,80,GET,/api/products [GET],20.000000,0.000000,1,2,2,2,3,7,39,63,71,71,71,3511,0,1,11.254263179419842,0.772585000959225,852.6058299976285,120.0
1781571352,80,,Aggregated,62.000000,0.000000,3,4,5,5,7,35,73,90,160,160,160,11434,0,3,16.095784543693767,0.772585000959225,954.5754110004054,78.59769109672905
1781571353,80,GET,/api/load/gc [GC-pressure],30.900000,0.000000,5,5,6,6,10,56,77,90,160,160,160,5797,0,5,19.882009038219184,2.237843000330031,954.5754110004054,64.08728652751424
1781571353,80,GET,/api/load/memory-light [GET],10.300000,0.000000,2,3,3,4,5,36,87,100,100,100,100,2172,0,2,13.552782335232868,1.3184260023990646,858.2991319999564,50.0
1781571353,80,GET,/api/products [GET],19.600000,0.000000,1,2,2,2,3,7,39,63,71,71,71,3534,0,1,11.191167852845403,0.772585000959225,852.6058299976285,120.0
1781571353,80,,Aggregated,60.800000,0.000000,3,4,5,5,7,34,72,87,160,160,160,11503,0,3,16.016885753163354,0.772585000959225,954.5754110004054,78.6050595496827
1781571354,80,GET,/api/load/gc [GC-pressure],30.900000,0.000000,5,5,6,6,8,34,77,90,160,160,160,5829,0,5,19.79893111178089,2.237843000330031,954.5754110004054,64.08680734259735
1781571354,80,GET,/api/load/memory-light [GET],10.600000,0.000000,2,3,3,4,5,36,87,100,100,100,100,2186,0,2,13.482254324860998,1.3184260023990646,858.2991319999564,50.0
1781571354,80,GET,/api/products [GET],19.600000,0.000000,1,2,2,2,3,4,39,63,71,71,71,3551,0,1,11.144254437889671,0.772585000959225,852.6058299976285,120.0
1781571354,80,,Aggregated,61.100000,0.000000,3,4,5,5,7,19,66,87,160,160,160,11566,0,3,15.947901168395571,0.772585000959225,954.5754110004054,78.59086979076604
1781571355,80,GET,/api/load/gc [GC-pressure],31.300000,0.000000,4,5,6,6,7,9,24,83,130,130,130,5854,0,5,19.73723458926851,2.237843000330031,954.5754110004054,64.08660744789887
1781571355,80,GET,/api/load/memory-light [GET],11.100000,0.000000,2,2,3,3,4,5,6,6,8,8,8,2200,0,2,13.411925033697942,1.3184260023990646,858.2991319999564,50.0
1781571355,80,GET,/api/products [GET],18.300000,0.000000,1,2,2,2,2,3,4,13,45,45,45,3571,0,1,11.090816572931596,0.7718049964751117,852.6058299976285,120.0
1781571355,80,,Aggregated,60.700000,0.000000,3,4,5,5,6,7,10,24,130,130,130,11625,0,3,15.884155900357166,0.7718049964751117,954.5754110004054,78.5963870967742
1781571356,80,GET,/api/load/gc [GC-pressure],30.900000,0.000000,4,5,6,6,7,9,35,83,130,130,130,5877,0,5,19.68428027166572,2.237843000330031,954.5754110004054,64.08626850433895
1781571356,80,GET,/api/load/memory-light [GET],11.500000,0.000000,2,3,3,3,4,5,6,7,8,8,8,2211,0,2,13.359167532849522,1.3184260023990646,858.2991319999564,50.0
1781571356,80,GET,/api/products [GET],19.400000,0.000000,1,2,2,2,3,3,6,19,45,45,45,3603,0,1,11.01635942324395,0.7718049964751117,852.6058299976285,120.0
1781571356,80,,Aggregated,61.800000,0.000000,3,4,5,5,6,7,14,35,130,130,130,11691,0,3,15.816746007497876,0.7718049964751117,954.5754110004054,78.65409289196818
1781571357,80,GET,/api/load/gc [GC-pressure],30.700000,0.000000,5,5,6,6,8,24,78,88,130,130,130,5902,0,5,19.71488482049719,2.237843000330031,954.5754110004054,64.086580820061
1781571357,80,GET,/api/load/memory-light [GET],11.800000,0.000000,2,3,3,3,5,25,38,57,70,70,70,2224,0,2,13.403026438913749,1.3184260023990646,858.2991319999564,50.0
1781571357,80,GET,/api/products [GET],19.100000,0.000000,1,2,2,2,3,4,19,26,33,33,33,3619,0,1,10.991861270775932,0.7718049964751117,852.6058299976285,120.0
1781571357,80,,Aggregated,61.600000,0.000000,3,4,5,5,7,11,50,72,130,130,130,11745,0,3,15.831854146416067,0.7718049964751117,954.5754110004054,78.64785014899958
1781571358,80,GET,/api/load/gc [GC-pressure],29.200000,0.000000,5,5,6,6,8,37,81,89,130,130,130,5934,0,5,19.649874366627245,2.237843000330031,954.5754110004054,64.08645096056622
1781571358,80,GET,/api/load/memory-light [GET],12.700000,0.000000,2,3,3,3,5,25,38,57,70,70,70,2242,0,2,13.334065656163082,1.3184260023990646,858.2991319999564,50.0
1781571358,80,GET,/api/products [GET],19.600000,0.000000,1,2,2,2,3,4,19,26,33,33,33,3636,0,1,10.952613089364812,0.7718049964751117,852.6058299976285,120.0
1781571358,80,,Aggregated,61.500000,0.000000,3,4,5,5,7,17,57,78,130,130,130,11812,0,3,15.773876641179662,0.7718049964751117,954.5754110004054,78.62419573315273
1781571359,80,GET,/api/load/gc [GC-pressure],29.000000,0.000000,5,5,6,6,7,14,72,88,320,320,320,5962,0,5,19.633216163129575,2.237843000330031,954.5754110004054,64.08638040925864
1781571359,80,GET,/api/load/memory-light [GET],12.200000,0.000000,2,3,3,3,6,28,50,57,70,70,70,2253,0,2,13.301938550435,1.3184260023990646,858.2991319999564,50.0
1781571359,80,GET,/api/products [GET],21.000000,0.000000,1,2,2,2,3,4,19,26,33,33,33,3655,0,1,10.903469002716468,0.7718049964751117,852.6058299976285,120.0
1781571359,80,,Aggregated,62.200000,0.000000,3,4,5,5,6,12,50,70,320,320,320,11870,0,3,15.743444104771463,0.7718049964751117,954.5754110004054,78.6295703454086
1781571360,80,GET,/api/load/gc [GC-pressure],29.100000,0.000000,5,5,6,6,8,22,72,88,320,320,320,5996,0,5,19.569706037292637,2.237843000330031,954.5754110004054,64.08622414943295
1781571360,80,GET,/api/load/memory-light [GET],12.200000,0.000000,2,3,3,3,6,31,57,70,110,110,110,2265,0,2,13.292714304243297,1.3184260023990646,858.2991319999564,50.0
1781571360,80,GET,/api/products [GET],20.400000,0.000000,1,2,2,2,3,4,19,26,33,33,33,3677,0,1,10.851333552877705,0.7718049964751117,852.6058299976285,120.0
1781571360,80,,Aggregated,61.700000,0.000000,3,4,5,5,7,18,57,72,320,320,320,11938,0,3,15.693441847264955,0.7718049964751117,954.5754110004054,78.63553359021611
1781571361,80,GET,/api/load/gc [GC-pressure],29.900000,0.000000,5,5,6,6,9,26,72,88,320,320,320,6029,0,5,19.49860758079509,2.237843000330031,954.5754110004054,64.08608392768286
1781571361,80,GET,/api/load/memory-light [GET],12.600000,0.000000,2,3,3,3,7,32,70,110,170,170,170,2276,0,2,13.313362165682825,1.3184260023990646,858.2991319999564,50.0
1781571361,80,GET,/api/products [GET],19.700000,0.000000,1,2,2,2,3,7,19,26,33,33,33,3692,0,1,10.8183791581602,0.7718049964751117,852.6058299976285,120.0
1781571361,80,,Aggregated,62.200000,0.000000,3,4,5,5,7,19,65,78,320,320,320,11997,0,3,15.653894577447291,0.7718049964751117,954.5754110004054,78.62090522630658
1781571362,80,GET,/api/load/gc [GC-pressure],29.100000,0.000000,5,5,6,6,10,26,72,88,320,320,320,6059,0,5,19.424833680908304,2.237843000330031,954.5754110004054,64.0858227430269
1781571362,80,GET,/api/load/memory-light [GET],12.800000,0.000000,2,3,3,3,7,32,70,110,170,170,170,2293,0,2,13.233092862233507,1.3184260023990646,858.2991319999564,50.0
1781571362,80,GET,/api/products [GET],20.000000,0.000000,1,2,2,2,3,7,19,26,33,33,33,3713,0,1,10.768850122789937,0.7718049964751117,852.6058299976285,120.0
1781571362,80,,Aggregated,61.900000,0.000000,3,4,5,5,7,19,65,78,320,320,320,12065,0,3,15.58419309669655,0.7718049964751117,954.5754110004054,78.61632822213012
1781571363,80,GET,/api/load/gc [GC-pressure],29.400000,0.000000,5,5,6,6,11,26,72,88,320,320,320,6089,0,5,19.353941376523583,2.237843000330031,954.5754110004054,64.08556413204138
1781571363,80,GET,/api/load/memory-light [GET],12.700000,0.000000,2,3,3,3,7,32,70,110,170,170,170,2311,0,2,13.147198744309385,1.3184260023990646,858.2991319999564,50.0
1781571363,80,GET,/api/products [GET],20.000000,0.000000,1,2,2,2,3,7,19,26,33,33,33,3726,0,1,10.737707479578212,0.7718049964751117,852.6058299976285,120.0
1781571363,80,,Aggregated,62.100000,0.000000,3,4,5,5,8,19,65,78,320,320,320,12126,0,3,15.523505146681469,0.7718049964751117,954.5754110004054,78.58213755566551
1781571364,80,GET,/api/load/gc [GC-pressure],30.200000,0.000000,5,5,6,7,17,50,81,93,320,320,320,6120,0,5,19.36036910353436,2.237843000330031,954.5754110004054,64.08611111111111
1781571364,80,GET,/api/load/memory-light [GET],12.700000,0.000000,2,3,3,4,24,50,70,110,170,170,170,2330,0,2,13.166633856696023,1.3184260023990646,858.2991319999564,50.0
1781571364,80,GET,/api/products [GET],19.100000,0.000000,1,2,2,2,3,9,21,33,72,72,72,3744,0,1,10.712210816210346,0.7718049964751117,852.6058299976285,120.0
1781571364,80,,Aggregated,62.000000,0.000000,3,4,5,5,13,36,70,88,320,320,320,12194,0,3,15.521587099854317,0.7718049964751117,954.5754110004054,78.56216171887813
1781571365,78,GET,/api/load/gc [GC-pressure],29.300000,0.000000,5,5,6,7,17,50,81,93,320,320,320,6146,0,5,19.30333844592382,2.237843000330031,954.5754110004054,64.08607224210868
1781571365,78,GET,/api/load/memory-light [GET],13.300000,0.000000,2,3,3,5,25,57,70,110,170,170,170,2345,0,2,13.101107889162337,1.3184260023990646,858.2991319999564,50.0
1781571365,78,GET,/api/products [GET],20.100000,0.000000,1,2,2,2,4,18,33,63,72,72,72,3761,0,1,10.709019144345048,0.7718049964751117,852.6058299976285,120.0
1781571365,78,,Aggregated,62.700000,0.000000,3,4,5,6,15,38,70,88,320,320,320,12252,0,3,15.478047428225203,0.7718049964751117,954.5754110004054,78.5539503754489
1781571366,77,GET,/api/load/gc [GC-pressure],29.500000,0.000000,5,5,6,7,19,67,93,170,320,320,320,6179,0,5,19.354426998162072,2.237843000330031,954.5754110004054,64.0865835895776
1781571366,77,GET,/api/load/memory-light [GET],13.700000,0.000000,2,3,3,4,8,57,110,140,170,170,170,2354,0,2,13.119357758321437,1.3184260023990646,858.2991319999564,50.0
1781571366,77,GET,/api/products [GET],19.100000,0.000000,1,2,2,2,4,18,54,63,72,72,72,3778,0,1,10.689468355710723,0.7718049964751117,852.6058299976285,120.0
1781571366,77,,Aggregated,62.300000,0.000000,3,5,5,6,15,50,88,110,320,320,320,12311,0,3,15.503109741906199,0.7718049964751117,954.5754110004054,78.55178295832995
1781571367,76,GET,/api/load/gc [GC-pressure],28.700000,0.000000,5,5,6,7,16,46,90,160,320,320,320,6214,0,5,19.270170928326163,2.237843000330031,954.5754110004054,64.08609591245575
1781571367,76,GET,/api/load/memory-light [GET],14.500000,0.000000,2,3,3,4,7,50,110,140,170,170,170,2365,0,2,13.07020202710049,1.3184260023990646,858.2991319999564,50.0
1781571367,76,GET,/api/products [GET],19.300000,0.000000,1,2,2,2,4,17,54,63,72,72,72,3792,0,1,10.656888389734423,0.7718049964751117,852.6058299976285,120.0
1781571367,76,,Aggregated,62.500000,0.000000,3,5,5,5,12,31,76,110,320,320,320,12371,0,3,15.444732900863663,0.7718049964751117,954.5754110004054,78.5321315980923
1781571368,75,GET,/api/load/gc [GC-pressure],29.500000,0.000000,5,5,6,7,17,52,90,160,320,320,320,6243,0,5,19.2454060715394,2.237843000330031,954.5754110004054,64.08585615889797
1781571368,75,GET,/api/load/memory-light [GET],14.100000,0.000000,2,3,3,4,7,50,110,140,170,170,170,2380,0,2,13.012853158448218,1.3184260023990646,858.2991319999564,50.0
1781571368,75,GET,/api/products [GET],19.200000,0.000000,1,2,2,2,4,9,54,63,72,72,72,3804,0,1,10.63027306463769,0.7718049964751117,852.6058299976285,120.0
1781571368,75,,Aggregated,62.800000,0.000000,3,5,5,5,13,46,75,110,320,320,320,12427,0,3,15.414598805794562,0.7718049964751117,954.5754110004054,78.50390279230707
1781571369,74,GET,/api/load/gc [GC-pressure],30.300000,0.000000,5,5,6,7,21,64,93,170,330,330,330,6268,0,5,19.261861373747987,2.237843000330031,954.5754110004054,64.0858328015316
1781571369,74,GET,/api/load/memory-light [GET],14.200000,0.000000,2,3,3,3,6,18,110,140,170,170,170,2395,0,2,12.9458286267662,1.3184260023990646,858.2991319999564,50.0
1781571369,74,GET,/api/products [GET],17.000000,0.000000,1,2,2,2,7,33,55,70,72,72,72,3824,0,1,10.649851544688138,0.7718049964751117,852.6058299976285,120.0
1781571369,74,,Aggregated,61.500000,0.000000,3,5,5,5,16,52,75,110,330,330,330,12487,0,3,15.413120762284366,0.7718049964751117,954.5754110004054,78.50724753743894
1781571370,73,GET,/api/load/gc [GC-pressure],31.100000,0.000000,5,5,6,9,25,64,93,170,330,330,330,6294,0,5,19.246880565405085,2.237843000330031,954.5754110004054,64.0862726406101
1781571370,73,GET,/api/load/memory-light [GET],13.700000,0.000000,2,3,3,4,7,50,110,140,170,170,170,2405,0,2,12.95941204952065,1.3184260023990646,858.2991319999564,50.0
1781571370,73,GET,/api/products [GET],17.200000,0.000000,1,2,2,3,9,46,55,70,72,72,72,3843,0,1,10.627402044202949,0.7718049964751117,852.6058299976285,120.0
1781571370,73,,Aggregated,62.000000,0.000000,3,5,5,6,18,54,79,140,330,330,330,12542,0,3,15.4001242476183,0.7718049964751117,954.5754110004054,78.51770052623186
1781571371,71,GET,/api/load/gc [GC-pressure],30.500000,0.000000,5,5,7,12,36,74,100,180,330,330,330,6323,0,5,19.24753068869752,2.237843000330031,954.5754110004054,64.08635141546735
1781571371,71,GET,/api/load/memory-light [GET],13.700000,0.000000,2,3,3,4,8,50,67,110,140,140,140,2416,0,2,12.952858007491955,1.3184260023990646,858.2991319999564,50.0
1781571371,71,GET,/api/products [GET],16.800000,0.000000,1,2,2,3,18,46,55,70,72,72,72,3861,0,1,10.595863453473969,0.7718049964751117,852.6058299976285,120.0
1781571371,71,,Aggregated,61.000000,0.000000,3,5,5,6,21,55,81,140,330,330,330,12600,0,3,15.389434149571267,0.7718049964751117,954.5754110004054,78.5188888888889
1781571372,70,GET,/api/load/gc [GC-pressure],30.100000,0.000000,5,5,7,12,49,75,100,180,330,330,330,6350,0,5,19.206411868134904,2.237843000330031,954.5754110004054,64.08614173228347
1781571372,70,GET,/api/load/memory-light [GET],14.300000,0.000000,2,3,3,5,8,41,67,110,140,140,140,2436,0,2,12.877474081322388,1.3184260023990646,858.2991319999564,50.0
1781571372,70,GET,/api/products [GET],16.500000,0.000000,1,2,2,3,18,49,55,70,72,72,72,3867,0,1,10.58290934105507,0.7718049964751117,852.6058299976285,120.0
1781571372,70,,Aggregated,60.900000,0.000000,3,5,5,6,23,61,81,140,330,330,330,12653,0,3,15.352434414496003,0.7718049964751117,954.5754110004054,78.46257804473248
1781571373,69,GET,/api/load/gc [GC-pressure],30.000000,0.000000,5,5,7,12,37,75,100,180,330,330,330,6385,0,5,19.128485064157804,2.237843000330031,954.5754110004054,64.08598277212216
1781571373,69,GET,/api/load/memory-light [GET],14.200000,0.000000,2,3,4,5,17,50,67,110,140,140,140,2442,0,2,12.85190424410708,1.3184260023990646,858.2991319999564,50.0
1781571373,69,GET,/api/products [GET],16.500000,0.000000,1,2,2,3,18,49,55,70,72,72,72,3882,0,1,10.550496612269908,0.7718049964751117,852.6058299976285,120.0
1781571373,69,,Aggregated,60.700000,0.000000,3,5,5,6,23,61,81,140,330,330,330,12709,0,3,15.302286186764407,0.7718049964751117,954.5754110004054,78.45849398064364
1781571374,68,GET,/api/load/gc [GC-pressure],28.900000,0.000000,5,5,6,9,21,67,90,180,330,330,330,6411,0,5,19.073699155615415,2.237843000330031,954.5754110004054,64.08563406644829
1781571374,68,GET,/api/load/memory-light [GET],13.900000,0.000000,2,2,3,4,7,21,61,110,140,140,140,2452,0,2,12.808972624022465,1.3184260023990646,858.2991319999564,50.0
1781571374,68,GET,/api/products [GET],16.800000,0.000000,1,2,2,3,13,35,54,63,70,70,70,3897,0,1,10.519703279658646,0.7718049964751117,852.6058299976285,120.0
1781571374,68,,Aggregated,59.600000,0.000000,3,5,5,6,16,54,76,140,330,330,330,12760,0,3,15.257395755609972,0.7718049964751117,954.5754110004054,78.45556426332288
1781571375,67,GET,/api/load/gc [GC-pressure],29.000000,0.000000,5,5,6,7,20,67,90,180,330,330,330,6431,0,5,19.029834257761305,2.237843000330031,954.5754110004054,64.08536774996112
1781571375,67,GET,/api/load/memory-light [GET],14.300000,0.000000,2,2,3,4,7,18,61,110,140,140,140,2468,0,2,12.74817277029903,1.3184260023990646,858.2991319999564,50.0
1781571375,67,GET,/api/products [GET],15.500000,0.000000,1,2,2,3,5,21,53,54,70,70,70,3910,0,1,10.492130115552989,0.7718049964751117,852.6058299976285,120.0
1781571375,67,,Aggregated,58.800000,0.000000,3,5,5,6,15,51,79,140,330,330,330,12809,0,3,15.21333306741925,0.7718049964751117,954.5754110004054,78.4396127722695
1781571376,66,GET,/api/load/gc [GC-pressure],29.200000,0.000000,5,5,6,7,16,55,76,89,330,330,330,6454,0,5,18.99533963304454,2.237843000330031,954.5754110004054,64.0852184691664
1781571376,66,GET,/api/load/memory-light [GET],13.200000,0.000000,2,2,3,4,7,17,41,61,110,110,110,2481,0,2,12.694218985933844,1.3184260023990646,858.2991319999564,50.0
1781571376,66,GET,/api/products [GET],15.700000,0.000000,1,2,2,2,5,21,49,54,70,70,70,3930,0,1,10.446799077804831,0.7718049964751117,852.6058299976285,120.0
1781571376,66,,Aggregated,58.100000,0.000000,3,5,5,5,13,35,70,79,330,330,330,12865,0,3,15.16876794959536,0.7718049964751117,954.5754110004054,78.44974737660318
1781571377,64,GET,/api/load/gc [GC-pressure],29.300000,0.000000,5,5,6,9,20,58,76,89,330,330,330,6475,0,5,18.954863739254996,2.237843000330031,954.5754110004054,64.08525096525096
1781571377,64,GET,/api/load/memory-light [GET],12.100000,0.000000,2,2,3,4,7,17,41,61,110,110,110,2488,0,2,12.67047921708441,1.3184260023990646,858.2991319999564,50.0
1781571377,64,GET,/api/products [GET],15.200000,0.000000,1,2,2,2,5,23,49,54,70,70,70,3951,0,1,10.408947308221414,0.7718049964751117,852.6058299976285,120.0
1781571377,64,,Aggregated,56.600000,0.000000,3,5,5,6,15,41,70,79,330,330,330,12914,0,3,15.129521900152154,0.7718049964751117,954.5754110004054,78.47855041040731
1781571378,63,GET,/api/load/gc [GC-pressure],27.900000,0.000000,5,5,6,6,16,51,76,89,330,330,330,6502,0,5,18.895046350305087,2.237843000330031,954.5754110004054,64.08505075361427
1781571378,63,GET,/api/load/memory-light [GET],12.400000,0.000000,2,2,3,4,7,18,41,61,110,110,110,2494,0,2,12.64972614679409,1.3184260023990646,858.2991319999564,50.0
1781571378,63,GET,/api/products [GET],14.700000,0.000000,1,2,2,2,4,15,42,53,54,54,54,3965,0,1,10.379073160598765,0.7718049964751117,852.6058299976285,120.0
1781571378,63,,Aggregated,55.000000,0.000000,3,4,5,5,12,21,61,79,330,330,330,12961,0,3,15.08811306701352,0.7718049964751117,954.5754110004054,78.48013270580974
1781571379,62,GET,/api/load/gc [GC-pressure],27.100000,0.000000,5,5,6,6,14,24,75,81,180,180,180,6532,0,5,18.828487714891533,2.237843000330031,954.5754110004054,64.08481322718922
1781571379,62,GET,/api/load/memory-light [GET],12.300000,0.000000,2,2,3,4,7,18,41,61,110,110,110,2505,0,2,12.60597094734401,1.3184260023990646,858.2991319999564,50.0
1781571379,62,GET,/api/products [GET],15.500000,0.000000,1,2,2,2,4,10,35,42,54,54,54,3974,0,1,10.362871922944397,0.7718049964751117,852.6058299976285,120.0
1781571379,62,,Aggregated,54.900000,0.000000,3,4,5,5,11,20,54,76,180,180,180,13011,0,3,15.044784566793426,0.7718049964751117,954.5754110004054,78.45146414572285
1781571380,61,GET,/api/load/gc [GC-pressure],26.200000,0.000000,5,5,5,6,11,15,24,75,89,89,89,6555,0,5,18.77962297752713,2.237843000330031,954.5754110004054,64.08451563691838
1781571380,61,GET,/api/load/memory-light [GET],12.200000,0.000000,2,2,3,3,6,8,18,23,61,61,61,2518,0,2,12.549804125137525,1.3184260023990646,858.2991319999564,50.0
1781571380,61,GET,/api/products [GET],15.800000,0.000000,1,2,2,2,4,6,15,35,42,42,42,3989,0,1,10.329889546448973,0.7718049964751117,852.6058299976285,120.0
1781571380,61,,Aggregated,54.200000,0.000000,3,4,5,5,7,13,22,54,89,89,89,13062,0,3,14.998221161045137,0.7718049964751117,954.5754110004054,78.44541417853316
1781571381,60,GET,/api/load/gc [GC-pressure],26.400000,0.000000,5,5,5,6,10,14,22,67,89,89,89,6577,0,5,18.733510967869506,2.237843000330031,954.5754110004054,64.08423293294815
1781571381,60,GET,/api/load/memory-light [GET],11.600000,0.000000,2,2,3,3,6,7,13,18,23,23,23,2530,0,2,12.503381442322796,1.3184260023990646,858.2991319999564,50.0
1781571381,60,GET,/api/products [GET],15.700000,0.000000,1,2,2,2,4,5,10,15,42,42,42,4005,0,1,10.296527214681356,0.7718049964751117,852.6058299976285,120.0
1781571381,60,,Aggregated,53.700000,0.000000,3,4,5,5,6,11,18,23,89,89,89,13112,0,3,14.954350837366784,0.7718049964751117,954.5754110004054,78.44585112873703
1781571382,59,GET,/api/load/gc [GC-pressure],26.100000,0.000000,5,5,5,5,8,14,18,22,89,89,89,6597,0,5,18.68931057809459,2.237843000330031,954.5754110004054,64.0839775655601
1781571382,59,GET,/api/load/memory-light [GET],11.000000,0.000000,2,2,3,3,5,7,7,13,18,18,18,2539,0,2,12.468948508495663,1.3184260023990646,858.2991319999564,50.0
1781571382,59,GET,/api/products [GET],15.300000,0.000000,1,2,2,2,4,5,10,15,42,42,42,4019,0,1,10.266001599601385,0.7718049964751117,852.6058299976285,120.0
1781571382,59,,Aggregated,52.400000,0.000000,3,4,5,5,6,10,15,19,89,89,89,13155,0,3,14.915325167279246,0.7718049964751117,954.5754110004054,78.4486507031547
1781571383,57,GET,/api/load/gc [GC-pressure],26.300000,0.000000,5,5,5,6,8,13,18,22,89,89,89,6620,0,5,18.63990380115975,2.237843000330031,954.5754110004054,64.08368580060423
1781571383,57,GET,/api/load/memory-light [GET],11.100000,0.000000,2,2,3,3,5,7,7,13,18,18,18,2552,0,2,12.415244583494413,1.3184260023990646,858.2991319999564,50.0
1781571383,57,GET,/api/products [GET],14.700000,0.000000,1,2,2,2,4,4,10,15,42,42,42,4029,0,1,10.244444914069668,0.7718049964751117,852.6058299976285,120.0
1781571383,57,,Aggregated,52.100000,0.000000,3,4,5,5,6,10,14,19,89,89,89,13201,0,3,14.87423194451496,0.7718049964751117,954.5754110004054,78.42693735323081
1781571384,56,GET,/api/load/gc [GC-pressure],25.100000,0.000000,5,5,5,5,8,12,18,22,89,89,89,6640,0,5,18.598205744683035,2.237843000330031,954.5754110004054,64.08343373493976
1781571384,56,GET,/api/load/memory-light [GET],11.400000,0.000000,2,2,2,3,5,7,7,13,18,18,18,2564,0,2,12.366375528107769,1.3184260023990646,858.2991319999564,50.0
1781571384,56,GET,/api/products [GET],14.700000,0.000000,1,2,2,2,4,4,8,10,42,42,42,4041,0,1,10.219257370649562,0.7718049964751117,852.6058299976285,120.0
1781571384,56,,Aggregated,51.200000,0.000000,3,4,5,5,6,8,14,19,89,89,89,13245,0,3,14.835446737150514,0.7718049964751117,954.5754110004054,78.4170630426576
1781571385,55,GET,/api/load/gc [GC-pressure],24.200000,0.000000,5,5,5,5,7,12,18,22,89,89,89,6663,0,5,18.548628877334213,2.237843000330031,954.5754110004054,64.08314573015159
1781571385,55,GET,/api/load/memory-light [GET],10.200000,0.000000,2,2,3,3,5,6,7,7,13,13,13,2573,0,2,12.333431576780058,1.299395997193642,858.2991319999564,50.0
1781571385,55,GET,/api/products [GET],15.100000,0.000000,1,2,2,2,4,4,8,10,42,42,42,4051,0,1,10.198207163366513,0.7687059987802058,852.6058299976285,120.0
1781571385,55,,Aggregated,49.500000,0.000000,3,4,5,5,6,8,14,19,89,89,89,13287,0,3,14.799154878868872,0.7687059987802058,954.5754110004054,78.40415443666743
1781571386,54,GET,/api/load/gc [GC-pressure],23.600000,0.000000,5,5,5,5,6,9,14,19,22,22,22,6687,0,5,18.49735979627291,2.237843000330031,954.5754110004054,64.08284731568716
1781571386,54,GET,/api/load/memory-light [GET],11.000000,0.000000,2,2,2,3,5,6,7,13,13,13,13,2581,0,2,12.304297676507163,1.299395997193642,858.2991319999564,50.0
1781571386,54,GET,/api/products [GET],14.300000,0.000000,1,2,2,2,4,4,8,10,42,42,42,4062,0,1,10.176399646677535,0.7687059987802058,852.6058299976285,120.0
1781571386,54,,Aggregated,48.900000,0.000000,3,4,5,5,6,8,12,18,42,42,42,13330,0,3,14.76262360281666,0.7687059987802058,954.5754110004054,78.39549887471868
1781571387,53,GET,/api/load/gc [GC-pressure],22.900000,0.000000,4,5,5,5,6,8,12,14,18,18,18,6709,0,5,18.450765192380135,2.237843000330031,954.5754110004054,64.08257564465643
1781571387,53,GET,/api/load/memory-light [GET],11.300000,0.000000,2,2,2,3,5,6,7,7,7,7,7,2588,0,2,12.278360783643178,1.299395997193642,858.2991319999564,50.0
1781571387,53,GET,/api/products [GET],14.500000,0.000000,1,2,2,2,4,4,6,8,10,10,10,4076,0,1,10.14666029852996,0.7687059987802058,852.6058299976285,120.0
1781571387,53,,Aggregated,48.700000,0.000000,3,4,5,5,6,7,9,12,18,18,18,13373,0,3,14.725220127163313,0.7687059987802058,954.5754110004054,78.40050848725043
1781571388,52,GET,/api/load/gc [GC-pressure],23.400000,0.000000,4,5,5,5,7,9,12,14,35,35,35,6730,0,5,18.41145866607437,2.237843000330031,954.5754110004054,64.08231797919763
1781571388,52,GET,/api/load/memory-light [GET],10.300000,0.000000,2,2,2,3,4,6,7,31,31,31,31,2596,0,2,12.258442147946232,1.299395997193642,858.2991319999564,50.0
1781571388,52,GET,/api/products [GET],14.000000,0.000000,1,1,2,2,4,4,5,8,10,10,10,4092,0,1,10.114851566910096,0.7687059987802058,852.6058299976285,120.0
1781571388,52,,Aggregated,47.700000,0.000000,3,4,5,5,6,7,10,12,35,35,35,13418,0,3,14.690863411130202,0.7687059987802058,954.5754110004054,78.410642420629
1781571389,50,GET,/api/load/gc [GC-pressure],23.300000,0.000000,5,5,5,6,7,9,10,12,35,35,35,6747,0,5,18.378290158690053,2.237843000330031,954.5754110004054,64.0821105676597
1781571389,50,GET,/api/load/memory-light [GET],10.100000,0.000000,2,2,2,2,4,6,7,31,31,31,31,2604,0,2,12.227427173994691,1.299395997193642,858.2991319999564,50.0
1781571389,50,GET,/api/products [GET],13.000000,0.000000,1,1,2,2,4,4,4,5,8,8,8,4106,0,1,10.087288900341692,0.7687059987802058,852.6058299976285,120.0
1781571389,50,,Aggregated,46.400000,0.000000,3,4,5,5,6,7,10,12,35,35,35,13457,0,3,14.658315544814368,0.7687059987802058,954.5754110004054,78.41881548636397
1781571390,49,GET,/api/load/gc [GC-pressure],23.200000,0.000000,4,5,5,5,7,9,9,10,35,35,35,6764,0,5,18.34248211216478,2.237843000330031,954.5754110004054,64.081904198699
1781571390,49,GET,/api/load/memory-light [GET],9.900000,0.000000,2,2,2,3,5,6,7,31,31,31,31,2613,0,2,12.194807516675967,1.299395997193642,858.2991319999564,50.0
1781571390,49,GET,/api/products [GET],12.400000,0.000000,1,2,2,2,4,4,4,5,8,8,8,4121,0,1,10.056776689831535,0.7687059987802058,852.6058299976285,120.0
1781571390,49,,Aggregated,45.500000,0.000000,3,4,5,5,6,7,9,10,35,35,35,13498,0,3,14.622726165843284,0.7687059987802058,954.5754110004054,78.42791524670322
1781571391,48,GET,/api/load/gc [GC-pressure],22.100000,0.000000,4,5,5,5,7,9,10,11,35,35,35,6785,0,5,18.300356608056475,2.237843000330031,954.5754110004054,64.0816507000737
1781571391,48,GET,/api/load/memory-light [GET],9.800000,0.000000,2,2,2,3,4,5,7,31,31,31,31,2622,0,2,12.162063120928645,1.299395997193642,858.2991319999564,50.0
1781571391,48,GET,/api/products [GET],12.800000,0.000000,1,2,2,2,3,4,4,4,5,5,5,4131,0,1,10.03634104521646,0.7687059987802058,852.6058299976285,120.0
1781571391,48,,Aggregated,44.700000,0.000000,3,4,5,5,5,7,9,11,35,35,35,13538,0,3,14.5898193194362,0.7687059987802058,954.5754110004054,78.41734377308318
1781571392,47,GET,/api/load/gc [GC-pressure],21.500000,0.000000,4,5,5,5,7,9,10,11,35,35,35,6804,0,5,18.26145264868591,2.237843000330031,954.5754110004054,64.0814226925338
1781571392,47,GET,/api/load/memory-light [GET],9.900000,0.000000,2,2,2,3,4,5,7,31,31,31,31,2628,0,2,12.139833942568009,1.299395997193642,858.2991319999564,50.0
1781571392,47,GET,/api/products [GET],13.100000,0.000000,1,2,2,2,3,4,4,4,5,5,5,4141,0,1,10.016808979665306,0.7687059987802058,852.6058299976285,120.0
1781571392,47,,Aggregated,44.500000,0.000000,3,4,5,5,5,7,9,11,35,35,35,13573,0,3,14.560820261366073,0.7687059987802058,954.5754110004054,78.41523613055331
1781571393,46,GET,/api/load/gc [GC-pressure],20.200000,0.000000,4,5,5,5,7,9,11,12,35,35,35,6826,0,5,18.21622860777201,2.237843000330031,954.5754110004054,64.08116026955757
1781571393,46,GET,/api/load/memory-light [GET],9.500000,0.000000,2,2,3,3,4,5,7,31,31,31,31,2639,0,2,12.097686734011251,1.299395997193642,858.2991319999564,50.0
1781571393,46,GET,/api/products [GET],13.200000,0.000000,1,2,2,2,4,4,4,4,5,5,5,4148,0,1,10.002859633028088,0.7687059987802058,852.6058299976285,120.0
1781571393,46,,Aggregated,42.900000,0.000000,3,4,5,5,5,7,10,11,35,35,35,13613,0,3,14.527410087821048,0.7687059987802058,954.5754110004054,78.39036215382355
1781571394,45,GET,/api/load/gc [GC-pressure],20.700000,0.000000,4,5,5,5,7,9,10,11,35,35,35,6845,0,5,18.178331891258967,2.237843000330031,954.5754110004054,64.0809349890431
1781571394,45,GET,/api/load/memory-light [GET],9.100000,0.000000,2,2,3,3,5,5,7,31,31,31,31,2646,0,2,12.070791246809229,1.299395997193642,858.2991319999564,50.0
1781571394,45,GET,/api/products [GET],12.300000,0.000000,1,2,2,2,4,4,4,4,5,5,5,4156,0,1,9.987478973726464,0.7687059987802058,852.6058299976285,120.0
1781571394,45,,Aggregated,42.100000,0.000000,3,4,5,5,6,7,10,11,35,35,35,13647,0,3,14.499740459407343,0.7687059987802058,954.5754110004054,78.38015681102074
1781571395,43,GET,/api/load/gc [GC-pressure],20.800000,0.000000,4,5,5,6,7,9,11,12,35,35,35,6860,0,5,18.150075252282896,2.237843000330031,954.5754110004054,64.08075801749271
1781571395,43,GET,/api/load/memory-light [GET],8.900000,0.000000,2,2,3,3,4,5,7,31,31,31,31,2650,0,2,12.057273371341717,1.299395997193642,858.2991319999564,50.0
1781571395,43,GET,/api/products [GET],12.300000,0.000000,1,2,2,2,4,4,4,4,5,5,5,4168,0,1,9.96399099995222,0.7687059987802058,852.6058299976285,120.0
1781571395,43,,Aggregated,42.000000,0.000000,3,4,5,5,6,7,10,11,35,35,35,13678,0,3,14.475157563424263,0.7687059987802058,954.5754110004054,78.39260125749378
1781571396,42,GET,/api/load/gc [GC-pressure],20.600000,0.000000,4,5,5,6,8,9,11,12,35,35,35,6876,0,5,18.11993300925795,2.237843000330031,954.5754110004054,64.08057009889471
1781571396,42,GET,/api/load/memory-light [GET],8.500000,0.000000,2,2,3,3,4,6,7,31,31,31,31,2660,0,2,12.024820394000749,1.299395997193642,858.2991319999564,50.0
1781571396,42,GET,/api/products [GET],11.900000,0.000000,1,2,2,2,3,4,4,4,5,5,5,4181,0,1,9.937463229794993,0.7687059987802058,852.6058299976285,120.0
1781571396,42,,Aggregated,41.000000,0.000000,3,4,5,5,6,8,10,11,35,35,35,13717,0,3,14.443917429720237,0.7687059987802058,954.5754110004054,78.39454691259022
1781571397,41,GET,/api/load/gc [GC-pressure],20.400000,0.000000,5,5,5,6,8,9,11,12,35,35,35,6891,0,5,18.090367996321817,2.237843000330031,954.5754110004054,64.0803947177478
1781571397,41,GET,/api/load/memory-light [GET],8.000000,0.000000,2,2,3,3,4,6,7,31,31,31,31,2668,0,2,11.995647613209519,1.299395997193642,858.2991319999564,50.0
1781571397,41,GET,/api/products [GET],11.600000,0.000000,1,2,2,2,3,4,4,4,5,5,5,4189,0,1,9.921795643057033,0.7687059987802058,852.6058299976285,120.0
1781571397,41,,Aggregated,40.000000,0.000000,3,4,5,5,6,8,10,11,35,35,35,13748,0,3,14.418643849539027,0.7687059987802058,954.5754110004054,78.3865289496654
1781571398,40,GET,/api/load/gc [GC-pressure],19.600000,0.000000,5,5,5,6,8,9,10,11,12,12,12,6907,0,5,18.05888851334454,2.237843000330031,954.5754110004054,64.08020848414652
1781571398,40,GET,/api/load/memory-light [GET],7.600000,0.000000,2,2,3,3,4,5,6,7,7,7,7,2674,0,2,11.973011813399431,1.299395997193642,858.2991319999564,50.0
1781571398,40,GET,/api/products [GET],11.700000,0.000000,1,2,2,2,3,4,4,4,4,4,4,4197,0,1,9.90516722105198,0.7687059987802058,852.6058299976285,120.0
1781571398,40,,Aggregated,38.900000,0.000000,3,4,5,5,6,8,9,10,12,12,12,13778,0,3,14.394002277359267,0.7687059987802058,954.5754110004054,78.38162287705038
1781571399,39,GET,/api/load/gc [GC-pressure],18.800000,0.000000,5,5,5,6,8,9,10,11,12,12,12,6925,0,5,18.024092818724263,2.237843000330031,954.5754110004054,64.08
1781571399,39,GET,/api/load/memory-light [GET],7.800000,0.000000,2,2,3,3,4,5,6,7,7,7,7,2678,0,2,11.958462981712213,1.299395997193642,858.2991319999564,50.0
1781571399,39,GET,/api/products [GET],11.700000,0.000000,1,2,2,2,3,4,4,4,4,4,4,4208,0,1,9.884069759209524,0.7687059987802058,852.6058299976285,120.0
1781571399,39,,Aggregated,38.300000,0.000000,3,4,5,5,6,8,9,10,12,12,12,13811,0,3,14.367806254539461,0.7687059987802058,954.5754110004054,78.38780682065021
1781571400,38,GET,/api/load/gc [GC-pressure],17.900000,0.000000,5,5,5,6,7,8,10,11,12,12,12,6942,0,5,17.99106020493412,2.237843000330031,954.5754110004054,64.07980409104005
1781571400,38,GET,/api/load/memory-light [GET],8.000000,0.000000,2,2,3,3,4,5,6,7,7,7,7,2687,0,2,11.925634513223299,1.299395997193642,858.2991319999564,50.0
1781571400,38,GET,/api/products [GET],11.200000,0.000000,1,2,2,2,3,4,4,4,4,4,4,4215,0,1,9.870368600180491,0.7687059987802058,852.6058299976285,120.0
1781571400,38,,Aggregated,37.100000,0.000000,3,4,5,5,6,7,9,10,12,12,12,13844,0,3,14.34135535462615,0.7687059987802058,954.5754110004054,78.37272464605606
1781571401,36,GET,/api/load/gc [GC-pressure],17.800000,0.000000,5,5,5,6,7,8,9,10,12,12,12,6950,0,5,17.974855065993378,2.237843000330031,954.5754110004054,64.07971223021583
1781571401,36,GET,/api/load/memory-light [GET],7.800000,0.000000,2,2,2,3,4,4,6,7,7,7,7,2692,0,2,11.907135880397567,1.299395997193642,858.2991319999564,50.0
1781571401,36,GET,/api/products [GET],10.400000,0.000000,1,2,2,2,4,4,4,4,4,4,4,4222,0,1,9.858234550393455,0.7687059987802058,852.6058299976285,120.0
1781571401,36,,Aggregated,36.000000,0.000000,3,4,5,5,6,7,8,9,12,12,12,13864,0,3,14.324922011717064,0.7687059987802058,954.5754110004054,78.37521638776688
1781571402,35,GET,/api/load/gc [GC-pressure],17.800000,0.000000,5,5,5,6,7,8,9,10,12,12,12,6964,0,5,17.946786505550907,2.237843000330031,954.5754110004054,64.07955198161976
1781571402,35,GET,/api/load/memory-light [GET],7.300000,0.000000,2,2,2,3,3,6,6,7,7,7,7,2700,0,2,11.879699221869858,1.299395997193642,858.2991319999564,50.0
1781571402,35,GET,/api/products [GET],10.000000,0.000000,1,2,2,2,4,4,4,5,5,5,5,4232,0,1,9.83980466606051,0.7687059987802058,852.6058299976285,120.0
1781571402,35,,Aggregated,35.100000,0.000000,3,4,5,5,6,7,8,9,12,12,12,13896,0,3,14.298982618773259,0.7687059987802058,954.5754110004054,78.37435233160622
1781571403,34,GET,/api/load/gc [GC-pressure],17.700000,0.000000,5,5,5,6,7,8,8,9,10,10,10,6975,0,5,17.925218703462257,2.237843000330031,954.5754110004054,64.07942652329749
1781571403,34,GET,/api/load/memory-light [GET],7.300000,0.000000,2,2,3,3,4,6,6,7,7,7,7,2702,0,2,11.872520438584324,1.299395997193642,858.2991319999564,50.0
1781571403,34,GET,/api/products [GET],9.300000,0.000000,2,2,2,2,4,4,4,5,5,5,5,4240,0,1,9.825815297114426,0.7687059987802058,852.6058299976285,120.0
1781571403,34,,Aggregated,34.300000,0.000000,3,4,5,5,6,7,8,8,10,10,10,13917,0,3,14.282489584067633,0.7687059987802058,954.5754110004054,78.38284112955378
1781571404,33,GET,/api/load/gc [GC-pressure],16.500000,0.000000,5,5,5,5,7,8,8,9,10,10,10,6986,0,5,17.903044305700977,2.237843000330031,954.5754110004054,64.07930146006298
1781571404,33,GET,/api/load/memory-light [GET],7.000000,0.000000,2,2,3,3,4,6,6,7,7,7,7,2708,0,2,11.852797322400331,1.299395997193642,858.2991319999564,50.0
1781571404,33,GET,/api/products [GET],9.200000,0.000000,1,2,2,2,4,4,4,5,5,5,5,4247,0,1,9.811806175125287,0.7687059987802058,852.6058299976285,120.0
1781571404,33,,Aggregated,32.700000,0.000000,3,4,5,5,6,7,8,8,10,10,10,13941,0,3,14.262878092995066,0.7687059987802058,954.5754110004054,78.38017358869521
1781571405,32,GET,/api/load/gc [GC-pressure],15.900000,0.000000,5,5,5,5,7,8,8,8,9,9,9,7002,0,5,17.87249115104613,2.237843000330031,954.5754110004054,64.07912025135676
1781571405,32,GET,/api/load/memory-light [GET],7.100000,0.000000,2,2,3,3,4,6,6,7,7,7,7,2711,0,2,11.841701356350267,1.299395997193642,858.2991319999564,50.0
1781571405,32,GET,/api/products [GET],8.900000,0.000000,2,2,2,2,4,4,4,5,5,5,5,4254,0,1,9.798682541084155,0.7687059987802058,852.6058299976285,120.0
1781571405,32,,Aggregated,31.900000,0.000000,3,4,5,5,6,7,8,8,9,9,9,13967,0,3,14.242831742425901,0.7687059987802058,954.5754110004054,78.37846352115702
1781571406,30,GET,/api/load/gc [GC-pressure],14.900000,0.000000,5,5,5,5,7,7,8,8,17,17,17,7018,0,5,17.844950967029664,2.237843000330031,954.5754110004054,64.07908235964662
1781571406,30,GET,/api/load/memory-light [GET],6.300000,0.000000,2,2,2,3,3,5,6,6,6,6,6,2714,0,2,11.832137187200598,1.299395997193642,858.2991319999564,50.0
1781571406,30,GET,/api/products [GET],9.200000,0.000000,2,2,2,2,4,4,4,5,5,5,5,4258,0,1,9.791140354572223,0.7687059987802058,852.6058299976285,120.0
1781571406,30,,Aggregated,30.400000,0.000000,3,4,5,5,6,7,8,8,17,17,17,13990,0,3,14.227231010896721,0.7687059987802058,954.5754110004054,78.36790564689063
1781571407,29,GET,/api/load/gc [GC-pressure],14.000000,0.000000,5,5,5,6,7,8,8,12,17,17,17,7031,0,5,17.82130472928583,2.237843000330031,954.5754110004054,64.07893613995164
1781571407,29,GET,/api/load/memory-light [GET],6.200000,0.000000,2,2,2,3,3,5,6,6,6,6,6,2717,0,2,11.82109374496525,1.299395997193642,858.2991319999564,50.0
1781571407,29,GET,/api/products [GET],9.000000,0.000000,2,2,2,2,4,4,4,5,5,5,5,4265,0,1,9.77789346231538,0.7687059987802058,852.6058299976285,120.0
1781571407,29,,Aggregated,29.200000,0.000000,3,4,5,5,6,7,8,8,17,17,17,14013,0,3,14.209820942942578,0.7687059987802058,954.5754110004054,78.36929993577392
1781571408,28,GET,/api/load/gc [GC-pressure],14.100000,0.000000,5,5,5,6,7,7,8,12,17,17,17,7037,0,5,17.809457006624026,2.237843000330031,954.5754110004054,64.07886883615177
1781571408,28,GET,/api/load/memory-light [GET],6.200000,0.000000,2,2,2,3,5,6,6,6,6,6,6,2721,0,2,11.808169788341651,1.299395997193642,858.2991319999564,50.0
1781571408,28,GET,/api/products [GET],8.500000,0.000000,2,2,2,2,4,4,5,5,5,5,5,4276,0,1,9.757344374360523,0.7687059987802058,852.6058299976285,120.0
1781571408,28,,Aggregated,28.800000,0.000000,3,4,5,5,6,7,7,8,17,17,17,14034,0,3,14.192502742942603,0.7687059987802058,954.5754110004054,78.38770129685051
1781571409,27,GET,/api/load/gc [GC-pressure],14.200000,0.000000,5,5,5,6,7,8,10,12,17,17,17,7051,0,5,17.784807496327055,2.237843000330031,954.5754110004054,64.07871223939867
1781571409,27,GET,/api/load/memory-light [GET],5.500000,0.000000,2,2,2,3,5,6,6,6,6,6,6,2727,0,2,11.78747544887357,1.299395997193642,858.2991319999564,50.0
1781571409,27,GET,/api/products [GET],7.700000,0.000000,2,2,2,2,4,4,5,5,5,5,5,4282,0,1,9.746809560898512,0.7687059987802058,852.6058299976285,120.0
1781571409,27,,Aggregated,27.400000,0.000000,3,4,5,5,6,7,8,10,17,17,17,14060,0,3,14.173610365963563,0.7687059987802058,954.5754110004054,78.37901849217639
1781571410,26,GET,/api/load/gc [GC-pressure],14.000000,0.000000,5,5,5,6,7,8,10,12,17,17,17,7062,0,5,17.763407715606835,2.237843000330031,954.5754110004054,64.0785896346644
1781571410,26,GET,/api/load/memory-light [GET],5.000000,0.000000,2,2,2,3,5,6,6,6,6,6,6,2730,0,2,11.77792590222739,1.299395997193642,858.2991319999564,50.0
1781571410,26,GET,/api/products [GET],7.700000,0.000000,2,2,2,3,4,4,5,5,5,5,5,4286,0,1,9.739401379554305,0.7687059987802058,852.6058299976285,120.0
1781571410,26,,Aggregated,26.700000,0.000000,3,4,5,5,6,7,8,10,17,17,17,14078,0,3,14.15982364778136,0.7687059987802058,954.5754110004054,78.37356158545248
1781571411,25,GET,/api/load/gc [GC-pressure],12.800000,0.000000,5,5,5,5,7,8,10,12,17,17,17,7073,0,5,17.742722897728065,2.237843000330031,954.5754110004054,64.07846741128235
1781571411,25,GET,/api/load/memory-light [GET],4.700000,0.000000,2,2,2,3,5,5,6,6,6,6,6,2734,0,2,11.76466835994074,1.299395997193642,858.2991319999564,50.0
1781571411,25,GET,/api/products [GET],7.900000,0.000000,2,2,2,3,4,4,5,5,5,5,5,4293,0,1,9.72741013551545,0.7687059987802058,852.6058299976285,120.0
1781571411,25,,Aggregated,25.400000,0.000000,3,4,5,5,6,7,9,10,17,17,17,14100,0,3,14.143166954856484,0.7687059987802058,954.5754110004054,78.3749645390071
1781571412,23,GET,/api/load/gc [GC-pressure],12.500000,0.000000,5,5,5,6,7,8,10,12,17,17,17,7083,0,5,17.724373510180733,2.237843000330031,954.5754110004054,64.07835662854723
1781571412,23,GET,/api/load/memory-light [GET],4.900000,0.000000,2,2,3,5,5,6,6,6,6,6,6,2738,0,2,11.752217831295138,1.299395997193642,858.2991319999564,50.0
1781571412,23,GET,/api/products [GET],7.400000,0.000000,2,2,2,3,4,4,4,5,5,5,5,4299,0,1,9.716662533559349,0.7687059987802058,852.6058299976285,120.0
1781571412,23,,Aggregated,24.800000,0.000000,3,4,5,5,6,7,9,10,17,17,17,14120,0,3,14.128274945217271,0.7687059987802058,954.5754110004054,78.37443342776204
1781571413,22,GET,/api/load/gc [GC-pressure],12.100000,0.000000,5,5,6,6,7,8,10,12,17,17,17,7093,0,5,17.706377473508326,2.237843000330031,954.5754110004054,64.07824615818413
1781571413,22,GET,/api/load/memory-light [GET],4.300000,0.000000,2,2,3,4,5,5,6,6,6,6,6,2743,0,2,11.734690285483811,1.299395997193642,858.2991319999564,50.0
1781571413,22,GET,/api/products [GET],7.000000,0.000000,2,2,2,3,4,4,4,5,5,5,5,4305,0,1,9.70562001760138,0.7687059987802058,852.6058299976285,120.0
1781571413,22,,Aggregated,23.400000,0.000000,3,4,5,5,6,7,9,10,17,17,17,14141,0,3,14.112317732016871,0.7687059987802058,954.5754110004054,78.37189731985008
1781571414,21,GET,/api/load/gc [GC-pressure],12.300000,0.000000,5,5,6,6,7,8,10,12,17,17,17,7102,0,5,17.690459362656597,2.237843000330031,954.5754110004054,64.07814700084484
1781571414,21,GET,/api/load/memory-light [GET],4.200000,0.000000,2,2,3,3,5,5,6,6,6,6,6,2745,0,2,11.72779039019379,1.299395997193642,858.2991319999564,50.0
1781571414,21,GET,/api/products [GET],7.000000,0.000000,2,2,2,3,4,4,4,5,5,5,5,4308,0,1,9.700414983233303,0.7687059987802058,852.6058299976285,120.0
1781571414,21,,Aggregated,23.500000,0.000000,3,5,5,5,7,8,9,10,17,17,17,14155,0,3,14.102424214937349,0.7687059987802058,954.5754110004054,78.36757329565525
1781571415,20,GET,/api/load/gc [GC-pressure],11.800000,0.000000,5,5,6,7,8,8,10,12,17,17,17,7106,0,5,17.68328879448193,2.237843000330031,954.5754110004054,64.07810301153954
1781571415,20,GET,/api/load/memory-light [GET],3.800000,0.000000,2,2,3,3,5,6,6,6,6,6,6,2751,0,2,11.708104511478984,1.299395997193642,858.2991319999564,50.0
1781571415,20,GET,/api/products [GET],6.700000,0.000000,2,2,2,3,4,4,4,5,5,5,5,4315,0,1,9.687634011301448,0.7687059987802058,852.6058299976285,120.0
1781571415,20,,Aggregated,22.300000,0.000000,3,4,5,5,7,8,9,10,17,17,17,14172,0,3,14.088949085762984,0.7687059987802058,954.5754110004054,78.37207169065763
1781571416,19,GET,/api/load/gc [GC-pressure],11.600000,0.000000,5,5,6,6,8,8,10,12,12,12,12,7114,0,5,17.668961878490855,2.237843000330031,954.5754110004054,64.07801518133259
1781571416,19,GET,/api/load/memory-light [GET],4.100000,0.000000,2,2,2,3,5,6,6,6,6,6,6,2752,0,2,11.704707059620464,1.299395997193642,858.2991319999564,50.0
1781571416,19,GET,/api/products [GET],6.500000,0.000000,2,2,3,3,4,4,5,5,5,5,5,4321,0,1,9.677717754863796,0.7687059987802058,852.6058299976285,120.0
1781571416,19,,Aggregated,22.200000,0.000000,3,4,5,5,6,8,9,10,12,12,12,14187,0,3,14.078083248778878,0.7687059987802058,954.5754110004054,78.37957284838232
1781571417,18,GET,/api/load/gc [GC-pressure],11.500000,0.000000,5,5,6,6,8,8,10,10,10,10,10,7122,0,5,17.654931908255115,2.237843000330031,954.5754110004054,64.07792754844145
1781571417,18,GET,/api/load/memory-light [GET],3.700000,0.000000,2,2,2,3,5,5,6,6,6,6,6,2756,0,2,11.691105577673623,1.299395997193642,858.2991319999564,50.0
1781571417,18,GET,/api/products [GET],5.900000,0.000000,2,2,2,3,4,4,5,5,5,5,5,4324,0,1,9.672110796199982,0.7687059987802058,852.6058299976285,120.0
1781571417,18,,Aggregated,21.100000,0.000000,3,4,5,5,6,8,8,10,10,10,10,14202,0,3,14.067125693946638,0.7687059987802058,954.5754110004054,78.37227151105478
1781571418,16,GET,/api/load/gc [GC-pressure],10.400000,0.000000,5,5,6,6,8,8,10,19,19,19,19,7128,0,5,17.645831541890672,2.237843000330031,954.5754110004054,64.07786195286195
1781571418,16,GET,/api/load/memory-light [GET],3.900000,0.000000,2,2,2,3,5,5,6,6,6,6,6,2759,0,2,11.680740895274115,1.299395997193642,858.2991319999564,50.0
1781571418,16,GET,/api/products [GET],6.200000,0.000000,2,2,3,4,4,4,5,5,5,5,5,4326,0,1,9.668557212615545,0.7687059987802058,852.6058299976285,120.0
1781571418,16,,Aggregated,20.500000,0.000000,3,4,5,5,7,8,9,10,19,19,19,14213,0,3,14.059862791981486,0.7687059987802058,954.5754110004054,78.36607331316401
1781571419,15,GET,/api/load/gc [GC-pressure],9.600000,0.000000,5,5,6,6,7,8,10,19,19,19,19,7135,0,5,17.633170063573374,2.237843000330031,954.5754110004054,64.07778556412053
1781571419,15,GET,/api/load/memory-light [GET],3.700000,0.000000,2,2,2,3,5,5,6,6,6,6,6,2761,0,2,11.673535910563285,1.299395997193642,858.2991319999564,50.0
1781571419,15,GET,/api/products [GET],6.300000,0.000000,2,2,3,3,4,4,5,5,5,5,5,4330,0,1,9.661154767153766,0.7687059987802058,852.6058299976285,120.0
1781571419,15,,Aggregated,19.600000,0.000000,3,4,5,5,6,7,8,10,19,19,19,14226,0,3,14.050056319024115,0.7687059987802058,954.5754110004054,78.36672290172923
1781571420,14,GET,/api/load/gc [GC-pressure],9.100000,0.000000,5,5,6,6,8,8,10,19,19,19,19,7141,0,5,17.62219489463526,2.237843000330031,954.5754110004054,64.07772020725389
1781571420,14,GET,/api/load/memory-light [GET],3.800000,0.000000,2,2,3,3,5,5,6,6,6,6,6,2766,0,2,11.65796263234467,1.299395997193642,858.2991319999564,50.0
1781571420,14,GET,/api/products [GET],5.800000,0.000000,2,2,3,3,4,4,5,5,5,5,5,4330,0,1,9.661154767153766,0.7687059987802058,852.6058299976285,120.0
1781571420,14,,Aggregated,18.700000,0.000000,3,4,5,5,6,8,8,10,19,19,19,14237,0,3,14.042201202882037,0.7687059987802058,954.5754110004054,78.35070590714336
1781571421,13,GET,/api/load/gc [GC-pressure],9.100000,0.000000,5,5,6,6,7,8,8,19,19,19,19,7147,0,5,17.611539800978058,2.237843000330031,954.5754110004054,64.07765496012313
1781571421,13,GET,/api/load/memory-light [GET],3.800000,0.000000,2,2,2,3,4,5,6,6,6,6,6,2767,0,2,11.65461521108251,1.299395997193642,858.2991319999564,50.0
1781571421,13,GET,/api/products [GET],5.000000,0.000000,2,2,2,3,4,4,5,5,5,5,5,4332,0,1,9.65754792354143,0.7687059987802058,852.6058299976285,120.0
1781571421,13,,Aggregated,17.900000,0.000000,3,4,5,5,6,7,8,8,19,19,19,14246,0,3,14.035834118449877,0.7687059987802058,954.5754110004054,78.34851888249334
1781571422,12,GET,/api/load/gc [GC-pressure],8.400000,0.000000,5,5,6,7,7,8,8,19,19,19,19,7147,0,5,17.611539800978058,2.237843000330031,954.5754110004054,64.07765496012313
1781571422,12,GET,/api/load/memory-light [GET],3.400000,0.000000,2,2,2,3,3,5,6,6,6,6,6,2769,0,2,11.647825141950753,1.299395997193642,858.2991319999564,50.0
1781571422,12,GET,/api/products [GET],4.800000,0.000000,2,2,2,2,4,4,6,6,6,6,6,4340,0,1,9.643979370456552,0.7687059987802058,852.6058299976285,120.0
1781571422,12,,Aggregated,16.600000,0.000000,3,4,5,5,6,7,8,8,19,19,19,14256,0,3,14.027593521565183,0.7687059987802058,954.5754110004054,78.3679152637486
1781571423,11,GET,/api/load/gc [GC-pressure],7.800000,0.000000,5,5,6,6,7,8,8,19,19,19,19,7151,0,5,17.604102645726496,2.237843000330031,954.5754110004054,64.07761152286393
1781571423,11,GET,/api/load/memory-light [GET],3.600000,0.000000,2,2,3,3,4,5,6,6,6,6,6,2771,0,2,11.641147604499276,1.299395997193642,858.2991319999564,50.0
1781571423,11,GET,/api/products [GET],4.400000,0.000000,2,2,2,2,4,5,6,6,6,6,6,4342,0,1,9.640291260197667,0.7687059987802058,852.6058299976285,120.0
1781571423,11,,Aggregated,15.800000,0.000000,3,4,5,5,6,7,8,8,19,19,19,14264,0,3,14.021501870683954,0.7687059987802058,954.5754110004054,78.36574593381941
1781571424,10,GET,/api/load/gc [GC-pressure],7.200000,0.000000,5,5,6,6,7,8,8,19,19,19,19,7157,0,5,17.593206078747702,2.237843000330031,954.5754110004054,64.07754645801313
1781571424,10,GET,/api/load/memory-light [GET],3.200000,0.000000,2,2,2,3,4,5,6,6,6,6,6,2772,0,2,11.637692234151336,1.299395997193642,858.2991319999564,50.0
1781571424,10,GET,/api/products [GET],4.000000,0.000000,2,2,2,2,4,5,6,6,6,6,6,4343,0,1,9.638422104946148,0.7687059987802058,852.6058299976285,120.0
1781571424,10,,Aggregated,14.400000,0.000000,3,4,5,5,6,7,8,8,19,19,19,14272,0,3,14.015830015446044,0.7687059987802058,954.5754110004054,78.36063621076234
1781571425,10,GET,/api/load/gc [GC-pressure],6.300000,0.000000,5,5,5,6,7,8,8,19,19,19,19,7161,0,5,17.585293311772105,2.237843000330031,954.5754110004054,64.07750314201927
1781571425,10,GET,/api/load/memory-light [GET],3.100000,0.000000,2,2,3,3,3,4,5,5,5,5,5,2773,0,2,11.634517796275052,1.299395997193642,858.2991319999564,50.0
1781571425,10,GET,/api/products [GET],4.100000,0.000000,2,2,2,2,4,5,6,6,6,6,6,4345,0,1,9.634923034010539,0.7687059987802058,852.6058299976285,120.0
1781571425,10,,Aggregated,13.500000,0.000000,3,4,5,5,6,7,8,8,19,19,19,14279,0,3,14.010402958011523,0.7687059987802058,954.5754110004054,78.36045941592549
1781571426,10,GET,/api/load/gc [GC-pressure],5.800000,0.000000,5,5,5,6,7,7,19,19,19,19,19,7165,0,5,17.579050520809282,2.237843000330031,954.5754110004054,64.07745987438939
1781571426,10,GET,/api/load/memory-light [GET],2.800000,0.000000,2,2,3,3,4,5,5,5,5,5,5,2774,0,2,11.631112690004576,1.299395997193642,858.2991319999564,50.0
1781571426,10,GET,/api/products [GET],3.700000,0.000000,2,2,2,2,3,3,6,6,6,6,6,4346,0,1,9.633042924705409,0.7687059987802058,852.6058299976285,120.0
1781571426,10,,Aggregated,12.300000,0.000000,3,4,5,5,6,7,12,19,19,19,19,14285,0,3,14.006566897755752,0.7687059987802058,954.5754110004054,78.35736786839342
1781571428,10,GET,/api/load/gc [GC-pressure],5.500000,0.000000,5,5,5,6,7,7,12,12,12,12,12,7173,0,5,17.56511327514305,2.237843000330031,954.5754110004054,64.07737348389794
1781571428,10,GET,/api/load/memory-light [GET],2.700000,0.000000,2,2,3,3,4,5,5,5,5,5,5,2774,0,2,11.631112690004576,1.299395997193642,858.2991319999564,50.0
1781571428,10,GET,/api/products [GET],3.500000,0.000000,2,2,2,2,2,3,6,6,6,6,6,4350,0,1,9.625751543853662,0.7687059987802058,852.6058299976285,120.0
1781571428,10,,Aggregated,11.700000,0.000000,3,4,5,5,6,7,8,12,12,12,12,14297,0,3,13.99813131009563,0.7687059987802058,954.5754110004054,78.36098482199063
1781571429,10,GET,/api/load/gc [GC-pressure],5.500000,0.000000,5,5,5,6,6,7,12,12,12,12,12,7176,0,5,17.55937860654969,2.237843000330031,954.5754110004054,64.07734113712375
1781571429,10,GET,/api/load/memory-light [GET],2.200000,0.000000,2,3,3,3,4,5,5,5,5,5,5,2775,0,2,11.627732942728766,1.299395997193642,858.2991319999564,50.0
1781571429,10,GET,/api/products [GET],2.900000,0.000000,2,2,2,2,2,3,6,6,6,6,6,4350,0,1,9.625751543853662,0.7687059987802058,852.6058299976285,120.0
1781571429,10,,Aggregated,10.600000,0.000000,3,4,5,5,6,7,8,12,12,12,12,14301,0,3,13.99518068753488,0.7687059987802058,954.5754110004054,78.35598909167192
1781571430,10,GET,/api/load/gc [GC-pressure],5.000000,0.000000,5,5,6,6,7,12,28,28,28,28,28,7179,0,5,17.557490501685677,2.237843000330031,954.5754110004054,64.0774481125505
1781571430,10,GET,/api/load/memory-light [GET],2.200000,0.000000,2,3,3,3,5,5,5,5,5,5,5,2776,0,2,11.625464333957341,1.299395997193642,858.2991319999564,50.0
1781571430,10,GET,/api/products [GET],2.500000,0.000000,2,2,2,2,2,3,6,6,6,6,6,4352,0,1,9.622209733860847,0.7687059987802058,852.6058299976285,120.0
1781571430,10,,Aggregated,9.700000,0.000000,3,5,5,5,6,7,12,28,28,28,28,14307,0,3,13.99268680117631,0.7687059987802058,954.5754110004054,78.35688823652757
1781571431,10,GET,/api/load/gc [GC-pressure],5.100000,0.000000,5,5,6,6,7,9,28,28,28,28,28,7184,0,5,17.54852101233323,2.237843000330031,954.5754110004054,64.07739420935413
1781571431,10,GET,/api/load/memory-light [GET],1.800000,0.000000,2,3,3,3,3,5,5,5,5,5,5,2778,0,2,11.6184547642419,1.299395997193642,858.2991319999564,50.0
1781571431,10,GET,/api/products [GET],2.600000,0.000000,2,2,2,2,3,5,6,6,6,6,6,4355,0,1,9.617258766191906,0.7687059987802058,852.6058299976285,120.0
1781571431,10,,Aggregated,9.500000,0.000000,3,4,5,5,6,8,12,28,28,28,28,14317,0,3,13.98531844760995,0.7687059987802058,954.5754110004054,78.35663896067612
1781571432,10,GET,/api/load/gc [GC-pressure],4.800000,0.000000,5,5,5,6,7,9,28,28,28,28,28,7190,0,5,17.537343426368647,2.237843000330031,954.5754110004054,64.07732962447844
1781571432,10,GET,/api/load/memory-light [GET],1.600000,0.000000,2,3,3,3,5,5,5,5,5,5,5,2780,0,2,11.61247607052907,1.299395997193642,858.2991319999564,50.0
1781571432,10,GET,/api/products [GET],2.400000,0.000000,2,2,2,2,2,5,5,5,5,5,5,4355,0,1,9.617258766191906,0.7687059987802058,852.6058299976285,120.0
1781571432,10,,Aggregated,8.800000,0.000000,3,5,5,5,6,8,12,28,28,28,28,14325,0,3,13.979709922403291,0.7687059987802058,954.5754110004054,78.34666666666666
1781571433,10,GET,/api/load/gc [GC-pressure],4.400000,0.000000,5,5,6,6,8,9,28,28,28,28,28,7195,0,5,17.529400179095756,2.237843000330031,954.5754110004054,64.07727588603197
1781571433,10,GET,/api/load/memory-light [GET],1.500000,0.000000,2,2,3,5,5,5,5,5,5,5,5,2781,0,2,11.608979764139173,1.299395997193642,858.2991319999564,50.0
1781571433,10,GET,/api/products [GET],2.200000,0.000000,2,2,2,2,2,5,5,5,5,5,5,4358,0,1,9.61168439806396,0.7687059987802058,852.6058299976285,120.0
1781571433,10,,Aggregated,8.100000,0.000000,3,5,5,5,7,9,12,28,28,28,28,14334,0,3,13.973512461240949,0.7687059987802058,954.5754110004054,78.34840239988837
1781571434,10,GET,/api/load/gc [GC-pressure],4.300000,0.000000,5,6,6,6,8,9,28,28,28,28,28,7198,0,5,17.524549393941868,2.237843000330031,954.5754110004054,64.07724367879966
1781571434,10,GET,/api/load/memory-light [GET],1.200000,0.000000,2,2,3,5,5,5,5,5,5,5,5,2781,0,2,11.608979764139173,1.299395997193642,858.2991319999564,50.0
1781571434,10,GET,/api/products [GET],2.500000,0.000000,2,2,2,2,2,5,5,5,5,5,5,4362,0,1,9.60445040182461,0.7687059987802058,852.6058299976285,120.0
1781571434,10,,Aggregated,8.000000,0.000000,3,5,5,6,7,9,12,28,28,28,28,14341,0,3,13.9684047077905,0.7687059987802058,954.5754110004054,78.35701833902796
1781571435,10,GET,/api/load/gc [GC-pressure],4.300000,0.000000,5,6,6,7,9,12,28,28,28,28,28,7201,0,5,17.518694858157584,2.237843000330031,954.5754110004054,64.077211498403
1781571435,10,GET,/api/load/memory-light [GET],1.300000,0.000000,2,2,3,5,5,5,5,5,5,5,5,2783,0,2,11.602408512781748,1.299395997193642,858.2991319999564,50.0
1781571435,10,GET,/api/products [GET],2.200000,0.000000,2,2,2,2,2,2,5,5,5,5,5,4366,0,1,9.597001044152508,0.7687059987802058,852.6058299976285,120.0
1781571435,10,,Aggregated,7.800000,0.000000,3,5,5,5,7,9,12,28,28,28,28,14350,0,3,13.961124120099946,0.7687059987802058,954.5754110004054,78.3616724738676
1781571436,10,GET,/api/load/gc [GC-pressure],4.800000,0.000000,5,5,6,6,7,9,28,28,28,28,28,7207,0,5,17.508058896292695,2.237843000330031,954.5754110004054,64.07714721798251
1781571436,10,GET,/api/load/memory-light [GET],1.200000,0.000000,2,2,3,5,5,5,5,5,5,5,5,2783,0,2,11.602408512781748,1.299395997193642,858.2991319999564,50.0
1781571436,10,GET,/api/products [GET],1.800000,0.000000,2,2,2,2,2,4,5,5,5,5,5,4371,0,1,9.588616637330961,0.7687059987802058,852.6058299976285,120.0
1781571436,10,,Aggregated,7.800000,0.000000,3,5,5,5,7,8,9,28,28,28,28,14361,0,3,13.953201495608013,0.7687059987802058,954.5754110004054,78.3701692082724
1781571437,10,GET,/api/load/gc [GC-pressure],4.700000,0.000000,5,5,6,6,7,9,28,28,28,28,28,7210,0,5,17.502742576224833,2.237843000330031,954.5754110004054,64.07711511789182
1781571437,10,GET,/api/load/memory-light [GET],1.000000,0.000000,2,2,3,5,5,5,5,5,5,5,5,2783,0,2,11.602408512781748,1.299395997193642,858.2991319999564,50.0
1781571437,10,GET,/api/products [GET],2.000000,0.000000,2,2,2,2,2,4,5,5,5,5,5,4373,0,1,9.584990577812352,0.7687059987802058,852.6058299976285,120.0
1781571437,10,,Aggregated,7.700000,0.000000,3,5,5,5,6,7,9,28,28,28,28,14366,0,3,13.949564295031745,0.7687059987802058,954.5754110004054,78.37296394264234
1781571438,10,GET,/api/load/gc [GC-pressure],4.400000,0.000000,5,6,6,6,9,9,28,28,28,28,28,7214,0,5,17.496133338589797,2.237843000330031,954.5754110004054,64.07707235930135
1781571438,10,GET,/api/load/memory-light [GET],1.100000,0.000000,2,3,3,5,5,5,5,5,5,5,5,2784,0,2,11.599239373227887,1.299395997193642,858.2991319999564,50.0
1781571438,10,GET,/api/products [GET],2.300000,0.000000,2,2,2,2,2,4,5,5,5,5,5,4376,0,1,9.579622305935674,0.7687059987802058,852.6058299976285,120.0
1781571438,10,,Aggregated,7.800000,0.000000,3,5,5,5,6,9,9,28,28,28,28,14374,0,3,13.943913700461092,0.7687059987802058,954.5754110004054,78.37567830805621
1781571439,10,GET,/api/load/gc [GC-pressure],4.600000,0.000000,5,5,6,6,7,9,9,9,9,9,9,7218,0,5,17.488967796563305,2.237843000330031,954.5754110004054,64.07702964810197
1781571439,10,GET,/api/load/memory-light [GET],1.000000,0.000000,2,3,3,3,5,5,5,5,5,5,5,2784,0,2,11.599239373227887,1.299395997193642,858.2991319999564,50.0
1781571439,10,GET,/api/products [GET],2.600000,0.000000,2,2,2,2,2,4,5,5,5,5,5,4379,0,1,9.574280266446673,0.7687059987802058,852.6058299976285,120.0
1781571439,10,,Aggregated,8.200000,0.000000,3,4,5,5,6,7,9,9,9,9,9,14381,0,3,13.938768184231302,0.7687059987802058,954.5754110004054,78.38036297893053
1781571440,10,GET,/api/load/gc [GC-pressure],4.500000,0.000000,5,5,6,6,7,9,9,9,9,9,9,7224,0,5,17.477597579537587,2.237843000330031,954.5754110004054,64.07696566998892
1781571440,10,GET,/api/load/memory-light [GET],0.900000,0.000000,2,3,3,3,5,5,5,5,5,5,5,2786,0,2,11.592654052427472,1.299395997193642,858.2991319999564,50.0
1781571440,10,GET,/api/products [GET],2.700000,0.000000,2,2,2,2,2,4,5,5,5,5,5,4381,0,1,9.570650020947621,0.7687059987802058,852.6058299976285,120.0
1781571440,10,,Aggregated,8.100000,0.000000,3,4,5,5,6,7,9,9,9,9,9,14391,0,3,13.931229021361546,0.7687059987802058,954.5754110004054,78.37620735181711
1781571441,10,GET,/api/load/gc [GC-pressure],4.200000,0.000000,5,5,6,6,7,9,9,9,9,9,9,7230,0,5,17.466950124007038,2.237843000330031,954.5754110004054,64.07690179806363
1781571441,10,GET,/api/load/memory-light [GET],0.900000,0.000000,2,2,3,3,3,3,3,3,3,3,3,2788,0,2,11.58585140030868,1.299395997193642,858.2991319999564,50.0
1781571441,10,GET,/api/products [GET],2.900000,0.000000,2,2,2,2,2,2,4,4,4,4,4,4382,0,1,9.568807782237819,0.7687059987802058,852.6058299976285,120.0
1781571441,10,,Aggregated,8.000000,0.000000,3,4,5,5,6,7,9,9,9,9,9,14400,0,3,13.924855472388723,0.7687059987802058,954.5754110004054,78.36916666666667
1781571442,10,GET,/api/load/gc [GC-pressure],4.500000,0.000000,5,5,5,6,7,7,9,9,9,9,9,7233,0,5,17.46154606256843,2.237843000330031,954.5754110004054,64.07686990183879
1781571442,10,GET,/api/load/memory-light [GET],1.000000,0.000000,2,2,2,3,3,3,3,3,3,3,3,2789,0,2,11.582574683781402,1.299395997193642,858.2991319999564,50.0
1781571442,10,GET,/api/products [GET],2.900000,0.000000,2,2,2,2,2,2,4,4,4,4,4,4385,0,1,9.563539789001918,0.7687059987802058,852.6058299976285,120.0
1781571442,10,,Aggregated,8.400000,0.000000,3,4,5,5,6,7,7,9,9,9,9,14407,0,3,13.91957280755169,0.7687059987802058,954.5754110004054,78.37287429721663
1781571443,10,GET,/api/load/gc [GC-pressure],4.500000,0.000000,5,5,5,5,7,8,9,9,9,9,9,7236,0,5,17.456546933603008,2.237843000330031,954.5754110004054,64.07683803206191
1781571443,10,GET,/api/load/memory-light [GET],1.000000,0.000000,2,2,3,3,3,3,3,3,3,3,3,2792,0,2,11.572538680541825,1.299395997193642,858.2991319999564,50.0
1781571443,10,GET,/api/products [GET],2.700000,0.000000,2,2,2,2,2,4,4,4,4,4,4,4387,0,1,9.560415208975066,0.7687059987802058,852.6058299976285,120.0
1781571443,10,,Aggregated,8.200000,0.000000,3,3,5,5,5,7,8,9,9,9,9,14415,0,3,13.913814993367865,0.7687059987802058,954.5754110004054,78.36975372875477
1781571444,10,GET,/api/load/gc [GC-pressure],4.500000,0.000000,5,5,5,5,7,8,9,9,9,9,9,7240,0,5,17.449023695655985,2.237843000330031,954.5754110004054,64.0767955801105
1781571444,10,GET,/api/load/memory-light [GET],1.000000,0.000000,2,2,3,3,3,3,3,3,3,3,3,2796,0,2,11.559143272915726,1.299395997193642,858.2991319999564,50.0
1781571444,10,GET,/api/products [GET],2.700000,0.000000,2,2,2,2,2,4,4,4,4,4,4,4388,0,1,9.558649154005236,0.7687059987802058,852.6058299976285,120.0
1781571444,10,,Aggregated,8.200000,0.000000,3,4,5,5,5,7,8,9,9,9,9,14424,0,3,13.906936261466768,0.7687059987802058,954.5754110004054,78.36078757626179
1781571445,10,GET,/api/load/gc [GC-pressure],4.100000,0.000000,5,5,5,5,7,8,9,9,9,9,9,7245,0,5,17.440195932441924,2.237843000330031,954.5754110004054,64.0767425810904
1781571445,10,GET,/api/load/memory-light [GET],1.100000,0.000000,2,2,2,3,3,3,3,3,3,3,3,2798,0,2,11.552401345629248,1.299395997193642,858.2991319999564,50.0
1781571445,10,GET,/api/products [GET],2.800000,0.000000,2,2,2,2,2,2,4,4,4,4,4,4392,0,1,9.551456024084592,0.7687059987802058,852.6058299976285,120.0
1781571445,10,,Aggregated,8.000000,0.000000,3,3,5,5,5,7,8,9,9,9,9,14435,0,3,13.898706848174015,0.7687059987802058,954.5754110004054,78.3634222376169
1781571446,10,GET,/api/load/gc [GC-pressure],4.200000,0.000000,5,5,5,5,7,8,9,9,9,9,9,7248,0,5,17.434836865141225,2.237843000330031,954.5754110004054,64.07671081677704
1781571446,10,GET,/api/load/memory-light [GET],1.500000,0.000000,2,2,3,3,3,7,7,7,7,7,7,2800,0,2,11.547537543953824,1.299395997193642,858.2991319999564,50.0
1781571446,10,GET,/api/products [GET],2.600000,0.000000,2,2,2,2,2,4,4,4,4,4,4,4393,0,1,9.549702472974177,0.7687059987802058,852.6058299976285,120.0
1781571446,10,,Aggregated,8.300000,0.000000,3,3,5,5,5,7,8,9,9,9,9,14441,0,3,13.894650348687062,0.7687059987802058,954.5754110004054,78.3593933938093
1781571447,10,GET,/api/load/gc [GC-pressure],4.300000,0.000000,5,5,5,5,7,8,8,8,8,8,8,7251,0,5,17.430356458633025,2.237843000330031,954.5754110004054,64.07667907874776
1781571447,10,GET,/api/load/memory-light [GET],1.500000,0.000000,2,3,3,3,3,7,7,7,7,7,7,2803,0,2,11.53773226723843,1.299395997193642,858.2991319999564,50.0
1781571447,10,GET,/api/products [GET],2.600000,0.000000,2,2,2,2,2,4,4,4,4,4,4,4395,0,1,9.546143845910303,0.7687059987802058,852.6058299976285,120.0
1781571447,10,,Aggregated,8.400000,0.000000,3,3,5,5,6,7,8,8,8,8,8,14449,0,3,13.889063632735356,0.7687059987802058,954.5754110004054,78.3562876323621
1781571448,10,GET,/api/load/gc [GC-pressure],4.000000,0.000000,5,5,5,5,7,8,8,8,8,8,8,7255,0,5,17.423392951280977,2.237843000330031,954.5754110004054,64.07663680220537
1781571448,10,GET,/api/load/memory-light [GET],1.700000,0.000000,2,3,3,3,3,7,7,7,7,7,7,2804,0,2,11.53467040765751,1.299395997193642,858.2991319999564,50.0
1781571448,10,GET,/api/products [GET],2.200000,0.000000,2,2,2,2,2,4,4,4,4,4,4,4398,0,1,9.540853637738607,0.7687059987802058,852.6058299976285,120.0
1781571448,10,,Aggregated,7.900000,0.000000,3,3,5,5,6,7,8,8,8,8,8,14457,0,3,13.883281869225257,0.7687059987802058,954.5754110004054,78.35899564224943
1781571449,10,GET,/api/load/gc [GC-pressure],4.000000,0.000000,5,5,5,6,8,8,8,8,8,8,8,7261,0,5,17.413180603434682,2.237843000330031,954.5754110004054,64.076573474728
1781571449,10,GET,/api/load/memory-light [GET],1.700000,0.000000,2,3,3,3,4,7,7,7,7,7,7,2805,0,2,11.532155059920475,1.299395997193642,858.2991319999564,50.0
1781571449,10,GET,/api/products [GET],2.200000,0.000000,2,2,2,2,2,4,4,4,4,4,4,4398,0,1,9.540853637738607,0.7687059987802058,852.6058299976285,120.0
1781571449,10,,Aggregated,7.900000,0.000000,3,5,5,5,7,8,8,8,8,8,8,14464,0,3,13.878973562181317,0.7687059987802058,954.5754110004054,78.351078539823
1781571450,10,GET,/api/load/gc [GC-pressure],4.000000,0.000000,5,5,5,7,8,8,8,8,8,8,8,7266,0,5,17.40449911320128,2.237843000330031,954.5754110004054,64.07652078172309
1781571450,10,GET,/api/load/memory-light [GET],1.900000,0.000000,2,3,3,3,3,4,7,7,7,7,7,2809,0,2,11.51912765791316,1.299395997193642,858.2991319999564,50.0
1781571450,10,GET,/api/products [GET],2.200000,0.000000,2,2,2,2,2,4,4,4,4,4,4,4398,0,1,9.540853637738607,0.7687059987802058,852.6058299976285,120.0
1781571450,10,,Aggregated,8.100000,0.000000,3,4,5,5,7,8,8,8,8,8,8,14473,0,3,13.872659051086366,0.7687059987802058,954.5754110004054,78.33828508256754
1781571451,10,GET,/api/load/gc [GC-pressure],4.000000,0.000000,5,5,5,7,8,8,8,8,8,8,8,7270,0,5,17.397500467472067,2.237843000330031,954.5754110004054,64.07647867950482
1781571451,10,GET,/api/load/memory-light [GET],2.000000,0.000000,2,3,3,3,3,4,7,7,7,7,7,2810,0,2,11.51563108009945,1.299395997193642,858.2991319999564,50.0
1781571451,10,GET,/api/products [GET],2.200000,0.000000,2,2,2,2,2,4,4,4,4,4,4,4400,0,1,9.53716651040271,0.7687059987802058,852.6058299976285,120.0
1781571451,10,,Aggregated,8.200000,0.000000,3,4,5,5,7,8,8,8,8,8,8,14480,0,3,13.86756107592357,0.7687059987802058,954.5754110004054,78.33812154696133
1781571452,10,GET,/api/load/gc [GC-pressure],4.300000,0.000000,5,5,6,7,8,8,9,9,9,9,9,7274,0,5,17.391403817366342,2.237843000330031,954.5754110004054,64.07643662359087
1781571452,10,GET,/api/load/memory-light [GET],2.100000,0.000000,2,3,3,3,4,7,7,7,7,7,7,2811,0,2,11.512160750650947,1.299395997193642,858.2991319999564,50.0
1781571452,10,GET,/api/products [GET],1.900000,0.000000,2,2,2,2,2,4,4,4,4,4,4,4401,0,1,9.535443595720546,0.7687059987802058,852.6058299976285,120.0
1781571452,10,,Aggregated,8.300000,0.000000,3,5,5,5,7,8,8,9,9,9,9,14486,0,3,13.863816271045748,0.7687059987802058,954.5754110004054,78.3350821482811
1781571453,10,GET,/api/load/gc [GC-pressure],4.100000,0.000000,5,6,7,7,8,9,10,10,10,10,10,7280,0,5,17.382188219303664,2.237843000330031,954.5754110004054,64.07637362637362
1781571453,10,GET,/api/load/memory-light [GET],2.200000,0.000000,2,3,3,3,4,7,7,7,7,7,7,2813,0,2,11.505238961991878,1.299395997193642,858.2991319999564,50.0
1781571453,10,GET,/api/products [GET],1.800000,0.000000,2,2,2,2,2,2,2,2,2,2,2,4403,0,1,9.531879714232367,0.7687059987802058,852.6058299976285,120.0
1781571453,10,,Aggregated,8.100000,0.000000,3,5,5,6,7,8,9,10,10,10,10,14496,0,3,13.857300898066981,0.7687059987802058,954.5754110004054,78.33098785871965
1781571454,10,GET,/api/load/gc [GC-pressure],4.100000,0.000000,5,5,7,7,8,9,10,10,10,10,10,7284,0,5,17.374819582858173,2.237843000330031,954.5754110004054,64.07633168588687
1781571454,10,GET,/api/load/memory-light [GET],2.200000,0.000000,2,3,3,3,6,7,7,7,7,7,7,2815,0,2,11.499996157401828,1.299395997193642,858.2991319999564,50.0
1781571454,10,GET,/api/products [GET],1.700000,0.000000,2,2,2,2,2,4,4,4,4,4,4,4407,0,1,9.525125186695492,0.7687059987802058,852.6058299976285,120.0
1781571454,10,,Aggregated,8.000000,0.000000,3,5,5,6,7,8,9,10,10,10,10,14506,0,3,13.849986331338213,0.7687059987802058,954.5754110004054,78.33462015717635
1781571455,10,GET,/api/load/gc [GC-pressure],4.400000,0.000000,5,5,7,7,8,9,10,10,10,10,10,7286,0,5,17.37118923202637,2.237843000330031,954.5754110004054,64.07631073291243
1781571455,10,GET,/api/load/memory-light [GET],2.100000,0.000000,2,3,3,3,4,6,6,6,6,6,6,2817,0,2,11.493430824666923,1.299395997193642,858.2991319999564,50.0
1781571455,10,GET,/api/products [GET],1.600000,0.000000,2,2,2,2,4,4,4,4,4,4,4,4408,0,1,9.523789587061787,0.7687059987802058,852.6058299976285,120.0
1781571455,10,,Aggregated,8.100000,0.000000,3,5,5,5,7,8,9,10,10,10,10,14511,0,3,13.846347176445402,0.7687059987802058,954.5754110004054,78.3316105023775
1781571456,10,GET,/api/load/gc [GC-pressure],4.400000,0.000000,5,5,7,8,8,9,10,10,10,10,10,7290,0,5,17.364704650691614,2.237843000330031,954.5754110004054,64.07626886145405
1781571456,10,GET,/api/load/memory-light [GET],1.900000,0.000000,2,2,3,3,4,6,6,6,6,6,6,2819,0,2,11.486633089426054,1.299395997193642,858.2991319999564,50.0
1781571456,10,GET,/api/products [GET],1.700000,0.000000,2,2,2,2,4,4,4,4,4,4,4,4410,0,1,9.520256074322699,0.7687059987802058,852.6058299976285,120.0
1781571456,10,,Aggregated,8.000000,0.000000,3,5,5,5,8,8,9,10,10,10,10,14519,0,3,13.840749698353674,0.7687059987802058,954.5754110004054,78.3294992768097
1781571457,10,GET,/api/load/gc [GC-pressure],4.400000,0.000000,5,5,6,7,8,8,10,10,10,10,10,7295,0,5,17.356568801856426,2.237843000330031,954.5754110004054,64.07621658670323
1781571457,10,GET,/api/load/memory-light [GET],1.900000,0.000000,2,2,2,2,4,6,6,6,6,6,6,2820,0,2,11.483281939393153,1.299395997193642,858.2991319999564,50.0
1781571457,10,GET,/api/products [GET],1.700000,0.000000,2,2,2,2,4,4,4,4,4,4,4,4410,0,1,9.520256074322699,0.7687059987802058,852.6058299976285,120.0
1781571457,10,,Aggregated,8.000000,0.000000,3,5,5,6,7,8,9,10,10,10,10,14525,0,3,13.83706394260891,0.7687059987802058,954.5754110004054,78.32261617900173
1781571458,10,GET,/api/load/gc [GC-pressure],4.200000,0.000000,5,6,7,7,8,9,10,10,10,10,10,7299,0,5,17.349667622351465,2.237843000330031,954.5754110004054,64.07617481846829
1781571458,10,GET,/api/load/memory-light [GET],1.700000,0.000000,2,2,2,2,3,6,6,6,6,6,6,2821,0,2,11.479960822434714,1.299395997193642,858.2991319999564,50.0
1781571458,10,GET,/api/products [GET],1.600000,0.000000,2,2,2,2,4,4,4,4,4,4,4,4416,0,1,9.509491314710484,0.7687059987802058,852.6058299976285,120.0
1781571458,10,,Aggregated,7.500000,0.000000,3,5,5,5,7,8,9,10,10,10,10,14536,0,3,13.828708523761225,0.7687059987802058,954.5754110004054,78.33392955421024
1781571459,10,GET,/api/load/gc [GC-pressure],4.200000,0.000000,5,6,7,7,8,9,10,10,10,10,10,7300,0,5,17.347946104321274,2.237843000330031,954.5754110004054,64.07616438356165
1781571459,10,GET,/api/load/memory-light [GET],1.900000,0.000000,2,2,2,2,5,6,6,6,6,6,6,2822,0,2,11.47761604787021,1.299395997193642,858.2991319999564,50.0
1781571459,10,GET,/api/products [GET],1.600000,0.000000,2,2,2,2,4,4,4,4,4,4,4,4419,0,1,9.504513852855968,0.7687059987802058,852.6058299976285,120.0
1781571459,10,,Aggregated,7.700000,0.000000,3,5,5,5,7,8,9,10,10,10,10,14541,0,3,13.825066072787674,0.7687059987802058,954.5754110004054,78.33959149989684
1781571460,10,GET,/api/load/gc [GC-pressure],4.500000,0.000000,5,6,7,7,8,9,10,10,10,10,10,7304,0,5,17.34118676061621,2.237843000330031,954.5754110004054,64.07612267250822
1781571460,10,GET,/api/load/memory-light [GET],1.700000,0.000000,2,2,2,2,5,6,6,6,6,6,6,2828,0,2,11.458704993668556,1.299395997193642,858.2991319999564,50.0
1781571460,10,GET,/api/products [GET],1.800000,0.000000,2,2,2,2,4,4,4,4,4,4,4,4420,0,1,9.502752219406204,0.7687059987802058,852.6058299976285,120.0
1781571460,10,,Aggregated,8.000000,0.000000,3,5,5,5,7,8,9,10,10,10,10,14552,0,3,13.817166755869358,0.7687059987802058,954.5754110004054,78.32682792743266
1781571461,10,GET,/api/load/gc [GC-pressure],4.500000,0.000000,5,5,6,7,8,8,10,10,10,10,10,7308,0,5,17.33393321600168,2.237843000330031,954.5754110004054,64.07608100711549
1781571461,10,GET,/api/load/memory-light [GET],1.700000,0.000000,2,2,2,3,5,6,6,6,6,6,6,2829,0,2,11.45557331321699,1.299395997193642,858.2991319999564,50.0
1781571461,10,GET,/api/products [GET],1.800000,0.000000,2,2,2,2,4,4,4,4,4,4,4,4421,0,1,9.501043087260578,0.7687059987802058,852.6058299976285,120.0
1781571461,10,,Aggregated,8.000000,0.000000,3,4,5,5,7,8,8,10,10,10,10,14558,0,3,13.812907839978717,0.7687059987802058,954.5754110004054,78.3238082154142
1781571462,10,GET,/api/load/gc [GC-pressure],3.900000,0.000000,5,5,6,7,8,8,10,10,10,10,10,7312,0,5,17.32804230204371,2.237843000330031,954.5754110004054,64.07603938730854
1781571462,10,GET,/api/load/memory-light [GET],1.700000,0.000000,2,2,2,3,5,6,6,6,6,6,6,2830,0,2,11.452289729715611,1.299395997193642,858.2991319999564,50.0
1781571462,10,GET,/api/products [GET],2.100000,0.000000,2,2,2,2,4,4,4,4,4,4,4,4423,0,1,9.497437524253442,0.7687059987802058,852.6058299976285,120.0
1781571462,10,,Aggregated,7.700000,0.000000,3,4,5,5,7,8,8,10,10,10,10,14565,0,3,13.808430581353365,0.7687059987802058,954.5754110004054,78.32365259182973
1781571463,10,GET,/api/load/gc [GC-pressure],3.800000,0.000000,5,5,6,7,8,8,10,10,10,10,10,7316,0,5,17.3206525145631,2.237843000330031,954.5754110004054,64.07599781301258
1781571463,10,GET,/api/load/memory-light [GET],1.900000,0.000000,2,2,3,5,5,6,6,6,6,6,6,2833,0,2,11.443605954146173,1.299395997193642,858.2991319999564,50.0
1781571463,10,GET,/api/products [GET],2.100000,0.000000,2,2,2,2,4,4,4,4,4,4,4,4423,0,1,9.497437524253442,0.7687059987802058,852.6058299976285,120.0
1781571463,10,,Aggregated,7.800000,0.000000,3,4,5,5,7,8,8,10,10,10,10,14572,0,3,13.803513288115065,0.7687059987802058,954.5754110004054,78.31388965138622
1781571464,10,GET,/api/load/gc [GC-pressure],3.800000,0.000000,5,5,5,7,8,8,10,10,10,10,10,7319,0,5,17.31519146639312,2.237843000330031,954.5754110004054,64.07596666211231
1781571464,10,GET,/api/load/memory-light [GET],1.900000,0.000000,2,2,3,3,5,5,5,5,5,5,5,2835,0,2,11.437067426489095,1.299395997193642,858.2991319999564,50.0
1781571464,10,GET,/api/products [GET],2.100000,0.000000,2,2,2,2,4,4,4,4,4,4,4,4428,0,1,9.488827726914232,0.7687059987802058,852.6058299976285,120.0
1781571464,10,,Aggregated,7.800000,0.000000,3,4,5,5,6,8,8,10,10,10,10,14582,0,3,13.795810017240711,0.7687059987802058,954.5754110004054,78.321355095323
1781571465,10,GET,/api/load/gc [GC-pressure],3.400000,0.000000,5,5,5,7,7,8,10,10,10,10,10,7323,0,5,17.30888056268388,2.237843000330031,954.5754110004054,64.07592516728117
1781571465,10,GET,/api/load/memory-light [GET],2.000000,0.000000,2,3,3,3,5,5,5,5,5,5,5,2835,0,2,11.437067426489095,1.299395997193642,858.2991319999564,50.0
1781571465,10,GET,/api/products [GET],2.100000,0.000000,2,2,2,2,4,4,4,4,4,4,4,4432,0,1,9.482027436322968,0.7687059987802058,852.6058299976285,120.0
1781571465,10,,Aggregated,7.500000,0.000000,3,4,5,5,6,7,8,10,10,10,10,14590,0,3,13.79036080276998,0.7687059987802058,954.5754110004054,78.32885538039753
1781571466,10,GET,/api/load/gc [GC-pressure],3.500000,0.000000,5,5,6,7,7,8,10,10,10,10,10,7327,0,5,17.3021978590887,2.237843000330031,954.5754110004054,64.07588371775624
1781571466,10,GET,/api/load/memory-light [GET],2.000000,0.000000,2,3,3,5,5,5,5,5,5,5,5,2835,0,2,11.437067426489095,1.299395997193642,858.2991319999564,50.0
1781571466,10,GET,/api/products [GET],2.300000,0.000000,2,2,2,2,4,4,4,4,4,4,4,4435,0,1,9.47675982813638,0.7687059987802058,852.6058299976285,120.0
1781571466,10,,Aggregated,7.800000,0.000000,3,4,5,5,6,7,8,10,10,10,10,14597,0,3,13.785484668454089,0.7687059987802058,954.5754110004054,78.33349318353086
1781571467,10,GET,/api/load/gc [GC-pressure],3.600000,0.000000,5,5,6,6,7,8,10,10,10,10,10,7332,0,5,17.293725670422184,2.237843000330031,954.5754110004054,64.07583196944898
1781571467,10,GET,/api/load/memory-light [GET],2.000000,0.000000,2,3,3,3,5,5,5,5,5,5,5,2837,0,2,11.430367272155005,1.299395997193642,858.2991319999564,50.0
1781571467,10,GET,/api/products [GET],2.400000,0.000000,2,2,2,2,4,4,4,4,4,4,4,4437,0,1,9.473610679915339,0.7687059987802058,852.6058299976285,120.0
1781571467,10,,Aggregated,8.000000,0.000000,3,4,5,5,6,7,8,10,10,10,10,14606,0,3,13.779265997085004,0.7687059987802058,954.5754110004054,78.33041215938655
1781571468,10,GET,/api/load/gc [GC-pressure],3.700000,0.000000,5,5,6,7,7,8,10,10,10,10,10,7335,0,5,17.288982373079303,2.237843000330031,954.5754110004054,64.07580095432856
1781571468,10,GET,/api/load/memory-light [GET],1.600000,0.000000,2,3,3,3,5,5,5,5,5,5,5,2838,0,2,11.428046228719632,1.299395997193642,858.2991319999564,50.0
1781571468,10,GET,/api/products [GET],2.600000,0.000000,1,2,2,2,4,4,4,4,4,4,4,4438,0,1,9.471813931226457,0.7687059987802058,852.6058299976285,120.0
1781571468,10,,Aggregated,7.900000,0.000000,3,5,5,5,7,7,8,10,10,10,10,14611,0,3,13.77615434470098,0.7687059987802058,954.5754110004054,78.32838272534391
1781571469,10,GET,/api/load/gc [GC-pressure],3.600000,0.000000,5,6,7,7,7,8,10,10,10,10,10,7341,0,5,17.279733827074114,2.237843000330031,954.5754110004054,64.07573900013622
1781571469,10,GET,/api/load/memory-light [GET],1.700000,0.000000,2,3,3,3,5,5,5,5,5,5,5,2839,0,2,11.42487862455467,1.299395997193642,858.2991319999564,50.0
1781571469,10,GET,/api/products [GET],2.700000,0.000000,1,2,2,2,4,4,4,4,4,4,4,4441,0,1,9.466385046787545,0.7687059987802058,852.6058299976285,120.0
1781571469,10,,Aggregated,8.000000,0.000000,3,5,5,5,7,7,8,10,10,10,10,14621,0,3,13.769644513538422,0.7687059987802058,954.5754110004054,78.32911565556391
1781571470,10,GET,/api/load/gc [GC-pressure],3.500000,0.000000,5,6,7,7,8,10,290,290,290,290,290,7344,0,5,17.312862219708762,2.237843000330031,954.5754110004054,64.07598039215686
1781571470,10,GET,/api/load/memory-light [GET],1.700000,0.000000,2,3,3,3,5,5,5,5,5,5,5,2840,0,2,11.421718374334324,1.299395997193642,858.2991319999564,50.0
1781571470,10,GET,/api/products [GET],2.200000,0.000000,1,2,2,2,4,4,4,4,4,4,4,4442,0,1,9.465074863976307,0.7687059987802058,852.6058299976285,120.0
1781571470,10,,Aggregated,7.400000,0.000000,3,5,5,6,7,8,10,290,290,290,290,14626,0,3,13.785532809410187,0.7687059987802058,954.5754110004054,78.32722548885546
1781571471,10,GET,/api/load/gc [GC-pressure],4.000000,0.000000,5,6,7,7,7,25,290,290,290,290,290,7348,0,5,17.30928178858696,2.237843000330031,954.5754110004054,64.07607512248231
1781571471,10,GET,/api/load/memory-light [GET],1.700000,0.000000,2,3,3,3,5,5,5,5,5,5,5,2841,0,2,11.41849881665139,1.299395997193642,858.2991319999564,50.0
1781571471,10,GET,/api/products [GET],2.200000,0.000000,2,2,2,2,4,4,4,4,4,4,4,4447,0,1,9.456613804535893,0.7687059987802058,852.6058299976285,120.0
1781571471,10,,Aggregated,7.900000,0.000000,3,5,5,6,7,7,25,290,290,290,290,14636,0,3,13.779866036445389,0.7687059987802058,954.5754110004054,78.33567914730801
1781571472,10,GET,/api/load/gc [GC-pressure],4.100000,0.000000,5,6,7,7,7,25,290,290,290,290,290,7353,0,5,17.300278379646,2.237843000330031,954.5754110004054,64.07602339181287
1781571472,10,GET,/api/load/memory-light [GET],1.100000,0.000000,2,2,3,3,5,5,5,5,5,5,5,2842,0,2,11.415407966258455,1.299395997193642,858.2991319999564,50.0
1781571472,10,GET,/api/products [GET],2.200000,0.000000,2,2,3,3,4,4,4,4,4,4,4,4449,0,1,9.453824685945273,0.7687059987802058,852.6058299976285,120.0
1781571472,10,,Aggregated,7.400000,0.000000,3,5,5,6,7,7,25,290,290,290,290,14644,0,3,13.77435143358468,0.7687059987802058,954.5754110004054,78.33453974323955
1781571473,10,GET,/api/load/gc [GC-pressure],4.100000,0.000000,5,6,7,7,8,25,290,290,290,290,290,7356,0,5,17.296284188626878,2.237843000330031,954.5754110004054,64.07599238716693
1781571473,10,GET,/api/load/memory-light [GET],1.100000,0.000000,2,2,3,3,5,5,5,5,5,5,5,2842,0,2,11.415407966258455,1.299395997193642,858.2991319999564,50.0
1781571473,10,GET,/api/products [GET],2.200000,0.000000,2,2,3,3,4,4,4,4,4,4,4,4452,0,1,9.44851618166499,0.7687059987802058,852.6058299976285,120.0
1781571473,10,,Aggregated,7.400000,0.000000,3,5,5,6,7,8,25,290,290,290,290,14650,0,3,13.770569963987604,0.7687059987802058,954.5754110004054,78.34013651877133
1781571474,10,GET,/api/load/gc [GC-pressure],4.100000,0.000000,5,6,7,7,8,25,290,290,290,290,290,7359,0,5,17.290631125769636,2.237843000330031,954.5754110004054,64.07596140779997
1781571474,10,GET,/api/load/memory-light [GET],1.100000,0.000000,2,2,3,4,5,5,5,5,5,5,5,2845,0,2,11.406624482286114,1.299395997193642,858.2991319999564,50.0
1781571474,10,GET,/api/products [GET],2.600000,0.000000,2,2,3,3,4,4,4,4,4,4,4,4455,0,1,9.443559392541765,0.7687059987802058,852.6058299976285,120.0
1781571474,10,,Aggregated,7.800000,0.000000,3,5,5,6,7,8,25,290,290,290,290,14659,0,3,13.76387599429813,0.7687059987802058,954.5754110004054,78.33992768947404
1781571475,10,GET,/api/load/gc [GC-pressure],4.100000,0.000000,5,6,7,7,8,25,290,290,290,290,290,7364,0,5,17.28270897617243,2.237843000330031,954.5754110004054,64.07590983161326
1781571475,10,GET,/api/load/memory-light [GET],1.100000,0.000000,2,2,3,4,5,5,5,5,5,5,5,2845,0,2,11.406624482286114,1.299395997193642,858.2991319999564,50.0
1781571475,10,GET,/api/products [GET],2.600000,0.000000,2,2,3,3,4,4,4,4,4,4,4,4457,0,1,9.440014335825317,0.7687059987802058,852.6058299976285,120.0
1781571475,10,,Aggregated,7.800000,0.000000,3,5,5,6,7,8,25,290,290,290,290,14666,0,3,13.75943402750656,0.7687059987802058,954.5754110004054,78.34072003272875
1781571476,10,GET,/api/load/gc [GC-pressure],4.000000,0.000000,5,7,7,7,8,25,290,290,290,290,290,7368,0,5,17.276735788347512,2.237843000330031,954.5754110004054,64.07586862106406
1781571476,10,GET,/api/load/memory-light [GET],0.900000,0.000000,2,3,3,4,5,5,5,5,5,5,5,2847,0,2,11.400411445069183,1.299395997193642,858.2991319999564,50.0
1781571476,10,GET,/api/products [GET],2.700000,0.000000,2,3,3,3,4,4,6,6,6,6,6,4463,0,1,9.432085916595746,0.7687059987802058,852.6058299976285,120.0
1781571476,10,,Aggregated,7.600000,0.000000,3,5,5,6,7,8,25,290,290,290,290,14678,0,3,13.751693699306665,0.7687059987802058,954.5754110004054,78.34997956124812
1781571477,10,GET,/api/load/gc [GC-pressure],4.200000,0.000000,5,7,7,7,8,25,290,290,290,290,290,7373,0,5,17.269012183987982,2.237843000330031,954.5754110004054,64.07581717075817
1781571477,10,GET,/api/load/memory-light [GET],1.000000,0.000000,2,2,3,3,4,4,4,4,4,4,4,2847,0,2,11.400411445069183,1.299395997193642,858.2991319999564,50.0
1781571477,10,GET,/api/products [GET],2.500000,0.000000,2,2,3,3,4,4,6,6,6,6,6,4465,0,1,9.42860597128026,0.7687059987802058,852.6058299976285,120.0
1781571477,10,,Aggregated,7.700000,0.000000,3,5,5,6,7,8,25,290,290,290,290,14685,0,3,13.747369688690618,0.7687059987802058,954.5754110004054,78.35076608784473
1781571478,10,GET,/api/load/gc [GC-pressure],4.100000,0.000000,5,6,7,7,8,25,290,290,290,290,290,7376,0,5,17.264207984890103,2.237843000330031,954.5754110004054,64.0757863340564
1781571478,10,GET,/api/load/memory-light [GET],1.100000,0.000000,2,3,3,4,4,7,7,7,7,7,7,2851,0,2,11.389537223117241,1.299395997193642,858.2991319999564,50.0
1781571478,10,GET,/api/products [GET],2.700000,0.000000,2,3,3,4,4,4,6,6,6,6,6,4465,0,1,9.42860597128026,0.7687059987802058,852.6058299976285,120.0
1781571478,10,,Aggregated,7.900000,0.000000,4,5,5,6,7,8,25,290,290,290,290,14692,0,3,13.742927741724953,0.7687059987802058,954.5754110004054,78.34011707051457
1781571479,10,GET,/api/load/gc [GC-pressure],4.100000,0.000000,5,7,7,7,8,13,25,25,25,25,25,7381,0,5,17.256608069983177,2.237843000330031,954.5754110004054,64.07573499525809
1781571479,10,GET,/api/load/memory-light [GET],1.000000,0.000000,2,3,4,4,7,120,120,120,120,120,120,2852,0,2,11.426527881173772,1.299395997193642,858.2991319999564,50.0
1781571479,10,GET,/api/products [GET],2.800000,0.000000,2,3,3,3,4,4,6,6,6,6,6,4468,0,1,9.423684677208302,0.7687059987802058,852.6058299976285,120.0
1781571479,10,,Aggregated,7.900000,0.000000,4,5,6,6,7,8,25,120,120,120,120,14701,0,3,13.744949651004701,0.7687059987802058,954.5754110004054,78.34181348207605
1781571480,10,GET,/api/load/gc [GC-pressure],4.100000,0.000000,5,6,7,7,8,13,25,25,25,25,25,7383,0,5,17.253193880339893,2.237843000330031,954.5754110004054,64.075714479209
1781571480,10,GET,/api/load/memory-light [GET],1.300000,0.000000,2,3,4,4,7,120,120,120,120,120,120,2854,0,2,11.42068361250896,1.299395997193642,858.2991319999564,50.0
1781571480,10,GET,/api/products [GET],2.700000,0.000000,2,3,3,3,4,4,6,6,6,6,6,4471,0,1,9.419137475681833,0.7687059987802058,852.6058299976285,120.0
1781571480,10,,Aggregated,8.100000,0.000000,3,5,5,6,7,8,25,120,120,120,120,14708,0,3,13.74000034691484,0.7687059987802058,954.5754110004054,78.34450639107969
1781571481,10,GET,/api/load/gc [GC-pressure],4.000000,0.000000,6,7,7,8,8,10,13,13,13,13,13,7386,0,5,17.24954963735995,2.237843000330031,954.5754110004054,64.07568372596805
1781571481,10,GET,/api/load/memory-light [GET],1.300000,0.000000,3,4,4,4,8,120,120,120,120,120,120,2857,0,2,11.412756678367115,1.299395997193642,858.2991319999564,50.0
1781571481,10,GET,/api/products [GET],2.500000,0.000000,2,2,3,3,4,4,6,6,6,6,6,4473,0,1,9.415601594853246,0.7687059987802058,852.6058299976285,120.0
1781571481,10,,Aggregated,7.800000,0.000000,3,5,6,7,8,8,13,120,120,120,120,14716,0,3,13.735213739155615,0.7687059987802058,954.5754110004054,78.34146507203045
1781571482,10,GET,/api/load/gc [GC-pressure],3.800000,0.000000,6,7,7,7,8,8,10,10,10,10,10,7388,0,5,17.24638431544883,2.237843000330031,954.5754110004054,64.07566323768273
1781571482,10,GET,/api/load/memory-light [GET],1.500000,0.000000,2,4,4,7,8,120,120,120,120,120,120,2857,0,2,11.412756678367115,1.299395997193642,858.2991319999564,50.0
1781571482,10,GET,/api/products [GET],2.800000,0.000000,2,3,3,3,4,4,6,6,6,6,6,4479,0,1,9.406903213391715,0.7687059987802058,852.6058299976285,120.0
1781571482,10,,Aggregated,8.100000,0.000000,3,5,6,7,8,8,10,120,120,120,120,14724,0,3,13.729696593684615,0.7687059987802058,954.5754110004054,78.35649280086933
1781571483,10,GET,/api/load/gc [GC-pressure],3.800000,0.000000,6,7,7,8,8,8,10,10,10,10,10,7391,0,5,17.2417006240757,2.237843000330031,954.5754110004054,64.07563252604518
1781571483,10,GET,/api/load/memory-light [GET],1.500000,0.000000,2,4,4,7,8,120,120,120,120,120,120,2858,0,2,11.409474188276503,1.299395997193642,858.2991319999564,50.0
1781571483,10,GET,/api/products [GET],2.800000,0.000000,2,3,3,4,4,4,6,6,6,6,6,4482,0,1,9.402632340869037,0.7687059987802058,852.6058299976285,120.0
1781571483,10,,Aggregated,8.100000,0.000000,4,5,6,7,8,8,10,120,120,120,120,14731,0,3,13.725088907366288,0.7687059987802058,954.5754110004054,78.36012490665942
1781571484,10,GET,/api/load/gc [GC-pressure],3.400000,0.000000,6,7,7,8,8,8,10,10,10,10,10,7396,0,5,17.23400165394128,2.237843000330031,954.5754110004054,64.07558139534883
1781571484,10,GET,/api/load/memory-light [GET],1.600000,0.000000,2,4,7,7,8,120,120,120,120,120,120,2861,0,2,11.401482312862953,1.299395997193642,858.2991319999564,50.0
1781571484,10,GET,/api/products [GET],3.000000,0.000000,3,3,4,4,4,4,6,6,6,6,6,4485,0,1,9.397814341531944,0.7687059987802058,852.6058299976285,120.0
1781571484,10,,Aggregated,8.000000,0.000000,4,5,6,7,8,8,10,120,120,120,120,14742,0,3,13.718051448339533,0.7687059987802058,954.5754110004054,78.35795685795686
1781571485,10,GET,/api/load/gc [GC-pressure],3.500000,0.000000,6,7,7,7,8,8,10,10,10,10,10,7400,0,5,17.226863817777485,2.237843000330031,954.5754110004054,64.07554054054054
1781571485,10,GET,/api/load/memory-light [GET],1.600000,0.000000,3,5,5,7,8,120,120,120,120,120,120,2863,0,2,11.397107482393944,1.299395997193642,858.2991319999564,50.0
1781571485,10,GET,/api/products [GET],3.000000,0.000000,2,3,3,4,4,4,4,4,4,4,4,4487,0,1,9.394809518113062,0.7687059987802058,852.6058299976285,120.0
1781571485,10,,Aggregated,8.100000,0.000000,4,5,6,7,8,8,10,120,120,120,120,14750,0,3,13.712760764842072,0.7687059987802058,954.5754110004054,78.35586440677966
1781571486,10,GET,/api/load/gc [GC-pressure],3.500000,0.000000,6,7,7,8,8,10,53,53,53,53,53,7406,0,5,17.22429743215656,2.237843000330031,954.5754110004054,64.07561436672968
1781571486,10,GET,/api/load/memory-light [GET],1.600000,0.000000,4,5,6,7,8,120,120,120,120,120,120,2864,0,2,11.395217978385096,1.299395997193642,858.2991319999564,50.0
1781571486,10,GET,/api/products [GET],3.000000,0.000000,3,3,3,3,4,4,4,4,4,4,4,4488,0,1,9.39347117084947,0.7687059987802058,852.6058299976285,120.0
1781571486,10,,Aggregated,8.100000,0.000000,4,5,6,7,8,10,53,120,120,120,120,14758,0,3,13.711678390528446,0.7687059987802058,954.5754110004054,78.35099606992817
1781571487,10,GET,/api/load/gc [GC-pressure],3.500000,0.000000,6,7,7,8,8,10,53,53,53,53,53,7407,0,5,17.222846099574564,2.237843000330031,954.5754110004054,64.0756041582287
1781571487,10,GET,/api/load/memory-light [GET],1.700000,0.000000,2,5,6,7,8,120,120,120,120,120,120,2866,0,2,11.388714910363479,1.299395997193642,858.2991319999564,50.0
1781571487,10,GET,/api/products [GET],2.900000,0.000000,3,3,3,4,4,4,4,4,4,4,4,4491,0,1,9.388917759691669,0.7687059987802058,852.6058299976285,120.0
1781571487,10,,Aggregated,8.100000,0.000000,4,5,6,7,8,10,53,120,120,120,120,14764,0,3,13.70734947517108,0.7687059987802058,954.5754110004054,78.35464643727987
1781571488,10,GET,/api/load/gc [GC-pressure],3.900000,0.000000,6,6,7,8,8,10,53,53,53,53,53,7411,0,5,17.215958419046046,2.237843000330031,954.5754110004054,64.07556335177439
1781571488,10,GET,/api/load/memory-light [GET],1.800000,0.000000,2,5,5,6,7,8,8,8,8,8,8,2866,0,2,11.388714910363479,1.299395997193642,858.2991319999564,50.0
1781571488,10,GET,/api/products [GET],2.600000,0.000000,3,3,4,4,4,5,11,11,11,11,11,4496,0,1,9.383683895632908,0.7687059987802058,852.6058299976285,120.0
1781571488,10,,Aggregated,8.300000,0.000000,4,5,6,6,8,10,11,53,53,53,53,14773,0,3,13.701791617912242,0.7687059987802058,954.5754110004054,78.36485480268057
1781571489,10,GET,/api/load/gc [GC-pressure],3.500000,0.000000,6,6,7,8,10,10,53,53,53,53,53,7412,0,5,17.21405277854134,2.237843000330031,954.5754110004054,64.07555315704263
1781571489,10,GET,/api/load/memory-light [GET],1.800000,0.000000,2,5,5,6,7,8,8,8,8,8,8,2868,0,2,11.382939489576504,1.299395997193642,858.2991319999564,50.0
1781571489,10,GET,/api/products [GET],2.500000,0.000000,3,3,4,4,4,5,11,11,11,11,11,4503,0,1,9.37332521025326,0.7687059987802058,852.6058299976285,120.0
1781571489,10,,Aggregated,7.800000,0.000000,4,5,5,6,8,10,11,53,53,53,53,14783,0,3,13.694440443240495,0.7687059987802058,954.5754110004054,78.37976053575052
1781571490,10,GET,/api/load/gc [GC-pressure],3.400000,0.000000,5,6,7,7,8,10,53,53,53,53,53,7418,0,5,17.205104069230785,2.237843000330031,954.5754110004054,64.07549204637368
1781571490,10,GET,/api/load/memory-light [GET],1.500000,0.000000,2,4,5,6,7,8,8,8,8,8,8,2869,0,2,11.37974508194791,1.299395997193642,858.2991319999564,50.0
1781571490,10,GET,/api/products [GET],3.000000,0.000000,3,4,4,4,4,5,11,11,11,11,11,4503,0,1,9.37332521025326,0.7687059987802058,852.6058299976285,120.0
1781571490,10,,Aggregated,7.900000,0.000000,4,5,6,6,7,8,11,53,53,53,53,14790,0,3,13.690604060002228,0.7687059987802058,954.5754110004054,78.37200811359027
1781571491,10,GET,/api/load/gc [GC-pressure],3.200000,0.000000,5,6,7,7,8,10,53,53,53,53,53,7421,0,5,17.20017833776526,2.237843000330031,954.5754110004054,64.07546152809594
1781571491,10,GET,/api/load/memory-light [GET],1.600000,0.000000,3,4,5,5,7,7,7,7,7,7,7,2873,0,2,11.369531555898515,1.299395997193642,858.2991319999564,50.0
1781571491,10,GET,/api/products [GET],3.400000,0.000000,3,4,4,4,4,5,11,11,11,11,11,4504,0,1,9.371576217089444,0.7687059987802058,852.6058299976285,120.0
1781571491,10,,Aggregated,8.200000,0.000000,4,5,6,6,7,8,11,53,53,53,53,14798,0,3,13.685414710530024,0.7687059987802058,954.5754110004054,78.36423841059603
1781571492,10,GET,/api/load/gc [GC-pressure],3.500000,0.000000,5,6,7,7,8,10,53,53,53,53,53,7426,0,5,17.192100329726664,2.237843000330031,954.5754110004054,64.07541071909507
1781571492,10,GET,/api/load/memory-light [GET],1.500000,0.000000,4,4,5,5,7,7,7,7,7,7,7,2874,0,2,11.367036392866497,1.299395997193642,858.2991319999564,50.0
1781571492,10,GET,/api/products [GET],3.300000,0.000000,3,4,4,4,4,5,11,11,11,11,11,4505,0,1,9.370297026364316,0.7687059987802058,852.6058299976285,120.0
1781571492,10,,Aggregated,8.300000,0.000000,4,5,6,6,7,8,11,53,53,53,53,14805,0,3,13.681228486688266,0.7687059987802058,954.5754110004054,78.36028368794327
1781571493,10,GET,/api/load/gc [GC-pressure],3.500000,0.000000,5,6,7,7,8,10,53,53,53,53,53,7427,0,5,17.19089624916608,2.237843000330031,954.5754110004054,64.07540056550424
1781571493,10,GET,/api/load/memory-light [GET],1.400000,0.000000,4,4,5,5,6,7,7,7,7,7,7,2877,0,2,11.358215758462334,1.299395997193642,858.2991319999564,50.0
1781571493,10,GET,/api/products [GET],3.100000,0.000000,3,3,4,4,4,5,11,11,11,11,11,4510,0,1,9.362998979770232,0.7687059987802058,852.6058299976285,120.0
1781571493,10,,Aggregated,8.000000,0.000000,4,5,5,6,7,8,11,53,53,53,53,14814,0,3,13.67500327922346,0.7687059987802058,954.5754110004054,78.36762521938707
1781571494,10,GET,/api/load/gc [GC-pressure],3.600000,0.000000,6,7,7,8,8,10,53,53,53,53,53,7431,0,5,17.184680661763146,2.237843000330031,954.5754110004054,64.07535997846858
1781571494,10,GET,/api/load/memory-light [GET],1.700000,0.000000,3,4,4,5,6,7,7,7,7,7,7,2879,0,2,11.352762305347175,1.299395997193642,858.2991319999564,50.0
1781571494,10,GET,/api/products [GET],2.600000,0.000000,3,3,4,4,4,5,11,11,11,11,11,4513,0,1,9.358513072183133,0.7687059987802058,852.6058299976285,120.0
1781571494,10,,Aggregated,7.900000,0.000000,4,5,6,6,8,8,11,53,53,53,53,14823,0,3,13.669225809176208,0.7687059987802058,954.5754110004054,78.36834648856507
1781571495,10,GET,/api/load/gc [GC-pressure],3.500000,0.000000,5,7,7,8,8,8,8,8,8,8,8,7435,0,5,17.17846438797037,2.237843000330031,954.5754110004054,64.07531943510423
1781571495,10,GET,/api/load/memory-light [GET],1.800000,0.000000,3,4,4,4,5,7,7,7,7,7,7,2880,0,2,11.350463590659071,1.299395997193642,858.2991319999564,50.0
1781571495,10,GET,/api/products [GET],2.800000,0.000000,3,3,4,4,4,5,11,11,11,11,11,4514,0,1,9.357181650811997,0.7687059987802058,852.6058299976285,120.0
1781571495,10,,Aggregated,8.100000,0.000000,4,5,5,6,7,8,8,11,11,11,11,14829,0,3,13.665758705065963,0.7687059987802058,954.5754110004054,78.36536516285656
1781571496,10,GET,/api/load/gc [GC-pressure],3.600000,0.000000,5,7,8,8,8,8,8,8,8,8,8,7437,0,5,17.176078892371503,2.237843000330031,954.5754110004054,64.07529917977679
1781571496,10,GET,/api/load/memory-light [GET],1.700000,0.000000,3,4,4,4,5,7,7,7,7,7,7,2882,0,2,11.344049657910558,1.299395997193642,858.2991319999564,50.0
1781571496,10,GET,/api/products [GET],2.900000,0.000000,3,3,4,4,4,5,11,11,11,11,11,4518,0,1,9.351174142490088,0.7687059987802058,852.6058299976285,120.0
1781571496,10,,Aggregated,8.200000,0.000000,4,5,5,6,8,8,8,11,11,11,11,14837,0,3,13.660487606149175,0.7687059987802058,954.5754110004054,78.37082968255038
1781571497,10,GET,/api/load/gc [GC-pressure],3.500000,0.000000,6,7,8,8,8,8,8,8,8,8,8,7443,0,5,17.167637794917713,2.237843000330031,954.5754110004054,64.07523847910788
1781571497,10,GET,/api/load/memory-light [GET],1.800000,0.000000,4,4,4,5,6,7,7,7,7,7,7,2884,0,2,11.339647937620233,1.299395997193642,858.2991319999564,50.0
1781571497,10,GET,/api/products [GET],2.800000,0.000000,3,3,3,4,4,4,5,5,5,5,5,4520,0,1,9.347824253488229,0.7687059987802058,852.6058299976285,120.0
1781571497,10,,Aggregated,8.100000,0.000000,4,5,5,7,8,8,8,8,8,8,8,14847,0,3,13.654909300561465,0.7687059987802058,954.5754110004054,78.36680810938236
1781571498,10,GET,/api/load/gc [GC-pressure],3.000000,0.000000,6,7,8,8,8,8,8,8,8,8,8,7447,0,5,17.161275442134375,2.237843000330031,954.5754110004054,64.07519806633543
1781571498,10,GET,/api/load/memory-light [GET],1.800000,0.000000,4,4,5,5,6,7,7,7,7,7,7,2884,0,2,11.339647937620233,1.299395997193642,858.2991319999564,50.0
1781571498,10,GET,/api/products [GET],2.900000,0.000000,3,3,3,3,4,4,4,4,4,4,4,4521,0,1,9.34612615323426,0.7687059987802058,852.6058299976285,120.0
1781571498,10,,Aggregated,7.700000,0.000000,4,5,7,7,8,8,8,8,8,8,8,14852,0,3,13.651858282281411,0.7687059987802058,954.5754110004054,78.3657419876111
1781571499,10,GET,/api/load/gc [GC-pressure],3.200000,0.000000,6,7,8,8,8,8,8,8,8,8,8,7453,0,5,17.151922987865962,2.237843000330031,954.5754110004054,64.075137528512
1781571499,10,GET,/api/load/memory-light [GET],1.800000,0.000000,4,4,5,5,6,7,7,7,7,7,7,2885,0,2,11.33700203643006,1.299395997193642,858.2991319999564,50.0
1781571499,10,GET,/api/products [GET],3.000000,0.000000,3,3,3,3,4,4,4,4,4,4,4,4525,0,1,9.34024519397998,0.7687059987802058,852.6058299976285,120.0
1781571499,10,,Aggregated,8.000000,0.000000,4,5,6,7,8,8,8,8,8,8,8,14863,0,3,13.644966857728933,0.7687059987802058,954.5754110004054,78.36923904998991
1781571500,10,GET,/api/load/gc [GC-pressure],3.600000,0.000000,6,7,8,8,8,8,8,8,8,8,8,7457,0,5,17.146139438455936,2.237843000330031,954.5754110004054,64.07509722408476
1781571500,10,GET,/api/load/memory-light [GET],1.800000,0.000000,4,4,5,5,5,6,6,6,6,6,6,2886,0,2,11.33484092034001,1.299395997193642,858.2991319999564,50.0
1781571500,10,GET,/api/products [GET],2.600000,0.000000,3,3,3,3,4,4,4,4,4,4,4,4527,0,1,9.33725516340941,0.7687059987802058,852.6058299976285,120.0
1781571500,10,,Aggregated,8.000000,0.000000,4,5,6,7,8,8,8,8,8,8,8,14870,0,3,13.640945986107706,0.7687059987802058,954.5754110004054,78.36906523201075
1781571501,10,GET,/api/load/gc [GC-pressure],3.900000,0.000000,7,7,8,8,8,8,8,8,8,8,8,7459,0,5,17.142691343552244,2.237843000330031,954.5754110004054,64.07507708808151
1781571501,10,GET,/api/load/memory-light [GET],1.600000,0.000000,4,5,5,5,5,6,6,6,6,6,6,2887,0,2,11.332556660928173,1.299395997193642,858.2991319999564,50.0
1781571501,10,GET,/api/products [GET],2.400000,0.000000,3,3,3,3,4,4,4,4,4,4,4,4530,0,1,9.332976811422832,0.7687059987802058,852.6058299976285,120.0
1781571501,10,,Aggregated,7.900000,0.000000,4,5,6,7,8,8,8,8,8,8,8,14876,0,3,13.636919250295861,0.7687059987802058,954.5754110004054,78.3736219413821
1781571502,10,GET,/api/load/gc [GC-pressure],3.900000,0.000000,6,7,8,8,8,8,9,9,9,9,9,7465,0,5,17.133372141937137,2.237843000330031,954.5754110004054,64.0750167448091
1781571502,10,GET,/api/load/memory-light [GET],1.700000,0.000000,4,5,5,5,5,6,6,6,6,6,6,2888,0,2,11.330325030158996,1.299395997193642,858.2991319999564,50.0
1781571502,10,GET,/api/products [GET],2.300000,0.000000,2,3,3,3,4,4,4,4,4,4,4,4531,0,1,9.331237131703219,0.7687059987802058,852.6058299976285,120.0
1781571502,10,,Aggregated,7.900000,0.000000,4,5,7,7,8,8,8,9,9,9,9,14884,0,3,13.632251892663747,0.7687059987802058,954.5754110004054,78.36871808653588
1781571503,10,GET,/api/load/gc [GC-pressure],3.900000,0.000000,7,7,8,8,8,8,9,9,9,9,9,7467,0,5,17.130935672634532,2.237843000330031,954.5754110004054,64.07499665193518
1781571503,10,GET,/api/load/memory-light [GET],1.600000,0.000000,5,5,5,5,5,6,6,6,6,6,6,2891,0,2,11.323446190627037,1.299395997193642,858.2991319999564,50.0
1781571503,10,GET,/api/products [GET],2.400000,0.000000,2,3,3,3,4,4,4,4,4,4,4,4534,0,1,9.326469402238184,0.7687059987802058,852.6058299976285,120.0
1781571503,10,,Aggregated,7.900000,0.000000,4,5,7,7,8,8,8,9,9,9,9,14892,0,3,13.627383284610042,0.7687059987802058,954.5754110004054,78.36946011281225
1781571504,10,GET,/api/load/gc [GC-pressure],4.200000,0.000000,6,7,8,8,8,8,9,9,9,9,9,7473,0,5,17.121185052798577,2.237843000330031,954.5754110004054,64.07493643784291
1781571504,10,GET,/api/load/memory-light [GET],1.400000,0.000000,5,5,5,6,6,52,52,52,52,52,52,2893,0,2,11.335645034254075,1.299395997193642,858.2991319999564,50.0
1781571504,10,GET,/api/products [GET],2.500000,0.000000,2,3,3,4,4,4,4,4,4,4,4,4535,0,1,9.325227608103711,0.7687059987802058,852.6058299976285,120.0
1781571504,10,,Aggregated,8.100000,0.000000,5,6,7,7,8,8,9,52,52,52,52,14901,0,3,13.62529656978801,0.7687059987802058,954.5754110004054,78.36266022414603
1781571505,10,GET,/api/load/gc [GC-pressure],4.100000,0.000000,6,7,7,8,8,8,9,9,9,9,9,7477,0,5,17.115251712793807,2.237843000330031,954.5754110004054,64.074896348803
1781571505,10,GET,/api/load/memory-light [GET],1.400000,0.000000,5,5,5,6,6,52,52,52,52,52,52,2896,0,2,11.32777968477314,1.299395997193642,858.2991319999564,50.0
1781571505,10,GET,/api/products [GET],2.400000,0.000000,2,3,4,4,4,4,4,4,4,4,4,4535,0,1,9.325227608103711,0.7687059987802058,852.6058299976285,120.0
1781571505,10,,Aggregated,7.900000,0.000000,5,6,6,7,8,8,9,52,52,52,52,14908,0,3,13.62127007153291,0.7687059987802058,954.5754110004054,78.35309900724444
1781571506,10,GET,/api/load/gc [GC-pressure],4.200000,0.000000,6,7,7,8,8,8,9,9,9,9,9,7483,0,5,17.106178475952166,2.237843000330031,954.5754110004054,64.07483629560336
1781571506,10,GET,/api/load/memory-light [GET],1.400000,0.000000,5,5,5,5,6,52,52,52,52,52,52,2897,0,2,11.32458967487198,1.299395997193642,858.2991319999564,50.0
1781571506,10,GET,/api/products [GET],2.200000,0.000000,2,3,4,4,4,4,4,4,4,4,4,4537,0,1,9.322303242177073,0.7687059987802058,852.6058299976285,120.0
1781571506,10,,Aggregated,7.800000,0.000000,5,6,7,7,8,8,9,52,52,52,52,14917,0,3,13.615885207039724,0.7687059987802058,954.5754110004054,78.35100891600187
1781571507,10,GET,/api/load/gc [GC-pressure],4.200000,0.000000,6,7,7,8,8,8,9,9,9,9,9,7489,0,5,17.09739145059991,2.237843000330031,954.5754110004054,64.07477633862999
1781571507,10,GET,/api/load/memory-light [GET],1.400000,0.000000,5,5,5,5,6,52,52,52,52,52,52,2899,0,2,11.31976434946846,1.299395997193642,858.2991319999564,50.0
1781571507,10,GET,/api/products [GET],2.200000,0.000000,2,3,4,4,4,4,4,4,4,4,4,4538,0,1,9.320653590955438,0.7687059987802058,852.6058299976285,120.0
1781571507,10,,Aggregated,7.800000,0.000000,5,6,7,7,8,8,9,52,52,52,52,14926,0,3,13.610846001501244,0.7687059987802058,954.5754110004054,78.34423154227522
1781571508,10,GET,/api/load/gc [GC-pressure],4.500000,0.000000,6,7,7,7,8,8,9,9,9,9,9,7493,0,5,17.090977678704874,2.237843000330031,954.5754110004054,64.07473642065928
1781571508,10,GET,/api/load/memory-light [GET],1.400000,0.000000,5,5,5,5,6,52,52,52,52,52,52,2903,0,2,11.307855453706724,1.299395997193642,858.2991319999564,50.0
1781571508,10,GET,/api/products [GET],2.000000,0.000000,2,3,4,4,4,4,4,4,4,4,4,4540,0,1,9.317763571532305,0.7687059987802058,852.6058299976285,120.0
1781571508,10,,Aggregated,7.900000,0.000000,5,6,6,7,8,8,9,52,52,52,52,14936,0,3,13.604180954968056,0.7687059987802058,954.5754110004054,78.33837707552223
1781571509,10,GET,/api/load/gc [GC-pressure],5.000000,0.000000,6,7,7,7,8,8,9,9,9,9,9,7497,0,5,17.084446049291476,2.237843000330031,954.5754110004054,64.07469654528478
1781571509,10,GET,/api/load/memory-light [GET],1.600000,0.000000,5,5,5,5,6,52,52,52,52,52,52,2906,0,2,11.300245390952412,1.299395997193642,858.2991319999564,50.0
1781571509,10,GET,/api/products [GET],1.800000,0.000000,3,3,4,4,4,4,4,4,4,4,4,4541,0,1,9.316409200122944,0.7687059987802058,852.6058299976285,120.0
1781571509,10,,Aggregated,8.400000,0.000000,5,5,6,7,8,8,9,52,52,52,52,14944,0,3,13.599198294660345,0.7687059987802058,954.5754110004054,78.33163811563169
1781571510,10,GET,/api/load/gc [GC-pressure],4.700000,0.000000,6,7,7,7,8,8,9,9,9,9,9,7500,0,5,17.080597663404962,2.237843000330031,954.5754110004054,64.07466666666667
1781571510,10,GET,/api/load/memory-light [GET],1.700000,0.000000,5,5,5,5,6,52,52,52,52,52,52,2907,0,2,11.29715064744132,1.299395997193642,858.2991319999564,50.0
1781571510,10,GET,/api/products [GET],1.900000,0.000000,2,3,3,3,4,4,4,4,4,4,4,4544,0,1,9.311790885952075,0.7687059987802058,852.6058299976285,120.0
1781571510,10,,Aggregated,8.300000,0.000000,5,6,6,7,8,8,9,52,52,52,52,14951,0,3,13.594948645135133,0.7687059987802058,954.5754110004054,78.3352284128152
1781571511,10,GET,/api/load/gc [GC-pressure],4.500000,0.000000,6,7,7,7,8,8,8,8,8,8,8,7506,0,5,17.071280637028316,2.237843000330031,954.5754110004054,64.0746069810818
1781571511,10,GET,/api/load/memory-light [GET],2.100000,0.000000,4,5,5,5,6,52,52,52,52,52,52,2908,0,2,11.293884335319982,1.299395997193642,858.2991319999564,50.0
1781571511,10,GET,/api/products [GET],1.700000,0.000000,2,3,3,3,4,4,4,4,4,4,4,4545,0,1,9.310489928221974,0.7687059987802058,852.6058299976285,120.0
1781571511,10,,Aggregated,8.300000,0.000000,5,6,7,7,7,8,8,52,52,52,52,14959,0,3,13.590201539702782,0.7687059987802058,954.5754110004054,78.33036967711746
1781571512,10,GET,/api/load/gc [GC-pressure],4.300000,0.000000,6,7,7,7,8,8,8,8,8,8,8,7511,0,5,17.064088797967216,2.237843000330031,954.5754110004054,64.07455731593663
1781571512,10,GET,/api/load/memory-light [GET],2.000000,0.000000,3,5,5,5,6,6,52,52,52,52,52,2912,0,2,11.28188878403437,1.299395997193642,858.2991319999564,50.0
1781571512,10,GET,/api/products [GET],1.700000,0.000000,3,3,3,3,4,4,4,4,4,4,4,4546,0,1,9.30914206484119,0.7687059987802058,852.6058299976285,120.0
1781571512,10,,Aggregated,8.000000,0.000000,5,6,6,7,7,8,8,52,52,52,52,14969,0,3,13.584113229167473,0.7687059987802058,954.5754110004054,78.32079631237892
1781571513,10,GET,/api/load/gc [GC-pressure],4.500000,0.000000,6,7,7,7,8,8,8,8,8,8,8,7514,0,5,17.059395128631323,2.237843000330031,954.5754110004054,64.07452754857599
1781571513,10,GET,/api/load/memory-light [GET],2.100000,0.000000,3,4,5,5,5,6,52,52,52,52,52,2913,0,2,11.279595874048436,1.299395997193642,858.2991319999564,50.0
1781571513,10,GET,/api/products [GET],1.700000,0.000000,3,3,3,3,3,4,4,4,4,4,4,4550,0,1,9.303138361265756,0.7687059987802058,852.6058299976285,120.0
1781571513,10,,Aggregated,8.300000,0.000000,5,5,6,7,7,8,8,52,52,52,52,14977,0,3,13.578890119609937,0.7687059987802058,954.5754110004054,78.32716832476464
1781571514,10,GET,/api/load/gc [GC-pressure],4.400000,0.000000,6,7,7,7,8,8,8,8,8,8,8,7519,0,5,17.05180977863221,2.237843000330031,954.5754110004054,64.07447798909429
1781571514,10,GET,/api/load/memory-light [GET],2.300000,0.000000,3,4,5,5,5,6,52,52,52,52,52,2915,0,2,11.274085441200098,1.299395997193642,858.2991319999564,50.0
1781571514,10,GET,/api/products [GET],1.600000,0.000000,3,3,3,3,3,3,3,3,3,3,3,4550,0,1,9.303138361265756,0.7687059987802058,852.6058299976285,120.0
1781571514,10,,Aggregated,8.300000,0.000000,5,5,6,7,7,8,8,8,8,8,8,14984,0,3,13.574866279390887,0.7687059987802058,954.5754110004054,78.31860651361453
1781571515,10,GET,/api/load/gc [GC-pressure],4.700000,0.000000,5,7,7,7,7,8,8,8,8,8,8,7524,0,5,17.04339349422276,2.237843000330031,954.5754110004054,64.07442849548113
1781571515,10,GET,/api/load/memory-light [GET],2.300000,0.000000,3,4,5,5,5,5,6,6,6,6,6,2917,0,2,11.269643507405034,1.299395997193642,858.2991319999564,50.0
1781571515,10,GET,/api/products [GET],1.400000,0.000000,3,3,3,3,4,4,4,4,4,4,4,4553,0,1,9.299553110642508,0.7687059987802058,852.6058299976285,120.0
1781571515,10,,Aggregated,8.400000,0.000000,4,5,6,7,7,7,8,8,8,8,8,14994,0,3,13.568688013497924,0.7687059987802058,954.5754110004054,78.31839402427637
1781571516,10,GET,/api/load/gc [GC-pressure],4.700000,0.000000,5,7,7,7,7,8,8,8,8,8,8,7527,0,5,17.038621665009998,2.237843000330031,954.5754110004054,64.07439883087551
1781571516,10,GET,/api/load/memory-light [GET],2.300000,0.000000,2,4,5,5,5,5,5,5,5,5,5,2918,0,2,11.266624399967446,1.299395997193642,858.2991319999564,50.0
1781571516,10,GET,/api/products [GET],1.400000,0.000000,3,3,3,3,4,4,4,4,4,4,4,4556,0,1,9.295690855520673,0.7687059987802058,852.6058299976285,120.0
1781571516,10,,Aggregated,8.400000,0.000000,4,5,5,6,7,7,8,8,8,8,8,15001,0,3,13.564221239209884,0.7687059987802058,954.5754110004054,78.32197853476436
1781571517,10,GET,/api/load/gc [GC-pressure],4.700000,0.000000,5,7,7,7,7,8,8,8,8,8,8,7531,0,5,17.032436098729637,2.237843000330031,954.5754110004054,64.07435931483202
1781571517,10,GET,/api/load/memory-light [GET],2.000000,0.000000,3,4,5,5,5,5,5,5,5,5,5,2920,0,2,11.262115227434887,1.299395997193642,858.2991319999564,50.0
1781571517,10,GET,/api/products [GET],1.600000,0.000000,3,3,3,3,4,4,4,4,4,4,4,4559,0,1,9.290604830171633,0.7687059987802058,852.6058299976285,120.0
1781571517,10,,Aggregated,8.300000,0.000000,4,5,5,6,7,7,8,8,8,8,8,15010,0,3,13.558462368047651,0.7687059987802058,954.5754110004054,78.32271818787476
1781571518,10,GET,/api/load/gc [GC-pressure],4.600000,0.000000,6,7,7,7,7,8,8,8,8,8,8,7532,0,5,17.0310502589662,2.237843000330031,954.5754110004054,64.07434944237919
1781571518,10,GET,/api/load/memory-light [GET],2.200000,0.000000,3,4,5,5,5,5,5,5,5,5,5,2923,0,2,11.25426906880103,1.299395997193642,858.2991319999564,50.0
1781571518,10,GET,/api/products [GET],1.900000,0.000000,3,3,3,3,4,4,4,4,4,4,4,4561,0,1,9.287468529873637,0.7687059987802058,852.6058299976285,120.0
1781571518,10,,Aggregated,8.700000,0.000000,4,5,5,7,7,7,8,8,8,8,8,15016,0,3,13.554491409389483,0.7687059987802058,954.5754110004054,78.3216568993074
1781571519,10,GET,/api/load/gc [GC-pressure],4.100000,0.000000,5,7,7,7,7,8,9,9,9,9,9,7537,0,5,17.02334351048534,2.237843000330031,954.5754110004054,64.0743001194109
1781571519,10,GET,/api/load/memory-light [GET],2.000000,0.000000,3,4,5,5,5,5,5,5,5,5,5,2925,0,2,11.248759303968818,1.299395997193642,858.2991319999564,50.0
1781571519,10,GET,/api/products [GET],2.000000,0.000000,3,3,3,3,4,4,4,4,4,4,4,4564,0,1,9.28296140901629,0.7687059987802058,852.6058299976285,120.0
1781571519,10,,Aggregated,8.100000,0.000000,4,5,5,6,7,7,8,9,9,9,9,15026,0,3,13.548182941127854,0.7687059987802058,954.5754110004054,78.3214428324238
1781571520,10,GET,/api/load/gc [GC-pressure],3.900000,0.000000,5,7,7,7,7,8,9,9,9,9,9,7539,0,5,17.020451979112543,2.237843000330031,954.5754110004054,64.07428040854225
1781571520,10,GET,/api/load/memory-light [GET],2.100000,0.000000,3,4,5,5,5,5,5,5,5,5,5,2927,0,2,11.242558992176622,1.299395997193642,858.2991319999564,50.0
1781571520,10,GET,/api/products [GET],2.000000,0.000000,3,3,3,4,4,4,4,4,4,4,4,4566,0,1,9.280443265605728,0.7687059987802058,852.6058299976285,120.0
1781571520,10,,Aggregated,8.000000,0.000000,4,5,5,6,7,7,8,9,9,9,9,15032,0,3,13.54434949383889,0.7687059987802058,954.5754110004054,78.3213145290048
1781571521,10,GET,/api/load/gc [GC-pressure],4.000000,0.000000,5,6,7,7,7,8,9,9,9,9,9,7542,0,5,17.0155087091661,2.237843000330031,954.5754110004054,64.07425086184035
1781571521,10,GET,/api/load/memory-light [GET],2.000000,0.000000,4,4,5,5,5,5,5,5,5,5,5,2930,0,2,11.234771602084017,1.299395997193642,858.2991319999564,50.0
1781571521,10,GET,/api/products [GET],2.200000,0.000000,3,3,4,4,4,4,5,5,5,5,5,4569,0,1,9.276306929033806,0.7687059987802058,852.6058299976285,120.0
1781571521,10,,Aggregated,8.200000,0.000000,4,5,5,5,7,7,8,9,9,9,9,15041,0,3,13.538481074223279,0.7687059987802058,954.5754110004054,78.32112226580679
1781571522,10,GET,/api/load/gc [GC-pressure],4.000000,0.000000,5,7,7,7,7,9,10,10,10,10,10,7547,0,5,17.008457589045737,2.237843000330031,954.5754110004054,64.07420166953756
1781571522,10,GET,/api/load/memory-light [GET],2.100000,0.000000,4,4,5,5,5,5,5,5,5,5,5,2931,0,2,11.231619537053268,1.299395997193642,858.2991319999564,50.0
1781571522,10,GET,/api/products [GET],2.200000,0.000000,3,3,4,4,4,4,5,5,5,5,5,4573,0,1,9.270456364039843,0.7687059987802058,852.6058299976285,120.0
1781571522,10,,Aggregated,8.300000,0.000000,4,5,5,5,7,7,9,10,10,10,10,15051,0,3,13.532423310104678,0.7687059987802058,954.5754110004054,78.32555976347086
1781571523,10,GET,/api/load/gc [GC-pressure],3.800000,0.000000,5,7,7,7,8,10,13,13,13,13,13,7554,0,5,16.998365843860686,2.237843000330031,954.5754110004054,64.07413290971671
1781571523,10,GET,/api/load/memory-light [GET],2.100000,0.000000,4,4,5,5,5,5,5,5,5,5,5,2931,0,2,11.231619537053268,1.299395997193642,858.2991319999564,50.0
1781571523,10,GET,/api/products [GET],2.300000,0.000000,3,3,4,4,4,4,5,5,5,5,5,4574,0,1,9.269180562255917,0.7687059987802058,852.6058299976285,120.0
1781571523,10,,Aggregated,8.200000,0.000000,4,5,5,5,7,8,10,13,13,13,13,15059,0,3,13.528306284573034,0.7687059987802058,954.5754110004054,78.32166810545189
1781571524,10,GET,/api/load/gc [GC-pressure],3.600000,0.000000,5,7,7,7,8,10,13,13,13,13,13,7556,0,5,16.995496867195293,2.237843000330031,954.5754110004054,64.07411328745368
1781571524,10,GET,/api/load/memory-light [GET],2.000000,0.000000,3,4,5,5,5,5,5,5,5,5,5,2933,0,2,11.226602044697897,1.299395997193642,858.2991319999564,50.0
1781571524,10,GET,/api/products [GET],2.500000,0.000000,3,3,4,4,4,4,5,5,5,5,5,4575,0,1,9.2677858292365,0.7687059987802058,852.6058299976285,120.0
1781571524,10,,Aggregated,8.100000,0.000000,4,5,5,5,7,8,10,13,13,13,13,15064,0,3,13.52533976994049,0.7687059987802058,954.5754110004054,78.31877323420075
1781571525,10,GET,/api/load/gc [GC-pressure],3.600000,0.000000,5,7,7,7,8,10,13,13,13,13,13,7563,0,5,16.98446195445409,2.237843000330031,954.5754110004054,64.07404469126008
1781571525,10,GET,/api/load/memory-light [GET],1.800000,0.000000,4,4,4,5,5,5,5,5,5,5,5,2936,0,2,11.218901016380865,1.299395997193642,858.2991319999564,50.0
1781571525,10,GET,/api/products [GET],2.600000,0.000000,3,3,3,4,4,4,5,5,5,5,5,4577,0,1,9.265454770320066,0.7687059987802058,852.6058299976285,120.0
1781571525,10,,Aggregated,8.000000,0.000000,4,5,5,6,7,8,10,13,13,13,13,15076,0,3,13.518185568412408,0.7687059987802058,954.5754110004054,78.3120191032104
1781571526,10,GET,/api/load/gc [GC-pressure],3.700000,0.000000,6,7,7,7,8,10,13,13,13,13,13,7566,0,5,16.97961927921393,2.237843000330031,954.5754110004054,64.07401533174729
1781571526,10,GET,/api/load/memory-light [GET],1.800000,0.000000,3,4,4,4,5,5,5,5,5,5,5,2938,0,2,11.212907828485557,1.299395997193642,858.2991319999564,50.0
1781571526,10,GET,/api/products [GET],2.500000,0.000000,3,3,4,4,4,5,5,5,5,5,5,4578,0,1,9.264083943371482,0.7687059987802058,852.6058299976285,120.0
1781571526,10,,Aggregated,8.000000,0.000000,4,5,5,6,7,8,10,13,13,13,13,15082,0,3,13.51427522605608,0.7687059987802058,954.5754110004054,78.30818193873492
1781571527,10,GET,/api/load/gc [GC-pressure],3.800000,0.000000,5,7,7,7,9,10,13,13,13,13,13,7570,0,5,16.97387747563199,2.237843000330031,954.5754110004054,64.07397622192866
1781571527,10,GET,/api/load/memory-light [GET],1.800000,0.000000,3,4,4,4,5,5,5,5,5,5,5,2940,0,2,11.207985706834956,1.299395997193642,858.2991319999564,50.0
1781571527,10,GET,/api/products [GET],2.600000,0.000000,3,3,4,4,4,5,5,5,5,5,5,4580,0,1,9.261102790120221,0.7687059987802058,852.6058299976285,120.0
1781571527,10,,Aggregated,8.200000,0.000000,4,5,5,6,7,9,10,13,13,13,13,15090,0,3,13.509581262251793,0.7687059987802058,954.5754110004054,78.30616302186878
1781571528,10,GET,/api/load/gc [GC-pressure],3.700000,0.000000,6,7,7,7,9,10,13,13,13,13,13,7575,0,5,16.967042366275372,2.237843000330031,954.5754110004054,64.07392739273928
1781571528,10,GET,/api/load/memory-light [GET],1.900000,0.000000,4,4,4,4,5,5,5,5,5,5,5,2943,0,2,11.20011489503811,1.299395997193642,858.2991319999564,50.0
1781571528,10,GET,/api/products [GET],2.100000,0.000000,3,3,4,4,4,5,5,5,5,5,5,4582,0,1,9.25818579894259,0.7687059987802058,852.6058299976285,120.0
1781571528,10,,Aggregated,7.700000,0.000000,4,5,6,6,7,9,10,13,13,13,13,15100,0,3,13.503860357045566,0.7687059987802058,954.5754110004054,78.30132450331126
1781571529,10,GET,/api/load/gc [GC-pressure],4.000000,0.000000,6,7,7,8,9,10,13,13,13,13,13,7579,0,5,16.96183717872222,2.237843000330031,954.5754110004054,64.07388837577517
1781571529,10,GET,/api/load/memory-light [GET],2.000000,0.000000,4,4,4,4,5,5,5,5,5,5,5,2944,0,2,11.197667586649775,1.299395997193642,858.2991319999564,50.0
1781571529,10,GET,/api/products [GET],2.200000,0.000000,3,3,3,4,4,4,5,5,5,5,5,4586,0,1,9.252417771643131,0.7687059987802058,852.6058299976285,120.0
1781571529,10,,Aggregated,8.200000,0.000000,4,5,6,7,8,9,10,13,13,13,13,15109,0,3,13.498662072499044,0.7687059987802058,954.5754110004054,78.30670461314449
1781571530,10,GET,/api/load/gc [GC-pressure],4.300000,0.000000,6,7,8,8,9,9,13,13,13,13,13,7585,0,5,16.95368734957548,2.237843000330031,954.5754110004054,64.07382992748846
1781571530,10,GET,/api/load/memory-light [GET],2.000000,0.000000,4,4,4,4,4,5,5,5,5,5,5,2945,0,2,11.194711882545054,1.299395997193642,858.2991319999564,50.0
1781571530,10,GET,/api/products [GET],2.100000,0.000000,3,3,3,4,4,4,4,4,4,4,4,4588,0,1,9.249860351950481,0.7687059987802058,852.6058299976285,120.0
1781571530,10,,Aggregated,8.400000,0.000000,4,5,7,7,8,9,10,13,13,13,13,15118,0,3,13.49388175257137,0.7687059987802058,954.5754110004054,78.30466992988491
1781571531,10,GET,/api/load/gc [GC-pressure],4.300000,0.000000,6,7,7,8,9,9,13,13,13,13,13,7590,0,5,16.946521559885085,2.237843000330031,954.5754110004054,64.0737812911726
1781571531,10,GET,/api/load/memory-light [GET],1.900000,0.000000,4,4,4,4,4,5,5,5,5,5,5,2945,0,2,11.194711882545054,1.299395997193642,858.2991319999564,50.0
1781571531,10,GET,/api/products [GET],2.200000,0.000000,3,3,3,4,4,4,4,4,4,4,4,4590,0,1,9.247150181863121,0.7687059987802058,852.6058299976285,120.0
1781571531,10,,Aggregated,8.400000,0.000000,4,5,7,7,8,9,10,13,13,13,13,15125,0,3,13.490045915264444,0.7687059987802058,954.5754110004054,78.30545454545455
1781571532,10,GET,/api/load/gc [GC-pressure],4.300000,0.000000,6,7,7,7,8,9,9,9,9,9,9,7594,0,5,16.9399439298818,2.237843000330031,954.5754110004054,64.07374242823282
1781571532,10,GET,/api/load/memory-light [GET],1.800000,0.000000,4,4,4,4,4,5,5,5,5,5,5,2945,0,2,11.194711882545054,1.299395997193642,858.2991319999564,50.0
1781571532,10,GET,/api/products [GET],2.200000,0.000000,3,3,4,4,4,4,4,4,4,4,4,4593,0,1,9.243277870837565,0.7687059987802058,852.6058299976285,120.0
1781571532,10,,Aggregated,8.300000,0.000000,4,5,6,7,8,9,9,9,9,9,9,15132,0,3,13.485642080252083,0.7687059987802058,954.5754110004054,78.30993920169178
1781571533,10,GET,/api/load/gc [GC-pressure],4.700000,0.000000,7,7,7,8,9,9,9,9,9,9,9,7596,0,5,16.93740938961524,2.237843000330031,954.5754110004054,64.07372301211164
1781571533,10,GET,/api/load/memory-light [GET],1.600000,0.000000,4,4,4,4,5,6,6,6,6,6,6,2948,0,2,11.187925740872979,1.299395997193642,858.2991319999564,50.0
1781571533,10,GET,/api/products [GET],2.000000,0.000000,3,3,4,4,4,4,4,4,4,4,4,4595,0,1,9.240326276116473,0.7687059987802058,852.6058299976285,120.0
1781571533,10,,Aggregated,8.300000,0.000000,4,5,7,7,8,9,9,9,9,9,9,15139,0,3,13.481594956494227,0.7687059987802058,954.5754110004054,78.30794636369642
1781571534,10,GET,/api/load/gc [GC-pressure],4.900000,0.000000,7,7,7,8,9,9,9,9,9,9,9,7602,0,5,16.929475075180488,2.237843000330031,954.5754110004054,64.07366482504604
1781571534,10,GET,/api/load/memory-light [GET],1.400000,0.000000,4,4,4,4,5,6,6,6,6,6,6,2950,0,2,11.182578933589019,1.299395997193642,858.2991319999564,50.0
1781571534,10,GET,/api/products [GET],2.100000,0.000000,3,3,4,4,4,4,5,5,5,5,5,4597,0,1,9.238089193333172,0.7687059987802058,852.6058299976285,120.0
1781571534,10,,Aggregated,8.400000,0.000000,4,6,7,7,8,9,9,9,9,9,9,15149,0,3,13.476399326514112,0.7687059987802058,954.5754110004054,78.3040464717143
1781571535,10,GET,/api/load/gc [GC-pressure],4.600000,0.000000,7,7,8,8,9,9,9,9,9,9,9,7608,0,5,16.921433171992977,2.237843000330031,954.5754110004054,64.07360672975815
1781571535,10,GET,/api/load/memory-light [GET],1.500000,0.000000,4,4,4,4,5,6,6,6,6,6,6,2953,0,2,11.17419394483181,1.299395997193642,858.2991319999564,50.0
1781571535,10,GET,/api/products [GET],2.100000,0.000000,3,3,4,4,4,4,5,5,5,5,5,4598,0,1,9.23668927941588,0.7687059987802058,852.6058299976285,120.0
1781571535,10,,Aggregated,8.200000,0.000000,5,6,7,7,8,9,9,9,9,9,9,15159,0,3,13.470938425909697,0.7687059987802058,954.5754110004054,78.29553400620094
1781571536,10,GET,/api/load/gc [GC-pressure],4.400000,0.000000,7,7,7,8,8,9,9,9,9,9,9,7611,0,5,16.916949336555927,2.237843000330031,954.5754110004054,64.07357771646302
1781571536,10,GET,/api/load/memory-light [GET],1.800000,0.000000,4,4,4,5,5,6,6,6,6,6,6,2956,0,2,11.166884717214668,1.299395997193642,858.2991319999564,50.0
1781571536,10,GET,/api/products [GET],2.200000,0.000000,3,4,4,4,4,5,5,5,5,5,5,4600,0,1,9.234199899075737,0.7687059987802058,852.6058299976285,120.0
1781571536,10,,Aggregated,8.400000,0.000000,5,7,7,7,8,9,9,9,9,9,9,15167,0,3,13.466178687964799,0.7687059987802058,954.5754110004054,78.29260895364936
1781571537,10,GET,/api/load/gc [GC-pressure],4.600000,0.000000,7,7,7,8,8,9,9,9,9,9,9,7618,0,5,16.90795634937245,2.237843000330031,954.5754110004054,64.0735101076398
1781571537,10,GET,/api/load/memory-light [GET],1.900000,0.000000,4,4,5,5,5,6,6,6,6,6,6,2956,0,2,11.166884717214668,1.299395997193642,858.2991319999564,50.0
1781571537,10,GET,/api/products [GET],2.100000,0.000000,3,4,4,4,4,4,5,5,5,5,5,4603,0,1,9.229959734465163,0.7687059987802058,852.6058299976285,120.0
1781571537,10,,Aggregated,8.600000,0.000000,5,7,7,7,8,9,9,9,9,9,9,15177,0,3,13.461133778174148,0.7687059987802058,954.5754110004054,78.29426105290901
1781571538,10,GET,/api/load/gc [GC-pressure],4.500000,0.000000,7,7,7,7,8,8,9,9,9,9,9,7624,0,5,16.899062208356654,2.237843000330031,954.5754110004054,64.07345225603358
1781571538,10,GET,/api/load/memory-light [GET],1.900000,0.000000,4,4,5,5,5,6,6,6,6,6,6,2956,0,2,11.166884717214668,1.299395997193642,858.2991319999564,50.0
1781571538,10,GET,/api/products [GET],2.200000,0.000000,3,4,4,4,4,5,5,5,5,5,5,4604,0,1,9.228651957155236,0.7687059987802058,852.6058299976285,120.0
1781571538,10,,Aggregated,8.600000,0.000000,5,7,7,7,7,8,9,9,9,9,9,15184,0,3,13.457354788681533,0.7687059987802058,954.5754110004054,78.2913593256059
1781571539,10,GET,/api/load/gc [GC-pressure],4.600000,0.000000,7,7,7,7,7,8,9,9,9,9,9,7629,0,5,16.89160850091969,2.237843000330031,954.5754110004054,64.07340411587364
1781571539,10,GET,/api/load/memory-light [GET],1.700000,0.000000,4,4,5,5,5,6,6,6,6,6,6,2956,0,2,11.166884717214668,1.299395997193642,858.2991319999564,50.0
1781571539,10,GET,/api/products [GET],2.200000,0.000000,3,4,4,4,4,4,5,5,5,5,5,4608,0,1,9.223277808538278,0.7687059987802058,852.6058299976285,120.0
1781571539,10,,Aggregated,8.500000,0.000000,5,7,7,7,7,8,9,9,9,9,9,15193,0,3,13.452001357161013,0.7687059987802058,954.5754110004054,78.29763706970316
1781571540,10,GET,/api/load/gc [GC-pressure],4.600000,0.000000,7,7,7,7,7,8,9,9,9,9,9,7632,0,5,16.887605178263954,2.237843000330031,954.5754110004054,64.07337526205451
1781571540,10,GET,/api/load/memory-light [GET],1.400000,0.000000,4,5,5,5,5,6,6,6,6,6,6,2958,0,2,11.161865697462241,1.299395997193642,858.2991319999564,50.0
1781571540,10,GET,/api/products [GET],2.200000,0.000000,3,4,4,4,4,4,5,5,5,5,5,4611,0,1,9.219276815383598,0.7687059987802058,852.6058299976285,120.0
1781571540,10,,Aggregated,8.200000,0.000000,5,7,7,7,7,8,9,9,9,9,9,15201,0,3,13.447344704252192,0.7687059987802058,954.5754110004054,78.29932241299915
1781571541,10,GET,/api/load/gc [GC-pressure],4.600000,0.000000,7,7,7,7,7,8,9,9,9,9,9,7635,0,5,16.883529687951814,2.237843000330031,954.5754110004054,64.07334643091028
1781571541,10,GET,/api/load/memory-light [GET],1.400000,0.000000,4,5,5,5,5,6,6,6,6,6,6,2959,0,2,11.158707214969915,1.299395997193642,858.2991319999564,50.0
1781571541,10,GET,/api/products [GET],2.200000,0.000000,3,3,4,4,4,4,5,5,5,5,5,4613,0,1,9.216333262894544,0.7687059987802058,852.6058299976285,120.0
1781571541,10,,Aggregated,8.200000,0.000000,5,7,7,7,7,8,9,9,9,9,9,15207,0,3,13.443763343088092,0.7687059987802058,954.5754110004054,78.30012494246071
1781571542,10,GET,/api/load/gc [GC-pressure],4.900000,0.000000,7,7,7,7,7,8,9,9,9,9,9,7643,0,5,16.87182289539502,2.237843000330031,954.5754110004054,64.07326965851105
1781571542,10,GET,/api/load/memory-light [GET],1.300000,0.000000,4,4,5,5,5,6,6,6,6,6,6,2960,0,2,11.156255086518433,1.299395997193642,858.2991319999564,50.0
1781571542,10,GET,/api/products [GET],2.200000,0.000000,3,3,4,4,4,4,5,5,5,5,5,4617,0,1,9.210849285193005,0.7687059987802058,852.6058299976285,120.0
1781571542,10,,Aggregated,8.400000,0.000000,5,6,7,7,7,7,9,9,9,9,9,15220,0,3,13.436290972098213,0.7687059987802058,954.5754110004054,78.30170827858082
1781571543,10,GET,/api/load/gc [GC-pressure],4.600000,0.000000,7,7,7,7,7,7,9,9,9,9,9,7648,0,5,16.863915956132224,2.237843000330031,954.5754110004054,64.07322175732217
1781571543,10,GET,/api/load/memory-light [GET],1.400000,0.000000,4,4,5,5,5,5,5,5,5,5,5,2962,0,2,11.151766875452164,1.299395997193642,858.2991319999564,50.0
1781571543,10,GET,/api/products [GET],2.500000,0.000000,3,3,3,4,4,4,4,4,4,4,4,4620,0,1,9.206528565312498,0.7687059987802058,852.6058299976285,120.0
1781571543,10,,Aggregated,8.500000,0.000000,5,6,7,7,7,7,8,9,9,9,9,15230,0,3,13.430132940862267,0.7687059987802058,954.5754110004054,78.30151017728168
1781571544,10,GET,/api/load/gc [GC-pressure],4.800000,0.000000,7,7,7,7,7,7,9,9,9,9,9,7650,0,5,16.861314692352273,2.237843000330031,954.5754110004054,64.07320261437908
1781571544,10,GET,/api/load/memory-light [GET],1.500000,0.000000,4,4,5,5,5,5,5,5,5,5,5,2963,0,2,11.148658911268523,1.299395997193642,858.2991319999564,50.0
1781571544,10,GET,/api/products [GET],2.300000,0.000000,3,3,3,3,4,4,4,4,4,4,4,4625,0,1,9.199332374863868,0.7687059987802058,852.6058299976285,120.0
1781571544,10,,Aggregated,8.600000,0.000000,4,6,7,7,7,7,8,9,9,9,9,15238,0,3,13.424953798682827,0.7687059987802058,954.5754110004054,78.31145819661373
1781571545,10,GET,/api/load/gc [GC-pressure],5.000000,0.000000,7,7,7,7,7,7,9,9,9,9,9,7654,0,5,16.855788567350004,2.237843000330031,954.5754110004054,64.07316435850535
1781571545,10,GET,/api/load/memory-light [GET],1.500000,0.000000,4,4,5,5,5,5,5,5,5,5,5,2964,0,2,11.146114721689575,1.299395997193642,858.2991319999564,50.0
1781571545,10,GET,/api/products [GET],2.500000,0.000000,3,3,3,3,4,4,4,4,4,4,4,4628,0,1,9.195375889530098,0.7687059987802058,852.6058299976285,120.0
1781571545,10,,Aggregated,9.000000,0.000000,4,6,7,7,7,7,7,9,9,9,9,15246,0,3,13.420404653438942,0.7687059987802058,954.5754110004054,78.31404958677686
1781571546,10,GET,/api/load/gc [GC-pressure],5.000000,0.000000,7,7,7,7,7,7,9,9,9,9,9,7657,0,5,16.85164159311739,2.237843000330031,954.5754110004054,64.07313569283009
1781571546,10,GET,/api/load/memory-light [GET],1.300000,0.000000,4,4,5,5,5,5,5,5,5,5,5,2965,0,2,11.143077108629157,1.299395997193642,858.2991319999564,50.0
1781571546,10,GET,/api/products [GET],2.500000,0.000000,3,3,3,4,4,4,4,4,4,4,4,4630,0,1,9.192931651564646,0.7687059987802058,852.6058299976285,120.0
1781571546,10,,Aggregated,8.800000,0.000000,4,6,7,7,7,7,7,9,9,9,9,15252,0,3,13.416962814865565,0.7687059987802058,954.5754110004054,78.31484395489116
1781571547,10,GET,/api/load/gc [GC-pressure],4.400000,0.000000,6,7,7,7,7,7,7,7,7,7,7,7661,0,5,16.84541503074011,2.237843000330031,954.5754110004054,64.07309750685289
1781571547,10,GET,/api/load/memory-light [GET],1.000000,0.000000,4,4,5,5,5,5,5,5,5,5,5,2968,0,2,11.13558437300722,1.299395997193642,858.2991319999564,50.0
1781571547,10,GET,/api/products [GET],2.900000,0.000000,3,3,3,3,4,4,4,4,4,4,4,4632,0,1,9.190274982026395,0.7687059987802058,852.6058299976285,120.0
1781571547,10,,Aggregated,8.300000,0.000000,4,5,6,7,7,7,7,7,7,7,7,15261,0,3,13.411473211868927,0.7687059987802058,954.5754110004054,78.31098879496757
1781571548,10,GET,/api/load/gc [GC-pressure],4.700000,0.000000,6,7,7,7,7,8,8,8,8,8,8,7666,0,5,16.839005119161946,2.237843000330031,954.5754110004054,64.07304983042003
1781571548,10,GET,/api/load/memory-light [GET],0.900000,0.000000,4,4,5,5,5,5,5,5,5,5,5,2970,0,2,11.131162003396268,1.299395997193642,858.2991319999564,50.0
1781571548,10,GET,/api/products [GET],2.900000,0.000000,3,3,3,3,4,4,4,4,4,4,4,4632,0,1,9.190274982026395,0.7687059987802058,852.6058299976285,120.0
1781571548,10,,Aggregated,8.500000,0.000000,4,6,6,7,7,7,8,8,8,8,8,15268,0,3,13.408220992292943,0.7687059987802058,954.5754110004054,78.30259365994236
1781571549,10,GET,/api/load/gc [GC-pressure],4.400000,0.000000,7,7,7,7,7,8,9,9,9,9,9,7672,0,5,16.83158627078915,2.237843000330031,954.5754110004054,64.07299270072993
1781571549,10,GET,/api/load/memory-light [GET],1.000000,0.000000,4,4,4,5,5,5,5,5,5,5,5,2971,0,2,11.128220402925047,1.299395997193642,858.2991319999564,50.0
1781571549,10,GET,/api/products [GET],3.000000,0.000000,3,3,3,3,4,4,5,5,5,5,5,4635,0,2,9.186002582686747,0.7687059987802058,852.6058299976285,120.0
1781571549,10,,Aggregated,8.400000,0.000000,5,6,7,7,7,8,8,9,9,9,9,15278,0,3,13.40299742488138,0.7687059987802058,954.5754110004054,78.30331195182616
1781571550,10,GET,/api/load/gc [GC-pressure],4.500000,0.000000,7,7,7,7,7,8,9,9,9,9,9,7676,0,5,16.826136433622363,2.237843000330031,954.5754110004054,64.07295466388744
1781571550,10,GET,/api/load/memory-light [GET],1.300000,0.000000,4,4,4,5,5,5,5,5,5,5,5,2973,0,2,11.12216448741512,1.299395997193642,858.2991319999564,50.0
1781571550,10,GET,/api/products [GET],2.900000,0.000000,3,3,3,3,4,4,5,5,5,5,5,4637,0,2,9.183559765096682,0.7687059987802058,852.6058299976285,120.0
1781571550,10,,Aggregated,8.700000,0.000000,5,6,7,7,7,8,8,9,9,9,9,15286,0,3,13.398389697522159,0.7687059987802058,954.5754110004054,78.30132147062672
1781571551,10,GET,/api/load/gc [GC-pressure],4.300000,0.000000,7,7,7,7,8,8,9,9,9,9,9,7680,0,5,16.820220637693712,2.237843000330031,954.5754110004054,64.07291666666667
1781571551,10,GET,/api/load/memory-light [GET],1.500000,0.000000,4,5,5,5,5,5,5,5,5,5,5,2977,0,2,11.112930768587475,1.299395997193642,858.2991319999564,50.0
1781571551,10,GET,/api/products [GET],2.900000,0.000000,3,3,3,3,4,4,5,5,5,5,5,4638,0,2,9.182247316031726,0.7687059987802058,852.6058299976285,120.0
1781571551,10,,Aggregated,8.700000,0.000000,5,6,7,7,7,8,8,9,9,9,9,15295,0,3,13.393249587925974,0.7687059987802058,954.5754110004054,78.2929061784897
1781571552,10,GET,/api/load/gc [GC-pressure],4.300000,0.000000,7,7,7,7,8,8,9,9,9,9,9,7683,0,5,16.81629588318346,2.237843000330031,954.5754110004054,64.0728881947156
1781571552,10,GET,/api/load/memory-light [GET],1.500000,0.000000,4,5,5,5,5,5,5,5,5,5,5,2978,0,2,11.11073064408437,1.299395997193642,858.2991319999564,50.0
1781571552,10,GET,/api/products [GET],2.800000,0.000000,3,3,3,4,4,5,5,5,5,5,5,4639,0,2,9.180918920188594,0.7687059987802058,852.6058299976285,120.0
1781571552,10,,Aggregated,8.600000,0.000000,5,6,7,7,7,8,8,9,9,9,9,15300,0,3,13.390695424793247,0.7687059987802058,954.5754110004054,78.29098039215687
1781571553,10,GET,/api/load/gc [GC-pressure],4.300000,0.000000,7,7,7,7,8,8,9,9,9,9,9,7688,0,5,16.808956905370337,2.237843000330031,954.5754110004054,64.07284079084287
1781571553,10,GET,/api/load/memory-light [GET],1.600000,0.000000,4,4,5,5,5,5,5,5,5,5,5,2980,0,2,11.105859154727815,1.299395997193642,858.2991319999564,50.0
1781571553,10,GET,/api/products [GET],2.500000,0.000000,3,3,4,4,4,5,5,5,5,5,5,4640,0,2,9.179698271713404,0.7687059987802058,852.6058299976285,120.0
1781571553,10,,Aggregated,8.400000,0.000000,5,6,7,7,7,8,8,9,9,9,9,15308,0,3,13.386237323642947,0.7687059987802058,954.5754110004054,78.2853409981709
1781571554,10,GET,/api/load/gc [GC-pressure],3.900000,0.000000,7,7,7,7,8,8,9,9,9,9,9,7690,0,5,16.805417730231863,2.237843000330031,954.5754110004054,64.07282184655396
1781571554,10,GET,/api/load/memory-light [GET],1.800000,0.000000,4,5,5,5,5,7,7,7,7,7,7,2983,0,2,11.099875248771266,1.299395997193642,858.2991319999564,50.0
1781571554,10,GET,/api/products [GET],2.300000,0.000000,3,3,4,4,4,5,5,5,5,5,5,4643,0,2,9.175661082220667,0.7687059987802058,852.6058299976285,120.0
1781571554,10,,Aggregated,8.000000,0.000000,5,6,7,7,7,8,8,9,9,9,9,15316,0,3,13.3812473633663,0.7687059987802058,954.5754110004054,78.28610603290676
1781571555,10,GET,/api/load/gc [GC-pressure],4.000000,0.000000,6,7,7,7,8,8,9,9,9,9,9,7695,0,5,16.797778435930077,2.237843000330031,954.5754110004054,64.07277452891488
1781571555,10,GET,/api/load/memory-light [GET],1.900000,0.000000,4,5,5,5,5,7,7,7,7,7,7,2983,0,2,11.099875248771266,1.299395997193642,858.2991319999564,50.0
1781571555,10,GET,/api/products [GET],2.000000,0.000000,3,3,4,4,4,5,5,5,5,5,5,4644,0,2,9.174115685777847,0.7687059987802058,852.6058299976285,120.0
1781571555,10,,Aggregated,7.900000,0.000000,5,6,6,7,7,8,8,9,9,9,9,15322,0,3,13.377785287581188,0.7687059987802058,954.5754110004054,78.28416655789061
1781571556,10,GET,/api/load/gc [GC-pressure],4.000000,0.000000,7,7,7,7,8,8,9,9,9,9,9,7699,0,5,16.792675586112246,2.237843000330031,954.5754110004054,64.07273671905442
1781571556,10,GET,/api/load/memory-light [GET],1.900000,0.000000,4,5,5,5,5,7,7,7,7,7,7,2983,0,2,11.099875248771266,1.299395997193642,858.2991319999564,50.0
1781571556,10,GET,/api/products [GET],1.900000,0.000000,3,3,4,4,4,5,6,6,6,6,6,4649,0,2,9.16827933894332,0.7687059987802058,852.6058299976285,120.0
1781571556,10,,Aggregated,7.800000,0.000000,5,6,7,7,7,8,8,9,9,9,9,15331,0,3,13.37297422551108,0.7687059987802058,954.5754110004054,78.2940447459396
1781571557,10,GET,/api/load/gc [GC-pressure],4.200000,0.000000,7,7,7,7,8,8,9,9,9,9,9,7701,0,5,16.7896273624833,2.237843000330031,954.5754110004054,64.0727178288534
1781571557,10,GET,/api/load/memory-light [GET],2.000000,0.000000,4,4,5,5,5,7,7,7,7,7,7,2987,0,2,11.08945948446123,1.299395997193642,858.2991319999564,50.0
1781571557,10,GET,/api/products [GET],1.600000,0.000000,3,3,4,4,5,6,6,6,6,6,6,4650,0,2,9.166938730054573,0.7687059987802058,852.6058299976285,120.0
1781571557,10,,Aggregated,7.800000,0.000000,5,6,7,7,7,8,8,9,9,9,9,15338,0,3,13.368587879340419,0.7687059987802058,954.5754110004054,78.28752118920329
1781571558,10,GET,/api/load/gc [GC-pressure],4.000000,0.000000,6,7,7,7,7,8,8,8,8,8,8,7707,0,5,16.78095115316919,2.237843000330031,954.5754110004054,64.07266121707539
1781571558,10,GET,/api/load/memory-light [GET],1.800000,0.000000,4,5,5,5,5,7,7,7,7,7,7,2987,0,2,11.08945948446123,1.299395997193642,858.2991319999564,50.0
1781571558,10,GET,/api/products [GET],2.100000,0.000000,3,3,4,4,4,6,6,6,6,6,6,4651,0,2,9.165636821491228,0.7687059987802058,852.6058299976285,120.0
1781571558,10,,Aggregated,7.900000,0.000000,5,6,6,7,7,7,8,8,8,8,8,15345,0,3,13.36489950305092,0.7687059987802058,954.5754110004054,78.28465298142717
1781571559,10,GET,/api/load/gc [GC-pressure],4.100000,0.000000,6,7,7,7,7,8,8,8,8,8,8,7709,0,5,16.77813757458528,2.237843000330031,954.5754110004054,64.07264236606564
1781571559,10,GET,/api/load/memory-light [GET],1.900000,0.000000,4,5,5,5,6,7,7,7,7,7,7,2989,0,2,11.084953229203007,1.299395997193642,858.2991319999564,50.0
1781571559,10,GET,/api/products [GET],1.800000,0.000000,3,3,4,4,4,6,6,6,6,6,6,4655,0,2,9.159933099194697,0.7687059987802058,852.6058299976285,120.0
1781571559,10,,Aggregated,7.800000,0.000000,5,5,6,7,7,7,8,8,8,8,8,15353,0,3,13.359934627845831,0.7687059987802058,954.5754110004054,78.28997590047548
1781571560,10,GET,/api/load/gc [GC-pressure],4.200000,0.000000,6,7,7,7,7,8,8,8,8,8,8,7712,0,5,16.773787163444176,2.237843000330031,954.5754110004054,64.07261410788382
1781571560,10,GET,/api/load/memory-light [GET],1.800000,0.000000,4,4,5,5,6,7,7,7,7,7,7,2990,0,2,11.08247286758713,1.299395997193642,858.2991319999564,50.0
1781571560,10,GET,/api/products [GET],1.800000,0.000000,3,3,4,4,4,4,6,6,6,6,6,4658,0,2,9.15613006413622,0.7687059987802058,852.6058299976285,120.0
1781571560,10,,Aggregated,7.800000,0.000000,4,5,6,7,7,7,8,8,8,8,8,15360,0,3,13.355813432116767,0.7687059987802058,954.5754110004054,78.29348958333334
1781571561,10,GET,/api/load/gc [GC-pressure],3.900000,0.000000,6,7,7,7,7,8,8,8,8,8,8,7717,0,5,16.766393805038277,2.237843000330031,954.5754110004054,64.07256705973823
1781571561,10,GET,/api/load/memory-light [GET],1.700000,0.000000,4,4,4,5,6,7,7,7,7,7,7,2991,0,2,11.080192202637631,1.299395997193642,858.2991319999564,50.0
1781571561,10,GET,/api/products [GET],1.800000,0.000000,3,3,4,4,4,5,6,6,6,6,6,4661,0,2,9.152743460575442,0.7687059987802058,852.6058299976285,120.0
1781571561,10,,Aggregated,7.400000,0.000000,4,5,6,7,7,7,8,8,8,8,8,15369,0,3,13.350774490292906,0.7687059987802058,954.5754110004054,78.29513956666015
1781571562,10,GET,/api/load/gc [GC-pressure],3.700000,0.000000,6,7,7,7,7,8,8,8,8,8,8,7720,0,5,16.762182790864404,2.237843000330031,954.5754110004054,64.07253886010362
1781571562,10,GET,/api/load/memory-light [GET],1.700000,0.000000,4,4,4,5,6,7,7,7,7,7,7,2994,0,2,11.072287423876872,1.299395997193642,858.2991319999564,50.0
1781571562,10,GET,/api/products [GET],2.000000,0.000000,3,3,4,4,4,5,6,6,6,6,6,4663,0,2,9.149948512704992,0.7687059987802058,852.6058299976285,120.0
1781571562,10,,Aggregated,7.400000,0.000000,4,5,6,6,7,7,8,8,8,8,8,15377,0,3,13.345951070254532,0.7687059987802058,954.5754110004054,78.2922546660597
1781571563,10,GET,/api/load/gc [GC-pressure],3.900000,0.000000,6,7,7,7,7,8,8,8,8,8,8,7725,0,5,16.75570699876637,2.237843000330031,954.5754110004054,64.0724919093851
1781571563,10,GET,/api/load/memory-light [GET],1.500000,0.000000,4,4,4,4,4,6,6,6,6,6,6,2995,0,2,11.06982248083036,1.299395997193642,858.2991319999564,50.0
1781571563,10,GET,/api/products [GET],2.200000,0.000000,3,4,4,4,4,5,6,6,6,6,6,4664,0,2,9.148776307407344,0.7687059987802058,852.6058299976285,120.0
1781571563,10,,Aggregated,7.600000,0.000000,4,5,6,7,7,7,8,8,8,8,8,15384,0,3,13.342553795716654,0.7687059987802058,954.5754110004054,78.28848153926157
1781571564,10,GET,/api/load/gc [GC-pressure],3.700000,0.000000,7,7,7,7,7,8,8,8,8,8,8,7728,0,5,16.751144852804305,2.237843000330031,954.5754110004054,64.07246376811594
1781571564,10,GET,/api/load/memory-light [GET],1.500000,0.000000,4,4,4,4,4,6,6,6,6,6,6,2998,0,2,11.061390045726295,1.299395997193642,858.2991319999564,50.0
1781571564,10,GET,/api/products [GET],2.500000,0.000000,3,4,4,4,4,5,6,6,6,6,6,4666,0,2,9.146358826778963,0.7687059987802058,852.6058299976285,120.0
1781571564,10,,Aggregated,7.700000,0.000000,4,5,6,7,7,7,8,8,8,8,8,15392,0,3,13.33756529790214,0.7687059987802058,954.5754110004054,78.2856029106029
1781571565,10,GET,/api/load/gc [GC-pressure],3.800000,0.000000,7,7,7,7,7,7,8,8,8,8,8,7731,0,5,16.74741625643147,2.237843000330031,954.5754110004054,64.0724356486871
1781571565,10,GET,/api/load/memory-light [GET],1.500000,0.000000,4,4,4,4,4,6,6,6,6,6,6,3001,0,2,11.053970267607436,1.299395997193642,858.2991319999564,50.0
1781571565,10,GET,/api/products [GET],2.300000,0.000000,3,3,4,4,4,5,5,5,5,5,5,4667,0,2,9.14501546448398,0.7687059987802058,852.6058299976285,120.0
1781571565,10,,Aggregated,7.600000,0.000000,4,5,7,7,7,7,7,8,8,8,8,15399,0,3,13.333789663244907,0.7687059987802058,954.5754110004054,78.2800181829989
1781571566,10,GET,/api/load/gc [GC-pressure],3.700000,0.000000,7,7,7,7,7,7,8,8,8,8,8,7735,0,5,16.741335630701435,2.237843000330031,954.5754110004054,64.07239819004525
1781571566,10,GET,/api/load/memory-light [GET],1.600000,0.000000,4,4,4,4,5,6,6,6,6,6,6,3002,0,2,11.051861707557672,1.299395997193642,858.2991319999564,50.0
1781571566,10,GET,/api/products [GET],2.400000,0.000000,3,3,4,4,4,5,5,5,5,5,5,4668,0,2,9.14337141425571,0.7687059987802058,852.6058299976285,120.0
1781571566,10,,Aggregated,7.700000,0.000000,4,5,6,7,7,7,7,8,8,8,8,15405,0,3,13.330293911801974,0.7687059987802058,954.5754110004054,78.27718273287894
1781571567,10,GET,/api/load/gc [GC-pressure],3.600000,0.000000,7,7,7,7,7,7,8,8,8,8,8,7741,0,5,16.733182141902407,2.237843000330031,954.5754110004054,64.07234207466736
1781571567,10,GET,/api/load/memory-light [GET],1.600000,0.000000,4,4,4,4,5,6,6,6,6,6,6,3003,0,2,11.048939591106,1.299395997193642,858.2991319999564,50.0
1781571567,10,GET,/api/products [GET],2.300000,0.000000,3,3,4,4,4,5,5,5,5,5,5,4669,0,2,9.141936406028323,0.7687059987802058,852.6058299976285,120.0
1781571567,10,,Aggregated,7.500000,0.000000,4,6,7,7,7,7,7,8,8,8,8,15413,0,3,13.326103265574782,0.7687059987802058,954.5754110004054,78.27249724258742
1781571568,10,GET,/api/load/gc [GC-pressure],3.800000,0.000000,7,7,7,7,7,8,8,8,8,8,8,7743,0,5,16.73076743929553,2.237843000330031,954.5754110004054,64.07232338886736
1781571568,10,GET,/api/load/memory-light [GET],1.800000,0.000000,4,4,4,4,4,5,5,5,5,5,5,3004,0,2,11.046009506355086,1.299395997193642,858.2991319999564,50.0
1781571568,10,GET,/api/products [GET],1.800000,0.000000,3,4,4,4,4,5,5,5,5,5,5,4673,0,2,9.136468056652978,0.7687059987802058,852.6058299976285,120.0
1781571568,10,,Aggregated,7.400000,0.000000,4,6,7,7,7,7,8,8,8,8,8,15420,0,3,13.321871599759751,0.7687059987802058,954.5754110004054,78.27963683527886
1781571569,10,GET,/api/load/gc [GC-pressure],3.700000,0.000000,7,7,7,7,7,8,8,8,8,8,8,7747,0,5,16.72477485587507,2.237843000330031,954.5754110004054,64.07228604621143
1781571569,10,GET,/api/load/memory-light [GET],1.800000,0.000000,4,4,4,4,4,5,5,5,5,5,5,3005,0,2,11.04364738272615,1.299395997193642,858.2991319999564,50.0
1781571569,10,GET,/api/products [GET],1.900000,0.000000,3,4,4,4,4,5,5,5,5,5,5,4677,0,2,9.131088902231953,0.7687059987802058,852.6058299976285,120.0
1781571569,10,,Aggregated,7.400000,0.000000,4,5,7,7,7,7,8,8,8,8,8,15429,0,3,13.316423228290562,0.7687059987802058,954.5754110004054,78.28491801153672
1781571570,10,GET,/api/load/gc [GC-pressure],3.500000,0.000000,7,7,7,7,7,8,8,8,8,8,8,7749,0,5,16.72235252245096,2.237843000330031,954.5754110004054,64.07226738934057
1781571570,10,GET,/api/load/memory-light [GET],1.600000,0.000000,4,4,4,4,4,5,5,5,5,5,5,3007,0,2,11.038248859361051,1.299395997193642,858.2991319999564,50.0
1781571570,10,GET,/api/products [GET],2.300000,0.000000,3,3,4,4,4,4,4,4,4,4,4,4679,0,2,9.128360853543379,0.7687059987802058,852.6058299976285,120.0
1781571570,10,,Aggregated,7.400000,0.000000,4,5,7,7,7,7,8,8,8,8,8,15435,0,3,13.312933232931691,0.7687059987802058,954.5754110004054,78.28480725623582
1781571571,10,GET,/api/load/gc [GC-pressure],3.800000,0.000000,7,7,7,7,7,7,8,8,8,8,8,7752,0,5,16.718139537857812,2.237843000330031,954.5754110004054,64.07223942208462
1781571571,10,GET,/api/load/memory-light [GET],1.600000,0.000000,4,4,4,4,4,5,5,5,5,5,5,3007,0,2,11.038248859361051,1.299395997193642,858.2991319999564,50.0
1781571571,10,GET,/api/products [GET],2.300000,0.000000,3,3,4,4,4,4,4,4,4,4,4,4682,0,2,9.124588710535024,0.7687059987802058,852.6058299976285,120.0
1781571571,10,,Aggregated,7.700000,0.000000,4,6,7,7,7,7,7,8,8,8,8,15441,0,3,13.309523758843172,0.7687059987802058,954.5754110004054,78.29013664918075
1781571572,10,GET,/api/load/gc [GC-pressure],3.700000,0.000000,6,7,7,7,7,8,8,8,8,8,8,7758,0,5,16.70944177229569,2.237843000330031,954.5754110004054,64.07218355246198
1781571572,10,GET,/api/load/memory-light [GET],1.700000,0.000000,4,4,4,4,5,5,5,5,5,5,5,3009,0,2,11.03386292558761,1.299395997193642,858.2991319999564,50.0
1781571572,10,GET,/api/products [GET],2.200000,0.000000,3,3,3,4,4,4,4,4,4,4,4,4685,0,2,9.120230219576827,0.7687059987802058,852.6058299976285,120.0
1781571572,10,,Aggregated,7.600000,0.000000,4,6,6,7,7,7,8,8,8,8,8,15452,0,3,13.303198381522167,0.7687059987802058,954.5754110004054,78.28902407455345
1781571573,10,GET,/api/load/gc [GC-pressure],3.400000,0.000000,6,7,7,7,7,8,8,8,8,8,8,7762,0,5,16.70409646927129,2.237843000330031,954.5754110004054,64.07214635403247
1781571573,10,GET,/api/load/memory-light [GET],1.700000,0.000000,4,4,4,4,5,5,5,5,5,5,5,3009,0,2,11.03386292558761,1.299395997193642,858.2991319999564,50.0
1781571573,10,GET,/api/products [GET],2.000000,0.000000,3,3,3,3,4,4,4,4,4,4,4,4687,0,2,9.117259780609965,0.7687059987802058,852.6058299976285,120.0
1781571573,10,,Aggregated,7.100000,0.000000,4,6,6,7,7,7,8,8,8,8,8,15458,0,3,13.299953870442216,0.7687059987802058,954.5754110004054,78.29072325009703
1781571574,10,GET,/api/load/gc [GC-pressure],3.600000,0.000000,6,7,7,7,7,8,8,8,8,8,8,7766,0,5,16.698174593160317,2.237843000330031,954.5754110004054,64.07210919392223
1781571574,10,GET,/api/load/memory-light [GET],1.500000,0.000000,4,4,4,4,5,5,5,5,5,5,5,3010,0,2,11.03130915883433,1.299395997193642,858.2991319999564,50.0
1781571574,10,GET,/api/products [GET],2.000000,0.000000,3,3,3,3,4,4,4,4,4,4,4,4690,0,2,9.112877817636766,0.7687059987802058,852.6058299976285,120.0
1781571574,10,,Aggregated,7.100000,0.000000,4,6,6,7,7,7,8,8,8,8,8,15466,0,3,13.295077034998759,0.7687059987802058,954.5754110004054,78.29328850381482
1781571575,10,GET,/api/load/gc [GC-pressure],3.400000,0.000000,7,7,7,7,7,8,8,8,8,8,8,7772,0,5,16.690388282743445,2.237843000330031,954.5754110004054,64.07205352547606
1781571575,10,GET,/api/load/memory-light [GET],1.400000,0.000000,4,4,4,5,5,5,5,5,5,5,5,3010,0,2,11.03130915883433,1.299395997193642,858.2991319999564,50.0
1781571575,10,GET,/api/products [GET],2.300000,0.000000,3,3,3,3,4,4,4,4,4,4,4,4693,0,2,9.10832738348893,0.7687059987802058,852.6058299976285,120.0
1781571575,10,,Aggregated,7.100000,0.000000,4,6,7,7,7,7,8,8,8,8,8,15475,0,3,13.290295231811758,0.7687059987802058,954.5754110004054,78.29583198707593
1781571576,10,GET,/api/load/gc [GC-pressure],3.500000,0.000000,6,7,7,7,7,8,8,8,8,8,8,7774,0,5,16.687686968676246,2.237843000330031,954.5754110004054,64.07203498842294
1781571576,10,GET,/api/load/memory-light [GET],1.200000,0.000000,4,4,4,4,5,5,5,5,5,5,5,3013,0,2,11.02432041290554,1.299395997193642,858.2991319999564,50.0
1781571576,10,GET,/api/products [GET],2.300000,0.000000,3,3,3,3,4,4,4,4,4,4,4,4696,0,2,9.103722068082593,0.7687059987802058,852.6058299976285,120.0
1781571576,10,,Aggregated,7.000000,0.000000,4,6,6,7,7,7,8,8,8,8,8,15483,0,3,13.285373295245714,0.7687059987802058,954.5754110004054,78.29658334948007
1781571577,10,GET,/api/load/gc [GC-pressure],3.900000,0.000000,6,7,7,7,7,8,8,8,8,8,8,7776,0,5,16.684644712383633,2.237843000330031,954.5754110004054,64.07201646090535
1781571577,10,GET,/api/load/memory-light [GET],1.100000,0.000000,4,4,4,4,4,5,5,5,5,5,5,3014,0,2,11.021984824844905,1.299395997193642,858.2991319999564,50.0
1781571577,10,GET,/api/products [GET],2.500000,0.000000,3,3,3,3,4,4,4,4,4,4,4,4698,0,2,9.101176554432522,0.7687059987802058,852.6058299976285,120.0
1781571577,10,,Aggregated,7.500000,0.000000,4,6,6,7,7,7,8,8,8,8,8,15488,0,3,13.282372610944064,0.7687059987802058,954.5754110004054,78.29829545454545
1781571578,10,GET,/api/load/gc [GC-pressure],3.800000,0.000000,6,7,7,7,7,7,8,8,8,8,8,7780,0,5,16.678842962145655,2.237843000330031,954.5754110004054,64.0719794344473
1781571578,10,GET,/api/load/memory-light [GET],1.000000,0.000000,4,4,4,4,4,5,5,5,5,5,5,3017,0,2,11.01354103085245,1.299395997193642,858.2991319999564,50.0
1781571578,10,GET,/api/products [GET],2.800000,0.000000,3,3,3,3,3,4,4,4,4,4,4,4700,0,2,9.09867816759946,0.7687059987802058,852.6058299976285,120.0
1781571578,10,,Aggregated,7.600000,0.000000,4,6,6,7,7,7,7,8,8,8,8,15497,0,3,13.27695934202055,0.7687059987802058,954.5754110004054,78.29450861457056
1781571579,10,GET,/api/load/gc [GC-pressure],3.600000,0.000000,6,7,7,7,7,7,8,8,8,8,8,7787,0,5,16.668444342684797,2.237843000330031,954.5754110004054,64.07191472967767
1781571579,10,GET,/api/load/memory-light [GET],1.100000,0.000000,4,4,4,4,5,5,5,5,5,5,5,3020,0,2,11.006441074863423,1.299395997193642,858.2991319999564,50.0
1781571579,10,GET,/api/products [GET],2.800000,0.000000,3,3,3,3,3,3,4,4,4,4,4,4701,0,2,9.097455261160688,0.7687059987802058,852.6058299976285,120.0
1781571579,10,,Aggregated,7.500000,0.000000,4,6,6,7,7,7,7,8,8,8,8,15508,0,3,13.27081282726918,0.7687059987802058,954.5754110004054,78.28527211761671
1781571580,10,GET,/api/load/gc [GC-pressure],3.500000,0.000000,6,7,7,7,7,7,8,8,8,8,8,7792,0,5,16.661957304348658,2.237843000330031,954.5754110004054,64.07186858316221
1781571580,10,GET,/api/load/memory-light [GET],1.300000,0.000000,4,4,4,4,5,5,5,5,5,5,5,3021,0,2,11.004028122836315,1.299395997193642,858.2991319999564,50.0
1781571580,10,GET,/api/products [GET],2.700000,0.000000,3,3,3,3,3,3,4,4,4,4,4,4701,0,2,9.097455261160688,0.7687059987802058,852.6058299976285,120.0
1781571580,10,,Aggregated,7.500000,0.000000,4,6,6,7,7,7,7,8,8,8,8,15514,0,3,13.26803386987815,0.7687059987802058,954.5754110004054,78.27884491427098
1781571581,10,GET,/api/load/gc [GC-pressure],3.800000,0.000000,6,7,7,7,7,7,7,7,7,7,7,7795,0,5,16.657366345539955,2.237843000330031,954.5754110004054,64.07184092366901
1781571581,10,GET,/api/load/memory-light [GET],1.400000,0.000000,4,4,4,4,5,75,75,75,75,75,75,3024,0,2,11.020354457373504,1.299395997193642,858.2991319999564,50.0
1781571581,10,GET,/api/products [GET],2.500000,0.000000,3,3,3,3,3,4,4,4,4,4,4,4702,0,2,9.09617490487313,0.7687059987802058,852.6058299976285,120.0
1781571581,10,,Aggregated,7.700000,0.000000,4,6,6,7,7,7,7,75,75,75,75,15521,0,3,13.2684709068549,0.7687059987802058,954.5754110004054,78.27330713227241
1781571582,10,GET,/api/load/gc [GC-pressure],4.100000,0.000000,6,7,7,7,7,7,7,7,7,7,7,7801,0,5,16.648768750991614,2.237843000330031,954.5754110004054,64.07178566850403
1781571582,10,GET,/api/load/memory-light [GET],1.400000,0.000000,4,4,4,4,5,75,75,75,75,75,75,3025,0,2,11.018014547471843,1.299395997193642,858.2991319999564,50.0
1781571582,10,GET,/api/products [GET],2.200000,0.000000,3,3,3,3,3,4,4,4,4,4,4,4704,0,2,9.093565982081236,0.7687059987802058,852.6058299976285,120.0
1781571582,10,,Aggregated,7.700000,0.000000,4,6,6,7,7,7,7,75,75,75,75,15530,0,3,13.263533381345656,0.7687059987802058,954.5754110004054,78.27134578235673
1781571583,10,GET,/api/load/gc [GC-pressure],4.300000,0.000000,6,7,7,7,7,7,7,7,7,7,7,7802,0,5,16.647444334720397,2.237843000330031,954.5754110004054,64.07177646757242
1781571583,10,GET,/api/load/memory-light [GET],1.600000,0.000000,4,4,4,4,5,75,75,75,75,75,75,3027,0,2,11.013239125903953,1.299395997193642,858.2991319999564,50.0
1781571583,10,GET,/api/products [GET],2.100000,0.000000,3,3,3,3,3,4,4,4,4,4,4,4707,0,2,9.088783797050056,0.7687059987802058,852.6058299976285,120.0
1781571583,10,,Aggregated,8.000000,0.000000,4,6,6,7,7,7,7,75,75,75,75,15536,0,3,13.259612568635069,0.7687059987802058,954.5754110004054,78.2748455200824
1781571584,10,GET,/api/load/gc [GC-pressure],4.400000,0.000000,6,7,7,7,7,7,8,8,8,8,8,7808,0,5,16.639064190765,2.237843000330031,954.5754110004054,64.07172131147541
1781571584,10,GET,/api/load/memory-light [GET],1.700000,0.000000,4,4,4,4,5,75,75,75,75,75,75,3027,0,2,11.013239125903953,1.299395997193642,858.2991319999564,50.0
1781571584,10,GET,/api/products [GET],1.900000,0.000000,3,3,3,3,3,3,3,3,3,3,3,4710,0,2,9.084617416287877,0.7687059987802058,852.6058299976285,120.0
1781571584,10,,Aggregated,8.000000,0.000000,4,6,6,6,7,7,8,75,75,75,75,15545,0,3,13.254643683906098,0.7687059987802058,954.5754110004054,78.27738822772595
1781571585,10,GET,/api/load/gc [GC-pressure],4.300000,0.000000,6,6,7,7,7,7,9,9,9,9,9,7815,0,5,16.629553492704538,2.237843000330031,954.5754110004054,64.07165706973768
1781571585,10,GET,/api/load/memory-light [GET],1.800000,0.000000,4,4,4,4,5,75,75,75,75,75,75,3027,0,2,11.013239125903953,1.299395997193642,858.2991319999564,50.0
1781571585,10,GET,/api/products [GET],2.000000,0.000000,3,3,3,3,3,3,3,3,3,3,3,4710,0,2,9.084617416287877,0.7687059987802058,852.6058299976285,120.0
1781571585,10,,Aggregated,8.100000,0.000000,4,6,6,6,7,7,9,75,75,75,75,15552,0,3,13.251387822165196,0.7687059987802058,954.5754110004054,78.27096193415638
1781571586,10,GET,/api/load/gc [GC-pressure],4.200000,0.000000,6,6,7,7,7,7,9,9,9,9,9,7819,0,5,16.624075485162177,2.237843000330031,954.5754110004054,64.07162041181736
1781571586,10,GET,/api/load/memory-light [GET],1.700000,0.000000,4,4,4,5,5,75,75,75,75,75,75,3029,0,2,11.008838905616328,1.299395997193642,858.2991319999564,50.0
1781571586,10,GET,/api/products [GET],1.900000,0.000000,3,3,3,3,3,3,3,3,3,3,3,4711,0,2,9.083252980835619,0.7687059987802058,852.6058299976285,120.0
1781571586,10,,Aggregated,7.800000,0.000000,5,6,6,6,7,7,9,75,75,75,75,15559,0,3,13.247678132033647,0.7687059987802058,954.5754110004054,78.26634102448743
1781571587,10,GET,/api/load/gc [GC-pressure],4.200000,0.000000,6,6,6,7,7,7,9,9,9,9,9,7823,0,5,16.61831068087579,2.237843000330031,954.5754110004054,64.07158379138438
1781571587,10,GET,/api/load/memory-light [GET],1.700000,0.000000,4,4,4,5,5,75,75,75,75,75,75,3029,0,2,11.008838905616328,1.299395997193642,858.2991319999564,50.0
1781571587,10,GET,/api/products [GET],1.900000,0.000000,3,3,3,3,3,3,3,3,3,3,3,4714,0,2,9.078898026244312,0.7687059987802058,852.6058299976285,120.0
1781571587,10,,Aggregated,7.800000,0.000000,5,6,6,6,7,7,9,75,75,75,75,15566,0,3,13.243527097347993,0.7687059987802058,954.5754110004054,78.2707182320442
1781571588,10,GET,/api/load/gc [GC-pressure],4.500000,0.000000,6,6,7,7,7,7,9,9,9,9,9,7829,0,5,16.610058671668586,2.237843000330031,954.5754110004054,64.07152893089794
1781571588,10,GET,/api/load/memory-light [GET],1.700000,0.000000,4,4,4,5,5,75,75,75,75,75,75,3032,0,2,11.000970535987873,1.299395997193642,858.2991319999564,50.0
1781571588,10,GET,/api/products [GET],1.600000,0.000000,3,3,3,3,3,3,3,3,3,3,3,4714,0,2,9.078898026244312,0.7687059987802058,852.6058299976285,120.0
1781571588,10,,Aggregated,7.800000,0.000000,5,6,6,6,7,7,9,75,75,75,75,15575,0,3,13.238717001690164,0.7687059987802058,954.5754110004054,78.25977528089888
1781571589,10,GET,/api/load/gc [GC-pressure],4.900000,0.000000,6,6,7,7,7,8,9,9,9,9,9,7834,0,5,16.603432788803687,2.237843000330031,954.5754110004054,64.07148327801889
1781571589,10,GET,/api/load/memory-light [GET],1.500000,0.000000,4,4,4,5,5,75,75,75,75,75,75,3034,0,2,10.99639469483137,1.299395997193642,858.2991319999564,50.0
1781571589,10,GET,/api/products [GET],1.500000,0.000000,3,3,3,3,3,3,3,3,3,3,3,4716,0,2,9.076369348752607,0.7687059987802058,852.6058299976285,120.0
1781571589,10,,Aggregated,7.900000,0.000000,5,6,6,6,7,8,9,75,75,75,75,15584,0,3,13.23399074822406,0.7687059987802058,954.5754110004054,78.25693018480493
1781571590,10,GET,/api/load/gc [GC-pressure],4.900000,0.000000,6,6,7,7,8,8,9,9,9,9,9,7838,0,5,16.59841686609955,2.237843000330031,954.5754110004054,64.07144679765246
1781571590,10,GET,/api/load/memory-light [GET],1.600000,0.000000,4,4,4,4,5,5,5,5,5,5,5,3034,0,2,10.99639469483137,1.299395997193642,858.2991319999564,50.0
1781571590,10,GET,/api/products [GET],1.400000,0.000000,3,3,3,3,3,3,3,3,3,3,3,4717,0,2,9.07503738471802,0.7687059987802058,852.6058299976285,120.0
1781571590,10,,Aggregated,7.900000,0.000000,5,6,6,6,7,8,8,9,9,9,9,15589,0,3,13.231663624627723,0.7687059987802058,954.5754110004054,78.25594970812753
1781571591,10,GET,/api/load/gc [GC-pressure],4.500000,0.000000,6,6,7,7,8,8,9,9,9,9,9,7842,0,5,16.592781259816697,2.237843000330031,954.5754110004054,64.07141035450141
1781571591,10,GET,/api/load/memory-light [GET],1.500000,0.000000,4,4,4,4,5,5,5,5,5,5,5,3037,0,2,10.988413067209125,1.299395997193642,858.2991319999564,50.0
1781571591,10,GET,/api/products [GET],1.400000,0.000000,3,3,3,3,3,4,4,4,4,4,4,4721,0,2,9.069767722457506,0.7687059987802058,852.6058299976285,120.0
1781571591,10,,Aggregated,7.400000,0.000000,5,6,6,6,7,8,8,9,9,9,9,15600,0,3,13.225049650148625,0.7687059987802058,954.5754110004054,78.2575641025641
1781571592,10,GET,/api/load/gc [GC-pressure],4.700000,0.000000,6,6,7,7,8,8,9,9,9,9,9,7846,0,5,16.58719397265891,2.237843000330031,954.5754110004054,64.07137394850879
1781571592,10,GET,/api/load/memory-light [GET],1.300000,0.000000,4,4,4,4,5,5,5,5,5,5,5,3037,0,2,10.988413067209125,1.299395997193642,858.2991319999564,50.0
1781571592,10,GET,/api/products [GET],1.600000,0.000000,3,3,3,3,3,4,4,4,4,4,4,4724,0,2,9.065522241051795,0.7687059987802058,852.6058299976285,120.0
1781571592,10,,Aggregated,7.600000,0.000000,5,6,6,7,7,8,8,9,9,9,9,15607,0,3,13.221020148736118,0.7687059987802058,954.5754110004054,78.26193374767732
1781571593,10,GET,/api/load/gc [GC-pressure],4.700000,0.000000,6,6,7,7,7,8,9,9,9,9,9,7853,0,5,16.577831875651253,2.237843000330031,954.5754110004054,64.07131032726346
1781571593,10,GET,/api/load/memory-light [GET],1.300000,0.000000,4,4,4,5,5,13,13,13,13,13,13,3040,0,2,10.983738687869653,1.299395997193642,858.2991319999564,50.0
1781571593,10,GET,/api/products [GET],1.800000,0.000000,3,3,3,3,4,4,4,4,4,4,4,4726,0,2,9.06312530040859,0.7687059987802058,852.6058299976285,120.0
1781571593,10,,Aggregated,7.800000,0.000000,5,6,6,6,7,8,9,13,13,13,13,15619,0,3,13.215225654673413,0.7687059987802058,954.5754110004054,78.25545809590884
1781571594,10,GET,/api/load/gc [GC-pressure],4.600000,0.000000,6,7,7,7,8,8,9,9,9,9,9,7856,0,5,16.573766592094174,2.237843000330031,954.5754110004054,64.07128309572302
1781571594,10,GET,/api/load/memory-light [GET],1.200000,0.000000,4,4,4,5,5,13,13,13,13,13,13,3040,0,2,10.983738687869653,1.299395997193642,858.2991319999564,50.0
1781571594,10,GET,/api/products [GET],1.900000,0.000000,3,3,3,3,4,4,4,4,4,4,4,4730,0,2,9.057712790431161,0.7687059987802058,852.6058299976285,120.0
1781571594,10,,Aggregated,7.700000,0.000000,5,6,6,7,7,8,9,13,13,13,13,15626,0,3,13.211126165196145,0.7687059987802058,954.5754110004054,78.26340714194292
1781571595,10,GET,/api/load/gc [GC-pressure],5.000000,0.000000,6,7,7,7,8,8,8,8,8,8,8,7858,0,5,16.571497897364466,2.237843000330031,954.5754110004054,64.07126495291423
1781571595,10,GET,/api/load/memory-light [GET],1.100000,0.000000,4,4,4,4,5,13,13,13,13,13,13,3040,0,2,10.983738687869653,1.299395997193642,858.2991319999564,50.0
1781571595,10,GET,/api/products [GET],1.900000,0.000000,3,3,3,3,4,4,4,4,4,4,4,4733,0,2,9.053382017480757,0.7687059987802058,852.6058299976285,120.0
1781571595,10,,Aggregated,8.000000,0.000000,4,6,6,7,7,8,8,13,13,13,13,15631,0,3,13.2083074133037,0.7687059987802058,954.5754110004054,78.26959247648902
1781571596,10,GET,/api/load/gc [GC-pressure],5.000000,0.000000,6,7,7,7,8,8,8,8,8,8,8,7863,0,5,16.565177745705384,2.237843000330031,954.5754110004054,64.07121963627114
1781571596,10,GET,/api/load/memory-light [GET],1.300000,0.000000,4,4,4,4,5,13,13,13,13,13,13,3042,0,2,10.979171699249997,1.299395997193642,858.2991319999564,50.0
1781571596,10,GET,/api/products [GET],2.100000,0.000000,3,3,3,3,4,4,4,4,4,4,4,4737,0,2,9.047742958145168,0.7687059987802058,852.6058299976285,120.0
1781571596,10,,Aggregated,8.400000,0.000000,4,6,7,7,7,8,8,13,13,13,13,15642,0,3,13.202262582555528,0.7687059987802058,954.5754110004054,78.2720879682905
1781571597,10,GET,/api/load/gc [GC-pressure],4.700000,0.000000,6,7,7,7,8,8,8,8,8,8,8,7865,0,5,16.562070713856546,2.237843000330031,954.5754110004054,64.07120152574699
1781571597,10,GET,/api/load/memory-light [GET],1.300000,0.000000,4,4,4,4,5,13,13,13,13,13,13,3043,0,2,10.97623171840895,1.299395997193642,858.2991319999564,50.0
1781571597,10,GET,/api/products [GET],2.300000,0.000000,3,3,3,3,4,4,4,4,4,4,4,4738,0,2,9.046519743928146,0.7687059987802058,852.6058299976285,120.0
1781571597,10,,Aggregated,8.300000,0.000000,4,6,7,7,7,8,8,13,13,13,13,15646,0,3,13.19978076379469,0.7687059987802058,954.5754110004054,78.27112360986834
1781571598,10,GET,/api/load/gc [GC-pressure],4.300000,0.000000,6,7,7,7,8,8,8,8,8,8,8,7869,0,5,16.556984213685205,2.237843000330031,954.5754110004054,64.07116533231668
1781571598,10,GET,/api/load/memory-light [GET],1.300000,0.000000,4,4,4,4,4,13,13,13,13,13,13,3047,0,2,10.966063239621429,1.299395997193642,858.2991319999564,50.0
1781571598,10,GET,/api/products [GET],2.400000,0.000000,3,3,3,3,4,4,4,4,4,4,4,4740,0,2,9.043572288551658,0.7687059987802058,852.6058299976285,120.0
1781571598,10,,Aggregated,8.000000,0.000000,4,6,6,7,7,8,8,13,13,13,13,15656,0,3,13.194113190875717,0.7687059987802058,954.5754110004054,78.26558507920286
1781571599,10,GET,/api/load/gc [GC-pressure],4.000000,0.000000,6,7,7,7,8,8,8,8,8,8,8,7870,0,5,16.555800837165048,2.237843000330031,954.5754110004054,64.07115628970774
1781571599,10,GET,/api/load/memory-light [GET],1.300000,0.000000,4,4,4,4,4,13,13,13,13,13,13,3049,0,2,10.960631005615332,1.299395997193642,858.2991319999564,50.0
1781571599,10,GET,/api/products [GET],2.600000,0.000000,3,3,3,3,4,4,4,4,4,4,4,4743,0,2,9.039815857418523,0.7687059987802058,852.6058299976285,120.0
1781571599,10,,Aggregated,7.900000,0.000000,4,6,6,7,7,8,8,13,13,13,13,15662,0,3,13.190458634679233,0.7687059987802058,954.5754110004054,78.26905886859916
1781571600,10,GET,/api/load/gc [GC-pressure],4.100000,0.000000,6,7,7,7,8,8,8,8,8,8,8,7875,0,5,16.549032992443127,2.237843000330031,954.5754110004054,64.07111111111111
1781571600,10,GET,/api/load/memory-light [GET],1.300000,0.000000,4,4,4,4,4,13,13,13,13,13,13,3051,0,2,10.955744327473768,1.299395997193642,858.2991319999564,50.0
1781571600,10,GET,/api/products [GET],2.400000,0.000000,3,3,3,3,4,4,4,4,4,4,4,4745,0,2,9.037153755266315,0.7687059987802058,852.6058299976285,120.0
1781571600,10,,Aggregated,7.800000,0.000000,4,6,6,7,7,8,8,13,13,13,13,15671,0,3,13.185559653331042,0.7687059987802058,954.5754110004054,78.26622423584966
1781571601,10,GET,/api/load/gc [GC-pressure],4.000000,0.000000,6,7,7,7,8,8,8,8,8,8,8,7880,0,5,16.542545596634884,2.237843000330031,954.5754110004054,64.07106598984771
1781571601,10,GET,/api/load/memory-light [GET],1.400000,0.000000,4,4,4,4,4,13,13,13,13,13,13,3052,0,2,10.952746670420602,1.299395997193642,858.2991319999564,50.0
1781571601,10,GET,/api/products [GET],2.600000,0.000000,3,3,3,3,3,4,4,4,4,4,4,4746,0,2,9.035492408499724,0.7687059987802058,852.6058299976285,120.0
1781571601,10,,Aggregated,8.000000,0.000000,4,6,6,7,7,8,8,13,13,13,13,15678,0,3,13.181878371625606,0.7687059987802058,954.5754110004054,78.26253348641409
1781571602,10,GET,/api/load/gc [GC-pressure],3.700000,0.000000,6,7,7,7,8,8,8,8,8,8,8,7885,0,5,16.53563467869115,2.237843000330031,954.5754110004054,64.0710209258085
1781571602,10,GET,/api/load/memory-light [GET],1.600000,0.000000,4,4,4,4,4,4,4,4,4,4,4,3052,0,2,10.952746670420602,1.299395997193642,858.2991319999564,50.0
1781571602,10,GET,/api/products [GET],2.600000,0.000000,3,3,3,3,3,3,4,4,4,4,4,4747,0,2,9.034056415364741,0.7687059987802058,852.6058299976285,120.0
1781571602,10,,Aggregated,7.900000,0.000000,4,6,6,7,7,8,8,8,8,8,8,15684,0,3,13.178776337881906,0.7687059987802058,954.5754110004054,78.26064779393012
1781571603,10,GET,/api/load/gc [GC-pressure],3.700000,0.000000,6,7,7,7,8,8,16,16,16,16,16,7892,0,5,16.5274541087791,2.237843000330031,954.5754110004054,64.07108464267613
1781571603,10,GET,/api/load/memory-light [GET],1.600000,0.000000,4,4,4,4,4,4,4,4,4,4,4,3052,0,2,10.952746670420602,1.299395997193642,858.2991319999564,50.0
1781571603,10,GET,/api/products [GET],2.600000,0.000000,3,3,3,3,3,4,5,5,5,5,5,4751,0,2,9.028901648230486,0.7687059987802058,852.6058299976285,120.0
1781571603,10,,Aggregated,7.900000,0.000000,4,6,6,7,7,8,8,16,16,16,16,15695,0,3,13.173543319232326,0.7687059987802058,954.5754110004054,78.26498884995222
1781571604,10,GET,/api/load/gc [GC-pressure],3.900000,0.000000,6,7,7,7,8,8,16,16,16,16,16,7895,0,5,16.52352622792706,2.237843000330031,954.5754110004054,64.07105763141229
1781571604,10,GET,/api/load/memory-light [GET],1.500000,0.000000,4,4,4,4,4,34,34,34,34,34,34,3055,0,2,10.955558925736185,1.299395997193642,858.2991319999564,50.0
1781571604,10,GET,/api/products [GET],2.600000,0.000000,3,3,3,3,3,5,5,5,5,5,5,4751,0,2,9.028901648230486,0.7687059987802058,852.6058299976285,120.0
1781571604,10,,Aggregated,8.000000,0.000000,5,6,6,7,7,8,16,34,34,34,34,15701,0,3,13.172331941809517,0.7687059987802058,954.5754110004054,78.25686262021527
1781571605,10,GET,/api/load/gc [GC-pressure],4.000000,0.000000,6,7,7,7,8,8,16,16,16,16,16,7898,0,5,16.51908688433652,2.237843000330031,954.5754110004054,64.07103064066852
1781571605,10,GET,/api/load/memory-light [GET],1.400000,0.000000,4,4,4,4,4,34,34,34,34,34,34,3056,0,2,10.953009361622621,1.299395997193642,858.2991319999564,50.0
1781571605,10,GET,/api/products [GET],2.400000,0.000000,3,3,3,3,4,5,5,5,5,5,5,4755,0,2,9.023701020766607,0.7687059987802058,852.6058299976285,120.0
1781571605,10,,Aggregated,7.800000,0.000000,4,6,6,6,7,8,16,34,34,34,34,15709,0,3,13.167473625014564,0.7687059987802058,954.5754110004054,78.2629702718187
1781571606,10,GET,/api/load/gc [GC-pressure],3.800000,0.000000,6,7,7,7,8,15,16,16,16,16,16,7901,0,5,16.516142167509155,2.237843000330031,954.5754110004054,64.07100367042146
1781571606,10,GET,/api/load/memory-light [GET],1.300000,0.000000,4,4,4,4,4,34,34,34,34,34,34,3060,0,2,10.94305341833806,1.299395997193642,858.2991319999564,50.0
1781571606,10,GET,/api/products [GET],2.300000,0.000000,3,3,3,3,3,4,5,5,5,5,5,4756,0,2,9.022114384513984,0.7687059987802058,852.6058299976285,120.0
1781571606,10,,Aggregated,7.400000,0.000000,4,6,6,6,7,8,16,34,34,34,34,15717,0,3,13.163387334628288,0.7687059987802058,954.5754110004054,78.25571037729847
1781571607,10,GET,/api/load/gc [GC-pressure],4.100000,0.000000,6,6,7,7,8,15,16,16,16,16,16,7905,0,5,16.510598636494823,2.237843000330031,954.5754110004054,64.07096774193549
1781571607,10,GET,/api/load/memory-light [GET],1.500000,0.000000,4,4,4,4,5,34,34,34,34,34,34,3062,0,2,10.939023235175407,1.299395997193642,858.2991319999564,50.0
1781571607,10,GET,/api/products [GET],1.900000,0.000000,3,3,3,3,4,5,5,5,5,5,5,4756,0,2,9.022114384513984,0.7687059987802058,852.6058299976285,120.0
1781571607,10,,Aggregated,7.500000,0.000000,5,6,6,6,7,8,16,34,34,34,34,15723,0,3,13.160385892027422,0.7687059987802058,954.5754110004054,78.24848947401895
1781571608,10,GET,/api/load/gc [GC-pressure],4.100000,0.000000,6,6,7,7,8,15,16,16,16,16,16,7909,0,5,16.505260794726635,2.237843000330031,954.5754110004054,64.07093184979138
1781571608,10,GET,/api/load/memory-light [GET],1.700000,0.000000,4,4,4,4,5,34,34,34,34,34,34,3064,0,2,10.933814660934248,1.299395997193642,858.2991319999564,50.0
1781571608,10,GET,/api/products [GET],2.000000,0.000000,3,3,3,3,4,5,5,5,5,5,5,4759,0,2,9.017710597341788,0.7687059987802058,852.6058299976285,120.0
1781571608,10,,Aggregated,7.800000,0.000000,5,6,6,6,7,8,16,34,34,34,34,15732,0,3,13.15513605894642,0.7687059987802058,954.5754110004054,78.24923722349352
1781571609,10,GET,/api/load/gc [GC-pressure],3.900000,0.000000,6,6,7,7,7,8,16,16,16,16,16,7915,0,5,16.49702069077596,2.237843000330031,954.5754110004054,64.0708780795957
1781571609,10,GET,/api/load/memory-light [GET],1.900000,0.000000,4,4,4,5,5,34,34,34,34,34,34,3064,0,2,10.933814660934248,1.299395997193642,858.2991319999564,50.0
1781571609,10,GET,/api/products [GET],1.800000,0.000000,3,3,3,3,4,5,5,5,5,5,5,4763,0,2,9.012132279602783,0.7687059987802058,852.6058299976285,120.0
1781571609,10,,Aggregated,7.600000,0.000000,5,6,6,6,7,8,16,34,34,34,34,15742,0,3,13.14953074173182,0.7687059987802058,954.5754110004054,78.25441494092237
1781571610,10,GET,/api/load/gc [GC-pressure],3.800000,0.000000,6,6,6,7,7,15,16,16,16,16,16,7918,0,5,16.493096543001585,2.237843000330031,954.5754110004054,64.07085122505683
1781571610,10,GET,/api/load/memory-light [GET],1.900000,0.000000,4,4,4,4,5,34,34,34,34,34,34,3066,0,2,10.929294956981641,1.299395997193642,858.2991319999564,50.0
1781571610,10,GET,/api/products [GET],2.100000,0.000000,2,3,3,3,4,5,5,5,5,5,5,4765,0,2,9.00930597644203,0.7687059987802058,852.6058299976285,120.0
1781571610,10,,Aggregated,7.800000,0.000000,5,6,6,6,7,8,16,34,34,34,34,15749,0,3,13.145653676000922,0.7687059987802058,954.5754110004054,78.25341291510573
1781571611,10,GET,/api/load/gc [GC-pressure],4.100000,0.000000,6,6,7,7,8,15,16,16,16,16,16,7923,0,5,16.486295536346194,2.237843000330031,954.5754110004054,64.07080651268458
1781571611,10,GET,/api/load/memory-light [GET],1.700000,0.000000,4,4,4,4,5,34,34,34,34,34,34,3068,0,2,10.92381829110278,1.299395997193642,858.2991319999564,50.0
1781571611,10,GET,/api/products [GET],2.100000,0.000000,3,3,3,3,4,5,5,5,5,5,5,4766,0,2,9.008069869650127,0.7687059987802058,852.6058299976285,120.0
1781571611,10,,Aggregated,7.900000,0.000000,5,6,6,6,7,8,16,34,34,34,34,15757,0,3,13.141312118444294,0.7687059987802058,954.5754110004054,78.247953290601
1781571612,10,GET,/api/load/gc [GC-pressure],4.400000,0.000000,6,6,7,7,8,15,16,16,16,16,16,7931,0,5,16.475244438338674,2.237843000330031,954.5754110004054,64.07073509015257
1781571612,10,GET,/api/load/memory-light [GET],1.500000,0.000000,4,4,4,4,5,34,34,34,34,34,34,3068,0,2,10.92381829110278,1.299395997193642,858.2991319999564,50.0
1781571612,10,GET,/api/products [GET],2.100000,0.000000,3,3,3,3,4,5,5,5,5,5,5,4769,0,2,9.004140654172792,0.7687059987802058,852.6058299976285,120.0
1781571612,10,,Aggregated,8.000000,0.000000,5,6,6,6,7,8,16,34,34,34,34,15768,0,3,13.13547596000237,0.7687059987802058,954.5754110004054,78.24866818873669
1781571613,10,GET,/api/load/gc [GC-pressure],4.200000,0.000000,6,6,6,7,7,8,15,15,15,15,15,7932,0,5,16.473789069145795,2.237843000330031,954.5754110004054,64.07072617246597
1781571613,10,GET,/api/load/memory-light [GET],1.500000,0.000000,4,4,4,4,5,6,6,6,6,6,6,3069,0,2,10.922329713620012,1.299395997193642,858.2991319999564,50.0
1781571613,10,GET,/api/products [GET],2.100000,0.000000,3,3,3,3,3,4,4,4,4,4,4,4771,0,2,9.001249116064976,0.7687059987802058,852.6058299976285,120.0
1781571613,10,,Aggregated,7.800000,0.000000,4,6,6,6,7,7,8,15,15,15,15,15772,0,3,13.133127334536535,0.7687059987802058,954.5754110004054,78.25126806999747
1781571614,10,GET,/api/load/gc [GC-pressure],4.400000,0.000000,6,6,6,7,8,11,15,15,15,15,15,7938,0,5,16.466030742689334,2.237843000330031,954.5754110004054,64.07067271352986
1781571614,10,GET,/api/load/memory-light [GET],1.600000,0.000000,3,4,4,5,5,6,6,6,6,6,6,3070,0,2,10.919374308502604,1.299395997193642,858.2991319999564,50.0
1781571614,10,GET,/api/products [GET],2.000000,0.000000,3,3,3,3,3,4,4,4,4,4,4,4775,0,2,8.996039116179146,0.7687059987802058,852.6058299976285,120.0
1781571614,10,,Aggregated,8.000000,0.000000,4,6,6,6,7,8,11,15,15,15,15,15783,0,3,13.127156937358318,0.7687059987802058,954.5754110004054,78.25464106950517
1781571615,10,GET,/api/load/gc [GC-pressure],4.000000,0.000000,6,6,6,7,7,8,11,11,11,11,11,7944,0,5,16.45819214519881,2.237843000330031,954.5754110004054,64.07061933534743
1781571615,10,GET,/api/load/memory-light [GET],1.700000,0.000000,4,4,5,5,5,6,6,6,6,6,6,3070,0,2,10.919374308502604,1.299395997193642,858.2991319999564,50.0
1781571615,10,GET,/api/products [GET],2.000000,0.000000,3,3,3,3,3,3,4,4,4,4,4,4778,0,2,8.992275449299756,0.7687059987802058,852.6058299976285,120.0
1781571615,10,,Aggregated,7.700000,0.000000,5,6,6,6,7,7,8,11,11,11,11,15792,0,3,13.122558866851355,0.7687059987802058,954.5754110004054,78.25715552178318
1781571616,10,GET,/api/load/gc [GC-pressure],4.400000,0.000000,6,6,6,7,7,8,11,11,11,11,11,7947,0,5,16.453752058319797,2.237843000330031,954.5754110004054,64.0705926764817
1781571616,10,GET,/api/load/memory-light [GET],1.700000,0.000000,3,4,4,5,5,6,6,6,6,6,6,3074,0,2,10.910123586564719,1.299395997193642,858.2991319999564,50.0
1781571616,10,GET,/api/products [GET],2.300000,0.000000,3,3,3,3,3,3,4,4,4,4,4,4781,0,2,8.98792160588927,0.7687059987802058,852.6058299976285,120.0
1781571616,10,,Aggregated,8.400000,0.000000,4,6,6,6,7,7,8,11,11,11,11,15802,0,3,13.116500487933425,0.7687059987802058,954.5754110004054,78.25522085811923
1781571617,10,GET,/api/load/gc [GC-pressure],4.200000,0.000000,6,6,6,7,7,8,11,11,11,11,11,7953,0,5,16.44545937237102,2.237843000330031,954.5754110004054,64.07053941908714
1781571617,10,GET,/api/load/memory-light [GET],1.500000,0.000000,4,4,4,5,5,6,6,6,6,6,6,3075,0,2,10.907713809139114,1.299395997193642,858.2991319999564,50.0
1781571617,10,GET,/api/products [GET],2.400000,0.000000,3,3,3,3,3,4,4,4,4,4,4,4784,0,2,8.984040813282926,0.7687059987802058,852.6058299976285,120.0
1781571617,10,,Aggregated,8.100000,0.000000,5,6,6,6,7,7,8,11,11,11,11,15812,0,3,13.111030205054073,0.7687059987802058,954.5754110004054,78.25594485201113
1781571618,10,GET,/api/load/gc [GC-pressure],4.400000,0.000000,6,6,6,7,7,8,11,11,11,11,11,7957,0,5,16.44023213277168,2.237843000330031,954.5754110004054,64.07050395877843
1781571618,10,GET,/api/load/memory-light [GET],1.400000,0.000000,4,4,4,4,5,6,6,6,6,6,6,3075,0,2,10.907713809139114,1.299395997193642,858.2991319999564,50.0
1781571618,10,GET,/api/products [GET],2.500000,0.000000,3,3,3,3,4,4,4,4,4,4,4,4787,0,2,8.980368799611743,0.7687059987802058,852.6058299976285,120.0
1781571618,10,,Aggregated,8.300000,0.000000,4,6,6,6,7,7,8,11,11,11,11,15819,0,3,13.107350179360797,0.7687059987802058,954.5754110004054,78.2602566533915
1781571619,10,GET,/api/load/gc [GC-pressure],4.800000,0.000000,6,6,7,7,7,8,11,11,11,11,11,7962,0,5,16.433474054692375,2.237843000330031,954.5754110004054,64.07045968349661
1781571619,10,GET,/api/load/memory-light [GET],1.400000,0.000000,4,4,4,5,6,6,6,6,6,6,6,3075,0,2,10.907713809139114,1.299395997193642,858.2991319999564,50.0
1781571619,10,GET,/api/products [GET],2.600000,0.000000,3,3,3,3,4,4,4,4,4,4,4,4789,0,2,8.977923093494521,0.7687059987802058,852.6058299976285,120.0
1781571619,10,,Aggregated,8.800000,0.000000,4,6,6,6,7,7,8,11,11,11,11,15826,0,3,13.103741569651758,0.7687059987802058,954.5754110004054,78.26102615948439
1781571620,10,GET,/api/load/gc [GC-pressure],5.000000,0.000000,6,6,7,7,7,8,11,11,11,11,11,7966,0,5,16.428133166767047,2.237843000330031,954.5754110004054,64.07042430328897
1781571620,10,GET,/api/load/memory-light [GET],1.100000,0.000000,3,4,4,5,6,6,6,6,6,6,6,3076,0,2,10.904846019214137,1.299395997193642,858.2991319999564,50.0
1781571620,10,GET,/api/products [GET],2.600000,0.000000,3,3,3,3,4,4,5,5,5,5,5,4792,0,2,8.974385559418998,0.7687059987802058,852.6058299976285,120.0
1781571620,10,,Aggregated,8.700000,0.000000,5,6,6,6,7,7,8,11,11,11,11,15834,0,3,13.099347654560113,0.7687059987802058,954.5754110004054,78.26354679802955
1781571621,10,GET,/api/load/gc [GC-pressure],4.800000,0.000000,6,6,7,7,7,8,11,11,11,11,11,7967,0,5,16.426880650492087,2.237843000330031,954.5754110004054,64.07041546378812
1781571621,10,GET,/api/load/memory-light [GET],1.100000,0.000000,4,4,4,5,6,6,6,6,6,6,6,3078,0,2,10.899706212510319,1.299395997193642,858.2991319999564,50.0
1781571621,10,GET,/api/products [GET],2.600000,0.000000,3,3,3,3,4,4,5,5,5,5,5,4796,0,2,8.969304135893006,0.7687059987802058,852.6058299976285,120.0
1781571621,10,,Aggregated,8.500000,0.000000,4,6,6,6,7,7,8,11,11,11,11,15841,0,3,13.095072059864911,0.7687059987802058,954.5754110004054,78.26961681712014
1781571622,10,GET,/api/load/gc [GC-pressure],4.700000,0.000000,6,6,7,7,7,7,11,11,11,11,11,7972,0,5,16.420518055125292,2.237843000330031,954.5754110004054,64.07037129954841
1781571622,10,GET,/api/load/memory-light [GET],1.000000,0.000000,3,4,4,4,5,5,5,5,5,5,5,3079,0,2,10.89686373631262,1.299395997193642,858.2991319999564,50.0
1781571622,10,GET,/api/products [GET],2.600000,0.000000,3,3,3,3,4,4,5,5,5,5,5,4800,0,2,8.964295797028777,0.7687059987802058,852.6058299976285,120.0
1781571622,10,,Aggregated,8.300000,0.000000,4,6,6,6,7,7,7,11,11,11,11,15851,0,3,13.089674670702385,0.7687059987802058,954.5754110004054,78.27386284776986
1781571623,10,GET,/api/load/gc [GC-pressure],4.600000,0.000000,6,7,7,7,7,7,11,11,11,11,11,7978,0,5,16.413148713018515,2.237843000330031,954.5754110004054,64.07031837553272
1781571623,10,GET,/api/load/memory-light [GET],0.900000,0.000000,3,4,4,4,5,6,6,6,6,6,6,3081,0,2,10.892925914670942,1.299395997193642,858.2991319999564,50.0
1781571623,10,GET,/api/products [GET],2.900000,0.000000,3,3,3,3,4,4,5,5,5,5,5,4802,0,2,8.961524247342615,0.7687059987802058,852.6058299976285,120.0
1781571623,10,,Aggregated,8.400000,0.000000,4,6,6,6,7,7,7,11,11,11,11,15861,0,3,13.084827224721147,0.7687059987802058,954.5754110004054,78.27015951074964
1781571624,10,GET,/api/load/gc [GC-pressure],4.300000,0.000000,6,7,7,7,7,7,7,7,7,7,7,7981,0,5,16.409452189883726,2.237843000330031,954.5754110004054,64.07029194336549
1781571624,10,GET,/api/load/memory-light [GET],1.000000,0.000000,3,4,4,4,5,6,6,6,6,6,6,3083,0,2,10.887637658158374,1.299395997193642,858.2991319999564,50.0
1781571624,10,GET,/api/products [GET],3.000000,0.000000,3,3,3,3,4,4,5,5,5,5,5,4806,0,2,8.956305080468438,0.7687059987802058,852.6058299976285,120.0
1781571624,10,,Aggregated,8.300000,0.000000,4,6,6,6,7,7,7,7,7,7,7,15870,0,3,13.079674041858576,0.7687059987802058,954.5754110004054,78.27441713925646
1781571625,10,GET,/api/load/gc [GC-pressure],4.300000,0.000000,6,7,7,7,7,7,7,7,7,7,7,7985,0,5,16.404413799933323,2.237843000330031,954.5754110004054,64.07025673137132
1781571625,10,GET,/api/load/memory-light [GET],1.100000,0.000000,3,4,4,4,5,6,6,6,6,6,6,3085,0,2,10.882961349468413,1.299395997193642,858.2991319999564,50.0
1781571625,10,GET,/api/products [GET],3.100000,0.000000,3,3,3,3,4,4,5,5,5,5,5,4806,0,2,8.956305080468438,0.7687059987802058,852.6058299976285,120.0
1781571625,10,,Aggregated,8.500000,0.000000,4,6,6,6,7,7,7,7,7,7,7,15876,0,3,13.076794039576024,0.7687059987802058,954.5754110004054,78.26725875535399
1781571626,10,GET,/api/load/gc [GC-pressure],4.400000,0.000000,6,7,7,7,7,7,7,7,7,7,7,7991,0,5,16.39629812169546,2.237843000330031,954.5754110004054,64.07020397947691
1781571626,10,GET,/api/load/memory-light [GET],1.200000,0.000000,3,4,4,4,5,6,6,6,6,6,6,3086,0,2,10.880226413190659,1.299395997193642,858.2991319999564,50.0
1781571626,10,GET,/api/products [GET],2.800000,0.000000,3,3,3,4,4,4,5,5,5,5,5,4810,0,2,8.951485898696225,0.7687059987802058,852.6058299976285,120.0
1781571626,10,,Aggregated,8.400000,0.000000,4,6,6,7,7,7,7,7,7,7,7,15887,0,3,13.070802805709299,0.7687059987802058,954.5754110004054,78.27059860263108
1781571627,10,GET,/api/load/gc [GC-pressure],4.200000,0.000000,6,7,7,7,7,7,7,7,7,7,7,7992,0,5,16.39502650543948,2.237843000330031,954.5754110004054,64.0701951951952
1781571627,10,GET,/api/load/memory-light [GET],1.500000,0.000000,4,4,4,4,5,6,6,6,6,6,6,3088,0,2,10.875759746472866,1.299395997193642,858.2991319999564,50.0
1781571627,10,GET,/api/products [GET],3.000000,0.000000,3,3,3,3,4,4,5,5,5,5,5,4813,0,2,8.947609859074888,0.7687059987802058,852.6058299976285,120.0
1781571627,10,,Aggregated,8.700000,0.000000,4,6,6,6,7,7,7,7,7,7,7,15893,0,3,13.067277680759325,0.7687059987802058,954.5754110004054,78.2740200088089
1781571628,10,GET,/api/load/gc [GC-pressure],4.300000,0.000000,6,7,7,7,7,7,7,7,7,7,7,7997,0,5,16.388766959417623,2.237843000330031,954.5754110004054,64.07015130674003
1781571628,10,GET,/api/load/memory-light [GET],1.400000,0.000000,3,4,4,4,4,6,6,6,6,6,6,3090,0,2,10.870221859906309,1.299395997193642,858.2991319999564,50.0
1781571628,10,GET,/api/products [GET],2.700000,0.000000,3,3,3,3,4,4,5,5,5,5,5,4815,0,2,8.94497235570715,0.7687059987802058,852.6058299976285,120.0
1781571628,10,,Aggregated,8.400000,0.000000,4,6,6,6,7,7,7,7,7,7,7,15902,0,3,13.062507660313367,0.7687059987802058,954.5754110004054,78.27122374544082
1781571629,10,GET,/api/load/gc [GC-pressure],4.100000,0.000000,6,7,7,7,7,7,7,7,7,7,7,8001,0,5,16.38362438338451,2.237843000330031,954.5754110004054,64.07011623547056
1781571629,10,GET,/api/load/memory-light [GET],1.200000,0.000000,3,4,4,4,4,6,6,6,6,6,6,3093,0,2,10.862709049179408,1.299395997193642,858.2991319999564,50.0
1781571629,10,GET,/api/products [GET],2.800000,0.000000,3,3,3,3,4,4,4,4,4,4,4,4815,0,2,8.94497235570715,0.7687059987802058,852.6058299976285,120.0
1781571629,10,,Aggregated,8.100000,0.000000,4,6,6,6,7,7,7,7,7,7,7,15909,0,3,13.058883630228255,0.7687059987802058,954.5754110004054,78.26230435602488
1781571630,10,GET,/api/load/gc [GC-pressure],3.800000,0.000000,6,6,7,7,7,7,7,7,7,7,7,8006,0,5,16.377241264232282,2.237843000330031,954.5754110004054,64.07007244566574
1781571630,10,GET,/api/load/memory-light [GET],1.400000,0.000000,3,4,4,4,4,6,6,6,6,6,6,3093,0,2,10.862709049179408,1.299395997193642,858.2991319999564,50.0
1781571630,10,GET,/api/products [GET],2.800000,0.000000,3,3,3,3,4,4,4,4,4,4,4,4818,0,2,8.940943847597762,0.7687059987802058,852.6058299976285,120.0
1781571630,10,,Aggregated,8.000000,0.000000,5,6,6,6,7,7,7,7,7,7,7,15917,0,3,13.054722630412865,0.7687059987802058,954.5754110004054,78.2656907708739
1781571631,10,GET,/api/load/gc [GC-pressure],3.800000,0.000000,6,7,7,7,7,7,7,7,7,7,7,8011,0,5,16.370966265064677,2.237843000330031,954.5754110004054,64.07002871052303
1781571631,10,GET,/api/load/memory-light [GET],1.700000,0.000000,3,4,4,4,4,6,6,6,6,6,6,3095,0,2,10.85736272023067,1.299395997193642,858.2991319999564,50.0
1781571631,10,GET,/api/products [GET],2.700000,0.000000,3,3,3,3,4,4,4,4,4,4,4,4819,0,2,8.93966895034659,0.7687059987802058,852.6058299976285,120.0
1781571631,10,,Aggregated,8.200000,0.000000,6,6,6,6,7,7,7,7,7,7,7,15925,0,3,13.050650740362151,0.7687059987802058,954.5754110004054,78.2602825745683
1781571632,10,GET,/api/load/gc [GC-pressure],4.000000,0.000000,6,6,7,7,7,7,7,7,7,7,7,8017,0,5,16.36324361449867,2.237843000330031,954.5754110004054,64.06997630036173
1781571632,10,GET,/api/load/memory-light [GET],1.800000,0.000000,3,4,4,4,4,6,6,6,6,6,6,3096,0,2,10.8544362707079,1.299395997193642,858.2991319999564,50.0
1781571632,10,GET,/api/products [GET],2.700000,0.000000,3,3,3,3,4,4,4,4,4,4,4,4822,0,2,8.935955926113436,0.7687059987802058,852.6058299976285,120.0
1781571632,10,,Aggregated,8.500000,0.000000,6,6,6,6,7,7,7,7,7,7,7,15935,0,3,13.045411874946124,0.7687059987802058,954.5754110004054,78.26099780357703
1781571633,10,GET,/api/load/gc [GC-pressure],4.100000,0.000000,6,6,7,7,7,7,7,7,7,7,7,8020,0,5,16.35922309805915,2.237843000330031,954.5754110004054,64.06995012468828
1781571633,10,GET,/api/load/memory-light [GET],1.800000,0.000000,3,4,4,4,4,4,4,4,4,4,4,3096,0,2,10.8544362707079,1.299395997193642,858.2991319999564,50.0
1781571633,10,GET,/api/products [GET],2.400000,0.000000,3,3,3,3,4,4,4,4,4,4,4,4825,0,2,8.932094351443403,0.7687059987802058,852.6058299976285,120.0
1781571633,10,,Aggregated,8.300000,0.000000,4,6,6,6,7,7,7,7,7,7,7,15941,0,3,13.042071337197195,0.7687059987802058,954.5754110004054,78.26616899818079
1781571634,10,GET,/api/load/gc [GC-pressure],4.300000,0.000000,6,6,7,7,7,7,8,8,8,8,8,8025,0,5,16.352755409151147,2.237843000330031,954.5754110004054,64.06990654205607
1781571634,10,GET,/api/load/memory-light [GET],1.700000,0.000000,3,4,4,4,4,4,4,4,4,4,4,3096,0,2,10.8544362707079,1.299395997193642,858.2991319999564,50.0
1781571634,10,GET,/api/products [GET],2.400000,0.000000,3,3,3,3,4,4,4,4,4,4,4,4829,0,2,8.927256108453324,0.7687059987802058,852.6058299976285,120.0
1781571634,10,,Aggregated,8.400000,0.000000,5,6,6,6,7,7,7,8,8,8,8,15950,0,3,13.037361542336722,0.7687059987802058,954.5754110004054,78.2721630094044
1781571635,10,GET,/api/load/gc [GC-pressure],4.400000,0.000000,6,6,6,7,7,7,8,8,8,8,8,8027,0,5,16.350280387496564,2.237843000330031,954.5754110004054,64.0698891242058
1781571635,10,GET,/api/load/memory-light [GET],1.600000,0.000000,3,4,4,4,4,4,4,4,4,4,4,3099,0,2,10.84660481965303,1.299395997193642,858.2991319999564,50.0
1781571635,10,GET,/api/products [GET],2.400000,0.000000,3,3,3,3,4,4,4,4,4,4,4,4832,0,2,8.923419654331083,0.7687059987802058,852.6058299976285,120.0
1781571635,10,,Aggregated,8.400000,0.000000,4,6,6,6,7,7,7,8,8,8,8,15958,0,3,13.032666548205755,0.7687059987802058,954.5754110004054,78.27290387266575
1781571636,11,GET,/api/load/gc [GC-pressure],4.300000,0.000000,6,6,7,7,7,8,14,14,14,14,14,8033,0,5,16.343841527129708,2.237843000330031,954.5754110004054,64.06983692269388
1781571636,11,GET,/api/load/memory-light [GET],1.400000,0.000000,3,4,4,4,4,4,4,4,4,4,4,3101,0,2,10.841454327021934,1.299395997193642,858.2991319999564,50.0
1781571636,11,GET,/api/products [GET],2.400000,0.000000,3,3,3,3,4,4,4,4,4,4,4,4834,0,2,8.921155458156708,0.7687059987802058,852.6058299976285,120.0
1781571636,11,,Aggregated,8.100000,0.000000,5,6,6,6,7,8,8,14,14,14,14,15968,0,3,13.028199795857807,0.7687059987802058,954.5754110004054,78.2692259519038
1781571637,12,GET,/api/load/gc [GC-pressure],4.400000,0.000000,6,6,7,7,7,8,14,14,14,14,14,8035,0,5,16.341123138821345,2.237843000330031,954.5754110004054,64.06981953951463
1781571637,12,GET,/api/load/memory-light [GET],1.100000,0.000000,3,4,4,4,4,4,4,4,4,4,4,3103,0,2,10.836385631354133,1.299395997193642,858.2991319999564,50.0
1781571637,12,GET,/api/products [GET],2.300000,0.000000,3,3,3,3,3,4,4,4,4,4,4,4836,0,2,8.918767991671821,0.7687059987802058,852.6058299976285,120.0
1781571637,12,,Aggregated,7.800000,0.000000,4,6,6,6,7,8,8,14,14,14,14,15974,0,3,13.024752162404301,0.7687059987802058,954.5754110004054,78.26912482784525
1781571638,12,GET,/api/load/gc [GC-pressure],4.100000,0.000000,6,6,7,7,7,8,14,14,14,14,14,8040,0,5,16.334923162118788,2.237843000330031,954.5754110004054,64.06977611940299
1781571638,12,GET,/api/load/memory-light [GET],1.300000,0.000000,3,4,4,4,4,5,5,5,5,5,5,3106,0,2,10.829779948193636,1.299395997193642,858.2991319999564,50.0
1781571638,12,GET,/api/products [GET],2.600000,0.000000,3,3,3,3,3,4,4,4,4,4,4,4838,0,2,8.915885459636758,0.7687059987802058,852.6058299976285,120.0
1781571638,12,,Aggregated,8.000000,0.000000,5,6,6,6,7,8,8,14,14,14,14,15984,0,3,13.01959037764309,0.7687059987802058,954.5754110004054,78.26457707707708
1781571639,13,GET,/api/load/gc [GC-pressure],4.300000,0.000000,6,6,7,7,11,14,60,60,60,60,60,8052,0,5,16.333305784827775,2.237843000330031,954.5754110004054,64.06967213114754
1781571639,13,GET,/api/load/memory-light [GET],1.500000,0.000000,3,4,4,4,4,5,5,5,5,5,5,3107,0,2,10.827328565204951,1.299395997193642,858.2991319999564,50.0
1781571639,13,GET,/api/products [GET],2.400000,0.000000,3,3,3,3,4,4,4,4,4,4,4,4841,0,2,8.91238005674992,0.7687059987802058,852.6058299976285,120.0
1781571639,13,,Aggregated,8.200000,0.000000,5,6,6,6,7,11,52,60,60,60,60,16000,0,3,13.018819992890712,0.7687059987802058,954.5754110004054,78.2599375
1781571640,14,GET,/api/load/gc [GC-pressure],4.400000,0.000000,6,6,7,7,11,14,60,60,60,60,60,8056,0,5,16.327933072297334,2.237843000330031,954.5754110004054,64.06963753723933
1781571640,14,GET,/api/load/memory-light [GET],1.500000,0.000000,3,4,4,4,4,5,5,5,5,5,5,3108,0,2,10.825062971715157,1.299395997193642,858.2991319999564,50.0
1781571640,14,GET,/api/products [GET],2.300000,0.000000,3,3,3,3,4,9,100,100,100,100,100,4845,0,2,8.929132063515937,0.7687059987802058,852.6058299976285,120.0
1781571640,14,,Aggregated,8.200000,0.000000,5,6,6,7,8,12,60,100,100,100,100,16009,0,3,13.020411605612638,0.7687059987802058,954.5754110004054,78.26503841589106
1781571641,15,GET,/api/load/gc [GC-pressure],4.800000,0.000000,6,7,7,8,11,14,60,60,60,60,60,8063,0,5,16.31883753943126,2.237843000330031,954.5754110004054,64.06957708049113
1781571641,15,GET,/api/load/memory-light [GET],1.400000,0.000000,3,4,4,4,4,5,5,5,5,5,5,3110,0,2,10.820289559194809,1.299395997193642,858.2991319999564,50.0
1781571641,15,GET,/api/products [GET],2.400000,0.000000,3,3,3,3,4,9,100,100,100,100,100,4851,0,2,8.921164246487866,0.7687059987802058,852.6058299976285,120.0
1781571641,15,,Aggregated,8.600000,0.000000,5,6,6,7,8,12,60,100,100,100,100,16024,0,3,13.012135257691135,0.7687059987802058,954.5754110004054,78.27090614078881
1781571642,16,GET,/api/load/gc [GC-pressure],4.900000,0.000000,6,7,7,7,8,14,52,60,60,60,60,8070,0,5,16.310041550859346,2.237843000330031,954.5754110004054,64.06951672862454
1781571642,16,GET,/api/load/memory-light [GET],1.400000,0.000000,4,4,4,4,4,5,5,5,5,5,5,3115,0,2,10.808162256530325,1.299395997193642,858.2991319999564,50.0
1781571642,16,GET,/api/products [GET],2.500000,0.000000,3,3,3,3,4,9,100,100,100,100,100,4854,0,2,8.917062744891892,0.7687059987802058,852.6058299976285,120.0
1781571642,16,,Aggregated,8.800000,0.000000,4,6,6,6,8,11,52,60,100,100,100,16039,0,3,13.00410769425975,0.7687059987802058,954.5754110004054,78.26366980485068
1781571643,16,GET,/api/load/gc [GC-pressure],5.300000,0.000000,6,7,7,8,8,14,52,60,60,60,60,8076,0,5,16.302305251042334,2.237843000330031,954.5754110004054,64.06946508172362
1781571643,16,GET,/api/load/memory-light [GET],1.400000,0.000000,4,4,4,4,4,4,5,5,5,5,5,3119,0,2,10.79812567492557,1.299395997193642,858.2991319999564,50.0
1781571643,16,GET,/api/products [GET],2.600000,0.000000,3,3,3,3,4,9,100,100,100,100,100,4856,0,2,8.91426562535026,0.7687059987802058,852.6058299976285,120.0
1781571643,16,,Aggregated,9.300000,0.000000,4,6,6,6,8,11,52,60,100,100,100,16051,0,3,12.99759797297437,0.7687059987802058,954.5754110004054,78.25649492243474
1781571644,17,GET,/api/load/gc [GC-pressure],5.400000,0.000000,6,6,7,7,8,14,52,60,60,60,60,8083,0,5,16.293237836870052,2.237843000330031,954.5754110004054,64.06940492391439
1781571644,17,GET,/api/load/memory-light [GET],1.600000,0.000000,4,4,4,4,4,4,5,5,5,5,5,3120,0,2,10.795304143940507,1.299395997193642,858.2991319999564,50.0
1781571644,17,GET,/api/products [GET],3.000000,0.000000,3,3,3,3,4,9,100,100,100,100,100,4858,0,2,8.912100611301327,0.7687059987802058,852.6058299976285,120.0
1781571644,17,,Aggregated,10.000000,0.000000,4,6,6,6,8,11,52,60,100,100,100,16061,0,3,12.99262655713946,0.7687059987802058,954.5754110004054,78.25372019176888
1781571645,18,GET,/api/load/gc [GC-pressure],5.500000,0.000000,6,6,7,7,8,14,52,60,60,60,60,8088,0,5,16.287177854402863,2.237843000330031,954.5754110004054,64.06936201780415
1781571645,18,GET,/api/load/memory-light [GET],1.900000,0.000000,3,4,4,4,4,4,5,5,5,5,5,3124,0,2,10.784779331015146,1.299395997193642,858.2991319999564,50.0
1781571645,18,GET,/api/products [GET],3.100000,0.000000,3,3,3,3,4,9,100,100,100,100,100,4865,0,2,8.903156673936637,0.7687059987802058,852.6058299976285,120.0
1781571645,18,,Aggregated,10.500000,0.000000,4,6,6,6,7,11,52,60,100,100,100,16077,0,3,12.983529410661406,0.7687059987802058,954.5754110004054,78.2604341606021
1781571646,19,GET,/api/load/gc [GC-pressure],5.500000,0.000000,6,7,7,7,8,12,52,60,60,60,60,8098,0,5,16.27550689977751,2.237843000330031,954.5754110004054,64.06927636453446
1781571646,19,GET,/api/load/memory-light [GET],2.300000,0.000000,3,4,4,4,4,4,5,5,5,5,5,3124,0,2,10.784779331015146,1.299395997193642,858.2991319999564,50.0
1781571646,19,GET,/api/products [GET],3.100000,0.000000,3,3,3,3,4,9,100,100,100,100,100,4869,0,2,8.897570037523904,0.7687059987802058,852.6058299976285,120.0
1781571646,19,,Aggregated,10.900000,0.000000,5,6,6,7,7,9,52,60,100,100,100,16091,0,3,12.977004164886798,0.7687059987802058,954.5754110004054,78.26194767261202
1781571647,19,GET,/api/load/gc [GC-pressure],6.000000,0.000000,6,7,7,7,9,12,52,60,60,60,60,8104,0,5,16.269841989683698,2.237843000330031,954.5754110004054,64.06922507403752
1781571647,19,GET,/api/load/memory-light [GET],2.500000,0.000000,3,4,4,4,4,4,4,4,4,4,4,3130,0,2,10.7701930460341,1.299395997193642,858.2991319999564,50.0
1781571647,19,GET,/api/products [GET],3.400000,0.000000,3,3,3,3,5,9,100,100,100,100,100,4873,0,2,8.892331578228616,0.7687059987802058,852.6058299976285,120.0
1781571647,19,,Aggregated,11.900000,0.000000,5,6,6,7,8,11,52,60,100,100,100,16107,0,3,12.969133637498695,0.7687059987802058,954.5754110004054,78.2564723412181
1781571648,20,GET,/api/load/gc [GC-pressure],6.200000,0.000000,6,7,7,8,11,19,60,63,63,63,63,8108,0,5,16.272217973778144,2.237843000330031,954.5754110004054,64.06931425752343
1781571648,20,GET,/api/load/memory-light [GET],2.500000,0.000000,3,4,4,4,4,4,5,5,5,5,5,3133,0,2,10.76383201215697,1.299395997193642,858.2991319999564,50.0
1781571648,20,GET,/api/products [GET],3.300000,0.000000,3,3,3,3,5,9,100,100,100,100,100,4878,0,2,8.885610594035061,0.7687059987802058,852.6058299976285,120.0
1781571648,20,,Aggregated,12.000000,0.000000,4,6,6,7,8,12,60,63,100,100,100,16119,0,3,12.966203703901234,0.7687059987802058,954.5754110004054,78.2606861467833
1781571649,21,GET,/api/load/gc [GC-pressure],6.600000,0.000000,6,7,7,7,8,9,19,63,63,63,63,8118,0,5,16.25887809366754,2.237843000330031,954.5754110004054,64.06922887410693
1781571649,21,GET,/api/load/memory-light [GET],2.500000,0.000000,4,4,4,4,4,4,5,5,5,5,5,3137,0,2,10.753911541630176,1.299395997193642,858.2991319999564,50.0
1781571649,21,GET,/api/products [GET],3.500000,0.000000,3,3,3,3,4,5,9,9,9,9,9,4884,0,2,8.878250167013265,0.7687059987802058,852.6058299976285,120.0
1781571649,21,,Aggregated,12.600000,0.000000,4,6,6,6,7,8,12,19,63,63,63,16139,0,3,12.955323544592586,0.7687059987802058,954.5754110004054,78.26036309560692
1781571650,22,GET,/api/load/gc [GC-pressure],6.800000,0.000000,6,7,7,7,8,9,19,63,63,63,63,8124,0,5,16.250469951427927,2.237843000330031,954.5754110004054,64.06917774495322
1781571650,22,GET,/api/load/memory-light [GET],2.800000,0.000000,3,4,4,4,4,5,5,5,5,5,5,3141,0,2,10.74438167848041,1.299395997193642,858.2991319999564,50.0
1781571650,22,GET,/api/products [GET],3.900000,0.000000,3,3,3,3,4,4,6,6,6,6,6,4889,0,2,8.87192985287315,0.7687059987802058,852.6058299976285,120.0
1781571650,22,,Aggregated,13.500000,0.000000,4,6,6,6,7,8,12,19,63,63,63,16154,0,3,12.946749151182635,0.7687059987802058,954.5754110004054,78.26098799059056
1781571651,23,GET,/api/load/gc [GC-pressure],6.700000,0.000000,6,6,7,7,8,9,19,63,63,63,63,8136,0,5,16.234769380336715,2.237843000330031,954.5754110004054,64.06907571288102
1781571651,23,GET,/api/load/memory-light [GET],2.900000,0.000000,3,4,4,4,4,5,5,5,5,5,5,3147,0,2,10.730096282840513,1.299395997193642,858.2991319999564,50.0
1781571651,23,GET,/api/products [GET],4.000000,0.000000,3,3,3,3,4,4,6,6,6,6,6,4894,0,2,8.865195260054138,0.7687059987802058,852.6058299976285,120.0
1781571651,23,,Aggregated,13.600000,0.000000,4,6,6,6,7,8,12,19,63,63,63,16177,0,3,12.934410724066488,0.7687059987802058,954.5754110004054,78.25282808926254
1781571652,23,GET,/api/load/gc [GC-pressure],6.700000,0.000000,6,6,7,7,8,9,19,63,63,63,63,8143,0,5,16.225171010859363,2.237843000330031,954.5754110004054,64.06901633304679
1781571652,23,GET,/api/load/memory-light [GET],3.000000,0.000000,3,4,4,4,4,5,5,5,5,5,5,3148,0,2,10.727846096916856,1.299395997193642,858.2991319999564,50.0
1781571652,23,GET,/api/products [GET],4.400000,0.000000,3,3,3,3,4,4,6,6,6,6,6,4905,0,2,8.850978914713622,0.7687059987802058,852.6058299976285,120.0
1781571652,23,,Aggregated,14.100000,0.000000,4,6,6,6,7,7,9,19,63,63,63,16196,0,3,12.923368648505333,0.7687059987802058,954.5754110004054,78.2732773524327
1781571653,24,GET,/api/load/gc [GC-pressure],7.200000,0.000000,6,6,7,7,8,9,19,63,63,63,63,8156,0,5,16.20959880093538,2.237843000330031,954.5754110004054,64.0689063266307
1781571653,24,GET,/api/load/memory-light [GET],3.500000,0.000000,3,4,4,4,4,5,5,5,5,5,5,3148,0,2,10.727846096916856,1.299395997193642,858.2991319999564,50.0
1781571653,24,GET,/api/products [GET],4.500000,0.000000,2,3,3,3,4,4,5,6,6,6,6,4910,0,2,8.844222356960065,0.7687059987802058,852.6058299976285,120.0
1781571653,24,,Aggregated,15.200000,0.000000,4,6,6,6,7,8,9,19,63,63,63,16214,0,3,12.914880911940124,0.7687059987802058,954.5754110004054,78.27470087578635
1781571654,25,GET,/api/load/gc [GC-pressure],7.200000,0.000000,6,7,7,7,8,12,31,63,63,63,63,8165,0,5,16.20106998033503,2.237843000330031,954.5754110004054,64.06883037354562
1781571654,25,GET,/api/load/memory-light [GET],3.700000,0.000000,3,4,4,4,4,5,5,5,5,5,5,3153,0,2,10.715385405357182,1.299395997193642,858.2991319999564,50.0
1781571654,25,GET,/api/products [GET],4.800000,0.000000,3,3,3,3,4,4,5,30,30,30,30,4915,0,2,8.843332751510967,0.7687059987802058,852.6058299976285,120.0
1781571654,25,,Aggregated,15.700000,0.000000,4,6,6,6,7,8,19,31,63,63,63,16233,0,3,12.90780059423416,0.7687059987802058,954.5754110004054,78.27092958787655
1781571655,26,GET,/api/load/gc [GC-pressure],7.300000,0.000000,6,6,7,7,8,8,31,63,63,63,63,8179,0,5,16.18310790346404,2.237843000330031,954.5754110004054,64.06871255654725
1781571655,26,GET,/api/load/memory-light [GET],3.300000,0.000000,3,4,4,4,4,5,5,5,5,5,5,3162,0,2,10.693554696424927,1.299395997193642,858.2991319999564,50.0
1781571655,26,GET,/api/products [GET],5.200000,0.000000,3,3,3,3,4,4,5,30,30,30,30,4918,0,2,8.839369221569415,0.7687059987802058,852.6058299976285,120.0
1781571655,26,,Aggregated,15.800000,0.000000,4,6,6,6,7,8,19,31,63,63,63,16259,0,3,12.894192590208894,0.7687059987802058,954.5754110004054,78.2506919244726
1781571656,26,GET,/api/load/gc [GC-pressure],8.000000,0.000000,6,6,7,7,7,8,43,63,63,63,63,8196,0,5,16.16621247442896,2.237843000330031,954.5754110004054,64.068570034163
1781571656,26,GET,/api/load/memory-light [GET],2.900000,0.000000,3,4,4,4,4,5,5,5,5,5,5,3162,0,2,10.693554696424927,1.299395997193642,858.2991319999564,50.0
1781571656,26,GET,/api/products [GET],5.500000,0.000000,3,3,3,3,4,4,5,30,30,30,30,4926,0,2,8.8289787928666,0.7687059987802058,852.6058299976285,120.0
1781571656,26,,Aggregated,16.400000,0.000000,4,6,6,6,7,8,30,43,63,63,63,16284,0,3,12.883987160659315,0.7687059987802058,954.5754110004054,78.2563252272169
1781571657,27,GET,/api/load/gc [GC-pressure],8.500000,0.000000,6,6,6,7,7,8,31,43,63,63,63,8206,0,5,16.152741418402627,2.237843000330031,954.5754110004054,64.0684864733122
1781571657,27,GET,/api/load/memory-light [GET],3.500000,0.000000,3,4,4,4,4,5,5,5,5,5,5,3166,0,2,10.68434759889163,1.299395997193642,858.2991319999564,50.0
1781571657,27,GET,/api/products [GET],5.400000,0.000000,3,3,3,3,4,4,4,30,30,30,30,4929,0,2,8.82539813890489,0.7687059987802058,852.6058299976285,120.0
1781571657,27,,Aggregated,17.400000,0.000000,4,6,6,6,7,7,30,43,63,63,63,16301,0,3,12.875064597519481,0.7687059987802058,954.5754110004054,78.24832832341575
1781571658,28,GET,/api/load/gc [GC-pressure],9.300000,0.000000,6,6,6,7,7,8,9,31,43,43,43,8219,0,5,16.136089205428153,2.237843000330031,954.5754110004054,64.0683781481932
1781571658,28,GET,/api/load/memory-light [GET],3.800000,0.000000,3,3,4,4,4,5,5,5,5,5,5,3172,0,2,10.670641882751891,1.299395997193642,858.2991319999564,50.0
1781571658,28,GET,/api/products [GET],5.200000,0.000000,3,3,3,3,4,4,4,30,30,30,30,4935,0,2,8.817564153528888,0.7687059987802058,852.6058299976285,120.0
1781571658,28,,Aggregated,18.300000,0.000000,4,6,6,6,7,7,9,31,43,43,43,16326,0,3,12.861966944087227,0.7687059987802058,954.5754110004054,78.2419453632243
1781571659,29,GET,/api/load/gc [GC-pressure],9.800000,0.000000,6,6,6,7,7,8,9,31,43,43,43,8232,0,5,16.118357693685592,2.237843000330031,954.5754110004054,64.06827016520894
1781571659,29,GET,/api/load/memory-light [GET],3.700000,0.000000,3,3,4,4,4,5,5,5,5,5,5,3177,0,2,10.657568194237609,1.299395997193642,858.2991319999564,50.0
1781571659,29,GET,/api/products [GET],5.800000,0.000000,3,3,3,3,3,3,4,30,30,30,30,4948,0,2,8.800173230936453,0.7687059987802058,852.6058299976285,120.0
1781571659,29,,Aggregated,19.300000,0.000000,4,6,6,6,7,7,9,30,43,43,43,16357,0,3,12.843961107427171,0.7687059987802058,954.5754110004054,78.25518126795868
1781571660,30,GET,/api/load/gc [GC-pressure],10.400000,0.000000,6,6,6,7,7,8,9,31,43,43,43,8243,0,5,16.104956565622032,2.237843000330031,954.5754110004054,64.06817906102147
1781571660,30,GET,/api/load/memory-light [GET],3.600000,0.000000,3,3,4,4,4,5,5,5,5,5,5,3181,0,2,10.647869947214923,1.299395997193642,858.2991319999564,50.0
1781571660,30,GET,/api/products [GET],5.700000,0.000000,3,3,3,3,3,3,4,30,30,30,30,4955,0,2,8.790255138178239,0.7687059987802058,852.6058299976285,120.0
1781571660,30,,Aggregated,19.700000,0.000000,4,6,6,6,7,7,9,30,43,43,43,16379,0,3,12.832269704022606,0.7687059987802058,954.5754110004054,78.25654801880457
1781571661,30,GET,/api/load/gc [GC-pressure],11.000000,0.000000,6,6,6,7,7,8,9,31,43,43,43,8259,0,5,16.083855966751823,2.237843000330031,954.5754110004054,64.06804697905315
1781571661,30,GET,/api/load/memory-light [GET],3.800000,0.000000,3,3,4,4,4,4,5,5,5,5,5,3184,0,2,10.64033239858484,1.299395997193642,858.2991319999564,50.0
1781571661,30,GET,/api/products [GET],6.000000,0.000000,3,3,3,3,3,3,4,30,30,30,30,4963,0,2,8.780077288872384,0.7687059987802058,852.6058299976285,120.0
1781571661,30,,Aggregated,20.800000,0.000000,4,6,6,6,7,7,9,30,43,43,43,16406,0,3,12.81792687865239,0.7687059987802058,954.5754110004054,78.25783250030477
1781571662,31,GET,/api/load/gc [GC-pressure],11.600000,0.000000,6,6,6,7,7,9,24,31,43,43,43,8274,0,5,16.06767204222802,2.237843000330031,954.5754110004054,64.06804447667392
1781571662,31,GET,/api/load/memory-light [GET],4.200000,0.000000,3,3,3,4,4,5,5,5,5,5,5,3188,0,2,10.630248898711281,1.299395997193642,858.2991319999564,50.0
1781571662,31,GET,/api/products [GET],6.400000,0.000000,3,3,3,3,3,5,18,30,30,30,30,4971,0,2,8.77327417374459,0.7687059987802058,852.6058299976285,120.0
1781571662,31,,Aggregated,22.200000,0.000000,4,6,6,6,7,8,18,30,43,43,43,16433,0,3,12.80624949091283,0.7687059987802058,954.5754110004054,78.25832166981074
1781571663,32,GET,/api/load/gc [GC-pressure],11.600000,0.000000,6,6,6,7,7,9,11,24,43,43,43,8282,0,5,16.057625121394885,2.237843000330031,954.5754110004054,64.06797874909442
1781571663,32,GET,/api/load/memory-light [GET],3.800000,0.000000,3,3,3,4,4,4,5,5,5,5,5,3194,0,2,10.616298890446373,1.299395997193642,858.2991319999564,50.0
1781571663,32,GET,/api/products [GET],6.800000,0.000000,3,3,3,3,3,4,5,18,18,18,18,4980,0,2,8.761667528247985,0.7687059987802058,852.6058299976285,120.0
1781571663,32,,Aggregated,22.200000,0.000000,4,5,6,6,7,7,9,18,43,43,43,16456,0,3,12.793559443494964,0.7687059987802058,954.5754110004054,78.26391589693729
1781571664,33,GET,/api/load/gc [GC-pressure],12.200000,0.000000,6,6,6,7,7,9,11,24,43,43,43,8296,0,5,16.04113742712047,2.237843000330031,954.5754110004054,64.06786403085825
1781571664,33,GET,/api/load/memory-light [GET],3.600000,0.000000,3,3,3,4,4,5,5,5,5,5,5,3196,0,2,10.611428665860592,1.299395997193642,858.2991319999564,50.0
1781571664,33,GET,/api/products [GET],6.800000,0.000000,2,3,3,3,3,5,5,18,18,18,18,4990,0,2,8.748282730799083,0.7687059987802058,852.6058299976285,120.0
1781571664,33,,Aggregated,22.600000,0.000000,4,5,6,6,7,7,9,18,43,43,43,16482,0,3,12.780325988239856,0.7687059987802058,954.5754110004054,78.27369251304454
1781571665,33,GET,/api/load/gc [GC-pressure],13.100000,0.000000,6,6,6,6,7,9,11,24,43,43,43,8308,0,5,16.026161390153092,2.237843000330031,954.5754110004054,64.06776600866634
1781571665,33,GET,/api/load/memory-light [GET],4.200000,0.000000,3,3,3,4,4,5,5,5,5,5,5,3198,0,2,10.606572741426163,1.299395997193642,858.2991319999564,50.0
1781571665,33,GET,/api/products [GET],6.600000,0.000000,2,3,3,3,3,5,5,18,18,18,18,4998,0,2,8.73777588029235,0.7687059987802058,852.6058299976285,120.0
1781571665,33,,Aggregated,23.900000,0.000000,4,5,6,6,7,7,9,18,43,43,43,16504,0,3,12.768818002070644,0.7687059987802058,954.5754110004054,78.28011391177897
1781571666,34,GET,/api/load/gc [GC-pressure],12.800000,0.000000,6,6,6,6,7,9,11,24,45,45,45,8326,0,5,16.00782880667628,2.237843000330031,954.5754110004054,64.06761950516454
1781571666,34,GET,/api/load/memory-light [GET],4.600000,0.000000,3,3,4,4,4,5,5,5,5,5,5,3201,0,2,10.600111357410585,1.299395997193642,858.2991319999564,50.0
1781571666,34,GET,/api/products [GET],7.100000,0.000000,2,3,3,3,3,5,5,18,18,18,18,5007,0,2,8.726396455105569,0.7687059987802058,852.6058299976285,120.0
1781571666,34,,Aggregated,24.500000,0.000000,4,5,6,6,7,7,9,18,45,45,45,16534,0,3,12.755848926464957,0.7687059987802058,954.5754110004054,78.28214588121446
1781571667,35,GET,/api/load/gc [GC-pressure],12.800000,0.000000,6,6,6,6,7,8,11,24,45,45,45,8339,0,5,15.991456109053377,2.237843000330031,954.5754110004054,64.06751409041851
1781571667,35,GET,/api/load/memory-light [GET],4.000000,0.000000,3,3,3,4,4,4,5,5,5,5,5,3211,0,2,10.576147394290262,1.299395997193642,858.2991319999564,50.0
1781571667,35,GET,/api/products [GET],7.500000,0.000000,2,3,3,3,3,4,5,18,18,18,18,5016,0,2,8.714534089458148,0.7687059987802058,852.6058299976285,120.0
1781571667,35,,Aggregated,24.300000,0.000000,4,5,6,6,6,7,9,18,45,45,45,16566,0,3,12.738432015524822,0.7687059987802058,954.5754110004054,78.2765302426657
1781571668,36,GET,/api/load/gc [GC-pressure],13.300000,0.000000,6,6,6,6,7,8,11,24,45,45,45,8352,0,5,15.97553534559411,2.237843000330031,954.5754110004054,64.06740900383141
1781571668,36,GET,/api/load/memory-light [GET],3.800000,0.000000,3,3,4,4,4,4,5,5,5,5,5,3215,0,2,10.56727828431654,1.299395997193642,858.2991319999564,50.0
1781571668,36,GET,/api/products [GET],8.300000,0.000000,2,3,3,3,3,4,5,18,18,18,18,5022,0,2,8.707209981224775,0.7687059987802058,852.6058299976285,120.0
1781571668,36,,Aggregated,25.400000,0.000000,4,5,6,6,6,7,9,18,45,45,45,16589,0,3,12.727052831164658,0.7687059987802058,954.5754110004054,78.2736150461149
1781571669,37,GET,/api/load/gc [GC-pressure],13.000000,0.000000,6,6,6,6,7,8,11,24,45,45,45,8366,0,5,15.957604819074092,2.237843000330031,954.5754110004054,64.06729619890031
1781571669,37,GET,/api/load/memory-light [GET],4.200000,0.000000,3,4,4,4,4,4,51,51,51,51,51,3221,0,2,10.568842213935627,1.299395997193642,858.2991319999564,50.0
1781571669,37,GET,/api/products [GET],8.000000,0.000000,2,3,3,3,3,5,5,18,18,18,18,5030,0,2,8.69718037966645,0.7687059987802058,852.6058299976285,120.0
1781571669,37,,Aggregated,25.200000,0.000000,4,6,6,6,6,7,9,24,51,51,51,16617,0,3,12.715314436852786,0.7687059987802058,954.5754110004054,78.27146897755311
1781571670,37,GET,/api/load/gc [GC-pressure],13.400000,0.000000,6,6,6,6,7,8,11,24,45,45,45,8385,0,5,15.933549542080303,2.237843000330031,954.5754110004054,64.06714370900417
1781571670,37,GET,/api/load/memory-light [GET],4.300000,0.000000,3,4,4,4,4,5,51,51,51,51,51,3229,0,2,10.551688737099791,1.299395997193642,858.2991319999564,50.0
1781571670,37,GET,/api/products [GET],8.600000,0.000000,2,3,3,3,3,5,5,18,18,18,18,5035,0,2,8.690852048603263,0.7687059987802058,852.6058299976285,120.0
1781571670,37,,Aggregated,26.300000,0.000000,4,5,6,6,6,7,9,24,51,51,51,16649,0,3,12.6994207404142,0.7687059987802058,954.5754110004054,78.25412937713976
1781571671,38,GET,/api/load/gc [GC-pressure],13.200000,0.000000,6,6,6,6,7,8,11,24,45,45,45,8397,0,5,15.919365529157878,2.237843000330031,954.5754110004054,64.06704775515065
1781571671,38,GET,/api/load/memory-light [GET],4.300000,0.000000,3,4,4,4,4,5,6,51,51,51,51,3236,0,2,10.53608834366715,1.299395997193642,858.2991319999564,50.0
1781571671,38,GET,/api/products [GET],8.700000,0.000000,2,3,3,3,3,5,5,18,18,18,18,5044,0,2,8.679915260649333,0.7687059987802058,852.6058299976285,120.0
1781571671,38,,Aggregated,26.200000,0.000000,4,6,6,6,6,7,9,24,51,51,51,16677,0,3,12.685206380233904,0.7687059987802058,954.5754110004054,78.25454218384601
1781571672,39,GET,/api/load/gc [GC-pressure],13.200000,0.000000,6,6,6,6,7,8,13,14,45,45,45,8414,0,5,15.900306207549269,2.237843000330031,954.5754110004054,64.06714998811505
1781571672,39,GET,/api/load/memory-light [GET],4.500000,0.000000,3,4,4,4,4,5,6,51,51,51,51,3242,0,2,10.52226104445126,1.299395997193642,858.2991319999564,50.0
1781571672,39,GET,/api/products [GET],8.300000,0.000000,2,3,3,3,3,4,5,5,5,5,5,5052,0,2,8.67034603200921,0.7687059987802058,852.6058299976285,120.0
1781571672,39,,Aggregated,26.000000,0.000000,4,6,6,6,6,7,9,14,51,51,51,16708,0,3,12.670632923757546,0.7687059987802058,954.5754110004054,78.25
1781571673,40,GET,/api/load/gc [GC-pressure],14.200000,0.000000,6,6,6,6,7,8,13,14,45,45,45,8434,0,5,15.876027095250082,2.237843000330031,954.5754110004054,64.06699075171923
1781571673,40,GET,/api/load/memory-light [GET],4.900000,0.000000,3,4,4,4,4,5,6,51,51,51,51,3251,0,2,10.501954536484499,1.299395997193642,858.2991319999564,50.0
1781571673,40,GET,/api/products [GET],7.900000,0.000000,2,3,3,3,3,4,4,5,5,5,5,5055,0,2,8.66650256037851,0.7687059987802058,852.6058299976285,120.0
1781571673,40,,Aggregated,27.000000,0.000000,4,6,6,6,6,7,8,14,51,51,51,16740,0,3,12.65528298459759,0.7687059987802058,954.5754110004054,78.2252688172043
1781571674,40,GET,/api/load/gc [GC-pressure],13.900000,0.000000,6,6,6,6,7,8,13,14,45,45,45,8446,0,5,15.862340653841054,2.237843000330031,954.5754110004054,64.06689557186834
1781571674,40,GET,/api/load/memory-light [GET],5.400000,0.000000,3,4,4,4,4,5,6,51,51,51,51,3256,0,2,10.490390540270322,1.299395997193642,858.2991319999564,50.0
1781571674,40,GET,/api/products [GET],7.700000,0.000000,2,3,3,3,3,3,4,5,5,5,5,5066,0,2,8.652786030346117,0.7687059987802058,852.6058299976285,120.0
1781571674,40,,Aggregated,27.000000,0.000000,4,6,6,6,6,7,8,14,51,51,51,16768,0,3,12.641045729436733,0.7687059987802058,954.5754110004054,78.2340768129771
1781571675,41,GET,/api/load/gc [GC-pressure],14.300000,0.000000,6,6,6,6,7,8,13,14,45,45,45,8461,0,5,15.844312990113322,2.237843000330031,954.5754110004054,64.0667769767167
1781571675,41,GET,/api/load/memory-light [GET],5.400000,0.000000,3,3,4,4,4,5,6,51,51,51,51,3266,0,2,10.466836289991297,1.299395997193642,858.2991319999564,50.0
1781571675,41,GET,/api/products [GET],7.900000,0.000000,2,3,3,3,3,3,4,5,5,5,5,5072,0,2,8.64519581836469,0.7687059987802058,852.6058299976285,120.0
1781571675,41,,Aggregated,27.600000,0.000000,4,6,6,6,6,7,8,14,51,51,51,16799,0,3,12.625266547009113,0.7687059987802058,954.5754110004054,78.21947734984225
1781571676,42,GET,/api/load/gc [GC-pressure],15.100000,0.000000,6,6,6,6,7,8,48,110,120,120,120,8475,0,5,15.859135709421203,2.237843000330031,954.5754110004054,64.06713864306785
1781571676,42,GET,/api/load/memory-light [GET],5.800000,0.000000,3,3,4,4,4,6,51,110,110,110,110,3280,0,2,10.469468745160578,1.299395997193642,858.2991319999564,50.0
1781571676,42,GET,/api/products [GET],7.500000,0.000000,2,3,3,3,3,3,4,5,5,5,5,5081,0,2,8.633752933625658,0.7687059987802058,852.6058299976285,120.0
1781571676,42,,Aggregated,28.400000,0.000000,4,6,6,6,6,7,14,110,120,120,120,16836,0,3,12.628541891020632,0.7687059987802058,954.5754110004054,78.2067593252554
1781571677,43,GET,/api/load/gc [GC-pressure],14.900000,0.000000,6,6,6,6,7,8,48,110,120,120,120,8489,0,5,15.841023858326016,2.237843000330031,954.5754110004054,64.06702791848274
1781571677,43,GET,/api/load/memory-light [GET],6.200000,0.000000,3,3,4,4,4,6,51,110,110,110,110,3285,0,2,10.457378642959945,1.299395997193642,858.2991319999564,50.0
1781571677,43,GET,/api/products [GET],7.500000,0.000000,2,3,3,3,3,3,4,5,5,5,5,5091,0,2,8.621588168090824,0.7687059987802058,852.6058299976285,120.0
1781571677,43,,Aggregated,28.600000,0.000000,4,6,6,6,6,7,14,110,120,120,120,16865,0,3,12.613071197106633,0.7687059987802058,954.5754110004054,78.21138452416247
1781571678,44,GET,/api/load/gc [GC-pressure],14.900000,0.000000,6,6,6,6,7,10,14,110,120,120,120,8514,0,5,15.811023408188726,2.237843000330031,954.5754110004054,64.06683110171483
1781571678,44,GET,/api/load/memory-light [GET],6.700000,0.000000,3,3,4,4,5,51,80,110,110,110,110,3291,0,2,10.488085691926038,1.299395997193642,858.2991319999564,50.0
1781571678,44,GET,/api/products [GET],7.100000,0.000000,2,3,3,3,3,3,5,6,6,6,6,5103,0,2,8.60679488374343,0.7687059987802058,852.6058299976285,120.0
1781571678,44,,Aggregated,28.700000,0.000000,4,6,6,6,6,8,48,80,120,120,120,16908,0,3,12.600651620605046,0.7687059987802058,954.5754110004054,78.21001892595221
1781571679,44,GET,/api/load/gc [GC-pressure],15.200000,0.000000,6,6,6,6,7,10,14,110,120,120,120,8528,0,5,15.794924572622019,2.237843000330031,954.5754110004054,64.06672138836772
1781571679,44,GET,/api/load/memory-light [GET],7.500000,0.000000,3,3,3,4,4,8,80,110,110,110,110,3297,0,2,10.473926990940596,1.299395997193642,858.2991319999564,50.0
1781571679,44,GET,/api/products [GET],7.800000,0.000000,2,3,3,3,3,3,5,6,6,6,6,5113,0,2,8.5940726700042,0.7687059987802058,852.6058299976285,120.0
1781571679,44,,Aggregated,30.500000,0.000000,4,6,6,6,7,7,14,80,120,120,120,16938,0,3,12.585496965768284,0.7687059987802058,954.5754110004054,78.21295312315503
1781571680,45,GET,/api/load/gc [GC-pressure],15.400000,0.000000,6,6,6,7,7,10,23,110,120,120,120,8555,0,5,15.765609488871371,2.237843000330031,954.5754110004054,64.06651081239042
1781571680,45,GET,/api/load/memory-light [GET],7.600000,0.000000,3,3,3,3,4,8,80,110,110,110,110,3303,0,2,10.460214953414352,1.299395997193642,858.2991319999564,50.0
1781571680,45,GET,/api/products [GET],7.600000,0.000000,2,3,3,3,3,3,6,6,6,6,6,5121,0,2,8.584214930430651,0.7687059987802058,852.6058299976285,120.0
1781571680,45,,Aggregated,30.600000,0.000000,4,6,6,6,7,8,23,80,120,120,120,16979,0,3,12.567562508225311,0.7687059987802058,954.5754110004054,78.20007067554037
1781571681,46,GET,/api/load/gc [GC-pressure],16.300000,0.000000,6,6,6,7,7,10,48,110,120,120,120,8571,0,5,15.754001514792321,2.237843000330031,954.5754110004054,64.06650332516625
1781571681,46,GET,/api/load/memory-light [GET],7.600000,0.000000,3,3,3,3,4,8,80,110,110,110,110,3312,0,2,10.440302618699997,1.299395997193642,858.2991319999564,50.0
1781571681,46,GET,/api/products [GET],7.900000,0.000000,2,3,3,3,3,3,6,6,6,6,6,5131,0,2,8.571194362061766,0.7687059987802058,852.6058299976285,120.0
1781571681,46,,Aggregated,31.800000,0.000000,4,6,6,6,7,8,48,80,120,120,120,17014,0,3,12.553463472913972,0.7687059987802058,954.5754110004054,78.19642647231692
1781571682,47,GET,/api/load/gc [GC-pressure],16.500000,0.000000,6,6,6,6,7,10,48,110,120,120,120,8587,0,5,15.735325927946484,2.237843000330031,954.5754110004054,64.06637941073716
1781571682,47,GET,/api/load/memory-light [GET],7.500000,0.000000,3,3,3,3,4,8,80,110,110,110,110,3321,0,2,10.420210402328083,1.299395997193642,858.2991319999564,50.0
1781571682,47,GET,/api/products [GET],8.400000,0.000000,2,3,3,3,3,3,6,6,6,6,6,5143,0,2,8.556623097363474,0.7687059987802058,852.6058299976285,120.0
1781571682,47,,Aggregated,32.400000,0.000000,3,6,6,6,7,8,48,80,120,120,120,17051,0,3,12.53483520492337,0.7687059987802058,954.5754110004054,78.1976423670166
1781571683,47,GET,/api/load/gc [GC-pressure],17.000000,0.000000,6,6,6,6,7,14,68,110,120,120,120,8614,0,5,15.71959911461237,2.237843000330031,954.5754110004054,64.06640352913861
1781571683,47,GET,/api/load/memory-light [GET],7.600000,0.000000,3,3,3,4,9,36,80,110,110,110,110,3329,0,2,10.433176596315185,1.299395997193642,858.2991319999564,50.0
1781571683,47,GET,/api/products [GET],8.400000,0.000000,2,3,3,3,3,3,6,16,16,16,16,5151,0,2,8.549280543534932,0.7687059987802058,852.6058299976285,120.0
1781571683,47,,Aggregated,33.000000,0.000000,4,6,6,6,7,10,68,80,120,120,120,17094,0,3,12.52942645034238,0.7687059987802058,954.5754110004054,78.18170118170119
1781571684,48,GET,/api/load/gc [GC-pressure],17.500000,0.000000,6,6,6,6,8,23,68,110,120,120,120,8632,0,5,15.707110452649811,2.237843000330031,954.5754110004054,64.06638090824838
1781571684,48,GET,/api/load/memory-light [GET],7.600000,0.000000,3,3,3,4,9,36,80,110,110,110,110,3335,0,2,10.420206262709293,1.299395997193642,858.2991319999564,50.0
1781571684,48,GET,/api/products [GET],9.000000,0.000000,2,3,3,3,3,6,42,61,61,61,61,5161,0,2,8.556714630835184,0.7687059987802058,852.6058299976285,120.0
1781571684,48,,Aggregated,34.100000,0.000000,4,6,6,6,7,23,68,80,120,120,120,17128,0,3,12.523141611580398,0.7687059987802058,954.5754110004054,78.18139887902849
1781571685,49,GET,/api/load/gc [GC-pressure],17.200000,0.000000,6,6,6,7,8,40,74,110,120,120,120,8655,0,5,15.700035507712629,2.237843000330031,954.5754110004054,64.06643558636627
1781571685,49,GET,/api/load/memory-light [GET],7.700000,0.000000,3,3,4,4,14,43,80,110,110,110,110,3347,0,2,10.405627022452522,1.299395997193642,858.2991319999564,50.0
1781571685,49,GET,/api/products [GET],9.200000,0.000000,2,3,3,3,3,16,35,42,61,61,61,5178,0,2,8.548626092454468,0.7687059987802058,852.6058299976285,120.0
1781571685,49,,Aggregated,34.100000,0.000000,4,6,6,6,8,34,68,110,120,120,120,17180,0,3,12.51316803667815,0.7687059987802058,954.5754110004054,78.18422584400466
1781571686,50,GET,/api/load/gc [GC-pressure],18.100000,0.000000,6,6,6,6,7,23,68,74,110,110,110,8668,0,5,15.684584742760727,2.237843000330031,954.5754110004054,64.06633594831564
1781571686,50,GET,/api/load/memory-light [GET],7.900000,0.000000,3,3,3,4,9,36,72,80,80,80,80,3358,0,2,10.381109768364183,1.299395997193642,858.2991319999564,50.0
1781571686,50,GET,/api/products [GET],9.700000,0.000000,2,3,3,3,4,16,35,42,61,61,61,5188,0,2,8.536788054110634,0.7687059987802058,852.6058299976285,120.0
1781571686,50,,Aggregated,35.700000,0.000000,4,6,6,6,7,23,58,72,110,110,110,17214,0,3,12.49579432886853,0.7687059987802058,954.5754110004054,78.17979551527826
1781571687,51,GET,/api/load/gc [GC-pressure],18.900000,0.000000,6,6,6,7,8,23,68,74,110,110,110,8689,0,5,15.661684482595126,2.237843000330031,954.5754110004054,64.06617562435262
1781571687,51,GET,/api/load/memory-light [GET],8.200000,0.000000,3,3,4,4,14,36,72,80,80,80,80,3364,0,2,10.375460739050055,1.299395997193642,858.2991319999564,50.0
1781571687,51,GET,/api/products [GET],10.000000,0.000000,2,3,3,3,4,16,35,42,61,61,61,5206,0,2,8.51578311903967,0.7687059987802058,852.6058299976285,120.0
1781571687,51,,Aggregated,37.100000,0.000000,4,6,6,6,7,23,58,72,110,110,110,17259,0,3,12.475844099493248,0.7687059987802058,954.5754110004054,78.19636131873226
1781571688,51,GET,/api/load/gc [GC-pressure],19.200000,0.000000,6,6,6,7,8,24,68,74,110,110,110,8707,0,5,15.643191107990589,2.237843000330031,954.5754110004054,64.06603881934076
1781571688,51,GET,/api/load/memory-light [GET],8.400000,0.000000,3,3,4,4,7,23,36,43,43,43,43,3379,0,2,10.348340512917193,1.299395997193642,858.2991319999564,50.0
1781571688,51,GET,/api/products [GET],11.100000,0.000000,2,3,3,3,4,16,35,42,61,61,61,5215,0,2,8.504740419885051,0.7687059987802058,852.6058299976285,120.0
1781571688,51,,Aggregated,38.700000,0.000000,4,6,6,6,7,20,43,68,110,110,110,17301,0,3,12.457345174274423,0.7687059987802058,954.5754110004054,78.17889139356106
1781571689,52,GET,/api/load/gc [GC-pressure],19.400000,0.000000,6,6,6,7,9,30,74,110,120,120,120,8729,0,5,15.64533842573784,2.237843000330031,954.5754110004054,64.06610150074465
1781571689,52,GET,/api/load/memory-light [GET],7.800000,0.000000,3,3,4,4,9,30,43,49,49,49,49,3390,0,2,10.34434267555746,1.299395997193642,858.2991319999564,50.0
1781571689,52,GET,/api/products [GET],10.900000,0.000000,2,3,3,3,4,19,41,42,61,61,61,5225,0,2,8.500235167598802,0.7687059987802058,852.6058299976285,120.0
1781571689,52,,Aggregated,38.100000,0.000000,4,6,6,6,8,28,58,74,120,120,120,17344,0,3,12.456711804607307,0.7687059987802058,954.5754110004054,78.16726245387454
1781571690,53,GET,/api/load/gc [GC-pressure],19.200000,0.000000,6,6,6,7,9,30,74,110,120,120,120,8752,0,5,15.626439341209148,2.237843000330031,954.5754110004054,64.06592778793419
1781571690,53,GET,/api/load/memory-light [GET],7.900000,0.000000,3,3,4,4,20,34,49,59,59,59,59,3396,0,2,10.348675488560412,1.299395997193642,858.2991319999564,50.0
1781571690,53,GET,/api/products [GET],11.300000,0.000000,2,2,3,3,4,19,41,42,61,61,61,5240,0,2,8.481805031618835,0.7687059987802058,852.6058299976285,120.0
1781571690,53,,Aggregated,38.400000,0.000000,4,5,6,6,8,28,56,68,120,120,120,17388,0,3,12.442567140504734,0.7687059987802058,954.5754110004054,78.17489072923856
1781571691,54,GET,/api/load/gc [GC-pressure],19.400000,0.000000,6,6,6,7,10,41,74,110,120,120,120,8775,0,5,15.613135058489865,2.237843000330031,954.5754110004054,64.06586894586894
1781571691,54,GET,/api/load/memory-light [GET],8.900000,0.000000,3,3,4,5,20,34,49,59,59,59,59,3400,0,2,10.3421840135728,1.299395997193642,858.2991319999564,50.0
1781571691,54,GET,/api/products [GET],11.300000,0.000000,2,3,3,3,4,35,44,51,61,61,61,5251,0,2,8.487362220471315,0.7687059987802058,852.6058299976285,120.0
1781571691,54,,Aggregated,39.600000,0.000000,5,6,6,6,9,36,56,68,120,120,120,17426,0,3,12.437497119481863,0.7687059987802058,954.5754110004054,78.17617353380007
1781571692,55,GET,/api/load/gc [GC-pressure],19.900000,0.000000,6,6,6,7,12,52,82,110,120,120,120,8792,0,5,15.601601238994837,2.237843000330031,954.5754110004054,64.0657415832575
1781571692,55,GET,/api/load/memory-light [GET],9.300000,0.000000,3,4,4,5,20,34,49,59,59,59,59,3407,0,2,10.327857909348166,1.299395997193642,858.2991319999564,50.0
1781571692,55,GET,/api/products [GET],11.000000,0.000000,2,3,3,3,4,19,44,51,61,61,61,5269,0,2,8.466382896507145,0.7687059987802058,852.6058299976285,120.0
1781571692,55,,Aggregated,40.200000,0.000000,4,5,6,6,9,36,58,74,120,120,120,17468,0,3,12.420750027025873,0.7687059987802058,954.5754110004054,78.19418365010304
1781571693,55,GET,/api/load/gc [GC-pressure],19.600000,0.000000,6,6,6,7,9,36,82,110,120,120,120,8813,0,5,15.577065951237744,2.237843000330031,954.5754110004054,64.06558493135141
1781571693,55,GET,/api/load/memory-light [GET],9.100000,0.000000,3,3,4,4,5,25,49,59,59,59,59,3414,0,2,10.31244606682881,1.299395997193642,858.2991319999564,50.0
1781571693,55,GET,/api/products [GET],12.300000,0.000000,2,2,3,3,4,19,42,44,51,51,51,5279,0,2,8.454237687761701,0.7687059987802058,852.6058299976285,120.0
1781571693,55,,Aggregated,41.000000,0.000000,4,5,6,6,8,28,52,59,120,120,120,17506,0,3,12.402450237296117,0.7687059987802058,954.5754110004054,78.18976350965383
1781571694,56,GET,/api/load/gc [GC-pressure],20.400000,0.000000,6,6,6,7,9,30,82,110,120,120,120,8831,0,5,15.555362810921723,2.237843000330031,954.5754110004054,64.06545125127393
1781571694,56,GET,/api/load/memory-light [GET],8.700000,0.000000,3,3,4,4,5,25,49,59,59,59,59,3425,0,2,10.28874402369303,1.299395997193642,858.2991319999564,50.0
1781571694,56,GET,/api/products [GET],12.100000,0.000000,2,2,3,3,4,9,41,44,51,51,51,5296,0,2,8.433599921588742,0.7687059987802058,852.6058299976285,120.0
1781571694,56,,Aggregated,41.200000,0.000000,4,5,6,6,8,24,51,59,120,120,120,17552,0,3,12.378800276272353,0.7687059987802058,954.5754110004054,78.19804010938924
1781571695,57,GET,/api/load/gc [GC-pressure],20.100000,0.000000,6,6,6,6,8,18,56,93,120,120,120,8850,0,5,15.53267503313876,2.237843000330031,954.5754110004054,64.06531073446328
1781571695,57,GET,/api/load/memory-light [GET],8.800000,0.000000,3,3,4,4,5,20,49,59,59,59,59,3433,0,2,10.270222052768506,1.299395997193642,858.2991319999564,50.0
1781571695,57,GET,/api/products [GET],12.800000,0.000000,2,2,3,3,3,4,41,44,51,51,51,5313,0,2,8.413775101962306,0.7687059987802058,852.6058299976285,120.0
1781571695,57,,Aggregated,41.700000,0.000000,3,5,6,6,7,10,44,56,120,120,120,17596,0,3,12.356457914705503,0.7687059987802058,954.5754110004054,78.21027506251421
1781571696,58,GET,/api/load/gc [GC-pressure],19.500000,0.000000,6,6,6,6,9,30,71,83,120,120,120,8876,0,5,15.522287742709569,2.237843000330031,954.5754110004054,64.0651194231636
1781571696,58,GET,/api/load/memory-light [GET],8.700000,0.000000,3,3,4,4,5,25,49,59,59,59,59,3439,0,2,10.257912967477703,1.299395997193642,858.2991319999564,50.0
1781571696,58,GET,/api/products [GET],12.900000,0.000000,2,2,3,3,4,5,51,66,74,74,74,5331,0,2,8.418157117372912,0.7687059987802058,852.6058299976285,120.0
1781571696,58,,Aggregated,41.100000,0.000000,4,5,6,6,7,25,56,74,120,120,120,17646,0,3,12.350106782962765,0.7687059987802058,954.5754110004054,78.22237334240054
1781571697,58,GET,/api/load/gc [GC-pressure],19.700000,0.000000,5,6,6,6,8,30,71,83,120,120,120,8896,0,5,15.498432321863174,2.237843000330031,954.5754110004054,64.06497302158273
1781571697,58,GET,/api/load/memory-light [GET],8.600000,0.000000,3,3,3,4,5,7,49,59,59,59,59,3447,0,2,10.24021893100598,1.299395997193642,858.2991319999564,50.0
1781571697,58,GET,/api/products [GET],13.200000,0.000000,2,2,2,3,3,5,51,66,74,74,74,5342,0,2,8.405674069397971,0.7687059987802058,852.6058299976285,120.0
1781571697,58,,Aggregated,41.500000,0.000000,3,5,6,6,7,18,56,74,120,120,120,17685,0,3,12.331082808549413,0.7687059987802058,954.5754110004054,78.219508057676
1781571698,59,GET,/api/load/gc [GC-pressure],19.800000,0.000000,5,6,6,6,8,30,71,83,120,120,120,8920,0,5,15.470437471783203,2.237843000330031,954.5754110004054,64.06479820627803
1781571698,59,GET,/api/load/memory-light [GET],8.300000,0.000000,3,3,3,4,4,5,49,59,59,59,59,3455,0,2,10.222771701933823,1.299395997193642,858.2991319999564,50.0
1781571698,59,GET,/api/products [GET],13.500000,0.000000,2,2,2,3,3,4,51,66,74,74,74,5359,0,2,8.385322268468377,0.7687059987802058,852.6058299976285,120.0
1781571698,59,,Aggregated,41.600000,0.000000,3,5,5,6,6,10,56,74,120,120,120,17734,0,3,12.307032847367179,0.7687059987802058,954.5754110004054,78.2275854291192
1781571699,60,GET,/api/load/gc [GC-pressure],20.500000,0.000000,5,6,6,6,7,10,54,71,83,83,83,8944,0,5,15.442569582660123,2.237843000330031,954.5754110004054,64.06462432915922
1781571699,60,GET,/api/load/memory-light [GET],8.300000,0.000000,3,3,3,3,4,5,5,59,59,59,59,3465,0,2,10.200512115206921,1.299395997193642,858.2991319999564,50.0
1781571699,60,GET,/api/products [GET],13.900000,0.000000,2,2,2,3,4,6,51,66,74,74,74,5377,0,2,8.375415298627416,0.7687059987802058,852.6058299976285,120.0
1781571699,60,,Aggregated,42.700000,0.000000,3,5,5,6,6,9,51,66,83,83,83,17786,0,3,12.284815297831088,0.7687059987802058,954.5754110004054,78.23479140897335
1781571700,61,GET,/api/load/gc [GC-pressure],21.500000,0.000000,5,6,6,6,6,8,41,71,83,83,83,8972,0,5,15.410242404291768,2.237843000330031,954.5754110004054,64.06442264823896
1781571700,61,GET,/api/load/memory-light [GET],8.200000,0.000000,3,3,3,3,4,4,5,5,5,5,5,3475,0,2,10.178915704514667,1.299395997193642,858.2991319999564,50.0
1781571700,61,GET,/api/products [GET],13.800000,0.000000,2,2,2,3,4,6,51,66,74,74,74,5389,0,2,8.361404364210852,0.7687059987802058,852.6058299976285,120.0
1781571700,61,,Aggregated,43.500000,0.000000,3,5,5,6,6,8,44,66,83,83,83,17836,0,3,12.26127130764894,0.7687059987802058,954.5754110004054,78.22471406144875
1781571701,62,GET,/api/load/gc [GC-pressure],21.100000,0.000000,5,6,6,6,6,7,8,39,83,83,83,8997,0,5,15.380562451852876,2.237843000330031,954.5754110004054,64.06424363676781
1781571701,62,GET,/api/load/memory-light [GET],7.400000,0.000000,3,3,3,3,3,4,4,4,4,4,4,3483,0,2,10.16193580223616,1.299395997193642,858.2991319999564,50.0
1781571701,62,GET,/api/products [GET],14.600000,0.000000,2,2,2,3,3,4,50,66,74,74,74,5401,0,2,8.347281927186543,0.7687059987802058,852.6058299976285,120.0
1781571701,62,,Aggregated,43.100000,0.000000,3,5,5,5,6,6,8,50,83,83,83,17881,0,3,12.239618168292791,0.7687059987802058,954.5754110004054,78.22023376768637
1781571702,62,GET,/api/load/gc [GC-pressure],21.400000,0.000000,5,6,6,6,6,8,39,83,87,87,87,9019,0,5,15.376337145618484,2.237843000330031,954.5754110004054,64.06419780463466
1781571702,62,GET,/api/load/memory-light [GET],7.300000,0.000000,3,3,3,3,3,4,4,33,33,33,33,3495,0,2,10.144862654987067,1.299395997193642,858.2991319999564,50.0
1781571702,62,GET,/api/products [GET],15.100000,0.000000,2,2,2,3,3,4,50,66,74,74,74,5419,0,2,8.33412476835751,0.7687059987802058,852.6058299976285,120.0
1781571702,62,,Aggregated,43.800000,0.000000,3,5,5,6,6,7,31,71,87,87,87,17933,0,3,12.228745988693596,0.7687059987802058,954.5754110004054,78.22589639212624
1781571703,63,GET,/api/load/gc [GC-pressure],21.800000,0.000000,5,6,6,6,6,8,71,83,87,87,87,9036,0,5,15.364793189721945,2.237843000330031,954.5754110004054,64.06407702523241
1781571703,63,GET,/api/load/memory-light [GET],7.800000,0.000000,3,3,3,3,4,4,51,80,80,80,80,3509,0,2,10.151044410425259,1.299395997193642,858.2991319999564,50.0
1781571703,63,GET,/api/products [GET],14.700000,0.000000,2,2,2,3,4,19,64,68,74,74,74,5435,0,2,8.352106993323643,0.7687059987802058,852.6058299976285,120.0
1781571703,63,,Aggregated,44.300000,0.000000,3,5,5,6,6,9,64,74,87,87,87,17980,0,3,12.227474282937916,0.7687059987802058,954.5754110004054,78.22764182424916
1781571704,64,GET,/api/load/gc [GC-pressure],22.200000,0.000000,5,6,6,6,6,9,71,83,87,87,87,9061,0,5,15.337512838349172,2.237843000330031,954.5754110004054,64.0639002317625
1781571704,64,GET,/api/load/memory-light [GET],8.400000,0.000000,3,3,3,3,4,4,51,80,80,80,80,3523,0,2,10.121054675606945,1.299395997193642,858.2991319999564,50.0
1781571704,64,GET,/api/products [GET],14.800000,0.000000,2,2,2,3,4,19,66,68,74,74,74,5445,0,2,8.340403106099362,0.7687059987802058,852.6058299976285,120.0
1781571704,64,,Aggregated,45.400000,0.000000,3,5,5,6,6,9,64,74,87,87,87,18029,0,3,12.204957255707813,0.7687059987802058,954.5754110004054,78.20916301514227
1781571705,65,GET,/api/load/gc [GC-pressure],22.800000,0.000000,5,6,6,6,7,9,71,83,87,87,87,9095,0,5,15.299034137686633,2.237843000330031,954.5754110004054,64.06366135239142
1781571705,65,GET,/api/load/memory-light [GET],8.900000,0.000000,3,3,3,3,4,4,33,51,80,80,80,3535,0,2,10.095269624937092,1.299395997193642,858.2991319999564,50.0
1781571705,65,GET,/api/products [GET],14.900000,0.000000,2,2,2,3,3,19,66,68,74,74,74,5459,0,2,8.3239187150976,0.7687059987802058,852.6058299976285,120.0
1781571705,65,,Aggregated,46.600000,0.000000,3,5,5,6,6,9,64,74,87,87,87,18089,0,3,12.177111276031308,0.7687059987802058,954.5754110004054,78.19608601912765
1781571706,65,GET,/api/load/gc [GC-pressure],23.300000,0.000000,5,6,6,6,7,8,20,72,87,87,87,9119,0,5,15.274871319251103,2.237843000330031,954.5754110004054,64.06360346529225
1781571706,65,GET,/api/load/memory-light [GET],9.300000,0.000000,3,3,3,3,4,4,33,51,80,80,80,3544,0,2,10.076404043779567,1.299395997193642,858.2991319999564,50.0
1781571706,65,GET,/api/products [GET],15.200000,0.000000,2,2,2,3,3,15,61,64,68,68,68,5470,0,2,8.311028854606054,0.7687059987802058,852.6058299976285,120.0
1781571706,65,,Aggregated,47.800000,0.000000,3,5,5,6,6,8,33,68,87,87,87,18133,0,3,12.158145664043495,0.7687059987802058,954.5754110004054,78.18871670435118
1781571707,66,GET,/api/load/gc [GC-pressure],23.100000,0.000000,5,6,6,6,7,8,20,72,87,87,87,9150,0,5,15.239732878827686,2.237843000330031,954.5754110004054,64.06338797814207
1781571707,66,GET,/api/load/memory-light [GET],9.900000,0.000000,3,3,3,3,4,5,33,51,80,80,80,3554,0,2,10.058323842755915,1.299395997193642,858.2991319999564,50.0
1781571707,66,GET,/api/products [GET],14.800000,0.000000,2,2,2,2,3,15,61,64,68,68,68,5485,0,2,8.293117867404018,0.7687059987802058,852.6058299976285,120.0
1781571707,66,,Aggregated,47.800000,0.000000,3,5,5,6,6,8,33,68,87,87,87,18189,0,3,12.132530116066793,0.7687059987802058,954.5754110004054,78.18351751058331
1781571708,67,GET,/api/load/gc [GC-pressure],24.000000,0.000000,5,6,6,6,7,9,20,72,87,87,87,9173,0,5,15.217935250001416,2.237843000330031,954.5754110004054,64.06322904175298
1781571708,67,GET,/api/load/memory-light [GET],10.400000,0.000000,3,3,3,3,4,7,41,51,80,80,80,3566,0,2,10.05398774597766,1.299395997193642,858.2991319999564,50.0
1781571708,67,GET,/api/products [GET],14.100000,0.000000,2,2,2,2,3,15,61,64,68,68,68,5497,0,2,8.288159987032623,0.7687059987802058,852.6058299976285,120.0
1781571708,67,,Aggregated,48.500000,0.000000,3,5,5,6,6,10,33,68,87,87,87,18236,0,3,12.119250701861025,0.7687059987802058,954.5754110004054,78.17459969291511
1781571709,68,GET,/api/load/gc [GC-pressure],24.600000,0.000000,5,6,6,6,7,9,20,72,87,87,87,9205,0,5,15.184105003068865,2.237843000330031,954.5754110004054,64.0630092341119
1781571709,68,GET,/api/load/memory-light [GET],10.500000,0.000000,3,3,3,4,5,7,41,51,80,80,80,3572,0,2,10.04135896560658,1.299395997193642,858.2991319999564,50.0
1781571709,68,GET,/api/products [GET],14.100000,0.000000,2,2,2,2,3,15,61,64,68,68,68,5517,0,2,8.265477480644549,0.7687059987802058,852.6058299976285,120.0
1781571709,68,,Aggregated,49.200000,0.000000,3,5,5,6,6,10,33,64,87,87,87,18294,0,3,12.093476551826368,0.7687059987802058,954.5754110004054,78.18629058707774
1781571710,69,GET,/api/load/gc [GC-pressure],25.100000,0.000000,5,6,6,6,7,9,20,72,87,87,87,9231,0,5,15.155631764409025,2.237843000330031,954.5754110004054,64.06283176253928
1781571710,69,GET,/api/load/memory-light [GET],10.900000,0.000000,3,3,3,4,4,7,41,51,80,80,80,3586,0,2,10.011780151464997,1.299395997193642,858.2991319999564,50.0
1781571710,69,GET,/api/products [GET],14.100000,0.000000,2,2,2,2,3,15,61,64,68,68,68,5530,0,2,8.250717705736013,0.7687059987802058,852.6058299976285,120.0
1781571710,69,,Aggregated,50.100000,0.000000,3,5,5,6,6,10,33,64,87,87,87,18347,0,3,12.069022148205883,0.7687059987802058,954.5754110004054,78.17430642611872
1781571711,69,GET,/api/load/gc [GC-pressure],25.600000,0.000000,5,6,6,6,8,9,20,72,87,87,87,9261,0,5,15.12266289021264,2.237843000330031,954.5754110004054,64.06262822589353
1781571711,69,GET,/api/load/memory-light [GET],11.200000,0.000000,3,3,3,4,5,7,41,51,80,80,80,3601,0,2,9.98167741242679,1.299395997193642,858.2991319999564,50.0
1781571711,69,GET,/api/products [GET],13.400000,0.000000,2,2,2,2,3,15,61,64,68,68,68,5543,0,2,8.235341667095742,0.7687059987802058,852.6058299976285,120.0
1781571711,69,,Aggregated,50.200000,0.000000,3,5,5,6,6,10,33,64,87,87,87,18405,0,3,12.04256996735234,0.7687059987802058,954.5754110004054,78.15778321108394
1781571712,70,GET,/api/load/gc [GC-pressure],26.600000,0.000000,5,6,6,6,7,8,11,22,72,72,72,9283,0,5,15.098772788995769,2.237843000330031,954.5754110004054,64.06247980178821
1781571712,70,GET,/api/load/memory-light [GET],10.700000,0.000000,3,3,3,3,4,6,33,41,51,51,51,3609,0,2,9.964904723785232,1.299395997193642,858.2991319999564,50.0
1781571712,70,GET,/api/products [GET],14.200000,0.000000,2,2,2,2,3,4,28,61,68,68,68,5568,0,2,8.207461901709697,0.7687059987802058,852.6058299976285,120.0
1781571712,70,,Aggregated,51.500000,0.000000,3,5,5,6,6,8,14,33,72,72,72,18460,0,3,12.016489535054616,0.7687059987802058,954.5754110004054,78.18537378114843
1781571713,71,GET,/api/load/gc [GC-pressure],25.700000,0.000000,5,6,6,6,7,8,10,13,24,24,24,9308,0,5,15.072458164402065,2.237843000330031,954.5754110004054,64.0623119896863
1781571713,71,GET,/api/load/memory-light [GET],11.400000,0.000000,3,3,3,3,4,6,7,33,41,41,41,3615,0,2,9.952226770718267,1.299395997193642,858.2991319999564,50.0
1781571713,71,GET,/api/products [GET],14.200000,0.000000,2,2,2,2,3,3,10,14,28,28,28,5586,0,2,8.18734023052722,0.7687059987802058,852.6058299976285,120.0
1781571713,71,,Aggregated,51.300000,0.000000,3,5,5,6,6,7,10,14,41,41,41,18509,0,3,11.994501210120806,0.7687059987802058,954.5754110004054,78.19774163920255
1781571714,72,GET,/api/load/gc [GC-pressure],26.300000,0.000000,5,6,6,6,7,8,10,13,24,24,24,9334,0,5,15.044810932746632,2.237843000330031,954.5754110004054,64.06213841868438
1781571714,72,GET,/api/load/memory-light [GET],11.700000,0.000000,2,3,3,3,4,6,33,41,41,41,41,3625,0,2,9.931366996454267,1.299395997193642,858.2991319999564,50.0
1781571714,72,GET,/api/products [GET],14.200000,0.000000,2,2,2,2,3,3,4,14,28,28,28,5605,0,2,8.165729188711648,0.7687059987802058,852.6058299976285,120.0
1781571714,72,,Aggregated,52.200000,0.000000,3,5,5,5,6,7,10,14,41,41,41,18564,0,3,11.969316026240712,0.7687059987802058,954.5754110004054,78.20545141133377
1781571715,72,GET,/api/load/gc [GC-pressure],26.600000,0.000000,5,6,6,6,7,8,11,13,24,24,24,9363,0,5,15.015190627070147,2.237843000330031,954.5754110004054,64.06205276086725
1781571715,72,GET,/api/load/memory-light [GET],11.100000,0.000000,2,3,3,3,5,7,33,41,41,41,41,3637,0,2,9.908627997840163,1.299395997193642,858.2991319999564,50.0
1781571715,72,GET,/api/products [GET],15.000000,0.000000,2,2,2,2,3,3,4,14,28,28,28,5618,0,2,8.150975855415851,0.7687059987802058,852.6058299976285,120.0
1781571715,72,,Aggregated,52.700000,0.000000,3,5,5,6,6,7,10,14,41,41,41,18618,0,3,11.94634720298253,0.7687059987802058,954.5754110004054,78.19438178107208
1781571716,73,GET,/api/load/gc [GC-pressure],26.600000,0.000000,5,6,6,6,7,8,10,13,24,24,24,9391,0,5,14.985878252396445,2.237843000330031,954.5754110004054,64.06186774571398
1781571716,73,GET,/api/load/memory-light [GET],10.500000,0.000000,2,3,3,3,4,6,33,41,41,41,41,3643,0,2,9.896429054388467,1.299395997193642,858.2991319999564,50.0
1781571716,73,GET,/api/products [GET],15.500000,0.000000,2,2,2,2,3,3,5,14,28,28,28,5640,0,2,8.12773195828555,0.7687059987802058,852.6058299976285,120.0
1781571716,73,,Aggregated,52.600000,0.000000,3,5,5,5,6,7,10,13,41,41,41,18674,0,3,11.921681587133056,0.7687059987802058,954.5754110004054,78.2132912070258
1781571717,74,GET,/api/load/gc [GC-pressure],27.100000,0.000000,5,6,6,6,7,8,10,13,24,24,24,9420,0,5,14.95506809641968,2.237843000330031,954.5754110004054,64.06167728237791
1781571717,74,GET,/api/load/memory-light [GET],10.200000,0.000000,3,3,3,3,4,5,7,33,41,41,41,3658,0,2,9.867989291455062,1.299395997193642,858.2991319999564,50.0
1781571717,74,GET,/api/products [GET],16.000000,0.000000,2,2,2,2,3,4,5,14,28,28,28,5656,0,2,8.110692238989975,0.7687059987802058,852.6058299976285,120.0
1781571717,74,,Aggregated,53.300000,0.000000,3,5,5,5,6,7,10,13,41,41,41,18734,0,3,11.895373203808226,0.7687059987802058,954.5754110004054,78.20438774420839
1781571718,75,GET,/api/load/gc [GC-pressure],27.000000,0.000000,5,6,6,6,6,7,9,11,13,13,13,9445,0,5,14.929422844602401,2.237843000330031,954.5754110004054,64.06151402858656
1781571718,75,GET,/api/load/memory-light [GET],9.900000,0.000000,2,3,3,3,4,4,5,7,7,7,7,3672,0,2,9.839608388923299,1.299395997193642,858.2991319999564,50.0
1781571718,75,GET,/api/products [GET],16.600000,0.000000,2,2,2,2,3,3,4,5,5,5,5,5674,0,2,8.092720860193003,0.7687059987802058,852.6058299976285,120.0
1781571718,75,,Aggregated,53.500000,0.000000,3,5,5,5,6,6,8,9,13,13,13,18791,0,3,11.87044536917307,0.7687059987802058,954.5754110004054,78.20451279868021
1781571719,76,GET,/api/load/gc [GC-pressure],26.700000,0.000000,5,5,6,6,6,7,9,13,68,68,68,9474,0,5,14.90941092329182,2.237843000330031,954.5754110004054,64.06132573358666
1781571719,76,GET,/api/load/memory-light [GET],9.800000,0.000000,2,3,3,3,4,4,5,7,7,7,7,3687,0,2,9.810279653138098,1.299395997193642,858.2991319999564,50.0
1781571719,76,GET,/api/products [GET],17.200000,0.000000,2,2,2,2,3,3,5,5,10,10,10,5690,0,2,8.076808139496043,0.7687059987802058,852.6058299976285,120.0
1781571719,76,,Aggregated,53.700000,0.000000,3,5,5,5,6,7,8,10,68,68,68,18851,0,3,11.849732029182501,0.7687059987802058,954.5754110004054,78.19569253620497
1781571720,76,GET,/api/load/gc [GC-pressure],26.800000,0.000000,5,6,6,6,6,7,9,13,68,68,68,9500,0,5,14.88265098339731,2.237843000330031,954.5754110004054,64.06115789473684
1781571720,76,GET,/api/load/memory-light [GET],10.200000,0.000000,2,3,3,3,4,4,5,7,7,7,7,3704,0,2,9.777001505432489,1.299395997193642,858.2991319999564,50.0
1781571720,76,GET,/api/products [GET],17.300000,0.000000,2,2,2,2,3,3,5,5,10,10,10,5710,0,2,8.055115499426778,0.7687059987802058,852.6058299976285,120.0
1781571720,76,,Aggregated,54.300000,0.000000,3,5,5,5,6,7,8,10,68,68,68,18914,0,3,11.821608724760669,0.7687059987802058,954.5754110004054,78.19504071058475
1781571721,77,GET,/api/load/gc [GC-pressure],27.700000,0.000000,5,6,6,6,6,7,10,13,68,68,68,9532,0,5,14.849674513351763,2.237843000330031,954.5754110004054,64.06095258078052
1781571721,77,GET,/api/load/memory-light [GET],10.800000,0.000000,2,3,3,3,3,4,5,5,7,7,7,3719,0,2,9.747214592664125,1.299395997193642,858.2991319999564,50.0
1781571721,77,GET,/api/products [GET],17.800000,0.000000,2,2,2,2,3,3,5,7,10,10,10,5731,0,2,8.033140362719157,0.7687059987802058,852.6058299976285,120.0
1781571721,77,,Aggregated,56.300000,0.000000,3,5,5,5,6,7,8,10,68,68,68,18982,0,3,11.791956377100957,0.7687059987802058,954.5754110004054,78.19507954904647
1781571722,78,GET,/api/load/gc [GC-pressure],26.500000,0.000000,5,6,6,6,7,8,11,34,68,68,68,9568,0,5,14.818615006297357,2.237843000330031,954.5754110004054,64.06093227424749
1781571722,78,GET,/api/load/memory-light [GET],11.600000,0.000000,3,3,3,3,4,5,5,7,22,22,22,3730,0,2,9.733689318264519,1.299395997193642,858.2991319999564,50.0
1781571722,78,GET,/api/products [GET],17.200000,0.000000,2,2,2,2,3,3,5,7,10,10,10,5749,0,2,8.015046212512784,0.7687059987802058,852.6058299976285,120.0
1781571722,78,,Aggregated,55.300000,0.000000,3,5,5,5,6,7,9,13,68,68,68,19047,0,3,11.76929018811969,0.7687059987802058,954.5754110004054,78.1915787263086
1781571723,79,GET,/api/load/gc [GC-pressure],27.800000,0.000000,5,6,6,6,7,8,11,34,68,68,68,9600,0,5,14.786696209503893,2.237843000330031,954.5754110004054,64.06072916666666
1781571723,79,GET,/api/load/memory-light [GET],11.500000,0.000000,3,3,3,3,4,5,5,7,22,22,22,3740,0,2,9.714147717147078,1.299395997193642,858.2991319999564,50.0
1781571723,79,GET,/api/products [GET],18.200000,0.000000,2,2,2,2,3,4,5,7,10,10,10,5768,0,2,7.995175288793618,0.7687059987802058,852.6058299976285,120.0
1781571723,79,,Aggregated,57.500000,0.000000,3,5,5,5,6,7,9,13,68,68,68,19108,0,3,11.743739121788206,0.7687059987802058,954.5754110004054,78.19463052124765
1781571724,79,GET,/api/load/gc [GC-pressure],27.200000,0.000000,5,6,6,6,7,8,11,34,68,68,68,9636,0,5,14.749754252825225,2.237843000330031,954.5754110004054,64.06050228310502
1781571724,79,GET,/api/load/memory-light [GET],11.800000,0.000000,3,3,3,3,4,4,5,7,22,22,22,3749,0,2,9.696553795446974,1.299395997193642,858.2991319999564,50.0
1781571724,79,GET,/api/products [GET],19.300000,0.000000,2,2,2,2,3,3,5,7,10,10,10,5789,0,2,7.973010667258043,0.7687059987802058,852.6058299976285,120.0
1781571724,79,,Aggregated,58.300000,0.000000,3,5,5,5,6,7,9,11,68,68,68,19174,0,3,11.715696824455586,0.7687059987802058,954.5754110004054,78.20053197037655
1781571725,80,GET,/api/load/gc [GC-pressure],28.500000,0.000000,5,6,6,6,7,8,10,30,68,68,68,9669,0,5,14.717569007883574,2.237843000330031,954.5754110004054,64.06039921398283
1781571725,80,GET,/api/load/memory-light [GET],12.200000,0.000000,3,3,3,3,3,4,5,5,22,22,22,3759,0,2,9.677978331505512,1.299395997193642,858.2991319999564,50.0
1781571725,80,GET,/api/products [GET],18.000000,0.000000,2,2,2,2,3,4,7,7,10,10,10,5808,0,2,7.953884064352944,0.7687059987802058,852.6058299976285,120.0
1781571725,80,,Aggregated,58.700000,0.000000,3,5,5,5,6,7,9,11,68,68,68,19236,0,3,11.690572568679423,0.7687059987802058,954.5754110004054,78.20284882511957
1781571726,80,GET,/api/load/gc [GC-pressure],29.400000,0.000000,5,6,6,6,7,9,34,57,68,68,68,9704,0,5,14.706349044128446,2.237843000330031,954.5754110004054,64.06059356966199
1781571726,80,GET,/api/load/memory-light [GET],12.600000,0.000000,3,3,3,3,4,5,22,37,45,45,45,3768,0,2,9.681681743402114,1.299395997193642,858.2991319999564,50.0
1781571726,80,GET,/api/products [GET],18.000000,0.000000,2,2,2,2,3,5,7,18,32,32,32,5830,0,2,7.9407872874324195,0.7687059987802058,852.6058299976285,120.0
1781571726,80,,Aggregated,60.000000,0.000000,3,5,5,6,6,7,22,37,68,68,68,19302,0,3,11.681990354320414,0.7687059987802058,954.5754110004054,78.21179152419438
1781571727,80,GET,/api/load/gc [GC-pressure],30.200000,0.000000,5,6,6,6,7,11,36,57,68,68,68,9736,0,5,14.68226241764986,2.237843000330031,954.5754110004054,64.0604971240756
1781571727,80,GET,/api/load/memory-light [GET],12.300000,0.000000,3,3,3,3,4,5,22,37,45,45,45,3779,0,2,9.66471052477541,1.299395997193642,858.2991319999564,50.0
1781571727,80,GET,/api/products [GET],18.400000,0.000000,2,2,2,3,3,5,10,32,48,48,48,5847,0,2,7.931497456599055,0.7687059987802058,852.6058299976285,120.0
1781571727,80,,Aggregated,60.900000,0.000000,3,5,5,6,6,8,32,45,68,68,68,19362,0,3,11.664338064254725,0.7687059987802058,954.5754110004054,78.20901766346452
1781571728,80,GET,/api/load/gc [GC-pressure],31.000000,0.000000,5,6,6,6,7,10,36,57,68,68,68,9760,0,5,14.65857332574294,2.237843000330031,954.5754110004054,64.06034836065574
1781571728,80,GET,/api/load/memory-light [GET],12.200000,0.000000,3,3,3,3,4,6,37,45,57,57,57,3792,0,2,9.656037304090658,1.299395997193642,858.2991319999564,50.0
1781571728,80,GET,/api/products [GET],18.400000,0.000000,2,2,2,2,3,5,10,32,48,48,48,5869,0,2,7.90843844705237,0.7687059987802058,852.6058299976285,120.0
1781571728,80,,Aggregated,61.600000,0.000000,3,5,5,6,6,8,32,47,68,68,68,19421,0,3,11.641933698682521,0.7687059987802058,954.5754110004054,78.2199165851398
1781571729,80,GET,/api/load/gc [GC-pressure],31.300000,0.000000,5,6,6,6,7,10,34,47,65,65,65,9794,0,5,14.624426813484662,2.237843000330031,954.5754110004054,64.06013886052685
1781571729,80,GET,/api/load/memory-light [GET],12.400000,0.000000,3,3,3,3,4,6,37,45,57,57,57,3807,0,2,9.627760973502543,1.299395997193642,858.2991319999564,50.0
1781571729,80,GET,/api/products [GET],18.400000,0.000000,2,2,2,2,3,5,7,32,48,48,48,5886,0,2,7.892609505052291,0.7687059987802058,852.6058299976285,120.0
1781571729,80,,Aggregated,62.100000,0.000000,3,5,5,5,6,8,30,45,65,65,65,19487,0,3,11.614944413410516,0.7687059987802058,954.5754110004054,78.20983219582286
1781571730,80,GET,/api/load/gc [GC-pressure],31.400000,0.000000,5,5,6,6,7,10,34,47,65,65,65,9823,0,5,14.596899840097224,2.237843000330031,954.5754110004054,64.05996131528046
1781571730,80,GET,/api/load/memory-light [GET],12.000000,0.000000,3,3,3,3,4,6,37,45,57,57,57,3820,0,2,9.605266988776162,1.299395997193642,858.2991319999564,50.0
1781571730,80,GET,/api/products [GET],18.900000,0.000000,2,2,2,3,3,5,7,32,48,48,48,5902,0,2,7.8764706444832076,0.7687059987802058,852.6058299976285,120.0
1781571730,80,,Aggregated,62.300000,0.000000,3,5,5,5,6,8,30,45,65,65,65,19545,0,3,11.591936391411608,0.7687059987802058,954.5754110004054,78.20419544640573
1781571731,80,GET,/api/load/gc [GC-pressure],30.900000,0.000000,5,5,6,6,7,10,36,47,65,65,65,9857,0,5,14.56751477369278,2.237843000330031,954.5754110004054,64.05985593994116
1781571731,80,GET,/api/load/memory-light [GET],11.800000,0.000000,3,3,3,3,5,6,37,45,57,57,57,3835,0,2,9.57725043419387,1.299395997193642,858.2991319999564,50.0
1781571731,80,GET,/api/products [GET],19.600000,0.000000,2,2,2,3,3,6,18,36,48,48,48,5926,0,2,7.8634521687042485,0.7687059987802058,852.6058299976285,120.0
1781571731,80,,Aggregated,62.300000,0.000000,3,5,5,6,6,9,34,45,65,65,65,19618,0,3,11.566906213230942,0.7687059987802058,954.5754110004054,78.20919563666021
1781571732,80,GET,/api/load/gc [GC-pressure],32.100000,0.000000,5,5,6,6,7,9,36,47,65,65,65,9881,0,5,14.543462251012537,2.237843000330031,954.5754110004054,64.05971055561179
1781571732,80,GET,/api/load/memory-light [GET],12.100000,0.000000,3,3,3,3,4,6,37,45,57,57,57,3847,0,2,9.555696670685537,1.299395997193642,858.2991319999564,50.0
1781571732,80,GET,/api/products [GET],19.600000,0.000000,2,2,2,3,3,6,18,36,48,48,48,5938,0,2,7.851507123565693,0.7687059987802058,852.6058299976285,120.0
1781571732,80,,Aggregated,63.800000,0.000000,3,5,5,5,6,8,32,45,65,65,65,19666,0,3,11.547186255167052,0.7687059987802058,954.5754110004054,78.20014237770772
1781571733,80,GET,/api/load/gc [GC-pressure],31.900000,0.000000,5,5,6,6,7,11,41,57,88,88,88,9910,0,5,14.527660938571644,2.237843000330031,954.5754110004054,64.05963673057518
1781571733,80,GET,/api/load/memory-light [GET],11.600000,0.000000,3,3,3,3,4,6,37,45,57,57,57,3860,0,2,9.533242947443306,1.299395997193642,858.2991319999564,50.0
1781571733,80,GET,/api/products [GET],19.000000,0.000000,2,2,2,3,3,6,32,39,48,48,48,5964,0,2,7.832255571050306,0.7687059987802058,852.6058299976285,120.0
1781571733,80,,Aggregated,62.500000,0.000000,3,5,5,5,6,9,36,48,88,88,88,19734,0,3,11.527263094361011,0.7687059987802058,954.5754110004054,78.21582041147259
1781571734,80,GET,/api/load/gc [GC-pressure],32.400000,0.000000,5,5,6,6,7,12,47,60,88,88,88,9946,0,5,14.501824759324677,2.237843000330031,954.5754110004054,64.05942087271265
1781571734,80,GET,/api/load/memory-light [GET],11.500000,0.000000,3,3,3,3,4,5,37,45,57,57,57,3873,0,2,9.509405061992627,1.299395997193642,858.2991319999564,50.0
1781571734,80,GET,/api/products [GET],18.800000,0.000000,2,2,2,3,4,6,32,39,48,48,48,5980,0,2,7.816944820528243,0.7687059987802058,852.6058299976285,120.0
1781571734,80,,Aggregated,62.700000,0.000000,3,5,5,5,6,9,37,49,88,88,88,19799,0,3,11.506157123496115,0.7687059987802058,954.5754110004054,78.20521238446386
1781571735,80,GET,/api/load/gc [GC-pressure],31.100000,0.000000,5,5,6,6,7,11,47,60,88,88,88,9981,0,5,14.468685634331093,2.237843000330031,954.5754110004054,64.05921250375714
1781571735,80,GET,/api/load/memory-light [GET],11.600000,0.000000,3,3,3,3,4,5,37,45,57,57,57,3886,0,2,9.485393896324945,1.299395997193642,858.2991319999564,50.0
1781571735,80,GET,/api/products [GET],18.900000,0.000000,2,2,2,3,3,6,32,39,48,48,48,5998,0,2,7.7986275369711295,0.7687059987802058,852.6058299976285,120.0
1781571735,80,,Aggregated,61.600000,0.000000,3,5,5,5,6,9,37,49,88,88,88,19865,0,3,11.479907372974086,0.7687059987802058,954.5754110004054,78.19959728165115
1781571736,80,GET,/api/load/gc [GC-pressure],30.700000,0.000000,5,5,6,6,7,9,19,47,88,88,88,10023,0,5,14.429530933380564,2.237843000330031,954.5754110004054,64.05896438192158
1781571736,80,GET,/api/load/memory-light [GET],11.800000,0.000000,3,3,3,3,3,5,6,16,57,57,57,3893,0,2,9.47225732240578,1.299395997193642,858.2991319999564,50.0
1781571736,80,GET,/api/products [GET],19.300000,0.000000,2,2,2,2,3,5,17,39,48,48,48,6010,0,2,7.786680318928671,0.7687059987802058,852.6058299976285,120.0
1781571736,80,,Aggregated,61.800000,0.000000,3,5,5,5,6,8,16,41,88,88,88,19926,0,3,11.457424220523958,0.7687059987802058,954.5754110004054,78.18493425674997
1781571737,80,GET,/api/load/gc [GC-pressure],30.900000,0.000000,5,5,6,6,6,8,19,49,88,88,88,10050,0,5,14.41306863067656,2.237843000330031,954.5754110004054,64.05900497512438
1781571737,80,GET,/api/load/memory-light [GET],12.400000,0.000000,3,3,3,3,3,4,6,6,57,57,57,3905,0,2,9.45100381719017,1.299395997193642,858.2991319999564,50.0
1781571737,80,GET,/api/products [GET],19.100000,0.000000,2,2,2,2,3,5,9,36,39,39,39,6027,0,2,7.770545881162791,0.7687059987802058,852.6058299976285,120.0
1781571737,80,,Aggregated,62.400000,0.000000,3,5,5,5,6,7,10,39,88,88,88,19982,0,3,11.439825326303433,0.7687059987802058,954.5754110004054,78.18451606445801
1781571738,80,GET,/api/load/gc [GC-pressure],30.700000,0.000000,5,5,6,6,7,10,49,72,88,88,88,10092,0,5,14.398564546107895,2.237843000330031,954.5754110004054,64.05885850178359
1781571738,80,GET,/api/load/memory-light [GET],12.700000,0.000000,2,3,3,3,3,4,6,35,55,55,55,3914,0,2,9.456092251946075,1.299395997193642,858.2991319999564,50.0
1781571738,80,GET,/api/products [GET],18.900000,0.000000,2,2,2,2,3,9,36,65,70,70,70,6051,0,2,7.779699937001411,0.7687059987802058,852.6058299976285,120.0
1781571738,80,,Aggregated,62.300000,0.000000,3,5,5,5,6,9,36,65,88,88,88,20057,0,3,11.437225048224228,0.7687059987802058,954.5754110004054,78.19225208156753
1781571739,80,GET,/api/load/gc [GC-pressure],32.200000,0.000000,5,5,6,6,7,10,49,72,88,88,88,10109,0,5,14.382263599200128,2.237843000330031,954.5754110004054,64.05875952121872
1781571739,80,GET,/api/load/memory-light [GET],12.400000,0.000000,2,3,3,3,4,5,9,35,55,55,55,3930,0,2,9.431358467967533,1.299395997193642,858.2991319999564,50.0
1781571739,80,GET,/api/products [GET],18.100000,0.000000,2,2,2,2,3,6,36,65,70,70,70,6074,0,2,7.757840435925259,0.7687059987802058,852.6058299976285,120.0
1781571739,80,,Aggregated,62.700000,0.000000,3,5,5,5,6,9,36,65,88,88,88,20113,0,3,11.414342182232215,0.7687059987802058,954.5754110004054,78.20563814448367
1781571740,80,GET,/api/load/gc [GC-pressure],31.500000,0.000000,5,5,6,6,7,10,49,72,88,88,88,10146,0,5,14.351403626189343,2.237843000330031,954.5754110004054,64.05864380051251
1781571740,80,GET,/api/load/memory-light [GET],12.600000,0.000000,2,3,3,3,4,5,9,35,55,55,55,3944,0,2,9.407194117171516,1.299395997193642,858.2991319999564,50.0
1781571740,80,GET,/api/products [GET],17.900000,0.000000,2,2,2,2,3,9,36,65,70,70,70,6089,0,2,7.746153177502698,0.7687059987802058,852.6058299976285,120.0
1781571740,80,,Aggregated,62.000000,0.000000,3,5,5,5,6,9,37,65,88,88,88,20179,0,3,11.391924351417586,0.7687059987802058,954.5754110004054,78.19113930323604
1781571741,80,GET,/api/load/gc [GC-pressure],32.900000,0.000000,5,5,6,6,7,9,49,72,88,88,88,10172,0,5,14.327122761137032,2.237843000330031,954.5754110004054,64.05849390483681
1781571741,80,GET,/api/load/memory-light [GET],12.300000,0.000000,2,3,3,3,3,5,9,35,55,55,55,3957,0,2,9.38393681580179,1.299395997193642,858.2991319999564,50.0
1781571741,80,GET,/api/products [GET],18.100000,0.000000,2,2,2,2,3,6,26,65,70,70,70,6108,0,2,7.727781491784309,0.7687059987802058,852.6058299976285,120.0
1781571741,80,,Aggregated,63.300000,0.000000,3,5,5,5,6,8,35,65,88,88,88,20237,0,3,11.36873153423097,0.7687059987802058,954.5754110004054,78.19405050155656
1781571742,80,GET,/api/load/gc [GC-pressure],31.400000,0.000000,5,5,6,6,7,9,49,72,88,88,88,10209,0,5,14.292501508008462,2.237843000330031,954.5754110004054,64.05828190812029
1781571742,80,GET,/api/load/memory-light [GET],12.300000,0.000000,2,3,3,3,4,5,9,35,55,55,55,3967,0,2,9.367627307315882,1.299395997193642,858.2991319999564,50.0
1781571742,80,GET,/api/products [GET],18.700000,0.000000,2,2,2,2,3,6,26,65,70,70,70,6125,0,2,7.711222384625105,0.7687059987802058,852.6058299976285,120.0
1781571742,80,,Aggregated,62.400000,0.000000,3,5,5,5,6,8,35,65,88,88,88,20301,0,3,11.344503351027498,0.7687059987802058,954.5754110004054,78.18930101965421
1781571743,80,GET,/api/load/gc [GC-pressure],32.100000,0.000000,5,5,6,6,7,14,41,78,86,86,86,10238,0,5,14.290540091158276,2.237843000330031,954.5754110004054,64.05821449501856
1781571743,80,GET,/api/load/memory-light [GET],12.500000,0.000000,2,3,3,3,4,5,35,55,72,72,72,3982,0,2,9.36926762534874,1.299395997193642,858.2991319999564,50.0
1781571743,80,GET,/api/products [GET],18.500000,0.000000,2,2,2,2,3,16,65,71,76,76,76,6148,0,2,7.7301522688391415,0.7687059987802058,852.6058299976285,120.0
1781571743,80,,Aggregated,63.100000,0.000000,3,5,5,6,6,11,55,72,86,86,86,20368,0,3,11.348190754430487,0.7687059987802058,954.5754110004054,78.19560094265515
1781571744,80,GET,/api/load/gc [GC-pressure],31.600000,0.000000,5,5,6,6,7,15,55,78,86,86,86,10271,0,5,14.269503415273187,2.237843000330031,954.5754110004054,64.05812481744718
1781571744,80,GET,/api/load/memory-light [GET],12.200000,0.000000,2,3,3,3,5,9,42,55,72,72,72,3992,0,2,9.363188388313588,1.299395997193642,858.2991319999564,50.0
1781571744,80,GET,/api/products [GET],18.400000,0.000000,2,2,2,2,3,19,65,71,76,76,76,6167,0,2,7.720947867333835,0.7687059987802058,852.6058299976285,120.0
1781571744,80,,Aggregated,62.200000,0.000000,3,5,5,5,6,16,56,72,86,86,86,20430,0,3,11.334067700551469,0.7687059987802058,954.5754110004054,78.19779735682819
1781571745,80,GET,/api/load/gc [GC-pressure],32.800000,0.000000,5,5,6,6,6,15,55,78,86,86,86,10307,0,5,14.236933314181098,2.237843000330031,954.5754110004054,64.05792180071796
1781571745,80,GET,/api/load/memory-light [GET],12.100000,0.000000,2,3,3,3,5,9,42,55,72,72,72,4006,0,2,9.33884360787555,1.299395997193642,858.2991319999564,50.0
1781571745,80,GET,/api/products [GET],18.600000,0.000000,2,2,2,2,3,19,65,71,76,76,76,6183,0,2,7.705215476766466,0.7687059987802058,852.6058299976285,120.0
1781571745,80,,Aggregated,63.500000,0.000000,3,5,5,5,6,16,56,72,86,86,86,20496,0,3,11.30917381222,0.7687059987802058,954.5754110004054,78.18623145979703
1781571746,80,GET,/api/load/gc [GC-pressure],32.600000,0.000000,5,5,6,6,6,19,55,78,86,86,86,10340,0,5,14.2074865364853,2.237843000330031,954.5754110004054,64.05773694390716
1781571746,80,GET,/api/load/memory-light [GET],12.300000,0.000000,3,3,3,3,5,9,42,55,72,72,72,4018,0,2,9.320237823334743,1.299395997193642,858.2991319999564,50.0
1781571746,80,GET,/api/products [GET],18.400000,0.000000,2,2,2,2,3,19,65,71,76,76,76,6201,0,2,7.688343857740161,0.7687059987802058,852.6058299976285,120.0
1781571746,80,,Aggregated,63.300000,0.000000,3,5,5,5,6,16,56,72,86,86,86,20559,0,3,11.286032716730567,0.7687059987802058,954.5754110004054,78.1836178802471
1781571747,80,GET,/api/load/gc [GC-pressure],32.800000,0.000000,5,5,6,6,6,14,41,72,86,86,86,10374,0,5,14.177749467731326,2.237843000330031,954.5754110004054,64.05754771544245
1781571747,80,GET,/api/load/memory-light [GET],11.900000,0.000000,3,3,3,3,5,9,42,55,72,72,72,4030,0,2,9.301722150159264,1.299395997193642,858.2991319999564,50.0
1781571747,80,GET,/api/products [GET],18.700000,0.000000,2,2,2,2,3,19,65,71,76,76,76,6226,0,2,7.664706506563082,0.7687059987802058,852.6058299976285,120.0
1781571747,80,,Aggregated,63.400000,0.000000,3,5,5,5,6,14,55,71,86,86,86,20630,0,3,11.259640133458475,0.7687059987802058,954.5754110004054,78.1945225399903
1781571748,80,GET,/api/load/gc [GC-pressure],32.700000,0.000000,5,5,6,6,6,7,30,41,86,86,86,10404,0,5,14.15029658211009,2.237843000330031,954.5754110004054,64.05738177623991
1781571748,80,GET,/api/load/memory-light [GET],12.000000,0.000000,2,3,3,3,5,5,35,42,72,72,72,4047,0,2,9.273090848568486,1.299395997193642,858.2991319999564,50.0
1781571748,80,GET,/api/products [GET],18.600000,0.000000,2,2,2,2,3,4,56,71,76,76,76,6245,0,2,7.6471248598676755,0.7687059987802058,852.6058299976285,120.0
1781571748,80,,Aggregated,63.300000,0.000000,3,5,5,5,6,7,35,64,86,86,86,20696,0,3,11.23425681553458,0.7687059987802058,954.5754110004054,78.1891669887901
1781571749,80,GET,/api/load/gc [GC-pressure],31.400000,0.000000,5,5,6,6,6,7,30,41,86,86,86,10436,0,5,14.121602638200015,2.237843000330031,954.5754110004054,64.05720582598697
1781571749,80,GET,/api/load/memory-light [GET],12.500000,0.000000,2,3,3,3,4,5,35,42,72,72,72,4058,0,2,9.25514243990951,1.299395997193642,858.2991319999564,50.0
1781571749,80,GET,/api/products [GET],19.300000,0.000000,2,2,2,2,3,4,56,71,76,76,76,6264,0,2,7.629529583634091,0.7687059987802058,852.6058299976285,120.0
1781571749,80,,Aggregated,63.200000,0.000000,3,5,5,5,6,7,35,64,86,86,86,20758,0,3,11.211185396728592,0.7687059987802058,954.5754110004054,78.19062530108873
1781571750,80,GET,/api/load/gc [GC-pressure],32.300000,0.000000,5,5,6,6,6,7,29,41,86,86,86,10468,0,5,14.093013919397341,2.237843000330031,954.5754110004054,64.05703095147115
1781571750,80,GET,/api/load/memory-light [GET],12.500000,0.000000,3,3,3,3,4,5,35,42,72,72,72,4066,0,2,9.242120594478848,1.299395997193642,858.2991319999564,50.0
1781571750,80,GET,/api/products [GET],19.900000,0.000000,2,2,2,2,3,3,56,71,76,76,76,6279,0,2,7.615430828136778,0.7687059987802058,852.6058299976285,120.0
1781571750,80,,Aggregated,64.700000,0.000000,3,5,5,5,6,6,31,64,86,86,86,20813,0,3,11.191150829542748,0.7687059987802058,954.5754110004054,78.18810358910297
1781571751,80,GET,/api/load/gc [GC-pressure],31.200000,0.000000,5,5,6,6,6,7,29,41,86,86,86,10509,0,5,14.056502376461397,2.237843000330031,954.5754110004054,64.05680844990009
1781571751,80,GET,/api/load/memory-light [GET],13.100000,0.000000,3,3,3,3,4,5,35,42,72,72,72,4078,0,2,9.222209023575097,1.299395997193642,858.2991319999564,50.0
1781571751,80,GET,/api/products [GET],19.300000,0.000000,2,2,2,2,3,4,56,71,76,76,76,6299,0,2,7.597513750095028,0.7687059987802058,852.6058299976285,120.0
1781571751,80,,Aggregated,63.600000,0.000000,3,5,5,5,6,6,31,64,86,86,86,20886,0,3,11.164640954908583,0.7687059987802058,954.5754110004054,78.18409460882889
1781571752,80,GET,/api/load/gc [GC-pressure],32.400000,0.000000,5,5,6,6,6,7,30,58,86,86,86,10544,0,5,14.031115395032712,2.237843000330031,954.5754110004054,64.05661987860394
1781571752,80,GET,/api/load/memory-light [GET],12.600000,0.000000,2,3,3,3,4,5,35,42,72,72,72,4085,0,2,9.21000023528321,1.299395997193642,858.2991319999564,50.0
1781571752,80,GET,/api/products [GET],19.000000,0.000000,2,2,2,2,3,4,56,71,76,76,76,6315,0,2,7.585053395856954,0.7687059987802058,852.6058299976285,120.0
1781571752,80,,Aggregated,64.000000,0.000000,3,5,5,5,6,7,35,64,86,86,86,20944,0,3,11.147180284625358,0.7687059987802058,954.5754110004054,78.18291634835752
1781571753,80,GET,/api/load/gc [GC-pressure],32.100000,0.000000,5,5,6,6,6,7,19,39,67,67,67,10582,0,5,14.010887979513406,2.237843000330031,954.5754110004054,64.05660555660556
1781571753,80,GET,/api/load/memory-light [GET],12.100000,0.000000,2,3,3,3,4,5,5,6,42,42,42,4096,0,2,9.191445123322595,1.299395997193642,858.2991319999564,50.0
1781571753,80,GET,/api/products [GET],19.100000,0.000000,2,2,2,2,3,3,13,35,56,56,56,6330,0,2,7.5788164934972215,0.7687059987802058,852.6058299976285,120.0
1781571753,80,,Aggregated,63.300000,0.000000,3,5,5,5,6,6,14,35,67,67,67,21008,0,3,11.133153285804342,0.7687059987802058,954.5754110004054,78.17245811119574
1781571754,80,GET,/api/load/gc [GC-pressure],33.600000,0.000000,5,5,6,6,6,7,21,31,81,81,81,10617,0,5,13.99095597487181,2.237843000330031,954.5754110004054,64.05651313930488
1781571754,80,GET,/api/load/memory-light [GET],12.100000,0.000000,2,3,3,3,4,5,5,5,6,6,6,4103,0,2,9.18046606608138,1.299395997193642,858.2991319999564,50.0
1781571754,80,GET,/api/products [GET],18.900000,0.000000,2,2,2,2,3,3,17,35,79,79,79,6353,0,2,7.577494929296368,0.7687059987802058,852.6058299976285,120.0
1781571754,80,,Aggregated,64.600000,0.000000,3,5,5,5,6,7,17,31,81,81,81,21073,0,3,11.120830310832142,0.7687059987802058,954.5754110004054,78.18526076021449
1781571755,80,GET,/api/load/gc [GC-pressure],33.700000,0.000000,5,5,6,6,6,8,22,52,81,81,81,10646,0,5,13.974451410879718,2.237843000330031,954.5754110004054,64.05635919594214
1781571755,80,GET,/api/load/memory-light [GET],11.800000,0.000000,2,3,3,3,4,5,5,5,6,6,6,4113,0,2,9.164814216908233,1.299395997193642,858.2991319999564,50.0
1781571755,80,GET,/api/products [GET],19.000000,0.000000,2,2,2,2,3,3,17,35,79,79,79,6376,0,2,7.556081001539303,0.7687059987802058,852.6058299976285,120.0
1781571755,80,,Aggregated,64.500000,0.000000,3,5,5,5,6,7,19,35,81,81,81,21135,0,3,11.102174736701379,0.7687059987802058,954.5754110004054,78.19796546013721
1781571756,80,GET,/api/load/gc [GC-pressure],34.400000,0.000000,5,5,6,6,6,9,37,52,81,81,81,10674,0,5,13.95831897847555,2.237843000330031,954.5754110004054,64.0563050402848
1781571756,80,GET,/api/load/memory-light [GET],11.300000,0.000000,2,3,3,3,4,5,5,5,55,55,55,4129,0,2,9.152052044361545,1.299395997193642,858.2991319999564,50.0
1781571756,80,GET,/api/products [GET],18.500000,0.000000,2,2,2,2,3,4,35,75,79,79,79,6396,0,2,7.557838254660879,0.7687059987802058,852.6058299976285,120.0
1781571756,80,,Aggregated,64.200000,0.000000,3,5,5,5,6,7,34,52,81,81,81,21199,0,3,11.091082274835031,0.7687059987802058,954.5754110004054,78.19741497240436
1781571757,80,GET,/api/load/gc [GC-pressure],34.500000,0.000000,5,5,6,6,6,9,37,52,81,81,81,10710,0,5,13.928356960622338,2.237843000330031,954.5754110004054,64.0561157796452
1781571757,80,GET,/api/load/memory-light [GET],11.000000,0.000000,2,3,3,3,3,4,5,5,55,55,55,4140,0,2,9.133610298351924,1.299395997193642,858.2991319999564,50.0
1781571757,80,GET,/api/products [GET],18.700000,0.000000,2,2,2,2,3,4,35,75,79,79,79,6412,0,2,7.544019203651407,0.7687059987802058,852.6058299976285,120.0
1781571757,80,,Aggregated,64.200000,0.000000,3,5,5,5,6,7,34,52,81,81,81,21262,0,3,11.069424363524364,0.7687059987802058,954.5754110004054,78.19024550841877
1781571758,80,GET,/api/load/gc [GC-pressure],33.600000,0.000000,5,5,6,6,6,9,37,52,81,81,81,10748,0,5,13.895946060874659,2.237843000330031,954.5754110004054,64.05591737997767
1781571758,80,GET,/api/load/memory-light [GET],10.800000,0.000000,2,3,3,3,3,4,5,5,55,55,55,4154,0,2,9.111609840678298,1.299395997193642,858.2991319999564,50.0
1781571758,80,GET,/api/products [GET],19.300000,0.000000,2,2,2,2,3,7,35,75,79,79,79,6426,0,2,7.531372254718111,0.7687059987802058,852.6058299976285,120.0
1781571758,80,,Aggregated,63.700000,0.000000,3,5,5,5,6,7,34,52,81,81,81,21328,0,3,11.046504766001362,0.7687059987802058,954.5754110004054,78.17390285071268
1781571759,80,GET,/api/load/gc [GC-pressure],33.500000,0.000000,5,5,6,6,7,10,37,52,81,81,81,10781,0,5,13.869222585685101,2.237843000330031,954.5754110004054,64.05574622020221
1781571759,80,GET,/api/load/memory-light [GET],11.100000,0.000000,2,3,3,3,3,4,5,5,55,55,55,4171,0,2,9.084810255381809,1.299395997193642,858.2991319999564,50.0
1781571759,80,GET,/api/products [GET],19.200000,0.000000,2,2,2,2,3,7,35,75,79,79,79,6438,0,2,7.52036389326201,0.7687059987802058,852.6058299976285,120.0
1781571759,80,,Aggregated,63.800000,0.000000,3,5,5,5,6,8,34,52,81,81,81,21390,0,3,11.025382656208013,0.7687059987802058,954.5754110004054,78.15310892940626
1781571760,80,GET,/api/load/gc [GC-pressure],33.700000,0.000000,5,5,6,6,7,11,37,52,81,81,81,10813,0,5,13.842308228916005,2.237843000330031,954.5754110004054,64.05558124479793
1781571760,80,GET,/api/load/memory-light [GET],11.100000,0.000000,2,3,3,3,3,4,5,6,55,55,55,4185,0,2,9.063155056683476,1.299395997193642,858.2991319999564,50.0
1781571760,80,GET,/api/products [GET],18.600000,0.000000,2,2,2,2,3,7,35,75,79,79,79,6454,0,2,7.506263145308437,0.7687059987802058,852.6058299976285,120.0
1781571760,80,,Aggregated,63.400000,0.000000,3,5,5,5,6,8,34,52,81,81,81,21452,0,3,11.003710848932956,0.7687059987802058,954.5754110004054,78.14483498042141
1781571761,80,GET,/api/load/gc [GC-pressure],34.300000,0.000000,5,5,6,6,7,12,40,52,81,81,81,10840,0,5,13.82327532188839,2.237843000330031,954.5754110004054,64.05544280442804
1781571761,80,GET,/api/load/memory-light [GET],10.900000,0.000000,2,3,3,3,3,5,6,29,55,55,55,4195,0,2,9.053651166201696,1.299395997193642,858.2991319999564,50.0
1781571761,80,GET,/api/products [GET],18.000000,0.000000,2,2,2,2,3,4,35,75,79,79,79,6478,0,2,7.484638075767955,0.7687059987802058,852.6058299976285,120.0
1781571761,80,,Aggregated,63.200000,0.000000,3,5,5,5,6,9,35,52,81,81,81,21513,0,3,10.984514320936693,0.7687059987802058,954.5754110004054,78.16069353414214
1781571762,80,GET,/api/load/gc [GC-pressure],34.500000,0.000000,5,5,6,6,7,19,40,52,81,81,81,10868,0,5,13.812132209814353,2.237843000330031,954.5754110004054,64.05539197644461
1781571762,80,GET,/api/load/memory-light [GET],11.400000,0.000000,2,3,3,3,4,6,21,29,55,55,55,4215,0,2,9.03565180455996,1.299395997193642,858.2991319999564,50.0
1781571762,80,GET,/api/products [GET],17.400000,0.000000,2,2,2,2,3,3,35,75,79,79,79,6492,0,2,7.472029790789397,0.7687059987802058,852.6058299976285,120.0
1781571762,80,,Aggregated,63.300000,0.000000,3,5,5,5,6,11,37,52,81,81,81,21575,0,3,10.971214026154687,0.7687059987802058,954.5754110004054,78.1434067207416
1781571763,80,GET,/api/load/gc [GC-pressure],34.300000,0.000000,5,5,6,6,7,11,40,57,81,81,81,10898,0,5,13.79524871428297,2.237843000330031,954.5754110004054,64.05542301339695
1781571763,80,GET,/api/load/memory-light [GET],11.900000,0.000000,2,3,3,3,4,10,29,55,310,310,310,4227,0,2,9.093142668376961,1.299395997193642,858.2991319999564,50.0
1781571763,80,GET,/api/products [GET],17.400000,0.000000,2,2,2,2,3,3,50,75,79,79,79,6512,0,2,7.468662511027635,0.7687059987802058,852.6058299976285,120.0
1781571763,80,,Aggregated,63.600000,0.000000,3,5,5,5,6,10,40,57,310,310,310,21637,0,3,10.972559265115182,0.7687059987802058,954.5754110004054,78.14697046725516
1781571764,80,GET,/api/load/gc [GC-pressure],32.800000,0.000000,5,5,6,6,7,13,48,57,87,87,87,10929,0,5,13.79174070502763,2.237843000330031,954.5754110004054,64.05544880592917
1781571764,80,GET,/api/load/memory-light [GET],11.700000,0.000000,3,3,3,3,5,17,55,83,310,310,310,4242,0,2,9.099069931921163,1.299395997193642,858.2991319999564,50.0
1781571764,80,GET,/api/products [GET],17.900000,0.000000,2,2,2,2,3,3,50,75,75,75,75,6536,0,2,7.463345645011681,0.7687059987802058,852.6058299976285,120.0
1781571764,80,,Aggregated,62.400000,0.000000,3,5,5,5,6,11,48,58,310,310,310,21707,0,3,10.969208824446163,0.7687059987802058,954.5754110004054,78.15368314368637
1781571765,80,GET,/api/load/gc [GC-pressure],32.000000,0.000000,5,5,6,6,7,11,48,63,87,87,87,10954,0,5,13.776276969439728,2.237843000330031,954.5754110004054,64.05541354756254
1781571765,80,GET,/api/load/memory-light [GET],12.900000,0.000000,3,3,3,3,4,13,44,83,310,310,310,4254,0,2,9.080242818334622,1.299395997193642,858.2991319999564,50.0
1781571765,80,GET,/api/products [GET],17.600000,0.000000,2,2,2,2,3,3,32,50,75,75,75,6560,0,2,7.447110350884076,0.7687059987802058,852.6058299976285,120.0
1781571765,80,,Aggregated,62.500000,0.000000,3,5,5,5,6,10,44,63,310,310,310,21768,0,3,10.951200605211218,0.7687059987802058,954.5754110004054,78.1680907754502
1781571767,80,GET,/api/load/gc [GC-pressure],31.600000,0.000000,5,5,6,6,7,13,48,63,87,87,87,10989,0,5,13.749736834495067,2.237843000330031,954.5754110004054,64.05532805532806
1781571767,80,GET,/api/load/memory-light [GET],13.200000,0.000000,3,3,3,3,5,17,44,83,310,310,310,4261,0,2,9.069021280026059,1.299395997193642,858.2991319999564,50.0
1781571767,80,GET,/api/products [GET],18.000000,0.000000,2,2,2,2,2,3,32,50,75,75,75,6585,0,2,7.425651062080964,0.7687059987802058,852.6058299976285,120.0
1781571767,80,,Aggregated,62.800000,0.000000,3,5,5,5,6,11,44,63,310,310,310,21835,0,3,10.92909869440167,0.7687059987802058,954.5754110004054,78.18429127547516
1781571768,80,GET,/api/load/gc [GC-pressure],30.800000,0.000000,5,5,6,6,7,13,48,63,87,87,87,11017,0,5,13.726492594921938,2.237843000330031,954.5754110004054,64.05518743759644
1781571768,80,GET,/api/load/memory-light [GET],14.000000,0.000000,3,3,3,3,4,17,44,83,310,310,310,4268,0,2,9.058142547609364,1.299395997193642,858.2991319999564,50.0
1781571768,80,GET,/api/products [GET],18.300000,0.000000,2,2,2,2,2,3,32,50,75,75,75,6611,0,2,7.403493364212181,0.7687059987802058,852.6058299976285,120.0
1781571768,80,,Aggregated,63.100000,0.000000,3,5,5,5,6,11,44,63,310,310,310,21896,0,3,10.907445010150644,0.7687059987802058,954.5754110004054,78.20679576178297
1781571769,80,GET,/api/load/gc [GC-pressure],30.800000,0.000000,5,5,6,6,7,19,50,63,87,87,87,11044,0,5,13.709125506091544,2.237843000330031,954.5754110004054,64.05514306410721
1781571769,80,GET,/api/load/memory-light [GET],14.000000,0.000000,3,3,3,3,6,17,44,83,310,310,310,4281,0,2,9.03883419065203,1.299395997193642,858.2991319999564,50.0
1781571769,80,GET,/api/products [GET],18.300000,0.000000,2,2,2,2,2,3,32,50,75,75,75,6624,0,2,7.3967917120799775,0.7687059987802058,852.6058299976285,120.0
1781571769,80,,Aggregated,63.100000,0.000000,3,5,5,5,6,13,48,63,310,310,310,21949,0,3,10.89321516061206,0.7687059987802058,954.5754110004054,78.19741218278737
1781571770,80,GET,/api/load/gc [GC-pressure],31.300000,0.000000,5,5,6,6,7,27,54,66,87,87,87,11077,0,5,13.688709234108474,2.237843000330031,954.5754110004054,64.05497878486955
1781571770,80,GET,/api/load/memory-light [GET],13.200000,0.000000,3,3,3,3,6,17,44,83,310,310,310,4293,0,2,9.024211443791142,1.299395997193642,858.2991319999564,50.0
1781571770,80,GET,/api/products [GET],18.900000,0.000000,2,2,2,2,2,3,32,50,75,75,75,6643,0,2,7.38078197649099,0.7687059987802058,852.6058299976285,120.0
1781571770,80,,Aggregated,63.400000,0.000000,3,5,5,5,6,13,48,66,310,310,310,22013,0,3,10.87545116904759,0.7687059987802058,954.5754110004054,78.19683823195385
1781571771,80,GET,/api/load/gc [GC-pressure],30.500000,0.000000,5,5,6,6,7,19,54,66,87,87,87,11106,0,5,13.66568100695357,2.237843000330031,954.5754110004054,64.05483522420313
1781571771,80,GET,/api/load/memory-light [GET],12.700000,0.000000,3,3,3,3,6,13,44,83,310,310,310,4305,0,2,9.006660719445469,1.299395997193642,858.2991319999564,50.0
1781571771,80,GET,/api/products [GET],19.800000,0.000000,2,2,2,2,3,3,32,50,75,75,75,6666,0,2,7.365359125239497,0.7687059987802058,852.6058299976285,120.0
1781571771,80,,Aggregated,63.000000,0.000000,3,5,5,5,6,13,48,66,310,310,310,22077,0,3,10.85483587395414,0.7687059987802058,954.5754110004054,78.20641391493409
1781571772,80,GET,/api/load/gc [GC-pressure],29.600000,0.000000,5,5,6,6,6,8,50,63,87,87,87,11139,0,5,13.63970452295588,2.237843000330031,954.5754110004054,64.05467277134393
1781571772,80,GET,/api/load/memory-light [GET],12.100000,0.000000,3,3,3,3,5,7,44,83,310,310,310,4317,0,2,8.989632555065796,1.299395997193642,858.2991319999564,50.0
1781571772,80,GET,/api/products [GET],20.400000,0.000000,2,2,2,2,3,4,32,50,75,75,75,6682,0,2,7.352098368880783,0.7687059987802058,852.6058299976285,120.0
1781571772,80,,Aggregated,62.100000,0.000000,3,5,5,5,6,8,48,63,310,310,310,22138,0,3,10.835108579017344,0.7687059987802058,954.5754110004054,78.20015358207607
1781571773,80,GET,/api/load/gc [GC-pressure],29.300000,0.000000,5,5,6,6,6,7,48,63,87,87,87,11174,0,5,13.612358404978892,2.237843000330031,954.5754110004054,64.05450152138894
1781571773,80,GET,/api/load/memory-light [GET],12.000000,0.000000,2,3,3,3,4,5,7,13,44,44,44,4339,0,2,8.957233620006868,1.299395997193642,858.2991319999564,50.0
1781571773,80,GET,/api/products [GET],21.100000,0.000000,2,2,2,2,2,3,26,32,32,32,32,6697,0,2,7.339133372833391,0.7687059987802058,852.6058299976285,120.0
1781571773,80,,Aggregated,62.400000,0.000000,3,5,5,5,6,7,26,48,87,87,87,22210,0,3,10.811350999203475,0.7687059987802058,954.5754110004054,78.17807294011706
1781571774,80,GET,/api/load/gc [GC-pressure],29.700000,0.000000,5,5,6,6,6,7,8,50,75,75,75,11212,0,5,13.582809490833982,2.237843000330031,954.5754110004054,64.0543168034249
1781571774,80,GET,/api/load/memory-light [GET],12.200000,0.000000,2,3,3,3,4,5,7,7,13,13,13,4350,0,2,8.941323823496584,1.299395997193642,858.2991319999564,50.0
1781571774,80,GET,/api/products [GET],20.400000,0.000000,2,2,2,2,2,3,4,32,32,32,32,6710,0,2,7.328362834405889,0.7687059987802058,852.6058299976285,120.0
1781571774,80,,Aggregated,62.300000,0.000000,3,5,5,5,6,6,8,26,75,75,75,22272,0,3,10.79196000638938,0.7687059987802058,954.5754110004054,78.164376795977
1781571775,80,GET,/api/load/gc [GC-pressure],30.500000,0.000000,5,5,6,6,6,7,8,19,75,75,75,11249,0,5,13.553492001529849,2.237843000330031,954.5754110004054,64.05413814561294
1781571775,80,GET,/api/load/memory-light [GET],12.400000,0.000000,2,3,3,3,3,5,7,7,13,13,13,4366,0,2,8.917330060056022,1.299395997193642,858.2991319999564,50.0
1781571775,80,GET,/api/products [GET],20.400000,0.000000,2,2,2,2,2,3,4,26,32,32,32,6726,0,2,7.315248345057631,0.7687059987802058,852.6058299976285,120.0
1781571775,80,,Aggregated,63.300000,0.000000,3,5,5,5,6,6,7,13,75,75,75,22341,0,3,10.76937715125874,0.7687059987802058,954.5754110004054,78.15070945794727
1781571776,80,GET,/api/load/gc [GC-pressure],31.300000,0.000000,5,5,6,6,6,7,7,9,75,75,75,11281,0,5,13.529333596153691,2.237843000330031,954.5754110004054,64.05398457583547
1781571776,80,GET,/api/load/memory-light [GET],11.900000,0.000000,3,3,3,3,4,5,7,7,13,13,13,4376,0,2,8.903211251646336,1.299395997193642,858.2991319999564,50.0
1781571776,80,GET,/api/products [GET],19.700000,0.000000,2,2,2,2,3,3,4,26,32,32,32,6752,0,2,7.294878752940935,0.7687059987802058,852.6058299976285,120.0
1781571776,80,,Aggregated,62.900000,0.000000,3,5,5,5,6,6,7,9,75,75,75,22409,0,3,10.7474624514825,0.7687059987802058,954.5754110004054,78.16649560444465
1781571777,80,GET,/api/load/gc [GC-pressure],31.700000,0.000000,5,5,6,6,6,7,8,9,75,75,75,11311,0,5,13.506085962356998,2.237843000330031,954.5754110004054,64.05384139333393
1781571777,80,GET,/api/load/memory-light [GET],12.400000,0.000000,2,3,3,3,4,5,7,7,13,13,13,4391,0,2,8.881954103667173,1.299395997193642,858.2991319999564,50.0
1781571777,80,GET,/api/products [GET],19.000000,0.000000,2,2,2,2,3,3,4,26,32,32,32,6767,0,2,7.283154071060178,0.7687059987802058,852.6058299976285,120.0
1781571777,80,,Aggregated,63.100000,0.000000,3,5,5,5,6,6,7,9,75,75,75,22469,0,3,10.728252364960024,0.7687059987802058,954.5754110004054,78.15670479327073
1781571778,80,GET,/api/load/gc [GC-pressure],32.600000,0.000000,5,5,6,6,6,7,8,9,75,75,75,11340,0,5,13.484638358309619,2.237843000330031,954.5754110004054,64.0537037037037
1781571778,80,GET,/api/load/memory-light [GET],12.200000,0.000000,2,3,3,3,4,5,7,7,13,13,13,4406,0,2,8.85961581507428,1.299395997193642,858.2991319999564,50.0
1781571778,80,GET,/api/products [GET],19.000000,0.000000,2,2,2,2,3,3,4,4,26,26,26,6787,0,2,7.267164985542692,0.7687059987802058,852.6058299976285,120.0
1781571778,80,,Aggregated,63.800000,0.000000,3,5,5,5,6,6,7,9,75,75,75,22533,0,3,10.707562908681782,0.7687059987802058,954.5754110004054,78.15688101894999
1781571779,80,GET,/api/load/gc [GC-pressure],32.200000,0.000000,5,5,6,6,6,7,8,9,43,43,43,11370,0,5,13.465354416819324,2.237843000330031,954.5754110004054,64.05356200527704
1781571779,80,GET,/api/load/memory-light [GET],12.900000,0.000000,2,3,3,3,3,4,7,7,30,30,30,4419,0,2,8.846568915188145,1.299395997193642,858.2991319999564,50.0
1781571779,80,GET,/api/products [GET],18.200000,0.000000,2,2,2,2,3,3,4,4,26,26,26,6805,0,2,7.253392219673174,0.7687059987802058,852.6058299976285,120.0
1781571779,80,,Aggregated,63.300000,0.000000,3,5,5,5,6,6,7,9,43,43,43,22594,0,3,10.691041949647166,0.7687059987802058,954.5754110004054,78.155218199522
1781571780,80,GET,/api/load/gc [GC-pressure],32.100000,0.000000,5,5,6,6,6,7,9,11,44,44,44,11405,0,5,13.443222326718248,2.237843000330031,954.5754110004054,64.05339763261728
1781571780,80,GET,/api/load/memory-light [GET],13.800000,0.000000,2,3,3,3,3,4,7,30,81,81,81,4433,0,2,8.844277340225789,1.299395997193642,858.2991319999564,50.0
1781571780,80,GET,/api/products [GET],17.700000,0.000000,2,2,2,2,3,4,4,47,74,74,74,6825,0,2,7.254984150458368,0.7687059987802058,852.6058299976285,120.0
1781571780,80,,Aggregated,63.600000,0.000000,3,5,5,5,6,6,8,30,81,81,81,22663,0,3,10.680046724278379,0.7687059987802058,954.5754110004054,78.15289237964964
1781571781,80,GET,/api/load/gc [GC-pressure],32.600000,0.000000,5,5,6,6,6,7,8,9,44,44,44,11441,0,5,13.41695882162301,2.237843000330031,954.5754110004054,64.05322961279609
1781571781,80,GET,/api/load/memory-light [GET],13.700000,0.000000,2,3,3,3,3,4,7,30,81,81,81,4448,0,2,8.822677596044217,1.299395997193642,858.2991319999564,50.0
1781571781,80,GET,/api/products [GET],18.000000,0.000000,2,2,2,2,3,4,4,47,74,74,74,6839,0,2,7.243635034930748,0.7687059987802058,852.6058299976285,120.0
1781571781,80,,Aggregated,64.300000,0.000000,3,5,5,5,6,7,8,30,81,81,81,22728,0,3,10.660239168835135,0.7687059987802058,954.5754110004054,78.13767159450897
1781571782,80,GET,/api/load/gc [GC-pressure],32.500000,0.000000,5,5,6,6,6,7,9,11,44,44,44,11470,0,5,13.396149582318413,2.237843000330031,954.5754110004054,64.05309503051438
1781571782,80,GET,/api/load/memory-light [GET],14.000000,0.000000,2,3,3,3,3,4,6,30,81,81,81,4455,0,2,8.813091539220236,1.299395997193642,858.2991319999564,50.0
1781571782,80,GET,/api/products [GET],18.100000,0.000000,2,2,2,2,3,4,5,47,74,74,74,6860,0,2,7.2275649905085135,0.7687059987802058,852.6058299976285,120.0
1781571782,80,,Aggregated,64.600000,0.000000,3,5,5,5,6,7,8,30,81,81,81,22785,0,3,10.642846361698783,0.7687059987802058,954.5754110004054,78.14961597542242
1781571783,80,GET,/api/load/gc [GC-pressure],33.200000,0.000000,5,5,6,6,6,7,9,11,44,44,44,11509,0,5,13.367499731703806,2.237843000330031,954.5754110004054,64.05291510991398
1781571783,80,GET,/api/load/memory-light [GET],14.200000,0.000000,2,3,3,3,3,4,5,30,81,81,81,4467,0,2,8.79529291632397,1.299395997193642,858.2991319999564,50.0
1781571783,80,GET,/api/products [GET],17.300000,0.000000,2,2,2,2,3,4,5,47,74,74,74,6874,0,2,7.216536362799811,0.7687059987802058,852.6058299976285,120.0
1781571783,80,,Aggregated,64.700000,0.000000,3,5,5,5,6,7,8,30,81,81,81,22850,0,3,10.623264718918344,0.7687059987802058,954.5754110004054,78.1363238512035
1781571784,80,GET,/api/load/gc [GC-pressure],33.200000,0.000000,5,5,6,6,6,8,9,43,98,98,98,11538,0,5,13.35760235553524,2.237843000330031,954.5754110004054,64.05278211128446
1781571784,80,GET,/api/load/memory-light [GET],13.800000,0.000000,2,3,3,3,3,4,5,30,81,81,81,4476,0,2,8.783145468767867,1.299395997193642,858.2991319999564,50.0
1781571784,80,GET,/api/products [GET],17.600000,0.000000,2,2,2,2,3,4,5,47,74,74,74,6900,0,2,7.195982611144469,0.7687059987802058,852.6058299976285,120.0
1781571784,80,,Aggregated,64.600000,0.000000,3,5,5,5,6,7,9,43,98,98,98,22914,0,3,10.608608497567749,0.7687059987802058,954.5754110004054,78.1548834773501
1781571785,80,GET,/api/load/gc [GC-pressure],33.500000,0.000000,5,5,6,6,6,8,9,43,98,98,98,11565,0,5,13.337713346230723,2.237843000330031,954.5754110004054,64.0526588845655
1781571785,80,GET,/api/load/memory-light [GET],12.600000,0.000000,2,3,3,3,3,4,5,30,81,81,81,4492,0,2,8.761084804588814,1.299395997193642,858.2991319999564,50.0
1781571785,80,GET,/api/products [GET],17.700000,0.000000,2,2,2,2,3,3,5,47,74,74,74,6916,0,2,7.183034253166083,0.7687059987802058,852.6058299976285,120.0
1781571785,80,,Aggregated,63.800000,0.000000,3,5,5,5,6,7,9,43,98,98,98,22973,0,3,10.589967034617503,0.7687059987802058,954.5754110004054,78.14778217907978
1781571786,80,GET,/api/load/gc [GC-pressure],32.400000,0.000000,5,5,6,6,7,8,9,43,98,98,98,11602,0,5,13.311523725318285,2.237843000330031,954.5754110004054,64.05249094983624
1781571786,80,GET,/api/load/memory-light [GET],12.800000,0.000000,2,3,3,3,3,4,6,30,81,81,81,4508,0,2,8.740106175072386,1.299395997193642,858.2991319999564,50.0
1781571786,80,GET,/api/products [GET],18.900000,0.000000,2,2,2,2,3,3,5,47,74,74,74,6931,0,2,7.17134576481186,0.7687059987802058,852.6058299976285,120.0
1781571786,80,,Aggregated,64.100000,0.000000,3,5,5,5,6,7,9,43,98,98,98,23041,0,3,10.570083520432275,0.7687059987802058,954.5754110004054,78.1327633349247
1781571787,80,GET,/api/load/gc [GC-pressure],31.900000,0.000000,5,5,6,6,6,7,8,43,98,98,98,11639,0,5,13.284534605133656,2.237843000330031,954.5754110004054,64.05232408282498
1781571787,80,GET,/api/load/memory-light [GET],12.600000,0.000000,2,3,3,3,3,4,6,30,81,81,81,4517,0,2,8.727350577201875,1.299395997193642,858.2991319999564,50.0
1781571787,80,GET,/api/products [GET],18.900000,0.000000,2,2,2,2,3,3,5,47,74,74,74,6950,0,2,7.156377532074467,0.7687059987802058,852.6058299976285,120.0
1781571787,80,,Aggregated,63.400000,0.000000,3,5,5,5,6,7,8,43,98,98,98,23106,0,3,10.55037499672332,0.7687059987802058,954.5754110004054,78.133601661906
1781571788,80,GET,/api/load/gc [GC-pressure],31.900000,0.000000,5,5,6,6,6,7,8,16,98,98,98,11676,0,5,13.2587210258779,2.237843000330031,954.5754110004054,64.0522439191504
1781571788,80,GET,/api/load/memory-light [GET],13.100000,0.000000,2,3,3,3,3,4,5,6,81,81,81,4534,0,2,8.70442803291348,1.299395997193642,858.2991319999564,50.0
1781571788,80,GET,/api/products [GET],17.900000,0.000000,2,2,2,2,3,3,5,47,74,74,74,6969,0,2,7.141591115358475,0.7687059987802058,852.6058299976285,120.0
1781571788,80,,Aggregated,62.900000,0.000000,3,5,5,5,6,7,8,43,98,98,98,23179,0,3,10.528687686367544,0.7687059987802058,954.5754110004054,78.12476810906423
1781571789,80,GET,/api/load/gc [GC-pressure],32.700000,0.000000,5,5,6,6,6,7,8,9,98,98,98,11708,0,5,13.236042076967703,2.237843000330031,954.5754110004054,64.05210112743423
1781571789,80,GET,/api/load/memory-light [GET],12.700000,0.000000,2,3,3,3,3,4,5,5,6,6,6,4549,0,2,8.68355147312038,1.299395997193642,858.2991319999564,50.0
1781571789,80,GET,/api/products [GET],18.300000,0.000000,2,2,2,2,2,3,3,3,5,5,5,6980,0,2,7.133345224777083,0.7687059987802058,852.6058299976285,120.0
1781571789,80,,Aggregated,63.700000,0.000000,3,5,5,5,6,7,7,8,98,98,98,23237,0,3,10.511675601725976,0.7687059987802058,954.5754110004054,78.10698455050135
1781571790,80,GET,/api/load/gc [GC-pressure],33.300000,0.000000,5,5,6,6,6,7,8,16,98,98,98,11738,0,5,13.213747583670324,2.237843000330031,954.5754110004054,64.05196796728573
1781571790,80,GET,/api/load/memory-light [GET],12.800000,0.000000,2,3,3,3,3,4,5,5,6,6,6,4559,0,2,8.670758721256977,1.299395997193642,858.2991319999564,50.0
1781571790,80,GET,/api/products [GET],18.000000,0.000000,2,2,2,2,2,3,3,4,5,5,5,7004,0,2,7.115109686028419,0.7687059987802058,852.6058299976285,120.0
1781571790,80,,Aggregated,64.100000,0.000000,3,5,5,5,6,6,7,8,98,98,98,23301,0,3,10.491703634533962,0.7687059987802058,954.5754110004054,78.1199090167804
1781571791,80,GET,/api/load/gc [GC-pressure],33.500000,0.000000,5,5,6,6,6,7,8,16,98,98,98,11768,0,5,13.192165378152431,2.237843000330031,954.5754110004054,64.05183548606391
1781571791,80,GET,/api/load/memory-light [GET],13.000000,0.000000,2,3,3,3,3,4,5,5,6,6,6,4569,0,2,8.65694030427078,1.299395997193642,858.2991319999564,50.0
1781571791,80,GET,/api/products [GET],17.600000,0.000000,2,2,2,2,2,3,3,4,4,4,4,7028,0,2,7.097325042821044,0.7687059987802058,852.6058299976285,120.0
1781571791,80,,Aggregated,64.100000,0.000000,3,5,5,5,6,6,7,8,98,98,98,23365,0,3,10.472029224106882,0.7687059987802058,954.5754110004054,78.13276267922106
1781571792,80,GET,/api/load/gc [GC-pressure],33.500000,0.000000,5,5,6,6,6,7,8,16,98,98,98,11799,0,5,13.17061264412719,2.237843000330031,954.5754110004054,64.05169929655055
1781571792,80,GET,/api/load/memory-light [GET],12.600000,0.000000,2,3,3,3,3,4,5,5,6,6,6,4583,0,2,8.637487080125414,1.299395997193642,858.2991319999564,50.0
1781571792,80,GET,/api/products [GET],17.900000,0.000000,2,2,2,2,2,3,3,4,5,5,5,7053,0,2,7.078863573082302,0.7687059987802058,852.6058299976285,120.0
1781571792,80,,Aggregated,64.000000,0.000000,3,5,5,5,6,6,7,8,98,98,98,23435,0,3,10.450731242040579,0.7687059987802058,954.5754110004054,78.14192447194367
1781571793,80,GET,/api/load/gc [GC-pressure],32.800000,0.000000,5,5,6,6,6,7,7,8,22,22,22,11826,0,5,13.153062572386684,2.237843000330031,954.5754110004054,64.05158126162692
1781571793,80,GET,/api/load/memory-light [GET],12.200000,0.000000,2,3,3,3,3,4,5,5,6,6,6,4593,0,2,8.624016508646555,1.299395997193642,858.2991319999564,50.0
1781571793,80,GET,/api/products [GET],18.900000,0.000000,2,2,2,2,2,3,3,4,5,5,5,7069,0,2,7.06648878383889,0.7687059987802058,852.6058299976285,120.0
1781571793,80,,Aggregated,63.900000,0.000000,3,5,5,5,6,6,7,7,22,22,22,23488,0,3,10.435594133949918,0.7687059987802058,954.5754110004054,78.14220027247957
1781571794,80,GET,/api/load/gc [GC-pressure],32.800000,0.000000,5,5,6,6,6,7,8,16,50,50,50,11855,0,5,13.136645668077835,2.237843000330031,954.5754110004054,64.05153943483762
1781571794,80,GET,/api/load/memory-light [GET],12.700000,0.000000,2,3,3,3,3,5,5,6,29,29,29,4605,0,2,8.614825643910295,1.299395997193642,858.2991319999564,50.0
1781571794,80,GET,/api/products [GET],19.500000,0.000000,2,2,2,2,2,3,4,5,9,9,9,7096,0,2,7.047155936435347,0.7687059987802058,852.6058299976285,120.0
1781571794,80,,Aggregated,65.000000,0.000000,3,5,5,5,6,6,7,8,50,50,50,23556,0,3,10.418272415105063,0.7687059987802058,954.5754110004054,78.15847342502971
1781571795,80,GET,/api/load/gc [GC-pressure],31.600000,0.000000,5,5,6,6,6,7,7,16,50,50,50,11886,0,5,13.115088945572626,2.237843000330031,954.5754110004054,64.05140501430255
1781571795,80,GET,/api/load/memory-light [GET],12.800000,0.000000,2,3,3,3,3,4,5,5,29,29,29,4616,0,2,8.599879612697181,1.299395997193642,858.2991319999564,50.0
1781571795,80,GET,/api/products [GET],19.600000,0.000000,2,2,2,2,2,3,4,5,9,9,9,7121,0,2,7.029387483631847,0.7687059987802058,852.6058299976285,120.0
1781571795,80,,Aggregated,64.000000,0.000000,3,5,5,5,6,6,7,8,50,50,50,23623,0,3,10.39830926513266,0.7687059987802058,954.5754110004054,78.17106210049528
1781571796,80,GET,/api/load/gc [GC-pressure],31.900000,0.000000,5,5,6,6,6,7,8,16,50,50,50,11913,0,5,13.096157177290046,2.237843000330031,954.5754110004054,64.05128850835221
1781571796,80,GET,/api/load/memory-light [GET],12.900000,0.000000,2,3,3,3,3,4,5,5,29,29,29,4621,0,2,8.593464284398685,1.299395997193642,858.2991319999564,50.0
1781571796,80,GET,/api/products [GET],19.600000,0.000000,2,2,2,2,2,3,4,5,9,9,9,7142,0,2,7.014659387560697,0.7687059987802058,852.6058299976285,120.0
1781571796,80,,Aggregated,64.400000,0.000000,3,4,5,5,6,6,7,8,50,50,50,23676,0,3,10.382818730242487,0.7687059987802058,954.5754110004054,78.18605338739653
1781571797,80,GET,/api/load/gc [GC-pressure],31.800000,0.000000,5,5,6,6,6,7,8,8,50,50,50,11948,0,5,13.07251221644368,2.237843000330031,954.5754110004054,64.05113826581855
1781571797,80,GET,/api/load/memory-light [GET],12.200000,0.000000,2,3,3,3,3,3,5,5,29,29,29,4637,0,2,8.571639100972337,1.299395997193642,858.2991319999564,50.0
1781571797,80,GET,/api/products [GET],20.300000,0.000000,2,2,2,2,2,3,4,5,9,9,9,7163,0,2,6.999254833583541,0.7687059987802058,852.6058299976285,120.0
1781571797,80,,Aggregated,64.300000,0.000000,3,5,5,5,6,6,7,8,50,50,50,23748,0,3,10.361829579174529,0.7687059987802058,954.5754110004054,78.18313121104936
1781571798,80,GET,/api/load/gc [GC-pressure],31.000000,0.000000,5,5,6,6,6,7,8,8,50,50,50,11977,0,5,13.052409421063043,2.237843000330031,954.5754110004054,64.05101444435168
1781571798,80,GET,/api/load/memory-light [GET],11.400000,0.000000,2,3,3,3,3,3,5,5,29,29,29,4655,0,2,8.5476977688997,1.299395997193642,858.2991319999564,50.0
1781571798,80,GET,/api/products [GET],21.300000,0.000000,2,2,2,2,2,3,4,5,9,9,9,7175,0,2,6.990456727102361,0.7687059987802058,852.6058299976285,120.0
1781571798,80,,Aggregated,63.700000,0.000000,3,4,5,5,6,6,7,8,50,50,50,23807,0,3,10.344636777723343,0.7687059987802058,954.5754110004054,78.16562355609695
1781571799,80,GET,/api/load/gc [GC-pressure],30.900000,0.000000,5,5,6,6,6,7,8,18,50,50,50,12015,0,5,13.027230075577855,2.237843000330031,954.5754110004054,64.0508531002913
1781571799,80,GET,/api/load/memory-light [GET],11.900000,0.000000,2,3,3,3,3,4,5,9,29,29,29,4666,0,2,8.534590871453926,1.299395997193642,858.2991319999564,50.0
1781571799,80,GET,/api/products [GET],21.200000,0.000000,2,2,2,2,2,3,4,5,9,9,9,7192,0,2,6.978306827582569,0.7687059987802058,852.6058299976285,120.0
1781571799,80,,Aggregated,64.000000,0.000000,3,5,5,5,6,6,7,9,50,50,50,23873,0,3,10.326835884398516,0.7687059987802058,954.5754110004054,78.15988773928706
1781571800,80,GET,/api/load/gc [GC-pressure],30.300000,0.000000,5,5,6,6,6,7,8,41,85,85,85,12049,0,5,13.01523671658085,2.237843000330031,954.5754110004054,64.05070960245664
1781571800,80,GET,/api/load/memory-light [GET],12.000000,0.000000,2,3,3,3,3,5,11,29,61,61,61,4674,0,2,8.53886742409186,1.299395997193642,858.2991319999564,50.0
1781571800,80,GET,/api/products [GET],20.800000,0.000000,2,2,2,2,3,4,9,45,63,63,63,7210,0,2,6.984474609984237,0.7687059987802058,852.6058299976285,120.0
1781571800,80,,Aggregated,63.100000,0.000000,3,5,5,5,6,7,9,41,85,85,85,23933,0,3,10.324209897475216,0.7687059987802058,954.5754110004054,78.16182676638951
1781571801,80,GET,/api/load/gc [GC-pressure],30.500000,0.000000,5,5,6,6,6,8,41,50,85,85,85,12086,0,5,13.002759842053033,2.237843000330031,954.5754110004054,64.05063710077776
1781571801,80,GET,/api/load/memory-light [GET],11.700000,0.000000,2,3,3,3,3,5,11,29,61,61,61,4690,0,2,8.517996317524002,1.299395997193642,858.2991319999564,50.0
1781571801,80,GET,/api/products [GET],21.100000,0.000000,2,2,2,2,3,4,25,63,74,74,74,7223,0,2,6.985413750243067,0.7687059987802058,852.6058299976285,120.0
1781571801,80,,Aggregated,63.300000,0.000000,3,5,5,5,6,7,25,50,85,85,85,23999,0,3,10.315279874088345,0.7687059987802058,954.5754110004054,78.14392266344431
1781571802,80,GET,/api/load/gc [GC-pressure],30.700000,0.000000,5,5,6,6,6,8,41,50,85,85,85,12118,0,5,12.980931824971998,2.237843000330031,954.5754110004054,64.0505033833966
1781571802,80,GET,/api/load/memory-light [GET],11.300000,0.000000,2,3,3,3,3,5,11,29,61,61,61,4701,0,2,8.503407947070158,1.299395997193642,858.2991319999564,50.0
1781571802,80,GET,/api/products [GET],20.700000,0.000000,2,2,2,2,3,4,25,63,74,74,74,7243,0,2,6.971878259423644,0.7687059987802058,852.6058299976285,120.0
1781571802,80,,Aggregated,62.700000,0.000000,3,5,5,5,6,7,25,50,85,85,85,24062,0,3,10.297347138525183,0.7687059987802058,954.5754110004054,78.14703682154435
1781571803,80,GET,/api/load/gc [GC-pressure],31.700000,0.000000,5,5,6,6,6,8,39,44,85,85,85,12150,0,5,12.961984999093884,2.237843000330031,954.5754110004054,64.05037037037037
1781571803,80,GET,/api/load/memory-light [GET],12.000000,0.000000,2,3,3,3,3,4,9,11,61,61,61,4714,0,2,8.486626621802468,1.299395997193642,858.2991319999564,50.0
1781571803,80,GET,/api/products [GET],19.500000,0.000000,2,2,2,2,3,4,25,63,74,74,74,7254,0,2,6.963789760269191,0.7687059987802058,852.6058299976285,120.0
1781571803,80,,Aggregated,63.200000,0.000000,3,5,5,5,6,7,20,45,85,85,85,24118,0,3,10.283166371803642,0.7687059987802058,954.5754110004054,78.13218343146198
1781571804,80,GET,/api/load/gc [GC-pressure],31.600000,0.000000,5,5,6,6,6,8,39,44,85,85,85,12186,0,5,12.941913825210287,2.237843000330031,954.5754110004054,64.05022156573116
1781571804,80,GET,/api/load/memory-light [GET],11.700000,0.000000,2,3,3,3,3,5,11,28,61,61,61,4727,0,2,8.476135386965355,1.299395997193642,858.2991319999564,50.0
1781571804,80,GET,/api/products [GET],18.800000,0.000000,2,2,2,2,3,4,25,63,74,74,74,7277,0,2,6.947290447020104,0.7687059987802058,852.6058299976285,120.0
1781571804,80,,Aggregated,62.100000,0.000000,3,5,5,5,6,7,28,61,85,85,85,24190,0,3,10.265906838824435,0.7687059987802058,954.5754110004054,78.13584125671765
1781571805,80,GET,/api/load/gc [GC-pressure],32.100000,0.000000,5,5,6,6,6,8,39,44,85,85,85,12212,0,5,12.924621002048134,2.237843000330031,954.5754110004054,64.05011464133639
1781571805,80,GET,/api/load/memory-light [GET],12.000000,0.000000,2,3,3,3,3,5,11,28,61,61,61,4739,0,2,8.461032381341958,1.299395997193642,858.2991319999564,50.0
1781571805,80,GET,/api/products [GET],18.300000,0.000000,2,2,2,2,3,4,45,63,74,74,74,7291,0,2,6.937584560549502,0.7687059987802058,852.6058299976285,120.0
1781571805,80,,Aggregated,62.400000,0.000000,3,5,5,5,6,7,28,61,85,85,85,24242,0,3,10.251391517331811,0.7687059987802058,954.5754110004054,78.13092979127134
1781571806,80,GET,/api/load/gc [GC-pressure],32.700000,0.000000,5,5,6,6,6,8,41,61,85,85,85,12243,0,5,12.904432216696662,2.237843000330031,954.5754110004054,64.04998774810096
1781571806,80,GET,/api/load/memory-light [GET],12.200000,0.000000,2,3,3,3,3,5,11,28,61,61,61,4755,0,2,8.440152476165888,1.299395997193642,858.2991319999564,50.0
1781571806,80,GET,/api/products [GET],18.000000,0.000000,2,2,2,2,3,4,45,63,74,74,74,7308,0,2,6.925848883819709,0.7687059987802058,852.6058299976285,120.0
1781571806,80,,Aggregated,62.900000,0.000000,3,5,5,5,6,7,28,61,85,85,85,24306,0,3,10.233522270062554,0.7687059987802058,954.5754110004054,78.12367316711924
1781571807,80,GET,/api/load/gc [GC-pressure],32.500000,0.000000,5,5,6,6,6,8,41,61,85,85,85,12273,0,5,12.88383978204117,2.237843000330031,954.5754110004054,64.04986555854315
1781571807,80,GET,/api/load/memory-light [GET],12.000000,0.000000,2,3,3,3,3,5,11,28,61,61,61,4768,0,2,8.424190942359806,1.299395997193642,858.2991319999564,50.0
1781571807,80,GET,/api/products [GET],17.100000,0.000000,2,2,2,2,3,4,45,63,74,74,74,7323,0,2,6.917683396417018,0.7687059987802058,852.6058299976285,120.0
1781571807,80,,Aggregated,61.600000,0.000000,3,5,5,5,6,7,28,61,85,85,85,24364,0,3,10.217866670913013,0.7687059987802058,954.5754110004054,78.11705795435888
1781571808,80,GET,/api/load/gc [GC-pressure],33.100000,0.000000,5,5,6,6,6,8,41,61,85,85,85,12296,0,5,12.868711257402998,2.237843000330031,954.5754110004054,64.04977228366948
1781571808,80,GET,/api/load/memory-light [GET],13.000000,0.000000,2,3,3,3,3,5,11,28,61,61,61,4784,0,2,8.404633732058747,1.299395997193642,858.2991319999564,50.0
1781571808,80,GET,/api/products [GET],16.500000,0.000000,2,2,2,2,3,4,45,63,74,74,74,7337,0,2,6.907797385168684,0.7687059987802058,852.6058299976285,120.0
1781571808,80,,Aggregated,62.600000,0.000000,3,5,5,5,6,7,28,61,85,85,85,24417,0,3,10.202889413530693,0.7687059987802058,954.5754110004054,78.10935004300282
1781571809,80,GET,/api/load/gc [GC-pressure],32.000000,0.000000,5,5,6,6,6,7,21,44,65,65,65,12319,0,5,12.854932217390159,2.237843000330031,954.5754110004054,64.04967935709067
1781571809,80,GET,/api/load/memory-light [GET],13.200000,0.000000,2,3,3,3,4,5,28,56,65,65,65,4800,0,2,8.410907921908498,1.299395997193642,858.2991319999564,50.0
1781571809,80,GET,/api/products [GET],16.100000,0.000000,2,2,2,2,2,4,16,17,74,74,74,7360,0,2,6.893403094970737,0.7687059987802058,852.6058299976285,120.0
1781571809,80,,Aggregated,61.300000,0.000000,3,5,5,5,6,6,17,44,74,74,74,24479,0,3,10.191090926515576,0.7687059987802058,954.5754110004054,78.11707994607623
1781571810,80,GET,/api/load/gc [GC-pressure],32.000000,0.000000,5,5,5,6,6,6,8,21,61,61,61,12351,0,5,12.8341751477639,2.237843000330031,954.5754110004054,64.04955064367257
1781571810,80,GET,/api/load/memory-light [GET],12.700000,0.000000,2,3,3,3,3,5,28,56,65,65,65,4814,0,2,8.393063144820976,1.299395997193642,858.2991319999564,50.0
1781571810,80,GET,/api/products [GET],16.000000,0.000000,2,2,2,2,2,3,4,16,17,17,17,7382,0,2,6.878210627471131,0.7687059987802058,852.6058299976285,120.0
1781571810,80,,Aggregated,60.700000,0.000000,3,5,5,5,6,6,8,21,65,65,65,24547,0,3,10.17208025751383,0.7687059987802058,954.5754110004054,78.12017761844625
1781571811,80,GET,/api/load/gc [GC-pressure],30.700000,0.000000,5,5,6,6,6,7,21,52,63,63,63,12381,0,5,12.826668700026335,2.237843000330031,954.5754110004054,64.04943057911316
1781571811,80,GET,/api/load/memory-light [GET],13.400000,0.000000,2,3,3,3,4,5,28,56,65,65,65,4829,0,2,8.38079028001139,1.299395997193642,858.2991319999564,50.0
1781571811,80,GET,/api/products [GET],16.500000,0.000000,2,2,2,2,2,3,4,16,17,17,17,7405,0,2,6.863072510192004,0.7687059987802058,852.6058299976285,120.0
1781571811,80,,Aggregated,60.600000,0.000000,3,5,5,5,6,6,16,48,65,65,65,24615,0,3,10.160425487514638,0.7687059987802058,954.5754110004054,78.12496445256957
1781571812,80,GET,/api/load/gc [GC-pressure],30.300000,0.000000,5,5,6,6,6,7,21,52,63,63,63,12411,0,5,12.808012731128951,2.237843000330031,954.5754110004054,64.04931109499637
1781571812,80,GET,/api/load/memory-light [GET],14.100000,0.000000,2,3,3,3,4,5,28,56,65,65,65,4842,0,2,8.36563969230724,1.299395997193642,858.2991319999564,50.0
1781571812,80,GET,/api/products [GET],16.900000,0.000000,2,2,2,2,2,3,4,16,17,17,17,7425,0,2,6.849273536697278,0.7687059987802058,852.6058299976285,120.0
1781571812,80,,Aggregated,61.300000,0.000000,3,5,5,5,6,6,16,48,65,65,65,24678,0,3,10.14355010155484,0.7687059987802058,954.5754110004054,78.12691466083152
1781571813,80,GET,/api/load/gc [GC-pressure],29.200000,0.000000,5,5,6,6,6,7,9,48,63,63,63,12443,0,5,12.787724879615302,2.237843000330031,954.5754110004054,64.04918428031826
1781571813,80,GET,/api/load/memory-light [GET],13.800000,0.000000,2,3,3,3,4,5,17,56,65,65,65,4851,0,2,8.354878591662466,1.299395997193642,858.2991319999564,50.0
1781571813,80,GET,/api/products [GET],17.800000,0.000000,2,2,2,2,2,3,4,16,17,17,17,7438,0,2,6.840451779507346,0.7687059987802058,852.6058299976285,120.0
1781571813,80,,Aggregated,60.800000,0.000000,3,5,5,5,6,6,9,21,65,65,65,24732,0,3,10.12964811018856,0.7687059987802058,954.5754110004054,78.12041080381692
1781571814,80,GET,/api/load/gc [GC-pressure],29.300000,0.000000,5,5,6,6,6,7,9,52,88,88,88,12470,0,5,12.77807317723172,2.237843000330031,954.5754110004054,64.04915797914995
1781571814,80,GET,/api/load/memory-light [GET],13.900000,0.000000,2,3,3,3,4,6,56,60,65,65,65,4866,0,2,8.355599377140482,1.299395997193642,858.2991319999564,50.0
1781571814,80,GET,/api/products [GET],18.000000,0.000000,2,2,2,2,2,3,9,17,22,22,22,7458,0,2,6.830494997449664,0.7687059987802058,852.6058299976285,120.0
1781571814,80,,Aggregated,61.200000,0.000000,3,5,5,5,6,7,17,52,88,88,88,24794,0,3,10.12110796080603,0.7687059987802058,954.5754110004054,78.1218439945148
1781571815,80,GET,/api/load/gc [GC-pressure],29.300000,0.000000,5,5,6,6,6,8,9,52,88,88,88,12511,0,5,12.751415573183149,2.237843000330031,954.5754110004054,64.04899688274318
1781571815,80,GET,/api/load/memory-light [GET],13.700000,0.000000,3,3,3,3,4,6,56,60,65,65,65,4875,0,2,8.344631733777277,1.299395997193642,858.2991319999564,50.0
1781571815,80,GET,/api/products [GET],18.500000,0.000000,2,2,2,2,3,3,9,17,22,22,22,7476,0,2,6.818658029558703,0.7687059987802058,852.6058299976285,120.0
1781571815,80,,Aggregated,61.500000,0.000000,3,5,5,5,6,7,17,52,88,88,88,24862,0,3,10.103343551091603,0.7687059987802058,954.5754110004054,78.11869519749014
1781571816,80,GET,/api/load/gc [GC-pressure],28.400000,0.000000,5,5,6,6,7,8,9,52,88,88,88,12537,0,5,12.735222433124235,2.237843000330031,954.5754110004054,64.0488952700008
1781571816,80,GET,/api/load/memory-light [GET],13.900000,0.000000,3,3,3,3,4,16,56,60,65,65,65,4884,0,2,8.333912113871992,1.299395997193642,858.2991319999564,50.0
1781571816,80,GET,/api/products [GET],18.000000,0.000000,2,2,2,2,3,3,4,16,22,22,22,7502,0,2,6.801678784718341,0.7687059987802058,852.6058299976285,120.0
1781571816,80,,Aggregated,60.300000,0.000000,3,5,5,5,6,7,16,52,88,88,88,24923,0,3,10.086687182569769,0.7687059987802058,954.5754110004054,78.1375035108133
1781571817,80,GET,/api/load/gc [GC-pressure],29.500000,0.000000,5,5,6,6,7,7,9,52,88,88,88,12576,0,5,12.710989429474964,2.237843000330031,954.5754110004054,64.04874363867684
1781571817,80,GET,/api/load/memory-light [GET],13.900000,0.000000,3,3,3,3,4,16,56,60,65,65,65,4891,0,2,8.325776350673038,1.299395997193642,858.2991319999564,50.0
1781571817,80,GET,/api/products [GET],18.600000,0.000000,2,2,2,2,3,4,5,16,22,22,22,7515,0,2,6.793698355286494,0.7687059987802058,852.6058299976285,120.0
1781571817,80,,Aggregated,62.000000,0.000000,3,5,5,5,6,7,16,52,88,88,88,24982,0,3,10.072428882243095,0.7687059987802058,954.5754110004054,78.1293331198463
1781571818,80,GET,/api/load/gc [GC-pressure],29.000000,0.000000,5,5,6,6,7,7,9,52,88,88,88,12606,0,5,12.693045537686189,2.237843000330031,954.5754110004054,64.04870696493734
1781571818,80,GET,/api/load/memory-light [GET],13.200000,0.000000,2,3,3,3,3,4,17,39,60,60,60,4909,0,2,8.304162546572433,1.299395997193642,858.2991319999564,50.0
1781571818,80,GET,/api/products [GET],19.100000,0.000000,2,2,2,2,3,4,4,9,22,22,22,7534,0,2,6.7812194208876395,0.7687059987802058,852.6058299976285,120.0
1781571818,80,,Aggregated,61.300000,0.000000,3,5,5,5,6,7,9,39,88,88,88,25049,0,3,10.054827462420201,0.7687059987802058,954.5754110004054,78.12399696594674
1781571819,80,GET,/api/load/gc [GC-pressure],30.400000,0.000000,5,5,6,6,7,7,9,52,88,88,88,12637,0,5,12.67320812543085,2.237843000330031,954.5754110004054,64.04858748120598
1781571819,80,GET,/api/load/memory-light [GET],12.200000,0.000000,2,3,3,3,4,4,17,39,60,60,60,4919,0,2,8.293172085408768,1.299395997193642,858.2991319999564,50.0
1781571819,80,GET,/api/products [GET],19.000000,0.000000,2,2,2,2,3,3,4,9,22,22,22,7551,0,2,6.769890894976575,0.7687059987802058,852.6058299976285,120.0
1781571819,80,,Aggregated,61.600000,0.000000,3,5,5,5,6,7,9,39,88,88,88,25107,0,3,10.039626029281216,0.7687059987802058,954.5754110004054,78.12371051897877
1781571820,80,GET,/api/load/gc [GC-pressure],30.600000,0.000000,5,5,6,6,7,7,9,9,88,88,88,12673,0,5,12.651532522219895,2.237843000330031,954.5754110004054,64.04844945948079
1781571820,80,GET,/api/load/memory-light [GET],12.500000,0.000000,2,3,3,3,3,4,6,39,60,60,60,4928,0,2,8.283838609194001,1.299395997193642,858.2991319999564,50.0
1781571820,80,GET,/api/products [GET],19.600000,0.000000,2,2,2,2,3,3,4,5,22,22,22,7569,0,2,6.758530425678799,0.7687059987802058,852.6058299976285,120.0
1781571820,80,,Aggregated,62.700000,0.000000,3,5,5,5,6,7,8,9,88,88,88,25170,0,3,10.024272749787986,0.7687059987802058,954.5754110004054,78.12340087405641
1781571821,80,GET,/api/load/gc [GC-pressure],31.600000,0.000000,5,5,6,6,7,7,9,15,88,88,88,12707,0,5,12.634855053598724,2.237843000330031,954.5754110004054,64.04831982371921
1781571821,80,GET,/api/load/memory-light [GET],11.900000,0.000000,2,3,3,3,4,6,60,61,65,65,65,4945,0,2,8.300133032986578,1.299395997193642,858.2991319999564,50.0
1781571821,80,GET,/api/products [GET],19.100000,0.000000,2,2,2,2,3,4,4,22,54,54,54,7586,0,2,6.754348979164718,0.7687059987802058,852.6058299976285,120.0
1781571821,80,,Aggregated,62.600000,0.000000,3,5,5,5,6,7,14,54,88,88,88,25238,0,3,10.017978935341198,0.7687059987802058,954.5754110004054,78.11363816467232
1781571822,80,GET,/api/load/gc [GC-pressure],31.900000,0.000000,5,5,6,6,7,7,13,18,88,88,88,12737,0,5,12.616458186942856,2.237843000330031,954.5754110004054,64.04820601397503
1781571822,80,GET,/api/load/memory-light [GET],11.500000,0.000000,3,3,3,3,5,57,65,75,76,76,76,4954,0,2,8.31967157410734,1.299395997193642,858.2991319999564,50.0
1781571822,80,GET,/api/products [GET],18.700000,0.000000,2,2,2,2,3,4,4,22,54,54,54,7605,0,2,6.7421078894082305,0.7687059987802058,852.6058299976285,120.0
1781571822,80,,Aggregated,62.100000,0.000000,3,5,5,5,6,7,18,60,88,88,88,25296,0,3,10.008903044124308,0.7687059987802058,954.5754110004054,78.1183586337761
1781571823,80,GET,/api/load/gc [GC-pressure],32.400000,0.000000,5,5,6,6,6,7,9,14,26,26,26,12773,0,5,12.594725064596979,2.237843000330031,954.5754110004054,64.04807014796837
1781571823,80,GET,/api/load/memory-light [GET],11.600000,0.000000,3,3,3,3,4,6,65,75,76,76,76,4968,0,2,8.303669233923749,1.299395997193642,858.2991319999564,50.0
1781571823,80,GET,/api/products [GET],18.100000,0.000000,2,2,2,2,3,4,5,37,54,54,54,7623,0,2,6.7380717559928724,0.7687059987802058,852.6058299976285,120.0
1781571823,80,,Aggregated,62.100000,0.000000,3,5,5,5,6,7,14,54,76,76,76,25364,0,3,9.994061386223153,0.7687059987802058,954.5754110004054,78.11252168427693
1781571824,80,GET,/api/load/gc [GC-pressure],32.700000,0.000000,5,5,6,6,6,7,8,14,26,26,26,12813,0,5,12.57158935129213,2.237843000330031,954.5754110004054,64.04792008116756
1781571824,80,GET,/api/load/memory-light [GET],11.500000,0.000000,3,3,3,3,4,6,65,75,76,76,76,4982,0,2,8.287641488993499,1.299395997193642,858.2991319999564,50.0
1781571824,80,GET,/api/products [GET],18.400000,0.000000,2,2,2,2,3,3,5,37,54,54,54,7638,0,2,6.7283442771584445,0.7687059987802058,852.6058299976285,120.0
1781571824,80,,Aggregated,62.600000,0.000000,3,5,5,5,6,7,14,54,76,76,76,25433,0,3,9.977584156222541,0.7687059987802058,954.5754110004054,78.09955569535643
1781571825,80,GET,/api/load/gc [GC-pressure],32.800000,0.000000,5,5,6,6,6,7,8,14,26,26,26,12846,0,5,12.552183103621626,2.237843000330031,954.5754110004054,64.04779697960454
1781571825,80,GET,/api/load/memory-light [GET],11.300000,0.000000,3,3,3,3,5,57,65,75,76,76,76,4991,0,2,8.289171118644694,1.299395997193642,858.2991319999564,50.0
1781571825,80,GET,/api/products [GET],18.300000,0.000000,2,2,2,2,3,4,23,54,72,72,72,7651,0,2,6.729521654547432,0.7687059987802058,852.6058299976285,120.0
1781571825,80,,Aggregated,62.400000,0.000000,3,5,5,5,6,7,18,57,76,76,76,25488,0,3,9.969560867122626,0.7687059987802058,954.5754110004054,78.0927495291902
1781571826,80,GET,/api/load/gc [GC-pressure],34.000000,0.000000,5,5,6,6,7,8,10,15,42,42,42,12891,0,5,12.528895819184578,2.237843000330031,954.5754110004054,64.04763012954774
1781571826,80,GET,/api/load/memory-light [GET],11.300000,0.000000,3,3,3,3,5,57,65,75,76,76,76,5001,0,2,8.276890876056848,1.299395997193642,858.2991319999564,50.0
1781571826,80,GET,/api/products [GET],17.900000,0.000000,2,2,2,2,3,4,23,54,72,72,72,7670,0,2,6.71797121003372,0.7687059987802058,852.6058299976285,120.0
1781571826,80,,Aggregated,63.200000,0.000000,3,5,5,5,6,8,23,57,76,76,76,25562,0,3,9.953429561741153,0.7687059987802058,954.5754110004054,78.08809952272905
1781571827,80,GET,/api/load/gc [GC-pressure],33.700000,0.000000,5,5,6,6,7,8,9,15,42,42,42,12914,0,5,12.515473095099138,2.237843000330031,954.5754110004054,64.04754529967477
1781571827,80,GET,/api/load/memory-light [GET],11.600000,0.000000,3,3,3,3,5,57,65,75,76,76,76,5012,0,2,8.26428670893275,1.299395997193642,858.2991319999564,50.0
1781571827,80,GET,/api/products [GET],17.400000,0.000000,2,2,2,2,3,4,23,54,72,72,72,7689,0,2,6.706407707370736,0.7687059987802058,852.6058299976285,120.0
1781571827,80,,Aggregated,62.700000,0.000000,3,5,5,5,6,8,23,57,76,76,76,25615,0,3,9.939917759018341,0.7687059987802058,954.5754110004054,78.09447589303143
1781571828,80,GET,/api/load/gc [GC-pressure],35.300000,0.000000,5,5,6,6,7,8,10,15,42,42,42,12943,0,5,12.498796483591773,2.237843000330031,954.5754110004054,64.0474387699915
1781571828,80,GET,/api/load/memory-light [GET],11.700000,0.000000,3,3,3,3,5,57,65,75,76,76,76,5023,0,2,8.251815994063865,1.299395997193642,858.2991319999564,50.0
1781571828,80,GET,/api/products [GET],16.500000,0.000000,2,2,2,2,3,3,23,54,72,72,72,7711,0,2,6.692947027877187,0.7687059987802058,852.6058299976285,120.0
1781571828,80,,Aggregated,63.500000,0.000000,3,5,5,5,6,8,23,57,76,76,76,25677,0,3,9.924450253428052,0.7687059987802058,954.5754110004054,78.10242629590684
1781571829,80,GET,/api/load/gc [GC-pressure],33.700000,0.000000,5,5,6,6,7,8,14,26,59,59,59,12975,0,5,12.485375012417915,2.237843000330031,954.5754110004054,64.04732177263969
1781571829,80,GET,/api/load/memory-light [GET],12.000000,0.000000,3,3,3,3,5,57,65,75,76,76,76,5039,0,2,8.245586047067166,1.299395997193642,858.2991319999564,50.0
1781571829,80,GET,/api/products [GET],17.300000,0.000000,2,2,2,2,3,3,23,54,72,72,72,7730,0,2,6.68052189675936,0.7687059987802058,852.6058299976285,120.0
1781571829,80,,Aggregated,63.000000,0.000000,3,5,5,5,6,8,37,59,76,76,76,25744,0,3,9.912510998261489,0.7687059987802058,954.5754110004054,78.09835301429459
1781571830,80,GET,/api/load/gc [GC-pressure],34.000000,0.000000,5,5,6,6,6,7,9,12,59,59,59,13008,0,5,12.46571526999754,2.237843000330031,954.5754110004054,64.04720172201722
1781571830,80,GET,/api/load/memory-light [GET],11.600000,0.000000,2,3,3,3,4,6,57,75,76,76,76,5049,0,2,8.234734620947405,1.299395997193642,858.2991319999564,50.0
1781571830,80,GET,/api/products [GET],17.600000,0.000000,2,2,2,2,3,3,4,37,72,72,72,7748,0,2,6.669198037683394,0.7687059987802058,852.6058299976285,120.0
1781571830,80,,Aggregated,63.200000,0.000000,3,5,5,5,6,7,10,56,76,76,76,25805,0,3,9.897467379549017,0.7687059987802058,954.5754110004054,78.09866304979656
1781571831,80,GET,/api/load/gc [GC-pressure],33.700000,0.000000,5,5,6,6,6,8,9,28,138000,138000,138000,13044,1,5,23.03667454945931,2.237843000330031,138163.98522600502,64.04216498006747
1781571831,80,GET,/api/load/memory-light [GET],11.800000,0.000000,2,3,3,3,4,5,7,56,57,57,57,5059,0,2,8.22345542304142,1.299395997193642,858.2991319999564,50.0
1781571831,80,GET,/api/products [GET],18.100000,0.000000,2,2,2,2,3,3,4,37,72,72,72,7765,0,2,6.658236009782946,0.7687059987802058,852.6058299976285,120.0
1781571831,80,,Aggregated,63.600000,0.000000,3,5,5,5,6,7,9,42,138000,138000,138000,25868,1,3,15.223211938467541,0.7687059987802058,138163.98522600502,78.09324261635999
1781571832,80,GET,/api/load/gc [GC-pressure],33.200000,0.000000,5,5,6,6,7,8,9,28,138000,138000,138000,13077,1,5,22.99140769902489,2.237843000330031,138163.98522600502,64.04205857612602
1781571832,80,GET,/api/load/memory-light [GET],12.100000,0.000000,2,3,3,3,4,5,7,56,57,57,57,5070,0,2,8.211025191552265,1.299395997193642,858.2991319999564,50.0
1781571832,80,GET,/api/products [GET],18.000000,0.000000,2,2,2,2,3,3,4,23,72,72,72,7781,0,2,6.650645057443694,0.7687059987802058,852.6058299976285,120.0
1781571832,80,,Aggregated,63.300000,0.000000,3,5,5,5,6,7,9,42,138000,138000,138000,25928,1,3,15.197362133341866,0.7687059987802058,138163.98522600502,78.08924714594261
1781571833,80,GET,/api/load/gc [GC-pressure],33.700000,0.100000,5,5,6,6,7,7,9,28,138000,138000,138000,13107,1,5,22.950099488757793,2.237843000330031,138163.98522600502,64.04196231021592
1781571833,80,GET,/api/load/memory-light [GET],11.300000,0.000000,2,3,3,3,4,5,7,56,57,57,57,5085,0,2,8.194591000226234,1.299395997193642,858.2991319999564,50.0
1781571833,80,GET,/api/products [GET],17.900000,0.000000,2,2,2,2,3,3,4,23,72,72,72,7797,0,2,6.640460528276363,0.7687059987802058,852.6058299976285,120.0
1781571833,80,,Aggregated,62.900000,0.100000,3,5,5,5,6,7,9,42,138000,138000,138000,25989,1,3,15.169961136414237,0.7687059987802058,138163.98522600502,78.08257339643696
1781571834,80,GET,/api/load/gc [GC-pressure],33.500000,0.100000,5,5,6,6,7,8,10,42,138000,138000,138000,13137,1,5,22.9085617763666,2.237843000330031,138163.98522600502,64.04186648397655
1781571834,80,GET,/api/load/memory-light [GET],11.600000,0.000000,2,3,3,3,4,4,6,7,56,56,56,5099,0,2,8.17847189667598,1.299395997193642,858.2991319999564,50.0
1781571834,80,GET,/api/products [GET],17.500000,0.000000,2,2,2,2,3,3,4,4,23,23,23,7815,0,2,6.629288195642937,0.7687059987802058,852.6058299976285,120.0
1781571834,80,,Aggregated,62.600000,0.100000,3,5,5,5,6,7,8,23,138000,138000,138000,26051,1,3,15.141825323643177,0.7687059987802058,138163.98522600502,78.08022724655484
1781571835,80,GET,/api/load/gc [GC-pressure],33.400000,0.100000,5,5,6,6,7,7,9,28,138000,138000,138000,13181,1,5,22.847890748892432,2.237843000330031,138163.98522600502,64.04172672786586
1781571835,80,GET,/api/load/memory-light [GET],12.000000,0.000000,2,3,3,3,4,4,6,7,56,56,56,5108,0,2,8.168344881198442,1.299395997193642,858.2991319999564,50.0
1781571835,80,GET,/api/products [GET],17.500000,0.000000,2,2,2,2,3,3,4,4,23,23,23,7827,0,2,6.622062112423506,0.7687059987802058,852.6058299976285,120.0
1781571835,80,,Aggregated,62.900000,0.100000,3,5,5,5,6,7,8,12,138000,138000,138000,26116,1,3,15.113831894939944,0.7687059987802058,138163.98522600502,78.06608975340787
1781571836,80,GET,/api/load/gc [GC-pressure],32.600000,0.100000,5,5,6,6,7,7,9,28,138000,138000,138000,13219,1,5,22.797836382187278,2.237843000330031,138163.98522600502,64.0416067781224
1781571836,80,GET,/api/load/memory-light [GET],11.900000,0.000000,2,3,3,3,4,5,7,47,56,56,56,5121,0,2,8.161958428856417,1.299395997193642,858.2991319999564,50.0
1781571836,80,GET,/api/products [GET],18.000000,0.000000,2,2,2,2,3,3,4,15,23,23,23,7853,0,2,6.607705258621228,0.7687059987802058,852.6058299976285,120.0
1781571836,80,,Aggregated,62.500000,0.100000,3,5,5,5,6,7,9,28,138000,138000,138000,26193,1,3,15.082361609829338,0.7687059987802058,138163.98522600502,78.07337838353759
1781571837,80,GET,/api/load/gc [GC-pressure],33.400000,0.100000,5,5,6,6,6,7,8,28,138000,138000,138000,13251,1,5,22.754244629698963,2.237843000330031,138163.98522600502,64.04150630141122
1781571837,80,GET,/api/load/memory-light [GET],11.600000,0.000000,2,3,3,3,4,5,7,47,56,56,56,5132,0,2,8.1499645286785,1.299395997193642,858.2991319999564,50.0
1781571837,80,GET,/api/products [GET],17.700000,0.000000,2,2,2,2,3,3,4,15,23,23,23,7868,0,2,6.599007271980366,0.7687059987802058,852.6058299976285,120.0
1781571837,80,,Aggregated,62.700000,0.100000,3,5,5,5,6,7,8,28,138000,138000,138000,26251,1,3,15.057068407499164,0.7687059987802058,138163.98522600502,78.06841644127843
1781571838,80,GET,/api/load/gc [GC-pressure],32.900000,0.100000,5,5,6,6,6,7,8,9,138000,138000,138000,13279,1,5,22.716383160414356,2.237843000330031,138163.98522600502,64.04141878153476
1781571838,80,GET,/api/load/memory-light [GET],12.000000,0.000000,2,3,3,3,4,5,6,47,67,67,67,5146,0,2,8.147924630819231,1.299395997193642,858.2991319999564,50.0
1781571838,80,GET,/api/products [GET],18.300000,0.000000,2,2,2,2,3,3,4,15,23,23,23,7894,0,2,6.583380471738046,0.7687059987802058,852.6058299976285,120.0
1781571838,80,,Aggregated,63.200000,0.100000,3,5,5,5,6,6,8,15,138000,138000,138000,26319,1,3,15.029039005328398,0.7687059987802058,138163.98522600502,78.07994224704586
1781571839,80,GET,/api/load/gc [GC-pressure],33.200000,0.100000,5,5,6,6,6,7,9,10,138000,138000,138000,13311,1,5,22.674706793566198,2.237843000330031,138163.98522600502,64.0413192096762
1781571839,80,GET,/api/load/memory-light [GET],11.800000,0.000000,2,3,3,3,4,5,7,47,67,67,67,5160,0,2,8.134006643065154,1.299395997193642,858.2991319999564,50.0
1781571839,80,GET,/api/products [GET],17.700000,0.000000,2,2,2,2,3,3,4,15,23,23,23,7911,0,2,6.57295345581375,0.7687059987802058,852.6058299976285,120.0
1781571839,80,,Aggregated,62.700000,0.100000,3,5,5,5,6,7,8,19,138000,138000,138000,26382,1,3,15.002392964760762,0.7687059987802058,138163.98522600502,78.07497536198923
1781571840,80,GET,/api/load/gc [GC-pressure],33.500000,0.100000,5,5,6,6,6,7,8,10,33,33,33,13340,1,5,22.636373741691536,2.237843000330031,138163.98522600502,64.04122938530735
1781571840,80,GET,/api/load/memory-light [GET],11.900000,0.000000,2,3,3,3,4,5,7,47,67,67,67,5170,0,2,8.122373889014902,1.299395997193642,858.2991319999564,50.0
1781571840,80,GET,/api/products [GET],18.100000,0.000000,2,2,2,2,3,3,4,15,23,23,23,7931,0,2,6.561220841373741,0.7687059987802058,852.6058299976285,120.0
1781571840,80,,Aggregated,63.500000,0.100000,3,5,5,5,6,7,8,15,67,67,67,26441,1,3,14.976700624534143,0.7687059987802058,138163.98522600502,78.08063235127264
1781571841,80,GET,/api/load/gc [GC-pressure],33.500000,0.100000,5,5,6,6,6,7,8,10,33,33,33,13369,1,5,22.597490601253543,2.237843000330031,138163.98522600502,64.04113995063206
1781571841,80,GET,/api/load/memory-light [GET],11.800000,0.000000,2,3,3,3,4,5,7,47,67,67,67,5185,0,2,8.105861573039611,1.299395997193642,858.2991319999564,50.0
1781571841,80,GET,/api/products [GET],18.000000,0.000000,2,2,2,2,3,3,4,4,15,15,15,7951,0,2,6.5491883557969,0.7687059987802058,852.6058299976285,120.0
1781571841,80,,Aggregated,63.300000,0.100000,3,5,5,5,6,6,8,10,67,67,67,26505,1,3,14.948399951756656,0.7687059987802058,138163.98522600502,78.08096585549896
1781571842,80,GET,/api/load/gc [GC-pressure],33.700000,0.100000,5,5,6,6,6,7,10,22,49,49,49,13398,1,5,22.56425905367697,2.237843000330031,138163.98522600502,64.04105090311987
1781571842,80,GET,/api/load/memory-light [GET],11.800000,0.000000,2,3,3,3,3,5,7,47,67,67,67,5197,0,2,8.092451674855923,1.299395997193642,858.2991319999564,50.0
1781571842,80,GET,/api/products [GET],17.800000,0.000000,2,2,2,2,3,3,10,21,31,31,31,7977,0,2,6.541185699004523,0.7687059987802058,852.6058299976285,120.0
1781571842,80,,Aggregated,63.300000,0.100000,3,5,5,5,6,6,10,22,67,67,67,26572,1,3,14.9236584553797,0.7687059987802058,138163.98522600502,78.09393346379647
1781571843,80,GET,/api/load/gc [GC-pressure],32.500000,0.000000,5,5,6,6,6,7,22,33,77,77,77,13424,1,5,22.538735728558766,2.237843000330031,138163.98522600502,64.04104588796186
1781571843,80,GET,/api/load/memory-light [GET],12.300000,0.000000,2,3,3,3,3,5,7,47,67,67,67,5209,0,2,8.079688374779085,1.299395997193642,858.2991319999564,50.0
1781571843,80,GET,/api/products [GET],18.600000,0.000000,2,2,2,2,3,4,21,31,45,45,45,8002,0,2,6.53618944450964,0.7687059987802058,852.6058299976285,120.0
1781571843,80,,Aggregated,63.400000,0.000000,3,5,5,5,6,7,21,33,77,77,77,26635,1,3,14.903310422352666,0.7687059987802058,138163.98522600502,78.10688943119955
1781571844,80,GET,/api/load/gc [GC-pressure],32.000000,0.000000,5,5,6,6,6,8,22,33,77,77,77,13459,1,5,22.493350409849143,2.237843000330031,138163.98522600502,64.04093914852515
1781571844,80,GET,/api/load/memory-light [GET],12.700000,0.000000,2,3,3,3,3,5,7,47,67,67,67,5218,0,2,8.069903758954599,1.299395997193642,858.2991319999564,50.0
1781571844,80,GET,/api/products [GET],19.500000,0.000000,2,2,2,2,3,4,21,31,45,45,45,8022,0,2,6.524200824602631,0.7687059987802058,852.6058299976285,120.0
1781571844,80,,Aggregated,64.200000,0.000000,3,5,5,5,6,7,21,33,77,77,77,26699,1,3,14.876358664944268,0.7687059987802058,138163.98522600502,78.110303756695
1781571845,79,GET,/api/load/gc [GC-pressure],31.700000,0.000000,5,6,6,6,7,14,49,77,100,100,100,13492,1,5,22.47678359940352,2.237843000330031,138163.98522600502,64.04106136970056
1781571845,79,GET,/api/load/memory-light [GET],12.400000,0.000000,2,3,3,3,4,7,47,67,110,110,110,5231,0,2,8.078435166551364,1.299395997193642,858.2991319999564,50.0
1781571845,79,GET,/api/products [GET],20.300000,0.000000,2,2,2,2,3,7,31,45,62,62,62,8045,0,2,6.52498820558985,0.7687059987802058,852.6058299976285,120.0
1781571845,79,,Aggregated,64.400000,0.000000,3,5,5,5,6,10,43,64,110,110,110,26768,1,3,14.868820561616587,0.7687059987802058,138163.98522600502,78.11536162582188
1781571846,78,GET,/api/load/gc [GC-pressure],32.300000,0.000000,5,6,6,6,7,13,49,77,100,100,100,13530,1,5,22.428805728245436,2.237843000330031,138163.98522600502,64.0409460458241
1781571846,78,GET,/api/load/memory-light [GET],11.900000,0.000000,2,3,3,3,5,7,22,67,110,110,110,5238,0,2,8.075263740024019,1.299395997193642,858.2991319999564,50.0
1781571846,78,GET,/api/products [GET],20.500000,0.000000,2,2,2,2,3,7,43,52,62,62,62,8058,0,2,6.5237253574060405,0.7687059987802058,852.6058299976285,120.0
1781571846,78,,Aggregated,64.700000,0.000000,3,5,5,5,6,10,43,64,110,110,110,26826,1,3,14.84858539862016,0.7687059987802058,138163.98522600502,78.10832774174308
1781571847,77,GET,/api/load/gc [GC-pressure],30.900000,0.000000,5,6,6,6,7,14,58,80,100,100,100,13566,1,5,22.38778827628981,2.237843000330031,138163.98522600502,64.04091110128262
1781571847,77,GET,/api/load/memory-light [GET],12.400000,0.000000,2,3,3,3,5,13,67,74,110,110,110,5249,0,2,8.087337270958226,1.299395997193642,858.2991319999564,50.0
1781571847,77,GET,/api/products [GET],21.100000,0.000000,2,2,2,2,3,13,45,52,62,62,62,8077,0,2,6.5238363274727575,0.7687059987802058,852.6058299976285,120.0
1781571847,77,,Aggregated,64.400000,0.000000,3,5,5,6,6,13,52,74,110,110,110,26892,1,3,14.831778785824959,0.7687059987802058,138163.98522600502,78.10757846199613
1781571848,76,GET,/api/load/gc [GC-pressure],30.700000,0.000000,5,5,6,6,7,13,58,80,100,100,100,13594,1,5,22.35138621929805,2.237843000330031,138163.98522600502,64.04082683536855
1781571848,76,GET,/api/load/memory-light [GET],11.700000,0.000000,2,3,3,3,5,7,53,74,110,110,110,5260,0,2,8.076493287123547,1.299395997193642,858.2991319999564,50.0
1781571848,76,GET,/api/products [GET],21.100000,0.000000,2,2,2,2,3,13,45,52,62,62,62,8096,0,2,6.512349838686198,0.7687059987802058,852.6058299976285,120.0
1781571848,76,,Aggregated,63.500000,0.000000,3,5,5,6,6,13,51,74,110,110,110,26950,1,3,14.80709028754772,0.7687059987802058,138163.98522600502,78.11098330241187
1781571849,74,GET,/api/load/gc [GC-pressure],31.800000,0.000000,5,6,6,6,7,21,58,80,100,100,100,13630,1,5,22.310747458701233,2.237843000330031,138163.98522600502,64.04071900220103
1781571849,74,GET,/api/load/memory-light [GET],12.000000,0.000000,2,3,3,3,5,13,74,110,110,110,110,5265,0,2,8.072052102043768,1.299395997193642,858.2991319999564,50.0
1781571849,74,GET,/api/products [GET],20.800000,0.000000,2,2,2,2,4,22,47,52,62,62,62,8113,0,2,6.5108527528657305,0.7687059987802058,852.6058299976285,120.0
1781571849,74,,Aggregated,64.600000,0.000000,3,5,5,6,6,21,51,74,110,110,110,27008,1,3,14.7888548046267,0.7687059987802058,138163.98522600502,78.11333678909952
1781571850,73,GET,/api/load/gc [GC-pressure],31.000000,0.000000,5,6,6,6,7,21,58,80,100,100,100,13650,1,5,22.28537970520927,2.237843000330031,138163.98522600502,64.04065934065935
1781571850,73,GET,/api/load/memory-light [GET],11.800000,0.000000,2,3,3,3,5,13,74,110,110,110,110,5276,0,2,8.060523391254199,1.299395997193642,858.2991319999564,50.0
1781571850,73,GET,/api/products [GET],20.600000,0.000000,2,2,2,2,4,22,47,52,62,62,62,8134,0,2,6.498173301450908,0.7687059987802058,852.6058299976285,120.0
1781571850,73,,Aggregated,63.400000,0.000000,3,5,5,6,6,21,51,74,110,110,110,27060,1,3,14.766404139776991,0.7687059987802058,138163.98522600502,78.1239837398374
1781571851,72,GET,/api/load/gc [GC-pressure],31.700000,0.000000,5,6,6,6,7,21,58,80,100,100,100,13687,1,5,22.238090778994405,2.237843000330031,138163.98522600502,64.04054942646307
1781571851,72,GET,/api/load/memory-light [GET],11.000000,0.000000,2,3,3,3,5,13,74,110,110,110,110,5286,0,2,8.050520091236086,1.299395997193642,858.2991319999564,50.0
1781571851,72,GET,/api/products [GET],20.000000,0.000000,2,2,2,2,3,22,47,52,62,62,62,8154,0,2,6.486392995586614,0.7687059987802058,852.6058299976285,120.0
1781571851,72,,Aggregated,62.700000,0.000000,3,5,5,6,6,14,51,74,110,110,110,27127,1,3,14.738741703114375,0.7687059987802058,138163.98522600502,78.12522578980352
1781571852,71,GET,/api/load/gc [GC-pressure],30.900000,0.000000,5,6,6,6,7,9,43,80,100,100,100,13710,1,5,22.209158029473727,2.237843000330031,138163.98522600502,64.04048140043764
1781571852,71,GET,/api/load/memory-light [GET],10.800000,0.000000,3,3,3,3,5,13,74,110,110,110,110,5301,0,2,8.036549590695946,1.299395997193642,858.2991319999564,50.0
1781571852,71,GET,/api/products [GET],20.700000,0.000000,2,2,2,2,3,7,47,52,62,62,62,8167,0,2,6.479058697564643,0.7687059987802058,852.6058299976285,120.0
1781571852,71,,Aggregated,62.400000,0.000000,3,5,5,6,6,9,47,64,110,110,110,27178,1,3,14.717925467193114,0.7687059987802058,138163.98522600502,78.11777908602546
1781571853,70,GET,/api/load/gc [GC-pressure],32.100000,0.000000,5,6,6,6,7,9,43,80,100,100,100,13733,1,5,22.18021444819712,2.237843000330031,138163.98522600502,64.0404136022719
1781571853,70,GET,/api/load/memory-light [GET],10.400000,0.000000,3,3,3,3,5,13,74,110,110,110,110,5314,0,2,8.023987717404923,1.299395997193642,858.2991319999564,50.0
1781571853,70,GET,/api/products [GET],20.100000,0.000000,2,2,2,2,3,6,47,52,62,62,62,8191,0,2,6.465642806373701,0.7687059987802058,852.6058299976285,120.0
1781571853,70,,Aggregated,62.600000,0.000000,3,5,5,6,6,8,51,64,110,110,110,27238,1,3,14.692724721873406,0.7687059987802058,138163.98522600502,78.12934136133343
1781571854,69,GET,/api/load/gc [GC-pressure],31.500000,0.000000,5,5,6,6,6,7,21,58,80,80,80,13759,1,5,22.147062089547344,2.237843000330031,138163.98522600502,64.04033723381059
1781571854,69,GET,/api/load/memory-light [GET],10.200000,0.000000,3,3,3,3,5,6,53,74,74,74,74,5324,0,2,8.013544919103838,1.299395997193642,858.2991319999564,50.0
1781571854,69,GET,/api/products [GET],18.800000,0.000000,2,2,2,2,3,6,47,52,62,62,62,8207,0,2,6.456487503350166,0.7687059987802058,852.6058299976285,120.0
1781571854,69,,Aggregated,60.500000,0.000000,3,5,5,5,6,7,43,53,80,80,80,27290,1,3,14.67108586952677,0.7687059987802058,138163.98522600502,78.13012092341518
1781571855,67,GET,/api/load/gc [GC-pressure],30.700000,0.000000,5,5,6,6,6,7,8,40,80,80,80,13784,1,5,22.115827363109087,2.237843000330031,138163.98522600502,64.04026407428903
1781571855,67,GET,/api/load/memory-light [GET],10.300000,0.000000,3,3,3,3,5,6,53,74,74,74,74,5332,0,2,8.010039539068691,1.299395997193642,858.2991319999564,50.0
1781571855,67,GET,/api/products [GET],18.700000,0.000000,2,2,2,2,3,3,22,47,51,51,51,8224,0,2,6.44728852577902,0.7687059987802058,852.6058299976285,120.0
1781571855,67,,Aggregated,59.700000,0.000000,3,5,5,5,6,6,9,43,80,80,80,27340,1,3,14.65166774072482,0.7687059987802058,138163.98522600502,78.13500365764448
1781571856,66,GET,/api/load/gc [GC-pressure],29.900000,0.000000,5,5,6,6,6,7,7,9,43,43,43,13815,1,5,22.07722790822129,2.237843000330031,138163.98522600502,64.0401737242128
1781571856,66,GET,/api/load/memory-light [GET],10.500000,0.000000,3,3,3,3,4,5,6,6,26,26,26,5352,0,2,7.990202599834616,1.299395997193642,858.2991319999564,50.0
1781571856,66,GET,/api/products [GET],18.400000,0.000000,2,2,2,2,2,3,4,22,47,47,47,8234,0,2,6.441661186180089,0.7687059987802058,852.6058299976285,120.0
1781571856,66,,Aggregated,58.800000,0.000000,3,5,5,5,6,6,7,9,47,47,47,27401,1,3,14.627243752906786,0.7687059987802058,138163.98522600502,78.11375497244626
1781571857,65,GET,/api/load/gc [GC-pressure],29.500000,0.000000,5,5,6,6,6,7,8,13,43,43,43,13836,1,5,22.051536405254286,2.237843000330031,138163.98522600502,64.04018502457357
1781571857,65,GET,/api/load/memory-light [GET],10.300000,0.000000,3,3,3,3,4,5,6,6,26,26,26,5363,0,2,7.97968361147184,1.299395997193642,858.2991319999564,50.0
1781571857,65,GET,/api/products [GET],18.200000,0.000000,2,2,2,2,2,3,4,22,47,47,47,8249,0,2,6.433428288157995,0.7687059987802058,852.6058299976285,120.0
1781571857,65,,Aggregated,58.000000,0.000000,3,5,5,5,6,6,7,13,47,47,47,27448,1,3,14.608330328637317,0.7687059987802058,138163.98522600502,78.11461672981638
1781571858,64,GET,/api/load/gc [GC-pressure],28.600000,0.000000,5,5,6,6,6,7,7,8,13,13,13,13868,1,5,22.01230342414743,2.237843000330031,138163.98522600502,64.04009229881743
1781571858,64,GET,/api/load/memory-light [GET],11.300000,0.000000,3,3,3,3,4,5,5,6,26,26,26,5378,0,2,7.9641566701979025,1.299395997193642,858.2991319999564,50.0
1781571858,64,GET,/api/products [GET],17.400000,0.000000,2,2,2,2,2,3,3,4,6,6,6,8263,0,2,6.42530326963668,0.7687059987802058,852.6058299976285,120.0
1781571858,64,,Aggregated,57.300000,0.000000,3,4,5,5,6,6,7,7,26,26,26,27509,1,3,14.583959408753817,0.7687059987802058,138163.98522600502,78.10418408520847
1781571859,63,GET,/api/load/gc [GC-pressure],27.300000,0.000000,5,6,6,6,6,7,7,8,13,13,13,13888,1,5,21.988375469548203,2.237843000330031,138163.98522600502,64.04003456221199
1781571859,63,GET,/api/load/memory-light [GET],11.500000,0.000000,3,3,3,3,4,5,5,6,26,26,26,5386,0,2,7.955902900913781,1.299395997193642,858.2991319999564,50.0
1781571859,63,GET,/api/products [GET],17.600000,0.000000,2,2,2,2,2,3,3,4,6,6,6,8282,0,2,6.414760152258809,0.7687059987802058,852.6058299976285,120.0
1781571859,63,,Aggregated,56.400000,0.000000,3,5,5,5,6,6,7,7,26,26,26,27556,1,3,14.56496208181211,0.7687059987802058,138163.98522600502,78.11467556974887
1781571860,62,GET,/api/load/gc [GC-pressure],27.100000,0.000000,5,6,6,6,6,7,7,8,13,13,13,13909,1,5,21.962450474663623,2.237843000330031,138163.98522600502,64.0399741174779
1781571860,62,GET,/api/load/memory-light [GET],11.400000,0.000000,3,3,3,3,4,5,5,6,26,26,26,5403,0,2,7.939182535503065,1.299395997193642,858.2991319999564,50.0
1781571860,62,GET,/api/products [GET],16.400000,0.000000,2,2,2,2,3,3,4,4,6,6,6,8294,0,2,6.408681724983965,0.7687059987802058,852.6058299976285,120.0
1781571860,62,,Aggregated,54.900000,0.000000,3,4,5,5,6,6,7,8,26,26,26,27606,1,3,14.544835655960169,0.7687059987802058,138163.98522600502,78.10483228283707
1781571861,60,GET,/api/load/gc [GC-pressure],25.900000,0.000000,5,6,6,6,6,7,7,8,13,13,13,13934,1,5,21.931798963761416,2.237843000330031,138163.98522600502,64.0399023970145
1781571861,60,GET,/api/load/memory-light [GET],11.800000,0.000000,3,3,3,3,3,4,5,5,26,26,26,5412,0,2,7.929706446663107,1.299395997193642,858.2991319999564,50.0
1781571861,60,GET,/api/products [GET],16.900000,0.000000,2,2,2,2,3,3,4,4,6,6,6,8305,0,2,6.402687041421434,0.7687059987802058,852.6058299976285,120.0
1781571861,60,,Aggregated,54.600000,0.000000,3,4,5,5,6,6,7,8,26,26,26,27651,1,3,14.52705413653746,0.7687059987802058,138163.98522600502,78.09959856786374
1781571862,59,GET,/api/load/gc [GC-pressure],25.900000,0.000000,5,6,6,6,6,7,12,43,71,71,71,13962,1,5,21.90957598603739,2.237843000330031,138163.98522600502,64.0399656209712
1781571862,59,GET,/api/load/memory-light [GET],12.200000,0.000000,2,3,3,3,4,4,5,5,26,26,26,5419,0,2,7.923026926066716,1.299395997193642,858.2991319999564,50.0
1781571862,59,GET,/api/products [GET],16.000000,0.000000,2,2,2,2,2,3,4,4,58,58,58,8317,0,2,6.402813815799267,0.7687059987802058,852.6058299976285,120.0
1781571862,59,,Aggregated,54.100000,0.000000,3,5,5,5,6,6,8,26,71,71,71,27698,1,3,14.516881555903389,0.7687059987802058,138163.98522600502,78.09646905913785
1781571863,58,GET,/api/load/gc [GC-pressure],24.300000,0.000000,5,5,6,6,6,7,12,43,71,71,71,13989,1,5,21.875985011512793,2.237843000330031,138163.98522600502,64.03988848380871
1781571863,58,GET,/api/load/memory-light [GET],12.700000,0.000000,2,3,3,3,4,4,5,5,26,26,26,5425,0,2,7.917848070111064,1.299395997193642,858.2991319999564,50.0
1781571863,58,GET,/api/products [GET],15.400000,0.000000,2,2,2,2,2,3,4,4,58,58,58,8331,0,2,6.395195402470869,0.7687059987802058,852.6058299976285,120.0
1781571863,58,,Aggregated,52.400000,0.000000,3,5,5,5,6,6,8,26,71,71,71,27745,1,3,14.49831872425265,0.7687059987802058,138163.98522600502,78.09781942692376
1781571864,57,GET,/api/load/gc [GC-pressure],25.000000,0.000000,5,5,6,6,6,8,12,43,71,71,71,14015,1,5,21.844563350415612,2.237843000330031,138163.98522600502,64.03981448448091
1781571864,57,GET,/api/load/memory-light [GET],12.000000,0.000000,2,3,3,3,4,4,5,5,5,5,5,5436,0,2,7.907189200028568,1.299395997193642,858.2991319999564,50.0
1781571864,57,GET,/api/products [GET],15.100000,0.000000,2,2,2,2,3,3,3,4,58,58,58,8344,0,2,6.3884101345829825,0.7687059987802058,852.6058299976285,120.0
1781571864,57,,Aggregated,52.100000,0.000000,3,5,5,5,6,6,9,13,71,71,71,27795,1,3,14.478860586810237,0.7687059987802058,138163.98522600502,78.09311027163159
1781571865,56,GET,/api/load/gc [GC-pressure],25.700000,0.000000,5,6,6,6,6,8,12,43,71,71,71,14034,1,5,21.82146587445286,2.237843000330031,138163.98522600502,64.03976058144507
1781571865,56,GET,/api/load/memory-light [GET],11.400000,0.000000,2,3,3,3,4,4,4,5,5,5,5,5442,0,2,7.901163184742412,1.299395997193642,858.2991319999564,50.0
1781571865,56,GET,/api/products [GET],14.200000,0.000000,2,2,2,2,3,3,3,4,58,58,58,8357,0,2,6.381877764264477,0.7687059987802058,852.6058299976285,120.0
1781571865,56,,Aggregated,51.300000,0.000000,3,5,5,5,6,6,10,13,71,71,71,27833,1,3,14.463907398031036,0.7687059987802058,138163.98522600502,78.09700714978622
1781571866,55,GET,/api/load/gc [GC-pressure],25.600000,0.000000,5,6,6,6,6,7,10,43,71,71,71,14055,1,5,21.79583120562558,2.237843000330031,138163.98522600502,64.03970117395944
1781571866,55,GET,/api/load/memory-light [GET],11.000000,0.000000,2,3,3,3,4,4,5,6,6,6,6,5453,0,2,7.892129840340284,1.299395997193642,858.2991319999564,50.0
1781571866,55,GET,/api/products [GET],13.700000,0.000000,2,2,2,2,3,3,3,4,58,58,58,8372,0,2,6.373318015163762,0.7687059987802058,852.6058299976285,120.0
1781571866,55,,Aggregated,50.300000,0.000000,3,5,5,5,6,6,8,11,71,71,71,27880,1,3,14.445251436061481,0.7687059987802058,138163.98522600502,78.09784791965566
1781571867,53,GET,/api/load/gc [GC-pressure],25.100000,0.000000,5,6,6,6,6,7,10,43,71,71,71,14068,1,5,21.78037198834706,2.237843000330031,138163.98522600502,64.0396644867785
1781571867,53,GET,/api/load/memory-light [GET],10.700000,0.000000,2,3,3,3,4,5,5,6,6,6,6,5465,0,2,7.880698777380289,1.299395997193642,858.2991319999564,50.0
1781571867,53,GET,/api/products [GET],13.600000,0.000000,2,2,2,2,3,3,3,4,58,58,58,8385,0,2,6.366266154437481,0.7687059987802058,852.6058299976285,120.0
1781571867,53,,Aggregated,49.400000,0.000000,3,5,5,5,6,6,8,11,71,71,71,27918,1,3,14.429953207801704,0.7687059987802058,138163.98522600502,78.09871767318576
1781571868,52,GET,/api/load/gc [GC-pressure],24.400000,0.000000,5,6,6,6,6,7,10,43,71,71,71,14082,1,5,21.763630302803957,2.237843000330031,138163.98522600502,64.03962505325948
1781571868,52,GET,/api/load/memory-light [GET],10.200000,0.000000,2,3,3,3,4,5,5,6,6,6,6,5476,0,2,7.8699050378714475,1.299395997193642,858.2991319999564,50.0
1781571868,52,GET,/api/products [GET],13.600000,0.000000,2,2,2,2,3,3,3,4,58,58,58,8402,0,2,6.357069073189894,0.7687059987802058,852.6058299976285,120.0
1781571868,52,,Aggregated,48.200000,0.000000,3,4,5,5,6,6,8,11,71,71,71,27960,1,3,14.412844644649887,0.7687059987802058,138163.98522600502,78.10608011444921
1781571869,51,GET,/api/load/gc [GC-pressure],23.700000,0.000000,5,6,6,6,6,7,11,64,71,71,71,14103,1,5,21.738506358440286,2.237843000330031,138163.98522600502,64.03956604977664
1781571869,51,GET,/api/load/memory-light [GET],9.700000,0.000000,3,3,3,3,4,5,5,6,6,6,6,5481,0,2,7.865284470969003,1.299395997193642,858.2991319999564,50.0
1781571869,51,GET,/api/products [GET],13.400000,0.000000,2,2,2,2,3,3,3,24,58,58,58,8416,0,2,6.352028329603142,0.7687059987802058,852.6058299976285,120.0
1781571869,51,,Aggregated,46.800000,0.000000,3,5,5,5,6,6,9,24,71,71,71,28000,1,3,14.398087492157304,0.7687059987802058,138163.98522600502,78.11142857142858
1781571870,50,GET,/api/load/gc [GC-pressure],22.300000,0.000000,5,6,6,6,6,7,11,64,71,71,71,14124,1,5,21.71368517346881,2.237843000330031,138163.98522600502,64.03950722175021
1781571870,50,GET,/api/load/memory-light [GET],9.900000,0.000000,2,3,3,3,4,5,5,6,6,6,6,5488,0,2,7.8584602943487685,1.299395997193642,858.2991319999564,50.0
1781571870,50,GET,/api/products [GET],14.000000,0.000000,2,2,2,2,3,3,3,24,58,58,58,8429,0,2,6.345614130970082,0.7687059987802058,852.6058299976285,120.0
1781571870,50,,Aggregated,46.200000,0.000000,3,5,5,5,6,6,9,24,71,71,71,28041,1,3,14.382457865104895,0.7687059987802058,138163.98522600502,78.11326272244214
1781571871,49,GET,/api/load/gc [GC-pressure],21.600000,0.000000,5,5,6,6,6,6,7,9,10,10,10,14144,1,5,21.68961380112238,2.237843000330031,138163.98522600502,64.03945135746606
1781571871,49,GET,/api/load/memory-light [GET],9.700000,0.000000,2,3,3,3,4,5,5,6,6,6,6,5496,0,2,7.850376424741739,1.299395997193642,858.2991319999564,50.0
1781571871,49,GET,/api/products [GET],13.600000,0.000000,2,2,2,2,3,3,3,3,24,24,24,8446,0,2,6.33696649206123,0.7687059987802058,852.6058299976285,120.0
1781571871,49,,Aggregated,44.900000,0.000000,3,4,5,5,6,6,6,7,24,24,24,28086,1,3,14.36465090883019,0.7687059987802058,138163.98522600502,78.12055828526668
1781571872,48,GET,/api/load/gc [GC-pressure],21.400000,0.000000,5,5,6,6,6,6,7,9,10,10,10,14165,1,5,21.664535206006576,2.237843000330031,138163.98522600502,64.03939286974938
1781571872,48,GET,/api/load/memory-light [GET],8.800000,0.000000,2,3,3,3,3,4,5,6,6,6,6,5506,0,2,7.840335911616925,1.299395997193642,858.2991319999564,50.0
1781571872,48,GET,/api/products [GET],13.600000,0.000000,2,2,2,2,3,3,3,3,24,24,24,8450,0,2,6.334994078574898,0.7687059987802058,852.6058299976285,120.0
1781571872,48,,Aggregated,43.800000,0.000000,3,4,5,5,6,6,7,7,24,24,24,28121,1,3,14.351471522577569,0.7687059987802058,138163.98522600502,78.10597062693361
1781571873,46,GET,/api/load/gc [GC-pressure],21.100000,0.000000,5,6,6,6,6,6,7,8,9,9,9,14185,1,5,21.641273873182396,2.237843000330031,138163.98522600502,64.03933732816355
1781571873,46,GET,/api/load/memory-light [GET],8.500000,0.000000,2,3,3,3,3,4,5,6,6,6,6,5513,0,2,7.833490506143209,1.299395997193642,858.2991319999564,50.0
1781571873,46,GET,/api/products [GET],14.000000,0.000000,2,2,2,2,3,3,3,3,24,24,24,8455,0,2,6.332628329384899,0.7687059987802058,852.6058299976285,120.0
1781571873,46,,Aggregated,43.600000,0.000000,3,4,5,5,6,6,7,7,24,24,24,28153,1,3,14.339852789273225,0.7687059987802058,138163.98522600502,78.09640180442581
1781571874,45,GET,/api/load/gc [GC-pressure],20.600000,0.000000,5,6,6,6,6,6,7,9,9,9,9,14200,1,5,21.62383104240164,2.237843000330031,138163.98522600502,64.03929577464788
1781571874,45,GET,/api/load/memory-light [GET],8.500000,0.000000,2,3,3,3,3,4,5,6,6,6,6,5521,0,2,7.826097073601127,1.299395997193642,858.2991319999564,50.0
1781571874,45,GET,/api/products [GET],13.400000,0.000000,2,2,2,2,3,3,3,3,24,24,24,8467,0,2,6.326335116800831,0.7687059987802058,852.6058299976285,120.0
1781571874,45,,Aggregated,42.500000,0.000000,3,4,5,5,6,6,7,8,24,24,24,28188,1,3,14.326357392486438,0.7687059987802058,138163.98522600502,78.09876543209876
1781571875,44,GET,/api/load/gc [GC-pressure],19.700000,0.000000,5,6,6,6,6,7,8,9,12,12,12,14216,1,5,21.60569445583221,2.237843000330031,138163.98522600502,64.03925154755206
1781571875,44,GET,/api/load/memory-light [GET],8.700000,0.000000,2,3,3,3,3,4,5,7,7,7,7,5526,0,2,7.821997125834239,1.299395997193642,858.2991319999564,50.0
1781571875,44,GET,/api/products [GET],12.800000,0.000000,2,2,2,2,3,3,6,18,24,24,24,8480,0,2,6.322391025231518,0.7687059987802058,852.6058299976285,120.0
1781571875,44,,Aggregated,41.200000,0.000000,3,5,5,5,6,6,7,9,24,24,24,28222,1,3,14.314534207194173,0.7687059987802058,138163.98522600502,78.10509531571115
1781571876,43,GET,/api/load/gc [GC-pressure],18.500000,0.000000,5,6,6,6,6,7,8,9,12,12,12,14230,1,5,21.589309155454508,2.237843000330031,138163.98522600502,64.03921293042868
1781571876,43,GET,/api/load/memory-light [GET],9.000000,0.000000,2,3,3,3,3,3,4,7,7,7,7,5532,0,2,7.8164755591765935,1.299395997193642,858.2991319999564,50.0
1781571876,43,GET,/api/products [GET],12.600000,0.000000,2,2,2,3,3,3,6,18,24,24,24,8492,0,2,6.31621164707283,0.7687059987802058,852.6058299976285,120.0
1781571876,43,,Aggregated,40.100000,0.000000,3,4,5,5,6,6,7,9,24,24,24,28254,1,3,14.302183102655377,0.7687059987802058,138163.98522600502,78.1099313371558
1781571877,42,GET,/api/load/gc [GC-pressure],18.000000,0.000000,5,6,6,6,6,7,8,9,12,12,12,14249,1,5,21.567372563908453,2.237843000330031,138163.98522600502,64.03916064285212
1781571877,42,GET,/api/load/memory-light [GET],8.600000,0.000000,2,3,3,3,3,3,4,7,7,7,7,5539,0,2,7.809811002774117,1.299395997193642,858.2991319999564,50.0
1781571877,42,GET,/api/products [GET],12.000000,0.000000,2,2,2,3,3,3,18,24,24,24,24,8497,0,2,6.31366000399437,0.7687059987802058,852.6058299976285,120.0
1781571877,42,,Aggregated,38.600000,0.000000,3,5,5,6,6,6,8,9,24,24,24,28285,1,3,14.29093879658609,0.7687059987802058,138163.98522600502,78.10090153791762
1781571878,41,GET,/api/load/gc [GC-pressure],17.700000,0.000000,5,6,6,6,6,7,8,9,12,12,12,14270,1,5,21.54270240834702,2.237843000330031,138163.98522600502,64.03910301331464
1781571878,41,GET,/api/load/memory-light [GET],7.800000,0.000000,2,3,3,3,3,3,4,7,7,7,7,5544,0,2,7.805074348369373,1.299395997193642,858.2991319999564,50.0
1781571878,41,GET,/api/products [GET],12.100000,0.000000,2,2,2,3,3,3,6,18,18,18,18,8506,0,2,6.309326189975885,0.7687059987802058,852.6058299976285,120.0
1781571878,41,,Aggregated,37.600000,0.000000,3,5,5,6,6,6,8,9,18,18,18,28320,1,3,14.277995202203623,0.7687059987802058,138163.98522600502,78.09879943502825
1781571879,39,GET,/api/load/gc [GC-pressure],17.800000,0.000000,5,6,6,6,6,7,9,10,12,12,12,14287,1,5,21.523664917695093,2.237843000330031,138163.98522600502,64.03905648491636
1781571879,39,GET,/api/load/memory-light [GET],7.700000,0.000000,2,3,3,3,3,3,4,7,7,7,7,5549,0,2,7.7998845812499225,1.299395997193642,858.2991319999564,50.0
1781571879,39,GET,/api/products [GET],11.500000,0.000000,2,2,2,3,3,3,6,18,18,18,18,8514,0,2,6.305430387352384,0.7687059987802058,852.6058299976285,120.0
1781571879,39,,Aggregated,37.000000,0.000000,3,5,5,6,6,7,8,9,18,18,18,28350,1,3,14.267181465198725,0.7687059987802058,138163.98522600502,78.09721340388008
1781571880,38,GET,/api/load/gc [GC-pressure],18.500000,0.000000,5,6,6,6,6,7,9,10,12,12,12,14302,1,5,21.505921390024323,2.237843000330031,138163.98522600502,64.03901552230457
1781571880,38,GET,/api/load/memory-light [GET],6.900000,0.000000,2,3,3,3,3,3,4,7,7,7,7,5558,0,2,7.791595352527245,1.299395997193642,858.2991319999564,50.0
1781571880,38,GET,/api/products [GET],10.400000,0.000000,2,2,2,3,3,3,6,18,18,18,18,8523,0,2,6.300824856965022,0.7687059987802058,852.6058299976285,120.0
1781571880,38,,Aggregated,35.800000,0.000000,3,5,5,6,6,7,8,9,18,18,18,28383,1,3,14.25449406142364,0.7687059987802058,138163.98522600502,78.09414085896488
1781571881,37,GET,/api/load/gc [GC-pressure],18.600000,0.000000,5,6,6,6,7,7,9,10,12,12,12,14317,1,5,21.488594949159395,2.237843000330031,138163.98522600502,64.0389746455263
1781571881,37,GET,/api/load/memory-light [GET],6.700000,0.000000,2,3,3,3,3,3,4,7,7,7,7,5563,0,2,7.786974318235911,1.299395997193642,858.2991319999564,50.0
1781571881,37,GET,/api/products [GET],9.700000,0.000000,2,2,2,2,3,3,6,18,18,18,18,8530,0,2,6.297243627772842,0.7687059987802058,852.6058299976285,120.0
1781571881,37,,Aggregated,35.000000,0.000000,3,5,5,6,6,7,8,10,18,18,18,28410,1,3,14.244513909340506,0.7687059987802058,138163.98522600502,78.09208025343189
1781571882,36,GET,/api/load/gc [GC-pressure],17.800000,0.000000,5,6,6,6,6,7,8,10,12,12,12,14334,1,5,21.468736177349747,2.237843000330031,138163.98522600502,64.03892842193386
1781571882,36,GET,/api/load/memory-light [GET],7.200000,0.000000,2,3,3,3,3,4,4,7,7,7,7,5567,0,2,7.7834091624470165,1.299395997193642,858.2991319999564,50.0
1781571882,36,GET,/api/products [GET],9.400000,0.000000,2,2,2,2,3,3,6,18,18,18,18,8538,0,2,6.293229816807374,0.7687059987802058,852.6058299976285,120.0
1781571882,36,,Aggregated,34.400000,0.000000,3,5,5,6,6,7,8,10,18,18,18,28439,1,3,14.233788085002114,0.7687059987802058,138163.98522600502,78.0914940750378
1781571883,35,GET,/api/load/gc [GC-pressure],17.300000,0.000000,5,6,6,6,6,7,8,10,12,12,12,14349,1,5,21.451059588482387,2.237843000330031,138163.98522600502,64.03888772736777
1781571883,35,GET,/api/load/memory-light [GET],6.600000,0.000000,2,3,3,3,3,4,7,7,7,7,7,5571,0,2,7.77975868090925,1.299395997193642,858.2991319999564,50.0
1781571883,35,GET,/api/products [GET],8.600000,0.000000,2,2,2,2,3,3,6,18,18,18,18,8547,0,2,6.288688018008433,0.7687059987802058,852.6058299976285,120.0
1781571883,35,,Aggregated,32.500000,0.000000,3,5,5,6,6,6,7,10,18,18,18,28467,1,3,14.22319549430559,0.7687059987802058,138163.98522600502,78.09337127199916
1781571884,34,GET,/api/load/gc [GC-pressure],16.900000,0.000000,5,6,6,6,6,7,7,8,10,10,10,14360,1,5,21.438370965399656,2.237843000330031,138163.98522600502,64.03885793871866
1781571884,34,GET,/api/load/memory-light [GET],6.100000,0.000000,3,3,3,3,3,4,4,7,7,7,7,5577,0,2,7.774541210210495,1.299395997193642,858.2991319999564,50.0
1781571884,34,GET,/api/products [GET],9.000000,0.000000,2,2,2,2,3,3,3,4,4,4,4,8551,0,2,6.286858588342898,0.7687059987802058,852.6058299976285,120.0
1781571884,34,,Aggregated,32.000000,0.000000,3,5,5,5,6,6,7,8,10,10,10,28488,1,3,14.21554869353423,0.7687059987802058,138163.98522600502,78.08789665824207
1781571885,32,GET,/api/load/gc [GC-pressure],16.600000,0.000000,5,6,6,6,6,7,8,10,10,10,10,14377,1,5,21.419085499418163,2.237843000330031,138163.98522600502,64.03881199137511
1781571885,32,GET,/api/load/memory-light [GET],5.800000,0.000000,3,3,3,3,3,4,4,4,4,4,4,5578,0,2,7.7737369369567375,1.299395997193642,858.2991319999564,50.0
1781571885,32,GET,/api/products [GET],8.700000,0.000000,2,2,2,2,3,3,3,4,4,4,4,8562,0,2,6.281316839746934,0.7687059987802058,852.6058299976285,120.0
1781571885,32,,Aggregated,31.100000,0.000000,3,5,5,5,6,6,7,8,10,10,10,28517,1,3,14.205026182326081,0.7687059987802058,138163.98522600502,78.09468036609742
1781571886,31,GET,/api/load/gc [GC-pressure],16.400000,0.000000,5,6,6,6,6,7,8,10,10,10,10,14390,1,5,21.40415086227458,2.237843000330031,138163.98522600502,64.03877692842252
1781571886,31,GET,/api/load/memory-light [GET],5.300000,0.000000,3,3,3,3,4,4,4,4,4,4,4,5582,0,2,7.770383190316304,1.299395997193642,858.2991319999564,50.0
1781571886,31,GET,/api/products [GET],8.500000,0.000000,2,2,2,2,3,3,3,4,4,4,4,8570,0,2,6.277315533129254,0.7687059987802058,852.6058299976285,120.0
1781571886,31,,Aggregated,30.200000,0.000000,3,5,5,5,6,6,7,8,10,10,10,28542,1,3,14.195802816740052,0.7687059987802058,138163.98522600502,78.09606895101955
1781571887,30,GET,/api/load/gc [GC-pressure],16.100000,0.000000,5,6,6,6,6,6,7,10,10,10,10,14401,1,5,21.39182021693792,2.237843000330031,138163.98522600502,64.03874730921464
1781571887,30,GET,/api/load/memory-light [GET],5.300000,0.000000,3,3,3,3,4,4,4,4,4,4,4,5584,0,2,7.768527122375404,1.299395997193642,858.2991319999564,50.0
1781571887,30,GET,/api/products [GET],8.300000,0.000000,2,2,2,2,3,3,3,3,3,3,3,8579,0,2,6.272749318211158,0.7687059987802058,852.6058299976285,120.0
1781571887,30,,Aggregated,29.700000,0.000000,3,5,5,5,6,6,7,7,10,10,10,28564,1,3,14.187682915432038,0.7687059987802058,138163.98522600502,78.10187648788686
1781571888,29,GET,/api/load/gc [GC-pressure],15.800000,0.000000,5,5,6,6,6,6,6,7,10,10,10,14411,1,5,21.380201266817974,2.237843000330031,138163.98522600502,64.03872042189994
1781571888,29,GET,/api/load/memory-light [GET],5.000000,0.000000,3,3,3,3,4,4,4,4,4,4,4,5589,0,2,7.763857968213704,1.299395997193642,858.2991319999564,50.0
1781571888,29,GET,/api/products [GET],7.800000,0.000000,2,2,2,2,3,3,3,3,3,3,3,8589,0,2,6.267849618455888,0.7687059987802058,852.6058299976285,120.0
1781571888,29,,Aggregated,28.600000,0.000000,3,5,5,5,6,6,6,6,10,10,10,28589,1,3,14.178069992422882,0.7687059987802058,138163.98522600502,78.1066843891007
1781571889,28,GET,/api/load/gc [GC-pressure],15.000000,0.000000,5,5,6,6,6,6,6,7,10,10,10,14423,1,5,21.366699996958012,2.237843000330031,138163.98522600502,64.0386882063371
1781571889,28,GET,/api/load/memory-light [GET],4.600000,0.000000,3,3,3,3,4,4,4,4,4,4,4,5594,0,2,7.759313062270771,1.299395997193642,858.2991319999564,50.0
1781571889,28,GET,/api/products [GET],8.000000,0.000000,2,2,2,2,3,3,3,3,3,3,3,8593,0,2,6.2657640515441075,0.7687059987802058,852.6058299976285,120.0
1781571889,28,,Aggregated,27.600000,0.000000,3,5,5,5,6,6,6,6,10,10,10,28610,1,3,14.170542531331234,0.7687059987802058,138163.98522600502,78.10171268787137
1781571890,27,GET,/api/load/gc [GC-pressure],14.600000,0.000000,5,6,6,6,6,6,6,7,10,10,10,14430,1,5,21.35857313971815,2.237843000330031,138163.98522600502,64.03866943866944
1781571890,27,GET,/api/load/memory-light [GET],4.800000,0.000000,3,3,3,3,4,4,4,4,4,4,4,5600,0,2,7.753832554523926,1.299395997193642,858.2991319999564,50.0
1781571890,27,GET,/api/products [GET],8.300000,0.000000,2,2,2,2,3,3,3,3,3,3,3,8602,0,2,6.261340786901102,0.7687059987802058,852.6058299976285,120.0
1781571890,27,,Aggregated,27.700000,0.000000,3,5,5,5,6,6,6,6,10,10,10,28632,1,3,14.161977024322093,0.7687059987802058,138163.98522600502,78.10554624196703
1781571891,25,GET,/api/load/gc [GC-pressure],13.600000,0.000000,5,6,6,6,6,6,6,6,10,10,10,14439,1,5,21.348336253697408,2.237843000330031,138163.98522600502,64.03864533554955
1781571891,25,GET,/api/load/memory-light [GET],4.600000,0.000000,3,3,3,3,4,4,4,4,4,4,4,5606,0,2,7.748409391071503,1.299395997193642,858.2991319999564,50.0
1781571891,25,GET,/api/products [GET],8.100000,0.000000,2,2,2,2,3,3,3,3,3,3,3,8605,0,2,6.25984380080457,0.7687059987802058,852.6058299976285,120.0
1781571891,25,,Aggregated,26.300000,0.000000,3,5,5,5,6,6,6,6,10,10,10,28650,1,3,14.155398468391171,0.7687059987802058,138163.98522600502,78.09961605584643
1781571892,24,GET,/api/load/gc [GC-pressure],13.400000,0.000000,5,6,6,6,6,6,6,6,10,10,10,14450,1,5,21.335995346721653,2.237843000330031,138163.98522600502,64.03861591695502
1781571892,24,GET,/api/load/memory-light [GET],4.200000,0.000000,3,3,3,3,3,4,4,4,4,4,4,5610,0,2,7.744763988297314,1.299395997193642,858.2991319999564,50.0
1781571892,24,GET,/api/products [GET],7.700000,0.000000,2,2,2,2,3,3,3,3,3,3,3,8608,0,2,6.258436501848776,0.7687059987802058,852.6058299976285,120.0
1781571892,24,,Aggregated,25.300000,0.000000,3,5,5,5,6,6,6,6,10,10,10,28668,1,3,14.149081908134159,0.7687059987802058,138163.98522600502,78.09467001534813
1781571893,23,GET,/api/load/gc [GC-pressure],12.700000,0.000000,5,6,6,6,6,6,6,10,10,10,10,14457,1,5,21.328080594391498,2.237843000330031,138163.98522600502,64.03859721934012
1781571893,23,GET,/api/load/memory-light [GET],4.100000,0.000000,3,3,3,3,3,4,4,4,4,4,4,5613,0,2,7.741974759548265,1.299395997193642,858.2991319999564,50.0
1781571893,23,GET,/api/products [GET],7.600000,0.000000,2,2,2,2,3,3,3,3,3,3,3,8619,0,2,6.252831660158491,0.7687059987802058,852.6058299976285,120.0
1781571893,23,,Aggregated,24.400000,0.000000,3,4,5,5,6,6,6,6,10,10,10,28689,1,3,14.140922359000603,0.7687059987802058,138163.98522600502,78.10436055631078
1781571894,22,GET,/api/load/gc [GC-pressure],11.900000,0.000000,5,6,6,6,6,6,6,7,7,7,7,14461,1,5,21.32354079407511,2.237843000330031,138163.98522600502,64.03858654311597
1781571894,22,GET,/api/load/memory-light [GET],4.500000,0.000000,3,3,3,3,3,4,4,4,4,4,4,5618,0,2,7.737768692478121,1.299395997193642,858.2991319999564,50.0
1781571894,22,GET,/api/products [GET],6.900000,0.000000,2,2,2,2,3,3,3,3,3,3,3,8622,0,2,6.251598064359547,0.7687059987802058,852.6058299976285,120.0
1781571894,22,,Aggregated,23.300000,0.000000,3,4,5,5,6,6,6,6,7,7,7,28701,1,3,14.136503482400274,0.7687059987802058,138163.98522600502,78.10187798334553
1781571895,21,GET,/api/load/gc [GC-pressure],11.100000,0.000000,5,6,6,6,6,6,6,7,7,7,7,14472,1,5,21.3111332709456,2.237843000330031,138163.98522600502,64.03855721393035
1781571895,21,GET,/api/load/memory-light [GET],4.400000,0.000000,3,3,3,3,3,3,4,4,4,4,4,5621,0,2,7.734960060903846,1.299395997193642,858.2991319999564,50.0
1781571895,21,GET,/api/products [GET],7.300000,0.000000,2,2,2,2,3,3,3,3,3,3,3,8628,0,2,6.248756700151413,0.7687059987802058,852.6058299976285,120.0
1781571895,21,,Aggregated,22.800000,0.000000,3,4,5,5,6,6,6,6,7,7,7,28721,1,3,14.129285331582174,0.7687059987802058,138163.98522600502,78.10229448835346
1781571896,19,GET,/api/load/gc [GC-pressure],10.100000,0.000000,5,6,6,6,6,6,6,7,7,7,7,14481,1,5,21.3011259152769,2.237843000330031,138163.98522600502,64.03853325046613
1781571896,19,GET,/api/load/memory-light [GET],4.100000,0.000000,3,3,3,3,3,3,4,4,4,4,4,5627,0,2,7.72930239387637,1.299395997193642,858.2991319999564,50.0
1781571896,19,GET,/api/products [GET],7.000000,0.000000,2,2,2,2,3,3,3,3,3,3,3,8631,0,2,6.247180454282195,0.7687059987802058,852.6058299976285,120.0
1781571896,19,,Aggregated,21.200000,0.000000,3,4,5,5,6,6,6,6,7,7,7,28739,1,3,14.122753173401188,0.7687059987802058,138163.98522600502,78.09638470371273
1781571897,18,GET,/api/load/gc [GC-pressure],9.900000,0.000000,5,6,6,6,6,6,6,7,7,7,7,14487,1,5,21.2945246302975,2.237843000330031,138163.98522600502,64.03851729136467
1781571897,18,GET,/api/load/memory-light [GET],4.100000,0.000000,3,3,3,3,3,4,4,4,4,4,4,5627,0,2,7.72930239387637,1.299395997193642,858.2991319999564,50.0
1781571897,18,GET,/api/products [GET],6.800000,0.000000,2,2,2,2,3,3,3,3,3,3,3,8638,0,2,6.2437758780845725,0.7687059987802058,852.6058299976285,120.0
1781571897,18,,Aggregated,20.800000,0.000000,3,4,5,5,6,6,6,6,7,7,7,28752,1,3,14.11798479842643,0.7687059987802058,138163.98522600502,78.1036449638286
1781571898,17,GET,/api/load/gc [GC-pressure],9.100000,0.000000,5,6,6,6,6,6,6,7,7,7,7,14492,1,5,21.28896485737792,2.237843000330031,138163.98522600502,64.03850400220811
1781571898,17,GET,/api/load/memory-light [GET],4.700000,0.000000,3,3,3,3,3,4,4,4,4,4,4,5630,0,2,7.726682338960124,1.299395997193642,858.2991319999564,50.0
1781571898,17,GET,/api/products [GET],6.500000,0.000000,2,2,2,2,3,3,3,3,3,3,3,8642,0,2,6.241702017460564,0.7687059987802058,852.6058299976285,120.0
1781571898,17,,Aggregated,20.300000,0.000000,3,4,5,5,6,6,6,6,7,7,7,28764,1,3,14.11353390058269,0.7687059987802058,138163.98522600502,78.10408844388819
1781571899,16,GET,/api/load/gc [GC-pressure],8.800000,0.000000,5,6,6,6,6,6,7,7,7,7,7,14500,1,5,21.280228103939063,2.237843000330031,138163.98522600502,64.03848275862069
1781571899,16,GET,/api/load/memory-light [GET],4.400000,0.000000,3,3,3,3,3,4,4,4,4,4,4,5634,0,2,7.723202540529369,1.299395997193642,858.2991319999564,50.0
1781571899,16,GET,/api/products [GET],6.200000,0.000000,2,2,2,2,3,3,53,53,53,53,53,8645,0,2,6.246106626244297,0.7687059987802058,852.6058299976285,120.0
1781571899,16,,Aggregated,19.400000,0.000000,3,4,5,5,6,6,6,7,53,53,53,28779,1,3,14.110060196822017,0.7687059987802058,138163.98522600502,78.1006289308176
1781571900,15,GET,/api/load/gc [GC-pressure],8.100000,0.000000,5,6,6,6,6,6,7,7,7,7,7,14504,1,5,21.276057758971398,2.237843000330031,138163.98522600502,64.038472145615
1781571900,15,GET,/api/load/memory-light [GET],4.100000,0.000000,3,3,3,3,3,4,4,4,4,4,4,5634,0,2,7.723202540529369,1.299395997193642,858.2991319999564,50.0
1781571900,15,GET,/api/products [GET],5.700000,0.000000,2,2,2,2,3,3,53,53,53,53,53,8649,0,2,6.244018632313039,0.7687059987802058,852.6058299976285,120.0
1781571900,15,,Aggregated,17.900000,0.000000,3,5,5,6,6,6,7,7,53,53,53,28787,1,3,14.107235279825584,0.7687059987802058,138163.98522600502,78.10449161079654
1781571901,14,GET,/api/load/gc [GC-pressure],7.800000,0.000000,5,6,6,6,6,6,7,7,7,7,7,14511,1,5,21.267903545111356,2.237843000330031,138163.98522600502,64.03845358693405
1781571901,14,GET,/api/load/memory-light [GET],4.100000,0.000000,2,3,3,3,4,4,4,4,4,4,4,5636,0,2,7.721299766916659,1.299395997193642,858.2991319999564,50.0
1781571901,14,GET,/api/products [GET],5.200000,0.000000,2,2,2,2,3,3,53,53,53,53,53,8654,0,2,6.241749446599114,0.7687059987802058,852.6058299976285,120.0
1781571901,14,,Aggregated,17.100000,0.000000,3,5,5,6,6,6,7,7,53,53,53,28801,1,3,14.102006650474703,0.7687059987802058,138163.98522600502,78.1063851949585
1781571902,12,GET,/api/load/gc [GC-pressure],7.500000,0.000000,5,6,6,6,6,6,7,7,7,7,7,14516,1,5,21.262197731545587,2.237843000330031,138163.98522600502,64.03844034169192
1781571902,12,GET,/api/load/memory-light [GET],3.500000,0.000000,2,3,3,3,4,4,4,4,4,4,4,5640,0,2,7.7175801477554655,1.299395997193642,858.2991319999564,50.0
1781571902,12,GET,/api/products [GET],4.900000,0.000000,2,2,2,3,3,3,53,53,53,53,53,8655,0,2,6.241270511018775,0.7687059987802058,852.6058299976285,120.0
1781571902,12,,Aggregated,15.900000,0.000000,3,5,5,6,6,6,7,7,53,53,53,28811,1,3,14.098344749481935,0.7687059987802058,138163.98522600502,78.10148901461247
1781571903,11,GET,/api/load/gc [GC-pressure],7.200000,0.000000,5,6,6,6,6,6,6,7,7,7,7,14518,1,5,21.259871608700468,2.237843000330031,138163.98522600502,64.0384350461496
1781571903,11,GET,/api/load/memory-light [GET],3.300000,0.000000,2,3,3,3,3,4,4,4,4,4,4,5641,0,2,7.716604046505266,1.299395997193642,858.2991319999564,50.0
1781571903,11,GET,/api/products [GET],4.900000,0.000000,2,2,3,3,3,3,53,53,53,53,53,8659,0,2,6.239546587697292,0.7687059987802058,852.6058299976285,120.0
1781571903,11,,Aggregated,15.400000,0.000000,3,5,5,6,6,6,6,7,53,53,53,28818,1,3,14.095649016042767,0.7687059987802058,138163.98522600502,78.10535082240267
1781571904,10,GET,/api/load/gc [GC-pressure],6.500000,0.000000,5,6,6,6,6,6,7,110,110,110,110,14522,1,5,21.262494299207965,2.237843000330031,138163.98522600502,64.03856218151769
1781571904,10,GET,/api/load/memory-light [GET],3.000000,0.000000,2,3,3,3,3,4,4,4,4,4,4,5641,0,2,7.716604046505266,1.299395997193642,858.2991319999564,50.0
1781571904,10,GET,/api/products [GET],4.700000,0.000000,2,2,3,3,3,5,53,53,53,53,53,8662,0,2,6.238283508181755,0.7687059987802058,852.6058299976285,120.0
1781571904,10,,Aggregated,14.200000,0.000000,3,5,5,6,6,6,7,53,110,110,110,28825,1,3,14.096767298778998,0.7687059987802058,138163.98522600502,78.10782307025151
1781571905,10,GET,/api/load/gc [GC-pressure],6.300000,0.000000,5,6,6,6,6,7,7,110,110,110,110,14526,1,5,21.2580447734475,2.237843000330031,138163.98522600502,64.03855156271513
1781571905,10,GET,/api/load/memory-light [GET],2.700000,0.000000,2,3,3,3,3,4,4,4,4,4,4,5642,0,2,7.715731154082778,1.299395997193642,858.2991319999564,50.0
1781571905,10,GET,/api/products [GET],4.200000,0.000000,2,2,3,3,3,5,53,53,53,53,53,8664,0,2,6.237439490982597,0.7687059987802058,852.6058299976285,120.0
1781571905,10,,Aggregated,13.200000,0.000000,3,5,6,6,6,6,53,110,110,110,110,28832,1,3,14.09432884643128,0.7687059987802058,138163.98522600502,78.10779689234184
1781571906,10,GET,/api/load/gc [GC-pressure],6.100000,0.000000,5,6,6,6,6,7,110,110,110,110,110,14530,1,5,21.25337789278105,2.237843000330031,138163.98522600502,64.03854094975912
1781571906,10,GET,/api/load/memory-light [GET],2.600000,0.000000,2,3,3,3,3,4,4,4,4,4,4,5642,0,2,7.715731154082778,1.299395997193642,858.2991319999564,50.0
1781571906,10,GET,/api/products [GET],4.000000,0.000000,2,2,3,3,3,5,53,53,53,53,53,8669,0,2,6.235067073580133,0.7687059987802058,852.6058299976285,120.0
1781571906,10,,Aggregated,12.700000,0.000000,3,5,5,6,6,6,53,110,110,110,110,28841,1,3,14.090896030453516,0.7687059987802058,138163.98522600502,78.11310287438022
1781571907,10,GET,/api/load/gc [GC-pressure],5.500000,0.000000,5,6,6,6,6,7,110,110,110,110,110,14538,1,5,21.244799636339927,2.237843000330031,138163.98522600502,64.03851974136745
1781571907,10,GET,/api/load/memory-light [GET],2.300000,0.000000,2,3,3,3,3,4,4,4,4,4,4,5643,0,2,7.714787901530499,1.299395997193642,858.2991319999564,50.0
1781571907,10,GET,/api/products [GET],3.800000,0.000000,2,2,3,3,4,5,53,53,53,53,53,8670,0,2,6.234513946813474,0.7687059987802058,852.6058299976285,120.0
1781571907,10,,Aggregated,11.600000,0.000000,3,5,6,6,6,7,53,110,110,110,110,28851,1,3,14.087715544013008,0.7687059987802058,138163.98522600502,78.10966690929257
1781571908,10,GET,/api/load/gc [GC-pressure],5.400000,0.000000,5,6,6,6,6,7,110,110,110,110,110,14542,1,5,21.240198339437974,2.237843000330031,138163.98522600502,64.03850914592216
1781571908,10,GET,/api/load/memory-light [GET],1.500000,0.000000,2,2,3,3,3,3,3,3,3,3,3,5645,0,2,7.7129927499274835,1.299395997193642,858.2991319999564,50.0
1781571908,10,GET,/api/products [GET],3.600000,0.000000,2,2,3,3,3,4,5,5,5,5,5,8673,0,2,6.2331018167729075,0.7687059987802058,852.6058299976285,120.0
1781571908,10,,Aggregated,10.500000,0.000000,3,5,5,6,6,6,7,110,110,110,110,28860,1,3,14.084355522602879,0.7687059987802058,138163.98522600502,78.11011781011781
1781571909,10,GET,/api/load/gc [GC-pressure],5.000000,0.000000,5,6,6,6,6,7,110,110,110,110,110,14548,1,5,21.233791259355986,2.237843000330031,138163.98522600502,64.03849326367886
1781571909,10,GET,/api/load/memory-light [GET],1.600000,0.000000,2,3,3,3,3,3,3,3,3,3,3,5645,0,2,7.7129927499274835,1.299395997193642,858.2991319999564,50.0
1781571909,10,GET,/api/products [GET],3.100000,0.000000,2,2,3,3,3,4,5,5,5,5,5,8674,0,2,6.232670140173724,0.7687059987802058,852.6058299976285,120.0
1781571909,10,,Aggregated,9.700000,0.000000,3,5,5,6,6,6,7,110,110,110,110,28867,1,3,14.082212218461162,0.7687059987802058,138163.98522600502,78.10863615893581
1781571910,10,GET,/api/load/gc [GC-pressure],4.900000,0.000000,5,6,6,6,6,7,110,110,110,110,110,14551,1,5,21.230264554815484,2.237843000330031,138163.98522600502,64.0384853274689
1781571910,10,GET,/api/load/memory-light [GET],1.400000,0.000000,2,3,3,3,3,4,4,4,4,4,4,5646,0,2,7.712289372714596,1.299395997193642,858.2991319999564,50.0
1781571910,10,GET,/api/products [GET],3.000000,0.000000,2,2,3,3,3,4,5,5,5,5,5,8679,0,2,6.230164846511695,0.7687059987802058,852.6058299976285,120.0
1781571910,10,,Aggregated,9.300000,0.000000,3,5,5,6,6,7,7,110,110,110,110,28876,1,3,14.078707786339582,0.7687059987802058,138163.98522600502,78.11345061642886
1781571911,10,GET,/api/load/gc [GC-pressure],4.900000,0.000000,5,6,6,6,6,7,110,110,110,110,110,14555,1,5,21.225660075033836,2.237843000330031,138163.98522600502,64.03847475094469
1781571911,10,GET,/api/load/memory-light [GET],1.200000,0.000000,3,3,3,3,4,4,4,4,4,4,4,5647,0,2,7.711431612422574,1.299395997193642,858.2991319999564,50.0
1781571911,10,GET,/api/products [GET],3.100000,0.000000,2,2,3,3,3,4,5,5,5,5,5,8681,0,2,6.229091764183566,0.7687059987802058,852.6058299976285,120.0
1781571911,10,,Aggregated,9.200000,0.000000,3,5,5,6,6,7,7,110,110,110,110,28883,1,3,14.07612375142282,0.7687059987802058,138163.98522600502,78.11342312086694
1781571912,10,GET,/api/load/gc [GC-pressure],4.500000,0.000000,5,6,6,6,7,7,110,110,110,110,110,14557,1,5,21.223518992726444,2.237843000330031,138163.98522600502,64.03846946486226
1781571912,10,GET,/api/load/memory-light [GET],1.100000,0.000000,3,3,3,3,4,4,4,4,4,4,4,5648,0,2,7.710559144891861,1.299395997193642,858.2991319999564,50.0
1781571912,10,GET,/api/products [GET],2.900000,0.000000,2,2,3,3,3,4,5,5,5,5,5,8684,0,2,6.227838101092892,0.7687059987802058,852.6058299976285,120.0
1781571912,10,,Aggregated,8.500000,0.000000,3,5,5,6,6,7,7,110,110,110,110,28889,1,3,14.073957218919269,0.7687059987802058,138163.98522600502,78.11582263145142
1781571913,10,GET,/api/load/gc [GC-pressure],4.400000,0.000000,5,6,6,6,6,7,7,7,7,7,7,14561,1,5,21.21900808599171,2.237843000330031,138163.98522600502,64.03845889705377
1781571913,10,GET,/api/load/memory-light [GET],1.100000,0.000000,3,3,3,3,4,4,4,4,4,4,4,5649,0,2,7.709557321889804,1.299395997193642,858.2991319999564,50.0
1781571913,10,GET,/api/products [GET],2.700000,0.000000,2,2,3,3,3,4,5,5,5,5,5,8687,0,2,6.226432710819687,0.7687059987802058,852.6058299976285,120.0
1781571913,10,,Aggregated,8.200000,0.000000,4,5,6,6,6,6,7,7,7,7,7,28897,1,3,14.071020763759954,0.7687059987802058,138163.98522600502,78.11724400456795
1781571914,10,GET,/api/load/gc [GC-pressure],4.500000,0.000000,5,6,6,6,6,7,7,7,7,7,7,14568,1,5,21.21119064450405,2.237843000330031,138163.98522600502,64.0384404173531
1781571914,10,GET,/api/load/memory-light [GET],0.900000,0.000000,3,3,3,3,4,4,4,4,4,4,4,5651,0,2,7.707690590756546,1.299395997193642,858.2991319999564,50.0
1781571914,10,GET,/api/products [GET],2.900000,0.000000,2,2,3,3,3,3,3,3,3,3,3,8690,0,2,6.225072245787863,0.7687059987802058,852.6058299976285,120.0
1781571914,10,,Aggregated,8.300000,0.000000,3,5,6,6,6,6,7,7,7,7,7,28909,1,3,14.066784138275166,0.7687059987802058,138163.98522600502,78.11622678058735
1781571915,10,GET,/api/load/gc [GC-pressure],4.200000,0.000000,6,6,6,6,6,7,7,7,7,7,7,14570,1,5,21.208883028423458,2.237843000330031,138163.98522600502,64.03843514070007
1781571915,10,GET,/api/load/memory-light [GET],0.900000,0.000000,2,3,3,3,4,4,4,4,4,4,4,5651,0,2,7.707690590756546,1.299395997193642,858.2991319999564,50.0
1781571915,10,GET,/api/products [GET],3.000000,0.000000,2,2,3,3,3,3,3,3,3,3,3,8695,0,2,6.222721796077021,0.7687059987802058,852.6058299976285,120.0
1781571915,10,,Aggregated,8.100000,0.000000,3,5,6,6,6,6,7,7,7,7,7,28916,1,3,14.064052817450017,0.7687059987802058,138163.98522600502,78.12249273758472
1781571916,10,GET,/api/load/gc [GC-pressure],4.500000,0.000000,6,6,6,6,6,7,7,7,7,7,7,14574,1,5,21.204337617272174,2.237843000330031,138163.98522600502,64.03842459173872
1781571916,10,GET,/api/load/memory-light [GET],1.000000,0.000000,3,3,3,3,3,4,4,4,4,4,4,5654,0,2,7.7051579876844905,1.299395997193642,858.2991319999564,50.0
1781571916,10,GET,/api/products [GET],2.900000,0.000000,2,2,3,3,3,3,3,3,3,3,3,8696,0,2,6.222230688349208,0.7687059987802058,852.6058299976285,120.0
1781571916,10,,Aggregated,8.400000,0.000000,3,5,6,6,6,6,7,7,7,7,7,28924,1,3,14.061177491438857,0.7687059987802058,138163.98522600502,78.1190706679574
1781571917,10,GET,/api/load/gc [GC-pressure],4.600000,0.000000,5,6,6,6,6,7,7,7,7,7,7,14577,1,5,21.200894140160873,2.237843000330031,138163.98522600502,64.03841668381698
1781571917,10,GET,/api/load/memory-light [GET],0.900000,0.000000,3,3,3,3,3,4,4,4,4,4,4,5656,0,2,7.7031882244293355,1.299395997193642,858.2991319999564,50.0
1781571917,10,GET,/api/products [GET],2.600000,0.000000,2,2,3,3,3,3,3,3,3,3,3,8699,0,2,6.220934546601526,0.7687059987802058,852.6058299976285,120.0
1781571917,10,,Aggregated,8.100000,0.000000,3,4,5,6,6,6,7,7,7,7,7,28932,1,3,14.058156231832713,0.7687059987802058,138163.98522600502,78.12000553020877
1781571918,10,GET,/api/load/gc [GC-pressure],4.200000,0.000000,5,6,6,6,6,6,7,7,7,7,7,14582,1,5,21.195302351949188,2.237843000330031,138163.98522600502,64.03840351117816
1781571918,10,GET,/api/load/memory-light [GET],1.100000,0.000000,2,3,3,3,3,4,4,4,4,4,4,5657,0,2,7.7022195883633895,1.299395997193642,858.2991319999564,50.0
1781571918,10,GET,/api/products [GET],2.800000,0.000000,2,2,3,3,3,3,3,3,3,3,3,8700,0,2,6.220402900216868,0.7687059987802058,852.6058299976285,120.0
1781571918,10,,Aggregated,8.100000,0.000000,3,4,5,6,6,6,6,7,7,7,7,28939,1,3,14.0557331054764,0.7687059987802058,138163.98522600502,78.11804139742216
1781571919,10,GET,/api/load/gc [GC-pressure],4.000000,0.000000,5,6,6,6,6,6,7,7,7,7,7,14585,1,5,21.192051699425715,2.237843000330031,138163.98522600502,64.03839561193007
1781571919,10,GET,/api/load/memory-light [GET],1.100000,0.000000,3,3,3,3,3,4,4,4,4,4,4,5659,0,2,7.700539510403106,1.299395997193642,858.2991319999564,50.0
1781571919,10,GET,/api/products [GET],2.900000,0.000000,2,2,3,3,3,3,3,3,3,3,3,8703,0,2,6.218899143040235,0.7687059987802058,852.6058299976285,120.0
1781571919,10,,Aggregated,8.000000,0.000000,3,4,5,5,6,6,6,7,7,7,7,28947,1,3,14.052803619282633,0.7687059987802058,138163.98522600502,78.1189760596953
1781571920,10,GET,/api/load/gc [GC-pressure],3.900000,0.000000,5,6,6,6,6,6,7,7,7,7,7,14587,1,5,21.18987798643478,2.237843000330031,138163.98522600502,64.03839034756976
1781571920,10,GET,/api/load/memory-light [GET],1.300000,0.000000,2,3,3,3,3,3,3,3,3,3,3,5660,0,2,7.69957853610881,1.299395997193642,858.2991319999564,50.0
1781571920,10,GET,/api/products [GET],2.800000,0.000000,2,2,3,3,3,3,3,3,3,3,3,8710,0,2,6.21539649746013,0.7687059987802058,852.6058299976285,120.0
1781571920,10,,Aggregated,8.000000,0.000000,3,4,5,5,6,6,6,7,7,7,7,28957,1,3,14.048847193955787,0.7687059987802058,138163.98522600502,78.12715405601409
1781571921,10,GET,/api/load/gc [GC-pressure],3.800000,0.000000,5,6,6,6,6,7,7,7,7,7,7,14590,1,5,21.186626603709747,2.237843000330031,138163.98522600502,64.03838245373544
1781571921,10,GET,/api/load/memory-light [GET],1.400000,0.000000,2,3,3,3,3,3,3,3,3,3,3,5661,0,2,7.698782320857737,1.299395997193642,858.2991319999564,50.0
1781571921,10,GET,/api/products [GET],2.700000,0.000000,2,2,3,3,3,3,3,3,3,3,3,8712,0,2,6.214437983686463,0.7687059987802058,852.6058299976285,120.0
1781571921,10,,Aggregated,7.900000,0.000000,3,4,5,5,6,6,7,7,7,7,7,28963,1,3,14.046744901438986,0.7687059987802058,138163.98522600502,78.1276110900114
1781571922,10,GET,/api/load/gc [GC-pressure],3.800000,0.000000,5,6,6,6,6,7,7,7,7,7,7,14595,1,5,21.181141218508046,2.237843000330031,138163.98522600502,64.03836930455635
1781571922,10,GET,/api/load/memory-light [GET],1.500000,0.000000,2,3,3,3,3,3,3,3,3,3,3,5664,0,2,7.695994386366471,1.299395997193642,858.2991319999564,50.0
1781571922,10,GET,/api/products [GET],2.900000,0.000000,2,2,3,3,3,3,3,3,3,3,3,8714,0,2,6.213591252452322,0.7687059987802058,852.6058299976285,120.0
1781571922,10,,Aggregated,8.200000,0.000000,3,4,5,5,6,6,7,7,7,7,7,28973,1,3,14.043216182734758,0.7687059987802058,138163.98522600502,78.12515100265765
1781571923,10,GET,/api/load/gc [GC-pressure],3.500000,0.000000,5,6,6,6,6,7,7,7,7,7,7,14598,1,5,21.17787467653956,2.237843000330031,138163.98522600502,64.03836141937252
1781571923,10,GET,/api/load/memory-light [GET],1.500000,0.000000,2,3,3,3,3,3,3,3,3,3,3,5667,0,2,7.693296165234771,1.299395997193642,858.2991319999564,50.0
1781571923,10,GET,/api/products [GET],3.100000,0.000000,2,2,2,3,3,3,3,3,3,3,3,8717,0,2,6.212037510024147,0.7687059987802058,852.6058299976285,120.0
1781571923,10,,Aggregated,8.100000,0.000000,3,4,5,5,6,6,7,7,7,7,7,28982,1,3,14.039847314588036,0.7687059987802058,138163.98522600502,78.12511213856877
1781571924,10,GET,/api/load/gc [GC-pressure],3.500000,0.000000,5,6,6,6,6,6,7,7,7,7,7,14598,1,5,21.17787467653956,2.237843000330031,138163.98522600502,64.03836141937252
1781571924,10,GET,/api/load/memory-light [GET],1.300000,0.000000,3,3,3,3,3,3,3,3,3,3,3,5669,0,2,7.691472077683108,1.299395997193642,858.2991319999564,50.0
1781571924,10,GET,/api/products [GET],3.000000,0.000000,2,2,2,3,3,3,3,3,3,3,3,8723,0,2,6.2093102264010875,0.7687059987802058,852.6058299976285,120.0
1781571924,10,,Aggregated,7.800000,0.000000,3,3,5,5,6,6,6,7,7,7,7,28990,1,3,14.036612033163392,0.7687059987802058,138163.98522600502,78.13183856502242
1781571925,10,GET,/api/load/gc [GC-pressure],3.600000,0.000000,5,6,6,6,6,6,7,7,7,7,7,14601,1,5,21.174509760025103,2.237843000330031,138163.98522600502,64.03835353742895
1781571925,10,GET,/api/load/memory-light [GET],1.700000,0.000000,2,3,3,3,3,3,3,3,3,3,3,5672,0,2,7.68855194082879,1.299395997193642,858.2991319999564,50.0
1781571925,10,GET,/api/products [GET],2.800000,0.000000,2,2,2,3,3,3,3,3,3,3,3,8725,0,2,6.20839406451578,0.7687059987802058,852.6058299976285,120.0
1781571925,10,,Aggregated,8.100000,0.000000,3,3,5,5,6,6,6,7,7,7,7,28998,1,3,14.033613415663412,0.7687059987802058,138163.98522600502,78.13035381750466
1781571926,10,GET,/api/load/gc [GC-pressure],3.200000,0.000000,5,6,6,6,6,6,7,7,7,7,7,14604,1,5,21.171084508020552,2.237843000330031,138163.98522600502,64.03834565872364
1781571926,10,GET,/api/load/memory-light [GET],1.600000,0.000000,2,3,3,3,3,4,4,4,4,4,4,5674,0,2,7.686871764959425,1.299395997193642,858.2991319999564,50.0
1781571926,10,GET,/api/products [GET],3.100000,0.000000,2,2,2,3,3,3,3,3,3,3,3,8725,0,2,6.20839406451578,0.7687059987802058,852.6058299976285,120.0
1781571926,10,,Aggregated,7.900000,0.000000,3,3,5,5,6,6,6,7,7,7,7,29003,1,3,14.031861075144366,0.7687059987802058,138163.98522600502,78.12695238423612
1781571927,10,GET,/api/load/gc [GC-pressure],3.000000,0.000000,5,6,6,6,6,7,7,7,7,7,7,14608,1,5,21.166736904855863,2.237843000330031,138163.98522600502,64.03833515881709
1781571927,10,GET,/api/load/memory-light [GET],1.800000,0.000000,2,3,3,3,3,4,4,4,4,4,4,5674,0,2,7.686871764959425,1.299395997193642,858.2991319999564,50.0
1781571927,10,GET,/api/products [GET],3.400000,0.000000,2,2,2,3,3,3,3,3,3,3,3,8729,0,2,6.206485278485928,0.7687059987802058,852.6058299976285,120.0
1781571927,10,,Aggregated,8.200000,0.000000,3,3,5,5,6,6,7,7,7,7,7,29011,1,3,14.029003243473783,0.7687059987802058,138163.98522600502,78.13077798076591
1781571928,10,GET,/api/load/gc [GC-pressure],3.200000,0.000000,5,6,6,6,6,7,7,7,7,7,7,14613,1,5,21.161159834402984,2.237843000330031,138163.98522600502,64.03832204201738
1781571928,10,GET,/api/load/memory-light [GET],2.000000,0.000000,2,3,3,3,3,4,4,4,4,4,4,5675,0,2,7.68587343513223,1.299395997193642,858.2991319999564,50.0
1781571928,10,GET,/api/products [GET],3.000000,0.000000,2,2,2,3,3,3,3,3,3,3,3,8730,0,2,6.206062722325658,0.7687059987802058,852.6058299976285,120.0
1781571928,10,,Aggregated,8.200000,0.000000,3,4,5,5,6,6,7,7,7,7,7,29018,1,3,14.026614100572376,0.7687059987802058,138163.98522600502,78.12881659659521
1781571929,10,GET,/api/load/gc [GC-pressure],3.300000,0.000000,5,6,6,6,6,7,7,7,7,7,7,14619,1,5,21.15442682995601,2.237843000330031,138163.98522600502,64.03830631370134
1781571929,10,GET,/api/load/memory-light [GET],2.000000,0.000000,2,3,3,3,3,4,4,4,4,4,4,5675,0,2,7.68587343513223,1.299395997193642,858.2991319999564,50.0
1781571929,10,GET,/api/products [GET],3.000000,0.000000,2,2,3,3,3,3,4,4,4,4,4,8731,0,2,6.205820590642518,0.7687059987802058,852.6058299976285,120.0
1781571929,10,,Aggregated,8.300000,0.000000,3,4,5,5,6,6,7,7,7,7,7,29025,1,3,14.024355457309289,0.7687059987802058,138163.98522600502,78.12733850129199
1781571930,10,GET,/api/load/gc [GC-pressure],3.000000,0.000000,5,6,6,6,6,7,7,7,7,7,7,14623,1,5,21.14999404432277,2.237843000330031,138163.98522600502,64.03829583532792
1781571930,10,GET,/api/load/memory-light [GET],1.700000,0.000000,2,3,3,3,3,4,4,4,4,4,4,5676,0,2,7.685131610882612,1.299395997193642,858.2991319999564,50.0
1781571930,10,GET,/api/products [GET],3.000000,0.000000,2,2,3,3,3,3,4,4,4,4,4,8734,0,2,6.204303515332217,0.7687059987802058,852.6058299976285,120.0
1781571930,10,,Aggregated,7.700000,0.000000,3,4,5,6,6,6,7,7,7,7,7,29033,1,3,14.021477519939832,0.7687059987802058,138163.98522600502,78.12875004305445
1781571931,10,GET,/api/load/gc [GC-pressure],3.300000,0.000000,5,6,6,6,6,6,7,7,7,7,7,14625,1,5,21.147750687051634,2.237843000330031,138163.98522600502,64.0382905982906
1781571931,10,GET,/api/load/memory-light [GET],1.600000,0.000000,2,3,3,3,3,3,4,4,4,4,4,5682,0,2,7.679802453426046,1.299395997193642,858.2991319999564,50.0
1781571931,10,GET,/api/products [GET],3.000000,0.000000,2,2,3,3,3,3,4,4,4,4,4,8736,0,2,6.203320233391636,0.7687059987802058,852.6058299976285,120.0
1781571931,10,,Aggregated,7.900000,0.000000,3,4,5,5,6,6,6,7,7,7,7,29043,1,3,14.017653028179122,0.7687059987802058,138163.98522600502,78.12484936129188
1781571932,10,GET,/api/load/gc [GC-pressure],3.500000,0.000000,5,6,6,6,6,6,7,7,7,7,7,14630,1,5,21.142042316482346,2.237843000330031,138163.98522600502,64.03827751196172
1781571932,10,GET,/api/load/memory-light [GET],1.500000,0.000000,2,3,3,3,3,4,4,4,4,4,4,5684,0,2,7.678213058824633,1.299395997193642,858.2991319999564,50.0
1781571932,10,GET,/api/products [GET],2.900000,0.000000,2,2,3,3,3,3,4,4,4,4,4,8737,0,2,6.202868798661809,0.7687059987802058,852.6058299976285,120.0
1781571932,10,,Aggregated,7.900000,0.000000,3,4,5,5,6,6,6,7,7,7,7,29051,1,3,14.014853423648212,0.7687059987802058,138163.98522600502,78.12192351382052
1781571933,10,GET,/api/load/gc [GC-pressure],3.800000,0.000000,5,6,6,6,6,6,7,7,7,7,7,14635,1,5,21.136579609986097,2.237843000330031,138163.98522600502,64.03826443457464
1781571933,10,GET,/api/load/memory-light [GET],1.900000,0.000000,2,3,3,3,3,4,4,4,4,4,4,5685,0,2,7.677284414134745,1.299395997193642,858.2991319999564,50.0
1781571933,10,GET,/api/products [GET],2.400000,0.000000,2,2,2,3,3,4,4,4,4,4,4,8739,0,2,6.201889668257953,0.7687059987802058,852.6058299976285,120.0
1781571933,10,,Aggregated,8.100000,0.000000,3,4,5,5,6,6,6,7,7,7,7,29059,1,3,14.012096710052267,0.7687059987802058,138163.98522600502,78.12140816958602
1781571934,10,GET,/api/load/gc [GC-pressure],3.700000,0.000000,5,6,6,6,6,6,7,7,7,7,7,14639,1,5,21.13221308567162,2.237843000330031,138163.98522600502,64.03825397909694
1781571934,10,GET,/api/load/memory-light [GET],2.100000,0.000000,2,3,3,3,3,4,4,4,4,4,4,5685,0,2,7.677284414134745,1.299395997193642,858.2991319999564,50.0
1781571934,10,GET,/api/products [GET],2.400000,0.000000,2,2,3,3,3,4,4,4,4,4,4,8740,0,2,6.201366119325701,0.7687059987802058,852.6058299976285,120.0
1781571934,10,,Aggregated,8.200000,0.000000,3,5,5,5,6,6,6,7,7,7,7,29064,1,3,14.010451731984912,0.7687059987802058,138163.98522600502,78.12090558766859
1781571935,10,GET,/api/load/gc [GC-pressure],3.500000,0.000000,5,6,6,6,6,6,7,7,7,7,7,14645,1,5,21.1255735778187,2.237843000330031,138163.98522600502,64.03823830658928
1781571935,10,GET,/api/load/memory-light [GET],1.800000,0.000000,2,3,3,3,3,3,3,3,3,3,3,5685,0,2,7.677284414134745,1.299395997193642,858.2991319999564,50.0
1781571935,10,GET,/api/products [GET],2.200000,0.000000,2,2,2,3,3,4,4,4,4,4,4,8743,0,2,6.199951255393706,0.7687059987802058,852.6058299976285,120.0
1781571935,10,,Aggregated,7.500000,0.000000,3,5,5,6,6,6,6,7,7,7,7,29073,1,3,14.007345673560282,0.7687059987802058,138163.98522600502,78.12231279881676
1781571936,10,GET,/api/load/gc [GC-pressure],3.900000,0.000000,5,6,6,6,6,6,6,6,6,6,6,14652,1,5,21.117468179302758,2.237843000330031,138163.98522600502,64.03822003822003
1781571936,10,GET,/api/load/memory-light [GET],1.800000,0.000000,2,3,3,3,3,3,3,3,3,3,3,5686,0,2,7.676335960139566,1.299395997193642,858.2991319999564,50.0
1781571936,10,GET,/api/products [GET],1.900000,0.000000,2,2,2,3,3,4,4,4,4,4,4,8743,0,2,6.199951255393706,0.7687059987802058,852.6058299976285,120.0
1781571936,10,,Aggregated,7.600000,0.000000,4,5,5,6,6,6,6,6,6,6,6,29081,1,3,14.004572190034894,0.7687059987802058,138163.98522600502,78.11794642550119
1781571937,10,GET,/api/load/gc [GC-pressure],4.400000,0.000000,5,6,6,6,6,6,7,7,7,7,7,14656,1,5,21.113221252943926,2.237843000330031,138163.98522600502,64.0382096069869
1781571937,10,GET,/api/load/memory-light [GET],1.600000,0.000000,2,3,3,3,3,3,3,3,3,3,3,5686,0,2,7.676335960139566,1.299395997193642,858.2991319999564,50.0
1781571937,10,GET,/api/products [GET],1.700000,0.000000,2,2,2,2,3,4,4,4,4,4,4,8748,0,2,6.197702777881679,0.7687059987802058,852.6058299976285,120.0
1781571937,10,,Aggregated,7.700000,0.000000,3,5,5,6,6,6,6,7,7,7,7,29090,1,3,14.001392947865543,0.7687059987802058,138163.98522600502,78.12320385012032
1781571938,10,GET,/api/load/gc [GC-pressure],4.700000,0.000000,5,5,6,6,6,6,7,7,7,7,7,14661,1,5,21.107432949671654,2.237843000330031,138163.98522600502,64.0381965759498
1781571938,10,GET,/api/load/memory-light [GET],1.300000,0.000000,2,3,3,3,3,3,3,3,3,3,3,5689,0,2,7.673709479760313,1.299395997193642,858.2991319999564,50.0
1781571938,10,GET,/api/products [GET],1.800000,0.000000,2,2,2,2,3,3,3,3,3,3,3,8749,0,2,6.197171295223277,0.7687059987802058,852.6058299976285,120.0
1781571938,10,,Aggregated,7.800000,0.000000,3,5,5,5,6,6,6,7,7,7,7,29099,1,3,13.998105067782433,0.7687059987802058,138163.98522600502,78.11931681501082
1781571939,10,GET,/api/load/gc [GC-pressure],4.600000,0.000000,5,6,6,6,6,7,57,57,57,57,57,14665,1,5,21.107113966596266,2.237843000330031,138163.98522600502,64.0381861575179
1781571939,10,GET,/api/load/memory-light [GET],1.200000,0.000000,3,3,3,3,4,39,39,39,39,39,39,5691,0,2,7.678496347980713,1.299395997193642,858.2991319999564,50.0
1781571939,10,GET,/api/products [GET],1.800000,0.000000,2,2,2,2,3,3,3,3,3,3,3,8752,0,2,6.1957907599297615,0.7687059987802058,852.6058299976285,120.0
1781571939,10,,Aggregated,7.600000,0.000000,3,5,5,6,6,7,39,57,57,57,57,29108,1,3,13.99820357865184,0.7687059987802058,138163.98522600502,78.11976089047684
1781571940,10,GET,/api/load/gc [GC-pressure],4.900000,0.000000,5,6,6,6,7,13,59,59,59,59,59,14667,1,5,21.108589817899496,2.237843000330031,138163.98522600502,64.03818095043295
1781571940,10,GET,/api/load/memory-light [GET],1.500000,0.000000,3,3,3,4,39,48,48,48,48,48,48,5694,0,2,7.683839550116846,1.299395997193642,858.2991319999564,50.0
1781571940,10,GET,/api/products [GET],1.900000,0.000000,2,2,2,2,3,3,3,3,3,3,3,8753,0,2,6.1952547127733135,0.7687059987802058,852.6058299976285,120.0
1781571940,10,,Aggregated,8.300000,0.000000,3,5,5,6,6,39,57,59,59,59,59,29114,1,3,13.999400074136224,0.7687059987802058,138163.98522600502,78.1173318678299
1781571941,10,GET,/api/load/gc [GC-pressure],4.600000,0.000000,5,6,6,6,7,13,59,59,59,59,59,14670,1,5,21.105279006961773,2.237843000330031,138163.98522600502,64.03817314246763
1781571941,10,GET,/api/load/memory-light [GET],1.500000,0.000000,3,3,3,4,39,48,48,48,48,48,48,5696,0,2,7.6819887874586295,1.299395997193642,858.2991319999564,50.0
1781571941,10,GET,/api/products [GET],1.900000,0.000000,2,2,2,2,3,3,3,3,3,3,3,8755,0,2,6.194343734882804,0.7687059987802058,852.6058299976285,120.0
1781571941,10,,Aggregated,8.000000,0.000000,3,5,5,6,6,39,57,59,59,59,59,29121,1,3,13.996858987136173,0.7687059987802058,138163.98522600502,78.11682291130113
1781571942,10,GET,/api/load/gc [GC-pressure],4.400000,0.000000,5,6,6,6,7,13,59,59,59,59,59,14677,1,5,21.097866759972774,2.237843000330031,138163.98522600502,64.03815493629489
1781571942,10,GET,/api/load/memory-light [GET],1.800000,0.000000,3,3,3,4,39,48,48,48,48,48,48,5698,0,2,7.680183203644257,1.299395997193642,858.2991319999564,50.0
1781571942,10,GET,/api/products [GET],1.900000,0.000000,2,2,2,2,2,3,3,3,3,3,3,8758,0,2,6.192945631983,0.7687059987802058,852.6058299976285,120.0
1781571942,10,,Aggregated,8.100000,0.000000,3,5,5,6,6,13,57,59,59,59,59,29133,1,3,13.992822303758366,0.7687059987802058,138163.98522600502,78.11581368207874
1781571943,10,GET,/api/load/gc [GC-pressure],4.500000,0.000000,5,6,6,6,7,13,59,59,59,59,59,14681,1,5,21.093393139235246,2.237843000330031,138163.98522600502,64.03814454056263
1781571943,10,GET,/api/load/memory-light [GET],1.500000,0.000000,3,3,3,4,39,48,48,48,48,48,48,5698,0,2,7.680183203644257,1.299395997193642,858.2991319999564,50.0
1781571943,10,GET,/api/products [GET],1.800000,0.000000,2,2,2,2,2,3,3,3,3,3,3,8761,0,2,6.191528264685104,0.7687059987802058,852.6058299976285,120.0
1781571943,10,,Aggregated,7.800000,0.000000,3,5,5,6,7,39,57,59,59,59,59,29140,1,3,13.990314608729713,0.7687059987802058,138163.98522600502,78.11818805765272
1781571944,10,GET,/api/load/gc [GC-pressure],4.500000,0.000000,5,6,6,6,7,57,59,59,59,59,59,14683,1,5,21.091215353818058,2.237843000330031,138163.98522600502,64.03813934482054
1781571944,10,GET,/api/load/memory-light [GET],1.400000,0.000000,3,3,3,4,39,48,48,48,48,48,48,5700,0,2,7.678429310590697,1.299395997193642,858.2991319999564,50.0
1781571944,10,GET,/api/products [GET],2.000000,0.000000,2,2,2,2,3,3,3,3,3,3,3,8765,0,2,6.189703322408181,0.7687059987802058,852.6058299976285,120.0
1781571944,10,,Aggregated,7.900000,0.000000,3,5,5,6,7,39,57,59,59,59,59,29148,1,3,13.987309994901373,0.7687059987802058,138163.98522600502,78.12103746397695
1781571945,10,GET,/api/load/gc [GC-pressure],4.800000,0.000000,5,6,6,6,7,57,59,59,59,59,59,14685,1,5,21.088957259047433,2.237843000330031,138163.98522600502,64.0381341504937
1781571945,10,GET,/api/load/memory-light [GET],1.400000,0.000000,3,3,3,3,39,48,48,48,48,48,48,5702,0,2,7.676623811184516,1.299395997193642,858.2991319999564,50.0
1781571945,10,GET,/api/products [GET],2.200000,0.000000,2,2,2,3,3,3,3,3,3,3,3,8768,0,2,6.188285270632748,0.7687059987802058,852.6058299976285,120.0
1781571945,10,,Aggregated,8.400000,0.000000,3,4,5,6,7,39,57,59,59,59,59,29155,1,3,13.984645226321167,0.7687059987802058,138163.98522600502,78.12244897959184
1781571946,10,GET,/api/load/gc [GC-pressure],4.400000,0.000000,5,6,6,6,7,57,59,59,59,59,59,14690,1,5,21.083428013758926,2.237843000330031,138163.98522600502,64.03812117086453
1781571946,10,GET,/api/load/memory-light [GET],1.400000,0.000000,3,3,3,3,39,48,48,48,48,48,48,5703,0,2,7.675643116320753,1.299395997193642,858.2991319999564,50.0
1781571946,10,GET,/api/products [GET],2.400000,0.000000,2,2,2,2,3,3,3,3,3,3,3,8771,0,2,6.186730380790429,0.7687059987802058,852.6058299976285,120.0
1781571946,10,,Aggregated,8.200000,0.000000,3,5,5,6,7,39,57,59,59,59,59,29164,1,3,13.981400438362664,0.7687059987802058,138163.98522600502,78.12337127965985
1781571947,10,GET,/api/load/gc [GC-pressure],4.000000,0.000000,5,6,6,6,7,57,59,59,59,59,59,14697,1,5,21.075739618910813,2.237843000330031,138163.98522600502,64.0381030142206
1781571947,10,GET,/api/load/memory-light [GET],1.700000,0.000000,3,3,4,4,39,48,48,48,48,48,48,5704,0,2,7.675081544946839,1.299395997193642,858.2991319999564,50.0
1781571947,10,GET,/api/products [GET],2.600000,0.000000,2,2,2,3,3,3,3,3,3,3,3,8772,0,2,6.186343058015193,0.7687059987802058,852.6058299976285,120.0
1781571947,10,,Aggregated,8.300000,0.000000,3,5,5,6,7,39,57,59,59,59,59,29173,1,3,13.978521633579621,0.7687059987802058,138163.98522600502,78.12045384430809
1781571948,10,GET,/api/load/gc [GC-pressure],3.600000,0.000000,5,6,6,6,7,57,59,59,59,59,59,14702,1,5,21.070254083058426,2.237843000330031,138163.98522600502,64.03809005577473
1781571948,10,GET,/api/load/memory-light [GET],1.600000,0.000000,3,3,3,4,39,48,48,48,48,48,48,5705,0,2,7.674214954842378,1.299395997193642,858.2991319999564,50.0
1781571948,10,GET,/api/products [GET],2.800000,0.000000,2,2,2,3,3,3,3,3,3,3,3,8774,0,2,6.185307176875962,0.7687059987802058,852.6058299976285,120.0
1781571948,10,,Aggregated,8.000000,0.000000,3,5,6,6,6,39,57,59,59,59,59,29181,1,3,13.975743018279374,0.7687059987802058,138163.98522600502,78.11994105753745
1781571949,10,GET,/api/load/gc [GC-pressure],4.000000,0.000000,5,6,6,6,6,7,7,7,7,7,7,14702,1,5,21.070254083058426,2.237843000330031,138163.98522600502,64.03809005577473
1781571949,10,GET,/api/load/memory-light [GET],1.800000,0.000000,2,3,3,3,3,4,4,4,4,4,4,5706,0,2,7.673222856182191,1.299395997193642,858.2991319999564,50.0
1781571949,10,GET,/api/products [GET],2.500000,0.000000,2,2,2,3,3,3,3,3,3,3,3,8780,0,2,6.182516785866401,0.7687059987802058,852.6058299976285,120.0
1781571949,10,,Aggregated,8.300000,0.000000,3,4,5,5,6,6,7,7,7,7,7,29188,1,3,13.972892371056858,0.7687059987802058,138163.98522600502,78.12758667945731
1781571950,10,GET,/api/load/gc [GC-pressure],4.200000,0.000000,5,6,6,6,6,7,7,7,7,7,7,14706,1,5,21.065753498580573,2.237843000330031,138163.98522600502,64.03807969536244
1781571950,10,GET,/api/load/memory-light [GET],1.600000,0.000000,3,3,3,3,3,4,4,4,4,4,4,5706,0,2,7.673222856182191,1.299395997193642,858.2991319999564,50.0
1781571950,10,GET,/api/products [GET],2.300000,0.000000,2,2,3,3,3,3,3,3,3,3,3,8783,0,2,6.18111509437572,0.7687059987802058,852.6058299976285,120.0
1781571950,10,,Aggregated,8.100000,0.000000,3,4,5,5,6,6,7,7,7,7,7,29195,1,3,13.970375558876636,0.7687059987802058,138163.98522600502,78.12995375920535
1781571951,10,GET,/api/load/gc [GC-pressure],3.900000,0.000000,5,6,6,6,6,7,7,7,7,7,7,14709,1,5,21.06256664791058,2.237843000330031,138163.98522600502,64.03807192875111
1781571951,10,GET,/api/load/memory-light [GET],1.500000,0.000000,3,3,3,3,4,4,4,4,4,4,4,5706,0,2,7.673222856182191,1.299395997193642,858.2991319999564,50.0
1781571951,10,GET,/api/products [GET],2.700000,0.000000,2,2,3,3,3,3,3,3,3,3,3,8787,0,2,6.179140924308333,0.7687059987802058,852.6058299976285,120.0
1781571951,10,,Aggregated,8.100000,0.000000,3,4,5,5,6,6,7,7,7,7,7,29202,1,3,13.967838289959236,0.7687059987802058,138163.98522600502,78.1342373810013
1781571952,10,GET,/api/load/gc [GC-pressure],3.700000,0.000000,5,6,6,6,6,7,7,7,7,7,7,14713,1,5,21.058045122484682,2.237843000330031,138163.98522600502,64.03806157819615
1781571952,10,GET,/api/load/memory-light [GET],1.300000,0.000000,3,3,3,3,4,4,4,4,4,4,4,5708,0,2,7.671537016709649,1.299395997193642,858.2991319999564,50.0
1781571952,10,GET,/api/products [GET],3.000000,0.000000,2,2,3,3,3,3,3,3,3,3,3,8792,0,2,6.176834100760664,0.7687059987802058,852.6058299976285,120.0
1781571952,10,,Aggregated,8.000000,0.000000,3,3,5,5,6,6,7,7,7,7,7,29213,1,3,13.963744791441602,0.7687059987802058,138163.98522600502,78.13754150549413
1781571953,10,GET,/api/load/gc [GC-pressure],3.800000,0.000000,5,5,6,6,6,7,7,7,7,7,7,14714,1,5,21.05697074909065,2.237843000330031,138163.98522600502,64.03805899143673
1781571953,10,GET,/api/load/memory-light [GET],1.100000,0.000000,3,3,3,3,3,4,4,4,4,4,4,5710,0,2,7.669810206721235,1.299395997193642,858.2991319999564,50.0
1781571953,10,GET,/api/products [GET],3.400000,0.000000,2,2,3,3,3,3,3,3,3,3,3,8794,0,2,6.176008283475719,0.7687059987802058,852.6058299976285,120.0
1781571953,10,,Aggregated,8.300000,0.000000,3,4,5,5,6,6,7,7,7,7,7,29218,1,3,13.961896800855074,0.7687059987802058,138163.98522600502,78.1379971250599
1781571954,10,GET,/api/load/gc [GC-pressure],3.600000,0.000000,5,5,6,6,6,7,7,7,7,7,7,14717,1,5,21.053844620107142,2.237843000330031,138163.98522600502,64.03805123326765
1781571954,10,GET,/api/load/memory-light [GET],1.200000,0.000000,2,3,3,3,3,4,4,4,4,4,4,5712,0,2,7.667930077623831,1.299395997193642,858.2991319999564,50.0
1781571954,10,GET,/api/products [GET],3.100000,0.000000,2,2,3,3,3,3,3,3,3,3,3,8797,0,2,6.174676432862049,0.7687059987802058,852.6058299976285,120.0
1781571954,10,,Aggregated,7.900000,0.000000,3,4,5,5,6,6,7,7,7,7,7,29226,1,3,13.959052776890152,0.7687059987802058,138163.98522600502,78.13891740231301
1781571955,10,GET,/api/load/gc [GC-pressure],3.400000,0.000000,5,5,6,6,6,7,7,7,7,7,7,14720,1,5,21.050415334722718,2.237843000330031,138163.98522600502,64.03804347826087
1781571955,10,GET,/api/load/memory-light [GET],1.100000,0.000000,2,3,3,3,3,4,4,4,4,4,4,5713,0,2,7.667131357497994,1.299395997193642,858.2991319999564,50.0
1781571955,10,GET,/api/products [GET],3.500000,0.000000,2,2,3,3,3,3,3,3,3,3,3,8802,0,2,6.172401194716157,0.7687059987802058,852.6058299976285,120.0
1781571955,10,,Aggregated,8.000000,0.000000,3,4,5,5,6,6,7,7,7,7,7,29235,1,3,13.955666512344658,0.7687059987802058,138163.98522600502,78.14366341713699
1781571956,10,GET,/api/load/gc [GC-pressure],3.500000,0.000000,5,5,6,6,7,7,7,7,7,7,7,14723,1,5,21.0470885226594,2.237843000330031,138163.98522600502,64.03803572641445
1781571956,10,GET,/api/load/memory-light [GET],1.200000,0.000000,2,3,3,3,3,3,3,3,3,3,3,5713,0,2,7.667131357497994,1.299395997193642,858.2991319999564,50.0
1781571956,10,GET,/api/products [GET],3.000000,0.000000,2,2,3,3,3,3,3,3,3,3,3,8804,0,2,6.171327866071656,0.7687059987802058,852.6058299976285,120.0
1781571956,10,,Aggregated,7.700000,0.000000,3,3,5,5,6,6,7,7,7,7,7,29240,1,3,13.95386375846085,0.7687059987802058,138163.98522600502,78.14507523939808
1781571957,10,GET,/api/load/gc [GC-pressure],3.500000,0.000000,5,5,6,6,6,7,7,7,7,7,7,14728,1,5,21.041462840515873,2.237843000330031,138163.98522600502,64.03802281368822
1781571957,10,GET,/api/load/memory-light [GET],1.000000,0.000000,3,3,3,3,3,3,3,3,3,3,3,5716,0,2,7.664602987120463,1.299395997193642,858.2991319999564,50.0
1781571957,10,GET,/api/products [GET],3.200000,0.000000,2,2,2,3,3,3,3,3,3,3,3,8805,0,2,6.170799261089459,0.7687059987802058,852.6058299976285,120.0
1781571957,10,,Aggregated,7.700000,0.000000,3,3,4,5,6,6,7,7,7,7,7,29249,1,3,13.950679438045439,0.7687059987802058,138163.98522600502,78.14120140859517
1781571958,10,GET,/api/load/gc [GC-pressure],3.600000,0.000000,5,5,6,6,6,7,7,7,7,7,7,14730,1,5,21.039354696817135,2.237843000330031,138163.98522600502,64.03801765105227
1781571958,10,GET,/api/load/memory-light [GET],1.100000,0.000000,3,3,3,3,3,3,3,3,3,3,3,5719,0,2,7.661898465532344,1.299395997193642,858.2991319999564,50.0
1781571958,10,GET,/api/products [GET],3.200000,0.000000,2,2,3,3,3,3,3,3,3,3,3,8807,0,2,6.169895386725757,0.7687059987802058,852.6058299976285,120.0
1781571958,10,,Aggregated,7.900000,0.000000,3,3,4,5,6,6,7,7,7,7,7,29256,1,3,13.948125535937573,0.7687059987802058,138163.98522600502,78.14021055509981
1781571959,10,GET,/api/load/gc [GC-pressure],3.100000,0.000000,5,6,6,6,7,7,8,8,8,8,8,14733,1,5,21.03637941078612,2.237843000330031,138163.98522600502,64.03800990972647
1781571959,10,GET,/api/load/memory-light [GET],1.000000,0.000000,3,3,3,3,3,3,3,3,3,3,3,5721,0,2,7.660045210169303,1.299395997193642,858.2991319999564,50.0
1781571959,10,GET,/api/products [GET],3.300000,0.000000,2,2,2,3,3,3,3,3,3,3,3,8810,0,2,6.168426199760569,0.7687059987802058,852.6058299976285,120.0
1781571959,10,,Aggregated,7.400000,0.000000,3,3,5,5,6,6,7,8,8,8,8,29264,1,3,13.945322967686614,0.7687059987802058,138163.98522600502,78.14112903225806
1781571960,10,GET,/api/load/gc [GC-pressure],2.900000,0.000000,5,6,6,6,6,7,8,8,8,8,8,14739,1,5,21.029720688996104,2.237843000330031,138163.98522600502,64.03799443652893
1781571960,10,GET,/api/load/memory-light [GET],1.200000,0.000000,3,3,3,3,3,3,3,3,3,3,3,5721,0,2,7.660045210169303,1.299395997193642,858.2991319999564,50.0
1781571960,10,GET,/api/products [GET],3.400000,0.000000,2,2,3,3,3,3,3,3,3,3,3,8811,0,2,6.168021328100376,0.7687059987802058,852.6058299976285,120.0
1781571960,10,,Aggregated,7.500000,0.000000,3,4,5,5,6,6,7,8,8,8,8,29271,1,3,13.943036035816492,0.7687059987802058,138163.98522600502,78.13966041474497
1781571961,10,GET,/api/load/gc [GC-pressure],2.900000,0.000000,5,6,6,6,6,7,8,8,8,8,8,14745,1,5,21.02339630166862,2.237843000330031,138163.98522600502,64.03797897592405
1781571961,10,GET,/api/load/memory-light [GET],1.600000,0.000000,3,3,3,3,3,3,3,3,3,3,3,5721,0,2,7.660045210169303,1.299395997193642,858.2991319999564,50.0
1781571961,10,GET,/api/products [GET],3.100000,0.000000,2,2,3,3,3,3,3,3,3,3,3,8812,0,2,6.167506886505798,0.7687059987802058,852.6058299976285,120.0
1781571961,10,,Aggregated,7.600000,0.000000,3,4,5,6,6,6,7,8,8,8,8,29278,1,3,13.94088284033648,0.7687059987802058,138163.98522600502,78.13819249948767
1781571962,10,GET,/api/load/gc [GC-pressure],3.100000,0.000000,5,6,6,6,6,7,8,8,8,8,8,14749,1,5,21.019046253718628,2.237843000330031,138163.98522600502,64.03796867584244
1781571962,10,GET,/api/load/memory-light [GET],1.500000,0.000000,3,3,3,3,3,3,3,3,3,3,3,5724,0,2,7.657313068374117,1.299395997193642,858.2991319999564,50.0
1781571962,10,GET,/api/products [GET],2.700000,0.000000,2,2,2,3,3,3,3,3,3,3,3,8814,0,2,6.166599507588749,0.7687059987802058,852.6058299976285,120.0
1781571962,10,,Aggregated,7.300000,0.000000,3,4,5,6,6,6,7,8,8,8,8,29287,1,3,13.93767819371587,0.7687059987802058,138163.98522600502,78.136237921262
1781571963,10,GET,/api/load/gc [GC-pressure],3.400000,0.000000,5,6,6,6,7,7,8,8,8,8,8,14754,1,5,21.013473461509633,2.237843000330031,138163.98522600502,64.03795580859428
1781571963,10,GET,/api/load/memory-light [GET],1.500000,0.000000,3,3,3,3,3,3,3,3,3,3,3,5726,0,2,7.655504506002286,1.299395997193642,858.2991319999564,50.0
1781571963,10,GET,/api/products [GET],2.500000,0.000000,2,2,2,2,3,3,3,3,3,3,3,8816,0,2,6.165659276416467,0.7687059987802058,852.6058299976285,120.0
1781571963,10,,Aggregated,7.400000,0.000000,3,4,5,6,6,7,7,8,8,8,8,29296,1,3,13.93448451779662,0.7687059987802058,138163.98522600502,78.13476242490442
1781571964,10,GET,/api/load/gc [GC-pressure],3.700000,0.000000,5,6,6,6,7,7,8,8,8,8,8,14758,1,5,21.00934616290325,2.237843000330031,138163.98522600502,64.03794552107331
1781571964,10,GET,/api/load/memory-light [GET],1.400000,0.000000,3,3,3,3,3,3,3,3,3,3,3,5727,0,2,7.654710805548014,1.299395997193642,858.2991319999564,50.0
1781571964,10,GET,/api/products [GET],2.400000,0.000000,2,2,2,2,3,3,3,3,3,3,3,8818,0,2,6.164825185857331,0.7687059987802058,852.6058299976285,120.0
1781571964,10,,Aggregated,7.500000,0.000000,3,5,6,6,6,7,7,8,8,8,8,29303,1,3,13.932221545384074,0.7687059987802058,138163.98522600502,78.13473023239942
1781571965,10,GET,/api/load/gc [GC-pressure],3.800000,0.000000,5,6,6,6,6,7,8,8,8,8,8,14763,1,5,21.0037540472216,2.237843000330031,138163.98522600502,64.03793266951162
1781571965,10,GET,/api/load/memory-light [GET],1.500000,0.000000,3,3,3,3,3,3,3,3,3,3,3,5729,0,2,7.65306172078555,1.299395997193642,858.2991319999564,50.0
1781571965,10,GET,/api/products [GET],2.100000,0.000000,2,2,2,2,3,3,3,3,3,3,3,8821,0,2,6.163450402889015,0.7687059987802058,852.6058299976285,120.0
1781571965,10,,Aggregated,7.400000,0.000000,3,4,5,6,6,7,7,8,8,8,8,29313,1,3,13.92865307547494,0.7687059987802058,138163.98522600502,78.13468426977792
1781571966,10,GET,/api/load/gc [GC-pressure],4.000000,0.000000,5,6,6,6,6,7,8,8,8,8,8,14769,1,5,20.997268321425455,2.237843000330031,138163.98522600502,64.03791725912384
1781571966,10,GET,/api/load/memory-light [GET],1.500000,0.000000,3,3,3,3,3,3,3,3,3,3,3,5730,0,2,7.6521181016371616,1.299395997193642,858.2991319999564,50.0
1781571966,10,GET,/api/products [GET],2.300000,0.000000,2,2,2,2,3,3,3,3,3,3,3,8822,0,2,6.163079980943214,0.7687059987802058,852.6058299976285,120.0
1781571966,10,,Aggregated,7.800000,0.000000,3,5,6,6,6,7,7,8,8,8,8,29321,1,3,13.92605928015397,0.7687059987802058,138163.98522600502,78.13226015483782
1781571967,10,GET,/api/load/gc [GC-pressure],3.900000,0.000000,5,6,6,6,6,7,8,8,8,8,8,14773,1,5,20.992787140264987,2.237843000330031,138163.98522600502,64.0379069924863
1781571967,10,GET,/api/load/memory-light [GET],1.600000,0.000000,3,3,3,3,3,3,3,3,3,3,3,5730,0,2,7.6521181016371616,1.299395997193642,858.2991319999564,50.0
1781571967,10,GET,/api/products [GET],2.100000,0.000000,2,2,2,2,3,3,3,3,3,3,3,8827,0,2,6.16079587344276,0.7687059987802058,852.6058299976285,120.0
1781571967,10,,Aggregated,7.600000,0.000000,3,5,6,6,6,7,7,8,8,8,8,29330,1,3,13.922755755894812,0.7687059987802058,138163.98522600502,78.13747016706444
1781571968,10,GET,/api/load/gc [GC-pressure],4.300000,0.000000,5,6,6,6,6,7,8,8,8,8,8,14777,1,5,20.988485372479765,2.237843000330031,138163.98522600502,64.03789673140692
1781571968,10,GET,/api/load/memory-light [GET],1.700000,0.000000,3,3,3,3,3,3,3,3,3,3,3,5730,0,2,7.6521181016371616,1.299395997193642,858.2991319999564,50.0
1781571968,10,GET,/api/products [GET],1.800000,0.000000,2,2,2,2,3,3,3,3,3,3,3,8830,0,2,6.159304374731406,0.7687059987802058,852.6058299976285,120.0
1781571968,10,,Aggregated,7.800000,0.000000,4,5,5,6,6,7,7,8,8,8,8,29337,1,3,13.920310280546502,0.7687059987802058,138163.98522600502,78.13982343116201
1781571969,10,GET,/api/load/gc [GC-pressure],4.700000,0.000000,5,6,6,6,6,7,7,7,7,7,7,14779,1,5,20.986326744714617,2.237843000330031,138163.98522600502,64.03789160295013
1781571969,10,GET,/api/load/memory-light [GET],1.600000,0.000000,3,3,3,3,3,3,3,3,3,3,3,5731,0,2,7.651212298268595,1.299395997193642,858.2991319999564,50.0
1781571969,10,GET,/api/products [GET],1.900000,0.000000,2,2,2,2,3,3,3,3,3,3,3,8833,0,2,6.157956657973107,0.7687059987802058,852.6058299976285,120.0
1781571969,10,,Aggregated,8.200000,0.000000,3,5,5,6,6,6,7,7,7,7,7,29343,1,3,13.918115114384728,0.7687059987802058,138163.98522600502,78.14218041781686
1781571970,10,GET,/api/load/gc [GC-pressure],4.500000,0.000000,5,6,6,6,6,7,7,7,7,7,7,14783,1,5,20.982047000077653,2.237843000330031,138163.98522600502,64.03788135019956
1781571970,10,GET,/api/load/memory-light [GET],1.300000,0.000000,3,3,3,3,3,3,3,3,3,3,3,5733,0,2,7.6495236058559,1.299395997193642,858.2991319999564,50.0
1781571970,10,GET,/api/products [GET],2.200000,0.000000,2,2,2,3,3,3,3,3,3,3,3,8835,0,2,6.157215578254522,0.7687059987802058,852.6058299976285,120.0
1781571970,10,,Aggregated,8.000000,0.000000,3,5,5,6,6,6,7,7,7,7,7,29351,1,3,13.915414100657507,0.7687059987802058,138163.98522600502,78.14118769377534
1781571971,10,GET,/api/load/gc [GC-pressure],4.700000,0.000000,5,6,6,6,6,7,7,7,7,7,7,14786,1,5,20.978758588269255,2.237843000330031,138163.98522600502,64.03787366427701
1781571971,10,GET,/api/load/memory-light [GET],0.900000,0.000000,3,3,3,3,3,4,4,4,4,4,4,5736,0,2,7.6471655124431495,1.299395997193642,858.2991319999564,50.0
1781571971,10,GET,/api/products [GET],2.500000,0.000000,2,2,2,3,3,3,3,3,3,3,3,8836,0,2,6.156839589166437,0.7687059987802058,852.6058299976285,120.0
1781571971,10,,Aggregated,8.100000,0.000000,3,4,5,5,6,6,7,7,7,7,7,29358,1,3,13.913001583057353,0.7687059987802058,138163.98522600502,78.138292799237
1781571972,10,GET,/api/load/gc [GC-pressure],4.700000,0.000000,5,6,6,6,6,6,7,7,7,7,7,14789,1,5,20.97523549740677,2.237843000330031,138163.98522600502,64.03786598147272
1781571972,10,GET,/api/load/memory-light [GET],1.200000,0.000000,3,3,3,3,4,4,4,4,4,4,4,5740,0,2,7.644143240657742,1.299395997193642,858.2991319999564,50.0
1781571972,10,GET,/api/products [GET],2.300000,0.000000,2,2,2,3,3,3,3,3,3,3,3,8839,0,2,6.15533054665432,0.7687059987802058,852.6058299976285,120.0
1781571972,10,,Aggregated,8.200000,0.000000,3,4,5,5,6,6,6,7,7,7,7,29368,1,3,13.909258603732011,0.7687059987802058,138163.98522600502,78.1372922909289
1781571973,10,GET,/api/load/gc [GC-pressure],4.100000,0.000000,5,6,6,6,6,6,7,7,7,7,7,14792,1,5,20.97202990996097,2.237843000330031,138163.98522600502,64.03785830178475
1781571973,10,GET,/api/load/memory-light [GET],1.300000,0.000000,3,3,3,3,4,4,4,4,4,4,4,5741,0,2,7.6432933874542925,1.299395997193642,858.2991319999564,50.0
1781571973,10,GET,/api/products [GET],2.400000,0.000000,2,2,3,3,3,3,3,3,3,3,3,8845,0,2,6.152668738368648,0.7687059987802058,852.6058299976285,120.0
1781571973,10,,Aggregated,7.800000,0.000000,3,4,5,5,6,6,6,7,7,7,7,29378,1,3,13.9056017685475,0.7687059987802058,138163.98522600502,78.14344066988903
1781571974,10,GET,/api/load/gc [GC-pressure],3.900000,0.000000,5,6,6,6,6,6,6,6,6,6,6,14795,1,5,20.968789697610617,2.237843000330031,138163.98522600502,64.03785062521122
1781571974,10,GET,/api/load/memory-light [GET],1.500000,0.000000,3,3,3,3,4,4,4,4,4,4,4,5742,0,2,7.6425179572232524,1.299395997193642,858.2991319999564,50.0
1781571974,10,GET,/api/products [GET],2.500000,0.000000,2,2,3,3,3,3,3,3,3,3,3,8847,0,2,6.151831101827019,0.7687059987802058,852.6058299976285,120.0
1781571974,10,,Aggregated,7.900000,0.000000,3,4,5,5,6,6,6,6,6,6,6,29384,1,3,13.903547217682707,0.7687059987802058,138163.98522600502,78.14388783011162
1781571975,10,GET,/api/load/gc [GC-pressure],3.900000,0.000000,5,6,6,6,6,6,7,7,7,7,7,14801,1,5,20.962183332960453,2.237843000330031,138163.98522600502,64.03783528139991
1781571975,10,GET,/api/load/memory-light [GET],1.600000,0.000000,3,3,3,3,4,4,4,4,4,4,4,5744,0,2,7.640812473777093,1.299395997193642,858.2991319999564,50.0
1781571975,10,GET,/api/products [GET],2.600000,0.000000,2,2,3,3,3,3,3,3,3,3,3,8847,0,2,6.151831101827019,0.7687059987802058,852.6058299976285,120.0
1781571975,10,,Aggregated,8.100000,0.000000,3,4,5,5,6,6,6,7,7,7,7,29392,1,3,13.900903379095908,0.7687059987802058,138163.98522600502,78.13908546543277
1781571976,10,GET,/api/load/gc [GC-pressure],3.700000,0.000000,5,6,6,6,6,6,7,7,7,7,7,14805,1,5,20.958020833714727,2.237843000330031,138163.98522600502,64.03782505910165
1781571976,10,GET,/api/load/memory-light [GET],1.500000,0.000000,3,3,3,3,4,9,9,9,9,9,9,5746,0,2,7.639994290005671,1.299395997193642,858.2991319999564,50.0
1781571976,10,GET,/api/products [GET],2.800000,0.000000,2,2,3,3,3,3,3,3,3,3,3,8849,0,2,6.150913092085664,0.7687059987802058,852.6058299976285,120.0
1781571976,10,,Aggregated,8.000000,0.000000,3,4,5,5,6,6,7,9,9,9,9,29400,1,3,13.898378761407658,0.7687059987802058,138163.98522600502,78.13809523809523
1781571977,10,GET,/api/load/gc [GC-pressure],3.900000,0.000000,5,6,6,6,6,6,7,7,7,7,7,14810,1,5,20.95248886807225,2.237843000330031,138163.98522600502,64.03781228899392
1781571977,10,GET,/api/load/memory-light [GET],1.500000,0.000000,3,3,3,3,4,9,9,9,9,9,9,5747,0,2,7.639030750194976,1.299395997193642,858.2991319999564,50.0
1781571977,10,GET,/api/products [GET],2.700000,0.000000,2,3,3,3,3,3,3,3,3,3,3,8851,0,2,6.150064360735359,0.7687059987802058,852.6058299976285,120.0
1781571977,10,,Aggregated,8.100000,0.000000,3,4,5,5,6,6,7,9,9,9,9,29408,1,3,13.89560968152847,0.7687059987802058,138163.98522600502,78.13758161044613
1781571978,10,GET,/api/load/gc [GC-pressure],3.800000,0.000000,5,6,6,6,6,6,7,7,7,7,7,14812,1,5,20.95031651364798,2.237843000330031,138163.98522600502,64.03780718336483
1781571978,10,GET,/api/load/memory-light [GET],1.500000,0.000000,3,3,3,3,4,9,9,9,9,9,9,5750,0,2,7.636185191369251,1.299395997193642,858.2991319999564,50.0
1781571978,10,GET,/api/products [GET],2.700000,0.000000,2,3,3,3,3,3,3,3,3,3,3,8853,0,2,6.149180725727118,0.7687059987802058,852.6058299976285,120.0
1781571978,10,,Aggregated,8.000000,0.000000,3,4,5,6,6,6,7,9,9,9,9,29415,1,3,13.893008669569582,0.7687059987802058,138163.98522600502,78.13659697433282
1781571979,10,GET,/api/load/gc [GC-pressure],3.900000,0.000000,5,6,6,6,6,6,7,7,7,7,7,14818,1,5,20.94385866622703,2.237843000330031,138163.98522600502,64.03779187474693
1781571979,10,GET,/api/load/memory-light [GET],1.600000,0.000000,3,3,3,3,4,9,9,9,9,9,9,5750,0,2,7.636185191369251,1.299395997193642,858.2991319999564,50.0
1781571979,10,GET,/api/products [GET],2.600000,0.000000,2,3,3,3,3,3,4,4,4,4,4,8855,0,2,6.1484128553207,0.7687059987802058,852.6058299976285,120.0
1781571979,10,,Aggregated,8.100000,0.000000,3,4,5,6,6,6,7,9,9,9,9,29423,1,3,13.89043803828264,0.7687059987802058,138163.98522600502,78.13655983414336
1781571980,10,GET,/api/load/gc [GC-pressure],3.700000,0.000000,5,6,6,6,6,6,7,7,7,7,7,14822,1,5,20.93945014789783,2.237843000330031,138163.98522600502,64.03778167588719
1781571980,10,GET,/api/load/memory-light [GET],1.800000,0.000000,3,3,3,3,4,9,9,9,9,9,9,5750,0,2,7.636185191369251,1.299395997193642,858.2991319999564,50.0
1781571980,10,GET,/api/products [GET],2.400000,0.000000,2,3,3,3,3,3,4,4,4,4,4,8859,0,2,6.146569216375224,0.7687059987802058,852.6058299976285,120.0
1781571980,10,,Aggregated,7.900000,0.000000,3,4,5,6,6,6,7,9,9,9,9,29431,1,3,13.887569285120552,0.7687059987802058,138163.98522600502,78.14032822534062
1781571981,10,GET,/api/load/gc [GC-pressure],3.700000,0.000000,5,6,6,6,6,6,7,7,7,7,7,14824,1,5,20.937369431404495,2.237843000330031,138163.98522600502,64.03777657852132
1781571981,10,GET,/api/load/memory-light [GET],2.000000,0.000000,3,3,3,3,4,9,9,9,9,9,9,5752,0,2,7.634531614111766,1.299395997193642,858.2991319999564,50.0
1781571981,10,GET,/api/products [GET],2.000000,0.000000,2,3,3,3,3,3,4,4,4,4,4,8860,0,2,6.1461617356507805,0.7687059987802058,852.6058299976285,120.0
1781571981,10,,Aggregated,7.700000,0.000000,3,4,5,6,6,6,7,9,9,9,9,29436,1,3,13.885867076823516,0.7687059987802058,138163.98522600502,78.13887756488653
1781571982,10,GET,/api/load/gc [GC-pressure],3.900000,0.000000,5,6,6,6,6,7,8,8,8,8,8,14829,1,5,20.932181141961294,2.237843000330031,138163.98522600502,64.03776384112213
1781571982,10,GET,/api/load/memory-light [GET],1.700000,0.000000,2,3,3,3,3,9,9,9,9,9,9,5753,0,2,7.633547864309907,1.299395997193642,858.2991319999564,50.0
1781571982,10,GET,/api/products [GET],2.200000,0.000000,2,3,3,3,3,3,4,4,4,4,4,8862,0,2,6.145211104249838,0.7687059987802058,852.6058299976285,120.0
1781571982,10,,Aggregated,7.800000,0.000000,3,5,6,6,6,6,8,9,9,9,9,29444,1,3,13.883235152268067,0.7687059987802058,138163.98522600502,78.13836435266947
1781571983,10,GET,/api/load/gc [GC-pressure],4.000000,0.000000,5,6,6,6,6,7,8,8,8,8,8,14832,1,5,20.92900428783381,2.237843000330031,138163.98522600502,64.03775620280474
1781571983,10,GET,/api/load/memory-light [GET],1.600000,0.000000,2,2,3,3,3,9,9,9,9,9,9,5753,0,2,7.633547864309907,1.299395997193642,858.2991319999564,50.0
1781571983,10,GET,/api/products [GET],2.300000,0.000000,2,3,3,3,3,4,4,4,4,4,4,8865,0,2,6.143755988254069,0.7687059987802058,852.6058299976285,120.0
1781571983,10,,Aggregated,7.900000,0.000000,3,5,6,6,6,6,8,9,9,9,9,29450,1,3,13.88112697101522,0.7687059987802058,138163.98522600502,78.14118845500849
1781571984,10,GET,/api/load/gc [GC-pressure],4.000000,0.000000,5,6,6,6,6,7,8,8,8,8,8,14835,1,5,20.925601553093696,2.237843000330031,138163.98522600502,64.03774856757667
1781571984,10,GET,/api/load/memory-light [GET],1.500000,0.000000,2,2,3,3,3,9,9,9,9,9,9,5756,0,2,7.630963572511867,1.299395997193642,858.2991319999564,50.0
1781571984,10,GET,/api/products [GET],2.400000,0.000000,2,3,3,3,3,4,4,4,4,4,4,8867,0,2,6.1428801259579515,0.7687059987802058,852.6058299976285,120.0
1781571984,10,,Aggregated,7.900000,0.000000,3,5,5,6,6,6,8,9,9,9,9,29458,1,3,13.878200945087665,0.7687059987802058,138163.98522600502,78.13972435331658
1781571985,10,GET,/api/load/gc [GC-pressure],4.000000,0.000000,5,6,6,6,6,6,8,8,8,8,8,14838,1,5,20.9225237862343,2.237843000330031,138163.98522600502,64.03774093543605
1781571985,10,GET,/api/load/memory-light [GET],1.300000,0.000000,2,3,3,3,4,9,9,9,9,9,9,5759,0,2,7.628409659034779,1.299395997193642,858.2991319999564,50.0
1781571985,10,GET,/api/products [GET],2.300000,0.000000,2,3,3,3,3,4,4,4,4,4,4,8868,0,2,6.142523322830897,0.7687059987802058,852.6058299976285,120.0
1781571985,10,,Aggregated,7.600000,0.000000,3,5,5,6,6,6,8,9,9,9,9,29465,1,3,13.87586343096522,0.7687059987802058,138163.98522600502,78.13684031902257
1781571986,10,GET,/api/load/gc [GC-pressure],4.000000,0.000000,5,6,6,6,6,6,8,8,8,8,8,14840,1,5,20.920352595090673,2.237843000330031,138163.98522600502,64.0377358490566
1781571986,10,GET,/api/load/memory-light [GET],1.400000,0.000000,2,2,3,3,3,4,4,4,4,4,4,5761,0,2,7.626489897651888,1.299395997193642,858.2991319999564,50.0
1781571986,10,GET,/api/products [GET],2.000000,0.000000,2,2,3,3,3,3,4,4,4,4,4,8870,0,2,6.141562709341567,0.7687059987802058,852.6058299976285,120.0
1781571986,10,,Aggregated,7.400000,0.000000,3,4,5,5,6,6,6,8,8,8,8,29471,1,3,13.873635168245999,0.7687059987802058,138163.98522600502,78.13681245970615
1781571987,10,GET,/api/load/gc [GC-pressure],4.000000,0.000000,5,6,6,6,6,7,8,8,8,8,8,14845,1,5,20.91523092685426,2.237843000330031,138163.98522600502,64.03772313910407
1781571987,10,GET,/api/load/memory-light [GET],1.400000,0.000000,2,2,3,3,3,4,4,4,4,4,4,5762,0,2,7.6255880750380385,1.299395997193642,858.2991319999564,50.0
1781571987,10,GET,/api/products [GET],2.000000,0.000000,2,2,3,3,3,3,4,4,4,4,4,8873,0,2,6.140139206227624,0.7687059987802058,852.6058299976285,120.0
1781571987,10,,Aggregated,7.400000,0.000000,3,4,5,6,6,6,7,8,8,8,8,29480,1,3,13.870647787461953,0.7687059987802058,138163.98522600502,78.13772048846675
1781571988,10,GET,/api/load/gc [GC-pressure],3.600000,0.000000,5,6,6,6,6,7,8,8,8,8,8,14851,1,5,20.908778501660105,2.237843000330031,138163.98522600502,64.03770789845801
1781571988,10,GET,/api/load/memory-light [GET],1.400000,0.000000,2,2,3,3,3,4,4,4,4,4,4,5762,0,2,7.6255880750380385,1.299395997193642,858.2991319999564,50.0
1781571988,10,GET,/api/products [GET],2.200000,0.000000,2,2,3,3,3,3,4,4,4,4,4,8874,0,2,6.139735568949493,0.7687059987802058,852.6058299976285,120.0
1781571988,10,,Aggregated,7.200000,0.000000,3,5,5,6,6,6,7,8,8,8,8,29487,1,3,13.868447839908475,0.7687059987802058,138163.98522600502,78.13626343812527
1781571989,10,GET,/api/load/gc [GC-pressure],3.200000,0.000000,6,6,6,6,6,7,8,8,8,8,8,14854,1,5,20.9055489383435,2.237843000330031,138163.98522600502,64.03770028275213
1781571989,10,GET,/api/load/memory-light [GET],1.600000,0.000000,2,3,3,3,3,4,4,4,4,4,4,5764,0,2,7.623860874977542,1.299395997193642,858.2991319999564,50.0
1781571989,10,GET,/api/products [GET],2.400000,0.000000,2,2,2,3,3,3,3,3,3,3,3,8876,0,2,6.13881965996696,0.7687059987802058,852.6058299976285,120.0
1781571989,10,,Aggregated,7.200000,0.000000,3,5,5,6,6,6,7,8,8,8,8,29494,1,3,13.865976853441094,0.7687059987802058,138163.98522600502,78.1357564250356
1781571990,10,GET,/api/load/gc [GC-pressure],3.700000,0.000000,6,6,6,6,6,7,8,8,8,8,8,14857,1,5,20.902473551064187,2.237843000330031,138163.98522600502,64.03769267012183
1781571990,10,GET,/api/load/memory-light [GET],1.400000,0.000000,2,3,3,3,3,4,4,4,4,4,4,5764,0,2,7.623860874977542,1.299395997193642,858.2991319999564,50.0
1781571990,10,GET,/api/products [GET],2.100000,0.000000,2,2,2,3,3,3,3,3,3,3,3,8880,0,2,6.136978532192786,0.7687059987802058,852.6058299976285,120.0
1781571990,10,,Aggregated,7.200000,0.000000,3,5,6,6,6,6,7,8,8,8,8,29501,1,3,13.86354201543687,0.7687059987802058,138163.98522600502,78.13999525439816
1781571991,10,GET,/api/load/gc [GC-pressure],3.600000,0.000000,6,6,6,6,6,7,8,8,8,8,8,14859,1,5,20.90035997537915,2.237843000330031,138163.98522600502,64.03768759674271
1781571991,10,GET,/api/load/memory-light [GET],1.300000,0.000000,2,2,3,3,3,4,4,4,4,4,4,5767,0,2,7.621204789902751,1.299395997193642,858.2991319999564,50.0
1781571991,10,GET,/api/products [GET],2.200000,0.000000,2,2,2,3,3,3,3,3,3,3,3,8883,0,2,6.135669279620469,0.7687059987802058,852.6058299976285,120.0
1781571991,10,,Aggregated,7.100000,0.000000,3,4,6,6,6,6,7,8,8,8,8,29509,1,3,13.860621746192571,0.7687059987802058,138163.98522600502,78.14043173269172
1781571992,10,GET,/api/load/gc [GC-pressure],3.500000,0.000000,6,6,6,6,6,6,7,7,7,7,7,14862,1,5,20.89694741449065,2.237843000330031,138163.98522600502,64.03767998923429
1781571992,10,GET,/api/load/memory-light [GET],1.400000,0.000000,2,3,3,3,3,4,4,4,4,4,4,5770,0,2,7.618883255349316,1.299395997193642,858.2991319999564,50.0
1781571992,10,GET,/api/products [GET],2.300000,0.000000,2,2,3,3,3,3,3,3,3,3,3,8887,0,2,6.133719537849805,0.7687059987802058,852.6058299976285,120.0
1781571992,10,,Aggregated,7.200000,0.000000,3,4,5,6,6,6,6,7,7,7,7,29519,1,3,13.856897401348176,0.7687059987802058,138163.98522600502,78.14180697178088
1781571993,10,GET,/api/load/gc [GC-pressure],3.400000,0.000000,6,6,6,6,6,6,7,7,7,7,7,14864,1,5,20.89497671845791,2.237843000330031,138163.98522600502,64.03767491926803
1781571993,10,GET,/api/load/memory-light [GET],1.700000,0.000000,3,3,3,3,3,4,4,4,4,4,4,5772,0,2,7.617337135892379,1.299395997193642,858.2991319999564,50.0
1781571993,10,GET,/api/products [GET],2.400000,0.000000,2,2,3,3,3,3,3,3,3,3,3,8889,0,2,6.132815149833729,0.7687059987802058,852.6058299976285,120.0
1781571993,10,,Aggregated,7.500000,0.000000,3,4,5,6,6,6,6,7,7,7,7,29525,1,3,13.854861905449662,0.7687059987802058,138163.98522600502,78.14177815410669
1781571994,10,GET,/api/load/gc [GC-pressure],3.600000,0.000000,6,6,6,6,6,6,7,7,7,7,7,14870,1,5,20.88862757163126,2.237843000330031,138163.98522600502,64.03765971755212
1781571994,10,GET,/api/load/memory-light [GET],1.600000,0.000000,3,3,3,3,3,4,4,4,4,4,4,5773,0,2,7.6165908408742675,1.299395997193642,858.2991319999564,50.0
1781571994,10,GET,/api/products [GET],2.400000,0.000000,2,2,2,3,3,3,3,3,3,3,3,8890,0,2,6.132247674789001,0.7687059987802058,852.6058299976285,120.0
1781571994,10,,Aggregated,7.600000,0.000000,3,4,6,6,6,6,6,7,7,7,7,29533,1,3,13.852305987993033,0.7687059987802058,138163.98522600502,78.13936951884332
1781571995,10,GET,/api/load/gc [GC-pressure],3.200000,0.000000,6,6,6,6,6,6,7,7,7,7,7,14874,1,5,20.884377574570998,2.237843000330031,138163.98522600502,64.03764958988839
1781571995,10,GET,/api/load/memory-light [GET],1.700000,0.000000,3,3,3,3,3,3,3,3,3,3,3,5775,0,2,7.614987224652392,1.299395997193642,858.2991319999564,50.0
1781571995,10,GET,/api/products [GET],2.300000,0.000000,2,2,2,2,3,3,3,3,3,3,3,8892,0,2,6.131215912041632,0.7687059987802058,852.6058299976285,120.0
1781571995,10,,Aggregated,7.200000,0.000000,3,5,6,6,6,6,6,7,7,7,7,29541,1,3,13.849549952825253,0.7687059987802058,138163.98522600502,78.13838394096341
1781571996,10,GET,/api/load/gc [GC-pressure],3.300000,0.000000,6,6,6,6,6,6,6,6,6,6,6,14877,1,5,20.88109274041593,2.237843000330031,138163.98522600502,64.03764199771459
1781571996,10,GET,/api/load/memory-light [GET],1.700000,0.000000,3,3,3,3,3,4,4,4,4,4,4,5776,0,2,7.6142904993722365,1.299395997193642,858.2991319999564,50.0
1781571996,10,GET,/api/products [GET],2.500000,0.000000,2,2,2,3,3,3,3,3,3,3,3,8894,0,2,6.130373301649826,0.7687059987802058,852.6058299976285,120.0
1781571996,10,,Aggregated,7.500000,0.000000,3,5,6,6,6,6,6,6,6,6,6,29547,1,3,13.847487012841079,0.7687059987802058,138163.98522600502,78.13882966121773
1781571997,10,GET,/api/load/gc [GC-pressure],3.300000,0.000000,6,6,6,6,6,6,7,7,7,7,7,14880,1,5,20.878062876960442,2.237843000330031,138163.98522600502,64.03763440860214
1781571997,10,GET,/api/load/memory-light [GET],1.700000,0.000000,3,3,3,3,3,4,4,4,4,4,4,5777,0,2,7.613484018239251,1.299395997193642,858.2991319999564,50.0
1781571997,10,GET,/api/products [GET],2.300000,0.000000,2,2,3,3,3,3,3,3,3,3,3,8896,0,2,6.129477477503256,0.7687059987802058,852.6058299976285,120.0
1781571997,10,,Aggregated,7.300000,0.000000,3,4,5,6,6,6,6,7,7,7,7,29553,1,3,13.845514987392429,0.7687059987802058,138163.98522600502,78.13927520048726
1781571998,10,GET,/api/load/gc [GC-pressure],3.600000,0.000000,5,6,6,6,6,7,7,7,7,7,7,14885,1,5,20.872689481032626,2.237843000330031,138163.98522600502,64.03762176687941
1781571998,10,GET,/api/load/memory-light [GET],1.600000,0.000000,3,3,3,3,3,4,4,4,4,4,4,5780,0,2,7.610893190375052,1.299395997193642,858.2991319999564,50.0
1781571998,10,GET,/api/products [GET],2.200000,0.000000,2,2,2,3,3,3,3,3,3,3,3,8898,0,2,6.128598706323496,0.7687059987802058,852.6058299976285,120.0
1781571998,10,,Aggregated,7.400000,0.000000,3,4,5,6,6,6,7,7,7,7,7,29563,1,3,13.842073431465172,0.7687059987802058,138163.98522600502,78.13686026451984
1781571999,10,GET,/api/load/gc [GC-pressure],3.600000,0.000000,5,6,6,6,6,7,7,7,7,7,7,14888,1,5,20.86964429266356,2.237843000330031,138163.98522600502,64.03761418592154
1781571999,10,GET,/api/load/memory-light [GET],1.500000,0.000000,3,3,3,3,3,4,4,4,4,4,4,5782,0,2,7.608939719537344,1.299395997193642,858.2991319999564,50.0
1781571999,10,GET,/api/products [GET],2.200000,0.000000,2,2,2,3,3,3,3,3,3,3,3,8899,0,2,6.128116333955031,0.7687059987802058,852.6058299976285,120.0
1781571999,10,,Aggregated,7.300000,0.000000,3,4,5,6,6,6,7,7,7,7,7,29569,1,3,13.840043996868538,0.7687059987802058,138163.98522600502,78.13493861814739
1781572000,10,GET,/api/load/gc [GC-pressure],3.400000,0.000000,5,6,6,6,6,7,7,7,7,7,7,14893,1,5,20.86427439200816,2.237843000330031,138163.98522600502,64.03760155777883
1781572000,10,GET,/api/load/memory-light [GET],1.600000,0.000000,3,3,3,3,3,4,4,4,4,4,4,5786,0,2,7.605439037394842,1.299395997193642,858.2991319999564,50.0
1781572000,10,GET,/api/products [GET],2.300000,0.000000,2,2,2,2,3,3,3,3,3,3,3,8902,0,2,6.126684105579945,0.7687059987802058,852.6058299976285,120.0
1781572000,10,,Aggregated,7.300000,0.000000,3,4,5,6,6,6,7,7,7,7,7,29581,1,3,13.835788198452274,0.7687059987802058,138163.98522600502,78.13299077110307
1781572001,10,GET,/api/load/gc [GC-pressure],3.600000,0.000000,5,6,6,6,6,7,7,7,7,7,7,14897,1,5,20.859933549317017,2.237843000330031,138163.98522600502,64.03759146136807
1781572001,10,GET,/api/load/memory-light [GET],1.800000,0.000000,3,3,3,3,3,4,4,4,4,4,4,5788,0,2,7.603831165577185,1.299395997193642,858.2991319999564,50.0
1781572001,10,GET,/api/products [GET],2.400000,0.000000,2,2,2,2,3,3,3,3,3,3,3,8905,0,2,6.1252241218277605,0.7687059987802058,852.6058299976285,120.0
1781572001,10,,Aggregated,7.800000,0.000000,3,4,5,6,6,6,7,7,7,7,7,29590,1,3,13.832596339148786,0.7687059987802058,138163.98522600502,78.13342345386955
1781572002,10,GET,/api/load/gc [GC-pressure],3.500000,0.000000,6,6,6,6,6,7,7,7,7,7,7,14899,1,5,20.85794800283054,2.237843000330031,138163.98522600502,64.03758641519565
1781572002,10,GET,/api/load/memory-light [GET],2.000000,0.000000,3,3,3,3,3,4,4,4,4,4,4,5789,0,2,7.602883195433358,1.299395997193642,858.2991319999564,50.0
1781572002,10,GET,/api/products [GET],2.100000,0.000000,2,2,2,2,3,3,3,3,3,3,3,8908,0,2,6.123875045001562,0.7687059987802058,852.6058299976285,120.0
1781572002,10,,Aggregated,7.600000,0.000000,3,5,6,6,6,6,7,7,7,7,7,29596,1,3,13.83048847862582,0.7687059987802058,138163.98522600502,78.13576158940397
1781572003,10,GET,/api/load/gc [GC-pressure],3.700000,0.000000,5,6,6,6,6,7,7,7,7,7,7,14903,1,5,20.853953592577305,2.237843000330031,138163.98522600502,64.03757632691405
1781572003,10,GET,/api/load/memory-light [GET],1.900000,0.000000,3,3,3,3,3,4,4,4,4,4,4,5791,0,2,7.601369543663564,1.299395997193642,858.2991319999564,50.0
1781572003,10,GET,/api/products [GET],1.900000,0.000000,2,2,2,2,3,3,3,3,3,3,3,8909,0,2,6.123391652023116,0.7687059987802058,852.6058299976285,120.0
1781572003,10,,Aggregated,7.500000,0.000000,3,5,5,6,6,6,7,7,7,7,7,29603,1,3,13.828304484187726,0.7687059987802058,138163.98522600502,78.13336486166942
1781572004,10,GET,/api/load/gc [GC-pressure],3.500000,0.000000,6,6,6,6,7,7,7,7,7,7,7,14910,1,5,20.84677147378799,2.237843000330031,138163.98522600502,64.03755868544602
1781572004,10,GET,/api/load/memory-light [GET],2.000000,0.000000,3,3,3,3,4,4,4,4,4,4,4,5793,0,2,7.59992913936835,1.299395997193642,858.2991319999564,50.0
1781572004,10,GET,/api/products [GET],2.000000,0.000000,2,2,2,2,3,3,3,3,3,3,3,8910,0,2,6.122928380233495,0.7687059987802058,852.6058299976285,120.0
1781572004,10,,Aggregated,7.500000,0.000000,3,5,6,6,6,7,7,7,7,7,7,29613,1,3,13.825247156533285,0.7687059987802058,138163.98522600502,78.12953770303582
1781572005,10,GET,/api/load/gc [GC-pressure],3.900000,0.000000,6,6,6,6,7,7,7,7,7,7,7,14915,1,5,20.841367503531565,2.237843000330031,138163.98522600502,64.0375460945357
1781572005,10,GET,/api/load/memory-light [GET],2.000000,0.000000,3,3,3,3,4,4,4,4,4,4,4,5794,0,2,7.599161922050258,1.299395997193642,858.2991319999564,50.0
1781572005,10,GET,/api/products [GET],2.200000,0.000000,2,2,2,2,3,3,3,3,3,3,3,8912,0,2,6.121888239102573,0.7687059987802058,852.6058299976285,120.0
1781572005,10,,Aggregated,8.100000,0.000000,3,5,6,6,6,7,7,7,7,7,7,29621,1,3,13.822518094541529,0.7687059987802058,138163.98522600502,78.1290300800108
1781572006,10,GET,/api/load/gc [GC-pressure],3.800000,0.000000,6,6,6,6,6,7,7,7,7,7,7,14919,1,5,20.837164956442766,2.237843000330031,138163.98522600502,64.0375360278839
1781572006,10,GET,/api/load/memory-light [GET],1.900000,0.000000,3,3,3,3,3,4,4,4,4,4,4,5795,0,2,7.598356894798554,1.299395997193642,858.2991319999564,50.0
1781572006,10,GET,/api/products [GET],1.900000,0.000000,2,2,2,2,3,3,3,3,3,3,3,8915,0,2,6.120539426010162,0.7687059987802058,852.6058299976285,120.0
1781572006,10,,Aggregated,7.600000,0.000000,3,5,6,6,6,7,7,7,7,7,7,29629,1,3,13.819796522778624,0.7687059987802058,138163.98522600502,78.1304127712714
1781572007,10,GET,/api/load/gc [GC-pressure],4.100000,0.000000,6,6,6,6,6,7,7,7,7,7,7,14925,1,5,20.831014102724495,2.237843000330031,138163.98522600502,64.03752093802345
1781572007,10,GET,/api/load/memory-light [GET],1.900000,0.000000,3,3,3,3,3,4,4,4,4,4,4,5796,0,2,7.597585260067507,1.299395997193642,858.2991319999564,50.0
1781572007,10,GET,/api/products [GET],2.100000,0.000000,2,2,2,2,3,3,3,3,3,3,3,8915,0,2,6.120539426010162,0.7687059987802058,852.6058299976285,120.0
1781572007,10,,Aggregated,8.100000,0.000000,4,5,6,6,6,7,7,7,7,7,7,29636,1,3,13.817758760743521,0.7687059987802058,138163.98522600502,78.12660278040221
1781572008,10,GET,/api/load/gc [GC-pressure],4.100000,0.000000,6,6,6,6,6,7,7,7,7,7,7,14927,1,5,20.82882744504361,2.237843000330031,138163.98522600502,64.03751591076572
1781572008,10,GET,/api/load/memory-light [GET],1.900000,0.000000,3,3,3,3,3,4,4,4,4,4,4,5797,0,2,7.596684320226265,1.299395997193642,858.2991319999564,50.0
1781572008,10,GET,/api/products [GET],2.100000,0.000000,2,2,2,2,3,3,3,3,3,3,3,8919,0,2,6.118715048197865,0.7687059987802058,852.6058299976285,120.0
1781572008,10,,Aggregated,8.100000,0.000000,4,5,6,6,6,6,7,7,7,7,7,29643,1,3,13.815157230759182,0.7687059987802058,138163.98522600502,78.13035117903046
1781572009,10,GET,/api/load/gc [GC-pressure],4.300000,0.000000,5,6,6,6,6,7,7,7,7,7,7,14933,1,5,20.822227315822122,2.237843000330031,138163.98522600502,64.03750083707226
1781572009,10,GET,/api/load/memory-light [GET],1.900000,0.000000,3,3,3,3,4,4,4,4,4,4,4,5799,0,2,7.595184251138065,1.299395997193642,858.2991319999564,50.0
1781572009,10,GET,/api/products [GET],2.000000,0.000000,2,2,2,2,3,3,3,3,3,3,3,8921,0,2,6.117998898315727,0.7687059987802058,852.6058299976285,120.0
1781572009,10,,Aggregated,8.200000,0.000000,3,5,6,6,6,6,7,7,7,7,7,29653,1,3,13.81180528619013,0.7687059987802058,138163.98522600502,78.12841870974269
1781572010,10,GET,/api/load/gc [GC-pressure],4.300000,0.000000,5,6,6,6,6,7,7,7,7,7,7,14937,1,5,20.818111642241757,2.237843000330031,138163.98522600502,64.03749079467096
1781572010,10,GET,/api/load/memory-light [GET],1.900000,0.000000,3,3,3,3,4,4,4,4,4,4,4,5799,0,2,7.595184251138065,1.299395997193642,858.2991319999564,50.0
1781572010,10,GET,/api/products [GET],1.900000,0.000000,2,2,2,2,3,3,3,3,3,3,3,8924,0,2,6.11663749057242,0.7687059987802058,852.6058299976285,120.0
1781572010,10,,Aggregated,8.100000,0.000000,4,5,5,6,6,6,7,7,7,7,7,29660,1,3,13.809490223816017,0.7687059987802058,138163.98522600502,78.13074848280513
1781572011,10,GET,/api/load/gc [GC-pressure],4.100000,0.000000,5,6,6,6,6,7,7,7,7,7,7,14941,1,5,20.813722694609513,2.237843000330031,138163.98522600502,64.03748075764675
1781572011,10,GET,/api/load/memory-light [GET],1.600000,0.000000,3,3,3,3,4,4,4,4,4,4,4,5799,0,2,7.595184251138065,1.299395997193642,858.2991319999564,50.0
1781572011,10,GET,/api/products [GET],2.100000,0.000000,2,2,2,2,3,3,3,3,3,3,3,8928,0,2,6.114740233745067,0.7687059987802058,852.6058299976285,120.0
1781572011,10,,Aggregated,7.800000,0.000000,4,5,5,6,6,6,7,7,7,7,7,29668,1,3,13.806616727092704,0.7687059987802058,138163.98522600502,78.1344883376028
1781572012,10,GET,/api/load/gc [GC-pressure],4.300000,0.000000,5,6,6,6,6,6,7,7,7,7,7,14945,1,5,20.80948217833193,2.237843000330031,138163.98522600502,64.03747072599532
1781572012,10,GET,/api/load/memory-light [GET],1.500000,0.000000,3,3,4,4,4,4,4,4,4,4,4,5800,0,2,7.594487966094237,1.299395997193642,858.2991319999564,50.0
1781572012,10,GET,/api/products [GET],2.200000,0.000000,2,2,2,3,3,3,3,3,3,3,3,8930,0,2,6.1139115109602145,0.7687059987802058,852.6058299976285,120.0
1781572012,10,,Aggregated,8.000000,0.000000,4,5,5,6,6,6,7,7,7,7,7,29675,1,3,13.80431242296182,0.7687059987802058,138163.98522600502,78.13445661331087
1781572013,10,GET,/api/load/gc [GC-pressure],4.400000,0.000000,5,6,6,6,6,6,7,7,7,7,7,14949,1,5,20.805271099683758,2.237843000330031,138163.98522600502,64.03746069971235
1781572013,10,GET,/api/load/memory-light [GET],1.300000,0.000000,3,3,3,4,4,4,4,4,4,4,4,5806,0,2,7.5894522835587,1.299395997193642,858.2991319999564,50.0
1781572013,10,GET,/api/products [GET],2.200000,0.000000,2,2,2,3,3,3,3,3,3,3,3,8930,0,2,6.1139115109602145,0.7687059987802058,852.6058299976285,120.0
1781572013,10,,Aggregated,7.900000,0.000000,4,5,5,6,6,6,7,7,7,7,7,29685,1,3,13.800895651689034,0.7687059987802058,138163.98522600502,78.12686542024592
1781572014,10,GET,/api/load/gc [GC-pressure],4.500000,0.000000,5,6,6,6,6,6,7,7,7,7,7,14952,1,5,20.802313154104656,2.237843000330031,138163.98522600502,64.0374531835206
1781572014,10,GET,/api/load/memory-light [GET],1.200000,0.000000,3,3,3,3,4,4,4,4,4,4,4,5810,0,2,7.58589624291558,1.299395997193642,858.2991319999564,50.0
1781572014,10,GET,/api/products [GET],2.300000,0.000000,2,2,2,3,3,3,3,3,3,3,3,8934,0,2,6.112094678405948,0.7687059987802058,852.6058299976285,120.0
1781572014,10,,Aggregated,8.000000,0.000000,3,5,5,6,6,6,6,7,7,7,7,29696,1,3,13.796999505266403,0.7687059987802058,138163.98522600502,78.12728987068965
1781572015,10,GET,/api/load/gc [GC-pressure],4.600000,0.000000,5,6,6,6,6,6,7,7,7,7,7,14956,1,5,20.79787019805982,2.237843000330031,138163.98522600502,64.0374431666221
1781572015,10,GET,/api/load/memory-light [GET],1.300000,0.000000,3,3,3,3,4,4,4,4,4,4,4,5812,0,2,7.584264612067652,1.299395997193642,858.2991319999564,50.0
1781572015,10,GET,/api/products [GET],2.100000,0.000000,2,2,3,3,3,3,3,3,3,3,3,8936,0,2,6.111321893676223,0.7687059987802058,852.6058299976285,120.0
1781572015,10,,Aggregated,8.000000,0.000000,3,5,5,5,6,6,6,7,7,7,7,29704,1,3,13.794218457090311,0.7687059987802058,138163.98522600502,78.12631295448425
1781572016,10,GET,/api/load/gc [GC-pressure],4.500000,0.000000,5,6,6,6,6,6,7,7,7,7,7,14958,1,5,20.795705301189408,2.237843000330031,138163.98522600502,64.03743816018184
1781572016,10,GET,/api/load/memory-light [GET],1.800000,0.000000,3,3,3,3,4,4,4,4,4,4,4,5816,0,2,7.581179255731717,1.299395997193642,858.2991319999564,50.0
1781572016,10,GET,/api/products [GET],2.200000,0.000000,2,2,3,3,3,3,3,3,3,3,3,8937,0,2,6.110813018114505,0.7687059987802058,852.6058299976285,120.0
1781572016,10,,Aggregated,8.500000,0.000000,3,4,5,5,6,6,6,7,7,7,7,29711,1,3,13.791748321814014,0.7687059987802058,138163.98522600502,78.12298475312174
1781572017,10,GET,/api/load/gc [GC-pressure],4.200000,0.000000,5,6,6,6,6,6,6,6,6,6,6,14961,1,5,20.792528183958577,2.237843000330031,138163.98522600502,64.03743065303121
1781572017,10,GET,/api/load/memory-light [GET],1.700000,0.000000,3,3,3,3,4,4,4,4,4,4,4,5822,0,2,7.576429090405317,1.299395997193642,858.2991319999564,50.0
1781572017,10,GET,/api/products [GET],2.300000,0.000000,2,2,2,3,3,3,3,3,3,3,3,8940,0,2,6.109462611396805,0.7687059987802058,852.6058299976285,120.0
1781572017,10,,Aggregated,8.200000,0.000000,3,4,5,5,6,6,6,6,6,6,6,29723,1,3,13.787490497945411,0.7687059987802058,138163.98522600502,78.1201090064933
1781572018,10,GET,/api/load/gc [GC-pressure],4.100000,0.000000,5,6,6,6,6,6,6,6,6,6,6,14965,1,5,20.78846241324446,2.237843000330031,138163.98522600502,64.03742064817908
1781572018,10,GET,/api/load/memory-light [GET],2.100000,0.000000,3,3,3,3,4,4,4,4,4,4,4,5823,0,2,7.5757332258869505,1.299395997193642,858.2991319999564,50.0
1781572018,10,GET,/api/products [GET],2.300000,0.000000,2,2,2,2,3,3,3,3,3,3,3,8941,0,2,6.108896011283687,0.7687059987802058,852.6058299976285,120.0
1781572018,10,,Aggregated,8.500000,0.000000,3,4,5,6,6,6,6,6,6,6,6,29729,1,3,13.785612493707507,0.7687059987802058,138163.98522600502,78.11867200376737
1781572019,10,GET,/api/load/gc [GC-pressure],3.800000,0.000000,6,6,6,6,6,6,6,6,6,6,6,14967,1,5,20.786403317111436,2.237843000330031,138163.98522600502,64.03741564775841
1781572019,10,GET,/api/load/memory-light [GET],2.300000,0.000000,3,3,3,3,4,4,4,4,4,4,4,5827,0,2,7.572506732683851,1.299395997193642,858.2991319999564,50.0
1781572019,10,GET,/api/products [GET],2.300000,0.000000,2,2,2,2,3,3,3,3,3,3,3,8942,0,2,6.108499715711238,0.7687059987802058,852.6058299976285,120.0
1781572019,10,,Aggregated,8.400000,0.000000,3,4,5,6,6,6,6,6,6,6,6,29736,1,3,13.783202166950684,0.7687059987802058,138163.98522600502,78.1153483992467
1781572020,10,GET,/api/load/gc [GC-pressure],3.600000,0.000000,6,6,6,6,6,6,7,7,7,7,7,14972,1,5,20.781163291758276,2.237843000330031,138163.98522600502,64.03740315255143
1781572020,10,GET,/api/load/memory-light [GET],2.500000,0.000000,3,3,3,3,4,4,4,4,4,4,4,5828,0,2,7.571664691892599,1.299395997193642,858.2991319999564,50.0
1781572020,10,GET,/api/products [GET],2.500000,0.000000,2,2,3,3,3,3,3,3,3,3,3,8944,0,2,6.107634616155289,0.7687059987802058,852.6058299976285,120.0
1781572020,10,,Aggregated,8.600000,0.000000,3,4,5,6,6,6,6,7,7,7,7,29744,1,3,13.780591804580684,0.7687059987802058,138163.98522600502,78.11484669176977
1781572021,10,GET,/api/load/gc [GC-pressure],3.700000,0.000000,6,6,6,6,6,6,7,7,7,7,7,14977,1,5,20.775939472070167,2.237843000330031,138163.98522600502,64.03739066568738
1781572021,10,GET,/api/load/memory-light [GET],2.800000,0.000000,3,3,3,3,4,4,4,4,4,4,4,5830,0,2,7.569811182049375,1.299395997193642,858.2991319999564,50.0
1781572021,10,GET,/api/products [GET],2.100000,0.000000,2,2,2,3,3,3,3,3,3,3,3,8946,0,2,6.106771245907653,0.7687059987802058,852.6058299976285,120.0
1781572021,10,,Aggregated,8.600000,0.000000,3,4,5,6,6,6,6,7,7,7,7,29753,1,3,13.777582772508069,0.7687059987802058,138163.98522600502,78.11340032937855
1781572022,10,GET,/api/load/gc [GC-pressure],3.600000,0.000000,6,6,6,6,6,6,7,7,7,7,7,14981,1,5,20.771895750696665,2.237843000330031,138163.98522600502,64.03738068219745
1781572022,10,GET,/api/load/memory-light [GET],2.800000,0.000000,3,3,3,3,4,4,4,4,4,4,4,5832,0,2,7.568309588022413,1.299395997193642,858.2991319999564,50.0
1781572022,10,GET,/api/products [GET],2.200000,0.000000,2,2,2,2,3,3,3,3,3,3,3,8949,0,2,6.105281557144154,0.7687059987802058,852.6058299976285,120.0
1781572022,10,,Aggregated,8.600000,0.000000,3,4,6,6,6,6,6,7,7,7,7,29762,1,3,13.774555352913664,0.7687059987802058,138163.98522600502,78.1138364357234
1781572023,10,GET,/api/load/gc [GC-pressure],3.600000,0.000000,6,6,6,6,6,6,7,7,7,7,7,14987,1,5,20.76539050504937,2.237843000330031,138163.98522600502,64.0373657169547
1781572023,10,GET,/api/load/memory-light [GET],2.900000,0.000000,3,3,3,3,4,4,4,4,4,4,4,5835,0,2,7.565942518483395,1.299395997193642,858.2991319999564,50.0
1781572023,10,GET,/api/products [GET],2.100000,0.000000,2,2,2,2,3,3,3,3,3,3,3,8951,0,2,6.104365721693869,0.7687059987802058,852.6058299976285,120.0
1781572023,10,,Aggregated,8.600000,0.000000,3,5,6,6,6,6,6,7,7,7,7,29773,1,3,13.770811126504126,0.7687059987802058,138163.98522600502,78.1109730292547
1781572024,10,GET,/api/load/gc [GC-pressure],3.600000,0.000000,6,6,6,6,6,6,7,7,7,7,7,14992,1,5,20.760169357334956,2.237843000330031,138163.98522600502,64.03735325506938
1781572024,10,GET,/api/load/memory-light [GET],3.100000,0.000000,3,3,3,3,4,4,4,4,4,4,4,5835,0,2,7.565942518483395,1.299395997193642,858.2991319999564,50.0
1781572024,10,GET,/api/products [GET],1.900000,0.000000,2,2,2,3,3,3,3,3,3,3,3,8953,0,2,6.103568357633245,0.7687059987802058,852.6058299976285,120.0
1781572024,10,,Aggregated,8.600000,0.000000,3,4,5,6,6,6,6,7,7,7,7,29780,1,3,13.768602454882696,0.7687059987802058,138163.98522600502,78.11141705842847
1781572025,10,GET,/api/load/gc [GC-pressure],3.500000,0.000000,6,6,6,6,6,7,7,7,7,7,7,14996,1,5,20.75604485030479,2.237843000330031,138163.98522600502,64.03734329154442
1781572025,10,GET,/api/load/memory-light [GET],3.100000,0.000000,3,3,3,3,4,4,4,4,4,4,4,5837,0,2,7.564189299699766,1.299395997193642,858.2991319999564,50.0
1781572025,10,GET,/api/products [GET],2.000000,0.000000,2,2,2,2,3,3,3,3,3,3,3,8954,0,2,6.103086767019353,0.7687059987802058,852.6058299976285,120.0
1781572025,10,,Aggregated,8.600000,0.000000,3,5,6,6,6,6,7,7,7,7,7,29787,1,3,13.766302763937604,0.7687059987802058,138163.98522600502,78.10904085674959
1781572026,10,GET,/api/load/gc [GC-pressure],3.800000,0.000000,6,6,6,6,6,7,7,7,7,7,7,14998,1,5,20.754042452471893,2.237843000330031,138163.98522600502,64.0373383117749
1781572026,10,GET,/api/load/memory-light [GET],2.600000,0.000000,3,3,3,3,4,4,4,4,4,4,4,5839,0,2,7.562616413657979,1.299395997193642,858.2991319999564,50.0
1781572026,10,GET,/api/products [GET],2.000000,0.000000,2,2,2,2,3,3,3,3,3,3,3,8958,0,2,6.10126952019236,0.7687059987802058,852.6058299976285,120.0
1781572026,10,,Aggregated,8.400000,0.000000,3,5,6,6,6,6,7,7,7,7,7,29795,1,3,13.763464282712052,0.7687059987802058,138163.98522600502,78.11183084410136
1781572027,10,GET,/api/load/gc [GC-pressure],3.900000,0.000000,6,6,6,6,6,6,7,7,7,7,7,15004,1,5,20.747598740746646,2.237843000330031,138163.98522600502,64.03732338043189
1781572027,10,GET,/api/load/memory-light [GET],2.600000,0.000000,3,3,3,3,4,4,4,4,4,4,4,5840,0,2,7.561943281223349,1.299395997193642,858.2991319999564,50.0
1781572027,10,GET,/api/products [GET],2.000000,0.000000,2,2,3,3,3,4,4,4,4,4,4,8960,0,2,6.10064809853595,0.7687059987802058,852.6058299976285,120.0
1781572027,10,,Aggregated,8.500000,0.000000,4,5,6,6,6,6,7,7,7,7,7,29804,1,3,13.76058674108808,0.7687059987802058,138163.98522600502,78.11085760300631
1781572028,10,GET,/api/load/gc [GC-pressure],4.000000,0.000000,5,6,6,6,6,6,7,7,7,7,7,15012,1,5,20.73917899368286,2.237843000330031,138163.98522600502,64.0373034905409
1781572028,10,GET,/api/load/memory-light [GET],2.200000,0.000000,3,3,3,3,3,4,4,4,4,4,4,5842,0,2,7.560540836930134,1.299395997193642,858.2991319999564,50.0
1781572028,10,GET,/api/products [GET],1.900000,0.000000,2,2,3,3,3,4,4,4,4,4,4,8960,0,2,6.10064809853595,0.7687059987802058,852.6058299976285,120.0
1781572028,10,,Aggregated,8.100000,0.000000,4,5,6,6,6,6,7,7,7,7,7,29814,1,3,13.757531414281715,0.7687059987802058,138163.98522600502,78.10518548332998
1781572029,10,GET,/api/load/gc [GC-pressure],4.200000,0.000000,5,6,6,6,6,6,7,7,7,7,7,15014,1,5,20.737212218074273,2.237843000330031,138163.98522600502,64.03729852138005
1781572029,10,GET,/api/load/memory-light [GET],2.100000,0.000000,3,3,3,3,3,4,4,4,4,4,4,5843,0,2,7.5597718160783325,1.299395997193642,858.2991319999564,50.0
1781572029,10,GET,/api/products [GET],2.000000,0.000000,2,2,2,3,3,3,4,4,4,4,4,8964,0,2,6.098906408843877,0.7687059987802058,852.6058299976285,120.0
1781572029,10,,Aggregated,8.300000,0.000000,3,5,5,6,6,6,6,7,7,7,7,29821,1,3,13.75510036592969,0.7687059987802058,138163.98522600502,78.10891653532745
1781572030,10,GET,/api/load/gc [GC-pressure],4.500000,0.000000,5,6,6,6,6,6,8,8,8,8,8,15018,1,5,20.73312330664316,2.237843000330031,138163.98522600502,64.0372885870289
1781572030,10,GET,/api/load/memory-light [GET],1.800000,0.000000,3,3,3,3,4,9,9,9,9,9,9,5845,0,2,7.559024065927048,1.299395997193642,858.2991319999564,50.0
1781572030,10,GET,/api/products [GET],2.000000,0.000000,2,2,2,3,3,3,4,4,4,4,4,8968,0,2,6.097130407880893,0.7687059987802058,852.6058299976285,120.0
1781572030,10,,Aggregated,8.300000,0.000000,3,5,5,6,6,6,8,9,9,9,9,29831,1,3,13.75185568644653,0.7687059987802058,138163.98522600502,78.11075726593141
1781572031,10,GET,/api/load/gc [GC-pressure],4.700000,0.000000,5,6,6,6,6,6,8,8,8,8,8,15020,1,5,20.73085287184863,2.237843000330031,138163.98522600502,64.03728362183755
1781572031,10,GET,/api/load/memory-light [GET],1.800000,0.000000,3,3,3,3,4,9,9,9,9,9,9,5845,0,2,7.559024065927048,1.299395997193642,858.2991319999564,50.0
1781572031,10,GET,/api/products [GET],2.000000,0.000000,2,2,2,3,3,4,4,4,4,4,4,8973,0,2,6.095077824124753,0.7687059987802058,852.6058299976285,120.0
1781572031,10,,Aggregated,8.500000,0.000000,3,5,5,6,6,6,8,9,9,9,9,29838,1,3,13.749280753280429,0.7687059987802058,138163.98522600502,78.11683088678866
1781572032,10,GET,/api/load/gc [GC-pressure],4.600000,0.000000,5,6,6,6,6,7,8,8,8,8,8,15024,1,5,20.7268434720556,2.237843000330031,138163.98522600502,64.03727369542067
1781572032,10,GET,/api/load/memory-light [GET],1.700000,0.000000,3,3,3,3,4,9,9,9,9,9,9,5845,0,2,7.559024065927048,1.299395997193642,858.2991319999564,50.0
1781572032,10,GET,/api/products [GET],2.100000,0.000000,2,2,3,3,3,4,4,4,4,4,4,8977,0,2,6.093338790338646,0.7687059987802058,852.6058299976285,120.0
1781572032,10,,Aggregated,8.400000,0.000000,3,5,5,6,6,7,8,9,9,9,9,29846,1,3,13.746649276632612,0.7687059987802058,138163.98522600502,78.12055216779468
1781572033,10,GET,/api/load/gc [GC-pressure],4.400000,0.000000,5,6,6,6,6,7,8,8,8,8,8,15027,1,5,20.723889703145407,2.237843000330031,138163.98522600502,64.037266254076
1781572033,10,GET,/api/load/memory-light [GET],1.700000,0.000000,3,3,3,3,4,9,9,9,9,9,9,5847,0,2,7.557358107294062,1.299395997193642,858.2991319999564,50.0
1781572033,10,GET,/api/products [GET],2.400000,0.000000,2,2,3,3,3,4,4,4,4,4,4,8981,0,2,6.091473171347333,0.7687059987802058,852.6058299976285,120.0
1781572033,10,,Aggregated,8.500000,0.000000,3,5,5,6,6,6,8,9,9,9,9,29855,1,3,13.743536559182209,0.7687059987802058,138163.98522600502,78.12286049237984
1781572034,10,GET,/api/load/gc [GC-pressure],4.300000,0.000000,5,6,6,6,6,7,8,8,8,8,8,15030,1,5,20.720680557429432,2.237843000330031,138163.98522600502,64.03725881570193
1781572034,10,GET,/api/load/memory-light [GET],1.400000,0.000000,3,3,3,3,4,9,9,9,9,9,9,5849,0,2,7.555746116660977,1.299395997193642,858.2991319999564,50.0
1781572034,10,GET,/api/products [GET],2.800000,0.000000,2,2,3,3,3,4,4,4,4,4,4,8983,0,2,6.090673550246844,0.7687059987802058,852.6058299976285,120.0
1781572034,10,,Aggregated,8.500000,0.000000,3,5,5,6,6,7,8,9,9,9,9,29862,1,3,13.741139519000127,0.7687059987802058,138163.98522600502,78.12236286919831
1781572035,10,GET,/api/load/gc [GC-pressure],4.200000,0.000000,5,6,6,6,6,7,8,8,8,8,8,15033,1,5,20.71770099262722,2.237843000330031,138163.98522600502,64.03725138029668
1781572035,10,GET,/api/load/memory-light [GET],1.100000,0.000000,3,3,3,3,5,9,9,9,9,9,9,5854,0,2,7.5519471568754595,1.299395997193642,858.2991319999564,50.0
1781572035,10,GET,/api/products [GET],2.800000,0.000000,2,2,3,3,3,4,4,4,4,4,4,8984,0,2,6.090286421734561,0.7687059987802058,852.6058299976285,120.0
1781572035,10,,Aggregated,8.100000,0.000000,3,5,5,5,6,6,8,9,9,9,9,29871,1,3,13.738188573913735,0.7687059987802058,138163.98522600502,78.11763918181514
1781572036,10,GET,/api/load/gc [GC-pressure],4.000000,0.000000,5,6,6,6,6,7,8,8,8,8,8,15037,1,5,20.713603544867706,2.237843000330031,138163.98522600502,64.0372414710381
1781572036,10,GET,/api/load/memory-light [GET],1.300000,0.000000,3,3,3,3,5,9,9,9,9,9,9,5856,0,2,7.550275847224739,1.299395997193642,858.2991319999564,50.0
1781572036,10,GET,/api/products [GET],3.000000,0.000000,2,3,3,3,3,4,4,4,4,4,4,8986,0,2,6.089400797559642,0.7687059987802058,852.6058299976285,120.0
1781572036,10,,Aggregated,8.300000,0.000000,3,5,5,6,6,7,8,9,9,9,9,29879,1,3,13.735540929495455,0.7687059987802058,138163.98522600502,78.11667057130425
1781572037,10,GET,/api/load/gc [GC-pressure],3.900000,0.000000,5,6,6,6,6,7,8,8,8,8,8,15042,1,5,20.708194862729304,2.237843000330031,138163.98522600502,64.03722909187609
1781572037,10,GET,/api/load/memory-light [GET],1.400000,0.000000,3,3,3,3,5,9,9,9,9,9,9,5858,0,2,7.548859536932983,1.299395997193642,858.2991319999564,50.0
1781572037,10,GET,/api/products [GET],2.900000,0.000000,2,2,3,3,3,3,4,4,4,4,4,8987,0,2,6.088928816498054,0.7687059987802058,852.6058299976285,120.0
1781572037,10,,Aggregated,8.200000,0.000000,3,5,5,5,6,6,8,9,9,9,9,29887,1,3,13.732896897192612,0.7687059987802058,138163.98522600502,78.11382875497708
1781572038,10,GET,/api/load/gc [GC-pressure],3.700000,0.000000,5,6,6,6,6,7,8,8,8,8,8,15045,1,5,20.705162675585115,2.237843000330031,138163.98522600502,64.03722166832834
1781572038,10,GET,/api/load/memory-light [GET],1.700000,0.000000,3,3,3,3,5,9,9,9,9,9,9,5858,0,2,7.548859536932983,1.299395997193642,858.2991319999564,50.0
1781572038,10,GET,/api/products [GET],3.000000,0.000000,2,2,3,3,3,3,4,4,4,4,4,8990,0,2,6.087680842476495,0.7687059987802058,852.6058299976285,120.0
1781572038,10,,Aggregated,8.400000,0.000000,3,5,5,6,6,7,8,9,9,9,9,29893,1,3,13.730928391108124,0.7687059987802058,138163.98522600502,78.11661593015087
1781572039,10,GET,/api/load/gc [GC-pressure],3.600000,0.000000,5,6,6,6,6,7,8,8,8,8,8,15050,1,5,20.69982977044375,2.237843000330031,138163.98522600502,64.03720930232558
1781572039,10,GET,/api/load/memory-light [GET],1.700000,0.000000,3,3,3,3,5,9,9,9,9,9,9,5860,0,2,7.54706143999185,1.299395997193642,858.2991319999564,50.0
1781572039,10,GET,/api/products [GET],2.800000,0.000000,2,2,3,3,3,3,4,4,4,4,4,8991,0,2,6.087219525287857,0.7687059987802058,852.6058299976285,120.0
1781572039,10,,Aggregated,8.100000,0.000000,3,5,5,6,6,7,8,9,9,9,9,29901,1,3,13.72825018679622,0.7687059987802058,138163.98522600502,78.11377545901475
1781572040,10,GET,/api/load/gc [GC-pressure],3.600000,0.000000,5,6,6,6,6,7,7,7,7,7,7,15054,1,5,20.695719347760146,2.237843000330031,138163.98522600502,64.03719941543775
1781572040,10,GET,/api/load/memory-light [GET],1.800000,0.000000,3,3,3,3,5,9,9,9,9,9,9,5862,0,2,7.545543528037256,1.299395997193642,858.2991319999564,50.0
1781572040,10,GET,/api/products [GET],2.700000,0.000000,2,2,3,3,3,3,3,3,3,3,3,8995,0,2,6.085424062686025,0.7687059987802058,852.6058299976285,120.0
1781572040,10,,Aggregated,8.100000,0.000000,3,5,5,6,6,6,7,7,7,7,7,29911,1,3,13.724841184393583,0.7687059987802058,138163.98522600502,78.11560964193775
1781572041,10,GET,/api/load/gc [GC-pressure],3.600000,0.000000,6,6,6,6,6,7,8,8,8,8,8,15059,1,5,20.690941496592192,2.237843000330031,138163.98522600502,64.0371870642141
1781572041,10,GET,/api/load/memory-light [GET],1.500000,0.000000,3,3,3,3,4,5,5,5,5,5,5,5865,0,2,7.543025616086874,1.299395997193642,858.2991319999564,50.0
1781572041,10,GET,/api/products [GET],2.900000,0.000000,2,2,3,3,3,3,3,3,3,3,3,8998,0,2,6.084105992538433,0.7687059987802058,852.6058299976285,120.0
1781572041,10,,Aggregated,8.000000,0.000000,3,5,5,6,6,6,7,8,8,8,8,29922,1,3,13.721326079686923,0.7687059987802058,138163.98522600502,78.1146313749081
1781572042,10,GET,/api/load/gc [GC-pressure],3.600000,0.000000,6,6,6,6,6,7,8,8,8,8,8,15062,1,5,20.68766334943372,2.237843000330031,138163.98522600502,64.03717965741602
1781572042,10,GET,/api/load/memory-light [GET],1.600000,0.000000,3,3,3,3,4,5,5,5,5,5,5,5865,0,2,7.543025616086874,1.299395997193642,858.2991319999564,50.0
1781572042,10,GET,/api/products [GET],3.000000,0.000000,2,3,3,3,3,3,3,3,3,3,3,9001,0,2,6.0829370042056174,0.7687059987802058,852.6058299976285,120.0
1781572042,10,,Aggregated,8.200000,0.000000,3,5,5,6,6,6,7,8,8,8,8,29928,1,3,13.719257771397185,0.7687059987802058,138163.98522600502,78.11741512964448
1781572043,10,GET,/api/load/gc [GC-pressure],3.700000,0.000000,6,6,6,6,6,7,8,8,8,8,8,15066,1,5,20.683533825512686,2.237843000330031,138163.98522600502,64.03716978627372
1781572043,10,GET,/api/load/memory-light [GET],1.800000,0.000000,3,3,3,3,4,5,5,5,5,5,5,5868,0,2,7.540411164511502,1.299395997193642,858.2991319999564,50.0
1781572043,10,GET,/api/products [GET],2.700000,0.000000,2,3,3,3,3,3,3,3,3,3,3,9002,0,2,6.082532324356694,0.7687059987802058,852.6058299976285,120.0
1781572043,10,,Aggregated,8.200000,0.000000,3,5,6,6,6,6,7,8,8,8,8,29936,1,3,13.716602395523335,0.7687059987802058,138163.98522600502,78.11411010154997
1781572044,10,GET,/api/load/gc [GC-pressure],3.900000,0.000000,6,6,6,6,6,7,8,8,8,8,8,15070,1,5,20.679457181697213,2.237843000330031,138163.98522600502,64.0371599203716
1781572044,10,GET,/api/load/memory-light [GET],2.000000,0.000000,3,3,3,3,3,4,4,4,4,4,4,5872,0,2,7.537419750399921,1.299395997193642,858.2991319999564,50.0
1781572044,10,GET,/api/products [GET],2.300000,0.000000,2,2,3,3,3,3,3,3,3,3,3,9004,0,2,6.081512371486027,0.7687059987802058,852.6058299976285,120.0
1781572044,10,,Aggregated,8.200000,0.000000,3,5,6,6,6,6,7,8,8,8,8,29946,1,3,13.713253385940877,0.7687059987802058,138163.98522600502,78.11126694717157
1781572045,10,GET,/api/load/gc [GC-pressure],4.000000,0.000000,6,6,6,6,6,6,8,8,8,8,8,15072,1,5,20.677337727984156,2.237843000330031,138163.98522600502,64.03715498938429
1781572045,10,GET,/api/load/memory-light [GET],2.000000,0.000000,3,3,3,3,4,4,4,4,4,4,4,5875,0,2,7.534998686185374,1.299395997193642,858.2991319999564,50.0
1781572045,10,GET,/api/products [GET],2.300000,0.000000,2,2,2,3,3,3,3,3,3,3,3,9006,0,2,6.080559220947496,0.7687059987802058,852.6058299976285,120.0
1781572045,10,,Aggregated,8.300000,0.000000,3,4,5,6,6,6,6,8,8,8,8,29953,1,3,13.710762456560927,0.7687059987802058,138163.98522600502,78.11030614629587
1781572046,10,GET,/api/load/gc [GC-pressure],3.900000,0.000000,6,6,6,6,6,6,8,8,8,8,8,15076,1,5,20.67314700279781,2.237843000330031,138163.98522600502,64.03714513133457
1781572046,10,GET,/api/load/memory-light [GET],2.100000,0.000000,3,3,3,3,4,4,4,4,4,4,4,5876,0,2,7.53424141139185,1.299395997193642,858.2991319999564,50.0
1781572046,10,GET,/api/products [GET],2.100000,0.000000,2,2,3,3,3,3,3,3,3,3,3,9009,0,2,6.079348412682176,0.7687059987802058,852.6058299976285,120.0
1781572046,10,,Aggregated,8.100000,0.000000,3,4,5,6,6,6,6,8,8,8,8,29961,1,3,13.708101084655786,0.7687059987802058,138163.98522600502,78.11167851540336
1781572047,10,GET,/api/load/gc [GC-pressure],3.900000,0.000000,6,6,6,6,6,6,8,8,8,8,8,15080,1,5,20.669065615065097,2.237843000330031,138163.98522600502,64.03713527851458
1781572047,10,GET,/api/load/memory-light [GET],2.300000,0.000000,3,3,3,3,4,4,4,4,4,4,4,5878,0,2,7.5324069136330065,1.299395997193642,858.2991319999564,50.0
1781572047,10,GET,/api/products [GET],2.200000,0.000000,2,2,3,3,3,3,3,3,3,3,3,9013,0,2,6.077567486280324,0.7687059987802058,852.6058299976285,120.0
1781572047,10,,Aggregated,8.400000,0.000000,3,4,6,6,6,6,6,8,8,8,8,29971,1,3,13.704651598790866,0.7687059987802058,138163.98522600502,78.11350972606853
1781572048,10,GET,/api/load/gc [GC-pressure],3.900000,0.000000,6,6,6,6,6,6,8,8,8,8,8,15082,1,5,20.667076523682656,2.237843000330031,138163.98522600502,64.03713035406444
1781572048,10,GET,/api/load/memory-light [GET],2.100000,0.000000,3,3,3,3,4,4,4,4,4,4,4,5880,0,2,7.530737631519873,1.299395997193642,858.2991319999564,50.0
1781572048,10,GET,/api/products [GET],2.100000,0.000000,2,2,2,3,3,3,3,3,3,3,3,9015,0,2,6.076649305695361,0.7687059987802058,852.6058299976285,120.0
1781572048,10,,Aggregated,8.100000,0.000000,3,4,6,6,6,6,6,8,8,8,8,29977,1,3,13.702591283129145,0.7687059987802058,138163.98522600502,78.11348700670514
1781572049,10,GET,/api/load/gc [GC-pressure],4.000000,0.000000,6,6,6,6,6,7,8,8,8,8,8,15087,1,5,20.662128622004744,2.237843000330031,138163.98522600502,64.03711804865115
1781572049,10,GET,/api/load/memory-light [GET],2.100000,0.000000,3,3,3,3,4,4,4,4,4,4,4,5881,0,2,7.529772066033378,1.299395997193642,858.2991319999564,50.0
1781572049,10,GET,/api/products [GET],2.400000,0.000000,2,2,3,3,3,3,3,3,3,3,3,9019,0,2,6.074976281610786,0.7687059987802058,852.6058299976285,120.0
1781572049,10,,Aggregated,8.500000,0.000000,3,4,6,6,6,6,7,8,8,8,8,29987,1,3,13.69934755475291,0.7687059987802058,138163.98522600502,78.11578350618602
1781572050,10,GET,/api/load/gc [GC-pressure],3.800000,0.000000,6,6,6,6,6,7,8,8,8,8,8,15090,1,5,20.65896309292162,2.237843000330031,138163.98522600502,64.03711066931743
1781572050,10,GET,/api/load/memory-light [GET],2.000000,0.000000,3,3,3,3,3,4,4,4,4,4,4,5886,0,2,7.5256361033536905,1.299395997193642,858.2991319999564,50.0
1781572050,10,GET,/api/products [GET],2.700000,0.000000,2,2,3,3,3,3,3,3,3,3,3,9019,0,2,6.074976281610786,0.7687059987802058,852.6058299976285,120.0
1781572050,10,,Aggregated,8.500000,0.000000,3,4,6,6,6,6,7,8,8,8,8,29995,1,3,13.696611377242032,0.7687059987802058,138163.98522600502,78.10968494749125
1781572051,10,GET,/api/load/gc [GC-pressure],3.500000,0.000000,6,6,6,6,6,6,7,7,7,7,7,15093,1,5,20.655827991995935,2.237843000330031,138163.98522600502,64.03710329291725
1781572051,10,GET,/api/load/memory-light [GET],2.200000,0.000000,3,3,3,3,3,4,4,4,4,4,4,5888,0,2,7.524152448935262,1.299395997193642,858.2991319999564,50.0
1781572051,10,GET,/api/products [GET],2.500000,0.000000,2,2,2,3,3,3,3,3,3,3,3,9023,0,2,6.073150437641475,0.7687059987802058,852.6058299976285,120.0
1781572051,10,,Aggregated,8.200000,0.000000,3,4,5,6,6,6,6,7,7,7,7,30004,1,3,13.693462801671927,0.7687059987802058,138163.98522600502,78.11198506865752
1781572052,10,GET,/api/load/gc [GC-pressure],3.700000,0.000000,6,6,6,6,6,6,7,7,7,7,7,15095,1,5,20.653604987558673,2.237843000330031,138163.98522600502,64.037098376946
1781572052,10,GET,/api/load/memory-light [GET],2.100000,0.000000,3,3,3,3,3,4,4,4,4,4,4,5890,0,2,7.522449605827554,1.299395997193642,858.2991319999564,50.0
1781572052,10,GET,/api/products [GET],2.500000,0.000000,2,2,2,3,3,3,3,3,3,3,3,9028,0,2,6.071070220408451,0.7687059987802058,852.6058299976285,120.0
1781572052,10,,Aggregated,8.300000,0.000000,3,4,5,6,6,6,6,7,7,7,7,30013,1,3,13.690168174303468,0.7687059987802058,138163.98522600502,78.116149668477
1781572053,10,GET,/api/load/gc [GC-pressure],3.500000,0.000000,6,6,6,6,6,6,7,7,7,7,7,15100,1,5,20.64844027736399,2.237843000330031,138163.98522600502,64.03708609271523
1781572053,10,GET,/api/load/memory-light [GET],2.400000,0.000000,3,3,3,3,3,4,4,4,4,4,4,5892,0,2,7.520782788750782,1.299395997193642,858.2991319999564,50.0
1781572053,10,GET,/api/products [GET],2.400000,0.000000,2,2,2,3,3,3,3,3,3,3,3,9030,0,2,6.070139664988813,0.7687059987802058,852.6058299976285,120.0
1781572053,10,,Aggregated,8.300000,0.000000,3,4,5,6,6,6,6,7,7,7,7,30022,1,3,13.687204768315397,0.7687059987802058,138163.98522600502,78.11471587502498
1781572054,10,GET,/api/load/gc [GC-pressure],3.400000,0.000000,5,6,6,6,6,6,7,7,7,7,7,15103,1,5,20.645142975515064,2.237843000330031,138163.98522600502,64.0370787260809
1781572054,10,GET,/api/load/memory-light [GET],2.300000,0.000000,3,3,3,3,3,4,5,5,5,5,5,5895,0,2,7.518748458069988,1.299395997193642,858.2991319999564,50.0
1781572054,10,GET,/api/products [GET],2.600000,0.000000,2,2,3,3,3,3,42,42,42,42,42,9031,0,2,6.0740849378635495,0.7687059987802058,852.6058299976285,120.0
1781572054,10,,Aggregated,8.300000,0.000000,3,4,5,5,6,6,7,42,42,42,42,30029,1,3,13.686159299123258,0.7687059987802058,138163.98522600502,78.11189183789004
1781572055,10,GET,/api/load/gc [GC-pressure],3.100000,0.000000,6,6,6,6,6,7,8,8,8,8,8,15106,1,5,20.642299222574565,2.237843000330031,138163.98522600502,64.03707136237257
1781572055,10,GET,/api/load/memory-light [GET],2.500000,0.000000,3,3,3,3,3,3,5,5,5,5,5,5896,0,2,7.517988626410983,1.299395997193642,858.2991319999564,50.0
1781572055,10,GET,/api/products [GET],2.800000,0.000000,2,2,3,3,3,3,42,42,42,42,42,9034,0,2,6.07284055510869,0.7687059987802058,852.6058299976285,120.0
1781572055,10,,Aggregated,8.400000,0.000000,3,4,5,6,6,6,8,42,42,42,42,30036,1,3,13.683935096963058,0.7687059987802058,138163.98522600502,78.11373019043815
1781572056,10,GET,/api/load/gc [GC-pressure],3.500000,0.000000,5,6,6,6,6,7,8,8,8,8,8,15110,1,5,20.63816696725428,2.237843000330031,138163.98522600502,64.03706154864328
1781572056,10,GET,/api/load/memory-light [GET],2.300000,0.000000,3,3,3,3,3,3,5,5,5,5,5,5897,0,2,7.517294027355441,1.299395997193642,858.2991319999564,50.0
1781572056,10,GET,/api/products [GET],2.900000,0.000000,2,2,3,3,3,3,42,42,42,42,42,9038,0,2,6.071098436030706,0.7687059987802058,852.6058299976285,120.0
1781572056,10,,Aggregated,8.700000,0.000000,3,4,5,6,6,6,8,42,42,42,42,30045,1,3,13.680904424009741,0.7687059987802058,138163.98522600502,78.11649192877351
1781572057,10,GET,/api/load/gc [GC-pressure],3.400000,0.000000,6,6,6,6,6,7,8,8,8,8,8,15116,1,5,20.632060039839775,2.237843000330031,138163.98522600502,64.03704683778777
1781572057,10,GET,/api/load/memory-light [GET],2.200000,0.000000,3,3,3,3,3,5,5,5,5,5,5,5898,0,2,7.516492103139754,1.299395997193642,858.2991319999564,50.0
1781572057,10,GET,/api/products [GET],2.700000,0.000000,2,3,3,3,3,3,42,42,42,42,42,9040,0,2,6.070263814805019,0.7687059987802058,852.6058299976285,120.0
1781572057,10,,Aggregated,8.300000,0.000000,3,5,5,6,6,6,8,42,42,42,42,30054,1,3,13.678101912303644,0.7687059987802058,138163.98522600502,78.11552538763559
1781572058,10,GET,/api/load/gc [GC-pressure],3.500000,0.000000,5,6,6,6,6,7,8,8,8,8,8,15122,1,5,20.62577860496126,2.237843000330031,138163.98522600502,64.03703213860601
1781572058,10,GET,/api/load/memory-light [GET],2.100000,0.000000,3,3,3,3,3,5,5,5,5,5,5,5899,0,2,7.515572884440164,1.299395997193642,858.2991319999564,50.0
1781572058,10,GET,/api/products [GET],2.900000,0.000000,2,3,3,3,3,3,42,42,42,42,42,9040,0,2,6.070263814805019,0.7687059987802058,852.6058299976285,120.0
1781572058,10,,Aggregated,8.500000,0.000000,3,5,5,6,6,6,8,42,42,42,42,30061,1,3,13.675944692304782,0.7687059987802058,138163.98522600502,78.1117727287848
1781572059,10,GET,/api/load/gc [GC-pressure],3.300000,0.000000,5,6,6,6,6,6,8,8,8,8,8,15124,1,5,20.623748465632524,2.237843000330031,138163.98522600502,64.03702724147051
1781572059,10,GET,/api/load/memory-light [GET],2.000000,0.000000,3,3,3,3,3,3,5,5,5,5,5,5902,0,2,7.513092365523936,1.299395997193642,858.2991319999564,50.0
1781572059,10,GET,/api/products [GET],2.800000,0.000000,2,3,3,3,3,3,42,42,42,42,42,9044,0,2,6.0686657077441035,0.7687059987802058,852.6058299976285,120.0
1781572059,10,,Aggregated,8.100000,0.000000,3,5,5,5,6,6,8,42,42,42,42,30070,1,3,13.67279200520074,0.7687059987802058,138163.98522600502,78.11360159627536
1781572060,10,GET,/api/load/gc [GC-pressure],3.700000,0.000000,5,6,6,6,6,6,8,8,8,8,8,15125,1,5,20.622721203650954,2.237843000330031,138163.98522600502,64.03702479338843
1781572060,10,GET,/api/load/memory-light [GET],2.100000,0.000000,3,3,3,3,4,5,5,5,5,5,5,5904,0,2,7.511585296972813,1.299395997193642,858.2991319999564,50.0
1781572060,10,GET,/api/products [GET],2.600000,0.000000,2,2,3,3,3,3,42,42,42,42,42,9047,0,2,6.067391601948475,0.7687059987802058,852.6058299976285,120.0
1781572060,10,,Aggregated,8.400000,0.000000,3,5,5,5,6,6,8,42,42,42,42,30076,1,3,13.670659317109191,0.7687059987802058,138163.98522600502,78.11544088309616
1781572061,10,GET,/api/load/gc [GC-pressure],4.000000,0.000000,5,6,6,6,6,6,8,8,8,8,8,15131,1,5,20.616626630705348,2.237843000330031,138163.98522600502,64.03701011169123
1781572061,10,GET,/api/load/memory-light [GET],1.900000,0.000000,3,3,3,3,4,5,5,5,5,5,5,5905,0,2,7.510832202088556,1.299395997193642,858.2991319999564,50.0
1781572061,10,GET,/api/products [GET],2.500000,0.000000,2,3,3,3,3,3,42,42,42,42,42,9049,0,2,6.066551358473191,0.7687059987802058,852.6058299976285,120.0
1781572061,10,,Aggregated,8.400000,0.000000,3,5,5,6,6,6,8,42,42,42,42,30085,1,3,13.667869866889129,0.7687059987802058,138163.98522600502,78.11447565231843
1781572062,10,GET,/api/load/gc [GC-pressure],3.600000,0.000000,5,6,6,6,6,6,8,8,8,8,8,15135,1,5,20.612461970677288,2.237843000330031,138163.98522600502,64.03700033036009
1781572062,10,GET,/api/load/memory-light [GET],2.100000,0.000000,3,3,3,3,4,5,5,5,5,5,5,5905,0,2,7.510832202088556,1.299395997193642,858.2991319999564,50.0
1781572062,10,GET,/api/products [GET],2.600000,0.000000,2,2,3,3,3,3,42,42,42,42,42,9051,0,2,6.065579129137828,0.7687059987802058,852.6058299976285,120.0
1781572062,10,,Aggregated,8.300000,0.000000,3,5,5,6,6,6,8,42,42,42,42,30091,1,3,13.665901192295376,0.7687059987802058,138163.98522600502,78.11538333721046
1781572063,10,GET,/api/load/gc [GC-pressure],3.500000,0.000000,5,6,6,6,6,7,8,8,8,8,8,15141,1,5,20.60649752263367,2.237843000330031,138163.98522600502,64.03698566805363
1781572063,10,GET,/api/load/memory-light [GET],1.800000,0.000000,3,3,3,3,4,5,5,5,5,5,5,5906,0,2,7.510059204424855,1.299395997193642,858.2991319999564,50.0
1781572063,10,GET,/api/products [GET],2.700000,0.000000,2,2,3,3,3,3,3,3,3,3,3,9053,0,2,6.064693887089549,0.7687059987802058,852.6058299976285,120.0
1781572063,10,,Aggregated,8.000000,0.000000,3,5,6,6,6,6,7,8,8,8,8,30100,1,3,13.663158219646222,0.7687059987802058,138163.98522600502,78.11441860465116
1781572064,10,GET,/api/load/gc [GC-pressure],3.700000,0.000000,5,6,6,6,6,6,7,7,7,7,7,15146,1,5,20.60115604048547,2.237843000330031,138163.98522600502,64.03697345833884
1781572064,10,GET,/api/load/memory-light [GET],1.700000,0.000000,3,3,3,3,3,4,4,4,4,4,4,5907,0,2,7.509298129563824,1.299395997193642,858.2991319999564,50.0
1781572064,10,GET,/api/products [GET],2.500000,0.000000,2,2,3,3,3,3,3,3,3,3,3,9054,0,2,6.064325938238882,0.7687059987802058,852.6058299976285,120.0
1781572064,10,,Aggregated,7.900000,0.000000,3,5,5,6,6,6,6,7,7,7,7,30107,1,3,13.66090744628629,0.7687059987802058,138163.98522600502,78.11253196930946
1781572065,10,GET,/api/load/gc [GC-pressure],4.100000,0.000000,5,6,6,6,6,6,8,8,8,8,8,15156,1,5,20.590958952176617,2.237843000330031,138163.98522600502,64.03694906307733
1781572065,10,GET,/api/load/memory-light [GET],1.600000,0.000000,3,3,3,3,3,4,4,4,4,4,4,5907,0,2,7.509298129563824,1.299395997193642,858.2991319999564,50.0
1781572065,10,GET,/api/products [GET],2.200000,0.000000,2,2,3,3,3,3,3,3,3,3,3,9057,0,2,6.062984533158636,0.7687059987802058,852.6058299976285,120.0
1781572065,10,,Aggregated,7.900000,0.000000,4,5,6,6,6,6,7,8,8,8,8,30120,1,3,13.656920612461489,0.7687059987802058,138163.98522600502,78.11201859229747
1781572066,10,GET,/api/load/gc [GC-pressure],4.000000,0.000000,5,6,6,6,6,6,8,8,8,8,8,15160,1,5,20.587037375605842,2.237843000330031,138163.98522600502,64.03693931398416
1781572066,10,GET,/api/load/memory-light [GET],1.400000,0.000000,3,3,3,3,3,4,4,4,4,4,4,5910,0,2,7.506914015115716,1.299395997193642,858.2991319999564,50.0
1781572066,10,GET,/api/products [GET],2.200000,0.000000,2,2,3,3,3,3,3,3,3,3,3,9057,0,2,6.062984533158636,0.7687059987802058,852.6058299976285,120.0
1781572066,10,,Aggregated,7.600000,0.000000,4,5,6,6,6,6,7,8,8,8,8,30127,1,3,13.654788042630736,0.7687059987802058,138163.98522600502,78.10734557041856
1781572067,10,GET,/api/load/gc [GC-pressure],4.200000,0.000000,5,6,6,6,6,6,8,8,8,8,8,15162,1,5,20.585076258553244,2.237843000330031,138163.98522600502,64.03693444136657
1781572067,10,GET,/api/load/memory-light [GET],1.200000,0.000000,3,3,3,3,3,4,4,4,4,4,4,5911,0,2,7.506028060282264,1.299395997193642,858.2991319999564,50.0
1781572067,10,GET,/api/products [GET],2.300000,0.000000,2,2,2,3,3,3,3,3,3,3,3,9060,0,2,6.061557608257741,0.7687059987802058,852.6058299976285,120.0
1781572067,10,,Aggregated,7.700000,0.000000,4,5,6,6,6,6,7,8,8,8,8,30133,1,3,13.652698703326184,0.7687059987802058,138163.98522600502,78.10964723061096
1781572068,10,GET,/api/load/gc [GC-pressure],4.800000,0.000000,5,6,6,6,6,6,8,8,8,8,8,15167,1,5,20.57987960777887,2.237843000330031,138163.98522600502,64.03692226544472
1781572068,10,GET,/api/load/memory-light [GET],1.100000,0.000000,3,3,3,3,3,4,4,4,4,4,4,5912,0,2,7.505307384865617,1.299395997193642,858.2991319999564,50.0
1781572068,10,GET,/api/products [GET],2.200000,0.000000,2,2,2,3,3,3,3,3,3,3,3,9061,0,2,6.061190689307525,0.7687059987802058,852.6058299976285,120.0
1781572068,10,,Aggregated,8.100000,0.000000,4,5,6,6,6,6,7,8,8,8,8,30140,1,3,13.650526214542905,0.7687059987802058,138163.98522600502,78.10776376907764
1781572069,10,GET,/api/load/gc [GC-pressure],5.000000,0.000000,5,6,6,6,6,6,8,8,8,8,8,15171,1,5,20.575766053403772,2.237843000330031,138163.98522600502,64.0369125304858
1781572069,10,GET,/api/load/memory-light [GET],1.200000,0.000000,3,3,3,3,3,4,4,4,4,4,4,5913,0,2,7.504381795929609,1.299395997193642,858.2991319999564,50.0
1781572069,10,GET,/api/products [GET],2.000000,0.000000,2,2,2,3,3,3,3,3,3,3,3,9064,0,2,6.059890554150955,0.7687059987802058,852.6058299976285,120.0
1781572069,10,,Aggregated,8.200000,0.000000,4,5,6,6,6,6,7,8,8,8,8,30148,1,3,13.64784411365081,0.7687059987802058,138163.98522600502,78.10912830038477
1781572070,10,GET,/api/load/gc [GC-pressure],4.500000,0.000000,6,6,6,6,6,6,7,8,8,8,8,15177,1,5,20.569715935573395,2.237843000330031,138163.98522600502,64.03689793766884
1781572070,10,GET,/api/load/memory-light [GET],1.200000,0.000000,3,3,3,3,3,4,4,4,4,4,4,5915,0,2,7.502446860580415,1.299395997193642,858.2991319999564,50.0
1781572070,10,GET,/api/products [GET],2.100000,0.000000,2,2,3,3,3,3,3,3,3,3,3,9067,0,2,6.058667916050523,0.7687059987802058,852.6058299976285,120.0
1781572070,10,,Aggregated,7.800000,0.000000,4,5,6,6,6,6,7,8,8,8,8,30159,1,3,13.644268507886888,0.7687059987802058,138163.98522600502,78.10862429125635
1781572071,10,GET,/api/load/gc [GC-pressure],4.400000,0.000000,6,6,6,6,6,6,8,8,8,8,8,15178,1,5,20.5687519556725,2.237843000330031,138163.98522600502,64.03689550665437
1781572071,10,GET,/api/load/memory-light [GET],1.400000,0.000000,3,3,3,3,3,3,3,3,3,3,3,5916,0,2,7.5016759684460945,1.299395997193642,858.2991319999564,50.0
1781572071,10,GET,/api/products [GET],2.200000,0.000000,2,2,2,3,3,3,3,3,3,3,3,9072,0,2,6.056378235762472,0.7687059987802058,852.6058299976285,120.0
1781572071,10,,Aggregated,8.000000,0.000000,3,5,6,6,6,6,7,8,8,8,8,30166,1,3,13.641712377092139,0.7687059987802058,138163.98522600502,78.11416826891202
1781572072,10,GET,/api/load/gc [GC-pressure],4.700000,0.000000,6,6,6,6,6,6,8,8,8,8,8,15181,1,5,20.565664432988534,2.237843000330031,138163.98522600502,64.03688821553257
1781572072,10,GET,/api/load/memory-light [GET],1.200000,0.000000,3,3,3,3,3,3,3,3,3,3,3,5918,0,2,7.500005836654776,1.299395997193642,858.2991319999564,50.0
1781572072,10,GET,/api/products [GET],2.000000,0.000000,2,2,3,3,3,3,3,3,3,3,3,9075,0,2,6.055204278218448,0.7687059987802058,852.6058299976285,120.0
1781572072,10,,Aggregated,7.900000,0.000000,3,5,6,6,6,6,7,8,8,8,8,30174,1,3,13.63900593634766,0.7687059987802058,138163.98522600502,78.11506595081859
1781572073,10,GET,/api/load/gc [GC-pressure],5.200000,0.000000,5,6,6,6,6,6,8,8,8,8,8,15184,1,5,20.56270167743637,2.237843000330031,138163.98522600502,64.03688092729189
1781572073,10,GET,/api/load/memory-light [GET],1.100000,0.000000,2,3,3,3,3,3,3,3,3,3,3,5920,0,2,7.498223655459918,1.299395997193642,858.2991319999564,50.0
1781572073,10,GET,/api/products [GET],2.100000,0.000000,2,2,2,3,3,3,3,3,3,3,3,9076,0,2,6.054790709544856,0.7687059987802058,852.6058299976285,120.0
1781572073,10,,Aggregated,8.400000,0.000000,3,5,6,6,6,6,7,8,8,8,8,30180,1,3,13.637071795571426,0.7687059987802058,138163.98522600502,78.11318754141816
1781572074,10,GET,/api/load/gc [GC-pressure],4.800000,0.000000,6,6,6,6,6,6,8,8,8,8,8,15187,1,5,20.55973315270863,2.237843000330031,138163.98522600502,64.0368736419306
1781572074,10,GET,/api/load/memory-light [GET],1.100000,0.000000,2,3,3,3,3,3,3,3,3,3,3,5923,0,2,7.495837612074646,1.299395997193642,858.2991319999564,50.0
1781572074,10,GET,/api/products [GET],2.300000,0.000000,2,2,2,3,3,3,3,3,3,3,3,9080,0,2,6.053121464848892,0.7687059987802058,852.6058299976285,120.0
1781572074,10,,Aggregated,8.200000,0.000000,3,5,6,6,6,6,7,8,8,8,8,30190,1,3,13.633681896897384,0.7687059987802058,138163.98522600502,78.1145412388208
1781572075,10,GET,/api/load/gc [GC-pressure],4.500000,0.000000,6,6,6,6,6,6,7,7,7,7,7,15190,1,5,20.556767332468034,2.237843000330031,138163.98522600502,64.036866359447
1781572075,10,GET,/api/load/memory-light [GET],1.200000,0.000000,2,3,3,3,3,6,6,6,6,6,6,5924,0,2,7.495669290229885,1.299395997193642,858.2991319999564,50.0
1781572075,10,GET,/api/products [GET],2.400000,0.000000,2,2,2,3,3,3,3,3,3,3,3,9082,0,2,6.052332351775352,0.7687059987802058,852.6058299976285,120.0
1781572075,10,,Aggregated,8.100000,0.000000,3,5,6,6,6,6,6,7,7,7,7,30196,1,3,13.631902340519773,0.7687059987802058,138163.98522600502,78.11498211683667
1781572076,10,GET,/api/load/gc [GC-pressure],4.300000,0.000000,6,6,6,6,6,7,7,7,7,7,7,15194,1,5,20.552611612294097,2.237843000330031,138163.98522600502,64.03685665394235
1781572076,10,GET,/api/load/memory-light [GET],1.500000,0.000000,2,3,3,3,4,6,6,6,6,6,6,5927,0,2,7.493490073616043,1.299395997193642,858.2991319999564,50.0
1781572076,10,GET,/api/products [GET],2.300000,0.000000,2,2,2,3,3,3,3,3,3,3,3,9083,0,2,6.051931664189156,0.7687059987802058,852.6058299976285,120.0
1781572076,10,,Aggregated,8.100000,0.000000,3,5,6,6,6,6,7,7,7,7,7,30204,1,3,13.629320348607763,0.7687059987802058,138163.98522600502,78.11170705866773
1781572077,10,GET,/api/load/gc [GC-pressure],4.100000,0.000000,5,6,6,6,6,7,7,7,7,7,7,15196,1,5,20.550558279362804,2.237843000330031,138163.98522600502,64.03685180310607
1781572077,10,GET,/api/load/memory-light [GET],1.600000,0.000000,3,3,3,3,4,6,6,6,6,6,6,5931,0,2,7.490164541951703,1.299395997193642,858.2991319999564,50.0
1781572077,10,GET,/api/products [GET],2.500000,0.000000,2,2,3,3,3,3,3,3,3,3,3,9088,0,2,6.049699462348407,0.7687059987802058,852.6058299976285,120.0
1781572077,10,,Aggregated,8.200000,0.000000,3,4,5,6,6,6,7,7,7,7,7,30215,1,3,13.625355559335926,0.7687059987802058,138163.98522600502,78.11398312096641
1781572078,10,GET,/api/load/gc [GC-pressure],3.400000,0.000000,6,6,6,6,6,7,7,7,7,7,7,15197,1,5,20.549432923681955,2.237843000330031,138163.98522600502,64.03684937816675
1781572078,10,GET,/api/load/memory-light [GET],1.700000,0.000000,3,3,3,3,4,6,6,6,6,6,6,5932,0,2,7.489407814956036,1.299395997193642,858.2991319999564,50.0
1781572078,10,GET,/api/products [GET],2.500000,0.000000,2,2,2,3,3,3,3,3,3,3,3,9091,0,2,6.04830618994936,0.7687059987802058,852.6058299976285,120.0
1781572078,10,,Aggregated,7.600000,0.000000,3,4,5,6,6,6,7,7,7,7,7,30220,1,3,13.62349605798622,0.7687059987802058,138163.98522600502,78.11674387822634
1781572079,10,GET,/api/load/gc [GC-pressure],3.400000,0.000000,6,6,6,6,6,7,7,7,7,7,7,15202,1,5,20.544538450414056,2.237843000330031,138163.98522600502,64.03683725825549
1781572079,10,GET,/api/load/memory-light [GET],1.700000,0.000000,3,3,3,3,4,6,6,6,6,6,6,5934,0,2,7.487807316703044,1.299395997193642,858.2991319999564,50.0
1781572079,10,GET,/api/products [GET],2.700000,0.000000,2,2,2,3,3,3,3,3,3,3,3,9094,0,2,6.04702425465409,0.7687059987802058,852.6058299976285,120.0
1781572079,10,,Aggregated,7.800000,0.000000,3,4,5,6,6,6,7,7,7,7,7,30230,1,3,13.620322881651823,0.7687059987802058,138163.98522600502,78.11670525967583
1781572080,10,GET,/api/load/gc [GC-pressure],3.400000,0.000000,5,6,6,6,6,7,7,7,7,7,7,15207,1,5,20.53931865766985,2.237843000330031,138163.98522600502,64.0368251463142
1781572080,10,GET,/api/load/memory-light [GET],2.000000,0.000000,3,3,3,3,3,4,6,6,6,6,6,5935,0,2,7.486927771409063,1.299395997193642,858.2991319999564,50.0
1781572080,10,GET,/api/products [GET],2.800000,0.000000,2,2,2,3,3,3,3,3,3,3,3,9094,0,2,6.04702425465409,0.7687059987802058,852.6058299976285,120.0
1781572080,10,,Aggregated,8.200000,0.000000,3,4,5,6,6,6,7,7,7,7,7,30236,1,3,13.618467182243766,0.7687059987802058,138163.98522600502,78.11344093134012
1781572081,10,GET,/api/load/gc [GC-pressure],3.000000,0.000000,6,6,6,6,6,7,7,7,7,7,7,15212,1,5,20.534466294515802,2.237843000330031,138163.98522600502,64.036813042335
1781572081,10,GET,/api/load/memory-light [GET],1.900000,0.000000,3,3,3,3,3,4,6,6,6,6,6,5938,0,2,7.484634993314423,1.299395997193642,858.2991319999564,50.0
1781572081,10,GET,/api/products [GET],2.900000,0.000000,2,2,3,3,3,3,3,3,3,3,3,9095,0,2,6.046513024720097,0.7687059987802058,852.6058299976285,120.0
1781572081,10,,Aggregated,7.800000,0.000000,3,5,5,6,6,6,7,7,7,7,7,30245,1,3,13.615708375675474,0.7687059987802058,138163.98522600502,78.10970408331956
1781572082,10,GET,/api/load/gc [GC-pressure],3.100000,0.000000,6,6,6,6,6,7,38,38,38,38,38,15217,1,5,20.531447804441218,2.237843000330031,138163.98522600502,64.03680094631005
1781572082,10,GET,/api/load/memory-light [GET],2.000000,0.000000,3,3,3,3,3,4,6,6,6,6,6,5939,0,2,7.483869738727051,1.299395997193642,858.2991319999564,50.0
1781572082,10,GET,/api/products [GET],2.900000,0.000000,2,2,3,3,3,3,3,3,3,3,3,9095,0,2,6.046513024720097,0.7687059987802058,852.6058299976285,120.0
1781572082,10,,Aggregated,8.000000,0.000000,3,5,5,6,6,6,7,38,38,38,38,30251,1,3,13.61498064785664,0.7687059987802058,138163.98522600502,78.10644276222274
1781572083,10,GET,/api/load/gc [GC-pressure],3.000000,0.000000,6,6,6,6,6,7,38,38,38,38,38,15221,1,5,20.527516482700445,2.237843000330031,138163.98522600502,64.03679127521188
1781572083,10,GET,/api/load/memory-light [GET],1.900000,0.000000,3,3,3,3,4,6,6,6,6,6,6,5941,0,2,7.482269590353731,1.299395997193642,858.2991319999564,50.0
1781572083,10,GET,/api/products [GET],2.600000,0.000000,2,2,2,3,3,3,3,3,3,3,3,9097,0,2,6.045572552471182,0.7687059987802058,852.6058299976285,120.0
1781572083,10,,Aggregated,7.500000,0.000000,3,5,6,6,6,6,7,38,38,38,38,30259,1,3,13.612415001464203,0.7687059987802058,138163.98522600502,78.1054892759179
1781572084,10,GET,/api/load/gc [GC-pressure],3.500000,0.000000,6,6,6,6,6,7,38,38,38,38,38,15224,1,5,20.52454235977259,2.237843000330031,138163.98522600502,64.03678402522333
1781572084,10,GET,/api/load/memory-light [GET],2.200000,0.000000,3,3,3,3,4,4,6,6,6,6,6,5944,0,2,7.4801387201028335,1.299395997193642,858.2991319999564,50.0
1781572084,10,GET,/api/products [GET],2.300000,0.000000,2,2,2,3,3,3,3,3,3,3,3,9098,0,2,6.045087129240142,0.7687059987802058,852.6058299976285,120.0
1781572084,10,,Aggregated,8.000000,0.000000,3,5,6,6,6,6,7,38,38,38,38,30266,1,3,13.61018238747426,0.7687059987802058,138163.98522600502,78.10268948655256
1781572085,10,GET,/api/load/gc [GC-pressure],3.700000,0.000000,5,6,6,6,6,7,38,38,38,38,38,15229,1,5,20.519224795730715,2.237843000330031,138163.98522600502,64.03677194825661
1781572085,10,GET,/api/load/memory-light [GET],2.100000,0.000000,3,3,3,3,3,4,4,4,4,4,4,5945,0,2,7.479287032849405,1.299395997193642,858.2991319999564,50.0
1781572085,10,GET,/api/products [GET],2.100000,0.000000,2,2,2,2,3,3,3,3,3,3,3,9101,0,2,6.043720737921034,0.7687059987802058,852.6058299976285,120.0
1781572085,10,,Aggregated,7.900000,0.000000,3,5,5,6,6,6,7,38,38,38,38,30275,1,3,13.607119347986526,0.7687059987802058,138163.98522600502,78.1035838150289
1781572086,10,GET,/api/load/gc [GC-pressure],3.700000,0.000000,5,6,6,6,6,6,38,38,38,38,38,15233,1,5,20.515131949463825,2.237843000330031,138163.98522600502,64.03676229239151
1781572086,10,GET,/api/load/memory-light [GET],2.000000,0.000000,3,3,3,3,3,4,4,4,4,4,4,5947,0,2,7.477470651300994,1.299395997193642,858.2991319999564,50.0
1781572086,10,GET,/api/products [GET],2.200000,0.000000,2,2,2,2,3,3,3,3,3,3,3,9102,0,2,6.043266123139904,0.7687059987802058,852.6058299976285,120.0
1781572086,10,,Aggregated,7.900000,0.000000,3,5,6,6,6,6,6,38,38,38,38,30282,1,3,13.604825678696548,0.7687059987802058,138163.98522600502,78.1012482662968
1781572087,10,GET,/api/load/gc [GC-pressure],3.700000,0.000000,6,6,6,6,6,8,38,38,38,38,38,15236,1,5,20.51237941678784,2.237843000330031,138163.98522600502,64.0367550538199
1781572087,10,GET,/api/load/memory-light [GET],2.100000,0.000000,3,3,3,3,3,4,4,4,4,4,4,5949,0,2,7.4758374900471,1.299395997193642,858.2991319999564,50.0
1781572087,10,GET,/api/products [GET],1.800000,0.000000,2,2,2,2,2,3,3,3,3,3,3,9105,0,2,6.0418814083273045,0.7687059987802058,852.6058299976285,120.0
1781572087,10,,Aggregated,7.600000,0.000000,3,5,6,6,6,6,8,38,38,38,38,30290,1,3,13.60223506917431,0.7687059987802058,138163.98522600502,78.10214592274679
1781572088,10,GET,/api/load/gc [GC-pressure],3.900000,0.000000,6,6,6,6,6,6,38,38,38,38,38,15243,1,5,20.50512734764617,2.237843000330031,138163.98522600502,64.03673817489995
1781572088,10,GET,/api/load/memory-light [GET],2.100000,0.000000,3,3,3,3,3,4,4,4,4,4,4,5952,0,2,7.473358212246729,1.299395997193642,858.2991319999564,50.0
1781572088,10,GET,/api/products [GET],1.900000,0.000000,2,2,2,2,2,3,3,3,3,3,3,9106,0,2,6.041409427610515,0.7687059987802058,852.6058299976285,120.0
1781572088,10,,Aggregated,7.900000,0.000000,4,5,6,6,6,6,8,38,38,38,38,30301,1,3,13.598698342869358,0.7687059987802058,138163.98522600502,78.09748853173163
1781572089,10,GET,/api/load/gc [GC-pressure],3.900000,0.000000,6,6,6,6,6,6,38,38,38,38,38,15244,1,5,20.504123702057896,2.237843000330031,138163.98522600502,64.0367357648911
1781572089,10,GET,/api/load/memory-light [GET],2.000000,0.000000,3,3,3,3,3,4,4,4,4,4,4,5955,0,2,7.4710963706617495,1.299395997193642,858.2991319999564,50.0
1781572089,10,GET,/api/products [GET],1.700000,0.000000,2,2,2,2,2,3,3,3,3,3,3,9107,0,2,6.040948567455576,0.7687059987802058,852.6058299976285,120.0
1781572089,10,,Aggregated,7.600000,0.000000,4,5,6,6,6,6,8,38,38,38,38,30306,1,3,13.596982749464766,0.7687059987802058,138163.98522600502,78.09562462878638
1781572090,10,GET,/api/load/gc [GC-pressure],4.100000,0.000000,6,6,6,6,6,8,38,38,38,38,38,15245,1,5,20.50297609669847,2.237843000330031,138163.98522600502,64.03673335519842
1781572090,10,GET,/api/load/memory-light [GET],1.800000,0.000000,3,3,3,3,3,4,4,4,4,4,4,5958,0,2,7.468790631133583,1.299395997193642,858.2991319999564,50.0
1781572090,10,GET,/api/products [GET],1.600000,0.000000,2,2,2,2,2,3,3,3,3,3,3,9112,0,2,6.038908249977557,0.7687059987802058,852.6058299976285,120.0
1781572090,10,,Aggregated,7.500000,0.000000,3,5,5,6,6,6,8,38,38,38,38,30315,1,3,13.593714568637889,0.7687059987802058,138163.98522600502,78.09929078014184
1781572091,10,GET,/api/load/gc [GC-pressure],4.600000,0.000000,5,6,6,6,6,8,38,38,38,38,38,15247,1,5,20.500940347751527,2.237843000330031,138163.98522600502,64.03672853676133
1781572091,10,GET,/api/load/memory-light [GET],2.000000,0.000000,3,3,3,3,3,4,4,4,4,4,4,5959,0,2,7.4679798057222655,1.299395997193642,858.2991319999564,50.0
1781572091,10,GET,/api/products [GET],1.500000,0.000000,2,2,2,2,3,3,3,3,3,3,3,9115,0,2,6.037631066680735,0.7687059987802058,852.6058299976285,120.0
1781572091,10,,Aggregated,8.100000,0.000000,3,4,5,6,6,6,8,38,38,38,38,30321,1,3,13.591653847737918,0.7687059987802058,138163.98522600502,78.10157976320042
1781572092,10,GET,/api/load/gc [GC-pressure],4.200000,0.000000,5,6,6,6,6,6,8,8,8,8,8,15251,1,5,20.496838982962597,2.237843000330031,138163.98522600502,64.03671890367845
1781572092,10,GET,/api/load/memory-light [GET],2.100000,0.000000,3,3,3,3,3,4,4,4,4,4,4,5960,0,2,7.467223621023971,1.299395997193642,858.2991319999564,50.0
1781572092,10,GET,/api/products [GET],1.300000,0.000000,2,2,2,2,3,3,3,3,3,3,3,9118,0,2,6.036407693660018,0.7687059987802058,852.6058299976285,120.0
1781572092,10,,Aggregated,7.600000,0.000000,3,4,5,5,6,6,6,8,8,8,8,30329,1,3,13.58903720733481,0.7687059987802058,138163.98522600502,78.10293778232055
1781572093,10,GET,/api/load/gc [GC-pressure],3.800000,0.000000,5,6,6,6,6,6,8,8,8,8,8,15253,1,5,20.494804865742143,2.237843000330031,138163.98522600502,64.03671408903166
1781572093,10,GET,/api/load/memory-light [GET],2.300000,0.000000,3,3,3,3,3,4,4,4,4,4,4,5962,0,2,7.465418512797034,1.299395997193642,858.2991319999564,50.0
1781572093,10,GET,/api/products [GET],1.900000,0.000000,2,2,2,2,3,3,3,3,3,3,3,9122,0,2,6.034709413921875,0.7687059987802058,852.6058299976285,120.0
1781572093,10,,Aggregated,8.000000,0.000000,3,4,5,5,6,6,6,8,8,8,8,30337,1,3,13.586205065242318,0.7687059987802058,138163.98522600502,78.10567953324323
1781572094,10,GET,/api/load/gc [GC-pressure],3.400000,0.000000,5,6,6,6,6,6,8,8,8,8,8,15255,1,5,20.492786810236886,2.237843000330031,138163.98522600502,64.03670927564733
1781572094,10,GET,/api/load/memory-light [GET],2.100000,0.000000,3,3,3,3,3,4,4,4,4,4,4,5964,0,2,7.46378465397377,1.299395997193642,858.2991319999564,50.0
1781572094,10,GET,/api/products [GET],2.000000,0.000000,2,2,2,2,3,3,3,3,3,3,3,9125,0,2,6.03349526836186,0.7687059987802058,852.6058299976285,120.0
1781572094,10,,Aggregated,7.500000,0.000000,3,3,5,5,6,6,6,8,8,8,8,30344,1,3,13.583809609486726,0.7687059987802058,138163.98522600502,78.10703928288953
1781572095,10,GET,/api/load/gc [GC-pressure],3.500000,0.000000,5,6,6,6,6,6,8,8,8,8,8,15257,1,5,20.49065175238626,2.237843000330031,138163.98522600502,64.03670446352494
1781572095,10,GET,/api/load/memory-light [GET],2.100000,0.000000,3,3,3,3,3,3,4,4,4,4,4,5969,0,2,7.459817905729274,1.299395997193642,858.2991319999564,50.0
1781572095,10,GET,/api/products [GET],2.200000,0.000000,2,2,2,2,3,3,3,3,3,3,3,9129,0,2,6.031727504633855,0.7687059987802058,852.6058299976285,120.0
1781572095,10,,Aggregated,7.800000,0.000000,3,3,5,5,6,6,6,8,8,8,8,30355,1,3,13.57987703031651,0.7687059987802058,138163.98522600502,78.10700049415253
1781572096,10,GET,/api/load/gc [GC-pressure],3.300000,0.000000,5,6,6,6,6,6,8,8,8,8,8,15259,1,5,20.488655942339097,2.237843000330031,138163.98522600502,64.036699652664
1781572096,10,GET,/api/load/memory-light [GET],2.100000,0.000000,3,3,3,3,3,3,4,4,4,4,4,5971,0,2,7.458254193820026,1.299395997193642,858.2991319999564,50.0
1781572096,10,GET,/api/products [GET],2.400000,0.000000,2,2,2,2,3,3,3,3,3,3,3,9134,0,2,6.029467308824217,0.7687059987802058,852.6058299976285,120.0
1781572096,10,,Aggregated,7.800000,0.000000,3,3,4,5,6,6,6,8,8,8,8,30364,1,3,13.576695798124492,0.7687059987802058,138163.98522600502,78.11111842971941
1781572097,10,GET,/api/load/gc [GC-pressure],3.100000,0.000000,5,5,6,6,6,6,7,7,7,7,7,15263,1,5,20.48466780797741,2.237843000330031,138163.98522600502,64.0366900347245
1781572097,10,GET,/api/load/memory-light [GET],2.000000,0.000000,3,3,3,3,3,4,4,4,4,4,4,5973,0,2,7.456861865445105,1.299395997193642,858.2991319999564,50.0
1781572097,10,GET,/api/products [GET],2.700000,0.000000,2,2,2,2,3,3,3,3,3,3,3,9135,0,2,6.028969016726884,0.7687059987802058,852.6058299976285,120.0
1781572097,10,,Aggregated,7.800000,0.000000,3,3,4,5,6,6,6,7,7,7,7,30371,1,3,13.574526773674325,0.7687059987802058,138163.98522600502,78.1087879885417
1781572098,10,GET,/api/load/gc [GC-pressure],2.800000,0.000000,5,6,6,6,6,7,7,7,7,7,7,15266,1,5,20.48181443797714,2.237843000330031,138163.98522600502,64.0366828245775
1781572098,10,GET,/api/load/memory-light [GET],2.400000,0.000000,3,3,3,3,4,4,48,48,48,48,48,5978,0,2,7.460257341469398,1.299395997193642,858.2991319999564,50.0
1781572098,10,GET,/api/products [GET],2.800000,0.000000,2,2,2,2,3,3,3,3,3,3,3,9138,0,2,6.0276015954043975,0.7687059987802058,852.6058299976285,120.0
1781572098,10,,Aggregated,8.000000,0.000000,3,3,4,5,6,6,7,48,48,48,48,30382,1,3,13.572280329677719,0.7687059987802058,138163.98522600502,78.10690540451583
1781572099,10,GET,/api/load/gc [GC-pressure],2.600000,0.000000,5,6,6,6,6,7,7,7,7,7,7,15267,1,5,20.48084840336404,2.237843000330031,138163.98522600502,64.03668042182485
1781572099,10,GET,/api/load/memory-light [GET],2.400000,0.000000,3,3,3,3,3,4,48,48,48,48,48,5979,0,2,7.459368869427624,1.299395997193642,858.2991319999564,50.0
1781572099,10,GET,/api/products [GET],3.200000,0.000000,2,2,2,2,3,3,3,3,3,3,3,9144,0,2,6.024916511242567,0.7687059987802058,852.6058299976285,120.0
1781572099,10,,Aggregated,8.200000,0.000000,3,3,4,5,6,6,7,48,48,48,48,30390,1,3,13.56934898398383,0.7687059987802058,138163.98522600502,78.11378743007569
1781572100,10,GET,/api/load/gc [GC-pressure],2.600000,0.000000,5,6,6,6,6,7,7,7,7,7,7,15270,1,5,20.477714972047565,2.237843000330031,138163.98522600502,64.03667321545514
1781572100,10,GET,/api/load/memory-light [GET],2.400000,0.000000,3,3,3,3,3,4,48,48,48,48,48,5979,0,2,7.459368869427624,1.299395997193642,858.2991319999564,50.0
1781572100,10,GET,/api/products [GET],3.000000,0.000000,2,2,2,2,3,3,3,3,3,3,3,9146,0,2,6.0240342345067415,0.7687059987802058,852.6058299976285,120.0
1781572100,10,,Aggregated,8.000000,0.000000,3,3,4,5,6,6,7,48,48,48,48,30395,1,3,13.567695055182522,0.7687059987802058,138163.98522600502,78.11515051817733
1781572101,10,GET,/api/load/gc [GC-pressure],2.300000,0.000000,5,6,6,6,6,7,7,7,7,7,7,15274,1,5,20.473553213183827,2.237843000330031,138163.98522600502,64.03666361136573
1781572101,10,GET,/api/load/memory-light [GET],2.600000,0.000000,3,3,3,3,3,4,48,48,48,48,48,5984,0,2,7.455078541496086,1.299395997193642,858.2991319999564,50.0
1781572101,10,GET,/api/products [GET],3.200000,0.000000,2,2,2,2,3,3,3,3,3,3,3,9148,0,2,6.023140112133142,0.7687059987802058,852.6058299976285,120.0
1781572101,10,,Aggregated,8.100000,0.000000,3,3,4,5,6,6,7,48,48,48,48,30406,1,3,13.563899477612193,0.7687059987802058,138163.98522600502,78.11142537657041
1781572102,10,GET,/api/load/gc [GC-pressure],2.300000,0.000000,5,6,6,6,6,7,7,7,7,7,7,15279,1,5,20.468168044909444,2.237843000330031,138163.98522600502,64.03665161332547
1781572102,10,GET,/api/load/memory-light [GET],2.400000,0.000000,3,3,3,3,3,4,48,48,48,48,48,5985,0,2,7.454217775657624,1.299395997193642,858.2991319999564,50.0
1781572102,10,GET,/api/products [GET],3.700000,0.000000,2,2,2,2,3,3,3,3,3,3,3,9152,0,2,6.021453793356807,0.7687059987802058,852.6058299976285,120.0
1781572102,10,,Aggregated,8.400000,0.000000,3,3,3,5,6,6,7,48,48,48,48,30416,1,3,13.560460877902544,0.7687059987802058,138163.98522600502,78.11369016307206
1781572103,10,GET,/api/load/gc [GC-pressure],2.600000,0.000000,5,6,6,6,6,7,7,7,7,7,7,15283,1,5,20.464010259253556,2.237843000330031,138163.98522600502,64.0366420205457
1781572103,10,GET,/api/load/memory-light [GET],2.100000,0.000000,3,3,3,3,3,4,48,48,48,48,48,5987,0,2,7.452686011576375,1.299395997193642,858.2991319999564,50.0
1781572103,10,GET,/api/products [GET],3.300000,0.000000,2,2,2,2,3,3,3,3,3,3,3,9155,0,2,6.020238798995505,0.7687059987802058,852.6058299976285,120.0
1781572103,10,,Aggregated,8.000000,0.000000,3,3,4,5,6,6,7,48,48,48,48,30425,1,3,13.557468731250081,0.7687059987802058,138163.98522600502,78.11411668036155
1781572104,10,GET,/api/load/gc [GC-pressure],2.600000,0.000000,5,6,6,6,6,7,7,7,7,7,7,15285,1,5,20.46187907799619,2.237843000330031,138163.98522600502,64.0366372260386
1781572104,10,GET,/api/load/memory-light [GET],2.500000,0.000000,3,3,3,3,3,4,48,48,48,48,48,5990,0,2,7.450349640617873,1.299395997193642,858.2991319999564,50.0
1781572104,10,GET,/api/products [GET],3.300000,0.000000,2,2,2,2,3,3,3,3,3,3,3,9157,0,2,6.019289889789817,0.7687059987802058,852.6058299976285,120.0
1781572104,10,,Aggregated,8.400000,0.000000,3,3,4,5,6,6,7,48,48,48,48,30432,1,3,13.55500964692686,0.7687059987802058,138163.98522600502,78.11317034700315
1781572105,10,GET,/api/load/gc [GC-pressure],2.600000,0.000000,5,6,6,6,6,7,7,7,7,7,7,15290,1,5,20.457027411194407,2.237843000330031,138163.98522600502,64.03662524525834
1781572105,10,GET,/api/load/memory-light [GET],2.500000,0.000000,3,3,3,3,3,4,48,48,48,48,48,5991,0,2,7.449366310682827,1.299395997193642,858.2991319999564,50.0
1781572105,10,GET,/api/products [GET],3.400000,0.000000,2,2,2,2,3,3,3,3,3,3,3,9159,0,2,6.018372070291333,0.7687059987802058,852.6058299976285,120.0
1781572105,10,,Aggregated,8.500000,0.000000,3,3,5,5,6,6,7,48,48,48,48,30440,1,3,13.552541802768122,0.7687059987802058,138163.98522600502,78.11268068331144
1781572106,10,GET,/api/load/gc [GC-pressure],2.900000,0.000000,5,6,6,6,6,7,7,7,7,7,7,15293,1,5,20.453927688822294,2.237843000330031,138163.98522600502,64.03661806055058
1781572106,10,GET,/api/load/memory-light [GET],2.500000,0.000000,2,3,3,3,3,4,48,48,48,48,48,5994,0,2,7.446884160044649,1.299395997193642,858.2991319999564,50.0
1781572106,10,GET,/api/products [GET],3.300000,0.000000,2,2,2,2,3,3,3,3,3,3,3,9159,0,2,6.018372070291333,0.7687059987802058,852.6058299976285,120.0
1781572106,10,,Aggregated,8.700000,0.000000,3,4,5,5,6,6,7,48,48,48,48,30446,1,3,13.55057510320782,0.7687059987802058,138163.98522600502,78.1085200026276
1781572107,10,GET,/api/load/gc [GC-pressure],3.000000,0.000000,5,6,6,6,6,7,7,7,7,7,7,15297,1,5,20.450097378842887,2.237843000330031,138163.98522600502,64.03660848532392
1781572107,10,GET,/api/load/memory-light [GET],2.600000,0.000000,2,3,3,3,3,3,48,48,48,48,48,5995,0,2,7.44600734250282,1.299395997193642,858.2991319999564,50.0
1781572107,10,GET,/api/products [GET],3.200000,0.000000,2,2,2,2,3,3,3,3,3,3,3,9163,0,2,6.016637957524541,0.7687059987802058,852.6058299976285,120.0
1781572107,10,,Aggregated,8.800000,0.000000,3,3,5,6,6,6,7,48,48,48,48,30455,1,3,13.547673854121209,0.7687059987802058,138163.98522600502,78.11124610080446
1781572108,10,GET,/api/load/gc [GC-pressure],3.300000,0.000000,5,6,6,6,6,6,7,7,7,7,7,15301,1,5,20.445998206206152,2.237843000330031,138163.98522600502,64.03659891510358
1781572108,10,GET,/api/load/memory-light [GET],2.200000,0.000000,2,3,3,3,3,3,3,3,3,3,3,5997,0,2,7.4444805091382245,1.299395997193642,858.2991319999564,50.0
1781572108,10,GET,/api/products [GET],3.000000,0.000000,2,2,2,2,3,3,3,3,3,3,3,9164,0,2,6.0161921903970645,0.7687059987802058,852.6058299976285,120.0
1781572108,10,,Aggregated,8.500000,0.000000,3,3,5,5,6,6,6,7,7,7,7,30462,1,3,13.545438690803655,0.7687059987802058,138163.98522600502,78.10892259208194
1781572109,10,GET,/api/load/gc [GC-pressure],3.400000,0.000000,5,6,6,6,6,6,7,7,7,7,7,15306,1,5,20.440826792118212,2.237843000330031,138163.98522600502,64.03658695936234
1781572109,10,GET,/api/load/memory-light [GET],2.300000,0.000000,2,3,3,3,3,3,3,3,3,3,3,5997,0,2,7.4444805091382245,1.299395997193642,858.2991319999564,50.0
1781572109,10,GET,/api/products [GET],2.500000,0.000000,2,2,2,2,3,3,3,3,3,3,3,9168,0,2,6.014209918062817,0.7687059987802058,852.6058299976285,120.0
1781572109,10,,Aggregated,8.200000,0.000000,3,4,5,5,6,6,6,7,7,7,7,30471,1,3,13.542388534090223,0.7687059987802058,138163.98522600502,78.11210659315415
1781572110,10,GET,/api/load/gc [GC-pressure],3.400000,0.000000,5,6,6,6,6,7,7,7,7,7,7,15310,1,5,20.43674315696719,2.237843000330031,138163.98522600502,64.0365774003919
1781572110,10,GET,/api/load/memory-light [GET],2.200000,0.000000,2,3,3,3,3,3,3,3,3,3,3,5999,0,2,7.442846825188107,1.299395997193642,858.2991319999564,50.0
1781572110,10,GET,/api/products [GET],2.800000,0.000000,2,2,2,2,3,3,3,3,3,3,3,9172,0,2,6.012291037592959,0.7687059987802058,852.6058299976285,120.0
1781572110,10,,Aggregated,8.400000,0.000000,3,4,5,5,6,6,7,7,7,7,7,30481,1,3,13.538955717800391,0.7687059987802058,138163.98522600502,78.11390702404776
1781572112,10,GET,/api/load/gc [GC-pressure],3.500000,0.000000,5,6,6,6,6,7,7,7,7,7,7,15313,1,5,20.433820438918488,2.237843000330031,138163.98522600502,64.03657023444133
1781572112,10,GET,/api/load/memory-light [GET],1.900000,0.000000,3,3,3,3,3,3,3,3,3,3,3,6000,0,2,7.442079925049863,1.299395997193642,858.2991319999564,50.0
1781572112,10,GET,/api/products [GET],2.600000,0.000000,2,2,2,2,2,3,3,3,3,3,3,9175,0,2,6.010984673329892,0.7687059987802058,852.6058299976285,120.0
1781572112,10,,Aggregated,8.000000,0.000000,3,4,5,6,6,6,7,7,7,7,7,30488,1,3,13.536681852179864,0.7687059987802058,138163.98522600502,78.11571765940698
1781572113,10,GET,/api/load/gc [GC-pressure],3.900000,0.000000,5,6,6,6,6,7,7,7,7,7,7,15318,1,5,20.428827899997696,2.237843000330031,138163.98522600502,64.03655829742786
1781572113,10,GET,/api/load/memory-light [GET],1.800000,0.000000,3,3,3,3,3,3,3,3,3,3,3,6001,0,2,7.441217721262646,1.299395997193642,858.2991319999564,50.0
1781572113,10,GET,/api/products [GET],2.400000,0.000000,2,2,2,2,2,3,3,3,3,3,3,9175,0,2,6.010984673329892,0.7687059987802058,852.6058299976285,120.0
1781572113,10,,Aggregated,8.100000,0.000000,3,5,5,6,6,6,7,7,7,7,7,30494,1,3,13.534935321547307,0.7687059987802058,138163.98522600502,78.11248114383157
1781572114,10,GET,/api/load/gc [GC-pressure],3.900000,0.000000,6,6,6,6,6,7,7,7,7,7,7,15323,1,5,20.423654034273472,2.237843000330031,138163.98522600502,64.03654636820465
1781572114,10,GET,/api/load/memory-light [GET],2.000000,0.000000,2,3,3,3,3,3,3,3,3,3,3,6004,0,2,7.4385805586774865,1.299395997193642,858.2991319999564,50.0
1781572114,10,GET,/api/products [GET],2.600000,0.000000,2,2,2,2,2,3,3,3,3,3,3,9175,0,2,6.010984673329892,0.7687059987802058,852.6058299976285,120.0
1781572114,10,,Aggregated,8.500000,0.000000,3,5,6,6,6,6,7,7,7,7,7,30502,1,3,13.532347807333085,0.7687059987802058,138163.98522600502,78.10740279325945
1781572115,10,GET,/api/load/gc [GC-pressure],3.900000,0.000000,5,6,6,6,6,6,7,7,7,7,7,15327,1,5,20.419455059839922,2.237843000330031,138163.98522600502,64.03653683042997
1781572115,10,GET,/api/load/memory-light [GET],1.600000,0.000000,2,3,3,3,3,3,3,3,3,3,3,6004,0,2,7.4385805586774865,1.299395997193642,858.2991319999564,50.0
1781572115,10,GET,/api/products [GET],2.700000,0.000000,2,2,2,2,2,3,3,3,3,3,3,9177,0,2,6.01020282279676,0.7687059987802058,852.6058299976285,120.0
1781572115,10,,Aggregated,8.200000,0.000000,3,5,5,6,6,6,6,7,7,7,7,30508,1,3,13.530413553208076,0.7687059987802058,138163.98522600502,78.10829946243608
1781572116,10,GET,/api/load/gc [GC-pressure],3.900000,0.000000,5,6,6,6,6,6,7,7,7,7,7,15331,1,5,20.41546216731868,2.237843000330031,138163.98522600502,64.03652729763225
1781572116,10,GET,/api/load/memory-light [GET],1.600000,0.000000,2,3,3,3,3,3,3,3,3,3,3,6005,0,2,7.437689354920984,1.299395997193642,858.2991319999564,50.0
1781572116,10,GET,/api/products [GET],2.300000,0.000000,2,2,2,2,2,2,3,3,3,3,3,9180,0,2,6.008818263485796,0.7687059987802058,852.6058299976285,120.0
1781572116,10,,Aggregated,7.800000,0.000000,3,5,5,6,6,6,6,7,7,7,7,30516,1,3,13.527779745781322,0.7687059987802058,138163.98522600502,78.10964739808625
1781572117,11,GET,/api/load/gc [GC-pressure],4.200000,0.000000,5,6,6,6,6,6,7,7,7,7,7,15336,1,5,20.410451232274873,2.237843000330031,138163.98522600502,64.03651538862806
1781572117,11,GET,/api/load/memory-light [GET],1.400000,0.000000,3,3,3,3,3,3,3,3,3,3,3,6007,0,2,7.436093319677413,1.299395997193642,858.2991319999564,50.0
1781572117,11,GET,/api/products [GET],2.000000,0.000000,2,2,2,2,2,2,2,2,2,2,2,9182,0,2,6.007945287388622,0.7687059987802058,852.6058299976285,120.0
1781572117,11,,Aggregated,7.600000,0.000000,3,5,5,6,6,6,6,7,7,7,7,30525,1,3,13.524922073653464,0.7687059987802058,138163.98522600502,78.10823914823915
1781572118,12,GET,/api/load/gc [GC-pressure],4.200000,0.000000,6,6,6,6,6,7,9,9,9,9,9,15343,1,5,20.40386788699535,2.237843000330031,138163.98522600502,64.03649872906212
1781572118,12,GET,/api/load/memory-light [GET],1.400000,0.000000,3,3,3,3,3,3,3,3,3,3,3,6007,0,2,7.436093319677413,1.299395997193642,858.2991319999564,50.0
1781572118,12,GET,/api/products [GET],2.000000,0.000000,2,2,2,2,2,2,3,3,3,3,3,9185,0,2,6.006674119303025,0.7687059987802058,852.6058299976285,120.0
1781572118,12,,Aggregated,7.600000,0.000000,3,5,6,6,6,6,7,9,9,9,9,30535,1,3,13.522071699599481,0.7687059987802058,138163.98522600502,78.10912068118553
1781572119,13,GET,/api/load/gc [GC-pressure],4.100000,0.000000,5,6,6,6,6,7,9,9,9,9,9,15348,1,5,20.398752339469702,2.237843000330031,138163.98522600502,64.03648683867605
1781572119,13,GET,/api/load/memory-light [GET],1.400000,0.000000,2,3,3,3,3,3,3,3,3,3,3,6010,0,2,7.433552496058383,1.299395997193642,858.2991319999564,50.0
1781572119,13,GET,/api/products [GET],2.100000,0.000000,2,2,2,2,3,3,3,3,3,3,3,9188,0,2,6.0054497312592074,0.7687059987802058,852.6058299976285,120.0
1781572119,13,,Aggregated,7.600000,0.000000,3,5,6,6,6,6,7,9,9,9,9,30546,1,3,13.51842380469788,0.7687059987802058,138163.98522600502,78.10816473515354
1781572120,13,GET,/api/load/gc [GC-pressure],4.600000,0.000000,5,6,6,6,6,6,9,9,9,9,9,15355,1,5,20.39157870167211,2.237843000330031,138163.98522600502,64.03647020514491
1781572120,13,GET,/api/load/memory-light [GET],1.200000,0.000000,2,3,3,3,3,3,3,3,3,3,3,6014,0,2,7.430062156020993,1.299395997193642,858.2991319999564,50.0
1781572120,13,GET,/api/products [GET],2.200000,0.000000,2,2,2,2,3,3,3,3,3,3,3,9190,0,2,6.004566886595028,0.7687059987802058,852.6058299976285,120.0
1781572120,13,,Aggregated,8.000000,0.000000,3,5,6,6,6,6,7,9,9,9,9,30559,1,3,13.514154732101634,0.7687059987802058,138163.98522600502,78.1039955495926
1781572121,14,GET,/api/load/gc [GC-pressure],4.600000,0.000000,5,6,6,6,6,6,9,9,9,9,9,15363,1,5,20.38344694227462,2.237843000330031,138163.98522600502,64.0364512139556
1781572121,14,GET,/api/load/memory-light [GET],1.200000,0.000000,2,3,3,3,3,3,3,3,3,3,3,6016,0,2,7.428474079340068,1.299395997193642,858.2991319999564,50.0
1781572121,14,GET,/api/products [GET],2.200000,0.000000,2,2,2,3,3,4,4,4,4,4,4,9192,0,2,6.003964613446632,0.7687059987802058,852.6058299976285,120.0
1781572121,14,,Aggregated,8.000000,0.000000,3,5,6,6,6,6,7,9,9,9,9,30571,1,3,13.510485040145113,0.7687059987802058,138163.98522600502,78.10120702626672
1781572122,15,GET,/api/load/gc [GC-pressure],4.800000,0.000000,5,6,6,6,6,6,9,9,9,9,9,15368,1,5,20.378161238688776,2.237843000330031,138163.98522600502,64.03643935450286
1781572122,15,GET,/api/load/memory-light [GET],1.700000,0.000000,2,3,3,3,3,3,3,3,3,3,3,6020,0,2,7.4251147522105185,1.299395997193642,858.2991319999564,50.0
1781572122,15,GET,/api/products [GET],2.200000,0.000000,2,2,2,3,3,4,4,4,4,4,4,9196,0,2,6.002415577511316,0.7687059987802058,852.6058299976285,120.0
1781572122,15,,Aggregated,8.700000,0.000000,3,5,5,6,6,6,7,9,9,9,9,30584,1,3,13.506048468979547,0.7687059987802058,138163.98522600502,78.10070625163485
1781572123,16,GET,/api/load/gc [GC-pressure],5.300000,0.000000,5,6,6,6,6,6,7,9,9,9,9,15375,1,5,20.37093011916585,2.237843000330031,138163.98522600502,64.03642276422764
1781572123,16,GET,/api/load/memory-light [GET],1.700000,0.000000,2,3,3,3,3,3,4,4,4,4,4,6022,0,2,7.423809174245675,1.299395997193642,858.2991319999564,50.0
1781572123,16,GET,/api/products [GET],2.000000,0.000000,2,2,2,3,3,4,4,4,4,4,4,9200,0,2,6.000623568454656,0.7687059987802058,852.6058299976285,120.0
1781572123,16,,Aggregated,9.000000,0.000000,3,5,5,6,6,6,7,9,9,9,9,30597,1,3,13.501812800577351,0.7687059987802058,138163.98522600502,78.10112102493709
1781572124,17,GET,/api/load/gc [GC-pressure],5.500000,0.000000,5,6,6,6,6,6,7,9,9,9,9,15383,1,5,20.36304678087433,2.237843000330031,138163.98522600502,64.03640382240135
1781572124,17,GET,/api/load/memory-light [GET],1.900000,0.000000,2,3,3,3,3,3,4,4,4,4,4,6025,0,2,7.42136214378544,1.299395997193642,858.2991319999564,50.0
1781572124,17,GET,/api/products [GET],2.100000,0.000000,2,2,2,2,3,4,4,4,4,4,4,9204,0,2,5.998797813209184,0.7687059987802058,852.6058299976285,120.0
1781572124,17,,Aggregated,9.500000,0.000000,3,5,5,6,6,6,6,7,9,9,9,30612,1,3,13.497040069883525,0.7687059987802058,138163.98522600502,78.10015680125441
1781572125,17,GET,/api/load/gc [GC-pressure],5.600000,0.000000,5,6,6,6,6,6,7,9,9,9,9,15387,1,5,20.358926311703584,2.237843000330031,138163.98522600502,64.03639435887438
1781572125,17,GET,/api/load/memory-light [GET],2.100000,0.000000,2,3,3,3,3,3,4,4,4,4,4,6027,0,2,7.419663072559101,1.299395997193642,858.2991319999564,50.0
1781572125,17,GET,/api/products [GET],2.500000,0.000000,2,2,2,2,3,4,4,4,4,4,4,9213,0,2,5.994833622031239,0.7687059987802058,852.6058299976285,120.0
1781572125,17,,Aggregated,10.200000,0.000000,3,5,5,5,6,6,6,7,9,9,9,30627,1,3,13.491739662920644,0.7687059987802058,138163.98522600502,78.10879289515786
1781572126,18,GET,/api/load/gc [GC-pressure],5.600000,0.000000,5,6,6,6,6,6,7,9,9,9,9,15393,1,5,20.352790152547847,2.237843000330031,138163.98522600502,64.03638017280582
1781572126,18,GET,/api/load/memory-light [GET],2.100000,0.000000,3,3,3,3,3,3,4,4,4,4,4,6031,0,2,7.41667260459433,1.299395997193642,858.2991319999564,50.0
1781572126,18,GET,/api/products [GET],2.500000,0.000000,2,2,2,2,3,4,4,4,4,4,4,9215,0,2,5.994243228515775,0.7687059987802058,852.6058299976285,120.0
1781572126,18,,Aggregated,10.200000,0.000000,3,4,5,5,6,6,6,7,9,9,9,30639,1,3,13.487953348583513,0.7687059987802058,138163.98522600502,78.10509481379941
1781572127,19,GET,/api/load/gc [GC-pressure],5.900000,0.000000,5,5,6,6,6,6,7,8,8,8,8,15402,1,5,20.343921326656584,2.237843000330031,138163.98522600502,64.0363589144267
1781572127,19,GET,/api/load/memory-light [GET],2.100000,0.000000,2,3,3,3,3,3,4,4,4,4,4,6033,0,2,7.415139446263815,1.299395997193642,858.2991319999564,50.0
1781572127,19,GET,/api/products [GET],2.900000,0.000000,2,2,2,3,4,4,17,17,17,17,17,9220,0,2,5.993725726982245,0.7687059987802058,852.6058299976285,120.0
1781572127,19,,Aggregated,10.900000,0.000000,3,4,5,5,6,6,7,8,17,17,17,30655,1,3,13.483437082213362,0.7687059987802058,138163.98522600502,78.10595335181863
1781572128,20,GET,/api/load/gc [GC-pressure],6.000000,0.000000,5,5,6,6,6,6,7,8,8,8,8,15408,1,5,20.337774364431187,2.237843000330031,138163.98522600502,64.03634475597093
1781572128,20,GET,/api/load/memory-light [GET],2.300000,0.000000,3,3,3,3,3,3,4,4,4,4,4,6038,0,2,7.411266379812082,1.299395997193642,858.2991319999564,50.0
1781572128,20,GET,/api/products [GET],3.500000,0.000000,2,2,2,2,4,4,17,17,17,17,17,9226,0,2,5.991056930065186,0.7687059987802058,852.6058299976285,120.0
1781572128,20,,Aggregated,11.800000,0.000000,3,4,5,5,6,6,7,8,17,17,17,30672,1,3,13.47767165640462,0.7687059987802058,138163.98522600502,78.10680751173709
1781572129,20,GET,/api/load/gc [GC-pressure],6.700000,0.000000,5,5,6,6,6,6,7,8,8,8,8,15415,1,5,20.330717109514428,2.237843000330031,138163.98522600502,64.03632825170288
1781572129,20,GET,/api/load/memory-light [GET],2.600000,0.000000,3,3,3,3,3,3,4,4,4,4,4,6044,0,2,7.406190103625092,1.299395997193642,858.2991319999564,50.0
1781572129,20,GET,/api/products [GET],3.800000,0.000000,2,2,2,2,4,4,17,17,17,17,17,9230,0,2,5.989201789033855,0.7687059987802058,852.6058299976285,120.0
1781572129,20,,Aggregated,13.100000,0.000000,3,4,5,5,6,6,7,8,17,17,17,30689,1,3,13.471972033701244,0.7687059987802058,138163.98522600502,78.10355501971391
1781572130,21,GET,/api/load/gc [GC-pressure],6.500000,0.000000,5,5,6,6,6,6,7,8,8,8,8,15426,1,5,20.319872395899907,2.237843000330031,138163.98522600502,64.0363023466874
1781572130,21,GET,/api/load/memory-light [GET],3.100000,0.000000,3,3,3,3,3,3,4,4,4,4,4,6045,0,2,7.405445585328245,1.299395997193642,858.2991319999564,50.0
1781572130,21,GET,/api/products [GET],4.100000,0.000000,2,2,2,2,3,4,17,17,17,17,17,9237,0,2,5.986309448498489,0.7687059987802058,852.6058299976285,120.0
1781572130,21,,Aggregated,13.700000,0.000000,3,4,5,5,6,6,7,8,17,17,17,30708,1,3,13.466061303837494,0.7687059987802058,138163.98522600502,78.10713820502801
1781572131,22,GET,/api/load/gc [GC-pressure],6.700000,0.000000,5,5,6,6,6,6,7,8,8,8,8,15437,1,5,20.308813073145664,2.237843000330031,138163.98522600502,64.0362764785904
1781572131,22,GET,/api/load/memory-light [GET],3.300000,0.000000,3,3,3,3,3,3,4,4,4,4,4,6047,0,2,7.403812588277076,1.299395997193642,858.2991319999564,50.0
1781572131,22,GET,/api/products [GET],4.200000,0.000000,2,2,2,2,3,3,17,17,17,17,17,9241,0,2,5.984748471246009,0.7687059987802058,852.6058299976285,120.0
1781572131,22,,Aggregated,14.200000,0.000000,3,4,5,5,6,6,7,8,17,17,17,30725,1,3,13.460799438706118,0.7687059987802058,138163.98522600502,78.10571196094385
1781572132,23,GET,/api/load/gc [GC-pressure],7.100000,0.000000,5,5,6,6,6,6,7,8,8,8,8,15443,1,5,20.302875972165584,2.237843000330031,138163.98522600502,64.03626238425177
1781572132,23,GET,/api/load/memory-light [GET],3.000000,0.000000,3,3,3,3,3,3,5,5,5,5,5,6049,0,2,7.402758674048067,1.299395997193642,858.2991319999564,50.0
1781572132,23,GET,/api/products [GET],4.700000,0.000000,2,2,2,2,3,3,17,17,17,17,17,9249,0,2,5.981185049278504,0.7687059987802058,852.6058299976285,120.0
1781572132,23,,Aggregated,14.800000,0.000000,3,4,5,5,6,6,7,8,17,17,17,30741,1,3,13.455534347556904,0.7687059987802058,138163.98522600502,78.1120327900849
1781572133,24,GET,/api/load/gc [GC-pressure],7.100000,0.000000,5,5,6,6,6,7,8,27,27,27,27,15456,1,5,20.29122906018233,2.237843000330031,138163.98522600502,64.03629658385093
1781572133,24,GET,/api/load/memory-light [GET],3.000000,0.000000,3,3,3,3,3,3,5,5,5,5,5,6052,0,2,7.400412441723546,1.299395997193642,858.2991319999564,50.0
1781572133,24,GET,/api/products [GET],4.700000,0.000000,2,2,2,3,3,17,69,69,69,69,69,9252,0,2,5.993847601899657,0.7687059987802058,852.6058299976285,120.0
1781572133,24,,Aggregated,14.800000,0.000000,3,5,5,5,6,6,27,64,69,69,69,30760,1,3,13.454603721204963,0.7687059987802058,138163.98522600502,78.10744473342002
1781572134,24,GET,/api/load/gc [GC-pressure],7.400000,0.000000,5,5,6,6,6,7,12,27,27,27,27,15464,1,5,20.283659507511867,2.237843000330031,138163.98522600502,64.03627780651837
1781572134,24,GET,/api/load/memory-light [GET],2.900000,0.000000,3,3,3,3,3,4,5,5,5,5,5,6057,0,2,7.396510986181672,1.299395997193642,858.2991319999564,50.0
1781572134,24,GET,/api/products [GET],5.200000,0.000000,2,2,2,3,3,17,69,69,69,69,69,9260,0,2,5.990452912503028,0.7687059987802058,852.6058299976285,120.0
1781572134,24,,Aggregated,15.500000,0.000000,3,5,5,5,6,7,17,64,69,69,69,30781,1,3,13.447866269362397,0.7687059987802058,138163.98522600502,78.11010038660213
1781572135,25,GET,/api/load/gc [GC-pressure],8.200000,0.000000,5,5,6,6,6,7,12,27,27,27,27,15474,1,5,20.273638373540013,2.237843000330031,138163.98522600502,64.03625436215587
1781572135,25,GET,/api/load/memory-light [GET],3.000000,0.000000,3,3,3,3,3,4,5,5,5,5,5,6059,0,2,7.394996029923093,1.299395997193642,858.2991319999564,50.0
1781572135,25,GET,/api/products [GET],5.200000,0.000000,2,2,2,3,3,17,64,69,69,69,69,9268,0,2,5.987224883015092,0.7687059987802058,852.6058299976285,120.0
1781572135,25,,Aggregated,16.400000,0.000000,3,5,5,5,6,6,17,64,69,69,69,30801,1,3,13.441451944847442,0.7687059987802058,138163.98522600502,78.1145742021363
1781572136,26,GET,/api/load/gc [GC-pressure],8.100000,0.000000,5,5,6,6,6,6,12,27,27,27,27,15482,1,5,20.265599174729676,2.237843000330031,138163.98522600502,64.03623562847177
1781572136,26,GET,/api/load/memory-light [GET],3.100000,0.000000,3,3,3,3,3,4,5,5,5,5,5,6066,0,2,7.389057226887793,1.299395997193642,858.2991319999564,50.0
1781572136,26,GET,/api/products [GET],5.600000,0.000000,2,2,2,3,3,4,64,69,69,69,69,9275,0,2,5.984202606014837,0.7687059987802058,852.6058299976285,120.0
1781572136,26,,Aggregated,16.800000,0.000000,3,5,5,5,6,6,12,64,69,69,69,30823,1,3,13.434042978692982,0.7687059987802058,138163.98522600502,78.11403821821366
1781572137,27,GET,/api/load/gc [GC-pressure],8.600000,0.000000,5,5,6,6,6,6,12,27,27,27,27,15488,1,5,20.25964759156545,2.237843000330031,138163.98522600502,64.0362215909091
1781572137,27,GET,/api/load/memory-light [GET],3.200000,0.000000,3,3,3,3,3,4,5,5,5,5,5,6071,0,2,7.385281057043729,1.299395997193642,858.2991319999564,50.0
1781572137,27,GET,/api/products [GET],5.600000,0.000000,2,2,2,2,3,4,64,69,69,69,69,9282,0,2,5.981019138740044,0.7687059987802058,852.6058299976285,120.0
1781572137,27,,Aggregated,17.400000,0.000000,3,5,5,5,6,6,12,64,69,69,69,30841,1,3,13.428010857017064,0.7687059987802058,138163.98522600502,78.11624136701144
1781572138,28,GET,/api/load/gc [GC-pressure],8.600000,0.000000,5,5,6,6,6,6,12,27,27,27,27,15503,1,5,20.244779160044832,2.237843000330031,138163.98522600502,64.03618654453976
1781572138,28,GET,/api/load/memory-light [GET],3.200000,0.000000,3,3,3,3,3,4,5,5,5,5,5,6073,0,2,7.383822485643708,1.299395997193642,858.2991319999564,50.0
1781572138,28,GET,/api/products [GET],5.600000,0.000000,2,2,2,2,3,3,64,69,69,69,69,9293,0,2,5.976399231654135,0.7687059987802058,852.6058299976285,120.0
1781572138,28,,Aggregated,17.400000,0.000000,3,5,5,5,6,6,12,64,69,69,69,30869,1,3,13.419140345759537,0.7687059987802058,138163.98522600502,78.12248534128089
1781572139,28,GET,/api/load/gc [GC-pressure],8.500000,0.000000,5,5,6,6,6,6,12,27,27,27,27,15513,1,5,20.23506154142827,2.237843000330031,138163.98522600502,64.03616321794624
1781572139,28,GET,/api/load/memory-light [GET],3.800000,0.000000,3,3,3,3,3,4,5,5,5,5,5,6076,0,2,7.381624935863989,1.299395997193642,858.2991319999564,50.0
1781572139,28,GET,/api/products [GET],6.100000,0.000000,2,2,2,2,3,3,64,69,69,69,69,9301,0,2,5.972835302736208,0.7687059987802058,852.6058299976285,120.0
1781572139,28,,Aggregated,18.400000,0.000000,3,5,5,5,6,6,12,64,69,69,69,30890,1,3,13.412450759250108,0.7687059987802058,138163.98522600502,78.12602784072516
1781572140,29,GET,/api/load/gc [GC-pressure],9.500000,0.000000,5,5,6,6,6,6,12,27,27,27,27,15525,1,5,20.22325401276503,2.237843000330031,138163.98522600502,64.03613526570048
1781572140,29,GET,/api/load/memory-light [GET],3.500000,0.000000,3,3,3,3,3,4,5,5,5,5,5,6080,0,2,7.378506437714206,1.299395997193642,858.2991319999564,50.0
1781572140,29,GET,/api/products [GET],6.700000,0.000000,2,2,2,2,3,3,64,69,69,69,69,9305,0,2,5.971064862734902,0.7687059987802058,852.6058299976285,120.0
1781572140,29,,Aggregated,19.700000,0.000000,3,5,5,5,6,6,12,64,69,69,69,30910,1,3,13.406279399457384,0.7687059987802058,138163.98522600502,78.12232287285669
1781572141,30,GET,/api/load/gc [GC-pressure],9.800000,0.000000,5,5,6,6,6,6,12,27,27,27,27,15537,1,5,20.21107324323733,2.237843000330031,138163.98522600502,64.03610735663256
1781572141,30,GET,/api/load/memory-light [GET],3.200000,0.000000,3,3,3,3,3,3,4,4,4,4,4,6084,0,2,7.375541681344068,1.299395997193642,858.2991319999564,50.0
1781572141,30,GET,/api/products [GET],7.000000,0.000000,2,2,2,2,3,3,64,69,69,69,69,9315,0,2,5.966994068678756,0.7687059987802058,852.6058299976285,120.0
1781572141,30,,Aggregated,20.000000,0.000000,3,5,5,5,6,6,12,64,69,69,69,30936,1,3,13.397814530618641,0.7687059987802058,138163.98522600502,78.12674553917766
1781572142,31,GET,/api/load/gc [GC-pressure],9.800000,0.000000,5,5,6,6,6,6,8,12,12,12,12,15549,1,5,20.19931704837424,2.237843000330031,138163.98522600502,64.03607949064248
1781572142,31,GET,/api/load/memory-light [GET],3.600000,0.000000,3,3,3,3,3,3,4,4,4,4,4,6087,0,2,7.3731714229170064,1.299395997193642,858.2991319999564,50.0
1781572142,31,GET,/api/products [GET],6.700000,0.000000,2,2,2,2,3,3,4,4,4,4,4,9325,0,2,5.962835675360287,0.7687059987802058,852.6058299976285,120.0
1781572142,31,,Aggregated,20.100000,0.000000,3,4,5,5,6,6,6,6,12,12,12,30961,1,3,13.389849097548579,0.7687059987802058,138163.98522600502,78.13206937760408
1781572143,31,GET,/api/load/gc [GC-pressure],10.100000,0.000000,5,5,6,6,6,6,8,12,12,12,12,15563,1,5,20.18546273643725,2.237843000330031,138163.98522600502,64.03604703463343
1781572143,31,GET,/api/load/memory-light [GET],3.700000,0.000000,3,3,3,3,3,3,3,3,3,3,3,6090,0,2,7.3707902910169585,1.299395997193642,858.2991319999564,50.0
1781572143,31,GET,/api/products [GET],7.300000,0.000000,2,2,2,2,3,3,4,4,4,4,4,9336,0,2,5.9577981354682015,0.7687059987802058,852.6058299976285,120.0
1781572143,31,,Aggregated,21.100000,0.000000,3,4,5,5,6,6,6,6,12,12,12,30989,1,3,13.380763265423129,0.7687059987802058,138163.98522600502,78.13782309851882
1781572144,32,GET,/api/load/gc [GC-pressure],10.700000,0.000000,5,6,6,6,6,6,6,8,10,10,10,15579,1,5,20.1702116081387,2.237843000330031,138163.98522600502,64.03601001347968
1781572144,32,GET,/api/load/memory-light [GET],3.800000,0.000000,3,3,3,3,3,3,3,3,3,3,3,6098,0,2,7.364288489059951,1.299395997193642,858.2991319999564,50.0
1781572144,32,GET,/api/products [GET],7.700000,0.000000,2,2,2,2,3,3,4,4,4,4,4,9345,0,2,5.954185856364431,0.7687059987802058,852.6058299976285,120.0
1781572144,32,,Aggregated,22.200000,0.000000,3,5,5,5,6,6,6,6,10,10,10,31022,1,3,13.370544280742893,0.7687059987802058,138163.98522600502,78.13542002449874
1781572145,33,GET,/api/load/gc [GC-pressure],10.500000,0.000000,5,6,6,6,6,6,6,8,10,10,10,15594,1,5,20.155579258125098,2.237843000330031,138163.98522600502,64.03597537514429
1781572145,33,GET,/api/load/memory-light [GET],3.700000,0.000000,3,3,3,3,3,3,3,3,3,3,3,6103,0,2,7.359983914022997,1.299395997193642,858.2991319999564,50.0
1781572145,33,GET,/api/products [GET],8.400000,0.000000,2,2,2,2,2,3,4,4,4,4,4,9353,0,2,5.950792295811887,0.7687059987802058,852.6058299976285,120.0
1781572145,33,,Aggregated,22.600000,0.000000,3,5,5,5,6,6,6,6,10,10,10,31050,1,3,13.361734142390135,0.7687059987802058,138163.98522600502,78.13484702093398
1781572146,34,GET,/api/load/gc [GC-pressure],10.500000,0.000000,5,6,6,6,6,6,7,8,10,10,10,15610,1,5,20.13988263915508,2.237843000330031,138163.98522600502,64.03593850096092
1781572146,34,GET,/api/load/memory-light [GET],3.700000,0.000000,3,3,3,3,3,3,3,3,3,3,3,6105,0,2,7.35849025033209,1.299395997193642,858.2991319999564,50.0
1781572146,34,GET,/api/products [GET],8.400000,0.000000,2,2,2,2,2,3,4,4,4,4,4,9362,0,2,5.947129029880267,0.7687059987802058,852.6058299976285,120.0
1781572146,34,,Aggregated,22.600000,0.000000,3,5,5,5,6,6,6,7,10,10,10,31077,1,3,13.353418056866083,0.7687059987802058,138163.98522600502,78.13788332207099
1781572147,35,GET,/api/load/gc [GC-pressure],11.900000,0.000000,5,6,6,6,6,7,10,21,55,55,55,15628,1,5,20.127222072063176,2.237843000330031,138163.98522600502,64.03589710775532
1781572147,35,GET,/api/load/memory-light [GET],4.300000,0.000000,3,3,3,3,3,3,55,55,55,55,55,6110,0,2,7.3631885923526585,1.299395997193642,858.2991319999564,50.0
1781572147,35,GET,/api/products [GET],8.400000,0.000000,2,2,2,2,3,3,4,4,4,4,4,9370,0,2,5.943749866141402,0.7687059987802058,852.6058299976285,120.0
1781572147,35,,Aggregated,24.600000,0.000000,3,5,5,6,6,6,9,21,55,55,55,31108,1,3,13.348021251357304,0.7687059987802058,138163.98522600502,78.13594573743089
1781572148,35,GET,/api/load/gc [GC-pressure],12.900000,0.000000,5,6,6,6,6,7,10,21,55,55,55,15642,1,5,20.113276413963234,2.237843000330031,138163.98522600502,64.03586497890295
1781572148,35,GET,/api/load/memory-light [GET],4.100000,0.000000,3,3,3,3,3,3,55,55,55,55,55,6115,0,2,7.359150423757231,1.299395997193642,858.2991319999564,50.0
1781572148,35,GET,/api/products [GET],8.800000,0.000000,2,2,2,2,3,4,4,5,5,5,5,9380,0,2,5.939758232489112,0.7687059987802058,852.6058299976285,120.0
1781572148,35,,Aggregated,25.800000,0.000000,3,5,5,6,6,6,9,21,55,55,55,31137,1,3,13.338729059615128,0.7687059987802058,138163.98522600502,78.13851687702733
1781572149,36,GET,/api/load/gc [GC-pressure],13.800000,0.000000,5,6,6,6,6,7,10,21,55,55,55,15653,1,5,20.102663317206375,2.237843000330031,138163.98522600502,64.03583977512298
1781572149,36,GET,/api/load/memory-light [GET],3.900000,0.000000,3,3,3,3,3,3,55,55,55,55,55,6118,0,2,7.356859861436381,1.299395997193642,858.2991319999564,50.0
1781572149,36,GET,/api/products [GET],8.700000,0.000000,2,2,2,2,3,4,4,5,5,5,5,9394,0,2,5.93368924406457,0.7687059987802058,852.6058299976285,120.0
1781572149,36,,Aggregated,26.400000,0.000000,3,5,5,6,6,6,8,21,55,55,55,31165,1,3,13.329611240020592,0.7687059987802058,138163.98522600502,78.14962297449061
1781572150,37,GET,/api/load/gc [GC-pressure],13.800000,0.000000,5,6,6,6,6,7,10,21,55,55,55,15664,1,5,20.0918879080833,2.237843000330031,138163.98522600502,64.03581460674157
1781572150,37,GET,/api/load/memory-light [GET],4.200000,0.000000,2,3,3,3,3,3,55,55,55,55,55,6124,0,2,7.352141329730139,1.299395997193642,858.2991319999564,50.0
1781572150,37,GET,/api/products [GET],8.400000,0.000000,2,2,2,2,3,4,4,5,5,5,5,9404,0,2,5.929762087699128,0.7687059987802058,852.6058299976285,120.0
1781572150,37,,Aggregated,26.400000,0.000000,3,5,5,5,6,6,8,21,55,55,55,31192,1,3,13.32095820621335,0.7687059987802058,138163.98522600502,78.15263529110028
1781572151,38,GET,/api/load/gc [GC-pressure],13.700000,0.000000,5,6,6,6,6,7,10,21,55,55,55,15673,1,5,20.083291785759496,2.237843000330031,138163.98522600502,64.03579404070695
1781572151,38,GET,/api/load/memory-light [GET],4.300000,0.000000,2,3,3,3,3,4,55,55,55,55,55,6133,0,2,7.3453259478657165,1.299395997193642,858.2991319999564,50.0
1781572151,38,GET,/api/products [GET],9.400000,0.000000,2,2,2,2,2,3,4,5,5,5,5,9417,0,2,5.924068217556193,0.7687059987802058,852.6058299976285,120.0
1781572151,38,,Aggregated,27.400000,0.000000,3,5,5,5,6,6,8,21,55,55,55,31223,1,3,13.310741011472173,0.7687059987802058,138163.98522600502,78.15786439483713
1781572152,38,GET,/api/load/gc [GC-pressure],13.900000,0.000000,5,6,6,6,6,7,10,21,55,55,55,15689,1,5,20.067808395959574,2.237843000330031,138163.98522600502,64.03575753712792
1781572152,38,GET,/api/load/memory-light [GET],4.300000,0.000000,2,3,3,3,3,4,55,55,55,55,55,6139,0,2,7.340443510221355,1.299395997193642,858.2991319999564,50.0
1781572152,38,GET,/api/products [GET],9.700000,0.000000,2,2,2,2,3,3,4,5,5,5,5,9427,0,2,5.919737583614819,0.7687059987802058,852.6058299976285,120.0
1781572152,38,,Aggregated,27.900000,0.000000,3,5,5,5,6,6,8,21,55,55,55,31255,1,3,13.300662128753657,0.7687059987802058,138163.98522600502,78.15859862422012
1781572153,39,GET,/api/load/gc [GC-pressure],13.500000,0.000000,5,6,6,6,7,7,12,21,55,55,55,15705,1,5,20.053052606635728,2.237843000330031,138163.98522600502,64.03572110792742
1781572153,39,GET,/api/load/memory-light [GET],4.900000,0.000000,2,3,3,3,3,4,55,55,55,55,55,6146,0,2,7.3348990407188355,1.299395997193642,858.2991319999564,50.0
1781572153,39,GET,/api/products [GET],10.200000,0.000000,2,2,2,2,3,3,4,5,5,5,5,9434,0,2,5.91670363639434,0.7687059987802058,852.6058299976285,120.0
1781572153,39,,Aggregated,28.600000,0.000000,3,5,5,5,6,7,8,21,55,55,55,31285,1,3,13.29172647585796,0.7687059987802058,138163.98522600502,78.15441905066325
1781572154,40,GET,/api/load/gc [GC-pressure],13.800000,0.000000,5,6,6,6,7,8,12,21,55,55,55,15728,1,5,20.031165230811485,2.237843000330031,138163.98522600502,64.03566887080366
1781572154,40,GET,/api/load/memory-light [GET],5.000000,0.000000,2,3,3,3,3,4,6,55,55,55,55,6156,0,2,7.326834492408109,1.299395997193642,858.2991319999564,50.0
1781572154,40,GET,/api/products [GET],10.200000,0.000000,2,2,2,2,3,3,4,5,5,5,5,9442,0,2,5.913457275762066,0.7687059987802058,852.6058299976285,120.0
1781572154,40,,Aggregated,29.000000,0.000000,3,5,5,5,6,7,9,21,55,55,55,31326,1,3,13.279353364081365,0.7687059987802058,138163.98522600502,78.1457255953521
1781572155,41,GET,/api/load/gc [GC-pressure],14.200000,0.000000,5,6,6,6,7,8,12,21,55,55,55,15744,1,5,20.016257832965056,2.237843000330031,138163.98522600502,64.03563262195122
1781572155,41,GET,/api/load/memory-light [GET],5.500000,0.000000,2,3,3,3,3,5,6,55,55,55,55,6162,0,2,7.3227688202307935,1.299395997193642,858.2991319999564,50.0
1781572155,41,GET,/api/products [GET],9.800000,0.000000,2,2,2,2,3,3,4,5,5,5,5,9456,0,2,5.907372228928536,0.7687059987802058,852.6058299976285,120.0
1781572155,41,,Aggregated,29.500000,0.000000,3,5,5,5,6,7,9,21,55,55,55,31362,1,3,13.268253829131186,0.7687059987802058,138163.98522600502,78.15180792041323
1781572156,42,GET,/api/load/gc [GC-pressure],14.700000,0.000000,5,6,6,6,6,7,9,9,12,12,12,15765,1,5,19.996119223419328,2.237843000330031,138163.98522600502,64.03558515699333
1781572156,42,GET,/api/load/memory-light [GET],5.700000,0.000000,2,3,3,3,3,4,5,6,6,6,6,6169,0,2,7.317644306898652,1.299395997193642,858.2991319999564,50.0
1781572156,42,GET,/api/products [GET],9.600000,0.000000,2,2,2,2,3,3,4,5,5,5,5,9463,0,2,5.904650145699576,0.7687059987802058,852.6058299976285,120.0
1781572156,42,,Aggregated,30.000000,0.000000,3,5,5,5,6,6,7,9,12,12,12,31397,1,3,13.257861312074994,0.7687059987802058,138163.98522600502,78.14539605694812
1781572157,42,GET,/api/load/gc [GC-pressure],15.000000,0.000000,5,6,6,6,6,7,8,9,12,12,12,15778,1,5,19.983226354937464,2.237843000330031,138163.98522600502,64.03555583724173
1781572157,42,GET,/api/load/memory-light [GET],6.000000,0.000000,2,3,3,3,3,3,5,6,6,6,6,6176,0,2,7.312026971868678,1.299395997193642,858.2991319999564,50.0
1781572157,42,GET,/api/products [GET],10.300000,0.000000,2,2,2,2,2,3,3,4,4,4,4,9474,0,2,5.89981774527807,0.7687059987802058,852.6058299976285,120.0
1781572157,42,,Aggregated,31.300000,0.000000,3,5,5,5,6,6,7,8,12,12,12,31428,1,3,13.247718509775636,0.7687059987802058,138163.98522600502,78.14792541682576
1781572158,43,GET,/api/load/gc [GC-pressure],15.500000,0.000000,5,6,6,6,6,7,12,61,63,63,63,15792,1,5,19.97741722493652,2.237843000330031,138163.98522600502,64.03552431610942
1781572158,43,GET,/api/load/memory-light [GET],6.300000,0.000000,2,3,3,3,3,3,5,6,6,6,6,6184,0,2,7.305759020092253,1.299395997193642,858.2991319999564,50.0
1781572158,43,GET,/api/products [GET],9.900000,0.000000,2,2,2,2,2,3,3,23,23,23,23,9490,0,2,5.895276282273422,0.7687059987802058,852.6058299976285,120.0
1781572158,43,,Aggregated,31.700000,0.000000,3,5,5,5,6,6,7,12,63,63,63,31466,1,3,13.239952917918476,0.7687059987802058,138163.98522600502,78.155755418547
1781572159,44,GET,/api/load/gc [GC-pressure],15.000000,0.000000,5,6,6,6,7,7,44,61,63,63,63,15810,1,5,19.96295625346045,2.237843000330031,138163.98522600502,64.03554712207463
1781572159,44,GET,/api/load/memory-light [GET],6.500000,0.000000,2,3,3,3,3,5,14,69,69,69,69,6192,0,2,7.3120610977463185,1.299395997193642,858.2991319999564,50.0
1781572159,44,GET,/api/products [GET],10.400000,0.000000,2,2,2,2,2,3,3,23,23,23,23,9499,0,2,5.891401744371235,0.7687059987802058,852.6058299976285,120.0
1781572159,44,,Aggregated,31.900000,0.000000,3,5,5,6,6,7,12,44,69,69,69,31501,1,3,13.233009931565261,0.7687059987802058,138163.98522600502,78.15250309513983
1781572160,45,GET,/api/load/gc [GC-pressure],14.900000,0.000000,5,6,6,6,6,7,12,61,63,63,63,15825,1,5,19.9488220987813,2.237843000330031,138163.98522600502,64.03551342812007
1781572160,45,GET,/api/load/memory-light [GET],6.700000,0.000000,2,3,3,3,3,3,14,69,69,69,69,6199,0,2,7.306742235723115,1.299395997193642,858.2991319999564,50.0
1781572160,45,GET,/api/products [GET],11.200000,0.000000,2,2,2,2,2,3,3,23,23,23,23,9511,0,2,5.886048103645964,0.7687059987802058,852.6058299976285,120.0
1781572160,45,,Aggregated,32.800000,0.000000,3,5,5,6,6,7,12,44,69,69,69,31535,1,3,13.222350034762593,0.7687059987802058,138163.98522600502,78.15544632947518
1781572161,45,GET,/api/load/gc [GC-pressure],15.500000,0.000000,5,6,6,6,6,7,12,61,63,63,63,15843,1,5,19.931605841962625,2.237843000330031,138163.98522600502,64.03547307959352
1781572161,45,GET,/api/load/memory-light [GET],7.400000,0.000000,2,3,3,3,3,3,14,69,69,69,69,6206,0,2,7.301269782348207,1.299395997193642,858.2991319999564,50.0
1781572161,45,GET,/api/products [GET],10.500000,0.000000,2,2,2,2,2,3,3,23,23,23,23,9523,0,2,5.8808866797012405,0.7687059987802058,852.6058299976285,120.0
1781572161,45,,Aggregated,33.400000,0.000000,3,5,5,6,6,7,12,44,69,69,69,31572,1,3,13.210813235596786,0.7687059987802058,138163.98522600502,78.1570378816673
1781572162,46,GET,/api/load/gc [GC-pressure],16.200000,0.000000,5,6,6,6,6,7,44,63,71,71,71,15863,1,5,19.916736647368758,2.237843000330031,138163.98522600502,64.03542835529218
1781572162,46,GET,/api/load/memory-light [GET],7.500000,0.000000,2,3,3,3,3,3,14,69,69,69,69,6212,0,2,7.296474606770326,1.299395997193642,858.2991319999564,50.0
1781572162,46,GET,/api/products [GET],10.900000,0.000000,2,2,2,2,2,3,3,3,23,23,23,9536,0,2,5.875712424370176,0.7687059987802058,852.6058299976285,120.0
1781572162,46,,Aggregated,34.600000,0.000000,3,5,5,5,6,7,14,61,71,71,71,31611,1,3,13.200964454565243,0.7687059987802058,138163.98522600502,78.15994432317864
1781572163,47,GET,/api/load/gc [GC-pressure],17.000000,0.000000,5,6,6,6,6,7,44,63,71,71,71,15882,1,5,19.898599639164733,2.237843000330031,138163.98522600502,64.03538597154011
1781572163,47,GET,/api/load/memory-light [GET],7.300000,0.000000,2,3,3,3,3,5,45,69,69,69,69,6220,0,2,7.297124086378159,1.299395997193642,858.2991319999564,50.0
1781572163,47,GET,/api/products [GET],10.200000,0.000000,2,2,2,2,2,3,3,23,43,43,43,9548,0,2,5.874873111728868,0.7687059987802058,852.6058299976285,120.0
1781572163,47,,Aggregated,34.500000,0.000000,3,5,5,5,6,7,43,61,71,71,71,31650,1,3,13.191499518397272,0.7687059987802058,138163.98522600502,78.16018957345972
1781572164,48,GET,/api/load/gc [GC-pressure],17.500000,0.000000,5,5,6,6,6,7,44,63,71,71,71,15904,1,5,19.87766124957159,2.237843000330031,138163.98522600502,64.0353370221328
1781572164,48,GET,/api/load/memory-light [GET],7.400000,0.000000,2,3,3,3,3,3,45,69,69,69,69,6228,0,2,7.290561508874017,1.299395997193642,858.2991319999564,50.0
1781572164,48,GET,/api/products [GET],10.800000,0.000000,2,2,2,2,2,3,3,23,43,43,43,9559,0,2,5.870269916288641,0.7687059987802058,852.6058299976285,120.0
1781572164,48,,Aggregated,35.700000,0.000000,3,5,5,5,6,6,43,61,71,71,71,31691,1,3,13.178942025188762,0.7687059987802058,138163.98522600502,78.15777350036288
1781572165,49,GET,/api/load/gc [GC-pressure],17.600000,0.000000,5,5,6,6,6,7,44,63,71,71,71,15923,1,5,19.859843534333635,2.237843000330031,138163.98522600502,64.03529485649689
1781572165,49,GET,/api/load/memory-light [GET],7.400000,0.000000,2,3,3,3,3,3,45,69,69,69,69,6234,0,2,7.285871006458946,1.299395997193642,858.2991319999564,50.0
1781572165,49,GET,/api/products [GET],11.000000,0.000000,2,2,2,2,2,3,3,23,43,43,43,9570,0,2,5.865909550135075,0.7687059987802058,852.6058299976285,120.0
1781572165,49,,Aggregated,36.000000,0.000000,3,5,5,5,6,6,43,61,71,71,71,31727,1,3,13.16812692174653,0.7687059987802058,138163.98522600502,78.15847700696568
1781572166,49,GET,/api/load/gc [GC-pressure],17.300000,0.000000,5,5,6,6,6,7,44,63,71,71,71,15938,1,5,19.845590395357366,2.237843000330031,138163.98522600502,64.03526163885054
1781572166,49,GET,/api/load/memory-light [GET],7.000000,0.000000,2,3,3,3,3,3,45,69,69,69,69,6240,0,2,7.281014745074525,1.299395997193642,858.2991319999564,50.0
1781572166,49,GET,/api/products [GET],11.500000,0.000000,2,2,2,2,2,3,4,23,43,43,43,9589,0,2,5.8582629172805225,0.7687059987802058,852.6058299976285,120.0
1781572166,49,,Aggregated,35.800000,0.000000,3,5,5,5,6,6,43,61,71,71,71,31767,1,3,13.155395059158046,0.7687059987802058,138163.98522600502,78.17149872509208
1781572167,50,GET,/api/load/gc [GC-pressure],17.900000,0.000000,5,5,6,6,6,6,9,44,71,71,71,15960,1,5,19.824894241742243,2.237843000330031,138163.98522600502,64.03521303258145
1781572167,50,GET,/api/load/memory-light [GET],7.200000,0.000000,2,3,3,3,3,3,45,69,69,69,69,6246,0,2,7.276677396295593,1.299395997193642,858.2991319999564,50.0
1781572167,50,GET,/api/products [GET],11.200000,0.000000,2,2,2,2,2,3,3,4,43,43,43,9605,0,2,5.851691306800725,0.7687059987802058,852.6058299976285,120.0
1781572167,50,,Aggregated,36.300000,0.000000,3,5,5,5,6,6,12,44,71,71,71,31811,1,3,13.142024272021924,0.7687059987802058,138163.98522600502,78.17742290402691
1781572168,51,GET,/api/load/gc [GC-pressure],17.000000,0.000000,5,5,6,6,6,6,7,9,71,71,71,15977,1,5,19.808612351830774,2.237843000330031,138163.98522600502,64.0351755648745
1781572168,51,GET,/api/load/memory-light [GET],7.100000,0.000000,2,3,3,3,3,3,3,45,45,45,45,6252,0,2,7.272164480847484,1.299395997193642,858.2991319999564,50.0
1781572168,51,GET,/api/products [GET],12.600000,0.000000,2,2,2,2,2,3,3,4,43,43,43,9620,0,2,5.845321019521923,0.7687059987802058,852.6058299976285,120.0
1781572168,51,,Aggregated,36.700000,0.000000,3,5,5,5,6,6,6,9,71,71,71,31849,1,3,13.130075044342354,0.7687059987802058,138163.98522600502,78.18424440327797
1781572169,52,GET,/api/load/gc [GC-pressure],18.100000,0.000000,5,5,6,6,6,6,7,9,71,71,71,16001,1,5,19.78620293870332,2.237843000330031,138163.98522600502,64.0351228048247
1781572169,52,GET,/api/load/memory-light [GET],7.000000,0.000000,2,3,3,3,3,3,3,45,45,45,45,6262,0,2,7.264379669316707,1.299395997193642,858.2991319999564,50.0
1781572169,52,GET,/api/products [GET],13.200000,0.000000,2,2,2,2,2,3,3,4,43,43,43,9627,0,2,5.842438517688544,0.7687059987802058,852.6058299976285,120.0
1781572169,52,,Aggregated,38.300000,0.000000,3,5,5,5,6,6,7,9,71,71,71,31890,1,3,13.118022399537178,0.7687059987802058,138163.98522600502,78.1739103167137
1781572170,52,GET,/api/load/gc [GC-pressure],18.300000,0.000000,5,5,6,6,6,6,7,9,71,71,71,16020,1,5,19.76857088440611,2.237843000330031,138163.98522600502,64.03508114856429
1781572170,52,GET,/api/load/memory-light [GET],7.000000,0.000000,2,3,3,3,3,3,3,45,45,45,45,6272,0,2,7.256716072427768,1.299395997193642,858.2991319999564,50.0
1781572170,52,GET,/api/products [GET],13.000000,0.000000,2,2,2,2,3,3,3,4,43,43,43,9636,0,2,5.838650832066443,0.7687059987802058,852.6058299976285,120.0
1781572170,52,,Aggregated,38.300000,0.000000,3,5,5,5,6,6,7,9,71,71,71,31928,1,3,13.106610755206875,0.7687059987802058,138163.98522600502,78.16844149336006
1781572171,53,GET,/api/load/gc [GC-pressure],19.100000,0.000000,5,5,5,6,6,6,6,8,9,9,9,16050,1,5,19.740473755152163,2.237843000330031,138163.98522600502,64.03501557632399
1781572171,53,GET,/api/load/memory-light [GET],6.800000,0.000000,2,3,3,3,3,3,3,45,45,45,45,6283,0,2,7.2483209395641754,1.299395997193642,858.2991319999564,50.0
1781572171,53,GET,/api/products [GET],12.700000,0.000000,2,2,2,2,3,3,4,4,43,43,43,9648,0,2,5.833821574607774,0.7687059987802058,852.6058299976285,120.0
1781572171,53,,Aggregated,38.600000,0.000000,3,5,5,5,6,6,6,8,45,45,45,31981,1,3,13.090913817119217,0.7687059987802058,138163.98522600502,78.16115818767393
1781572172,54,GET,/api/load/gc [GC-pressure],19.400000,0.000000,5,5,5,6,6,6,7,8,9,9,9,16074,1,5,19.718214620889956,2.237843000330031,138163.98522600502,64.03496329476172
1781572172,54,GET,/api/load/memory-light [GET],7.300000,0.000000,2,3,3,3,3,3,3,3,3,3,3,6289,0,2,7.244276942643717,1.299395997193642,858.2991319999564,50.0
1781572172,54,GET,/api/products [GET],12.400000,0.000000,2,2,2,2,3,3,4,4,4,4,4,9659,0,2,5.829719894589223,0.7687059987802058,852.6058299976285,120.0
1781572172,54,,Aggregated,39.100000,0.000000,3,5,5,5,6,6,6,7,9,9,9,32022,1,3,13.079105114306063,0.7687059987802058,138163.98522600502,78.15964024732996
