Timestamp,User Count,Type,Name,Requests/s,Failures/s,50%,66%,75%,80%,90%,95%,98%,99%,99.9%,99.99%,100%,Total Request Count,Total Failure Count,Total Median Response Time,Total Average Response Time,Total Min Response Time,Total Max Response Time,Total Average Content Size
1781567619,0,,Aggregated,0.000000,0.000000,N/A,N/A,N/A,N/A,N/A,N/A,N/A,N/A,N/A,N/A,N/A,0,0,0,0.0,0,0,0
1781567620,10,GET,/api/load/cpu-heavy [GET],0.000000,0.000000,0,0,0,0,0,0,0,0,0,0,0,2,2,7.26743700215593,7.676867000554921,7.26743700215593,8.086296998953912,0.0
1781567620,10,GET,/api/load/memory-heavy [GET],0.000000,0.000000,0,0,0,0,0,0,0,0,0,0,0,1,1,4.89816399931442,4.89816399931442,4.89816399931442,4.89816399931442,0.0
1781567620,10,GET,/api/products [GET],0.000000,0.000000,0,0,0,0,0,0,0,0,0,0,0,3,3,4,7.8226009985276805,3.564411999832373,15.662642996176146,0.0
1781567620,10,,Aggregated,0.000000,0.000000,0,0,0,0,0,0,0,0,0,0,0,6,6,5,7.286616832667884,3.564411999832373,15.662642996176146,0.0
1781567621,10,GET,/api/load/cpu-heavy [GET],0.000000,0.000000,8,8,8,8,8,8,8,8,8,8,8,2,2,7.26743700215593,7.676867000554921,7.26743700215593,8.086296998953912,0.0
1781567621,10,GET,/api/load/memory-heavy [GET],0.000000,0.000000,5,5,5,5,5,5,5,5,5,5,5,1,1,4.89816399931442,4.89816399931442,4.89816399931442,4.89816399931442,0.0
1781567621,10,GET,/api/products [GET],0.000000,0.000000,1100,1100,1100,1100,1100,1100,1100,1100,1100,1100,1100,4,4,4,273.21226974891033,3.564411999832373,1069.3812760000583,0.0
1781567621,10,,Aggregated,0.000000,0.000000,1100,1100,1100,1100,1100,1100,1100,1100,1100,1100,1100,7,7,7,159.0144252851522,3.564411999832373,1069.3812760000583,0.0
1781567622,10,GET,/api/load/cpu-heavy [GET],0.000000,0.000000,8,8,8,8,8,8,8,8,8,8,8,2,2,7.26743700215593,7.676867000554921,7.26743700215593,8.086296998953912,0.0
1781567622,10,GET,/api/load/memory-heavy [GET],0.000000,0.000000,5,5,5,5,5,5,5,5,5,5,5,1,1,4.89816399931442,4.89816399931442,4.89816399931442,4.89816399931442,0.0
1781567622,10,GET,/api/products [GET],0.000000,0.000000,1100,1100,1100,1100,1100,1100,1100,1100,1100,1100,1100,5,5,16,428.5291181993671,3.564411999832373,1069.3812760000583,0.0
1781567622,10,,Aggregated,0.000000,0.000000,1100,1100,1100,1100,1100,1100,1100,1100,1100,1100,1100,8,8,7,270.36218612465746,3.564411999832373,1069.3812760000583,0.0
1781567623,10,GET,/api/load/cpu-heavy [GET],2.000000,2.000000,8,8,8,8,8,8,8,8,8,8,8,2,2,7.26743700215593,7.676867000554921,7.26743700215593,8.086296998953912,0.0
1781567623,10,GET,/api/load/memory-heavy [GET],1.000000,1.000000,3200,3200,3200,3200,3200,3200,3200,3200,3200,3200,3200,2,2,5,1577.9336480009079,4.89816399931442,3150.9691320025013,0.0
1781567623,10,GET,/api/products [GET],3.000000,3.000000,1100,1100,1100,1100,1100,1100,1100,1100,1100,1100,1100,5,5,16,428.5291181993671,3.564411999832373,1069.3812760000583,0.0
1781567623,10,,Aggregated,6.000000,6.000000,1100,1100,3200,3200,3200,3200,3200,3200,3200,3200,3200,9,9,8,590.429624555529,3.564411999832373,3150.9691320025013,0.0
1781567624,10,GET,/api/load/cpu-heavy [GET],1.000000,1.000000,8,8,4200,4200,4200,4200,4200,4200,4200,4200,4200,3,3,8,1402.3821366669533,7.26743700215593,4191.79267599975,0.0
1781567624,10,GET,/api/load/memory-heavy [GET],0.500000,0.500000,3200,3200,3200,3200,3200,3200,3200,3200,3200,3200,3200,2,2,5,1577.9336480009079,4.89816399931442,3150.9691320025013,0.0
1781567624,10,GET,/api/products [GET],2.000000,2.000000,1100,1100,1100,1100,1100,1100,1100,1100,1100,1100,1100,5,5,16,428.5291181993671,3.564411999832373,1069.3812760000583,0.0
1781567624,10,,Aggregated,3.500000,3.500000,3200,3200,4200,4200,4200,4200,4200,4200,4200,4200,4200,10,10,8,950.5659296999511,3.564411999832373,4191.79267599975,0.0
1781567625,10,GET,/api/load/cpu-heavy [GET],0.666667,0.666667,8,8,4200,4200,4200,4200,4200,4200,4200,4200,4200,3,3,8,1402.3821366669533,7.26743700215593,4191.79267599975,0.0
1781567625,10,GET,/api/load/memory-heavy [GET],0.333333,0.333333,3200,3200,5200,5200,5200,5200,5200,5200,5200,5200,5200,3,3,3200.0,2795.763216333095,4.89816399931442,5231.42235299747,0.0
1781567625,10,GET,/api/products [GET],1.666667,1.666667,1100,1100,1100,1100,1100,1100,1100,1100,1100,1100,1100,5,5,16,428.5291181993671,3.564411999832373,1069.3812760000583,0.0
1781567625,10,,Aggregated,2.666667,2.666667,3200,4200,4200,5200,5200,5200,5200,5200,5200,5200,5200,11,11,16,1339.7346954542709,3.564411999832373,5231.42235299747,0.0
1781567626,10,GET,/api/load/cpu-heavy [GET],0.500000,0.500000,4200,4200,5200,5200,5200,5200,5200,5200,5200,5200,5200,4,4,8,2357.378993250677,7.26743700215593,5222.369563001848,0.0
1781567626,10,GET,/api/load/memory-heavy [GET],0.500000,0.500000,3200,3200,5200,5200,5200,5200,5200,5200,5200,5200,5200,3,3,3200.0,2795.763216333095,4.89816399931442,5231.42235299747,0.0
1781567626,10,GET,/api/products [GET],1.250000,1.250000,1100,1100,1100,1100,1100,1100,1100,1100,1100,1100,1100,5,5,16,428.5291181993671,3.564411999832373,1069.3812760000583,0.0
1781567626,10,,Aggregated,2.250000,2.250000,4200,4200,5200,5200,5200,5200,5200,5200,5200,5200,5200,12,12,16,1663.2876010832358,3.564411999832373,5231.42235299747,0.0
1781567627,10,GET,/api/load/cpu-heavy [GET],0.600000,0.600000,3100,4200,4200,5200,5200,5200,5200,5200,5200,5200,5200,5,5,3100.0,2503.431967399956,7.26743700215593,5222.369563001848,0.0
1781567627,10,GET,/api/load/memory-heavy [GET],0.400000,0.400000,3200,3200,5200,5200,5200,5200,5200,5200,5200,5200,5200,3,3,3200.0,2795.763216333095,4.89816399931442,5231.42235299747,0.0
1781567627,10,GET,/api/products [GET],1.000000,1.000000,1100,1100,1100,1100,1100,1100,1100,1100,1100,1100,1100,5,5,16,428.5291181993671,3.564411999832373,1069.3812760000583,0.0
1781567627,10,,Aggregated,2.000000,2.000000,3200,4200,5200,5200,5200,5200,5200,5200,5200,5200,5200,13,13,1000.0,1772.8534674612233,3.564411999832373,5231.42235299747,0.0
1781567628,10,GET,/api/load/cpu-heavy [GET],0.500000,0.500000,3100,4200,4200,5200,5200,5200,5200,5200,5200,5200,5200,5,5,3100.0,2503.431967399956,7.26743700215593,5222.369563001848,0.0
1781567628,10,GET,/api/load/memory-heavy [GET],0.500000,0.500000,3200,3200,5200,5200,5200,5200,5200,5200,5200,5200,5200,3,3,3200.0,2795.763216333095,4.89816399931442,5231.42235299747,0.0
1781567628,10,GET,/api/products [GET],0.833333,0.833333,1100,1100,7300,7300,7300,7300,7300,7300,7300,7300,7300,6,6,16,1574.7915666652261,3.564411999832373,7306.103808994521,0.0
1781567628,10,,Aggregated,1.833333,1.833333,4200,5200,5200,5200,7300,7300,7300,7300,7300,7300,7300,14,14,1000.0,2168.085634713602,3.564411999832373,7306.103808994521,0.0
1781567629,10,GET,/api/load/cpu-heavy [GET],0.571429,0.571429,4200,4200,5200,5200,7300,7300,7300,7300,7300,7300,7300,6,6,3100.0,3299.6160723341745,7.26743700215593,7280.536597005266,0.0
1781567629,10,GET,/api/load/memory-heavy [GET],0.428571,0.428571,3200,3200,5200,5200,5200,5200,5200,5200,5200,5200,5200,3,3,3200.0,2795.763216333095,4.89816399931442,5231.42235299747,0.0
1781567629,10,GET,/api/products [GET],0.714286,0.714286,1100,1100,7300,7300,7300,7300,7300,7300,7300,7300,7300,6,6,16,1574.7915666652261,3.564411999832373,7306.103808994521,0.0
1781567629,10,,Aggregated,1.714286,1.714286,4200,5200,5200,7300,7300,7300,7300,7300,7300,7300,7300,15,15,1100.0,2508.9156988663794,3.564411999832373,7306.103808994521,0.0
1781567630,10,GET,/api/load/cpu-heavy [GET],0.625000,0.625000,4200,4200,5200,5200,7300,7300,7300,7300,7300,7300,7300,6,6,3100.0,3299.6160723341745,7.26743700215593,7280.536597005266,0.0
1781567630,10,GET,/api/load/memory-heavy [GET],0.375000,0.375000,3200,3200,5200,5200,5200,5200,5200,5200,5200,5200,5200,4,4,5,2097.2192240005825,1.5872470030444674,5231.42235299747,0.0
1781567630,10,GET,/api/products [GET],0.625000,0.625000,7300,7300,7300,7300,7300,7300,7300,7300,7300,7300,7300,6,6,16,1574.7915666652261,3.564411999832373,7306.103808994521,0.0
1781567630,10,,Aggregated,1.625000,1.625000,4200,5200,5200,7300,7300,7300,7300,7300,7300,7300,7300,16,16,1000.0,2352.207670624921,1.5872470030444674,7306.103808994521,0.0
1781567631,10,GET,/api/load/cpu-heavy [GET],0.555556,0.555556,5200,5200,7300,7300,7300,7300,7300,7300,7300,7300,7300,6,6,3100.0,3299.6160723341745,7.26743700215593,7280.536597005266,0.0
1781567631,10,GET,/api/load/memory-heavy [GET],0.333333,0.333333,3200,3200,5200,5200,5200,5200,5200,5200,5200,5200,5200,4,4,5,2097.2192240005825,1.5872470030444674,5231.42235299747,0.0
1781567631,10,GET,/api/products [GET],0.666667,0.666667,7300,7300,11000,11000,11000,11000,11000,11000,11000,11000,11000,7,7,1000.0,2970.5845309986867,3.564411999832373,11345.34231699945,0.0
1781567631,10,,Aggregated,1.555556,1.555556,5200,5200,7300,7300,11000,11000,11000,11000,11000,11000,11000,17,17,1100.0,2881.2155909998933,1.5872470030444674,11345.34231699945,0.0
1781567632,10,GET,/api/load/cpu-heavy [GET],0.400000,0.400000,5200,5200,7300,7300,7300,7300,7300,7300,7300,7300,7300,6,6,3100.0,3299.6160723341745,7.26743700215593,7280.536597005266,0.0
1781567632,10,GET,/api/load/memory-heavy [GET],0.300000,0.300000,5200,5200,11000,11000,11000,11000,11000,11000,11000,11000,11000,5,5,3200.0,3955.046090600081,1.5872470030444674,11386.353556998074,0.0
1781567632,10,GET,/api/products [GET],0.300000,0.300000,7300,7300,11000,11000,11000,11000,11000,11000,11000,11000,11000,8,8,1000.0,2731.4395971243357,3.564411999832373,11345.34231699945,0.0
1781567632,10,,Aggregated,1.000000,1.000000,5200,7300,7300,11000,11000,11000,11000,11000,11000,11000,11000,19,19,1100.0,3232.8654560000073,1.5872470030444674,11386.353556998074,0.0
1781567633,10,GET,/api/load/cpu-heavy [GET],0.400000,0.400000,5200,5200,7300,7300,7300,7300,7300,7300,7300,7300,7300,6,6,3100.0,3299.6160723341745,7.26743700215593,7280.536597005266,0.0
1781567633,10,GET,/api/load/memory-heavy [GET],0.300000,0.300000,5200,5200,11000,11000,11000,11000,11000,11000,11000,11000,11000,5,5,3200.0,3955.046090600081,1.5872470030444674,11386.353556998074,0.0
1781567633,10,GET,/api/products [GET],0.300000,0.300000,7300,7300,11000,11000,11000,11000,11000,11000,11000,11000,11000,8,8,1000.0,2731.4395971243357,3.564411999832373,11345.34231699945,0.0
1781567633,10,,Aggregated,1.000000,1.000000,5200,7300,7300,11000,11000,11000,11000,11000,11000,11000,11000,19,19,1100.0,3232.8654560000073,1.5872470030444674,11386.353556998074,0.0
1781567634,10,GET,/api/load/cpu-heavy [GET],0.400000,0.400000,5200,5200,7300,7300,7300,7300,7300,7300,7300,7300,7300,6,6,3100.0,3299.6160723341745,7.26743700215593,7280.536597005266,0.0
1781567634,10,GET,/api/load/memory-heavy [GET],0.300000,0.300000,5200,5200,11000,11000,11000,11000,11000,11000,11000,11000,11000,6,6,1000.0,3467.5251956662883,1.5872470030444674,11386.353556998074,0.0
1781567634,10,GET,/api/products [GET],0.300000,0.300000,7300,7300,11000,11000,11000,11000,11000,11000,11000,11000,11000,8,8,1000.0,2731.4395971243357,3.564411999832373,11345.34231699945,0.0
1781567634,10,,Aggregated,1.000000,1.000000,5200,7300,7300,11000,11000,11000,11000,11000,11000,11000,11000,20,20,1100.0,3122.718219249873,1.5872470030444674,11386.353556998074,0.0
1781567635,10,GET,/api/load/cpu-heavy [GET],0.400000,0.400000,7300,7300,7300,7300,7300,7300,7300,7300,7300,7300,7300,6,6,3100.0,3299.6160723341745,7.26743700215593,7280.536597005266,0.0
1781567635,10,GET,/api/load/memory-heavy [GET],0.300000,0.300000,5200,7300,7300,11000,11000,11000,11000,11000,11000,11000,11000,7,7,3200.0,4015.778872000478,1.5872470030444674,11386.353556998074,0.0
1781567635,10,GET,/api/products [GET],0.300000,0.300000,7300,7300,11000,11000,11000,11000,11000,11000,11000,11000,11000,9,9,1000.0,2428.2540935552483,2.7700650025508367,11345.34231699945,0.0
1781567635,10,,Aggregated,1.000000,1.000000,7300,7300,7300,11000,11000,11000,11000,11000,11000,11000,11000,22,22,1100.0,3171.019790000256,1.5872470030444674,11386.353556998074,0.0
1781567636,10,GET,/api/load/cpu-heavy [GET],0.400000,0.400000,7300,7300,7300,7300,7300,7300,7300,7300,7300,7300,7300,6,6,3100.0,3299.6160723341745,7.26743700215593,7280.536597005266,0.0
1781567636,10,GET,/api/load/memory-heavy [GET],0.300000,0.300000,7300,7300,11000,11000,11000,11000,11000,11000,11000,11000,11000,7,7,3200.0,4015.778872000478,1.5872470030444674,11386.353556998074,0.0
1781567636,10,GET,/api/products [GET],0.300000,0.300000,7300,7300,11000,11000,11000,11000,11000,11000,11000,11000,11000,9,9,1000.0,2428.2540935552483,2.7700650025508367,11345.34231699945,0.0
1781567636,10,,Aggregated,1.000000,1.000000,7300,7300,7300,11000,11000,11000,11000,11000,11000,11000,11000,22,22,1100.0,3171.019790000256,1.5872470030444674,11386.353556998074,0.0
1781567637,10,GET,/api/load/cpu-heavy [GET],0.300000,0.300000,7300,7300,7300,7300,7300,7300,7300,7300,7300,7300,7300,7,7,3100.0,2974.218335286423,7.26743700215593,7280.536597005266,0.0
1781567637,10,GET,/api/load/memory-heavy [GET],0.400000,0.400000,7300,7300,11000,11000,11000,11000,11000,11000,11000,11000,11000,7,7,3200.0,4015.778872000478,1.5872470030444674,11386.353556998074,0.0
1781567637,10,GET,/api/products [GET],0.300000,0.300000,7300,7300,11000,11000,11000,11000,11000,11000,11000,11000,11000,9,9,1000.0,2428.2540935552483,2.7700650025508367,11345.34231699945,0.0
1781567637,10,,Aggregated,1.000000,1.000000,1100,7300,7300,11000,11000,11000,11000,11000,11000,11000,11000,23,23,1100.0,3077.5768388263277,1.5872470030444674,11386.353556998074,0.0
1781567638,10,GET,/api/load/cpu-heavy [GET],0.300000,0.300000,3100,3100,7300,7300,7300,7300,7300,7300,7300,7300,7300,8,8,3100.0,2988.447851125784,7.26743700215593,7280.536597005266,0.0
1781567638,10,GET,/api/load/memory-heavy [GET],0.400000,0.400000,7300,7300,11000,11000,11000,11000,11000,11000,11000,11000,11000,7,7,3200.0,4015.778872000478,1.5872470030444674,11386.353556998074,0.0
1781567638,10,GET,/api/products [GET],0.300000,0.300000,1100,1100,11000,11000,11000,11000,11000,11000,11000,11000,11000,9,9,1000.0,2428.2540935552483,2.7700650025508367,11345.34231699945,0.0
1781567638,10,,Aggregated,1.000000,1.000000,1100,3100,7300,11000,11000,11000,11000,11000,11000,11000,11000,24,24,1100.0,3078.0134064586186,1.5872470030444674,11386.353556998074,0.0
1781567639,10,GET,/api/load/cpu-heavy [GET],0.200000,0.200000,3100,3100,7300,7300,7300,7300,7300,7300,7300,7300,7300,9,9,3100.0,2769.2353938893775,7.26743700215593,7280.536597005266,0.0
1781567639,10,GET,/api/load/memory-heavy [GET],0.400000,0.400000,7300,7300,11000,11000,11000,11000,11000,11000,11000,11000,11000,7,7,3200.0,4015.778872000478,1.5872470030444674,11386.353556998074,0.0
1781567639,10,GET,/api/products [GET],0.400000,0.400000,1100,1100,11000,11000,11000,11000,11000,11000,11000,11000,11000,9,9,1000.0,2428.2540935552483,2.7700650025508367,11345.34231699945,0.0
1781567639,10,,Aggregated,1.000000,1.000000,1100,3100,7300,11000,11000,11000,11000,11000,11000,11000,11000,25,25,1100.0,2995.514299640199,1.5872470030444674,11386.353556998074,0.0
1781567640,10,GET,/api/load/cpu-heavy [GET],0.100000,0.100000,3100,3100,7300,7300,7300,7300,7300,7300,7300,7300,7300,9,9,3100.0,2769.2353938893775,7.26743700215593,7280.536597005266,0.0
1781567640,10,GET,/api/load/memory-heavy [GET],0.400000,0.400000,7300,7300,11000,11000,11000,11000,11000,11000,11000,11000,11000,7,7,3200.0,4015.778872000478,1.5872470030444674,11386.353556998074,0.0
1781567640,10,GET,/api/products [GET],0.400000,0.400000,11000,11000,11000,11000,11000,11000,11000,11000,11000,11000,11000,10,10,1000.0,3319.494247599505,2.7700650025508367,11345.34231699945,0.0
1781567640,10,,Aggregated,0.900000,0.900000,3100,7300,11000,11000,11000,11000,11000,11000,11000,11000,11000,26,26,1100.0,3316.4812740385687,1.5872470030444674,11386.353556998074,0.0
1781567641,10,GET,/api/load/cpu-heavy [GET],0.300000,0.300000,3100,3100,7300,7300,7300,7300,7300,7300,7300,7300,7300,9,9,3100.0,2769.2353938893775,7.26743700215593,7280.536597005266,0.0
1781567641,10,GET,/api/load/memory-heavy [GET],0.400000,0.400000,7300,7300,11000,11000,11000,11000,11000,11000,11000,11000,11000,8,8,3200.0,3908.8105756254663,1.5872470030444674,11386.353556998074,0.0
1781567641,10,GET,/api/products [GET],0.300000,0.300000,2100,2100,11000,11000,11000,11000,11000,11000,11000,11000,11000,11,11,1100.0,3208.9519609091276,2.7700650025508367,11345.34231699945,0.0
1781567641,10,,Aggregated,1.000000,1.000000,2100,3200,7300,7300,11000,11000,11000,11000,11000,11000,11000,28,28,1100.0,3267.574097143162,1.5872470030444674,11386.353556998074,0.0
1781567642,10,GET,/api/load/cpu-heavy [GET],0.300000,0.300000,1000,1000,3100,3100,3100,3100,3100,3100,3100,3100,3100,9,9,3100.0,2769.2353938893775,7.26743700215593,7280.536597005266,0.0
1781567642,10,GET,/api/load/memory-heavy [GET],0.400000,0.400000,3200,3200,7300,7300,7300,7300,7300,7300,7300,7300,7300,8,8,3200.0,3908.8105756254663,1.5872470030444674,11386.353556998074,0.0
1781567642,10,GET,/api/products [GET],0.300000,0.300000,2100,2100,11000,11000,11000,11000,11000,11000,11000,11000,11000,11,11,1100.0,3208.9519609091276,2.7700650025508367,11345.34231699945,0.0
1781567642,10,,Aggregated,1.000000,1.000000,2100,3100,3200,7300,11000,11000,11000,11000,11000,11000,11000,28,28,1100.0,3267.574097143162,1.5872470030444674,11386.353556998074,0.0
1781567643,10,GET,/api/load/cpu-heavy [GET],0.300000,0.300000,1000,1000,3100,3100,3100,3100,3100,3100,3100,3100,3100,9,9,3100.0,2769.2353938893775,7.26743700215593,7280.536597005266,0.0
1781567643,10,GET,/api/load/memory-heavy [GET],0.400000,0.400000,3200,3200,7300,7300,7300,7300,7300,7300,7300,7300,7300,9,8,3200.0,3535.9310801116712,1.5872470030444674,11386.353556998074,5.777777777777778
1781567643,10,GET,/api/products [GET],0.300000,0.300000,3200,3200,11000,11000,20000,20000,20000,20000,20000,20000,20000,14,11,1100.0,4172.7129479285,2.7700650025508367,19925.490228000854,25.714285714285715
1781567643,10,,Aggregated,1.000000,1.000000,3100,3200,7300,7300,11000,20000,20000,20000,20000,20000,20000,32,28,1100.0,3598.889985531514,1.5872470030444674,19925.490228000854,12.875
1781567644,10,GET,/api/load/cpu-heavy [GET],0.300000,0.300000,1000,1000,3100,3100,3100,3100,3100,3100,3100,3100,3100,9,9,3100.0,2769.2353938893775,7.26743700215593,7280.536597005266,0.0
1781567644,10,GET,/api/load/memory-heavy [GET],0.400000,0.400000,3200,3200,7300,7300,7300,7300,7300,7300,7300,7300,7300,10,8,1000.0,3221.7492313007824,1.5872470030444674,11386.353556998074,10.4
1781567644,10,GET,/api/products [GET],0.400000,0.400000,2100,3200,11000,11000,20000,20000,20000,20000,20000,20000,20000,15,11,1100.0,3894.9323293335815,2.7700650025508367,19925.490228000854,32.0
1781567644,10,,Aggregated,1.100000,1.100000,1000,3100,3200,3200,11000,20000,20000,20000,20000,20000,20000,34,28,1100.0,3398.9586999416456,1.5872470030444674,19925.490228000854,17.176470588235293
1781567645,10,GET,/api/load/cpu-heavy [GET],0.300000,0.300000,1100,1100,3100,3100,3100,3100,3100,3100,3100,3100,3100,10,9,1100.0,2601.0631893004756,7.26743700215593,7280.536597005266,4.5
1781567645,10,GET,/api/load/memory-heavy [GET],0.400000,0.300000,550,3200,3200,7300,7300,7300,7300,7300,7300,7300,7300,11,8,1000.0,2967.7647490012037,1.5872470030444674,11386.353556998074,14.181818181818182
1781567645,10,GET,/api/products [GET],0.400000,0.300000,2100,3200,11000,20000,20000,20000,20000,20000,20000,20000,20000,17,11,1100.0,4606.477864941339,2.7700650025508367,19925.490228000854,42.35294117647059
1781567645,10,,Aggregated,1.100000,0.900000,1000,3100,3200,3200,20000,20000,20000,20000,20000,20000,20000,38,28,1100.0,3604.37283779002,1.5872470030444674,19925.490228000854,24.236842105263158
1781567646,10,GET,/api/load/cpu-heavy [GET],0.300000,0.300000,1200,1400,3100,3100,13000,13000,13000,13000,13000,13000,13000,13,9,1400.0,3195.823223692759,7.26743700215593,12932.207306999771,13.846153846153847
1781567646,10,GET,/api/load/memory-heavy [GET],0.300000,0.200000,3200,3200,7300,7300,20000,20000,20000,20000,20000,20000,20000,12,8,1000.0,4374.128795834622,1.5872470030444674,19844.133311002224,17.333333333333332
1781567646,10,GET,/api/products [GET],0.700000,0.300000,2100,3200,11000,20000,20000,20000,20000,20000,20000,20000,20000,18,11,1000.0,4363.007617278021,2.7700650025508367,19925.490228000854,46.666666666666664
1781567646,10,,Aggregated,1.300000,0.800000,1200,3100,3200,11000,20000,20000,20000,20000,20000,20000,20000,43,28,1100.0,4013.241501605249,1.5872470030444674,19925.490228000854,28.558139534883722
1781567647,10,GET,/api/load/cpu-heavy [GET],0.400000,0.300000,1200,1400,1400,13000,13000,13000,13000,13000,13000,13000,13000,13,9,1400.0,3195.823223692759,7.26743700215593,12932.207306999771,13.846153846153847
1781567647,10,GET,/api/load/memory-heavy [GET],0.400000,0.100000,430,550,3200,3200,20000,20000,20000,20000,20000,20000,20000,14,8,550.0,3789.8838402865554,1.5872470030444674,19844.133311002224,22.285714285714285
1781567647,10,GET,/api/products [GET],0.800000,0.300000,220,2100,11000,11000,20000,20000,20000,20000,20000,20000,20000,21,11,220.0,3760.626847809666,2.7700650025508367,19925.490228000854,57.142857142857146
1781567647,10,,Aggregated,1.600000,0.700000,1000,1400,3200,11000,20000,20000,20000,20000,20000,20000,20000,48,28,1000.0,3616.192489083763,1.5872470030444674,19925.490228000854,35.25
1781567648,10,GET,/api/load/cpu-heavy [GET],0.500000,0.300000,1400,1900,1900,1900,13000,13000,13000,13000,13000,13000,13000,16,9,1400.0,2925.8300418750878,7.26743700215593,12932.207306999771,19.6875
1781567648,10,GET,/api/load/memory-heavy [GET],0.500000,0.100000,430,530,550,3200,20000,20000,20000,20000,20000,20000,20000,16,8,530.0,3372.220448500684,1.5872470030444674,19844.133311002224,26.0
1781567648,10,GET,/api/products [GET],0.900000,0.200000,220,2100,3200,11000,20000,20000,20000,20000,20000,20000,20000,22,11,220.0,3590.6586981820346,2.7700650025508367,19925.490228000854,60.0
1781567648,10,,Aggregated,1.900000,0.600000,550,1900,2100,3200,20000,20000,20000,20000,20000,20000,20000,54,28,1000.0,3328.9499852966132,1.5872470030444674,19925.490228000854,37.98148148148148
1781567649,10,GET,/api/load/cpu-heavy [GET],0.700000,0.300000,1400,1500,1900,1900,1900,13000,13000,13000,13000,13000,13000,19,9,1400.0,2573.3354791051456,7.26743700215593,12932.207306999771,23.68421052631579
1781567649,10,GET,/api/load/memory-heavy [GET],0.600000,0.100000,430,530,550,3200,20000,20000,20000,20000,20000,20000,20000,16,8,530.0,3372.220448500684,1.5872470030444674,19844.133311002224,26.0
1781567649,10,GET,/api/products [GET],1.100000,0.200000,160,220,2100,3200,20000,20000,20000,20000,20000,20000,20000,26,11,160.0,3052.3710630771416,2.7700650025508367,19925.490228000854,69.23076923076923
1781567649,10,,Aggregated,2.400000,0.600000,390,1400,1900,2100,13000,20000,20000,20000,20000,20000,20000,61,28,1000.0,2987.058179000236,1.5872470030444674,19925.490228000854,43.704918032786885
1781567650,10,GET,/api/load/cpu-heavy [GET],0.600000,0.100000,1100,1400,1500,1500,1900,13000,13000,13000,13000,13000,13000,24,9,1100.0,2095.6304545831395,7.26743700215593,12932.207306999771,28.125
1781567650,10,GET,/api/load/memory-heavy [GET],0.800000,0.100000,360,430,530,550,3200,20000,20000,20000,20000,20000,20000,20,8,390.0,2731.391041450479,1.5872470030444674,19844.133311002224,31.2
1781567650,10,GET,/api/products [GET],1.200000,0.200000,160,220,2100,3200,20000,20000,20000,20000,20000,20000,20000,27,11,190.0,3662.8666691855565,2.7700650025508367,19925.490228000854,71.11111111111111
1781567650,10,,Aggregated,2.600000,0.400000,310,550,1400,1900,13000,20000,20000,20000,20000,20000,20000,71,28,430.0,2870.7091803804924,1.5872470030444674,19925.490228000854,45.33802816901409
1781567651,10,GET,/api/load/cpu-heavy [GET],0.900000,0.000000,360,1100,1400,1400,1900,1900,13000,13000,13000,13000,13000,31,9,480.0,1667.9121737104124,7.26743700215593,12932.207306999771,31.93548387096774
1781567651,10,GET,/api/load/memory-heavy [GET],0.900000,0.100000,300,390,430,530,550,20000,20000,20000,20000,20000,20000,21,8,390.0,2601.7877054768005,1.5872470030444674,19844.133311002224,32.19047619047619
1781567651,10,GET,/api/products [GET],1.500000,0.200000,92,160,220,220,20000,20000,20000,20000,20000,20000,20000,32,11,100.0,3095.4217896878617,2.372695002122782,19925.490228000854,78.75
1781567651,10,,Aggregated,3.300000,0.300000,270,360,550,1200,3200,20000,20000,20000,20000,20000,20000,84,28,310.0,2445.1942436910376,1.5872470030444674,19925.490228000854,49.833333333333336
1781567652,10,GET,/api/load/cpu-heavy [GET],1.300000,0.000000,310,480,1200,1400,1900,1900,13000,13000,13000,13000,13000,34,9,360.0,1522.496473735801,7.26743700215593,12932.207306999771,33.088235294117645
1781567652,10,GET,/api/load/memory-heavy [GET],1.100000,0.100000,300,360,430,530,550,20000,20000,20000,20000,20000,20000,23,8,360.0,2376.6606778264522,1.5872470030444674,19844.133311002224,33.91304347826087
1781567652,10,GET,/api/products [GET],1.700000,0.100000,38,100,160,220,3200,20000,20000,20000,20000,20000,20000,37,11,76,2677.692060811112,2.372695002122782,19925.490228000854,84.32432432432432
1781567652,10,,Aggregated,4.100000,0.200000,210,300,390,530,1900,13000,20000,20000,20000,20000,20000,94,28,270.0,2186.1987441174124,1.5872470030444674,19925.490228000854,53.45744680851064
1781567653,10,GET,/api/load/cpu-heavy [GET],1.800000,0.000000,300,360,1100,1200,1500,1900,13000,13000,13000,13000,13000,41,9,330.0,1299.7153106104035,7.26743700215593,12932.207306999771,35.1219512195122
1781567653,10,GET,/api/load/memory-heavy [GET],1.200000,0.000000,270,300,390,390,530,20000,20000,20000,20000,20000,20000,25,8,300.0,2196.6333496401785,1.5872470030444674,19844.133311002224,35.36
1781567653,10,GET,/api/products [GET],1.900000,0.100000,60,100,160,190,220,20000,20000,20000,20000,20000,20000,39,11,76,2544.4189188977666,2.372695002122782,19925.490228000854,86.15384615384616
1781567653,10,,Aggregated,4.900000,0.100000,200,300,360,390,1400,13000,20000,20000,20000,20000,20000,105,28,240.0,1975.5857077432752,1.5872470030444674,19925.490228000854,54.13333333333333
1781567654,10,GET,/api/load/cpu-heavy [GET],2.500000,0.000000,240,330,360,480,1500,1900,13000,13000,13000,13000,13000,47,9,280.0,1145.2386600217421,7.26743700215593,12932.207306999771,36.38297872340426
1781567654,10,GET,/api/load/memory-heavy [GET],1.500000,0.000000,180,270,300,300,530,20000,20000,20000,20000,20000,20000,27,8,300.0,2034.5279841481156,1.5872470030444674,19844.133311002224,36.592592592592595
1781567654,10,GET,/api/products [GET],2.200000,0.000000,8,76,100,150,220,220,20000,20000,20000,20000,20000,45,11,21,2206.0416500890924,2.372695002122782,19925.490228000854,90.66666666666667
1781567654,10,,Aggregated,6.200000,0.000000,100,220,300,330,1200,1900,20000,20000,20000,20000,20000,119,28,190.0,1748.1541751851273,1.5872470030444674,19925.490228000854,56.95798319327731
1781567655,10,GET,/api/load/cpu-heavy [GET],3.000000,0.000000,200,280,340,360,1400,1500,1900,1900,1900,1900,1900,53,9,240.0,1023.1867039817515,7.26743700215593,12932.207306999771,37.35849056603774
1781567655,10,GET,/api/load/memory-heavy [GET],1.600000,0.000000,32,180,270,300,360,530,530,530,530,530,530,31,8,250.0,1773.6098507093923,1.5872470030444674,19844.133311002224,38.58064516129032
1781567655,10,GET,/api/products [GET],2.700000,0.000000,7,38,76,92,160,220,20000,20000,20000,20000,20000,50,11,16,1986.6986603401892,2.372695002122782,19925.490228000854,93.6
1781567655,10,,Aggregated,7.300000,0.000000,75,180,240,300,370,1400,1900,20000,20000,20000,20000,134,28,110.0,1556.3114455226378,1.5872470030444674,19925.490228000854,58.62686567164179
1781567656,10,GET,/api/load/cpu-heavy [GET],3.500000,0.000000,170,240,310,340,1400,1900,36000,36000,36000,36000,36000,59,9,210.0,1533.6388069835405,7.26743700215593,36190.82374300342,38.13559322033898
1781567656,10,GET,/api/load/memory-heavy [GET],1.600000,0.000000,28,89,250,270,360,530,530,530,530,530,530,32,8,180.0,1718.367364937194,1.5872470030444674,19844.133311002224,39.0
1781567656,10,GET,/api/products [GET],2.700000,0.000000,4,10,38,60,150,20000,36000,36000,36000,36000,36000,57,11,8,2383.023552491259,2.372695002122782,36473.63180299726,96.84210526315789
1781567656,10,,Aggregated,7.800000,0.000000,32,110,210,270,360,1500,20000,36000,36000,36000,36000,148,28,84,1900.708025554195,1.5872470030444674,36473.63180299726,60.932432432432435
1781567657,10,GET,/api/load/cpu-heavy [GET],4.000000,0.000000,84,210,280,330,480,1900,36000,36000,36000,36000,36000,64,9,180.0,1414.869012719464,7.26743700215593,36190.82374300342,38.671875
1781567657,10,GET,/api/load/memory-heavy [GET],1.700000,0.000000,19,34,75,89,250,300,360,360,360,360,360,37,8,75,1488.6100252699327,1.5872470030444674,19844.133311002224,40.75675675675676
1781567657,10,GET,/api/products [GET],3.200000,0.000000,4,7,19,38,110,190,36000,36000,36000,36000,36000,62,11,6,2191.137847806409,2.372695002122782,36473.63180299726,98.70967741935483
1781567657,10,,Aggregated,8.900000,0.000000,17,80,170,210,340,1500,20000,36000,36000,36000,36000,163,28,60,1726.8756706320892,1.5872470030444674,36473.63180299726,61.98159509202454
1781567658,10,GET,/api/load/cpu-heavy [GET],4.400000,0.000000,80,170,240,280,340,370,480,36000,36000,36000,36000,70,9,110.0,1297.3621867148072,7.26743700215593,36190.82374300342,39.214285714285715
1781567658,10,GET,/api/load/memory-heavy [GET],1.900000,0.000000,9,28,38,75,180,250,300,300,300,300,300,40,8,34,1377.3965816746568,1.5872470030444674,19844.133311002224,41.6
1781567658,10,GET,/api/products [GET],3.400000,0.000000,4,5,7,10,110,190,36000,36000,36000,36000,36000,68,11,5,1998.0678106175594,2.372695002122782,36473.63180299726,100.58823529411765
1781567658,10,,Aggregated,9.700000,0.000000,12,38,98,170,300,360,20000,36000,36000,36000,36000,178,28,34,1583.0327385338023,1.5872470030444674,36473.63180299726,63.19662921348315
1781567659,10,GET,/api/load/cpu-heavy [GET],4.800000,0.000000,35,98,170,210,300,370,480,36000,36000,36000,36000,76,9,98,1198.4749809741372,7.26743700215593,36190.82374300342,39.671052631578945
1781567659,10,GET,/api/load/memory-heavy [GET],2.000000,0.000000,10,32,66,75,140,150,180,180,180,180,180,45,8,66,1235.3672851105027,1.5872470030444674,19844.133311002224,42.75555555555555
1781567659,10,GET,/api/products [GET],4.000000,0.000000,4,4,6,10,51,110,36000,36000,36000,36000,36000,76,11,5,1790.1655665657593,1.840523000282701,36473.63180299726,102.63157894736842
1781567659,10,,Aggregated,10.800000,0.000000,12,32,73,98,190,300,480,36000,36000,36000,36000,197,28,34,1435.168575852816,1.5872470030444674,36473.63180299726,64.66497461928934
1781567660,10,GET,/api/load/cpu-heavy [GET],5.400000,0.000000,17,73,98,120,240,370,480,36000,36000,36000,36000,81,9,83,1125.2511590867437,7.26743700215593,36190.82374300342,40.0
1781567660,10,GET,/api/load/memory-heavy [GET],2.300000,0.000000,7,19,38,66,140,150,180,180,180,180,180,48,8,34,1158.505725186842,1.5872470030444674,19844.133311002224,43.333333333333336
1781567660,10,GET,/api/products [GET],4.500000,0.000000,3,4,4,6,42,69,150,36000,36000,36000,36000,84,11,4,1619.9311472737463,1.840523000282701,36473.63180299726,104.28571428571429
1781567660,10,,Aggregated,12.200000,0.000000,11,16,35,66,150,240,480,36000,36000,36000,36000,213,28,19,1327.8302115774147,1.5872470030444674,36473.63180299726,66.10328638497653
1781567661,10,GET,/api/load/cpu-heavy [GET],5.400000,0.000000,16,52,84,110,190,330,370,36000,36000,36000,36000,88,9,53,1037.362879807171,7.26743700215593,36190.82374300342,40.39772727272727
1781567661,10,GET,/api/load/memory-heavy [GET],2.900000,0.000000,7,9,34,66,140,150,180,180,180,180,180,53,8,28,1049.8348113768823,1.5872470030444674,19844.133311002224,44.15094339622642
1781567661,10,GET,/api/products [GET],4.700000,0.000000,3,4,4,6,42,69,150,36000,36000,36000,36000,92,11,4,1479.3747570108637,1.8266719998791814,36473.63180299726,105.65217391304348
1781567661,10,,Aggregated,13.000000,0.000000,10,13,29,51,120,180,370,36000,36000,36000,36000,233,28,15,1214.7281376437995,1.5872470030444674,36473.63180299726,67.01716738197425
1781567662,10,GET,/api/load/cpu-heavy [GET],5.600000,0.000000,16,47,80,94,150,240,300,36000,36000,36000,36000,96,9,53,955.653733239842,7.26743700215593,36190.82374300342,40.78125
1781567662,10,GET,/api/load/memory-heavy [GET],2.700000,0.000000,7,10,34,66,140,150,180,180,180,180,180,56,8,19,996.3568009280997,1.5872470030444674,19844.133311002224,44.57142857142857
1781567662,10,GET,/api/products [GET],5.400000,0.000000,3,3,4,4,19,51,69,36000,36000,36000,36000,96,11,4,1417.854919322887,1.8266719998791814,36473.63180299726,106.25
1781567662,10,,Aggregated,13.700000,0.000000,10,13,19,47,100,150,300,36000,36000,36000,36000,248,28,14,1143.761336685466,1.5872470030444674,36473.63180299726,66.97983870967742
1781567663,10,GET,/api/load/cpu-heavy [GET],5.700000,0.000000,14,19,53,80,100,150,170,36000,36000,36000,36000,100,9,47,917.8901790602686,7.26743700215593,36190.82374300342,40.95
1781567663,10,GET,/api/load/memory-heavy [GET],3.000000,0.000000,7,8,16,28,120,140,150,150,150,150,150,61,8,10,915.2794088192616,1.5872470030444674,19844.133311002224,45.18032786885246
1781567663,10,GET,/api/products [GET],5.700000,0.000000,3,3,4,4,10,50,69,36000,36000,36000,36000,106,11,4,1284.3484830942234,1.8081719972542487,36473.63180299726,107.54716981132076
1781567663,10,,Aggregated,14.400000,0.000000,8,12,16,21,80,140,150,36000,36000,36000,36000,267,28,12,1062.779030157264,1.5872470030444674,36473.63180299726,68.35580524344569
1781567664,10,GET,/api/load/cpu-heavy [GET],5.700000,0.000000,13,16,29,53,100,150,170,36000,36000,36000,36000,103,9,35,891.5258695246274,7.26743700215593,36190.82374300342,41.067961165048544
1781567664,10,GET,/api/load/memory-heavy [GET],3.200000,0.000000,7,8,10,16,120,140,150,150,150,150,150,66,8,10,846.5059121661012,1.5872470030444674,19844.133311002224,45.696969696969695
1781567664,10,GET,/api/products [GET],6.000000,0.000000,3,3,3,4,6,50,69,36000,36000,36000,36000,111,11,4,1226.6362495674502,1.8081719972542487,36473.63180299726,108.10810810810811
1781567664,10,,Aggregated,14.900000,0.000000,7,11,13,16,69,140,150,36000,36000,36000,36000,280,28,12,1013.7613516642367,1.5872470030444674,36473.63180299726,68.73571428571428
1781567665,10,GET,/api/load/cpu-heavy [GET],5.900000,0.000000,13,14,16,34,94,140,150,36000,36000,36000,36000,110,9,19,835.5393459640089,7.26743700215593,36190.82374300342,41.31818181818182
1781567665,10,GET,/api/load/memory-heavy [GET],3.300000,0.000000,7,8,10,16,120,140,150,150,150,150,150,70,8,9,798.4781675994911,1.5872470030444674,19844.133311002224,46.05714285714286
1781567665,10,GET,/api/products [GET],6.200000,0.000000,3,3,3,3,6,50,69,36000,36000,36000,36000,118,11,3,1154.0235630762531,1.8081719972542487,36473.63180299726,108.8135593220339
1781567665,10,,Aggregated,15.400000,0.000000,7,11,13,14,53,120,150,36000,36000,36000,36000,298,28,11,952.9449001040377,1.5872470030444674,36473.63180299726,69.15771812080537
1781567666,10,GET,/api/load/cpu-heavy [GET],5.800000,0.000000,13,14,16,29,93,110,140,150,150,150,150,114,9,17,806.6259156407077,7.26743700215593,36190.82374300342,41.44736842105263
1781567666,10,GET,/api/load/memory-heavy [GET],3.800000,0.000000,7,8,10,10,66,140,150,150,150,150,150,75,8,8,745.719163279476,1.5872470030444674,19844.133311002224,46.45333333333333
1781567666,10,GET,/api/products [GET],6.800000,0.000000,3,3,3,3,4,11,51,69,69,69,69,122,11,3,1116.2698900736925,1.6936789979808964,36473.63180299726,109.18032786885246
1781567666,10,,Aggregated,16.400000,0.000000,7,11,12,14,50,98,140,150,150,150,150,311,28,11,913.4058463601025,1.5872470030444674,36473.63180299726,69.2250803858521
1781567667,10,GET,/api/load/cpu-heavy [GET],5.800000,0.000000,13,16,44,69,94,160,160,210,210,210,210,123,9,29,754.6561249026984,7.26743700215593,36190.82374300342,41.707317073170735
1781567667,10,GET,/api/load/memory-heavy [GET],4.000000,0.000000,7,8,10,13,120,140,150,150,150,150,150,77,8,8,726.7075770773831,1.5872470030444674,19844.133311002224,46.5974025974026
1781567667,10,GET,/api/products [GET],6.600000,0.000000,3,3,3,3,6,51,64,69,69,69,69,125,11,3,1090.0517353438772,1.6936789979808964,36473.63180299726,109.44
1781567667,10,,Aggregated,16.400000,0.000000,7,11,13,15,69,140,150,160,210,210,210,325,28,11,877.0327806645387,1.5872470030444674,36473.63180299726,68.91692307692308
1781567668,10,GET,/api/load/cpu-heavy [GET],5.600000,0.000000,13,16,34,47,93,160,160,210,210,210,210,132,9,19,704.561274417067,7.26743700215593,36190.82374300342,41.93181818181818
1781567668,10,GET,/api/load/memory-heavy [GET],4.200000,0.000000,7,8,10,10,66,140,150,150,150,150,150,81,8,8,691.1684278759676,1.5872470030444674,19844.133311002224,46.864197530864196
1781567668,10,GET,/api/products [GET],6.900000,0.000000,3,3,3,3,4,6,11,64,64,64,64,129,11,3,1056.323210720867,1.6936789979808964,36473.63180299726,109.76744186046511
1781567668,10,,Aggregated,16.700000,0.000000,7,11,12,13,38,90,140,160,210,210,210,342,28,11,834.0714183157838,1.5872470030444674,36473.63180299726,68.68713450292398
1781567669,10,GET,/api/load/cpu-heavy [GET],5.700000,0.000000,14,24,61,76,94,140,160,210,210,210,210,143,9,21,654.4585213570089,7.26743700215593,36190.82374300342,42.16783216783217
1781567669,10,GET,/api/load/memory-heavy [GET],4.200000,0.000000,7,7,8,9,10,20,140,140,140,140,140,81,8,8,691.1684278759676,1.5872470030444674,19844.133311002224,46.864197530864196
1781567669,10,GET,/api/products [GET],6.300000,0.000000,3,3,3,3,4,64,87,95,95,95,95,136,11,3,1003.3770216322783,1.6936789979808964,36473.63180299726,110.29411764705883
1781567669,10,,Aggregated,16.200000,0.000000,8,11,13,16,76,95,140,160,210,210,210,360,28,11,794.5319059833208,1.5872470030444674,36473.63180299726,68.96111111111111
1781567670,10,GET,/api/load/cpu-heavy [GET],5.800000,0.000000,14,24,61,73,94,140,160,210,210,210,210,150,9,17,624.5464394736822,7.26743700215593,36190.82374300342,42.3
1781567670,10,GET,/api/load/memory-heavy [GET],4.100000,0.000000,7,8,9,10,13,49,140,140,140,140,140,84,8,8,667.2267609042353,1.5872470030444674,19844.133311002224,47.04761904761905
1781567670,10,GET,/api/products [GET],6.100000,0.000000,3,3,3,3,6,64,87,95,95,95,95,144,11,3,947.8558225762552,1.6936789979808964,36473.63180299726,110.83333333333333
1781567670,10,,Aggregated,16.000000,0.000000,10,11,13,16,76,95,140,160,210,210,210,378,28,11,757.1964346243091,1.5872470030444674,36473.63180299726,69.46296296296296
1781567671,10,GET,/api/load/cpu-heavy [GET],6.500000,0.000000,13,17,61,73,94,140,160,210,210,210,210,155,9,17,604.7709743551452,7.26743700215593,36190.82374300342,42.38709677419355
1781567671,10,GET,/api/load/memory-heavy [GET],3.600000,0.000000,6,8,8,10,13,49,140,140,140,140,140,88,8,8,637.19648266992,1.5872470030444674,19844.133311002224,47.27272727272727
1781567671,10,GET,/api/products [GET],6.100000,0.000000,3,3,3,3,4,64,87,95,95,95,95,147,11,3,928.5682350542926,1.6936789979808964,36473.63180299726,111.0204081632653
1781567671,10,,Aggregated,16.200000,0.000000,9,11,13,15,73,95,140,160,210,210,210,390,28,11,734.1341591102089,1.5872470030444674,36473.63180299726,69.35897435897436
1781567672,10,GET,/api/load/cpu-heavy [GET],6.700000,0.000000,13,24,61,75,120,130,160,210,210,210,210,164,9,17,574.8143083600131,7.26743700215593,36190.82374300342,42.53048780487805
1781567672,10,GET,/api/load/memory-heavy [GET],3.900000,0.000000,6,7,8,8,10,20,49,49,49,49,49,89,8,8,630.1057313140835,1.5872470030444674,19844.133311002224,47.325842696629216
1781567672,10,GET,/api/products [GET],5.900000,0.000000,3,3,3,4,19,76,87,95,95,95,95,154,11,3,887.3013713764285,1.6936789979808964,36473.63180299726,111.42857142857143
1781567672,10,,Aggregated,16.500000,0.000000,10,11,15,20,76,110,160,160,210,210,210,407,28,11,705.1434099507754,1.5872470030444674,36473.63180299726,69.64864864864865
1781567673,10,GET,/api/load/cpu-heavy [GET],6.800000,0.000000,14,28,67,76,120,130,160,210,210,210,210,170,9,17,556.0864532413902,7.26743700215593,36190.82374300342,42.61764705882353
1781567673,10,GET,/api/load/memory-heavy [GET],3.400000,0.000000,6,7,8,10,19,20,49,49,49,49,49,92,8,8,609.9521065973576,1.5872470030444674,19844.133311002224,47.47826086956522
1781567673,10,GET,/api/products [GET],6.000000,0.000000,3,3,5,6,35,76,87,95,95,95,95,161,11,3,849.3569485775122,1.6936789979808964,36473.63180299726,111.80124223602485
1781567673,10,,Aggregated,16.200000,0.000000,10,13,17,28,78,110,160,160,210,210,210,423,28,11,679.4249635436707,1.5872470030444674,36473.63180299726,70.00709219858156
1781567674,10,GET,/api/load/cpu-heavy [GET],6.800000,0.000000,16,38,67,76,120,130,160,210,210,210,210,175,9,17,540.9309254744688,7.26743700215593,36190.82374300342,42.68571428571428
1781567674,10,GET,/api/load/memory-heavy [GET],3.300000,0.000000,6,7,8,11,19,20,49,49,49,49,49,93,8,8,603.4524557522594,1.5872470030444674,19844.133311002224,47.526881720430104
1781567674,10,GET,/api/products [GET],5.900000,0.000000,3,3,5,6,35,76,87,95,95,95,95,165,11,3,828.8431480302031,1.6936789979808964,36473.63180299726,112.0
1781567674,10,,Aggregated,16.000000,0.000000,10,13,20,38,78,110,160,160,210,210,210,433,28,11,664.0718470392048,1.5872470030444674,36473.63180299726,70.13856812933025
1781567675,10,GET,/api/load/cpu-heavy [GET],6.800000,0.000000,17,44,63,75,110,130,160,210,210,210,210,185,9,17,513.7334269244928,7.26743700215593,36190.82374300342,42.810810810810814
1781567675,10,GET,/api/load/memory-heavy [GET],3.300000,0.000000,6,8,10,11,19,20,49,49,49,49,49,94,8,7,597.0905942655356,1.5872470030444674,19844.133311002224,47.57446808510638
1781567675,10,GET,/api/products [GET],5.700000,0.000000,3,4,7,13,50,76,87,95,95,95,95,172,11,3,795.7898433951625,1.573276000272017,36473.63180299726,112.32558139534883
1781567675,10,,Aggregated,15.800000,0.000000,11,17,35,50,78,110,160,160,210,210,210,451,28,11,638.6763922526818,1.573276000272017,36473.63180299726,70.31485587583148
1781567676,10,GET,/api/load/cpu-heavy [GET],7.000000,0.000000,17,37,60,67,110,130,160,160,160,160,160,188,9,17,505.7573099416681,7.26743700215593,36190.82374300342,42.84574468085106
1781567676,10,GET,/api/load/memory-heavy [GET],3.000000,0.000000,6,8,10,10,19,20,49,49,49,49,49,98,8,7,573.0173040608453,1.5872470030444674,19844.133311002224,47.755102040816325
1781567676,10,GET,/api/products [GET],5.300000,0.000000,3,3,6,7,50,76,87,95,95,95,95,179,11,3,764.7853493629925,1.573276000272017,36473.63180299726,112.62569832402235
1781567676,10,,Aggregated,15.300000,0.000000,10,14,24,38,75,110,130,160,160,160,160,465,28,11,619.6444034472519,1.573276000272017,36473.63180299726,70.74193548387096
1781567677,10,GET,/api/load/cpu-heavy [GET],7.000000,0.000000,17,32,60,63,91,120,130,140,140,140,140,198,9,17,482.28071237893096,7.26743700215593,36190.82374300342,42.95454545454545
1781567677,10,GET,/api/load/memory-heavy [GET],2.600000,0.000000,6,8,9,10,11,19,49,49,49,49,49,100,8,7,561.7075748895877,1.5872470030444674,19844.133311002224,47.84
1781567677,10,GET,/api/products [GET],5.500000,0.000000,3,4,7,9,50,76,87,95,95,95,95,183,11,3,748.2613215353842,1.573276000272017,36473.63180299726,112.78688524590164
1781567677,10,,Aggregated,15.100000,0.000000,10,14,24,49,75,95,130,130,140,140,140,481,28,11,599.9878594198802,1.573276000272017,36473.63180299726,70.53846153846153
1781567678,10,GET,/api/load/cpu-heavy [GET],7.500000,0.000000,17,37,60,63,110,120,130,140,140,140,140,205,9,17,467.0037539123214,7.26743700215593,36190.82374300342,43.02439024390244
1781567678,10,GET,/api/load/memory-heavy [GET],2.200000,0.000000,7,8,9,10,19,22,49,49,49,49,49,102,8,8,550.9893364603569,1.5872470030444674,19844.133311002224,47.92156862745098
1781567678,10,GET,/api/products [GET],5.700000,0.000000,3,5,8,13,50,76,87,95,95,95,95,187,11,3,732.4436923849192,1.573276000272017,36473.63180299726,112.94117647058823
1781567678,10,,Aggregated,15.400000,0.000000,10,16,28,49,72,95,130,130,140,140,140,494,28,11,584.8252071800854,1.573276000272017,36473.63180299726,70.50202429149797
1781567679,10,GET,/api/load/cpu-heavy [GET],7.600000,0.000000,16,28,50,60,89,120,130,140,140,140,140,213,9,17,450.171622108159,7.26743700215593,36190.82374300342,43.098591549295776
1781567679,10,GET,/api/load/memory-heavy [GET],2.400000,0.000000,7,8,9,10,19,22,49,49,49,49,49,103,8,8,545.7012638442181,1.5872470030444674,19844.133311002224,47.96116504854369
1781567679,10,GET,/api/products [GET],5.700000,0.000000,3,4,7,9,27,50,69,76,76,76,76,192,11,3,713.4703039322403,1.573276000272017,36473.63180299726,113.125
1781567679,10,,Aggregated,15.700000,0.000000,10,13,21,31,60,89,130,130,140,140,140,508,28,11,569.0552835432726,1.573276000272017,36473.63180299726,70.55118110236221
1781567680,10,GET,/api/load/cpu-heavy [GET],7.500000,0.000000,17,31,50,60,89,120,130,140,140,140,140,218,9,17,440.15316834875944,7.26743700215593,36190.82374300342,43.142201834862384
1781567680,10,GET,/api/load/memory-heavy [GET],2.300000,0.000000,7,9,10,11,19,22,52,52,52,52,52,106,8,8,530.9847670467652,1.5872470030444674,19844.133311002224,48.075471698113205
1781567680,10,GET,/api/products [GET],5.700000,0.000000,3,5,9,19,49,50,69,76,76,76,76,200,11,3,685.7342214899109,1.573276000272017,36473.63180299726,113.4
1781567680,10,,Aggregated,15.500000,0.000000,10,17,23,37,60,76,130,130,140,140,140,524,28,11,552.2607257728413,1.573276000272017,36473.63180299726,70.95610687022901
1781567681,12,GET,/api/load/cpu-heavy [GET],7.100000,0.000000,20,42,60,67,120,130,150,170,170,170,170,224,9,17,430.754736776927,7.26743700215593,36190.82374300342,43.191964285714285
1781567681,12,GET,/api/load/memory-heavy [GET],2.200000,0.000000,9,10,19,19,24,52,65,65,65,65,65,110,8,8,512.6635637813623,1.5872470030444674,19844.133311002224,48.21818181818182
1781567681,12,GET,/api/products [GET],5.800000,0.000000,3,6,9,13,42,50,50,69,69,69,69,207,11,3,662.8173243573651,1.573276000272017,36473.63180299726,113.6231884057971
1781567681,12,,Aggregated,15.100000,0.000000,11,19,27,47,65,110,140,150,170,170,170,541,28,11,536.2019208797709,1.573276000272017,36473.63180299726,71.16266173752311
1781567682,14,GET,/api/load/cpu-heavy [GET],7.000000,0.000000,22,50,65,74,170,260,320,330,330,330,330,232,9,19,423.9003677586942,7.26743700215593,36190.82374300342,43.25431034482759
1781567682,14,GET,/api/load/memory-heavy [GET],2.100000,0.000000,10,19,22,24,65,98,100,100,100,100,100,113,8,8,500.97416710569286,1.5872470030444674,19844.133311002224,48.31858407079646
1781567682,14,GET,/api/products [GET],5.600000,0.000000,3,8,25,42,50,78,80,200,200,200,200,217,11,3,635.152223728033,1.573276000272017,36473.63180299726,113.91705069124424
1781567682,14,,Aggregated,14.700000,0.000000,12,24,50,52,91,170,300,320,330,330,330,562,28,11,520.9661899500775,1.573276000272017,36473.63180299726,71.55693950177935
1781567683,15,GET,/api/load/cpu-heavy [GET],6.700000,0.000000,31,61,120,140,230,320,440,450,450,450,450,239,9,21,417.65832790382063,7.26743700215593,36190.82374300342,43.30543933054393
1781567683,15,GET,/api/load/memory-heavy [GET],2.400000,0.000000,10,22,45,52,81,98,100,100,100,100,100,116,8,8,489.1702873616129,1.5872470030444674,19844.133311002224,48.41379310344828
1781567683,15,GET,/api/products [GET],5.800000,0.000000,4,11,42,50,61,78,100,200,200,200,200,225,11,3,614.066076448847,1.573276000272017,36473.63180299726,114.13333333333334
1781567683,15,,Aggregated,14.900000,0.000000,14,42,57,65,140,200,320,440,450,450,450,580,28,11,508.1533808688807,1.573276000272017,36473.63180299726,71.80344827586207
1781567684,17,GET,/api/load/cpu-heavy [GET],6.800000,0.000000,26,65,91,140,180,320,440,450,450,450,450,249,9,21,402.5407890521783,7.26743700215593,36190.82374300342,43.373493975903614
1781567684,17,GET,/api/load/memory-heavy [GET],2.300000,0.000000,9,14,24,45,81,98,100,100,100,100,100,121,8,8,469.28911130540536,1.5872470030444674,19844.133311002224,48.56198347107438
1781567684,17,GET,/api/products [GET],6.100000,0.000000,4,11,31,50,61,78,100,200,200,200,200,234,11,3,590.6902920298587,1.573276000272017,36473.63180299726,114.35897435897436
1781567684,17,,Aggregated,15.200000,0.000000,13,34,50,66,130,180,320,440,450,450,450,604,28,11,488.8049127101546,1.573276000272017,36473.63180299726,71.91390728476821
1781567685,19,GET,/api/load/cpu-heavy [GET],6.900000,0.000000,49,91,150,180,300,400,440,450,450,450,450,259,9,24,395.88602088416167,7.26743700215593,36190.82374300342,43.43629343629344
1781567685,19,GET,/api/load/memory-heavy [GET],2.300000,0.000000,19,50,63,76,100,170,210,210,210,210,210,129,8,9,446.2866188368089,1.5872470030444674,19844.133311002224,48.775193798449614
1781567685,19,GET,/api/products [GET],6.200000,0.000000,8,26,41,50,75,80,110,200,200,200,200,247,11,3,561.1803899635207,1.573276000272017,36473.63180299726,114.65587044534414
1781567685,19,,Aggregated,15.400000,0.000000,21,50,74,83,170,260,400,440,450,450,450,635,28,11,470.42048749596194,1.573276000272017,36473.63180299726,72.22362204724409
1781567686,21,GET,/api/load/cpu-heavy [GET],7.100000,0.000000,49,120,160,180,300,400,440,450,450,450,450,268,9,26,385.33409473880124,7.26743700215593,36190.82374300342,43.48880597014925
1781567686,21,GET,/api/load/memory-heavy [GET],2.700000,0.000000,21,50,65,76,100,170,210,210,210,210,210,135,8,9,427.80392305139685,1.5872470030444674,19844.133311002224,48.91851851851852
1781567686,21,GET,/api/products [GET],6.500000,0.000000,8,27,42,50,75,84,110,200,200,200,200,258,11,3,538.3600260464909,1.573276000272017,36473.63180299726,114.88372093023256
1781567686,21,,Aggregated,16.300000,0.000000,23,50,75,84,170,240,400,440,450,450,450,661,28,12,453.73669246888346,1.573276000272017,36473.63180299726,72.464447806354
1781567687,23,GET,/api/load/cpu-heavy [GET],7.500000,0.000000,84,170,230,320,450,680,740,790,790,790,790,278,9,32,391.195690500046,7.26743700215593,36190.82374300342,43.5431654676259
1781567687,23,GET,/api/load/memory-heavy [GET],3.000000,0.000000,45,76,99,150,420,430,730,730,730,730,730,140,8,9,428.35859100674236,1.5872470030444674,19844.133311002224,49.02857142857143
1781567687,23,GET,/api/products [GET],7.100000,0.000000,9,38,50,57,83,110,190,200,200,200,200,262,11,3,532.2782204312917,1.573276000272017,36473.63180299726,114.9618320610687
1781567687,23,,Aggregated,17.600000,0.000000,40,75,110,160,320,440,700,740,790,790,790,680,28,12,453.2051447837576,1.573276000272017,36473.63180299726,72.18970588235294
1781567688,25,GET,/api/load/cpu-heavy [GET],7.800000,0.000000,160,290,440,480,690,770,850,890,890,890,890,291,9,42,401.78157581104233,7.26743700215593,36190.82374300342,43.608247422680414
1781567688,25,GET,/api/load/memory-heavy [GET],3.900000,0.000000,63,99,190,210,480,540,730,730,730,730,730,147,8,10,424.64282380224546,1.5872470030444674,19844.133311002224,49.17006802721088
1781567688,25,GET,/api/products [GET],7.500000,0.000000,23,50,61,77,110,190,400,530,530,530,530,269,11,4,523.4351494423868,1.573276000272017,36473.63180299726,115.09293680297398
1781567688,25,,Aggregated,19.200000,0.000000,52,110,180,240,480,680,770,820,890,890,890,707,28,13,452.8217664214221,1.573276000272017,36473.63180299726,71.96322489391797
1781567689,27,GET,/api/load/cpu-heavy [GET],7.700000,0.000000,190,400,480,590,700,790,890,910,910,910,910,296,9,44,405.87234043923183,7.26743700215593,36190.82374300342,43.63175675675676
1781567689,27,GET,/api/load/memory-heavy [GET],3.700000,0.000000,76,170,380,430,530,540,740,740,740,740,740,152,8,10,424.8596358877541,1.5872470030444674,19844.133311002224,49.26315789473684
1781567689,27,GET,/api/products [GET],8.200000,0.000000,29,58,78,87,120,190,400,530,530,530,530,277,11,4,512.0005426570224,1.573276000272017,36473.63180299726,115.2346570397112
1781567689,27,,Aggregated,19.600000,0.000000,75,150,230,380,540,700,790,850,910,910,910,725,28,14,450.40141757371924,1.573276000272017,36473.63180299726,72.1696551724138
1781567690,29,GET,/api/load/cpu-heavy [GET],8.100000,0.000000,300,530,680,700,900,1000,1200,1500,1500,1500,1500,307,9,49,427.10680396094443,7.26743700215593,36190.82374300342,43.68078175895766
1781567690,29,GET,/api/load/memory-heavy [GET],3.900000,0.000000,99,210,430,500,540,740,1000,1200,1200,1200,1200,160,8,13,429.3318050307789,1.5872470030444674,19844.133311002224,49.4
1781567690,29,GET,/api/products [GET],7.900000,0.000000,50,84,120,170,310,400,550,570,570,570,570,293,11,4,498.48466950168046,1.573276000272017,36473.63180299726,115.49488054607508
1781567690,29,,Aggregated,19.900000,0.000000,100,230,400,480,700,890,1100,1200,1500,1500,1500,760,28,16,455.0932707696407,1.573276000272017,36473.63180299726,72.57105263157895
1781567691,31,GET,/api/load/cpu-heavy [GET],8.500000,0.000000,400,560,680,700,900,1100,1400,1500,1500,1500,1500,320,9,60,429.6762820531285,7.26743700215593,36190.82374300342,43.734375
1781567691,31,GET,/api/load/memory-heavy [GET],4.500000,0.000000,170,360,430,500,540,740,1000,1200,1200,1200,1200,165,8,16,426.1096287753334,1.5872470030444674,19844.133311002224,49.47878787878788
1781567691,31,GET,/api/products [GET],8.300000,0.000000,61,110,170,190,330,400,550,570,570,570,570,301,11,4,489.6800066511231,1.573276000272017,36473.63180299726,115.61461794019934
1781567691,31,,Aggregated,21.300000,0.000000,150,330,440,500,700,900,1200,1200,1500,1500,1500,786,28,17,451.90608270600404,1.573276000272017,36473.63180299726,72.46692111959288
1781567692,33,GET,/api/load/cpu-heavy [GET],8.600000,0.000000,470,680,700,820,930,1100,1400,1500,1500,1500,1500,329,9,63,439.15328364747194,7.26743700215593,36190.82374300342,43.76899696048632
1781567692,33,GET,/api/load/memory-heavy [GET],4.900000,0.000000,190,360,430,480,540,730,1000,1200,1200,1200,1200,175,8,19,416.26740740533154,1.5872470030444674,19844.133311002224,49.62285714285714
1781567692,33,GET,/api/products [GET],8.900000,0.000000,67,120,170,190,330,400,550,570,570,570,570,318,11,5,470.41247635533864,1.573276000272017,36473.63180299726,115.84905660377359
1781567692,33,,Aggregated,22.400000,0.000000,170,340,470,530,740,910,1100,1200,1500,1500,1500,822,28,21,446.3739587554124,1.573276000272017,36473.63180299726,72.90024330900243
1781567693,34,GET,/api/load/cpu-heavy [GET],8.900000,0.000000,590,700,780,830,970,1100,1200,1400,1500,1500,1500,345,9,73,453.19550827833524,7.26743700215593,36190.82374300342,43.82608695652174
1781567693,34,GET,/api/load/memory-heavy [GET],5.500000,0.000000,240,380,430,500,580,740,1000,1200,1200,1200,1200,179,8,20,415.58450534595886,1.5872470030444674,19844.133311002224,49.675977653631286
1781567693,34,GET,/api/products [GET],9.200000,0.000000,110,170,250,300,380,460,550,570,620,620,620,330,11,6,466.1792522909033,1.573276000272017,36473.63180299726,116.0
1781567693,34,,Aggregated,23.600000,0.000000,250,430,530,630,790,960,1100,1200,1500,1500,1500,854,28,27,450.32930921422764,1.573276000272017,36473.63180299726,72.94145199063232
1781567694,36,GET,/api/load/cpu-heavy [GET],9.600000,0.000000,660,740,820,850,1000,1100,1400,1500,1500,1500,1500,347,9,74,454.85385487039616,7.26743700215593,36190.82374300342,43.8328530259366
1781567694,36,GET,/api/load/memory-heavy [GET],5.700000,0.000000,330,430,500,530,640,900,1000,1200,1200,1200,1200,184,8,22,418.8803083527645,1.5872470030444674,19844.133311002224,49.73913043478261
1781567694,36,GET,/api/products [GET],9.400000,0.000000,160,220,280,330,400,480,550,570,620,620,620,349,11,7,454.03702447278357,1.573276000272017,36473.63180299726,116.21776504297995
1781567694,36,,Aggregated,24.700000,0.000000,310,450,540,640,820,970,1100,1200,1500,1500,1500,880,28,34,447.0081658158382,1.573276000272017,36473.63180299726,73.775
1781567695,38,GET,/api/load/cpu-heavy [GET],10.000000,0.000000,700,830,930,990,1300,1400,1500,1600,1600,1600,1600,363,9,83,483.52994558409983,7.26743700215593,36190.82374300342,43.88429752066116
1781567695,38,GET,/api/load/memory-heavy [GET],6.500000,0.000000,380,470,530,560,730,900,1000,1200,1200,1200,1200,187,8,28,422.2432459139388,1.5872470030444674,19844.133311002224,49.775401069518715
1781567695,38,GET,/api/products [GET],10.400000,0.000000,190,250,320,360,470,550,570,620,760,760,760,362,11,9,449.31889995582446,1.573276000272017,36473.63180299726,116.353591160221
1781567695,38,,Aggregated,26.900000,0.000000,380,530,670,700,930,1100,1400,1500,1600,1600,1600,912,28,42,457.3840997992799,1.573276000272017,36473.63180299726,73.85745614035088
1781567696,40,GET,/api/load/cpu-heavy [GET],10.400000,0.000000,740,860,970,1100,1400,1400,1500,1600,1600,1600,1600,376,9,90,499.1111200772061,7.26743700215593,36190.82374300342,43.922872340425535
1781567696,40,GET,/api/load/memory-heavy [GET],6.200000,0.000000,420,500,560,630,760,900,1000,1200,1200,1200,1200,194,8,38,426.86137650462024,1.5872470030444674,19844.133311002224,49.855670103092784
1781567696,40,GET,/api/products [GET],11.400000,0.000000,220,310,360,390,500,560,760,840,970,970,970,379,11,13,446.8851382242876,1.573276000272017,36473.63180299726,116.51715039577836
1781567696,40,,Aggregated,28.000000,0.000000,430,590,700,770,990,1200,1400,1500,1600,1600,1600,949,28,50,463.48404170487964,1.573276000272017,36473.63180299726,74.12750263435196
1781567697,42,GET,/api/load/cpu-heavy [GET],10.200000,0.000000,800,960,1100,1200,1400,1400,1500,1600,1600,1600,1600,392,9,110.0,519.3815871684355,7.26743700215593,36190.82374300342,43.96683673469388
1781567697,42,GET,/api/load/memory-heavy [GET],6.100000,0.000000,380,500,580,640,850,990,1000,1200,1200,1200,1200,198,8,44,431.13764463075745,1.5872470030444674,19844.133311002224,49.898989898989896
1781567697,42,GET,/api/products [GET],11.300000,0.000000,230,330,390,450,560,760,840,880,970,970,970,390,11,21,452.14225191287903,1.573276000272017,36473.63180299726,116.61538461538461
1781567697,42,,Aggregated,27.600000,0.000000,450,640,760,840,1100,1300,1400,1500,1600,1600,1600,980,28,52,474.7941980132036,1.573276000272017,36473.63180299726,74.0765306122449
1781567698,44,GET,/api/load/cpu-heavy [GET],10.800000,0.000000,860,1100,1200,1300,1400,1500,1600,1600,1900,1900,1900,403,9,120.0,540.4008699826893,7.26743700215593,36190.82374300342,43.99503722084367
1781567698,44,GET,/api/load/memory-heavy [GET],5.800000,0.000000,410,560,650,760,900,1000,1200,1200,1200,1200,1200,202,8,49,438.888603623217,1.5872470030444674,19844.133311002224,49.94059405940594
1781567698,44,GET,/api/products [GET],11.400000,0.000000,260,340,390,460,560,760,840,880,970,970,970,398,11,26,449.28142969352785,1.573276000272017,36473.63180299726,116.68341708542714
1781567698,44,,Aggregated,28.000000,0.000000,470,670,830,910,1200,1400,1500,1600,1900,1900,1900,1003,28,61,483.7996585772061,1.573276000272017,36473.63180299726,74.03589232303091
1781567699,46,GET,/api/load/cpu-heavy [GET],11.000000,0.000000,890,1100,1200,1300,1400,1600,1900,2000,2100,2100,2100,414,9,140.0,558.3761180604276,7.26743700215593,36190.82374300342,44.02173913043478
1781567699,46,GET,/api/load/memory-heavy [GET],5.800000,0.000000,380,560,650,770,890,990,990,1200,1200,1200,1200,208,8,52,443.27923211004907,1.5872470030444674,19844.133311002224,50.0
1781567699,46,GET,/api/products [GET],11.800000,0.000000,280,370,440,480,660,790,880,920,970,970,970,414,11,35,450.78578862080906,1.573276000272017,36473.63180299726,116.81159420289855
1781567699,46,,Aggregated,28.600000,0.000000,470,700,840,910,1200,1400,1600,1900,2100,2100,2100,1036,28,69,492.273271858033,1.573276000272017,36473.63180299726,74.30984555984556
1781567700,48,GET,/api/load/cpu-heavy [GET],11.100000,0.000000,960,1200,1300,1400,1500,1900,2000,2100,2400,2400,2400,431,9,160.0,591.302498350407,7.26743700215593,36190.82374300342,44.06032482598608
1781567700,48,GET,/api/load/memory-heavy [GET],6.000000,0.000000,430,670,840,850,990,1200,2000,2100,2100,2100,2100,214,8,66,464.8563357658761,1.5872470030444674,19844.133311002224,50.05607476635514
1781567700,48,GET,/api/products [GET],13.100000,0.000000,310,390,460,510,680,800,920,970,1300,1300,1300,418,11,38,451.4394828636613,1.573276000272017,36473.63180299726,116.84210526315789
1781567700,48,,Aggregated,30.200000,0.000000,550,800,950,1000,1400,1500,2000,2100,2400,2400,2400,1063,28,76,510.84885840069,1.573276000272017,36473.63180299726,73.88711194731891
1781567701,50,GET,/api/load/cpu-heavy [GET],11.900000,0.000000,1100,1200,1400,1400,1600,2000,2400,2600,2900,2900,2900,446,9,180.0,620.4836472489036,7.26743700215593,36190.82374300342,44.091928251121075
1781567701,50,GET,/api/load/memory-heavy [GET],5.600000,0.000000,590,840,900,990,1200,1300,2000,2100,2100,2100,2100,223,8,83,482.3048686408143,1.5872470030444674,19844.133311002224,50.134529147982065
1781567701,50,GET,/api/products [GET],12.800000,0.000000,340,450,520,560,780,840,920,970,1300,1300,1300,431,11,42,455.64619532948103,1.573276000272017,36473.63180299726,116.93735498839906
1781567701,50,,Aggregated,30.300000,0.000000,640,850,1000,1200,1400,1600,2000,2100,2900,2900,2900,1100,28,84,527.8847296062901,1.573276000272017,36473.63180299726,73.85909090909091
1781567702,51,GET,/api/load/cpu-heavy [GET],11.800000,0.000000,1200,1300,1400,1500,1800,2000,2400,2600,2900,2900,2900,455,9,210.0,636.6350023824482,7.26743700215593,36190.82374300342,44.10989010989011
1781567702,51,GET,/api/load/memory-heavy [GET],5.600000,0.000000,810,900,990,1100,1200,1300,2000,2100,2100,2100,2100,232,8,98,500.91187405999744,1.5872470030444674,19844.133311002224,50.206896551724135
1781567702,51,GET,/api/products [GET],13.300000,0.000000,380,500,560,620,790,840,920,970,1300,1300,1300,445,11,50,456.21451002472406,1.573276000272017,36473.63180299726,117.03370786516854
1781567702,51,,Aggregated,30.700000,0.000000,740,970,1100,1200,1400,1800,2100,2400,2900,2900,2900,1132,28,98,537.8939380096605,1.573276000272017,36473.63180299726,74.02650176678445
1781567703,53,GET,/api/load/cpu-heavy [GET],12.700000,0.000000,1200,1400,1500,1600,1800,2000,2400,2600,2900,2900,2900,466,9,230.0,654.4092637382145,7.26743700215593,36190.82374300342,44.13090128755365
1781567703,53,GET,/api/load/memory-heavy [GET],5.400000,0.000000,840,970,1000,1100,1200,1300,2000,2100,2100,2100,2100,233,8,99,502.4784092442944,1.5872470030444674,19844.133311002224,50.21459227467811
1781567703,53,GET,/api/products [GET],13.100000,0.000000,410,550,630,750,840,920,1100,1300,1400,1400,1400,451,11,51,462.27903898005894,1.573276000272017,36473.63180299726,117.07317073170732
1781567703,53,,Aggregated,31.200000,0.000000,810,1000,1200,1300,1500,1800,2100,2400,2900,2900,2900,1150,28,100.0,548.2782894225526,1.573276000272017,36473.63180299726,73.9695652173913
1781567704,55,GET,/api/load/cpu-heavy [GET],12.900000,0.000000,1200,1400,1500,1600,1900,2000,2400,2600,2900,2900,2900,476,9,240.0,675.5609935861371,7.26743700215593,36190.82374300342,44.14915966386555
1781567704,55,GET,/api/load/memory-heavy [GET],5.500000,0.000000,870,990,1100,1200,1500,2000,2100,2100,2100,2100,2100,237,8,120.0,521.9509934764643,1.5872470030444674,19844.133311002224,50.244725738396625
1781567704,55,GET,/api/products [GET],12.800000,0.000000,500,620,750,790,950,1400,1800,2100,2300,2300,2300,459,11,57,479.36981098695577,1.573276000272017,36473.63180299726,117.12418300653594
1781567704,55,,Aggregated,31.200000,0.000000,850,1200,1300,1400,1700,2000,2200,2400,2900,2900,2900,1172,28,110.0,567.6622539624028,1.573276000272017,36473.63180299726,73.96160409556315
1781567705,57,GET,/api/load/cpu-heavy [GET],12.400000,0.000000,1200,1500,1800,1900,2100,2500,3300,3300,3400,3400,3400,489,9,290.0,710.4557185766922,7.26743700215593,36190.82374300342,44.171779141104295
1781567705,57,GET,/api/load/memory-heavy [GET],5.300000,0.000000,990,1200,1300,1500,1900,2100,2600,2600,2600,2600,2600,248,8,150.0,568.7062023262995,1.5872470030444674,19844.133311002224,50.32258064516129
1781567705,57,GET,/api/products [GET],12.100000,0.000000,550,710,800,880,1300,1800,2300,2300,2900,2900,2900,475,11,64,498.09159262948305,1.573276000272017,36473.63180299726,117.22105263157894
1781567705,57,,Aggregated,29.800000,0.000000,950,1200,1400,1500,2000,2200,2600,3300,3400,3400,3400,1212,28,140.0,598.222352359678,1.573276000272017,36473.63180299726,74.05940594059406
1781567706,59,GET,/api/load/cpu-heavy [GET],12.100000,0.000000,1300,1600,1800,2000,2200,2500,3300,3300,3400,3400,3400,500,9,320.0,725.7894285340008,7.26743700215593,36190.82374300342,44.19
1781567706,59,GET,/api/load/memory-heavy [GET],5.300000,0.000000,990,1200,1300,1400,1900,2100,2600,2600,2600,2600,2600,256,8,180.0,575.9746448551653,1.5872470030444674,19844.133311002224,50.375
1781567706,59,GET,/api/products [GET],11.200000,0.000000,610,750,830,900,1300,1800,2300,2300,2900,2900,2900,496,11,76,501.9853180765788,1.573276000272017,36473.63180299726,117.33870967741936
1781567706,59,,Aggregated,28.600000,0.000000,980,1200,1400,1500,2000,2200,2600,3300,3400,3400,3400,1252,28,160.0,606.4927644695736,1.573276000272017,36473.63180299726,74.43370607028754
1781567707,61,GET,/api/load/cpu-heavy [GET],12.300000,0.000000,1300,1600,1800,1900,2200,2400,3300,3300,3400,3400,3400,523,9,400.0,748.4829470038043,7.26743700215593,36190.82374300342,44.22562141491396
1781567707,61,GET,/api/load/memory-heavy [GET],5.500000,0.000000,1000,1200,1300,1500,1900,2100,2600,2600,2600,2600,2600,258,8,190.0,578.8667731431469,1.5872470030444674,19844.133311002224,50.3875968992248
1781567707,61,GET,/api/products [GET],11.500000,0.000000,610,720,830,920,1300,1800,2300,2300,2900,2900,2900,506,11,81,503.92679875490694,1.573276000272017,36473.63180299726,117.3913043478261
1781567707,61,,Aggregated,29.300000,0.000000,1000,1200,1500,1600,2000,2200,2600,3300,3400,3400,3400,1287,28,180.0,618.3303565842306,1.573276000272017,36473.63180299726,74.22688422688422
1781567708,63,GET,/api/load/cpu-heavy [GET],12.600000,0.000000,1400,1600,1800,1900,2200,2500,3300,3300,3400,3400,3400,533,9,440.0,763.2313875628398,7.26743700215593,36190.82374300342,44.24015009380863
1781567708,63,GET,/api/load/memory-heavy [GET],6.000000,0.000000,1000,1200,1300,1500,1900,2100,2600,2600,2600,2600,2600,267,8,200.0,589.0724331495651,1.5872470030444674,19844.133311002224,50.441947565543074
1781567708,63,GET,/api/products [GET],11.700000,0.000000,610,770,920,1100,1400,1800,2300,2300,2900,2900,2900,517,11,92,512.6632088723107,1.573276000272017,36473.63180299726,117.44680851063829
1781567708,63,,Aggregated,30.300000,0.000000,1100,1300,1500,1600,2000,2300,2600,3300,3400,3400,3400,1317,28,190.0,629.5607807205107,1.573276000272017,36473.63180299726,74.23538344722854
1781567709,65,GET,/api/load/cpu-heavy [GET],12.100000,0.000000,1300,1600,1800,2000,2200,2500,3300,3300,3400,3400,3400,546,9,450.0,771.1906201648329,7.26743700215593,36190.82374300342,44.25824175824176
1781567709,65,GET,/api/load/memory-heavy [GET],6.200000,0.000000,1100,1300,1400,1600,1900,2000,2600,2600,2600,2600,2600,272,8,220.0,603.8632951688616,1.5872470030444674,19844.133311002224,50.470588235294116
1781567709,65,GET,/api/products [GET],12.100000,0.000000,640,840,1100,1200,1400,1900,2300,2300,2900,2900,2900,535,11,100.0,522.737187241048,1.573276000272017,36473.63180299726,117.53271028037383
1781567709,65,,Aggregated,30.400000,0.000000,1100,1300,1500,1600,2000,2200,2600,2900,3400,3400,3400,1353,28,200.0,639.3091574795936,1.573276000272017,36473.63180299726,74.48115299334812
1781567710,67,GET,/api/load/cpu-heavy [GET],13.700000,0.000000,1500,1800,2000,2100,2600,3000,3400,3400,3600,3600,3600,559,9,480.0,813.0901970465131,7.26743700215593,36190.82374300342,44.27549194991055
1781567710,67,GET,/api/load/memory-heavy [GET],6.100000,0.000000,1100,1300,1500,1600,1900,2100,2600,2800,2800,2800,2800,278,8,250.0,619.4246538666415,1.5872470030444674,19844.133311002224,50.50359712230216
1781567710,67,GET,/api/products [GET],11.200000,0.000000,680,930,1100,1300,1600,1900,2300,2300,2900,2900,2900,541,11,110.0,530.0205047984464,1.573276000272017,36473.63180299726,117.56007393715342
1781567710,67,,Aggregated,31.000000,0.000000,1100,1400,1600,1800,2100,2600,3300,3400,3600,3600,3600,1378,28,210.0,662.887203933155,1.573276000272017,36473.63180299726,74.3033381712627
1781567711,69,GET,/api/load/cpu-heavy [GET],12.700000,0.000000,1600,1900,2100,2200,2800,3300,3400,3400,3600,3600,3600,574,9,500.0,848.9069068205296,7.26743700215593,36190.82374300342,44.29442508710802
1781567711,69,GET,/api/load/memory-heavy [GET],6.600000,0.000000,1100,1400,1600,1700,2000,2600,2600,2800,2800,2800,2800,283,8,270.0,626.0998926075383,1.5872470030444674,19844.133311002224,50.53003533568904
1781567711,69,GET,/api/products [GET],12.400000,0.000000,700,950,1200,1300,1700,2000,2300,2300,2900,2900,2900,553,11,110.0,535.6528096726078,1.573276000272017,36473.63180299726,117.6130198915009
1781567711,69,,Aggregated,31.700000,0.000000,1100,1500,1700,1900,2200,2800,3300,3400,3600,3600,3600,1410,28,230.0,681.3296722495533,1.573276000272017,36473.63180299726,74.30141843971631
1781567712,70,GET,/api/load/cpu-heavy [GET],12.800000,0.000000,1600,2000,2100,2400,2800,3300,3400,3400,3600,3600,3600,584,9,560.0,864.8026939263343,7.26743700215593,36190.82374300342,44.30650684931507
1781567712,70,GET,/api/load/memory-heavy [GET],6.500000,0.000000,1300,1500,1600,1700,2100,2700,2700,2800,2800,2800,2800,292,8,300.0,650.9441828730154,1.5872470030444674,19844.133311002224,50.57534246575342
1781567712,70,GET,/api/products [GET],11.900000,0.000000,800,1200,1400,1600,2100,2300,2600,2700,2900,2900,2900,569,11,120.0,571.9269566150437,1.573276000272017,36473.63180299726,117.68014059753955
1781567712,70,,Aggregated,31.200000,0.000000,1200,1600,1800,2000,2500,2800,3300,3300,3600,3600,3600,1445,28,250.0,706.2608394227404,1.573276000272017,36473.63180299726,74.46574394463669
1781567713,72,GET,/api/load/cpu-heavy [GET],13.200000,0.000000,1600,2000,2200,2500,2900,3300,3400,3400,3600,3600,3600,601,9,610.0,892.9141247736667,7.26743700215593,36190.82374300342,44.326123128119804
1781567713,72,GET,/api/load/memory-heavy [GET],6.200000,0.000000,1200,1500,1700,1800,2100,2700,2700,2800,2800,2800,2800,294,8,300.0,653.3021997548487,1.5872470030444674,19844.133311002224,50.585034013605444
1781567713,72,GET,/api/products [GET],11.600000,0.000000,830,1200,1500,1700,2000,2300,2600,2700,2900,2900,2900,588,11,130.0,581.7332863434724,1.573276000272017,36473.63180299726,117.75510204081633
1781567713,72,,Aggregated,31.000000,0.000000,1200,1600,1900,2000,2500,2800,3300,3300,3600,3600,3600,1483,28,270.0,722.0306190740803,1.573276000272017,36473.63180299726,74.68105192178018
1781567714,74,GET,/api/load/cpu-heavy [GET],12.200000,0.000000,1600,2000,2400,2500,2800,3300,3400,3400,3600,3600,3600,619,9,640.0,911.3959854118701,7.26743700215593,36190.82374300342,44.34571890145396
1781567714,74,GET,/api/load/memory-heavy [GET],6.400000,0.000000,1100,1400,1600,1700,2100,2700,2800,3000,3000,3000,3000,309,8,330.0,673.5868432198478,1.5872470030444674,19844.133311002224,50.653721682847895
1781567714,74,GET,/api/products [GET],12.100000,0.000000,740,1100,1400,1500,1800,2300,2600,2600,2700,2700,2700,606,11,150.0,583.7868213283019,1.573276000272017,36473.63180299726,117.82178217821782
1781567714,74,,Aggregated,30.700000,0.000000,1200,1500,1800,2000,2600,2800,3300,3300,3600,3600,3600,1534,28,300.0,734.0725314536062,1.573276000272017,36473.63180299726,74.64276401564537
1781567715,76,GET,/api/load/cpu-heavy [GET],13.500000,0.000000,1500,1900,2200,2500,2800,3200,3400,3600,3700,3700,3700,632,9,630.0,910.237129442964,7.26743700215593,36190.82374300342,44.359177215189874
1781567715,76,GET,/api/load/memory-heavy [GET],6.100000,0.000000,970,1300,1500,1600,2000,2700,2800,3000,3000,3000,3000,326,8,340.0,684.2163984476618,1.5872470030444674,19844.133311002224,50.7239263803681
1781567715,76,GET,/api/products [GET],12.900000,0.000000,700,1000,1300,1500,1800,2200,2600,2600,2700,2700,2700,620,11,140.0,575.144176454764,1.573276000272017,36473.63180299726,117.87096774193549
1781567715,76,,Aggregated,32.500000,0.000000,1100,1400,1700,1900,2500,2800,3200,3300,3700,3700,3700,1578,28,300.0,731.8845380886214,1.573276000272017,36473.63180299726,74.55703422053232
1781567716,78,GET,/api/load/cpu-heavy [GET],13.600000,0.000000,1400,1900,2300,2600,3000,3300,3700,3700,4000,4000,4000,647,9,610.0,912.7786393940662,7.26743700215593,36190.82374300342,44.37403400309119
1781567716,78,GET,/api/load/memory-heavy [GET],6.200000,0.000000,970,1300,1500,1600,2000,2700,2800,3000,3000,3000,3000,333,8,340.0,683.274437993838,1.5872470030444674,19844.133311002224,50.750750750750754
1781567716,78,GET,/api/products [GET],14.000000,0.000000,750,1100,1300,1500,1800,2200,2600,2600,2700,2700,2700,630,11,140.0,575.5304847634328,1.573276000272017,36473.63180299726,117.9047619047619
1781567716,78,,Aggregated,33.800000,0.000000,1100,1500,1700,1900,2600,2800,3300,3600,4000,4000,4000,1610,28,300.0,733.3430887831496,1.573276000272017,36473.63180299726,74.46583850931677
1781567717,80,GET,/api/load/cpu-heavy [GET],14.400000,0.000000,1400,2100,2600,2800,3200,3400,3900,4000,4200,4200,4200,678,9,590.0,935.7262971091405,7.26743700215593,36190.82374300342,44.402654867256636
1781567717,80,GET,/api/load/memory-heavy [GET],7.300000,0.000000,910,1300,1500,1700,2200,2700,3000,3500,3500,3500,3500,342,8,330.0,696.0829646080113,1.5872470030444674,19844.133311002224,50.78362573099415
1781567717,80,GET,/api/products [GET],14.300000,0.000000,700,1100,1300,1500,1800,2200,2600,2600,2700,2700,2700,639,11,140.0,573.2557341329659,1.573276000272017,36473.63180299726,117.93427230046949
1781567717,80,,Aggregated,36.000000,0.000000,970,1500,1800,2100,2700,3200,3400,3700,4200,4200,4200,1659,28,300.0,746.710800148826,1.573276000272017,36473.63180299726,74.04038577456299
1781567718,82,GET,/api/load/cpu-heavy [GET],13.900000,0.000000,1500,2400,2700,2800,3300,3700,4200,4900,5400,5400,5400,707,9,610.0,972.525253127331,7.26743700215593,36190.82374300342,44.42715700141443
1781567718,82,GET,/api/load/memory-heavy [GET],7.600000,0.000000,880,1300,1500,1600,2100,2700,3000,3500,3500,3500,3500,357,8,330.0,693.2154217897287,1.5872470030444674,19844.133311002224,50.83473389355742
1781567718,82,GET,/api/products [GET],14.100000,0.000000,700,1000,1500,1700,1900,2400,2700,2700,2800,2800,2800,667,11,160.0,590.5932656431193,1.573276000272017,36473.63180299726,118.02098950524737
1781567718,82,,Aggregated,35.600000,0.000000,890,1600,1900,2200,2800,3300,3900,4200,5400,5400,5400,1731,28,300.0,767.7521477318988,1.573276000272017,36473.63180299726,74.10629693818602
1781567719,84,GET,/api/load/cpu-heavy [GET],15.800000,0.000000,1600,2400,2700,2900,3400,4000,4400,5400,5800,5800,5800,737,9,630.0,995.7310793758907,7.26743700215593,36190.82374300342,44.450474898236095
1781567719,84,GET,/api/load/memory-heavy [GET],8.100000,0.000000,810,1200,1400,1700,2100,2700,3000,3100,3500,3500,3500,376,8,330.0,697.652696310952,1.5872470030444674,19844.133311002224,50.8936170212766
1781567719,84,GET,/api/products [GET],13.200000,0.000000,620,880,1300,1700,1900,2400,2600,2700,2800,2800,2800,690,11,140.0,579.0351534448628,1.573276000272017,36473.63180299726,118.08695652173913
1781567719,84,,Aggregated,37.100000,0.000000,840,1600,1900,2200,2800,3300,4100,4400,5800,5800,5800,1803,28,300.0,774.1017610592929,1.573276000272017,36473.63180299726,73.9744869661675
1781567720,86,GET,/api/load/cpu-heavy [GET],15.300000,0.000000,1100,2100,2600,2800,3300,4000,4400,5400,5800,5800,5800,758,9,600.0,984.6857847678283,7.26743700215593,36190.82374300342,44.46569920844327
1781567720,86,GET,/api/load/memory-heavy [GET],8.500000,0.000000,710,1100,1300,1600,2100,2700,3000,3100,3500,3500,3500,388,8,330.0,691.499087989532,1.5872470030444674,19844.133311002224,50.92783505154639
1781567720,86,GET,/api/products [GET],14.000000,0.000000,600,820,1100,1300,1800,2200,2600,2700,2800,2800,2800,727,11,170.0,577.6721976601547,1.573276000272017,36473.63180299726,118.18431911966988
1781567720,86,,Aggregated,37.800000,0.000000,700,1200,1700,1900,2700,3200,4000,4400,5800,5800,5800,1873,28,310.0,765.969652265289,1.573276000272017,36473.63180299726,74.41804591564335
1781567721,88,GET,/api/load/cpu-heavy [GET],17.100000,0.000000,880,1800,2400,2600,3300,3900,4400,4900,5800,5800,5800,780,9,590.0,974.8076078410517,7.26743700215593,36190.82374300342,44.48076923076923
1781567721,88,GET,/api/load/memory-heavy [GET],9.200000,0.000000,580,1000,1300,1400,2100,2700,3000,3100,3500,3500,3500,400,8,330.0,686.9790609598203,1.5872470030444674,19844.133311002224,50.96
1781567721,88,GET,/api/products [GET],14.500000,0.000000,480,730,950,1100,1800,2200,2600,2700,2800,2800,2800,754,11,160.0,565.7400554932562,1.573276000272017,36473.63180299726,118.24933687002653
1781567721,88,,Aggregated,40.800000,0.000000,560,1100,1500,1800,2600,3200,3900,4200,5800,5800,5800,1934,28,300.0,755.7960498148219,1.573276000272017,36473.63180299726,74.58066184074457
1781567722,89,GET,/api/load/cpu-heavy [GET],19.200000,0.000000,670,1700,2100,2500,3300,3900,4400,4900,5800,5800,5800,810,9,610.0,984.684338102473,7.26743700215593,36190.82374300342,44.5
1781567722,89,GET,/api/load/memory-heavy [GET],10.300000,0.000000,480,970,1100,1300,2000,2200,3000,3100,3500,3500,3500,424,8,330.0,682.7175444738697,1.5872470030444674,19844.133311002224,51.0188679245283
1781567722,89,GET,/api/products [GET],16.000000,0.000000,310,700,800,900,1300,1800,2100,2700,2800,2800,2800,771,11,150.0,559.2998251840781,1.573276000272017,36473.63180299726,118.28793774319067
1781567722,89,,Aggregated,45.500000,0.000000,480,910,1300,1600,2400,3200,3900,4200,5800,5800,5800,2005,28,300.0,757.2502333849626,1.573276000272017,36473.63180299726,74.25286783042394
1781567723,91,GET,/api/load/cpu-heavy [GET],19.700000,0.000000,670,1700,2300,2500,3200,3700,4400,4900,5800,5800,5800,836,9,630.0,995.469793760786,7.26743700215593,36190.82374300342,44.51555023923445
1781567723,91,GET,/api/load/memory-heavy [GET],11.300000,0.000000,470,970,1200,1300,2000,2200,3000,3100,3500,3500,3500,436,8,330.0,687.0866516121769,1.5872470030444674,19844.133311002224,51.04587155963303
1781567723,91,GET,/api/products [GET],19.000000,0.000000,140,600,750,870,1200,1700,2100,2600,2800,2800,2800,811,11,140.0,552.4130385313546,1.573276000272017,36473.63180299726,118.3723797780518
1781567723,91,,Aggregated,50.000000,0.000000,380,910,1300,1600,2400,3100,3700,4200,5800,5800,5800,2083,28,310.0,758.4203081785198,1.573276000272017,36473.63180299726,74.63802208353337
1781567724,93,GET,/api/load/cpu-heavy [GET],21.500000,0.000000,490,1700,2200,2500,3200,3700,4400,4900,5800,5800,5800,863,9,630.0,997.18913722596,7.26743700215593,36190.82374300342,44.53070683661645
1781567724,93,GET,/api/load/memory-heavy [GET],11.900000,0.000000,380,980,1200,1300,2000,2200,2900,3100,3500,3500,3500,457,8,330.0,687.2757516322099,1.5872470030444674,19844.133311002224,51.08971553610503
1781567724,93,GET,/api/products [GET],20.300000,0.000000,120,550,770,910,1300,1700,2100,2600,2800,2800,2800,832,11,130.0,550.1697733364451,1.573276000272017,36473.63180299726,118.41346153846153
1781567724,93,,Aggregated,53.700000,0.000000,350,910,1300,1600,2400,3100,3700,4200,5800,5800,5800,2152,28,310.0,758.5504160491861,1.573276000272017,36473.63180299726,74.48791821561338
1781567725,95,GET,/api/load/cpu-heavy [GET],22.700000,0.000000,490,1600,2100,2400,3200,3700,4200,4900,5800,5800,5800,888,9,590.0,992.6965027398835,7.26743700215593,36190.82374300342,44.54391891891892
1781567725,95,GET,/api/load/memory-heavy [GET],13.600000,0.000000,280,980,1200,1400,1900,2200,2900,3100,3500,3500,3500,472,8,330.0,691.6429759405096,1.5872470030444674,19844.133311002224,51.11864406779661
1781567725,95,GET,/api/products [GET],20.200000,0.000000,140,550,800,970,1300,1800,2100,2600,2800,2800,2800,873,11,140.0,545.8870379300961,1.573276000272017,36473.63180299726,118.48797250859107
1781567725,95,,Aggregated,56.500000,0.000000,350,890,1300,1500,2300,2900,3700,4200,5800,5800,5800,2233,28,310.0,754.3794729914525,1.573276000272017,36473.63180299726,74.8423645320197
1781567726,97,GET,/api/load/cpu-heavy [GET],23.400000,0.000000,480,1400,2100,2400,2900,3400,4200,4900,5800,5800,5800,922,9,590.0,991.816684418667,7.26743700215593,36190.82374300342,44.560737527114966
1781567726,97,GET,/api/load/memory-heavy [GET],14.300000,0.000000,250,810,1100,1300,1800,2200,2900,3100,3500,3500,3500,491,8,330.0,673.6679168307295,1.5872470030444674,19844.133311002224,51.15274949083503
1781567726,97,GET,/api/products [GET],22.200000,0.000000,130,530,800,970,1300,1800,2100,2600,2800,2800,2800,900,11,130.0,543.0644492977202,1.573276000272017,36473.63180299726,118.53333333333333
1781567726,97,,Aggregated,59.900000,0.000000,310,850,1200,1400,2200,2800,3500,4100,5800,5800,5800,2313,28,310.0,749.6688000717033,1.573276000272017,36473.63180299726,74.7431906614786
1781567727,99,GET,/api/load/cpu-heavy [GET],24.800000,0.000000,530,1500,1900,2300,2800,3400,4400,4900,5800,5800,5800,956,9,590.0,993.7065058566989,7.26743700215593,36190.82374300342,44.57635983263598
1781567727,99,GET,/api/load/memory-heavy [GET],14.600000,0.000000,250,810,1100,1200,1700,2100,2300,2900,3100,3100,3100,498,8,310.0,671.1323039937314,1.5872470030444674,19844.133311002224,51.16465863453815
1781567727,99,GET,/api/products [GET],22.600000,0.000000,96,490,740,910,1300,1700,1900,2600,2800,2800,2800,934,11,130.0,537.7398017087238,1.573276000272017,36473.63180299726,118.58672376873662
1781567727,99,,Aggregated,62.000000,0.000000,310,840,1200,1400,2100,2700,3400,4100,5800,5800,5800,2388,28,300.0,748.0972704287408,1.573276000272017,36473.63180299726,74.89740368509213
1781567728,101,GET,/api/load/cpu-heavy [GET],25.700000,0.000000,450,1400,1800,2100,2700,3000,3700,4400,5800,5800,5800,980,9,530.0,985.6755087010239,7.26743700215593,36190.82374300342,44.58673469387755
1781567728,101,GET,/api/load/memory-heavy [GET],14.600000,0.000000,280,870,1200,1300,1700,1900,2300,2900,2900,2900,2900,510,8,330.0,675.4738781742573,1.5872470030444674,19844.133311002224,51.1843137254902
1781567728,101,GET,/api/products [GET],25.200000,0.000000,94,520,800,910,1300,1700,1800,1900,2200,2200,2200,972,11,130.0,543.6305288559074,1.573276000272017,36473.63180299726,118.64197530864197
1781567728,101,,Aggregated,65.500000,0.000000,300,820,1200,1400,1900,2500,2900,3400,5800,5800,5800,2462,28,300.0,746.897867767595,1.573276000272017,36473.63180299726,75.19049553208774
1781567729,103,GET,/api/load/cpu-heavy [GET],27.300000,0.000000,450,1300,1800,2100,2500,2900,3200,3400,4400,4400,4400,1014,9,530.0,991.5233073146384,7.26743700215593,36190.82374300342,44.60059171597633
1781567729,103,GET,/api/load/memory-heavy [GET],15.500000,0.000000,290,880,1100,1300,1700,2100,2300,3200,3500,3500,3500,536,8,330.0,680.6000007143584,1.5872470030444674,19844.133311002224,51.223880597014926
1781567729,103,GET,/api/products [GET],27.500000,0.000000,110,540,790,910,1300,1700,1800,2000,2200,2200,2200,995,11,130.0,539.7672789004321,1.573276000272017,36473.63180299726,118.67336683417085
1781567729,103,,Aggregated,70.300000,0.000000,310,800,1200,1400,1900,2500,2900,3200,4400,4400,4400,2545,28,310.0,749.4203051103618,1.573276000272017,36473.63180299726,74.95520628683694
1781567730,105,GET,/api/load/cpu-heavy [GET],27.700000,0.000000,480,1400,1800,2100,2500,2800,3200,3400,4400,4400,4400,1045,9,530.0,987.1810361866492,7.26743700215593,36190.82374300342,44.61244019138756
1781567730,105,GET,/api/load/memory-heavy [GET],15.300000,0.000000,300,970,1200,1300,1700,2100,2300,3200,3500,3500,3500,550,8,330.0,676.896455205305,1.5872470030444674,19844.133311002224,51.24363636363636
1781567730,105,GET,/api/products [GET],29.700000,0.000000,90,450,790,950,1400,1700,1800,2000,2200,2200,2200,1033,11,130.0,533.7502232622772,1.573276000272017,36473.63180299726,118.72216844143271
1781567730,105,,Aggregated,72.700000,0.000000,300,800,1200,1400,1900,2500,2900,3200,4400,4400,4400,2628,28,300.0,744.0111163652592,1.573276000272017,36473.63180299726,75.13089802130898
1781567731,107,GET,/api/load/cpu-heavy [GET],27.900000,0.000000,450,1400,1700,2000,2500,2800,3200,3400,4400,4400,4400,1065,9,520.0,979.3016161681155,7.26743700215593,36190.82374300342,44.61971830985915
1781567731,107,GET,/api/load/memory-heavy [GET],14.900000,0.000000,290,880,1200,1400,1800,1900,2300,3200,3500,3500,3500,568,8,330.0,680.4572928079542,1.5872470030444674,19844.133311002224,51.267605633802816
1781567731,107,GET,/api/products [GET],31.200000,0.000000,96,480,830,1000,1500,1800,1900,2100,2300,2300,2300,1064,11,130.0,534.4751287283218,1.573276000272017,36473.63180299726,118.7593984962406
1781567731,107,,Aggregated,74.000000,0.000000,290,800,1200,1500,1900,2300,2900,3200,4400,4400,4400,2697,28,300.0,740.8741195776412,1.573276000272017,36473.63180299726,75.26881720430107
1781567732,108,GET,/api/load/cpu-heavy [GET],28.100000,0.000000,390,1100,1600,1800,2500,2700,2900,3300,4400,4400,4400,1101,9,500.0,968.3756843233996,7.26743700215593,36190.82374300342,44.63215258855586
1781567732,108,GET,/api/load/memory-heavy [GET],15.900000,0.000000,290,1000,1200,1400,1800,2200,2900,3400,3500,3500,3500,586,8,310.0,686.0202992677628,1.5872470030444674,19844.133311002224,51.2901023890785
1781567732,108,GET,/api/products [GET],30.200000,0.000000,100,460,810,1000,1500,1800,1900,2100,3100,3100,3100,1094,11,130.0,528.9065649853017,1.573276000272017,36473.63180299726,118.79341864716636
1781567732,108,,Aggregated,74.200000,0.000000,270,710,1200,1400,1900,2300,2800,3100,4400,4400,4400,2781,28,290.0,735.9990312495124,1.573276000272017,36473.63180299726,75.2089176555196
1781567733,110,GET,/api/load/cpu-heavy [GET],28.300000,0.000000,390,1000,1600,1900,2500,2800,3400,4000,4400,4400,4400,1129,9,500.0,969.259454794563,7.26743700215593,36190.82374300342,44.64127546501329
1781567733,110,GET,/api/load/memory-heavy [GET],16.200000,0.000000,290,820,1200,1400,1800,2200,2900,3400,3500,3500,3500,600,8,310.0,684.8984191998534,1.5872470030444674,19844.133311002224,51.306666666666665
1781567733,110,GET,/api/products [GET],30.300000,0.000000,91,340,790,1000,1500,1800,2000,2200,3100,3100,3100,1120,11,120.0,521.882943458857,1.573276000272017,36473.63180299726,118.82142857142857
1781567733,110,,Aggregated,74.800000,0.000000,260,630,1100,1500,1900,2500,2900,3400,4400,4400,4400,2849,28,290.0,733.5001308027012,1.573276000272017,36473.63180299726,75.2067392067392
1781567734,112,GET,/api/load/cpu-heavy [GET],28.700000,0.000000,400,970,1700,2000,2600,2900,4000,4400,5900,5900,5900,1160,9,500.0,981.5247857673025,7.26743700215593,36190.82374300342,44.650862068965516
1781567734,112,GET,/api/load/memory-heavy [GET],16.700000,0.000000,290,800,1200,1400,1900,2200,3200,3400,3500,3500,3500,618,8,300.0,685.1489967004902,1.5872470030444674,19844.133311002224,51.32686084142395
1781567734,112,GET,/api/products [GET],30.900000,0.000000,89,310,730,860,1500,1800,2100,2800,3100,3100,3100,1144,11,110.0,516.8156399623427,1.573276000272017,36473.63180299726,118.84615384615384
1781567734,112,,Aggregated,76.300000,0.000000,240,580,1100,1400,2000,2600,3200,3700,5900,5900,5900,2922,28,280.0,736.9020956768976,1.573276000272017,36473.63180299726,75.11122518822724
1781567735,114,GET,/api/load/cpu-heavy [GET],28.500000,0.000000,460,1000,1700,2100,2700,3700,4600,5200,6000,6000,6000,1197,9,520.0,1007.2913833651435,7.26743700215593,36190.82374300342,44.661654135338345
1781567735,114,GET,/api/load/memory-heavy [GET],16.100000,0.000000,290,710,1100,1400,1900,2200,3400,3500,3800,3800,3800,631,8,330.0,687.0737211599363,1.5872470030444674,19844.133311002224,51.34072900158478
1781567735,114,GET,/api/products [GET],32.100000,0.000000,90,250,710,860,1500,1800,2100,2900,3100,3100,3100,1170,11,120.0,518.4286994434889,1.573276000272017,36473.63180299726,118.87179487179488
1781567735,114,,Aggregated,76.700000,0.000000,250,640,1100,1500,2100,2800,3700,4400,6000,6000,6000,2998,28,290.0,749.1103676747434,1.573276000272017,36473.63180299726,75.02868579052702
1781567736,116,GET,/api/load/cpu-heavy [GET],29.800000,0.000000,520,1100,1900,2200,3000,4100,5100,5600,6000,6000,6000,1245,9,550.0,1041.6357564611076,7.26743700215593,36190.82374300342,44.674698795180724
1781567736,116,GET,/api/load/memory-heavy [GET],16.500000,0.000000,330,880,1300,1400,1900,2900,3500,4000,5500,5500,5500,650,8,320.0,693.7663111552628,1.5872470030444674,19844.133311002224,51.36
1781567736,116,GET,/api/products [GET],31.100000,0.000000,99,300,730,890,1500,1800,2100,2800,3100,3100,3100,1209,11,120.0,517.4684577104048,1.573276000272017,36473.63180299726,118.90818858560795
1781567736,116,,Aggregated,77.400000,0.000000,300,730,1200,1500,2200,3100,4100,5100,6000,6000,6000,3104,28,300.0,764.6275722992527,1.573276000272017,36473.63180299726,74.98840206185567
1781567737,118,GET,/api/load/cpu-heavy [GET],29.300000,0.000000,520,1000,1900,2200,3000,4100,5100,5600,6000,6000,6000,1275,9,540.0,1030.0510378243735,7.26743700215593,36190.82374300342,44.68235294117647
1781567737,118,GET,/api/load/memory-heavy [GET],16.000000,0.000000,290,800,1200,1400,1900,2600,3500,4000,5500,5500,5500,667,8,300.0,689.1931419939002,1.5872470030444674,19844.133311002224,51.37631184407796
1781567737,118,GET,/api/products [GET],31.000000,0.000000,100,250,730,890,1500,1900,2100,2800,3100,3100,3100,1245,11,110.0,513.1521201051357,1.467133995902259,36473.63180299726,118.93975903614458
1781567737,118,,Aggregated,76.300000,0.000000,300,710,1100,1500,2200,3000,4100,5100,6000,6000,6000,3187,28,300.0,756.7873512604026,1.467133995902259,36473.63180299726,75.09193598995921
1781567738,120,GET,/api/load/cpu-heavy [GET],31.600000,0.000000,550,980,1800,2200,3200,4100,5100,5600,6000,6000,6000,1308,9,550.0,1029.1040092255987,7.26743700215593,36190.82374300342,44.690366972477065
1781567738,120,GET,/api/load/memory-heavy [GET],16.000000,0.000000,280,530,1100,1400,1900,2600,3500,4000,5500,5500,5500,684,8,300.0,683.7145480642408,1.5872470030444674,19844.133311002224,51.39181286549707
1781567738,120,GET,/api/products [GET],30.300000,0.000000,110,210,630,930,1500,1800,2200,2900,3100,3100,3100,1282,11,120.0,513.5114731060008,1.467133995902259,36473.63180299726,118.97035881435258
1781567738,120,,Aggregated,77.900000,0.000000,320,660,1000,1400,2200,3100,4100,5100,6000,6000,6000,3274,28,300.0,755.0551323961265,1.467133995902259,36473.63180299726,75.17623701893709
1781567739,122,GET,/api/load/cpu-heavy [GET],31.800000,0.000000,580,1000,1900,2300,3400,4100,5100,5600,6000,6000,6000,1339,9,570.0,1039.07302289548,7.26743700215593,36190.82374300342,44.697535474234506
1781567739,122,GET,/api/load/memory-heavy [GET],16.300000,0.000000,270,450,1000,1300,1900,2300,3400,4000,5500,5500,5500,707,8,300.0,676.6612201427514,1.5872470030444674,19844.133311002224,51.41159830268741
1781567739,122,GET,/api/products [GET],31.000000,0.000000,100,200,600,920,1400,1800,2100,2800,3100,3100,3100,1302,11,120.0,507.97675069499746,1.467133995902259,36473.63180299726,118.98617511520737
1781567739,122,,Aggregated,79.100000,0.000000,320,650,1000,1400,2200,3100,4100,5100,6000,6000,6000,3348,28,310.0,756.0047758969118,1.467133995902259,36473.63180299726,75.00537634408602
1781567740,124,GET,/api/load/cpu-heavy [GET],31.900000,0.000000,630,1100,2100,2600,3500,4300,5200,5600,6000,6000,6000,1383,9,580.0,1063.7319087375524,7.26743700215593,36190.82374300342,44.70715835140998
1781567740,124,GET,/api/load/memory-heavy [GET],16.800000,0.000000,260,410,820,1100,1900,2300,3400,4000,5500,5500,5500,729,8,290.0,665.3055330094948,1.5872470030444674,19844.133311002224,51.42935528120713
1781567740,124,GET,/api/products [GET],30.500000,0.000000,110,220,700,960,1600,1900,2300,2900,3100,3100,3100,1350,11,120.0,513.7574446110348,1.467133995902259,36473.63180299726,119.02222222222223
1781567740,124,,Aggregated,79.200000,0.000000,350,700,1100,1600,2600,3400,4500,5100,6000,6000,6000,3462,28,310.0,765.3730541804906,1.467133995902259,36473.63180299726,75.10167533217793
1781567741,126,GET,/api/load/cpu-heavy [GET],32.300000,0.000000,710,1500,2300,2700,3600,4300,5200,5600,6000,6000,6000,1406,9,600.0,1070.5279412781188,7.26743700215593,36190.82374300342,44.71194879089616
1781567741,126,GET,/api/load/memory-heavy [GET],17.800000,0.000000,270,430,640,1000,1800,2300,3400,4000,5500,5500,5500,745,8,300.0,669.5734050549233,1.5872470030444674,19844.133311002224,51.44161073825504
1781567741,126,GET,/api/products [GET],30.100000,0.000000,120,250,680,930,1500,1800,2200,2900,3100,3100,3100,1386,11,130.0,512.8634437373186,1.467133995902259,36473.63180299726,119.04761904761905
1781567741,126,,Aggregated,80.200000,0.000000,390,720,1100,1500,2600,3400,4500,5100,6000,6000,6000,3537,28,320.0,767.5496763423469,1.467133995902259,36473.63180299726,75.25841108283856
1781567742,127,GET,/api/load/cpu-heavy [GET],32.800000,0.000000,760,1500,2200,2700,3600,4300,5200,5600,6000,6000,6000,1446,9,600.0,1070.444608861024,7.26743700215593,36190.82374300342,44.719917012448136
1781567742,127,GET,/api/load/memory-heavy [GET],17.200000,0.000000,280,470,680,1100,1800,2200,3400,4000,5500,5500,5500,763,8,300.0,667.4997564494174,1.5872470030444674,19844.133311002224,51.45478374836173
1781567742,127,GET,/api/products [GET],30.900000,0.000000,140,330,650,900,1400,1800,2100,2800,3000,3000,3000,1422,11,130.0,507.9966649689894,1.467133995902259,36473.63180299726,119.07172995780591
1781567742,127,,Aggregated,80.900000,0.000000,420,760,1100,1500,2600,3400,4500,5100,6000,6000,6000,3631,28,330.0,765.5016458743746,1.467133995902259,36473.63180299726,75.25337372624621
1781567743,129,GET,/api/load/cpu-heavy [GET],33.800000,0.000000,780,1500,2300,2700,3600,4300,5200,5600,6000,6000,6000,1479,9,630.0,1076.5417736849433,7.26743700215593,36190.82374300342,44.72616632860041
1781567743,129,GET,/api/load/memory-heavy [GET],17.800000,0.000000,320,500,700,1100,1800,2300,3400,4000,5500,5500,5500,778,8,310.0,671.0987660410194,1.5872470030444674,19844.133311002224,51.46529562982005
1781567743,129,GET,/api/products [GET],31.600000,0.000000,170,390,700,930,1400,1800,2100,2500,3000,3000,3000,1440,11,130.0,506.859064261749,1.467133995902259,36473.63180299726,119.08333333333333
1781567743,129,,Aggregated,83.200000,0.000000,480,820,1100,1500,2600,3400,4500,5100,6000,6000,6000,3697,28,330.0,769.3257170129475,1.467133995902259,36473.63180299726,75.10684338652962
1781567744,131,GET,/api/load/cpu-heavy [GET],33.500000,0.000000,820,1500,2300,2700,3600,4100,5100,5300,6000,6000,6000,1520,9,640.0,1095.2937847796118,7.26743700215593,36190.82374300342,44.733552631578945
1781567744,131,GET,/api/load/memory-heavy [GET],17.300000,0.000000,330,510,720,1000,1700,2200,2700,4000,5500,5500,5500,793,8,320.0,671.6754931852596,1.5872470030444674,19844.133311002224,51.47540983606557
1781567744,131,GET,/api/products [GET],32.000000,0.000000,180,370,680,920,1400,1800,2000,2100,3000,3000,3000,1481,11,140.0,501.0705633078345,1.467133995902259,36473.63180299726,119.10871033085753
1781567744,131,,Aggregated,82.800000,0.000000,490,820,1100,1500,2600,3400,4300,5100,6000,6000,6000,3794,28,340.0,774.7946028518261,1.467133995902259,36473.63180299726,75.17527675276753
1781567745,133,GET,/api/load/cpu-heavy [GET],34.200000,0.000000,780,1400,2200,2600,3400,3800,4700,5000,5300,5300,5300,1550,9,640.0,1096.5045032419548,7.26743700215593,36190.82374300342,44.73870967741936
1781567745,133,GET,/api/load/memory-heavy [GET],17.600000,0.000000,320,590,780,1100,1700,2200,2400,2700,4000,4000,4000,807,8,320.0,675.3249884113013,1.5872470030444674,19844.133311002224,51.48451053283767
1781567745,133,GET,/api/products [GET],32.700000,0.000000,180,350,650,870,1300,1700,1900,2100,3000,3000,3000,1516,11,140.0,499.7474146635257,1.467133995902259,36473.63180299726,119.12928759894459
1781567745,133,,Aggregated,84.500000,0.000000,470,780,1100,1400,2300,3200,3800,4500,5300,5300,5300,3873,28,340.0,775.1578430939477,1.467133995902259,36473.63180299726,75.26284533953007
1781567746,135,GET,/api/load/cpu-heavy [GET],34.400000,0.000000,820,1500,2300,2700,3300,3600,4700,5000,5400,5400,5400,1594,9,670.0,1115.189161850088,7.26743700215593,36190.82374300342,44.74592220828105
1781567746,135,GET,/api/load/memory-heavy [GET],17.300000,0.000000,380,610,890,1200,1800,2300,2700,3200,3400,3400,3400,824,8,330.0,686.0531444756473,1.5872470030444674,19844.133311002224,51.49514563106796
1781567746,135,GET,/api/products [GET],32.100000,0.000000,200,370,650,820,1300,1700,1900,2200,3000,3000,3000,1549,11,140.0,502.06188575138765,1.467133995902259,36473.63180299726,119.14783731439638
1781567746,135,,Aggregated,83.800000,0.000000,500,820,1100,1400,2500,3100,3700,4400,5400,5400,5400,3967,28,360.0,786.6430995880714,1.467133995902259,36473.63180299726,75.19964708847996
1781567747,137,GET,/api/load/cpu-heavy [GET],36.000000,0.000000,870,1500,2200,2700,3300,3700,4700,5000,5400,5400,5400,1629,9,670.0,1112.6734003309048,7.26743700215593,36190.82374300342,44.751381215469614
1781567747,137,GET,/api/load/memory-heavy [GET],17.500000,0.000000,390,630,890,1200,1800,2300,2700,3200,3400,3400,3400,834,8,330.0,686.7608783296361,1.5872470030444674,19844.133311002224,51.50119904076739
1781567747,137,GET,/api/products [GET],34.100000,0.000000,230,480,700,870,1400,1800,2000,2500,3000,3000,3000,1600,11,160.0,510.3566977718125,1.467133995902259,36473.63180299726,119.175
1781567747,137,,Aggregated,87.600000,0.000000,560,840,1200,1500,2500,3100,3700,4400,5400,5400,5400,4063,28,370.0,788.0566719421288,1.467133995902259,36473.63180299726,75.44474526212159
1781567748,139,GET,/api/load/cpu-heavy [GET],34.300000,0.000000,890,1400,2300,2700,3300,3700,4500,5000,5400,5400,5400,1669,9,670.0,1115.4720645392508,7.26743700215593,36190.82374300342,44.75733972438586
1781567748,139,GET,/api/load/memory-heavy [GET],17.500000,0.000000,470,750,1100,1300,1800,2300,3000,3200,3400,3400,3400,850,8,340.0,699.6554771940284,1.5872470030444674,19844.133311002224,51.510588235294115
1781567748,139,GET,/api/products [GET],33.800000,0.000000,240,460,660,800,1400,1900,2100,2500,3000,3000,3000,1619,11,160.0,509.6424634724532,1.467133995902259,36473.63180299726,119.1846819024089
1781567748,139,,Aggregated,85.600000,0.000000,590,870,1200,1500,2600,3200,3700,4400,5400,5400,5400,4138,28,380.0,793.0259013274152,1.467133995902259,36473.63180299726,75.26437892701789
1781567749,141,GET,/api/load/cpu-heavy [GET],34.700000,0.000000,880,1400,2200,2600,3400,3800,4500,5000,5400,5400,5400,1702,9,680.0,1127.339857737372,7.26743700215593,36190.82374300342,44.762044653349
1781567749,141,GET,/api/load/memory-heavy [GET],16.900000,0.000000,570,850,1200,1600,2100,2500,3000,3200,3400,3400,3400,872,8,350.0,706.5418077407297,1.5872470030444674,19844.133311002224,51.522935779816514
1781567749,141,GET,/api/products [GET],33.600000,0.000000,290,560,690,870,1400,1900,2100,2300,3000,3000,3000,1649,11,170.0,512.1583691478957,1.467133995902259,36473.63180299726,119.19951485748939
1781567749,141,,Aggregated,85.200000,0.000000,610,890,1200,1600,2500,3200,3800,4400,5400,5400,5400,4223,28,380.0,800.2334939483335,1.467133995902259,36473.63180299726,75.22448496329623
1781567750,143,GET,/api/load/cpu-heavy [GET],35.300000,0.000000,940,1400,2100,2400,3200,3700,4300,4700,5400,5400,5400,1734,9,690.0,1131.7769698535174,7.26743700215593,36190.82374300342,44.766435986159166
1781567750,143,GET,/api/load/memory-heavy [GET],16.600000,0.000000,590,890,1200,1600,2000,2500,3000,3200,3400,3400,3400,893,8,360.0,702.8215552910713,1.5872470030444674,19844.133311002224,51.534154535274354
1781567750,143,GET,/api/products [GET],35.600000,0.000000,260,480,660,770,1400,1900,2200,2300,2900,2900,2900,1690,11,170.0,511.493064057932,1.467133995902259,36473.63180299726,119.2189349112426
1781567750,143,,Aggregated,87.500000,0.000000,620,920,1300,1500,2400,3100,3700,4100,5400,5400,5400,4317,28,390.0,800.2187150472178,1.467133995902259,36473.63180299726,75.3127171646977
1781567751,145,GET,/api/load/cpu-heavy [GET],35.800000,0.000000,890,1400,2100,2500,3200,3700,4200,4700,5400,5400,5400,1763,9,700.0,1135.0099675887896,7.26743700215593,36190.82374300342,44.770277935337496
1781567751,145,GET,/api/load/memory-heavy [GET],16.500000,0.000000,570,850,1200,1500,1900,2500,3000,3200,3400,3400,3400,904,8,360.0,699.1342976260266,1.5872470030444674,19844.133311002224,51.53982300884956
1781567751,145,GET,/api/products [GET],34.000000,0.000000,260,430,630,750,1400,2000,2300,2900,3700,3700,3700,1722,11,170.0,514.5443148657891,1.467133995902259,36473.63180299726,119.23344947735191
1781567751,145,,Aggregated,86.300000,0.000000,590,890,1300,1500,2500,3200,3700,4100,5400,5400,5400,4389,28,390.0,801.796602440615,1.467133995902259,36473.63180299726,75.37981316928685
1781567752,146,GET,/api/load/cpu-heavy [GET],35.800000,0.000000,920,1500,2300,2600,3400,3800,4300,4700,5400,5400,5400,1797,9,700.0,1146.2852882209502,7.26743700215593,36190.82374300342,44.77462437395659
1781567752,146,GET,/api/load/memory-heavy [GET],16.500000,0.000000,590,850,1200,1600,2300,3000,3400,4000,4000,4000,4000,926,8,360.0,711.1689781910803,1.5872470030444674,19844.133311002224,51.55075593952484
1781567752,146,GET,/api/products [GET],34.400000,0.000000,290,550,790,1200,2000,2300,2900,3100,3700,3700,3700,1771,11,180.0,532.173992630106,1.467133995902259,36473.63180299726,119.25465838509317
1781567752,146,,Aggregated,86.700000,0.000000,630,990,1400,1800,2700,3300,3900,4200,5400,5400,5400,4494,28,400.0,814.6188868905007,1.467133995902259,36473.63180299726,75.52202937249666
1781567753,148,GET,/api/load/cpu-heavy [GET],35.100000,0.000000,930,1500,2300,2700,3300,3800,4300,4700,5400,5400,5400,1830,9,720.0,1148.8697014448421,7.26743700215593,36190.82374300342,44.778688524590166
1781567753,148,GET,/api/load/memory-heavy [GET],16.100000,0.000000,590,850,1200,1600,2500,3000,3400,4000,4000,4000,4000,947,8,370.0,719.1928584656175,1.5872470030444674,19844.133311002224,51.56071805702218
1781567753,148,GET,/api/products [GET],34.300000,0.000000,280,520,790,1100,1900,2300,2900,3200,3700,3700,3700,1818,11,180.0,529.0578179471446,1.467133995902259,36473.63180299726,119.27392739273927
1781567753,148,,Aggregated,85.500000,0.000000,620,970,1400,1800,2700,3300,3900,4200,5400,5400,5400,4595,28,400.0,815.0890758735396,1.467133995902259,36473.63180299726,75.65027203482046
1781567754,150,GET,/api/load/cpu-heavy [GET],35.700000,0.000000,930,1400,2100,2600,3400,3900,4400,4700,5400,5400,5400,1869,9,730.0,1163.7644737608703,7.26743700215593,36190.82374300342,44.78330658105939
1781567754,150,GET,/api/load/memory-heavy [GET],16.200000,0.000000,560,830,1200,1600,2500,3000,3400,4000,4000,4000,4000,960,8,370.0,716.4362677457649,1.5872470030444674,19844.133311002224,51.56666666666667
1781567754,150,GET,/api/products [GET],33.700000,0.000000,310,560,790,1100,1900,2300,2900,3200,3700,3700,3700,1843,11,180.0,530.0621788078685,1.467133995902259,36473.63180299726,119.28377645143787
1781567754,150,,Aggregated,85.600000,0.000000,630,960,1400,1700,2700,3300,4000,4300,5400,5400,5400,4672,28,410.0,821.8662701279768,1.467133995902259,36473.63180299726,75.56592465753425
1781567755,152,GET,/api/load/cpu-heavy [GET],35.100000,0.000000,1000,1500,2200,2700,3400,4000,4400,4900,5400,5400,5400,1904,9,740.0,1179.4334202185253,7.26743700215593,36190.82374300342,44.78728991596638
1781567755,152,GET,/api/load/memory-heavy [GET],16.200000,0.000000,590,850,1300,1800,2700,3100,3500,4000,4000,4000,4000,979,8,380.0,730.6559750734547,1.5872470030444674,19844.133311002224,51.57507660878447
1781567755,152,GET,/api/products [GET],35.400000,0.000000,330,620,850,1200,2000,2300,2900,3200,3700,3700,3700,1859,11,190.0,530.553828353369,1.467133995902259,36473.63180299726,119.28994082840237
1781567755,152,,Aggregated,86.700000,0.000000,680,1100,1500,1900,2800,3400,4000,4400,5400,5400,5400,4742,28,420.0,832.4025724592792,1.467133995902259,36473.63180299726,75.39582454660481
1781567756,154,GET,/api/load/cpu-heavy [GET],35.100000,0.000000,1100,1500,2100,2500,3400,4000,4400,4500,5000,5000,5000,1934,9,760.0,1183.4503501577472,7.26743700215593,36190.82374300342,44.790589451913135
1781567756,154,GET,/api/load/memory-heavy [GET],17.100000,0.000000,590,850,1600,1800,2600,3000,3500,4000,4000,4000,4000,988,8,380.0,736.6627574655014,1.5872470030444674,19844.133311002224,51.578947368421055
1781567756,154,GET,/api/products [GET],37.100000,0.000000,350,630,1000,1200,2000,2300,2900,3200,3700,3700,3700,1894,11,190.0,535.6165253347056,1.467133995902259,36473.63180299726,119.30306230200634
1781567756,154,,Aggregated,89.300000,0.000000,690,1100,1500,1900,2700,3400,4000,4300,5000,5000,5000,4816,28,430.0,837.0169187219551,1.467133995902259,36473.63180299726,75.48691860465117
1781567757,156,GET,/api/load/cpu-heavy [GET],34.900000,0.000000,1100,1600,2200,2600,3400,4000,4300,4500,5000,5000,5000,1957,9,770.0,1186.0717147328003,7.26743700215593,36190.82374300342,44.793050587634134
1781567757,156,GET,/api/load/memory-heavy [GET],16.800000,0.000000,630,1200,1700,1900,2600,3000,3500,4000,4000,4000,4000,1007,8,390.0,752.3540885014145,1.5872470030444674,19844.133311002224,51.58689175769613
1781567757,156,GET,/api/products [GET],35.800000,0.000000,330,570,950,1300,2000,2400,2900,3200,3700,3700,3700,1919,11,190.0,537.4361267191002,1.467133995902259,36473.63180299726,119.31214174048984
1781567757,156,,Aggregated,87.500000,0.000000,730,1200,1600,2000,2800,3400,4000,4300,5000,5000,5000,4883,28,430.0,841.7167397147192,1.467133995902259,36473.63180299726,75.47982797460577
1781567758,158,GET,/api/load/cpu-heavy [GET],35.100000,0.000000,1100,1600,2200,2700,3500,4000,4300,4500,5000,5000,5000,1980,9,770.0,1186.0201005813647,7.26743700215593,36190.82374300342,44.79545454545455
1781567758,158,GET,/api/load/memory-heavy [GET],17.200000,0.000000,620,1000,1700,2100,2800,3400,4000,4700,4900,4900,4900,1028,8,390.0,769.1360059746504,1.5872470030444674,19844.133311002224,51.59533073929961
1781567758,158,GET,/api/products [GET],34.400000,0.000000,330,660,1000,1300,2000,2500,3100,3300,3700,3700,3700,1954,11,200.0,543.634958749204,1.467133995902259,36473.63180299726,119.32446264073695
1781567758,158,,Aggregated,86.700000,0.000000,730,1200,1600,2000,2800,3500,4000,4300,5000,5000,5000,4962,28,440.0,846.6856756729128,1.467133995902259,36473.63180299726,75.55320435308343
1781567759,160,GET,/api/load/cpu-heavy [GET],33.800000,0.000000,1100,1600,2200,2700,3500,4200,4500,5000,5900,5900,5900,2004,9,780.0,1195.7654768413615,7.26743700215593,36190.82374300342,44.797904191616766
1781567759,160,GET,/api/load/memory-heavy [GET],16.500000,0.000000,610,1000,1700,2200,3000,3700,4000,4700,4900,4900,4900,1043,8,410.0,776.9757607180676,1.5872470030444674,19844.133311002224,51.601150527325025
1781567759,160,GET,/api/products [GET],34.000000,0.000000,350,720,1000,1300,2100,2500,3100,3300,3700,3700,3700,1982,11,200.0,546.6490291891688,1.467133995902259,36473.63180299726,119.33400605449042
1781567759,160,,Aggregated,84.300000,0.000000,760,1200,1600,2000,2900,3500,4200,4500,5900,5900,5900,5029,28,440.0,853.0837363038324,1.467133995902259,36473.63180299726,75.58460926625571
1781567760,162,GET,/api/load/cpu-heavy [GET],32.600000,0.000000,1100,1500,2300,2800,3500,4300,4900,5500,6100,6100,6100,2040,9,780.0,1203.600361577477,7.26743700215593,36190.82374300342,44.8014705882353
1781567760,162,GET,/api/load/memory-heavy [GET],17.300000,0.000000,650,1300,2100,2500,3100,3800,4600,4900,6000,6000,6000,1050,8,410.0,787.4970424037642,1.5872470030444674,19844.133311002224,51.603809523809524
1781567760,162,GET,/api/products [GET],31.500000,0.000000,410,740,1000,1300,2100,2600,3100,3300,3700,3700,3700,2003,11,200.0,547.1704861767004,1.467133995902259,36473.63180299726,119.34098851722416
1781567760,162,,Aggregated,81.400000,0.000000,780,1200,1700,2100,3100,3700,4400,4900,6100,6100,6100,5093,28,450.0,859.650327106606,1.467133995902259,36473.63180299726,75.5191439230316
1781567761,164,GET,/api/load/cpu-heavy [GET],31.200000,0.000000,1200,1600,2300,2800,4200,4700,5900,6300,6900,6900,6900,2078,9,820.0,1228.3171430736625,7.26743700215593,36190.82374300342,44.8051010587103
1781567761,164,GET,/api/load/memory-heavy [GET],17.500000,0.000000,780,1600,2300,2600,3500,4000,4900,6500,7500,7500,7500,1060,8,420.0,804.6046380018419,1.5872470030444674,19844.133311002224,51.60754716981132
1781567761,164,GET,/api/products [GET],33.300000,0.000000,470,820,1100,1300,2100,2500,2900,3100,3700,3700,3700,2028,11,210.0,553.4355139176109,1.467133995902259,36473.63180299726,119.3491124260355
1781567761,164,,Aggregated,82.000000,0.000000,880,1300,1800,2100,3100,4100,4900,6100,7500,7500,7500,5166,28,460.0,876.4404107266647,1.467133995902259,36473.63180299726,75.46438250096787
1781567762,165,GET,/api/load/cpu-heavy [GET],29.900000,0.000000,1200,1600,2200,2800,4300,5100,6100,6500,7100,7100,7100,2114,9,820.0,1241.2472953103581,7.26743700215593,36190.82374300342,44.808420056764426
1781567762,165,GET,/api/load/memory-heavy [GET],16.900000,0.000000,790,1600,2100,2500,3200,3800,6000,6500,7500,7500,7500,1078,8,430.0,805.9179095379748,1.5872470030444674,19844.133311002224,51.614100185528756
1781567762,165,GET,/api/products [GET],33.000000,0.000000,460,780,1000,1200,2000,2400,3100,3200,3700,3700,3700,2069,11,210.0,558.1448089250417,1.467133995902259,36473.63180299726,119.36201063315612
1781567762,165,,Aggregated,79.800000,0.000000,910,1300,1600,2000,3100,4300,5500,6300,7500,7500,7500,5261,28,470.0,883.4019955206155,1.467133995902259,36473.63180299726,75.52271431286827
1781567763,167,GET,/api/load/cpu-heavy [GET],30.400000,0.000000,1300,1700,2300,2900,4500,5700,6600,7000,9700,9700,9700,2149,9,830.0,1259.831717119633,7.26743700215593,36190.82374300342,44.811540251279666
1781567763,167,GET,/api/load/memory-heavy [GET],15.700000,0.000000,980,1700,2400,2800,3700,4600,6900,7400,7500,7500,7500,1092,8,430.0,830.5329639477374,1.5872470030444674,19844.133311002224,51.61904761904762
1781567763,167,GET,/api/products [GET],30.800000,0.000000,480,820,1100,1300,2000,2600,3300,4300,5000,5000,5000,2093,11,210.0,564.288139789737,1.467133995902259,36473.63180299726,119.36932632584806
1781567763,167,,Aggregated,76.900000,0.000000,960,1400,1900,2200,3400,4700,6100,6900,9700,9700,9700,5334,28,470.0,899.0205161794065,1.467133995902259,36473.63180299726,75.46081739782527
1781567764,169,GET,/api/load/cpu-heavy [GET],31.000000,0.000000,1400,1900,2600,3100,5000,6500,8100,9000,10000,10000,10000,2194,9,840.0,1304.5116232056182,7.26743700215593,36190.82374300342,44.815405651777574
1781567764,169,GET,/api/load/memory-heavy [GET],15.200000,0.000000,1000,1800,2600,3000,3900,4900,7400,7400,7500,7500,7500,1105,8,430.0,847.3565755601161,1.5872470030444674,19844.133311002224,51.62352941176471
1781567764,169,GET,/api/products [GET],30.400000,0.000000,510,880,1100,1400,2100,2600,3300,4300,5000,5000,5000,2120,11,210.0,568.8860925542132,1.467133995902259,36473.63180299726,119.37735849056604
1781567764,169,,Aggregated,76.600000,0.000000,1000,1500,2000,2300,3800,5200,7100,8000,10000,10000,10000,5419,28,480.0,923.5036046359106,1.467133995902259,36473.63180299726,75.37350064587562
1781567765,171,GET,/api/load/cpu-heavy [GET],31.500000,0.000000,1300,1800,2300,3000,5100,6600,8100,9000,10000,10000,10000,2221,9,850.0,1306.329506988794,7.26743700215593,36190.82374300342,44.81764970733904
1781567765,171,GET,/api/load/memory-heavy [GET],15.100000,0.000000,1200,1800,2500,2900,3900,4900,7400,7400,7500,7500,7500,1122,8,450.0,859.5237934491328,1.5872470030444674,19844.133311002224,51.629233511586456
1781567765,171,GET,/api/products [GET],29.100000,0.000000,560,930,1200,1400,2200,3000,3700,4300,5000,5000,5000,2150,11,220.0,579.08084434228,1.467133995902259,36473.63180299726,119.38604651162791
1781567765,171,,Aggregated,75.700000,0.000000,1000,1400,2000,2400,3900,5700,7200,8100,10000,10000,10000,5493,28,490.0,930.4145906804948,1.467133995902259,36473.63180299726,75.39559439286364
1781567767,173,GET,/api/load/cpu-heavy [GET],31.800000,0.000000,1400,1900,2600,3400,5200,6800,8600,9700,10000,10000,10000,2253,9,880.0,1316.8936089534416,7.26743700215593,36190.82374300342,44.8202396804261
1781567767,173,GET,/api/load/memory-heavy [GET],14.300000,0.000000,1100,2000,2800,3000,4200,5900,7400,7400,7500,7500,7500,1138,8,470.0,872.4844847547919,1.5872470030444674,19844.133311002224,51.63444639718805
1781567767,173,GET,/api/products [GET],27.400000,0.000000,610,940,1200,1400,2400,3200,3700,4300,5000,5000,5000,2176,11,220.0,585.151155247652,1.467133995902259,36473.63180299726,119.39338235294117
1781567767,173,,Aggregated,73.500000,0.000000,1100,1500,2100,2500,3900,5500,7200,8100,10000,10000,10000,5567,28,500.0,940.0283022169874,1.467133995902259,36473.63180299726,75.36195437398958
1781567768,175,GET,/api/load/cpu-heavy [GET],32.200000,0.000000,1500,1900,2600,3400,5200,6600,8100,9000,10000,10000,10000,2283,9,890.0,1326.3265747376747,7.26743700215593,36190.82374300342,44.82260183968462
1781567768,175,GET,/api/load/memory-heavy [GET],14.300000,0.000000,1100,1700,2300,2800,3800,5900,7400,7400,7500,7500,7500,1158,8,480.0,875.2095760440037,1.5872470030444674,19844.133311002224,51.64075993091537
1781567768,175,GET,/api/products [GET],27.400000,0.000000,660,1000,1300,1500,2300,3200,3500,4300,5000,5000,5000,2214,11,230.0,593.5953487623639,1.467133995902259,36473.63180299726,119.40379403794039
1781567768,175,,Aggregated,73.900000,0.000000,1100,1600,2100,2400,4200,5500,7200,8100,10000,10000,10000,5655,28,510.0,947.0762796365981,1.467133995902259,36473.63180299726,75.41821396993811
1781567769,177,GET,/api/load/cpu-heavy [GET],31.700000,0.000000,1600,2200,3000,3700,5100,6600,8100,9000,10000,10000,10000,2319,9,910.0,1346.79667019712,7.26743700215593,36190.82374300342,44.82535575679172
1781567769,177,GET,/api/load/memory-heavy [GET],14.100000,0.000000,1100,1700,2200,2700,4200,5900,7400,7400,7500,7500,7500,1172,8,480.0,879.8789678071337,1.5872470030444674,19844.133311002224,51.64505119453925
1781567769,177,GET,/api/products [GET],28.800000,0.000000,660,1000,1300,1500,2200,3100,3500,4300,5000,5000,5000,2261,11,230.0,597.3282182670819,1.467133995902259,36473.63180299726,119.41618752764263
1781567769,177,,Aggregated,74.600000,0.000000,1100,1600,2100,2500,4100,5200,7100,8000,10000,10000,10000,5752,28,520.0,957.058193664633,1.467133995902259,36473.63180299726,75.53511821974965
1781567770,179,GET,/api/load/cpu-heavy [GET],32.500000,0.000000,1700,2300,3100,3700,5100,6600,8100,9000,10000,10000,10000,2368,9,930.0,1367.1101918349332,7.26743700215593,36190.82374300342,44.8289695945946
1781567770,179,GET,/api/load/memory-heavy [GET],15.100000,0.000000,1100,1500,2200,2300,3500,5900,7400,7400,7500,7500,7500,1186,8,480.0,883.413082292571,1.5872470030444674,19844.133311002224,51.64924114671164
1781567770,179,GET,/api/products [GET],29.500000,0.000000,670,1000,1200,1400,2200,3100,3500,4300,5000,5000,5000,2297,11,230.0,595.9266253564934,1.467133995902259,36473.63180299726,119.42533739660426
1781567770,179,,Aggregated,77.100000,0.000000,1200,1700,2200,2600,3800,5200,7100,8000,10000,10000,10000,5851,28,530.0,966.3114524539378,1.467133995902259,36473.63180299726,75.49666723636984
1781567771,180,GET,/api/load/cpu-heavy [GET],33.700000,0.000000,1700,2300,2900,3400,4900,6400,8100,9000,10000,10000,10000,2407,9,950.0,1378.07801852602,7.26743700215593,36190.82374300342,44.83174075612796
1781567771,180,GET,/api/load/memory-heavy [GET],14.300000,0.000000,1100,1500,1800,2200,3000,4400,6900,7400,7400,7400,7400,1205,8,490.0,883.9272229319374,1.5872470030444674,19844.133311002224,51.654771784232366
1781567771,180,GET,/api/products [GET],30.500000,0.000000,650,980,1200,1400,2100,3000,3500,4300,5000,5000,5000,2341,11,240.0,598.8556599790102,1.467133995902259,36473.63180299726,119.43613840239215
1781567771,180,,Aggregated,78.500000,0.000000,1200,1700,2100,2300,3500,4800,7000,8000,10000,10000,10000,5953,28,540.0,971.6255995692921,1.467133995902259,36473.63180299726,75.55081471526961
1781567772,180,GET,/api/load/cpu-heavy [GET],36.200000,0.000000,1700,2200,2700,3100,4600,6200,8100,9000,10000,10000,10000,2435,9,950.0,1377.3067339561057,7.26743700215593,36190.82374300342,44.83367556468173
1781567772,180,GET,/api/load/memory-heavy [GET],14.300000,0.000000,1100,1600,2000,2200,3000,4400,6900,7400,7400,7400,7400,1229,8,500.0,890.2314817176498,1.5872470030444674,19844.133311002224,51.661513425549224
1781567772,180,GET,/api/products [GET],31.500000,0.000000,620,960,1200,1400,2100,2800,3500,4300,5000,5000,5000,2384,11,250.0,602.0889212457424,1.467133995902259,36473.63180299726,119.44630872483222
1781567772,180,,Aggregated,82.000000,0.000000,1100,1700,2100,2300,3400,4600,6900,8000,10000,10000,10000,6048,28,550.0,972.7540304999966,1.467133995902259,36473.63180299726,75.63194444444444
1781567773,180,GET,/api/load/cpu-heavy [GET],36.600000,0.000000,1700,2200,2700,3000,4300,5200,7700,8800,10000,10000,10000,2470,9,960.0,1379.295985830007,7.26743700215593,36190.82374300342,44.836032388663966
1781567773,180,GET,/api/load/memory-heavy [GET],15.500000,0.000000,970,1500,1800,2100,2700,3400,5900,5900,7400,7400,7400,1239,8,500.0,890.9548470903826,1.5872470030444674,19844.133311002224,51.66424535916061
1781567773,180,GET,/api/products [GET],33.800000,0.000000,650,960,1200,1400,2100,2700,3400,3500,3700,3700,3700,2406,11,260.0,606.5595030223741,1.467133995902259,36473.63180299726,119.45137157107231
1781567773,180,,Aggregated,85.900000,0.000000,1100,1600,2000,2200,3200,4200,5900,7400,10000,10000,10000,6115,28,550.0,976.3101070837205,1.467133995902259,36473.63180299726,75.57759607522486
1781567774,180,GET,/api/load/cpu-heavy [GET],35.600000,0.000000,1700,2200,2700,2900,3900,4900,5200,5600,7100,7100,7100,2500,9,980.0,1395.2673249224365,7.26743700215593,36190.82374300342,44.838
1781567774,180,GET,/api/load/memory-heavy [GET],16.900000,0.000000,980,1500,2000,2200,3100,3700,4400,5100,5900,5900,5900,1266,8,510.0,915.8166242977893,1.5872470030444674,19844.133311002224,51.67140600315956
1781567774,180,GET,/api/products [GET],35.500000,0.000000,650,910,1100,1300,2100,2800,3400,3500,3700,3700,3700,2439,11,260.0,608.4815117145768,1.467133995902259,36473.63180299726,119.45879458794587
1781567774,180,,Aggregated,88.000000,0.000000,1100,1600,2000,2200,3200,3800,4900,5200,7100,7100,7100,6205,28,560.0,988.183491658172,1.467133995902259,36473.63180299726,75.56341659951651
1781567775,180,GET,/api/load/cpu-heavy [GET],35.300000,0.000000,1700,2200,2800,3100,4200,5000,5300,5600,7100,7100,7100,2523,9,990.0,1404.1264172017832,7.26743700215593,36190.82374300342,44.83947681331748
1781567775,180,GET,/api/load/memory-heavy [GET],16.000000,0.000000,900,1300,1700,2200,3100,4000,4400,5100,5900,5900,5900,1287,8,520.0,920.0346189549449,1.5872470030444674,19844.133311002224,51.676767676767675
1781567775,180,GET,/api/products [GET],33.600000,0.000000,650,910,1100,1400,2200,2800,3300,3500,3600,3600,3600,2473,11,280.0,620.6377103913695,1.467133995902259,36473.63180299726,119.46623534169025
1781567775,180,,Aggregated,84.900000,0.000000,1100,1600,2100,2300,3300,4000,5100,5300,7100,7100,7100,6283,28,570.0,996.5832505161515,1.467133995902259,36473.63180299726,75.61324208180805
1781567776,180,GET,/api/load/cpu-heavy [GET],35.300000,0.000000,1700,2200,2900,3200,4200,5100,5400,6000,7100,7100,7100,2545,9,1000.0,1410.565800808291,7.26743700215593,36190.82374300342,44.84086444007858
1781567776,180,GET,/api/load/memory-heavy [GET],16.000000,0.000000,900,1300,1600,2000,3300,4200,4500,5100,5900,5900,5900,1308,8,530.0,933.1847949411356,1.5872470030444674,19844.133311002224,51.681957186544345
1781567776,180,GET,/api/products [GET],33.600000,0.000000,620,890,1100,1300,2200,2800,3300,3600,4500,4500,4500,2512,11,290.0,625.4678241575879,1.467133995902259,36473.63180299726,119.47452229299363
1781567776,180,,Aggregated,84.900000,0.000000,1000,1500,2000,2200,3300,4200,5100,5300,7100,7100,7100,6365,28,580.0,1002.6191436172792,1.467133995902259,36473.63180299726,75.70149253731343
1781567777,180,GET,/api/load/cpu-heavy [GET],32.700000,0.000000,1800,2300,2900,3200,4400,5200,5600,6500,135000,135000,135000,2582,10,1000.0,1474.1281161313289,7.26743700215593,135192.1857769994,44.82571649883811
1781567777,180,GET,/api/load/memory-heavy [GET],18.000000,0.000000,980,1400,1700,2300,3700,4400,5100,5700,5900,5900,5900,1321,8,540.0,947.9967736941729,1.5872470030444674,19844.133311002224,51.685087055261164
1781567777,180,GET,/api/products [GET],34.800000,0.000000,600,890,1100,1300,2200,2900,3600,3600,5100,5100,5100,2543,11,300.0,631.2887311183051,1.467133995902259,36473.63180299726,119.48092803775069
1781567777,180,,Aggregated,85.500000,0.000000,1100,1600,2000,2300,3400,4400,5200,5600,135000,135000,135000,6446,29,590.0,1033.7992207779962,1.467133995902259,135192.1857769994,75.68352466645982
1781567778,180,GET,/api/load/cpu-heavy [GET],32.400000,0.000000,1700,2200,2900,3200,4500,5300,6000,6600,135000,135000,135000,2620,10,1000.0,1491.3347314664318,7.26743700215593,135192.1857769994,44.82824427480916
1781567778,180,GET,/api/load/memory-heavy [GET],18.600000,0.000000,890,1300,1700,2100,3400,4200,4700,5300,5700,5700,5700,1338,8,540.0,942.8877851352728,1.5872470030444674,19844.133311002224,51.68908819133034
1781567778,180,GET,/api/products [GET],36.200000,0.000000,560,810,1000,1200,2100,2900,3600,3600,5100,5100,5100,2575,11,310.0,628.8406271005339,1.467133995902259,36473.63180299726,119.4873786407767
1781567778,180,,Aggregated,87.200000,0.000000,1000,1500,1900,2300,3400,4400,5300,5800,135000,135000,135000,6533,29,590.0,1039.054870310262,1.467133995902259,135192.1857769994,75.66049288228992
1781567779,180,GET,/api/load/cpu-heavy [GET],32.600000,0.100000,1700,2300,3000,3400,4700,5200,5700,6600,135000,135000,135000,2656,10,1000.0,1503.8542827511492,7.26743700215593,135192.1857769994,44.83057228915663
1781567779,180,GET,/api/load/memory-heavy [GET],18.100000,0.000000,880,1300,1700,2300,3500,4300,4700,5300,5700,5700,5700,1353,8,540.0,948.0291077538756,1.5872470030444674,19844.133311002224,51.692535107169256
1781567779,180,GET,/api/products [GET],36.700000,0.000000,560,810,1100,1300,2400,3300,3600,3900,6400,6400,6400,2613,11,310.0,637.1671935517955,1.467133995902259,36473.63180299726,119.49483352468427
1781567779,180,,Aggregated,87.400000,0.100000,1000,1500,2000,2500,3600,4400,5300,5700,135000,135000,135000,6622,29,590.0,1048.299340762445,1.467133995902259,135192.1857769994,75.69465418302627
1781567780,180,GET,/api/load/cpu-heavy [GET],33.500000,0.100000,1500,2000,3000,3400,4300,5200,5700,6600,135000,135000,135000,2690,10,1000.0,1502.2675704379335,7.26743700215593,135192.1857769994,44.83271375464684
1781567780,180,GET,/api/load/memory-heavy [GET],17.900000,0.000000,900,1300,2000,2700,3800,4400,4700,5300,5700,5700,5700,1364,8,550.0,954.2565080036636,1.5872470030444674,19844.133311002224,51.6950146627566
1781567780,180,GET,/api/products [GET],36.000000,0.000000,580,850,1100,1400,2900,3300,3600,4000,6400,6400,6400,2651,11,310.0,644.8235679893818,1.467133995902259,36473.63180299726,119.50207468879668
1781567780,180,,Aggregated,87.400000,0.100000,1000,1400,2000,2600,3600,4400,5300,5700,135000,135000,135000,6705,29,600.0,1051.7722475965563,1.467133995902259,135192.1857769994,75.75123042505592
1781567781,180,GET,/api/load/cpu-heavy [GET],33.400000,0.100000,1500,2000,3000,3400,4700,5300,5700,6600,135000,135000,135000,2733,10,1000.0,1503.3460641782092,7.26743700215593,135192.1857769994,44.83534577387486
1781567781,180,GET,/api/load/memory-heavy [GET],18.100000,0.000000,880,1300,1800,2800,4000,4400,5100,5300,5700,5700,5700,1374,8,560.0,955.3712015829711,1.5872470030444674,19844.133311002224,51.69723435225619
1781567781,180,GET,/api/products [GET],35.100000,0.000000,600,890,1100,1400,2900,3400,3900,4500,6400,6400,6400,2685,11,320.0,650.3036478275116,1.467133995902259,36473.63180299726,119.50837988826815
1781567781,180,,Aggregated,86.600000,0.100000,1000,1500,2000,2700,3700,4700,5400,5700,135000,135000,135000,6792,29,610.0,1055.2694521188075,1.467133995902259,135192.1857769994,75.7430800942285
1781567782,180,GET,/api/load/cpu-heavy [GET],32.300000,0.100000,1500,2100,3200,3700,4900,5400,5800,6600,135000,135000,135000,2759,10,1000.0,1510.3358214045252,7.26743700215593,135192.1857769994,44.83689742660384
1781567782,180,GET,/api/load/memory-heavy [GET],17.700000,0.000000,920,1300,1900,2700,4000,4400,5100,5300,5700,5700,5700,1387,8,560.0,957.8583870944681,1.5872470030444674,19844.133311002224,51.700072098053354
1781567782,180,GET,/api/products [GET],34.900000,0.000000,590,880,1000,1400,2900,3300,3900,4500,6400,6400,6400,2710,11,320.0,651.036682946821,1.467133995902259,36473.63180299726,119.5129151291513
1781567782,180,,Aggregated,84.900000,0.100000,1000,1500,2000,2700,3800,4800,5500,5800,135000,135000,135000,6856,29,610.0,1058.9083321092508,1.467133995902259,135192.1857769994,75.74285297549592
1781567783,180,GET,/api/load/cpu-heavy [GET],32.300000,0.100000,1600,2300,3300,3800,5200,5800,6800,7200,135000,135000,135000,2820,10,1100.0,1544.7644542663686,7.26743700215593,135192.1857769994,44.840425531914896
1781567783,180,GET,/api/load/memory-heavy [GET],16.800000,0.000000,930,1300,1800,2700,3800,4300,4800,5300,5700,5700,5700,1404,8,580.0,968.3227760135467,1.5872470030444674,19844.133311002224,51.7037037037037
1781567783,180,GET,/api/products [GET],33.700000,0.000000,590,900,1100,1400,2800,3300,3900,4500,6400,6400,6400,2736,11,330.0,652.4833115836636,1.467133995902259,36473.63180299726,119.51754385964912
1781567783,180,,Aggregated,82.800000,0.100000,1100,1500,2100,2800,3900,5200,5800,6700,135000,135000,135000,6960,29,630.0,1077.7234596332053,1.467133995902259,135192.1857769994,75.58074712643678
1781567784,180,GET,/api/load/cpu-heavy [GET],32.500000,0.100000,1500,2100,3200,3700,5200,5800,6800,7200,135000,135000,135000,2855,10,1100.0,1546.9783818308717,7.26743700215593,135192.1857769994,44.84238178633976
1781567784,180,GET,/api/load/memory-heavy [GET],15.700000,0.000000,940,1400,1900,2700,3800,4400,4800,5300,5700,5700,5700,1419,8,580.0,976.278994014116,1.5872470030444674,19844.133311002224,51.70683579985906
1781567784,180,GET,/api/products [GET],32.600000,0.000000,560,860,1100,1300,2700,3300,3900,4500,6400,6400,6400,2782,11,340.0,655.0953310887415,1.467133995902259,36473.63180299726,119.5255212077642
1781567784,180,,Aggregated,80.800000,0.100000,1100,1500,2000,2700,3900,5100,5900,6700,135000,135000,135000,7056,29,630.0,1080.5609954254644,1.467133995902259,135192.1857769994,75.66850907029479
1781567785,180,GET,/api/load/cpu-heavy [GET],34.600000,0.100000,1400,2000,3100,3600,5200,5800,6800,7200,135000,135000,135000,2879,10,1100.0,1545.6754230160334,7.26743700215593,135192.1857769994,44.843695727683226
1781567785,180,GET,/api/load/memory-heavy [GET],16.400000,0.000000,870,1300,1800,2500,3700,4300,4800,5300,5700,5700,5700,1439,8,590.0,979.3741471661173,1.5872470030444674,19844.133311002224,51.71091035441279
1781567785,180,GET,/api/products [GET],32.900000,0.000000,570,920,1200,1400,2900,3500,4000,4300,6400,6400,6400,2819,11,340.0,667.4549102819677,1.467133995902259,36473.63180299726,119.5317488471089
1781567785,180,,Aggregated,83.900000,0.100000,1100,1500,2000,2700,3900,5100,5900,6700,135000,135000,135000,7137,29,630.0,1084.6117882471758,1.467133995902259,135192.1857769994,75.72887767969735
1781567786,180,GET,/api/load/cpu-heavy [GET],34.600000,0.100000,1400,1900,3200,3600,5100,5800,6700,7000,7900,7900,7900,2914,10,1100.0,1555.6125143538716,7.26743700215593,135192.1857769994,44.84557309540151
1781567786,180,GET,/api/load/memory-heavy [GET],15.100000,0.000000,850,1200,1700,2300,3400,3900,4700,4800,4900,4900,4900,1453,8,590.0,983.6222692120047,1.5872470030444674,19844.133311002224,51.7136958017894
1781567786,180,GET,/api/products [GET],34.500000,0.000000,560,900,1100,1400,2900,3400,3900,4000,6400,6400,6400,2844,11,340.0,668.8710763164131,1.467133995902259,36473.63180299726,119.53586497890295
1781567786,180,,Aggregated,84.200000,0.100000,1000,1400,1900,2600,3900,5000,5800,6700,7900,7900,7900,7211,29,640.0,1090.629228267387,1.467133995902259,135192.1857769994,75.68714464013313
1781567787,180,GET,/api/load/cpu-heavy [GET],35.300000,0.100000,1400,2000,3200,3600,5000,5700,6700,7000,7900,7900,7900,2957,10,1100.0,1568.9769649631994,7.26743700215593,135192.1857769994,44.8478187352046
1781567787,180,GET,/api/load/memory-heavy [GET],15.100000,0.000000,940,1600,2300,2700,3700,4300,4800,4900,4900,4900,4900,1475,8,590.0,994.8307944054334,1.5872470030444674,19844.133311002224,51.71796610169491
1781567787,180,GET,/api/products [GET],34.900000,0.000000,640,1000,1400,1800,2900,3400,4000,4300,6400,6400,6400,2874,11,350.0,675.7642299188798,1.467133995902259,36473.63180299726,119.54070981210856
1781567787,180,,Aggregated,85.300000,0.100000,1100,1600,2200,2700,3800,4900,5800,6400,7900,7900,7900,7306,29,650.0,1101.6954152656829,1.467133995902259,135192.1857769994,75.61716397481523
1781567788,180,GET,/api/load/cpu-heavy [GET],36.700000,0.100000,1400,1900,2700,3200,5000,5600,6700,7000,7900,7900,7900,2980,10,1100.0,1570.342456053409,7.26743700215593,135192.1857769994,44.848993288590606
1781567788,180,GET,/api/load/memory-heavy [GET],14.400000,0.000000,1100,1500,2000,2500,3500,4200,4800,4900,4900,4900,4900,1493,8,600.0,999.9007892860187,1.5872470030444674,19844.133311002224,51.72136637642331
1781567788,180,GET,/api/products [GET],32.700000,0.000000,710,1100,1400,1800,2700,3300,3600,4000,5500,5500,5500,2923,11,350.0,683.6404854460737,1.467133995902259,36473.63180299726,119.54840916866233
1781567788,180,,Aggregated,83.800000,0.100000,1100,1600,2100,2500,3500,4900,5800,6400,7900,7900,7900,7396,29,660.0,1104.7530471068255,1.467133995902259,135192.1857769994,75.75851811790157
1781567789,180,GET,/api/load/cpu-heavy [GET],37.700000,0.000000,1500,2200,3200,3500,5000,5600,6700,7000,7900,7900,7900,3017,10,1100.0,1577.9939154047713,7.26743700215593,135192.1857769994,44.85084521047398
1781567789,180,GET,/api/load/memory-heavy [GET],15.400000,0.000000,990,1400,1800,2400,3300,3900,4700,4900,4900,4900,4900,1516,8,600.0,999.0716290171633,1.5872470030444674,19844.133311002224,51.72559366754617
1781567789,180,GET,/api/products [GET],33.000000,0.000000,690,1000,1400,1700,2500,3200,3600,4000,5500,5500,5500,2965,11,360.0,685.9983051416147,1.467133995902259,36473.63180299726,119.5548060708263
1781567789,180,,Aggregated,86.100000,0.000000,1100,1600,2100,2500,3600,4800,5800,6400,7900,7900,7900,7498,29,660.0,1108.2135512284776,1.467133995902259,135192.1857769994,75.78167511336356
1781567790,180,GET,/api/load/cpu-heavy [GET],35.900000,0.000000,1600,2400,3300,3700,5000,5600,6700,7000,7900,7900,7900,3055,10,1100.0,1585.0141617185604,7.26743700215593,135192.1857769994,44.852700490998366
1781567790,180,GET,/api/load/memory-heavy [GET],15.300000,0.000000,1100,1500,2000,2500,3200,3700,4300,4900,4900,4900,4900,1534,8,610.0,1008.9467894185253,1.5872470030444674,19844.133311002224,51.728813559322035
1781567790,180,GET,/api/products [GET],34.300000,0.000000,680,990,1400,1600,2500,3200,3500,4000,4400,4400,4400,2988,11,360.0,686.391096589996,1.467133995902259,36473.63180299726,119.5582329317269
1781567790,180,,Aggregated,85.500000,0.000000,1200,1700,2200,2700,3700,4800,5800,6400,7900,7900,7900,7577,29,670.0,1114.0133609118589,1.467133995902259,135192.1857769994,75.70502837534644
1781567791,180,GET,/api/load/cpu-heavy [GET],35.700000,0.000000,1600,2400,3200,3500,4800,5600,6700,7000,7900,7900,7900,3102,10,1100.0,1591.165209990706,7.26743700215593,135192.1857769994,44.85493230174081
1781567791,180,GET,/api/load/memory-heavy [GET],15.900000,0.000000,1200,1600,2100,2500,3200,3700,4300,4900,4900,4900,4900,1549,8,620.0,1011.3542313783207,1.5872470030444674,19844.133311002224,51.73143963847644
1781567791,180,GET,/api/products [GET],34.700000,0.000000,690,1100,1400,1600,2500,3100,3500,4000,4400,4400,4400,3033,11,360.0,688.4856872792252,1.467133995902259,36473.63180299726,119.56478733926805
1781567791,180,,Aggregated,86.300000,0.000000,1200,1700,2200,2600,3500,4600,5600,6300,7900,7900,7900,7684,29,670.0,1117.980124325105,1.467133995902259,135192.1857769994,75.73034877667881
1781567792,180,GET,/api/load/cpu-heavy [GET],36.300000,0.000000,1600,2200,2800,3300,4100,4900,5700,6200,6900,6900,6900,3120,10,1100.0,1591.2412511715236,7.26743700215593,135192.1857769994,44.85576923076923
1781567792,180,GET,/api/load/memory-heavy [GET],16.600000,0.000000,1100,1500,1800,2200,2900,3500,4300,4900,4900,4900,4900,1564,8,630.0,1012.6933200984727,1.5872470030444674,19844.133311002224,51.734015345268546
1781567792,180,GET,/api/products [GET],33.700000,0.000000,730,1100,1400,1700,2500,3100,3500,4000,4400,4400,4400,3061,11,370.0,691.0498219947398,1.467133995902259,36473.63180299726,119.5687683763476
1781567792,180,,Aggregated,86.600000,0.000000,1200,1600,2100,2400,3300,4100,4900,5600,6900,6900,6900,7745,29,680.0,1118.6350628037571,1.467133995902259,135192.1857769994,75.77301484828922
1781567793,180,GET,/api/load/cpu-heavy [GET],36.800000,0.000000,1600,2200,2700,3000,4000,4700,5500,5600,6400,6400,6400,3153,10,1100.0,1592.4725352293553,7.26743700215593,135192.1857769994,44.857278782112274
1781567793,180,GET,/api/load/memory-heavy [GET],17.300000,0.000000,1100,1400,1800,2200,2700,3300,4200,4900,4900,4900,4900,1586,8,640.0,1015.3660820750229,1.5872470030444674,19844.133311002224,51.73770491803279
1781567793,180,GET,/api/products [GET],33.900000,0.000000,720,1100,1400,1700,2400,3200,3600,4000,4400,4400,4400,3103,11,370.0,692.2400848310955,1.467133995902259,36473.63180299726,119.57460522075411
1781567793,180,,Aggregated,88.000000,0.000000,1200,1600,2100,2300,3200,4000,4800,5100,6400,6400,6400,7842,29,680.0,1119.5431641137554,1.467133995902259,135192.1857769994,75.81369548584544
1781567794,180,GET,/api/load/cpu-heavy [GET],35.800000,0.000000,1600,2200,2700,3200,4000,4800,5500,5600,6400,6400,6400,3189,10,1100.0,1595.7336741640545,7.26743700215593,135192.1857769994,44.858889934148635
1781567794,180,GET,/api/load/memory-heavy [GET],17.700000,0.000000,1200,1500,2000,2300,2900,3600,4900,5000,5300,5300,5300,1605,8,640.0,1027.8305357526347,1.5872470030444674,19844.133311002224,51.74080996884735
1781567794,180,GET,/api/products [GET],35.100000,0.000000,630,980,1300,1500,2200,2700,3200,3700,4500,4500,4500,3147,11,360.0,691.6750665745003,1.467133995902259,36473.63180299726,119.58055290753099
1781567794,180,,Aggregated,88.600000,0.000000,1200,1600,2100,2300,3200,4000,4900,5400,6400,6400,6400,7941,29,680.0,1122.675246354633,1.467133995902259,135192.1857769994,75.8618561893968
1781567795,180,GET,/api/load/cpu-heavy [GET],33.200000,0.000000,1600,2200,2700,3100,3900,4600,5500,5800,6400,6400,6400,3224,10,1100.0,1597.8046543241837,7.26743700215593,135192.1857769994,44.86042183622829
1781567795,180,GET,/api/load/memory-heavy [GET],17.800000,0.000000,1200,1500,2100,2400,3000,3700,4900,5000,5300,5300,5300,1621,8,640.0,1033.2695441134915,1.5872470030444674,19844.133311002224,51.743368291178285
1781567795,180,GET,/api/products [GET],36.700000,0.000000,610,980,1300,1500,2200,2700,3200,3700,4500,4500,4500,3191,11,370.0,694.2234361090442,1.467133995902259,36473.63180299726,119.58633657160765
1781567795,180,,Aggregated,87.700000,0.000000,1100,1500,2100,2300,3200,3900,4700,5400,6400,6400,6400,8036,29,690.0,1125.1268194590766,1.467133995902259,135192.1857769994,75.92160278745645
1781567796,180,GET,/api/load/cpu-heavy [GET],33.800000,0.000000,1500,2100,2400,2800,3900,4300,5000,5500,6200,6200,6200,3258,10,1200.0,1601.0532584181074,7.26743700215593,135192.1857769994,44.86187845303867
1781567796,180,GET,/api/load/memory-heavy [GET],18.900000,0.000000,1100,1400,1900,2200,2900,3600,4900,5300,5400,5400,5400,1641,8,650.0,1036.5524371450192,1.5872470030444674,19844.133311002224,51.74649603900061
1781567796,180,GET,/api/products [GET],36.200000,0.000000,610,910,1200,1500,2200,2800,3400,3900,4500,4500,4500,3217,11,370.0,697.8222503130083,1.467133995902259,36473.63180299726,119.58967982592478
1781567796,180,,Aggregated,88.900000,0.000000,1100,1500,1900,2200,3100,3900,4500,5000,6200,6200,6200,8116,29,690.0,1128.8945594551699,1.467133995902259,135192.1857769994,75.8743223262691
1781567797,180,GET,/api/load/cpu-heavy [GET],34.000000,0.000000,1600,2200,2700,3400,4200,5200,5900,6200,7000,7000,7000,3318,10,1200.0,1623.262201518436,7.26743700215593,135192.1857769994,44.86437613019891
1781567797,180,GET,/api/load/memory-heavy [GET],18.300000,0.000000,1000,1400,2000,2200,2900,3600,4900,5300,5400,5400,5400,1661,8,650.0,1038.2871007092015,1.5872470030444674,19844.133311002224,51.749548464780254
1781567797,180,GET,/api/products [GET],37.100000,0.000000,540,830,1200,1400,2000,2700,3400,3900,4500,4500,4500,3243,11,370.0,698.345261133187,1.467133995902259,36473.63180299726,119.59296947271045
1781567797,180,,Aggregated,89.400000,0.000000,1100,1500,2000,2200,3400,4200,5400,5800,7000,7000,7000,8222,29,700.0,1140.2715325676393,1.467133995902259,135192.1857769994,75.7304792021406
1781567798,180,GET,/api/load/cpu-heavy [GET],34.000000,0.000000,1500,2100,2500,2900,4200,5200,5900,6200,7000,7000,7000,3352,10,1200.0,1621.8588390245184,7.26743700215593,135192.1857769994,44.86575178997613
1781567798,180,GET,/api/load/memory-heavy [GET],18.600000,0.000000,1000,1500,2100,2200,2900,3600,4900,5300,5400,5400,5400,1675,8,660.0,1041.2290165779107,1.5872470030444674,19844.133311002224,51.751641791044776
1781567798,180,GET,/api/products [GET],37.800000,0.000000,580,930,1200,1500,2200,2900,3400,3900,4500,4500,4500,3293,11,380.0,704.4836385909338,1.467133995902259,36473.63180299726,119.59914971150926
1781567798,180,,Aggregated,90.400000,0.000000,1100,1500,2000,2200,3200,4100,5400,5800,7000,7000,7000,8320,29,710.0,1141.8742852233372,1.467133995902259,135192.1857769994,75.83100961538462
1781567799,180,GET,/api/load/cpu-heavy [GET],35.600000,0.000000,1500,2100,2400,2800,4000,5300,5900,6200,7000,7000,7000,3388,10,1200.0,1621.3333508946812,7.26743700215593,135192.1857769994,44.867178276269186
1781567799,180,GET,/api/load/memory-heavy [GET],18.100000,0.000000,930,1400,1900,2200,2900,3600,4900,5300,5400,5400,5400,1701,8,660.0,1041.5358853433297,1.5872470030444674,19844.133311002224,51.7554379776602
1781567799,180,GET,/api/products [GET],36.700000,0.000000,600,900,1100,1300,2000,2700,3300,3800,4500,4500,4500,3347,11,380.0,703.7114539503864,1.467133995902259,36473.63180299726,119.60561697042127
1781567799,180,,Aggregated,90.400000,0.000000,1000,1400,1900,2100,3000,3900,5300,5800,7000,7000,7000,8436,29,710.0,1140.3570614239175,1.467133995902259,135192.1857769994,75.90872451398768
1781567800,180,GET,/api/load/cpu-heavy [GET],37.200000,0.000000,1400,2000,2400,2900,4200,5200,5900,6200,7000,7000,7000,3425,10,1200.0,1624.4898915761128,7.26743700215593,135192.1857769994,44.86861313868613
1781567800,180,GET,/api/load/memory-heavy [GET],18.000000,0.000000,920,1400,2000,2200,3000,3700,4900,5300,5400,5400,5400,1715,8,660.0,1045.4940783848451,1.5872470030444674,19844.133311002224,51.757434402332365
1781567800,180,GET,/api/products [GET],35.100000,0.000000,530,850,1100,1200,2000,2700,3300,3800,4500,4500,4500,3372,11,380.0,702.5492340435806,1.467133995902259,36473.63180299726,119.60854092526691
1781567800,180,,Aggregated,90.300000,0.000000,980,1400,1800,2100,3100,4000,5200,5800,7000,7000,7000,8512,29,710.0,1142.6099906335983,1.467133995902259,135192.1857769994,75.86454417293233
1781567801,180,GET,/api/load/cpu-heavy [GET],36.800000,0.000000,1500,2000,2500,3000,4200,5300,5900,6200,7000,7000,7000,3466,10,1200.0,1630.626676828668,7.26743700215593,135192.1857769994,44.87016733987305
1781567801,180,GET,/api/load/memory-heavy [GET],18.000000,0.000000,910,1300,1900,2200,3000,3700,4900,5300,5400,5400,5400,1728,8,670.0,1045.3400176990824,1.5872470030444674,19844.133311002224,51.75925925925926
1781567801,180,GET,/api/products [GET],38.100000,0.000000,530,810,1100,1300,2100,2700,3300,3800,4500,4500,4500,3391,11,380.0,705.2532279038539,1.467133995902259,36473.63180299726,119.61073429666764
1781567801,180,,Aggregated,92.900000,0.000000,990,1500,1900,2200,3200,4100,5400,5800,7000,7000,7000,8585,29,720.0,1147.304986405846,1.467133995902259,135192.1857769994,75.778683750728
1781567802,180,GET,/api/load/cpu-heavy [GET],36.500000,0.000000,1500,2000,2500,3000,4200,5300,5900,6200,7000,7000,7000,3488,10,1200.0,1630.7684286032545,7.26743700215593,135192.1857769994,44.87098623853211
1781567802,180,GET,/api/load/memory-heavy [GET],18.300000,0.000000,930,1300,1900,2200,3100,3700,4900,5300,5400,5400,5400,1751,8,680.0,1049.253101705311,1.5872470030444674,19844.133311002224,51.762421473443744
1781567802,180,GET,/api/products [GET],38.500000,0.000000,630,930,1300,1500,2300,2900,3300,3800,4500,4500,4500,3433,11,390.0,714.550066582281,1.467133995902259,36473.63180299726,119.61549665016021
1781567802,180,,Aggregated,93.300000,0.000000,1000,1500,1900,2200,3200,4100,5400,5800,7000,7000,7000,8672,29,730.0,1150.6472369270248,1.467133995902259,135192.1857769994,75.85170664206642
1781567803,180,GET,/api/load/cpu-heavy [GET],36.400000,0.000000,1500,2000,2700,3200,4400,5300,5900,6200,7000,7000,7000,3522,10,1200.0,1638.4262173098084,7.26743700215593,135192.1857769994,44.87223168654174
1781567803,180,GET,/api/load/memory-heavy [GET],18.100000,0.000000,930,1300,1700,2100,3000,3400,4100,4600,5400,5400,5400,1764,8,690.0,1053.5305386700577,1.5872470030444674,19844.133311002224,51.764172335600904
1781567803,180,GET,/api/products [GET],36.900000,0.000000,670,980,1300,1500,2300,2800,3300,3900,4500,4500,4500,3447,11,390.0,715.3966059347166,1.467133995902259,36473.63180299726,119.61705831157528
1781567803,180,,Aggregated,91.400000,0.000000,1000,1500,2000,2300,3300,4100,5400,5800,7000,7000,7000,8733,29,730.0,1155.9529495289287,1.467133995902259,135192.1857769994,75.76686133058514
1781567804,180,GET,/api/load/cpu-heavy [GET],36.800000,0.000000,1700,2200,2800,3200,4300,5100,5800,6200,7000,7000,7000,3562,10,1200.0,1648.7165369657832,7.26743700215593,135192.1857769994,44.87366647950589
1781567804,180,GET,/api/load/memory-heavy [GET],18.400000,0.000000,980,1400,1700,2100,2900,3400,4100,4600,5400,5400,5400,1782,8,700.0,1060.382192008957,1.5872470030444674,19844.133311002224,51.7665544332211
1781567804,180,GET,/api/products [GET],36.600000,0.000000,720,1100,1500,1600,2400,2700,3200,3900,4700,4700,4700,3496,11,400.0,723.3853929719562,1.467133995902259,36473.63180299726,119.62242562929062
1781567804,180,,Aggregated,91.800000,0.000000,1100,1700,2100,2400,3300,4200,5200,5600,7000,7000,7000,8840,29,740.0,1164.172477902951,1.467133995902259,135192.1857769994,75.82443438914027
1781567805,180,GET,/api/load/cpu-heavy [GET],37.400000,0.000000,1800,2300,2800,3200,4300,5100,5800,6200,7000,7000,7000,3587,10,1200.0,1649.7683631681389,7.26743700215593,135192.1857769994,44.87454697518818
1781567805,180,GET,/api/load/memory-heavy [GET],18.100000,0.000000,980,1400,1600,1900,2700,3300,4100,4600,5400,5400,5400,1807,8,710.0,1059.905707759246,1.5872470030444674,19844.133311002224,51.76978417266187
1781567805,180,GET,/api/products [GET],34.200000,0.000000,720,1100,1500,1700,2400,2800,3200,3300,4700,4700,4700,3557,11,410.0,730.3812977106986,1.467133995902259,36473.63180299726,119.62890075906662
1781567805,180,,Aggregated,89.700000,0.000000,1100,1700,2000,2400,3100,4100,5200,5600,7000,7000,7000,8951,29,750.0,1165.3373934266642,1.467133995902259,135192.1857769994,75.97285219528544
1781567806,180,GET,/api/load/cpu-heavy [GET],36.700000,0.000000,1700,2100,2500,2800,3700,4300,4900,5100,5600,5600,5600,3628,10,1200.0,1651.0728506240675,7.26743700215593,135192.1857769994,44.87596471885336
1781567806,180,GET,/api/load/memory-heavy [GET],17.700000,0.000000,960,1300,1600,1800,2600,3100,3600,4300,4600,4600,4600,1825,8,710.0,1060.7318322345022,1.5872470030444674,19844.133311002224,51.77205479452055
1781567806,180,GET,/api/products [GET],34.200000,0.000000,700,980,1400,1600,2300,2800,3200,3400,4700,4700,4700,3605,11,410.0,729.0481986640623,1.467133995902259,36473.63180299726,119.63384188626907
1781567806,180,,Aggregated,88.600000,0.000000,1100,1600,1900,2200,2900,3600,4300,4700,5600,5600,5600,9058,29,750.0,1165.1740618322017,1.467133995902259,135192.1857769994,76.0183263413557
1781567807,180,GET,/api/load/cpu-heavy [GET],36.500000,0.000000,1600,2100,2600,3000,3700,4400,4900,5100,5600,5600,5600,3674,10,1200.0,1650.3930816475497,7.26743700215593,135192.1857769994,44.87751769188895
1781567807,180,GET,/api/load/memory-heavy [GET],18.200000,0.000000,950,1200,1600,1700,2500,3100,3600,4300,4600,4600,4600,1842,8,710.0,1057.9154332317871,1.5872470030444674,19844.133311002224,51.77415852334419
1781567807,180,GET,/api/products [GET],35.400000,0.000000,690,940,1300,1500,2300,2800,3200,3400,4700,4700,4700,3640,11,420.0,728.4860544727829,1.467133995902259,36473.63180299726,119.63736263736264
1781567807,180,,Aggregated,90.100000,0.000000,1000,1500,1900,2200,3000,3600,4400,4800,5600,5600,5600,9156,29,750.0,1164.6913115188984,1.467133995902259,135192.1857769994,75.98602009611184
1781567808,180,GET,/api/load/cpu-heavy [GET],36.500000,0.000000,1700,2300,2700,3000,3900,4400,5000,5100,5600,5600,5600,3713,10,1200.0,1656.1984810425747,7.26743700215593,135192.1857769994,44.87880420145435
1781567808,180,GET,/api/load/memory-heavy [GET],18.200000,0.000000,930,1200,1500,1700,2300,3100,3600,4300,4600,4600,4600,1857,8,710.0,1055.7098905406208,1.5872470030444674,19844.133311002224,51.77598276790523
1781567808,180,GET,/api/products [GET],38.100000,0.000000,680,950,1400,1500,2200,2700,3100,3400,4700,4700,4700,3674,11,420.0,727.946530940369,1.467133995902259,36473.63180299726,119.64071856287426
1781567808,180,,Aggregated,92.800000,0.000000,1100,1600,2000,2300,3000,3800,4600,4900,5600,5600,5600,9244,29,750.0,1166.6371464214606,1.467133995902259,135192.1857769994,75.97825616616184
1781567809,180,GET,/api/load/cpu-heavy [GET],34.800000,0.000000,1700,2300,2600,2900,3700,4400,4900,5000,5600,5600,5600,3740,10,1200.0,1654.4137549275554,7.26743700215593,135192.1857769994,44.87967914438503
1781567809,180,GET,/api/load/memory-heavy [GET],18.800000,0.000000,950,1200,1500,1600,2300,3000,3600,4300,4600,4600,4600,1872,8,710.0,1057.8909332937667,1.5872470030444674,19844.133311002224,51.77777777777778
1781567809,180,GET,/api/products [GET],39.400000,0.000000,690,980,1400,1700,2400,2800,3200,3400,4700,4700,4700,3721,11,420.0,732.0712139717544,1.467133995902259,36473.63180299726,119.64525665143779
1781567809,180,,Aggregated,93.000000,0.000000,1100,1600,1900,2300,3000,3700,4400,4700,5600,5600,5600,9333,29,760.0,1167.0327073549715,1.467133995902259,135192.1857769994,76.0717882781528
1781567810,180,GET,/api/load/cpu-heavy [GET],35.200000,0.000000,1700,2200,2500,2700,3700,4100,4600,4700,5000,5000,5000,3773,10,1200.0,1656.4405214145468,7.26743700215593,135192.1857769994,44.880731513384575
1781567810,180,GET,/api/load/memory-heavy [GET],18.500000,0.000000,1000,1300,1600,1700,2300,3000,3600,4300,4600,4600,4600,1894,8,720.0,1061.8060429677582,1.5872470030444674,19844.133311002224,51.780359028511086
1781567810,180,GET,/api/products [GET],39.000000,0.000000,700,1000,1500,1700,2500,2800,3300,4100,4700,4700,4700,3750,11,420.0,737.2473571549035,1.467133995902259,36473.63180299726,119.648
1781567810,180,,Aggregated,92.700000,0.000000,1100,1600,2000,2300,2800,3600,4300,4600,5000,5000,5000,9417,29,760.0,1170.806872890408,1.467133995902259,135192.1857769994,76.04194541786131
1781567811,180,GET,/api/load/cpu-heavy [GET],36.000000,0.000000,1800,2300,2600,2800,3900,4400,4700,4800,5000,5000,5000,3823,10,1200.0,1664.667771916059,7.26743700215593,135192.1857769994,44.88229139419304
1781567811,180,GET,/api/load/memory-heavy [GET],17.600000,0.000000,1000,1400,1600,1900,2400,3100,4000,4600,4600,4600,4600,1912,8,720.0,1067.853180336777,1.5872470030444674,19844.133311002224,51.78242677824268
1781567811,180,GET,/api/products [GET],37.100000,0.000000,670,950,1400,1600,2300,2700,3300,4100,4700,4700,4700,3764,11,430.0,737.5425300706394,1.467133995902259,36473.63180299726,119.64930924548352
1781567811,180,,Aggregated,90.700000,0.000000,1200,1600,2000,2300,3100,3900,4500,4600,5000,5000,5000,9499,29,770.0,1177.1628862011753,1.467133995902259,135192.1857769994,75.89777871354879
1781567812,180,GET,/api/load/cpu-heavy [GET],34.500000,0.000000,1600,2200,2500,2700,3700,4200,4700,4800,5000,5000,5000,3845,10,1200.0,1663.172446403926,7.26743700215593,135192.1857769994,44.88296488946684
1781567812,180,GET,/api/load/memory-heavy [GET],17.900000,0.000000,1000,1300,1600,1800,2300,3000,4000,4600,4600,4600,4600,1930,8,730.0,1069.2592889481525,1.5872470030444674,19844.133311002224,51.78445595854922
1781567812,180,GET,/api/products [GET],37.300000,0.000000,680,970,1400,1600,2300,2700,3200,4100,4700,4700,4700,3803,11,430.0,739.2784035605782,1.467133995902259,36473.63180299726,119.65290560084144
1781567812,180,,Aggregated,89.700000,0.000000,1100,1500,1900,2200,2800,3700,4400,4600,5000,5000,5000,9578,29,770.0,1176.6594542528692,1.467133995902259,135192.1857769994,75.96147421173522
1781567813,180,GET,/api/load/cpu-heavy [GET],35.600000,0.000000,1600,2100,2500,2600,3500,4000,4500,4800,5000,5000,5000,3880,10,1200.0,1666.5815135392006,7.26743700215593,135192.1857769994,44.884020618556704
1781567813,180,GET,/api/load/memory-heavy [GET],18.000000,0.000000,970,1300,1600,1900,2400,3100,3800,4000,4600,4600,4600,1938,8,730.0,1075.109593713583,1.5872470030444674,19844.133311002224,51.785345717234264
1781567813,180,GET,/api/products [GET],36.900000,0.000000,680,980,1400,1700,2400,3000,3700,3900,4500,4500,4500,3830,11,440.0,748.4720423106737,1.467133995902259,36473.63180299726,119.65535248041776
1781567813,180,,Aggregated,90.500000,0.000000,1100,1600,2000,2300,2900,3600,4100,4500,5000,5000,5000,9648,29,780.0,1183.3070674957485,1.467133995902259,135192.1857769994,75.95252902155887
1781567814,180,GET,/api/load/cpu-heavy [GET],35.400000,0.000000,1600,2200,2500,2700,3600,4000,4500,4800,5000,5000,5000,3901,10,1200.0,1672.197939303022,7.26743700215593,135192.1857769994,44.884644962830045
1781567814,180,GET,/api/load/memory-heavy [GET],17.700000,0.000000,1000,1300,1600,1900,2400,3300,3800,4000,4600,4600,4600,1957,8,740.0,1078.1875858967426,1.5872470030444674,19844.133311002224,51.787429739397034
1781567814,180,GET,/api/products [GET],36.500000,0.000000,680,980,1300,1500,2400,3100,3800,4100,4500,4500,4500,3869,11,440.0,753.6066899764477,1.467133995902259,36473.63180299726,119.65882657017318
1781567814,180,,Aggregated,89.600000,0.000000,1100,1500,2000,2300,3000,3700,4200,4500,5000,5000,5000,9727,29,780.0,1187.3097101202807,1.467133995902259,135192.1857769994,76.0155237997327
1781567815,180,GET,/api/load/cpu-heavy [GET],34.800000,0.000000,1700,2300,2600,2900,3800,4200,4900,5500,5600,5600,5600,3939,10,1200.0,1680.306181460547,7.26743700215593,135192.1857769994,44.88575780654988
1781567815,180,GET,/api/load/memory-heavy [GET],17.400000,0.000000,1000,1300,1700,1900,2400,3300,4000,4600,5900,5900,5900,1972,8,740.0,1080.2671954979292,1.5872470030444674,19844.133311002224,51.78904665314402
1781567815,180,GET,/api/products [GET],36.900000,0.000000,760,1100,1400,1700,2400,3200,3800,4100,4500,4500,4500,3892,11,440.0,753.7853108874253,1.467133995902259,36473.63180299726,119.66084275436793
1781567815,180,,Aggregated,89.100000,0.000000,1200,1700,2100,2400,3200,3800,4500,4900,5900,5900,5900,9803,29,790.0,1191.7520542965372,1.467133995902259,135192.1857769994,75.96174640416199
1781567816,180,GET,/api/load/cpu-heavy [GET],34.500000,0.000000,1900,2400,2700,3000,3800,4400,5400,5500,5800,5800,5800,3996,10,1300.0,1689.3474415223,7.26743700215593,135192.1857769994,44.887387387387385
1781567816,180,GET,/api/load/memory-heavy [GET],17.300000,0.000000,1200,1600,1900,2200,3000,3800,4800,4900,5900,5900,5900,1985,8,750.0,1088.2338128704891,1.5872470030444674,19844.133311002224,51.7904282115869
1781567816,180,GET,/api/products [GET],37.800000,0.000000,760,1100,1400,1800,2500,3200,3800,4100,4500,4500,4500,3916,11,450.0,753.5379700142649,1.467133995902259,36473.63180299726,119.66292134831461
1781567816,180,,Aggregated,89.600000,0.000000,1300,1900,2200,2500,3300,4000,4700,5400,5900,5900,5900,9897,29,790.0,1198.5077483527311,1.467133995902259,135192.1857769994,75.85874507426493
1781567817,180,GET,/api/load/cpu-heavy [GET],34.100000,0.000000,1900,2400,2700,2900,3700,4200,5400,5500,5800,5800,5800,4040,10,1300.0,1692.5004334720495,7.26743700215593,135192.1857769994,44.88861386138614
1781567817,180,GET,/api/load/memory-heavy [GET],16.600000,0.000000,1200,1700,2000,2200,3000,3800,4800,4900,5900,5900,5900,2005,8,750.0,1090.2575420333667,1.5872470030444674,19844.133311002224,51.792518703241896
1781567817,180,GET,/api/products [GET],34.600000,0.000000,820,1200,1500,1800,2500,3200,3800,4100,4500,4500,4500,3949,11,450.0,755.0864926611495,1.467133995902259,36473.63180299726,119.66573816155989
1781567817,180,,Aggregated,85.300000,0.000000,1300,1900,2200,2500,3300,3900,4700,5400,5900,5900,5900,9994,29,800.0,1201.271230990888,1.467133995902259,135192.1857769994,75.82089253552131
1781567818,180,GET,/api/load/cpu-heavy [GET],37.200000,0.000000,1900,2400,2700,2900,3800,4200,5400,5500,5800,5800,5800,4066,10,1300.0,1690.794051434113,7.26743700215593,135192.1857769994,44.88932611903591
1781567818,180,GET,/api/load/memory-heavy [GET],16.100000,0.000000,1200,1600,1900,2200,2900,3800,4600,4900,5900,5900,5900,2023,8,760.0,1090.1469585254,1.5872470030444674,19844.133311002224,51.79436480474543
1781567818,180,GET,/api/products [GET],30.500000,0.000000,870,1200,1500,1800,2500,3200,3800,4100,4500,4500,4500,3983,11,460.0,758.3356462163886,1.467133995902259,36473.63180299726,119.66859151393422
1781567818,180,,Aggregated,83.800000,0.000000,1300,1900,2200,2500,3300,4000,4700,5400,5900,5900,5900,10072,29,800.0,1201.408537441217,1.467133995902259,135192.1857769994,75.84789515488482
1781567819,180,GET,/api/load/cpu-heavy [GET],36.800000,0.000000,1800,2300,2700,2900,3700,4200,5400,5500,5800,5800,5800,4106,10,1300.0,1689.9944377947156,7.26743700215593,135192.1857769994,44.89040428641013
1781567819,180,GET,/api/load/memory-heavy [GET],16.000000,0.000000,1200,1500,1900,2100,2800,3800,4600,4900,5900,5900,5900,2042,8,770.0,1091.4646028589134,1.5872470030444674,19844.133311002224,51.796278158667974
1781567819,180,GET,/api/products [GET],30.000000,0.000000,870,1200,1400,1700,2300,3100,3800,4100,4500,4500,4500,4035,11,460.0,763.2919086757977,1.467133995902259,36473.63180299726,119.6728624535316
1781567819,180,,Aggregated,82.800000,0.000000,1300,1800,2200,2400,3300,3900,4700,5400,5900,5900,5900,10183,29,810.0,1202.7664472287065,1.467133995902259,135192.1857769994,75.90768928606501
1781567820,180,GET,/api/load/cpu-heavy [GET],35.800000,0.000000,1900,2400,2700,3000,3700,4300,5400,5500,5800,5800,5800,4151,10,1300.0,1698.171880936905,7.26743700215593,135192.1857769994,44.891592387376534
1781567820,180,GET,/api/load/memory-heavy [GET],16.400000,0.000000,1100,1400,1700,2000,2400,3600,4800,4900,5900,5900,5900,2060,8,760.0,1090.474313384413,1.5872470030444674,19844.133311002224,51.79805825242718
1781567820,180,GET,/api/products [GET],31.900000,0.000000,850,1200,1400,1600,2200,3000,3700,3800,4400,4400,4400,4070,11,460.0,763.8644746031479,1.467133995902259,36473.63180299726,119.67567567567568
1781567820,180,,Aggregated,84.100000,0.000000,1300,1700,2100,2400,3200,3800,4700,5300,5900,5900,5900,10281,29,810.0,1206.5379802524915,1.467133995902259,135192.1857769994,75.88065363291508
1781567821,180,GET,/api/load/cpu-heavy [GET],35.500000,0.000000,1800,2300,2700,3000,3600,4200,5400,5500,5800,5800,5800,4181,10,1300.0,1695.4839579351992,7.26743700215593,135192.1857769994,44.89237024635255
1781567821,180,GET,/api/load/memory-heavy [GET],16.800000,0.000000,1100,1500,1700,2000,2400,3600,4800,4900,5900,5900,5900,2079,8,770.0,1091.616437057176,1.5872470030444674,19844.133311002224,51.7999037999038
1781567821,180,GET,/api/products [GET],30.600000,0.000000,840,1200,1400,1600,2200,3000,3700,3800,4400,4400,4400,4119,11,470.0,766.2553316756026,1.467133995902259,36473.63180299726,119.67953386744355
1781567821,180,,Aggregated,82.900000,0.000000,1300,1700,2100,2300,3200,3700,4700,5300,5900,5900,5900,10379,29,810.0,1205.7514897331937,1.467133995902259,135192.1857769994,75.95596878311976
1781567822,180,GET,/api/load/cpu-heavy [GET],37.400000,0.000000,1800,2300,2700,3000,3600,4300,5300,5500,5800,5800,5800,4227,10,1300.0,1695.4656761291708,7.26743700215593,135192.1857769994,44.893541518807666
1781567822,180,GET,/api/load/memory-heavy [GET],16.000000,0.000000,1100,1500,1700,2000,2400,3100,4800,4900,5900,5900,5900,2097,8,770.0,1094.5638835259276,1.5872470030444674,19844.133311002224,51.80162136385312
1781567822,180,GET,/api/products [GET],30.800000,0.000000,800,1100,1400,1500,2100,2800,3700,3900,4400,4400,4400,4166,11,460.0,765.1218918408158,1.467133995902259,36473.63180299726,119.68314930388863
1781567822,180,,Aggregated,84.200000,0.000000,1200,1700,2100,2300,3100,3700,4700,5300,5900,5900,5900,10490,29,810.0,1205.8657462498368,1.467133995902259,135192.1857769994,75.97645376549094
1781567823,180,GET,/api/load/cpu-heavy [GET],34.600000,0.000000,1700,2200,2600,2900,3500,4300,5300,5500,5800,5800,5800,4263,10,1300.0,1694.5997777168673,7.26743700215593,135192.1857769994,44.89444053483462
1781567823,180,GET,/api/load/memory-heavy [GET],16.500000,0.000000,1100,1500,1700,2000,2400,2800,4800,4900,5900,5900,5900,2118,8,770.0,1096.90553087341,1.5872470030444674,19844.133311002224,51.803588290840416
1781567823,180,GET,/api/products [GET],35.500000,0.000000,730,1100,1300,1500,1900,2200,3100,3500,4400,4400,4400,4233,11,460.0,765.6540993387302,1.467133995902259,36473.63180299726,119.68816442239546
1781567823,180,,Aggregated,86.600000,0.000000,1200,1600,2000,2200,2900,3500,4700,5000,5900,5900,5900,10614,29,810.0,1204.8557159692675,1.467133995902259,135192.1857769994,76.10184661767477
1781567824,180,GET,/api/load/cpu-heavy [GET],37.400000,0.000000,1600,2200,2500,2800,3500,4100,5000,5500,5800,5800,5800,4309,10,1300.0,1694.076306161056,7.26743700215593,135192.1857769994,44.895567417034115
1781567824,180,GET,/api/load/memory-heavy [GET],16.600000,0.000000,1100,1500,1700,2000,2300,2800,4800,4900,5900,5900,5900,2140,8,770.0,1093.474575107421,1.5872470030444674,19844.133311002224,51.805607476635515
1781567824,180,GET,/api/products [GET],35.600000,0.000000,640,1000,1200,1400,1900,2200,3000,3300,3900,3900,3900,4272,11,460.0,763.113291945887,1.467133995902259,36473.63180299726,119.69101123595506
1781567824,180,,Aggregated,89.600000,0.000000,1100,1600,1900,2100,2800,3500,4400,4900,5900,5900,5900,10721,29,810.0,1203.230144312169,1.467133995902259,135192.1857769994,76.07863072474582
1781567825,180,GET,/api/load/cpu-heavy [GET],38.600000,0.000000,1500,2100,2300,2600,3300,3700,4500,4900,5400,5400,5400,4356,10,1300.0,1692.0439971448554,7.26743700215593,135192.1857769994,44.896694214876035
1781567825,180,GET,/api/load/memory-heavy [GET],17.400000,0.000000,970,1400,1700,1900,2300,2500,2900,3800,4900,4900,4900,2158,8,770.0,1094.2554071408208,1.5872470030444674,19844.133311002224,51.80722891566265
1781567825,180,GET,/api/products [GET],39.800000,0.000000,590,990,1200,1400,1900,2200,2900,3200,3900,3900,3900,4317,11,460.0,760.0186555966667,1.467133995902259,36473.63180299726,119.69423210562891
1781567825,180,,Aggregated,95.800000,0.000000,1100,1400,1800,2000,2500,3200,3800,4400,5400,5400,5400,10831,29,810.0,1201.4539152787136,1.467133995902259,135192.1857769994,76.08623395808328
1781567826,180,GET,/api/load/cpu-heavy [GET],39.500000,0.000000,1400,1900,2200,2500,3100,3400,4300,4700,4900,4900,4900,4401,10,1300.0,1688.374527618035,7.26743700215593,135192.1857769994,44.897750511247445
1781567826,180,GET,/api/load/memory-heavy [GET],17.800000,0.000000,970,1300,1700,1800,2300,2400,2500,3800,4900,4900,4900,2179,8,770.0,1093.958612060073,1.5872470030444674,19844.133311002224,51.80908673703534
1781567826,180,GET,/api/products [GET],39.100000,0.000000,610,1000,1200,1400,1900,2200,3000,3200,3900,3900,3900,4376,11,460.0,762.302261843425,1.467133995902259,36473.63180299726,119.69835466179158
1781567826,180,,Aggregated,96.400000,0.000000,1000,1400,1700,1900,2400,3100,3500,4300,4900,4900,4900,10956,29,820.0,1200.2653166806083,1.467133995902259,135192.1857769994,76.14886820007303
1781567827,180,GET,/api/load/cpu-heavy [GET],42.500000,0.000000,1400,1900,2200,2400,3100,3500,4300,4700,4900,4900,4900,4435,10,1300.0,1684.0129299589557,7.26743700215593,135192.1857769994,44.898534385569334
1781567827,180,GET,/api/load/memory-heavy [GET],18.200000,0.000000,940,1300,1700,1900,2300,2400,2600,3800,4900,4900,4900,2199,8,770.0,1089.4308095047363,1.5872470030444674,19844.133311002224,51.81082310140973
1781567827,180,GET,/api/products [GET],41.100000,0.000000,550,910,1100,1400,1900,2200,3000,3200,3900,3900,3900,4424,11,460.0,759.2531606658716,1.467133995902259,36473.63180299726,119.70162748643762
1781567827,180,,Aggregated,101.800000,0.000000,950,1300,1700,1900,2400,3100,3500,4200,4900,4900,4900,11058,29,810.0,1195.8031902020937,1.467133995902259,135192.1857769994,76.19976487610779
1781567828,180,GET,/api/load/cpu-heavy [GET],39.000000,0.000000,1300,2000,2300,2500,3300,3700,4400,4500,4900,4900,4900,4498,10,1300.0,1683.877016784342,7.26743700215593,135192.1857769994,44.89995553579369
1781567828,180,GET,/api/load/memory-heavy [GET],18.900000,0.000000,820,1300,1700,2000,2300,2900,3800,4800,4900,4900,4900,2215,8,770.0,1095.1026753575204,1.5872470030444674,19844.133311002224,51.81218961625282
1781567828,180,GET,/api/products [GET],44.300000,0.000000,420,780,1100,1300,1800,2100,2400,2900,3900,3900,3900,4471,11,460.0,755.7712263224864,1.422062996425666,36473.63180299726,119.70476403489153
1781567828,180,,Aggregated,102.200000,0.000000,850,1300,1700,2000,2500,3200,3800,4400,4900,4900,4900,11184,29,810.0,1196.2432403702405,1.422062996425666,135192.1857769994,76.17346208869814
1781567829,180,GET,/api/load/cpu-heavy [GET],39.500000,0.000000,1200,1800,2100,2300,3100,3500,4300,4400,4900,4900,4900,4530,10,1300.0,1678.5012137595954,7.26743700215593,135192.1857769994,44.90066225165563
1781567829,180,GET,/api/load/memory-heavy [GET],19.200000,0.000000,810,1300,1800,2000,2400,2600,3800,4800,4900,4900,4900,2241,8,770.0,1092.0286892404713,1.5872470030444674,19844.133311002224,51.814368585452925
1781567829,180,GET,/api/products [GET],47.900000,0.000000,410,790,1100,1300,1900,2100,2500,2900,3900,3900,3900,4531,11,460.0,755.5635404345289,1.422062996425666,36473.63180299726,119.70867358199074
1781567829,180,,Aggregated,106.600000,0.000000,800,1200,1600,1900,2400,3000,3600,4000,4900,4900,4900,11302,29,810.0,1192.2053789265417,1.422062996425666,135192.1857769994,76.26225446823571
1781567830,180,GET,/api/load/cpu-heavy [GET],42.000000,0.000000,1200,1800,2100,2300,3100,3300,3900,4400,4500,4500,4500,4571,10,1300.0,1676.2383965751328,7.26743700215593,135192.1857769994,44.90155327061912
1781567830,180,GET,/api/load/memory-heavy [GET],18.900000,0.000000,720,1300,1900,2000,2500,2900,3800,4000,4800,4800,4800,2271,8,760.0,1090.4228689537201,1.5872470030444674,19844.133311002224,51.816820783795684
1781567830,180,GET,/api/products [GET],47.600000,0.000000,340,680,960,1200,1800,2100,2500,2900,3900,3900,3900,4568,11,450.0,752.7795265069742,1.422062996425666,36473.63180299726,119.71103327495622
1781567830,180,,Aggregated,108.500000,0.000000,760,1200,1600,1900,2400,3000,3500,3900,4500,4800,4800,11410,29,810.0,1189.9327715357356,1.422062996425666,135192.1857769994,76.22795793163891
1781567831,178,GET,/api/load/cpu-heavy [GET],42.100000,0.000000,1100,1700,2100,2300,3000,3400,4000,4400,4500,4500,4500,4623,10,1300.0,1673.2595417514456,7.26743700215593,135192.1857769994,44.90266060999351
1781567831,178,GET,/api/load/memory-heavy [GET],19.800000,0.000000,680,1000,1800,2000,2500,2700,3400,4000,4800,4800,4800,2293,8,760.0,1089.8389025294025,1.5872470030444674,19844.133311002224,51.81857828172699
1781567831,178,GET,/api/products [GET],49.100000,0.000000,340,590,930,1200,1800,2100,2500,2800,3700,3700,3700,4609,11,450.0,751.5969389520225,1.422062996425666,36473.63180299726,119.71360381861575
1781567831,178,,Aggregated,111.000000,0.000000,730,1200,1600,1900,2400,3000,3600,4000,4500,4800,4800,11525,29,800.0,1188.5978096873555,1.422062996425666,135192.1857769994,76.19652928416485
1781567832,176,GET,/api/load/cpu-heavy [GET],42.100000,0.000000,1100,1500,2000,2200,2900,3300,3900,4200,4500,4500,4500,4654,10,1300.0,1667.393394022761,7.26743700215593,135192.1857769994,44.90330898152127
1781567832,176,GET,/api/load/memory-heavy [GET],20.700000,0.000000,650,990,1700,1900,2500,2900,3400,4000,4800,4800,4800,2327,8,760.0,1086.6320496415733,1.5872470030444674,19844.133311002224,51.82122905027933
1781567832,176,GET,/api/products [GET],50.800000,0.000000,350,600,900,1200,1800,2100,2500,2800,3200,3200,3200,4665,11,450.0,751.1399029896835,1.422062996425666,36473.63180299726,119.71704180064309
1781567832,176,,Aggregated,113.600000,0.000000,680,1100,1400,1800,2400,2900,3400,4000,4500,4800,4800,11646,29,800.0,1184.3301805551075,1.422062996425666,135192.1857769994,76.25347758887172
1781567833,174,GET,/api/load/cpu-heavy [GET],44.000000,0.000000,1100,1500,2000,2200,2900,3500,4000,4400,4600,4600,4600,4685,10,1300.0,1665.7655337158847,7.26743700215593,135192.1857769994,44.90394877267876
1781567833,174,GET,/api/load/memory-heavy [GET],21.200000,0.000000,670,970,1600,1900,2500,3100,4000,4200,4800,4800,4800,2349,8,760.0,1087.5408205585138,1.5872470030444674,19844.133311002224,51.82290336313325
1781567833,174,GET,/api/products [GET],48.000000,0.000000,340,570,860,1100,1800,2200,2900,3200,3900,3900,3900,4696,11,450.0,752.1767735847293,1.422062996425666,36473.63180299726,119.71890971039183
1781567833,174,,Aggregated,113.200000,0.000000,660,1000,1400,1800,2500,3000,3600,4000,4600,4800,4800,11730,29,800.0,1184.2256642544583,1.422062996425666,135192.1857769994,76.24100596760444
1781567834,172,GET,/api/load/cpu-heavy [GET],43.000000,0.000000,1100,1600,2100,2400,3300,4100,4700,5000,5200,5200,5200,4750,10,1300.0,1674.265882351977,7.26743700215593,135192.1857769994,44.90526315789474
1781567834,172,GET,/api/load/memory-heavy [GET],22.100000,0.000000,690,980,1600,1900,2600,3200,4000,4400,4800,4800,4800,2366,8,760.0,1089.1847461555158,1.5872470030444674,19844.133311002224,51.824175824175825
1781567834,172,GET,/api/products [GET],49.300000,0.000000,360,600,880,1100,1800,2300,2900,3200,3900,3900,3900,4741,11,450.0,750.2788573378805,1.422062996425666,36473.63180299726,119.7215777262181
1781567834,172,,Aggregated,114.400000,0.000000,680,1100,1500,1800,2600,3200,4200,4600,5200,5200,5200,11857,29,800.0,1188.06157655518,1.422062996425666,135192.1857769994,76.20106266340558
1781567835,170,GET,/api/load/cpu-heavy [GET],41.800000,0.000000,1000,1500,2000,2300,3300,4100,4700,5000,5200,5200,5200,4788,10,1300.0,1666.9006060436282,7.26743700215593,135192.1857769994,44.90601503759399
1781567835,170,GET,/api/load/memory-heavy [GET],22.400000,0.000000,630,970,1700,1900,2600,3100,4000,4400,4800,4800,4800,2393,8,760.0,1086.6065677517506,1.5872470030444674,19844.133311002224,51.82615963226076
1781567835,170,GET,/api/products [GET],47.400000,0.000000,360,600,860,1100,1900,2400,2800,3200,3900,3900,3900,4801,11,450.0,751.4649801739015,1.422062996425666,36473.63180299726,119.72505727973339
1781567835,170,,Aggregated,111.600000,0.000000,640,1000,1500,1800,2600,3200,4200,4600,5200,5200,5200,11982,29,800.0,1184.2057242682163,1.422062996425666,135192.1857769994,76.26690035052579
1781567836,168,GET,/api/load/cpu-heavy [GET],43.000000,0.000000,1000,1400,2000,2300,3300,4100,4700,5000,5200,5200,5200,4826,10,1300.0,1661.060499279925,7.26743700215593,135192.1857769994,44.90675507666805
1781567836,168,GET,/api/load/memory-heavy [GET],22.600000,0.000000,620,900,1500,1900,2600,3100,4000,4400,4800,4800,4800,2418,8,750.0,1082.3162163655663,1.5872470030444674,19844.133311002224,51.82795698924731
1781567836,168,GET,/api/products [GET],46.300000,0.000000,340,540,760,1000,1800,2400,2800,3200,3900,3900,3900,4852,11,440.0,747.3756100071936,1.422062996425666,36473.63180299726,119.72794723825227
1781567836,168,,Aggregated,111.900000,0.000000,600,990,1400,1700,2600,3300,4200,4600,5200,5200,5200,12096,29,790.0,1178.8678108839117,1.422062996425666,135192.1857769994,76.30291005291005
1781567837,166,GET,/api/load/cpu-heavy [GET],42.700000,0.000000,1000,1400,1900,2300,3300,4100,4700,5100,5200,5200,5200,4876,10,1300.0,1661.9555638564339,7.26743700215593,135192.1857769994,44.90771123872026
1781567837,166,GET,/api/load/memory-heavy [GET],23.500000,0.000000,550,860,1400,1800,2500,2900,4000,4400,4800,4800,4800,2446,8,740.0,1077.0198644182092,1.5872470030444674,19844.133311002224,51.829926410466065
1781567837,166,GET,/api/products [GET],47.200000,0.000000,310,540,770,1000,1900,2400,2800,3200,3900,3900,3900,4890,11,440.0,746.0449135198188,1.422062996425666,36473.63180299726,119.73006134969326
1781567837,166,,Aggregated,113.400000,0.000000,590,990,1400,1700,2500,3200,4200,4600,5200,5200,5200,12212,29,790.0,1178.0417249298123,1.422062996425666,135192.1857769994,76.25499508679987
1781567838,164,GET,/api/load/cpu-heavy [GET],42.700000,0.000000,1000,1500,2000,2300,3400,4100,4700,5000,5200,5200,5200,4925,10,1300.0,1660.615805075125,7.26743700215593,135192.1857769994,44.90862944162436
1781567838,164,GET,/api/load/memory-heavy [GET],23.900000,0.000000,530,790,1300,1700,2500,3000,4000,4200,4600,4600,4600,2468,8,730.0,1073.4281996774505,1.5872470030444674,19844.133311002224,51.83144246353323
1781567838,164,GET,/api/products [GET],48.300000,0.000000,300,490,700,890,1900,2400,2800,3200,3900,3900,3900,4934,11,440.0,742.6378330303869,1.422062996425666,36473.63180299726,119.7324685853263
1781567838,164,,Aggregated,114.900000,0.000000,570,970,1400,1700,2600,3300,4100,4600,5200,5200,5200,12327,29,790.0,1175.624945645405,1.422062996425666,135192.1857769994,76.24361158432708
1781567839,162,GET,/api/load/cpu-heavy [GET],41.800000,0.000000,950,1400,1900,2300,3500,4100,4700,5000,5200,5200,5200,4966,10,1200.0,1651.8624413834095,7.26743700215593,135192.1857769994,44.90938380990737
1781567839,162,GET,/api/load/memory-heavy [GET],24.400000,0.000000,510,770,1000,1600,2300,2800,4000,4200,4600,4600,4600,2497,8,730.0,1068.3140453071535,1.5872470030444674,19844.133311002224,51.83340008009611
1781567839,162,GET,/api/products [GET],45.400000,0.000000,300,510,730,950,1900,2400,2800,3200,3900,3900,3900,4988,11,430.0,741.0189113291746,1.1061960030929185,36473.63180299726,119.73536487570168
1781567839,162,,Aggregated,111.600000,0.000000,550,930,1300,1700,2600,3300,4100,4600,5200,5200,5200,12451,29,780.0,1169.940678238852,1.1061960030929185,135192.1857769994,76.27403421411935
1781567840,160,GET,/api/load/cpu-heavy [GET],41.400000,0.000000,890,1300,1700,2100,3400,4000,4700,5000,5200,5200,5200,5006,10,1200.0,1644.378634330203,7.26743700215593,135192.1857769994,44.910107870555336
1781567840,160,GET,/api/load/memory-heavy [GET],24.600000,0.000000,480,710,1000,1500,2200,2800,3400,4000,4600,4600,4600,2523,8,720.0,1062.3746446380974,1.5872470030444674,19844.133311002224,51.83511692429647
1781567840,160,GET,/api/products [GET],46.200000,0.000000,280,500,760,1100,1900,2400,2800,3200,3900,3900,3900,5050,11,430.0,738.1443623370131,0.9239009959856048,36473.63180299726,119.73861386138614
1781567840,160,,Aggregated,112.200000,0.000000,510,870,1300,1500,2400,3200,4000,4600,5200,5200,5200,12579,29,780.0,1163.8253996089418,0.9239009959856048,135192.1857769994,76.33993163208523
1781567841,159,GET,/api/load/cpu-heavy [GET],42.800000,0.000000,840,1300,1900,2300,3600,4100,4700,5000,5200,5200,5200,5059,10,1200.0,1639.06286208559,7.26743700215593,135192.1857769994,44.91104961454833
1781567841,159,GET,/api/load/memory-heavy [GET],25.200000,0.000000,410,690,920,1400,2100,2700,3400,4000,4600,4600,4600,2539,8,720.0,1059.0153753052007,1.5872470030444674,19844.133311002224,51.83615596691611
1781567841,159,GET,/api/products [GET],45.100000,0.000000,220,440,610,890,1800,2300,2800,3200,3900,3900,3900,5088,11,420.0,733.9295660850833,0.9239009959856048,36473.63180299726,119.74056603773585
1781567841,159,,Aggregated,113.100000,0.000000,450,810,1200,1500,2500,3300,4100,4700,5200,5200,5200,12686,29,770.0,1159.9473978741808,0.9239009959856048,135192.1857769994,76.30908087655683
1781567842,157,GET,/api/load/cpu-heavy [GET],43.000000,0.000000,860,1400,2100,2600,3700,4400,5000,5200,6100,6100,6100,5111,10,1200.0,1640.0915211023253,7.26743700215593,135192.1857769994,44.911954607708864
1781567842,157,GET,/api/load/memory-heavy [GET],24.700000,0.000000,380,640,900,1400,2200,2700,3400,4400,5100,5100,5100,2559,8,710.0,1056.1223838202018,1.5872470030444674,19844.133311002224,51.83743649863228
1781567842,157,GET,/api/products [GET],46.200000,0.000000,190,370,540,860,1800,2200,2700,2800,3400,3400,3400,5127,11,420.0,730.7755876943389,0.9239009959856048,36473.63180299726,119.74253949678175
1781567842,157,,Aggregated,113.900000,0.000000,420,820,1300,1600,2700,3600,4400,4900,5400,6100,6100,12797,29,770.0,1159.006906513934,0.9239009959856048,135192.1857769994,76.27701805110573
1781567843,155,GET,/api/load/cpu-heavy [GET],42.800000,0.000000,750,1200,1900,2300,3700,4100,4800,5200,6100,6100,6100,5149,10,1200.0,1635.9876518448289,7.26743700215593,135192.1857769994,44.91260438920179
1781567843,155,GET,/api/load/memory-heavy [GET],24.500000,0.000000,310,520,690,1100,2000,2700,3300,3500,5100,5100,5100,2584,8,710.0,1051.2471818707038,1.5872470030444674,19844.133311002224,51.8390092879257
1781567843,155,GET,/api/products [GET],47.600000,0.000000,180,350,680,1100,1900,2400,2800,3000,3500,3500,3500,5179,11,420.0,733.4815318717629,0.9239009959856048,36473.63180299726,119.74512454141727
1781567843,155,,Aggregated,114.900000,0.000000,360,750,1200,1500,2600,3500,4300,4800,5400,6100,6100,12912,29,770.0,1156.9721182517685,0.9239009959856048,135192.1857769994,76.31404894671623
1781567844,153,GET,/api/load/cpu-heavy [GET],44.400000,0.000000,660,1000,1400,2100,3500,3800,4500,4800,6100,6100,6100,5199,10,1200.0,1627.5882768411184,7.26743700215593,135192.1857769994,44.9134448932487
1781567844,153,GET,/api/load/memory-heavy [GET],23.900000,0.000000,290,480,600,790,1900,2800,3300,3500,5100,5100,5100,2606,8,700.0,1049.0041762459318,1.5872470030444674,19844.133311002224,51.84036838066002
1781567844,153,GET,/api/products [GET],46.300000,0.000000,180,330,500,960,1900,2600,2800,3300,4200,4200,4200,5214,11,420.0,733.9481059251704,0.9239009959856048,36473.63180299726,119.74683544303798
1781567844,153,,Aggregated,114.600000,0.000000,340,650,1000,1300,2500,3300,4000,4500,5400,6100,6100,13019,29,760.0,1153.8783131490713,0.9239009959856048,135192.1857769994,76.27014363622398
1781567845,151,GET,/api/load/cpu-heavy [GET],46.500000,0.000000,660,1000,1900,2300,3600,4000,4800,5000,6100,6100,6100,5249,10,1200.0,1625.2637655867716,7.26743700215593,135192.1857769994,44.9142693846447
1781567845,151,GET,/api/load/memory-heavy [GET],23.600000,0.000000,270,420,600,1000,2100,3000,3800,4700,5100,5100,5100,2632,8,700.0,1048.5163000113635,1.5872470030444674,19844.133311002224,51.8419452887538
1781567845,151,GET,/api/products [GET],46.600000,0.000000,140,300,450,910,1900,2500,2800,3300,4200,4200,4200,5252,11,410.0,730.3718049934992,0.9239009959856048,36473.63180299726,119.74866717440975
1781567845,151,,Aggregated,116.700000,0.000000,330,640,1100,1400,2700,3600,4200,4800,5400,6100,6100,13133,29,760.0,1151.8021112480606,0.9239009959856048,135192.1857769994,76.22957435467906
1781567846,149,GET,/api/load/cpu-heavy [GET],45.100000,0.000000,640,980,1800,2300,3600,4100,4800,5300,6100,6100,6100,5293,10,1200.0,1622.4990921161784,7.26743700215593,135192.1857769994,44.914982051766486
1781567846,149,GET,/api/load/memory-heavy [GET],24.000000,0.000000,240,390,600,1100,2300,3000,3800,4700,5100,5100,5100,2653,8,700.0,1045.0930992276305,1.5872470030444674,19844.133311002224,51.84319638145496
1781567846,149,GET,/api/products [GET],48.300000,0.000000,140,310,520,1200,2100,2600,2800,3300,4200,4200,4200,5302,11,410.0,731.5022572857129,0.9239009959856048,36473.63180299726,119.75103734439834
1781567846,149,,Aggregated,117.400000,0.000000,320,660,1100,1500,2700,3600,4400,4800,5900,6100,6100,13248,29,760.0,1150.2826581333586,0.9239009959856048,135192.1857769994,76.25264190821257
1781567847,147,GET,/api/load/cpu-heavy [GET],44.900000,0.000000,570,880,1300,2100,3500,4100,4900,5300,6100,6100,6100,5339,10,1200.0,1614.864172998678,7.26743700215593,135192.1857769994,44.91571455328713
1781567847,147,GET,/api/load/memory-heavy [GET],23.400000,0.000000,220,380,580,1000,2300,3000,3800,4700,5100,5100,5100,2675,8,690.0,1040.621160224265,1.5872470030444674,19844.133311002224,51.84448598130841
1781567847,147,GET,/api/products [GET],46.200000,0.000000,120,300,500,1000,2100,2500,2800,3300,4200,4200,4200,5344,11,410.0,727.7478788240729,0.9239009959856048,36473.63180299726,119.75299401197604
1781567847,147,,Aggregated,114.500000,0.000000,290,580,980,1300,2600,3500,4400,4800,5900,6100,6100,13358,29,750.0,1144.9697625150284,0.9239009959856048,135192.1857769994,76.24262614163797
1781567848,145,GET,/api/load/cpu-heavy [GET],47.100000,0.000000,520,840,1300,2100,3500,4100,4900,5300,6100,6100,6100,5392,10,1200.0,1608.3631404532653,7.26743700215593,135192.1857769994,44.91654302670623
1781567848,145,GET,/api/load/memory-heavy [GET],23.000000,0.000000,210,380,600,1100,2500,3400,4700,4800,5100,5100,5100,2704,8,690.0,1040.7599726785943,1.5872470030444674,19844.133311002224,51.84615384615385
1781567848,145,GET,/api/products [GET],44.200000,0.000000,79,270,420,990,2100,2600,3000,3500,4200,4200,4200,5396,11,400.0,724.0083018930422,0.9239009959856048,36473.63180299726,119.75537435137139
1781567848,145,,Aggregated,114.300000,0.000000,250,540,900,1300,2700,3600,4400,4800,5900,6100,6100,13492,29,740.0,1140.9174189491428,0.9239009959856048,135192.1857769994,76.23643640675957
1781567849,143,GET,/api/load/cpu-heavy [GET],48.000000,0.000000,520,850,1300,2200,3600,4400,5000,5300,6100,6100,6100,5438,10,1200.0,1603.6494070137942,7.26743700215593,135192.1857769994,44.91724898859875
1781567849,143,GET,/api/load/memory-heavy [GET],22.700000,0.000000,190,360,600,1100,2700,3400,4700,4800,5100,5100,5100,2720,8,690.0,1038.2269811738695,1.5872470030444674,19844.133311002224,51.84705882352941
1781567849,143,GET,/api/products [GET],45.100000,0.000000,84,260,390,910,2200,2600,3000,3500,4200,4200,4200,5453,11,400.0,722.8064353001755,0.9239009959856048,36473.63180299726,119.75793141390061
1781567849,143,,Aggregated,115.800000,0.000000,230,540,900,1400,2700,3600,4500,4900,5900,6100,6100,13611,29,740.0,1137.7625711428884,0.9239009959856048,135192.1857769994,76.28565131143928
1781567850,141,GET,/api/load/cpu-heavy [GET],46.400000,0.000000,510,800,1300,2000,3600,4400,5000,5300,6100,6100,6100,5481,10,1200.0,1596.454248689477,7.26743700215593,135192.1857769994,44.917898193760266
1781567850,141,GET,/api/load/memory-heavy [GET],23.100000,0.000000,180,360,580,1100,2700,3400,4700,4800,5100,5100,5100,2742,8,680.0,1034.5368251998218,1.5872470030444674,19844.133311002224,51.84828592268417
1781567850,141,GET,/api/products [GET],45.200000,0.000000,78,250,390,730,2200,2600,3200,3500,4200,4200,4200,5495,11,390.0,719.3026669990671,0.9239009959856048,36473.63180299726,119.75978161965423
1781567850,141,,Aggregated,114.700000,0.000000,220,530,870,1300,2700,3600,4500,4900,5900,6100,6100,13718,29,730.0,1132.7769257125576,0.9239009959856048,135192.1857769994,76.28247557953054
1781567851,140,GET,/api/load/cpu-heavy [GET],46.900000,0.000000,470,780,1200,1700,3500,4100,4900,5000,6100,6100,6100,5529,10,1200.0,1589.5855925131193,7.26743700215593,135192.1857769994,44.918610960390666
1781567851,140,GET,/api/load/memory-heavy [GET],22.600000,0.000000,180,350,560,1100,2700,3400,4700,4800,5100,5100,5100,2764,8,680.0,1029.5666811819506,1.5872470030444674,19844.133311002224,51.849493487698986
1781567851,140,GET,/api/products [GET],45.300000,0.000000,78,250,420,870,2300,2600,3300,3700,4200,4200,4200,5532,11,390.0,719.1432258721717,0.9239009959856048,36473.63180299726,119.76138828633405
1781567851,140,,Aggregated,114.800000,0.000000,210,520,860,1300,2700,3600,4400,4800,5900,6100,6100,13825,29,730.0,1129.3194483411824,0.9239009959856048,135192.1857769994,76.25222423146474
1781567852,138,GET,/api/load/cpu-heavy [GET],46.700000,0.000000,420,760,1000,1500,3200,4000,4900,5000,5900,5900,5900,5586,10,1200.0,1583.116019162015,7.26743700215593,135192.1857769994,44.91944146079484
1781567852,138,GET,/api/load/memory-heavy [GET],22.600000,0.000000,170,370,880,1400,2700,3600,4700,4800,5100,5100,5100,2783,8,680.0,1030.6468280941103,1.5872470030444674,19844.133311002224,51.850521020481494
1781567852,138,GET,/api/products [GET],45.700000,0.000000,57,230,390,950,2300,2600,3300,3700,4200,4200,4200,5579,11,390.0,716.1647414294446,0.9239009959856048,36473.63180299726,119.76339845850511
1781567852,138,,Aggregated,115.000000,0.000000,170,510,850,1300,2600,3400,4300,4800,5400,5900,5900,13948,29,720.0,1126.1155217995292,0.9239009959856048,135192.1857769994,76.23888729566963
1781567853,136,GET,/api/load/cpu-heavy [GET],46.500000,0.000000,320,710,1100,1600,3200,4000,4800,5000,5900,5900,5900,5634,10,1200.0,1574.3295446309974,7.26743700215593,135192.1857769994,44.92012779552716
1781567853,136,GET,/api/load/memory-heavy [GET],22.100000,0.000000,120,340,940,1200,2700,3600,4700,4800,5100,5100,5100,2810,8,670.0,1026.2806823487194,1.5872470030444674,19844.133311002224,51.851957295373666
1781567853,136,GET,/api/products [GET],44.500000,0.000000,42,170,390,780,2200,2600,3200,3700,4200,4200,4200,5626,11,390.0,716.2866303307617,0.9239009959856048,36473.63180299726,119.76537504443654
1781567853,136,,Aggregated,113.100000,0.000000,130,450,840,1300,2600,3400,4300,4800,5400,5900,5900,14070,29,710.0,1121.780380532469,0.9239009959856048,135192.1857769994,76.2319829424307
1781567854,134,GET,/api/load/cpu-heavy [GET],47.500000,0.000000,260,670,1000,1700,3200,4000,4800,5000,5900,5900,5900,5682,10,1200.0,1568.8638925744513,7.26743700215593,135192.1857769994,44.9208025343189
1781567854,134,GET,/api/load/memory-heavy [GET],22.000000,0.000000,97,310,880,1400,2900,3700,4100,4700,5100,5100,5100,2835,8,670.0,1024.3513646401807,1.5872470030444674,19844.133311002224,51.85326278659612
1781567854,134,GET,/api/products [GET],45.000000,0.000000,34,150,390,910,2100,2500,3000,3400,4200,4200,4200,5674,11,380.0,712.8825427620441,0.9239009959856048,36473.63180299726,119.76735988720479
1781567854,134,,Aggregated,114.500000,0.000000,110,390,800,1300,2600,3400,4200,4800,5400,5900,5900,14191,29,710.0,1117.8363965890223,0.9239009959856048,135192.1857769994,76.23169614544429
1781567855,132,GET,/api/load/cpu-heavy [GET],46.700000,0.000000,200,580,900,1500,3100,3900,4400,5000,5700,5700,5700,5743,10,1100.0,1561.9733531492368,7.26743700215593,135192.1857769994,44.92164374020547
1781567855,132,GET,/api/load/memory-heavy [GET],22.400000,0.000000,90,310,860,1200,2600,3300,4000,4700,5100,5100,5100,2862,8,660.0,1018.9789308165367,1.5872470030444674,19844.133311002224,51.85464709993012
1781567855,132,GET,/api/products [GET],45.200000,0.000000,34,130,390,910,2000,2500,3000,3400,4200,4200,4200,5720,11,380.0,710.25032725434,0.9239009959856048,36473.63180299726,119.76923076923077
1781567855,132,,Aggregated,114.300000,0.000000,95,330,740,1300,2500,3300,4100,4600,5300,5700,5700,14325,29,700.0,1113.3935454818745,0.9239009959856048,135192.1857769994,76.19357766143106
1781567856,130,GET,/api/load/cpu-heavy [GET],47.700000,0.000000,140,440,780,1500,3100,3900,4400,5000,5700,5700,5700,5786,10,1100.0,1552.3867737639227,7.26743700215593,135192.1857769994,44.922226062910475
1781567856,130,GET,/api/load/memory-heavy [GET],22.600000,0.000000,63,250,860,1400,2600,3300,4000,4700,5100,5100,5100,2887,8,660.0,1015.0393383577928,1.5872470030444674,19844.133311002224,51.85590578455144
1781567856,130,GET,/api/products [GET],45.100000,0.000000,22,92,270,780,1800,2500,3000,3400,4200,4200,4200,5764,11,380.0,707.4100175023968,0.9206710019498132,36473.63180299726,119.77099236641222
1781567856,130,,Aggregated,115.400000,0.000000,64,240,670,1100,2500,3300,4100,4600,5300,5700,5700,14437,29,700.0,1107.5735806414666,0.9206710019498132,135192.1857769994,76.19228371545334
1781567857,128,GET,/api/load/cpu-heavy [GET],48.700000,0.000000,130,420,810,1800,3100,4000,4400,5000,5700,5700,5700,5837,10,1100.0,1546.4077664079282,7.26743700215593,135192.1857769994,44.922905602192905
1781567857,128,GET,/api/load/memory-heavy [GET],22.500000,0.000000,49,210,570,1300,2600,3300,4000,4700,5100,5100,5100,2913,8,650.0,1008.5251927559028,1.5872470030444674,19844.133311002224,51.857191898386546
1781567857,128,GET,/api/products [GET],45.500000,0.000000,18,73,190,740,1800,2400,3000,3200,4200,4200,4200,5808,11,370.0,703.2389115001371,0.9206710019498132,36473.63180299726,119.77272727272727
1781567857,128,,Aggregated,116.700000,0.000000,53,200,650,1100,2600,3300,4100,4600,5300,5700,5700,14558,29,690.0,1102.3923352805223,0.9206710019498132,135192.1857769994,76.17220772084077
1781567858,126,GET,/api/load/cpu-heavy [GET],48.700000,0.000000,83,280,650,1200,2900,3600,4200,4900,5700,5700,5700,5876,10,1100.0,1536.8761427061036,7.26743700215593,135192.1857769994,44.923417290673925
1781567858,126,GET,/api/load/memory-heavy [GET],23.100000,0.000000,29,150,380,1100,2400,3100,3700,4000,5100,5100,5100,2929,8,650.0,1003.691960563653,1.5872470030444674,19844.133311002224,51.857972004096965
1781567858,126,GET,/api/products [GET],47.000000,0.000000,17,100,420,870,1800,2400,2900,3200,4100,4100,4100,5874,11,370.0,700.2627876218675,0.9206710019498132,36473.63180299726,119.7752808988764
1781567858,126,,Aggregated,118.800000,0.000000,41,180,580,980,2400,3100,3900,4100,5300,5700,5700,14679,29,680.0,1095.704174775045,0.9206710019498132,135192.1857769994,76.2600994618162
1781567859,124,GET,/api/load/cpu-heavy [GET],48.600000,0.000000,70,230,650,1300,2900,3600,4200,4900,5700,5700,5700,5922,10,1100.0,1528.5021795525245,7.26743700215593,135192.1857769994,44.92401215805471
1781567859,124,GET,/api/load/memory-heavy [GET],23.300000,0.000000,26,140,410,1100,2400,3100,3700,4000,5100,5100,5100,2955,8,640.0,1001.1764809343231,1.5872470030444674,19844.133311002224,51.85922165820643
1781567859,124,GET,/api/products [GET],46.300000,0.000000,6,53,180,730,1600,2300,2900,3200,4100,4100,4100,5911,11,370.0,696.922701450323,0.9206710019498132,36473.63180299726,119.77668753172053
1781567859,124,,Aggregated,118.200000,0.000000,31,140,440,890,2200,3100,3900,4100,5300,5700,5700,14788,29,680.0,1090.7341423278244,0.9206710019498132,135192.1857769994,76.22964565864214
1781567860,122,GET,/api/load/cpu-heavy [GET],49.300000,0.000000,76,240,700,1800,3100,3900,4300,4900,5700,5700,5700,5988,10,1100.0,1526.5562704754561,7.26743700215593,135192.1857769994,44.9248496993988
1781567860,122,GET,/api/load/memory-heavy [GET],23.800000,0.000000,22,110,570,1200,2500,3300,3900,4000,5100,5100,5100,2982,8,640.0,1000.0253580915206,1.5872470030444674,19844.133311002224,51.860496311200535
1781567860,122,GET,/api/products [GET],46.500000,0.000000,6,53,170,690,1500,2000,2700,3000,3400,3400,3400,5952,11,360.0,693.9348211683249,0.9206710019498132,36473.63180299726,119.77822580645162
1781567860,122,,Aggregated,119.600000,0.000000,30,140,470,1100,2400,3200,4000,4300,5300,5700,5700,14922,29,670.0,1089.2236041435365,0.9206710019498132,135192.1857769994,76.1679399544297
1781567861,121,GET,/api/load/cpu-heavy [GET],47.600000,0.000000,50,180,570,1500,2900,3600,4200,4300,5700,5700,5700,6029,10,1100.0,1519.4767772753457,7.26743700215593,135192.1857769994,44.92536075634433
1781567861,121,GET,/api/load/memory-heavy [GET],22.800000,0.000000,17,98,660,1300,2400,3200,3700,3900,4000,4000,4000,3005,8,640.0,997.4099151250945,1.5872470030444674,19844.133311002224,51.86156405990017
1781567861,121,GET,/api/products [GET],47.800000,0.000000,5,47,190,690,1500,1900,2600,2900,3200,3200,3200,6002,11,360.0,689.5624263560263,0.9206710019498132,36473.63180299726,119.78007330889703
1781567861,121,,Aggregated,118.200000,0.000000,23,100,440,960,2200,3100,3800,4100,5100,5700,5700,15036,29,670.0,1083.8584708787491,0.9206710019498132,135192.1857769994,76.19173982442139
1781567862,119,GET,/api/load/cpu-heavy [GET],49.800000,0.000000,55,190,720,1700,3100,3600,4200,4300,5700,5700,5700,6074,10,1100.0,1514.8178915110375,7.26743700215593,135192.1857769994,44.92591373065525
1781567862,119,GET,/api/load/memory-heavy [GET],23.500000,0.000000,13,74,250,1000,2400,3200,3700,3900,4000,4000,4000,3030,8,620.0,991.2873780062448,1.5872470030444674,19844.133311002224,51.862706270627065
1781567862,119,GET,/api/products [GET],45.200000,0.000000,5,42,190,610,1300,1600,2100,2600,3100,3100,3100,6066,11,360.0,686.7921636623594,0.9206710019498132,36473.63180299726,119.78239366963403
1781567862,119,,Aggregated,118.500000,0.000000,20,95,440,950,2100,3100,3800,4100,5100,5700,5700,15170,29,660.0,1079.1487075262269,0.9206710019498132,135192.1857769994,76.24416611733685
1781567863,117,GET,/api/load/cpu-heavy [GET],50.200000,0.000000,53,180,1300,1800,2900,3500,4200,4300,5700,5700,5700,6115,10,1100.0,1509.3240155520887,7.26743700215593,135192.1857769994,44.92641046606705
1781567863,117,GET,/api/load/memory-heavy [GET],24.100000,0.000000,11,56,210,1000,2200,3100,3400,3800,4000,4000,4000,3054,8,620.0,987.6711248703115,1.5872470030444674,19844.133311002224,51.86378519973805
1781567863,117,GET,/api/products [GET],46.600000,0.000000,4,42,190,610,1300,1600,2100,2500,3100,3100,3100,6120,11,350.0,682.8943083893581,0.9206710019498132,36473.63180299726,119.7843137254902
1781567863,117,,Aggregated,120.900000,0.000000,19,83,440,1000,2000,2900,3600,4100,5100,5700,5700,15289,29,660.0,1074.3133715611123,0.9206710019498132,135192.1857769994,76.27686572045262
1781567864,115,GET,/api/load/cpu-heavy [GET],48.600000,0.000000,39,140,1100,1800,2800,3500,4100,4200,5700,5700,5700,6163,10,1100.0,1502.621918618375,7.26743700215593,135192.1857769994,44.92698361187733
1781567864,115,GET,/api/load/memory-heavy [GET],24.600000,0.000000,11,57,270,1100,2100,3100,3400,3800,4000,4000,4000,3069,8,620.0,985.0490233776228,1.5872470030444674,19844.133311002224,51.86445096122515
1781567864,115,GET,/api/products [GET],46.800000,0.000000,4,36,180,610,1300,1600,2100,2500,3100,3100,3100,6161,11,350.0,680.0797476368881,0.9206710019498132,36473.63180299726,119.78574906670995
1781567864,115,,Aggregated,120.000000,0.000000,17,74,370,1000,2000,2900,3600,4000,4600,5700,5700,15393,29,650.0,1070.2102034939167,0.9206710019498132,135192.1857769994,76.2721366855064
1781567865,113,GET,/api/load/cpu-heavy [GET],48.100000,0.000000,34,140,1300,1700,2800,3500,4000,4200,4600,4600,4600,6195,10,1100.0,1497.9508927343118,7.26743700215593,135192.1857769994,44.9273607748184
1781567865,113,GET,/api/load/memory-heavy [GET],24.500000,0.000000,10,44,210,1000,2100,2800,3400,3800,4000,4000,4000,3097,8,620.0,979.2473615727855,1.5872470030444674,19844.133311002224,51.865676461091375
1781567865,113,GET,/api/products [GET],47.600000,0.000000,3,13,69,550,1200,1600,2000,2400,3100,3100,3100,6214,11,350.0,676.3580842907749,0.9206710019498132,36473.63180299726,119.7875764402961
1781567865,113,,Aggregated,120.200000,0.000000,14,63,300,980,1900,2800,3500,3900,4500,4600,4600,15506,29,650.0,1065.098929128265,0.9206710019498132,135192.1857769994,76.31323358699858
1781567866,111,GET,/api/load/cpu-heavy [GET],48.100000,0.000000,40,150,1400,1800,2800,3400,4000,4200,4600,4600,4600,6258,10,1100.0,1490.7198885399605,7.26743700215593,135192.1857769994,44.928092042186
1781567866,111,GET,/api/load/memory-heavy [GET],23.500000,0.000000,11,50,660,1200,2000,2700,3400,3800,4000,4000,4000,3122,8,610.0,976.8343192927365,1.5872470030444674,19844.133311002224,51.86675208199872
1781567866,111,GET,/api/products [GET],48.500000,0.000000,3,16,75,590,1200,1500,1900,2300,2700,2700,2700,6244,11,340.0,674.2351643026718,0.9206710019498132,36473.63180299726,119.78859705317105
1781567866,111,,Aggregated,120.100000,0.000000,16,71,460,1100,1900,2800,3500,3900,4500,4600,4600,15624,29,650.0,1061.7336260382042,0.9206710019498132,135192.1857769994,76.23195084485407
1781567867,109,GET,/api/load/cpu-heavy [GET],46.700000,0.000000,40,150,1300,1700,2700,3400,4000,4200,4600,4600,4600,6290,10,1100.0,1485.2725681011248,7.26743700215593,135192.1857769994,44.92845786963434
1781567867,109,GET,/api/load/memory-heavy [GET],23.700000,0.000000,11,100,960,1300,2000,2700,3400,3800,4000,4000,4000,3147,8,610.0,973.5928448544407,1.5872470030444674,19844.133311002224,51.867810613282494
1781567867,109,GET,/api/products [GET],49.300000,0.000000,3,19,130,540,1200,1500,1800,2300,2700,2700,2700,6303,11,340.0,670.1283806991743,0.9206710019498132,36473.63180299726,119.79057591623037
1781567867,109,,Aggregated,119.700000,0.000000,17,80,600,1100,1800,2700,3500,3900,4500,4600,4600,15740,29,640.0,1056.5489402579365,0.9206710019498132,135192.1857769994,76.29402795425668
1781567868,107,GET,/api/load/cpu-heavy [GET],44.400000,0.000000,41,200,1500,1800,2700,3400,3900,4200,4600,4600,4600,6339,10,1100.0,1478.8277594966175,7.26743700215593,135192.1857769994,44.92901088499763
1781567868,107,GET,/api/load/memory-heavy [GET],23.500000,0.000000,14,150,1100,1400,2000,2700,3400,3800,4000,4000,4000,3168,8,610.0,971.7995791606448,1.5872470030444674,19844.133311002224,51.86868686868687
1781567868,107,GET,/api/products [GET],48.400000,0.000000,3,16,81,550,1200,1400,1600,1900,2400,2400,2400,6340,11,340.0,667.1851087821624,0.9206710019498132,36473.63180299726,119.79179810725552
1781567868,107,,Aggregated,116.300000,0.000000,17,90,680,1200,1900,2700,3500,3900,4500,4600,4600,15847,29,640.0,1052.7483955265293,0.9206710019498132,135192.1857769994,76.26711680444248
1781567869,105,GET,/api/load/cpu-heavy [GET],46.100000,0.000000,29,150,1300,1700,2500,3000,3600,4000,4600,4600,4600,6378,10,1100.0,1471.6348065936154,7.26743700215593,135192.1857769994,44.92944496707432
1781567869,105,GET,/api/load/memory-heavy [GET],22.900000,0.000000,13,180,1100,1300,1700,2200,2700,3100,4000,4000,4000,3194,8,610.0,967.3114171449394,1.5872470030444674,19844.133311002224,51.869755792110205
1781567869,105,GET,/api/products [GET],48.300000,0.000000,4,35,370,650,1200,1400,1600,1800,2400,2400,2400,6384,11,340.0,665.1796650862933,0.9206710019498132,36473.63180299726,119.79323308270676
1781567869,105,,Aggregated,117.300000,0.000000,16,90,680,1100,1700,2400,3100,3500,4500,4600,4600,15956,29,630.0,1048.0187042320088,0.9206710019498132,135192.1857769994,76.271747305089
1781567870,103,GET,/api/load/cpu-heavy [GET],45.300000,0.000000,31,160,1300,1700,2300,2800,3200,3400,4000,4000,4000,6412,10,1100.0,1466.9751786182244,7.26743700215593,135192.1857769994,44.92981908920773
1781567870,103,GET,/api/load/memory-heavy [GET],22.900000,0.000000,11,180,950,1300,1700,2100,2400,2700,3100,3100,3100,3212,8,610.0,962.618913063798,1.5872470030444674,19844.133311002224,51.87048567870486
1781567870,103,GET,/api/products [GET],48.400000,0.000000,3,33,320,620,1100,1400,1600,1600,2400,2400,2400,6426,11,340.0,661.931921235902,0.9206710019498132,36473.63180299726,119.79458450046685
1781567870,103,,Aggregated,116.600000,0.000000,16,91,690,1100,1700,2200,2800,3100,3600,4000,4000,16050,29,630.0,1043.7228236712085,0.9206710019498132,135192.1857769994,76.29271028037383
1781567871,102,GET,/api/load/cpu-heavy [GET],46.300000,0.000000,32,260,1500,1700,2200,2700,3200,3400,4000,4000,4000,6465,10,1100.0,1461.8492293822203,7.26743700215593,135192.1857769994,44.930394431554525
1781567871,102,GET,/api/load/memory-heavy [GET],23.800000,0.000000,13,210,950,1200,1600,1900,2100,2300,2700,2700,2700,3234,8,600.0,960.2590319164792,1.5872470030444674,19844.133311002224,51.871366728509585
1781567871,102,GET,/api/products [GET],47.000000,0.000000,4,33,310,610,1100,1300,1500,1600,2400,2400,2400,6457,11,330.0,659.2476432118469,0.9206710019498132,36473.63180299726,119.79557069846678
1781567871,102,,Aggregated,117.100000,0.000000,17,110,720,1100,1700,2100,2700,3100,3600,4000,4000,16156,29,620.0,1040.6718871869805,0.9206710019498132,135192.1857769994,76.24083931666254
1781567872,100,GET,/api/load/cpu-heavy [GET],44.100000,0.000000,29,200,1400,1700,2200,2500,3100,3400,4000,4000,4000,6488,10,1100.0,1458.227086477968,7.26743700215593,135192.1857769994,44.9306411837238
1781567872,100,GET,/api/load/memory-heavy [GET],23.100000,0.000000,16,600,960,1300,1700,1900,2300,2400,2700,2700,2700,3257,8,600.0,956.473751669606,1.5872470030444674,19844.133311002224,51.87227509978508
1781567872,100,GET,/api/products [GET],47.300000,0.000000,4,44,310,590,1100,1300,1600,1900,2200,2200,2200,6515,11,330.0,657.256785094227,0.9206710019498132,36473.63180299726,119.79739063699155
1781567872,100,,Aggregated,114.500000,0.000000,17,130,710,1100,1700,2100,2600,3000,3600,4000,4000,16260,29,620.0,1036.7921464419358,0.9206710019498132,135192.1857769994,76.31845018450184
1781567873,98,GET,/api/load/cpu-heavy [GET],42.200000,0.000000,27,200,1400,1700,2200,2700,3200,3400,4000,4000,4000,6530,10,1100.0,1453.0458843921983,7.26743700215593,135192.1857769994,44.931087289433385
1781567873,98,GET,/api/load/memory-heavy [GET],22.900000,0.000000,15,610,960,1300,1600,1900,2300,2400,2700,2700,2700,3270,8,600.0,954.7124030134297,1.5872470030444674,19844.133311002224,51.872782874617734
1781567873,98,GET,/api/products [GET],45.700000,0.000000,4,42,310,560,1100,1300,1600,1900,2700,2700,2700,6541,11,330.0,655.6754131579085,0.9206710019498132,36473.63180299726,119.79819599449625
1781567873,98,,Aggregated,110.800000,0.000000,17,130,730,1100,1700,2200,2700,3100,3600,4000,4000,16341,29,620.0,1034.151646802575,0.9206710019498132,135192.1857769994,76.28810966281134
1781567874,96,GET,/api/load/cpu-heavy [GET],42.400000,0.000000,27,180,1300,1600,2200,2600,3000,3200,3400,3400,3400,6573,10,1100.0,1447.7641151014816,7.26743700215593,135192.1857769994,44.93153811045185
1781567874,96,GET,/api/load/memory-heavy [GET],22.400000,0.000000,17,610,960,1300,1600,1800,2300,2400,2700,2700,2700,3294,8,590.0,950.4083472604467,1.5872470030444674,19844.133311002224,51.87370977534912
1781567874,96,GET,/api/products [GET],44.800000,0.000000,4,56,370,610,1100,1300,1600,1900,2700,2700,2700,6584,11,330.0,653.2100739346761,0.9206710019498132,36473.63180299726,119.79951397326853
1781567874,96,,Aggregated,109.600000,0.000000,18,140,710,1100,1700,2100,2600,2900,3400,3400,3400,16451,29,620.0,1030.1825877590352,0.9206710019498132,135192.1857769994,76.28514983891557
1781567875,94,GET,/api/load/cpu-heavy [GET],41.100000,0.000000,28,310,1400,1700,2100,2500,2900,3200,3400,3400,3400,6604,10,1000.0,1444.5912244079416,7.26743700215593,135192.1857769994,44.93185947910357
1781567875,94,GET,/api/load/memory-heavy [GET],22.000000,0.000000,14,510,950,1300,1600,1800,2300,2400,2700,2700,2700,3315,8,590.0,947.1578504491367,1.5872470030444674,19844.133311002224,51.87450980392157
1781567875,94,GET,/api/products [GET],44.800000,0.000000,4,67,450,650,990,1200,1600,1800,2700,2700,2700,6633,11,320.0,650.0685307828937,0.9206710019498132,36473.63180299726,119.80099502487562
1781567875,94,,Aggregated,107.900000,0.000000,17,180,750,1100,1700,2100,2500,2800,3300,3400,3400,16552,29,610.0,1026.5716097699315,0.9206710019498132,135192.1857769994,76.32515708071531
1781567876,92,GET,/api/load/cpu-heavy [GET],42.100000,0.000000,23,190,1300,1600,2000,2400,2800,2900,3200,3200,3200,6639,10,1000.0,1438.9507986067235,7.26743700215593,135192.1857769994,44.93221870763669
1781567876,92,GET,/api/load/memory-heavy [GET],22.500000,0.000000,12,500,840,1100,1500,1700,2100,2300,2600,2600,2600,3334,8,590.0,943.7994925311584,1.5872470030444674,19844.133311002224,51.875224955008996
1781567876,92,GET,/api/products [GET],41.200000,0.000000,4,81,390,590,850,1100,1500,1800,2700,2700,2700,6690,11,320.0,646.3382815654666,0.9206710019498132,36473.63180299726,119.80269058295964
1781567876,92,,Aggregated,105.800000,0.000000,15,150,660,870,1600,1900,2400,2600,3200,3200,3200,16663,29,610.0,1021.6542617609028,0.9206710019498132,135192.1857769994,76.38102382524156
1781567877,90,GET,/api/load/cpu-heavy [GET],40.600000,0.000000,24,610,1400,1600,2100,2400,2800,2900,3200,3200,3200,6674,10,1000.0,1435.519203946214,7.26743700215593,135192.1857769994,44.932574168414746
1781567877,90,GET,/api/load/memory-heavy [GET],22.100000,0.000000,12,310,830,1100,1600,1800,2300,2400,2600,2600,2600,3351,8,590.0,940.8422342130358,1.5872470030444674,19844.133311002224,51.8758579528499
1781567877,90,GET,/api/products [GET],42.000000,0.000000,4,110,460,650,890,1100,1500,1800,2700,2700,2700,6724,11,320.0,644.297525926676,0.9206710019498132,36473.63180299726,119.80368828078525
1781567877,90,,Aggregated,104.700000,0.000000,16,260,760,960,1700,2000,2400,2600,3200,3200,3200,16749,29,610.0,1018.9070427079781,0.9206710019498132,135192.1857769994,76.37924652218042
1781567878,88,GET,/api/load/cpu-heavy [GET],40.200000,0.000000,25,470,1300,1600,2000,2300,2600,2900,3200,3200,3200,6715,10,1000.0,1429.3785723894318,7.26743700215593,135192.1857769994,44.932985852568876
1781567878,88,GET,/api/load/memory-heavy [GET],21.700000,0.000000,12,500,800,960,1400,1700,2000,2300,2400,2400,2400,3368,8,590.0,938.7729985554845,1.5872470030444674,19844.133311002224,51.87648456057007
1781567878,88,GET,/api/products [GET],42.800000,0.000000,4,82,370,590,880,1100,1700,1900,2700,2700,2700,6759,11,310.0,641.9937225323234,0.9206710019498132,36473.63180299726,119.80470483799378
1781567878,88,,Aggregated,104.700000,0.000000,15,220,710,950,1600,1900,2300,2500,3200,3200,3200,16842,29,600.0,1015.277291493048,0.9206710019498132,135192.1857769994,76.36889918061988
1781567879,86,GET,/api/load/cpu-heavy [GET],38.200000,0.000000,27,610,1300,1500,2000,2400,2600,2900,3200,3200,3200,6754,10,1000.0,1423.3558835889903,7.26743700215593,135192.1857769994,44.93337281610897
1781567879,86,GET,/api/load/memory-heavy [GET],21.000000,0.000000,11,340,760,920,1400,1700,2000,2300,2400,2400,2400,3382,8,590.0,935.8288353595104,1.5872470030444674,19844.133311002224,51.87699586043761
1781567879,86,GET,/api/products [GET],43.300000,0.000000,3,82,430,650,930,1200,1500,1900,2700,2700,2700,6798,11,310.0,640.5227090469187,0.9206710019498132,36473.63180299726,119.80582524271844
1781567879,86,,Aggregated,102.500000,0.000000,15,220,750,960,1500,1900,2400,2600,3200,3200,3200,16934,29,600.0,1011.7274202814972,0.9206710019498132,135192.1857769994,76.3769930317704
1781567880,84,GET,/api/load/cpu-heavy [GET],38.000000,0.000000,23,570,1300,1500,2000,2400,2600,2900,3200,3200,3200,6795,10,1000.0,1418.8180824191406,7.26743700215593,135192.1857769994,44.93377483443709
1781567880,84,GET,/api/load/memory-heavy [GET],20.400000,0.000000,12,500,840,1000,1400,1800,2000,2300,2400,2400,2400,3398,8,590.0,933.5718365308555,1.5872470030444674,19844.133311002224,51.87757504414361
1781567880,84,GET,/api/products [GET],42.000000,0.000000,3,88,470,650,900,1200,1500,1900,2700,2700,2700,6829,11,310.0,638.4265956161888,0.9206710019498132,36473.63180299726,119.80670669204862
1781567880,84,,Aggregated,100.400000,0.000000,15,250,760,990,1600,2000,2400,2600,3200,3200,3200,17022,29,600.0,1008.8685931167241,0.9206710019498132,135192.1857769994,76.35794853718717
1781567881,83,GET,/api/load/cpu-heavy [GET],37.600000,0.000000,22,560,1300,1400,2000,2300,2600,2800,3200,3200,3200,6818,10,1000.0,1416.7279225482657,7.26743700215593,135192.1857769994,44.93399823995306
1781567881,83,GET,/api/load/memory-heavy [GET],19.400000,0.000000,12,490,800,970,1400,1700,1900,2100,2400,2400,2400,3419,8,580.0,929.4880195208727,1.5872470030444674,19844.133311002224,51.87832699619772
1781567881,83,GET,/api/products [GET],40.800000,0.000000,3,230,550,660,900,1200,1400,1700,2700,2700,2700,6878,11,310.0,636.44775752863,0.9206710019498132,36473.63180299726,119.80808374527479
1781567881,83,,Aggregated,97.800000,0.000000,14,270,730,940,1400,1900,2400,2600,3200,3200,3200,17115,29,590.0,1005.8228566145417,0.9206710019498132,135192.1857769994,76.41086765994741
1781567882,81,GET,/api/load/cpu-heavy [GET],36.600000,0.000000,20,610,1300,1400,2000,2400,2600,2800,3200,3200,3200,6853,10,1000.0,1411.3816943715253,7.26743700215593,135192.1857769994,44.93433532759376
1781567882,81,GET,/api/load/memory-heavy [GET],19.200000,0.000000,11,480,800,970,1400,1600,1800,1900,2100,2100,2100,3429,8,580.0,928.0054894114527,1.5872470030444674,19844.133311002224,51.87868183143774
1781567882,81,GET,/api/products [GET],40.400000,0.000000,3,170,580,660,890,1100,1300,1400,1700,1700,1700,6906,11,310.0,634.7974445070835,0.9206710019498132,36473.63180299726,119.80886185925283
1781567882,81,,Aggregated,96.200000,0.000000,13,270,750,950,1400,1900,2300,2500,3200,3200,3200,17188,29,590.0,1002.923011780655,0.9206710019498132,135192.1857769994,76.40371189201768
1781567883,79,GET,/api/load/cpu-heavy [GET],38.100000,0.000000,18,170,1200,1400,1800,2100,2400,2600,3800,3800,3800,6889,10,1000.0,1406.679523965901,7.26743700215593,135192.1857769994,44.93467847292786
1781567883,79,GET,/api/load/memory-heavy [GET],18.300000,0.000000,12,550,910,1000,1400,1800,1900,2100,2100,2100,2100,3447,8,580.0,927.7351222564115,1.5872470030444674,19844.133311002224,51.87931534667827
1781567883,79,GET,/api/products [GET],41.100000,0.000000,3,140,530,660,870,1100,1300,1400,1700,1700,1700,6950,11,310.0,631.9237368247313,0.9206710019498132,36473.63180299726,119.81007194244604
1781567883,79,,Aggregated,97.500000,0.000000,13,230,720,890,1400,1800,2100,2400,3800,3800,3800,17286,29,590.0,999.6753545036938,0.9206710019498132,135192.1857769994,76.42386902695823
1781567884,77,GET,/api/load/cpu-heavy [GET],35.800000,0.000000,18,560,1200,1400,1900,2200,2500,2600,3800,3800,3800,6916,10,1000.0,1403.760791528786,7.26743700215593,135192.1857769994,44.93493348756507
1781567884,77,GET,/api/load/memory-heavy [GET],18.200000,0.000000,11,500,860,1000,1400,1800,1900,2100,2100,2100,2100,3465,8,580.0,924.7520092449752,1.5872470030444674,19844.133311002224,51.87994227994228
1781567884,77,GET,/api/products [GET],41.500000,0.000000,3,110,430,600,850,1000,1300,1400,1700,1700,1700,6987,11,310.0,629.2830107138785,0.9206710019498132,36473.63180299726,119.81107771575783
1781567884,77,,Aggregated,95.500000,0.000000,13,220,660,890,1400,1800,2200,2400,3800,3800,3800,17368,29,590.0,996.6303398263941,0.9206710019498132,135192.1857769994,76.44253800092123
1781567885,75,GET,/api/load/cpu-heavy [GET],36.400000,0.000000,20,280,1200,1400,1900,2300,2600,2600,3800,3800,3800,6950,10,1000.0,1400.1515799542574,7.26743700215593,135192.1857769994,44.935251798561154
1781567885,75,GET,/api/load/memory-heavy [GET],17.400000,0.000000,13,510,840,1000,1400,1800,1900,2100,2100,2100,2100,3480,8,570.0,922.058030906279,1.5872470030444674,19844.133311002224,51.88045977011494
1781567885,75,GET,/api/products [GET],39.500000,0.000000,3,48,390,590,850,1100,1200,1400,1500,1500,1500,7009,11,300.0,627.5591657560087,0.9206710019498132,36473.63180299726,119.81167070908832
1781567885,75,,Aggregated,93.300000,0.000000,13,190,660,880,1400,1800,2300,2600,3800,3800,3800,17439,29,580.0,994.2300373312584,0.9206710019498132,135192.1857769994,76.41516141980618
1781567886,73,GET,/api/load/cpu-heavy [GET],34.600000,0.000000,20,280,1200,1400,1900,2300,2600,2600,3800,3800,3800,6992,10,1000.0,1395.4292917889093,7.26743700215593,135192.1857769994,44.93564073226545
1781567886,73,GET,/api/load/memory-heavy [GET],16.800000,0.000000,13,550,880,1000,1400,1800,1900,1900,2100,2100,2100,3495,8,570.0,920.5124253161216,1.5872470030444674,19844.133311002224,51.880972818311875
1781567886,73,GET,/api/products [GET],41.400000,0.000000,3,130,430,610,870,1200,1400,1400,1800,1800,1800,7043,11,300.0,626.1338324852835,0.9206710019498132,36473.63180299726,119.81257986653415
1781567886,73,,Aggregated,92.800000,0.000000,14,230,700,940,1400,1900,2300,2600,3800,3800,3800,17530,29,580.0,991.6653232665003,0.9206710019498132,135192.1857769994,76.4035367940673
1781567887,71,GET,/api/load/cpu-heavy [GET],34.000000,0.000000,20,290,1100,1300,1900,2200,2600,2600,3800,3800,3800,7037,10,1000.0,1388.420075428457,7.26743700215593,135192.1857769994,44.93605229501208
1781567887,71,GET,/api/load/memory-heavy [GET],16.700000,0.000000,13,430,840,1000,1400,1800,1900,1900,2100,2100,2100,3510,8,570.0,917.0286688922687,1.5872470030444674,19844.133311002224,51.88148148148148
1781567887,71,GET,/api/products [GET],39.000000,0.000000,3,84,270,520,850,1100,1300,1400,1800,1800,1800,7094,11,300.0,622.2442382921953,0.9206710019498132,36473.63180299726,119.81392726247533
1781567887,71,,Aggregated,89.700000,0.000000,14,160,610,850,1400,1800,2200,2600,3800,3800,3800,17641,29,570.0,986.5247619209082,0.9206710019498132,135192.1857769994,76.4287171929029
1781567888,69,GET,/api/load/cpu-heavy [GET],34.500000,0.000000,19,330,880,1200,1800,2100,2600,2600,3800,3800,3800,7067,10,1000.0,1383.927624247351,7.26743700215593,135192.1857769994,44.936323758313286
1781567888,69,GET,/api/load/memory-heavy [GET],16.200000,0.000000,13,200,770,950,1400,1800,1800,1900,2100,2100,2100,3525,8,560.0,913.6822581823775,1.5872470030444674,19844.133311002224,51.88198581560284
1781567888,69,GET,/api/products [GET],37.000000,0.000000,3,59,240,420,800,1000,1300,1400,1800,1800,1800,7139,11,290.0,618.7818482865731,0.9206710019498132,36473.63180299726,119.81510015408321
1781567888,69,,Aggregated,87.700000,0.000000,13,140,520,730,1300,1800,2100,2500,3800,3800,3800,17731,29,570.0,982.3715580377165,0.9206710019498132,135192.1857769994,76.46545598105014
1781567889,67,GET,/api/load/cpu-heavy [GET],35.300000,0.000000,23,470,910,1200,1800,2100,2600,2600,3800,3800,3800,7118,10,1000.0,1376.8325954182408,7.26743700215593,135192.1857769994,44.936779994380444
1781567889,67,GET,/api/load/memory-heavy [GET],15.800000,0.000000,16,250,770,950,1400,1800,1800,1900,2100,2100,2100,3536,8,560.0,912.1272943642209,1.5872470030444674,19844.133311002224,51.88235294117647
1781567889,67,GET,/api/products [GET],36.000000,0.000000,3,76,220,330,680,870,1300,1300,1800,1800,1800,7174,11,290.0,616.360029610798,0.9206710019498132,36473.63180299726,119.816002230276
1781567889,67,,Aggregated,87.100000,0.000000,15,170,500,720,1300,1800,2100,2500,3800,3800,3800,17828,29,570.0,978.6483834129901,0.9206710019498132,135192.1857769994,76.44581557101189
1781567890,65,GET,/api/load/cpu-heavy [GET],35.400000,0.000000,23,410,730,940,1500,2000,2400,2600,3800,3800,3800,7152,10,990.0,1371.5747152038646,7.26743700215593,135192.1857769994,44.93708053691275
1781567890,65,GET,/api/load/memory-heavy [GET],16.100000,0.000000,16,230,580,800,1200,1800,1800,1900,2100,2100,2100,3557,8,550.0,907.4316422431424,1.5872470030444674,19844.133311002224,51.88304751194827
1781567890,65,GET,/api/products [GET],36.600000,0.000000,3,90,180,280,640,870,1300,1300,1800,1800,1800,7203,11,290.0,614.2295700753668,0.902481006050948,36473.63180299726,119.8167430237401
1781567890,65,,Aggregated,88.100000,0.000000,15,170,420,620,1100,1600,2100,2300,3800,3800,3800,17912,29,560.0,974.851066762492,0.902481006050948,135192.1857769994,76.42798124162573
1781567891,64,GET,/api/load/cpu-heavy [GET],34.700000,0.000000,19,380,710,860,1500,1900,2300,2600,3800,3800,3800,7186,10,990.0,1366.1727422745662,7.26743700215593,135192.1857769994,44.937378235457835
1781567891,64,GET,/api/load/memory-heavy [GET],15.600000,0.000000,14,230,480,770,1200,1800,1800,1900,2100,2100,2100,3571,8,550.0,904.6045379781153,1.5872470030444674,19844.133311002224,51.883506020722486
1781567891,64,GET,/api/products [GET],38.100000,0.000000,3,81,160,230,500,750,1200,1300,1800,1800,1800,7229,11,280.0,612.3592632040221,0.902481006050948,36473.63180299726,119.81740213030848
1781567891,64,,Aggregated,88.400000,0.000000,14,140,380,570,1100,1500,2000,2300,3800,3800,3800,17986,29,560.0,971.5559460028218,0.902481006050948,135192.1857769994,76.41254308906927
1781567892,62,GET,/api/load/cpu-heavy [GET],36.700000,0.000000,23,400,710,840,1400,1900,2300,2600,3800,3800,3800,7217,10,980.0,1361.6191416595589,7.26743700215593,135192.1857769994,44.93764722183733
1781567892,62,GET,/api/load/memory-heavy [GET],14.800000,0.000000,16,230,500,660,1100,1800,1800,1900,2100,2100,2100,3590,8,540.0,901.3739373584532,1.5872470030444674,19844.133311002224,51.884122562674094
1781567892,62,GET,/api/products [GET],37.400000,0.000000,3,68,160,190,390,640,1200,1300,1800,1800,1800,7266,11,280.0,609.7839016111807,0.902481006050948,36473.63180299726,119.81833195706028
1781567892,62,,Aggregated,88.900000,0.000000,15,140,360,540,1000,1500,1900,2200,3800,3800,3800,18073,29,550.0,967.9315890876287,0.902481006050948,135192.1857769994,76.42223205887235
1781567893,60,GET,/api/load/cpu-heavy [GET],35.700000,0.000000,23,430,720,840,1300,1600,2100,2600,2800,2800,2800,7244,10,970.0,1358.109813550666,7.26743700215593,135192.1857769994,44.93787962451684
1781567893,60,GET,/api/load/memory-heavy [GET],15.700000,0.000000,14,210,430,530,870,1400,1700,1800,1800,1800,1800,3605,8,540.0,898.9196875971886,1.5872470030444674,19844.133311002224,51.88460471567268
1781567893,60,GET,/api/products [GET],36.400000,0.000000,3,84,170,210,410,630,1200,1300,1800,1800,1800,7290,11,280.0,608.4942539817324,0.902481006050948,36473.63180299726,119.81893004115226
1781567893,60,,Aggregated,87.800000,0.000000,15,160,370,530,900,1300,1800,2000,2800,2800,2800,18139,29,550.0,965.5811276628101,0.902481006050948,135192.1857769994,76.41292243232813
1781567894,58,GET,/api/load/cpu-heavy [GET],36.300000,0.000000,20,430,730,840,1300,1600,2000,2200,2700,2700,2700,7274,10,970.0,1354.862648752,7.26743700215593,135192.1857769994,44.93813582623041
1781567894,58,GET,/api/load/memory-heavy [GET],15.400000,0.000000,15,230,460,530,870,1100,1600,1800,1800,1800,1800,3619,8,540.0,896.9939557358018,1.5872470030444674,19844.133311002224,51.885051119093674
1781567894,58,GET,/api/products [GET],35.300000,0.000000,3,83,160,190,360,630,1200,1300,1800,1800,1800,7327,11,270.0,605.8529451481963,0.902481006050948,36473.63180299726,119.8198444110823
1781567894,58,,Aggregated,87.000000,0.000000,15,150,360,520,900,1400,1700,2000,2700,2700,2700,18220,29,550.0,962.7100198644744,0.902481006050948,135192.1857769994,76.43095499451152
1781567895,56,GET,/api/load/cpu-heavy [GET],36.600000,0.000000,18,330,630,770,1200,1500,1900,2100,2200,2200,2200,7314,10,960.0,1348.0210424499642,7.26743700215593,135192.1857769994,44.93847415914684
1781567895,56,GET,/api/load/memory-heavy [GET],15.700000,0.000000,14,230,410,520,860,1100,1600,1800,1800,1800,1800,3634,8,540.0,893.6605036488357,1.5872470030444674,19844.133311002224,51.88552559163456
1781567895,56,GET,/api/products [GET],34.800000,0.000000,3,55,120,170,330,580,720,1200,1800,1800,1800,7367,11,270.0,602.6978224141236,0.902481006050948,36473.63180299726,119.82082258721324
1781567895,56,,Aggregated,87.100000,0.000000,14,110,290,420,810,1300,1600,1800,2200,2200,2200,18315,29,540.0,958.0705996431203,0.902481006050948,135192.1857769994,76.43745563745564
1781567896,54,GET,/api/load/cpu-heavy [GET],35.200000,0.000000,18,270,520,700,970,1400,1600,1700,2200,2200,2200,7342,10,960.0,1343.291899956556,7.26743700215593,135192.1857769994,44.93870879869245
1781567896,54,GET,/api/load/memory-heavy [GET],15.700000,0.000000,14,160,310,420,690,870,1100,1400,1600,1600,1600,3652,8,530.0,889.7687895985358,1.5872470030444674,19844.133311002224,51.88608981380066
1781567896,54,GET,/api/products [GET],33.900000,0.000000,3,49,100,150,290,410,630,650,1200,1200,1200,7399,11,270.0,600.2824224361166,0.902481006050948,36473.63180299726,119.82159751317745
1781567896,54,,Aggregated,84.800000,0.000000,14,97,230,350,710,970,1400,1600,2200,2200,2200,18393,29,540.0,954.3508069754632,0.902481006050948,135192.1857769994,76.44147229924428
1781567897,52,GET,/api/load/cpu-heavy [GET],35.900000,0.000000,17,190,460,630,880,1300,1600,1600,2200,2200,2200,7383,10,950.0,1336.5559576101896,7.26743700215593,135192.1857769994,44.93904916700528
1781567897,52,GET,/api/load/memory-heavy [GET],15.800000,0.000000,13,120,290,410,660,870,1100,1400,1600,1600,1600,3669,8,530.0,885.7107902365392,1.5872470030444674,19844.133311002224,51.88661760697738
1781567897,52,GET,/api/products [GET],34.900000,0.000000,3,33,89,130,280,410,630,650,1200,1200,1200,7439,11,260.0,597.1039410485064,0.902481006050948,36473.63180299726,119.82255679526818
1781567897,52,,Aggregated,86.600000,0.000000,13,73,190,330,670,920,1400,1500,2200,2200,2200,18491,29,530.0,949.6145012099778,0.902481006050948,135192.1857769994,76.44351306040777
1781567898,50,GET,/api/load/cpu-heavy [GET],36.400000,0.000000,16,94,370,550,880,1300,1500,1600,2200,2200,2200,7413,10,950.0,1331.2588436576302,7.26743700215593,135192.1857769994,44.93929583164711
1781567898,50,GET,/api/load/memory-heavy [GET],15.300000,0.000000,11,73,250,360,600,870,1100,1400,1600,1600,1600,3684,8,520.0,882.140011466576,1.5872470030444674,19844.133311002224,51.8870792616721
1781567898,50,GET,/api/products [GET],35.100000,0.000000,3,15,68,100,240,390,630,650,1200,1200,1200,7480,11,250.0,593.85740327565,0.902481006050948,36473.63180299726,119.82352941176471
1781567898,50,,Aggregated,86.800000,0.000000,12,45,150,260,630,880,1400,1500,2200,2200,2200,18577,29,520.0,945.2806689335586,0.902481006050948,135192.1857769994,76.46912849222156
1781567899,48,GET,/api/load/cpu-heavy [GET],34.500000,0.000000,15,48,200,370,810,1200,1500,1600,2200,2200,2200,7447,10,940.0,1325.4464374733457,7.26743700215593,135192.1857769994,44.939572982409025
1781567899,48,GET,/api/load/memory-heavy [GET],16.100000,0.000000,10,26,160,280,530,810,1100,1400,1600,1600,1600,3703,8,510.0,877.7328508206542,1.5872470030444674,19844.133311002224,51.88765865514448
1781567899,48,GET,/api/products [GET],34.900000,0.000000,2,5,45,81,190,360,620,640,1100,1100,1100,7509,11,250.0,591.6036276627835,0.902481006050948,36473.63180299726,119.82421094686376
1781567899,48,,Aggregated,85.500000,0.000000,11,23,94,170,520,810,1200,1400,2200,2200,2200,18659,29,520.0,941.2720942479621,0.902481006050948,135192.1857769994,76.45452596602176
1781567900,46,GET,/api/load/cpu-heavy [GET],35.300000,0.000000,15,35,130,210,770,1200,1500,1600,2200,2200,2200,7474,10,930.0,1320.7560655663633,7.26743700215593,135192.1857769994,44.93979127642494
1781567900,46,GET,/api/load/memory-heavy [GET],15.500000,0.000000,8,16,94,160,520,810,1100,1400,1600,1600,1600,3721,8,510.0,873.5634997527213,1.5872470030444674,19844.133311002224,51.8882020962107
1781567900,46,GET,/api/products [GET],35.100000,0.000000,2,3,11,43,150,340,620,640,1100,1100,1100,7540,11,250.0,589.1848246983888,0.902481006050948,36473.63180299726,119.82493368700266
1781567900,46,,Aggregated,85.900000,0.000000,11,17,59,110,420,790,1200,1400,2200,2200,2200,18735,29,510.0,937.5134344728438,0.902481006050948,135192.1857769994,76.45775286896183
1781567901,45,GET,/api/load/cpu-heavy [GET],34.200000,0.000000,15,35,120,200,700,1200,1500,1600,2200,2200,2200,7502,10,930.0,1316.1028733431126,7.26743700215593,135192.1857769994,44.94001599573447
1781567901,45,GET,/api/load/memory-heavy [GET],15.900000,0.000000,8,15,67,120,500,810,1100,1400,1600,1600,1600,3736,8,510.0,870.1809140848162,1.5872470030444674,19844.133311002224,51.88865096359743
1781567901,45,GET,/api/products [GET],33.800000,0.000000,2,3,7,32,98,220,520,630,1100,1100,1100,7580,11,240.0,586.1384694900869,0.902481006050948,36473.63180299726,119.82585751978891
1781567901,45,,Aggregated,83.900000,0.000000,10,16,48,83,300,720,1200,1400,2200,2200,2200,18818,29,510.0,933.5385933455069,0.902481006050948,135192.1857769994,76.48400467637369
1781567902,43,GET,/api/load/cpu-heavy [GET],32.400000,0.000000,13,19,88,150,420,860,1500,1600,2200,2200,2200,7531,10,920.0,1311.0762319843354,7.26743700215593,135192.1857769994,44.94024697915283
1781567902,43,GET,/api/load/memory-heavy [GET],16.600000,0.000000,7,12,16,67,280,550,1100,1400,1600,1600,1600,3755,8,500.0,865.8059283680075,1.5872470030444674,19844.133311002224,51.889214380825564
1781567902,43,GET,/api/products [GET],33.700000,0.000000,2,3,5,18,81,170,450,620,1100,1100,1100,7612,11,240.0,583.6815421723375,0.902481006050948,36473.63180299726,119.82658959537572
1781567902,43,,Aggregated,82.700000,0.000000,10,13,24,59,210,520,1100,1400,2200,2200,2200,18898,29,500.0,929.6116130337447,0.902481006050948,135192.1857769994,76.4847602920944
1781567903,41,GET,/api/load/cpu-heavy [GET],31.900000,0.000000,12,18,56,110,270,590,1500,1600,2200,2200,2200,7562,10,910.0,1305.805017111353,7.26743700215593,135192.1857769994,44.94049193335096
1781567903,41,GET,/api/load/memory-heavy [GET],16.500000,0.000000,7,10,15,18,160,310,810,870,1400,1400,1400,3772,8,500.0,861.9658487984807,1.5872470030444674,19844.133311002224,51.88971367974549
1781567903,41,GET,/api/products [GET],34.000000,0.000000,2,3,4,15,60,110,220,290,390,390,390,7637,11,240.0,581.8132395723266,0.902481006050948,36473.63180299726,119.82715726070447
1781567903,41,,Aggregated,82.400000,0.000000,10,12,18,43,150,290,800,1400,2200,2200,2200,18971,29,490.0,926.1051305507228,0.902481006050948,135192.1857769994,76.46871540772759
1781567904,39,GET,/api/load/cpu-heavy [GET],31.200000,0.000000,12,17,32,60,190,290,450,590,860,860,860,7596,10,910.0,1300.0716917184125,7.26743700215593,135192.1857769994,44.94075829383886
1781567904,39,GET,/api/load/memory-heavy [GET],16.300000,0.000000,7,9,12,15,88,160,280,330,370,370,370,3786,8,490.0,858.8225460731321,1.5872470030444674,19844.133311002224,51.89012150026413
1781567904,39,GET,/api/products [GET],34.600000,0.000000,2,2,3,6,45,80,110,150,290,290,290,7664,11,230.0,579.7812849635768,0.9000009958981536,36473.63180299726,119.8277661795407
1781567904,39,,Aggregated,82.100000,0.000000,9,11,16,20,94,170,310,430,860,860,860,19046,29,490.0,922.5186652150993,0.9000009958981536,135192.1857769994,76.4562637824215
1781567905,37,GET,/api/load/cpu-heavy [GET],31.000000,0.000000,12,16,24,48,160,270,450,590,860,860,860,7627,10,900.0,1294.9010144806714,7.26743700215593,135192.1857769994,44.940999082207945
1781567905,37,GET,/api/load/memory-heavy [GET],16.800000,0.000000,6,8,10,13,66,120,280,330,370,370,370,3801,8,490.0,855.4675669457715,1.5872470030444674,19844.133311002224,51.890555117074456
1781567905,37,GET,/api/products [GET],34.400000,0.000000,2,2,3,3,36,70,100,140,290,290,290,7693,11,230.0,577.6468589765817,0.9000009958981536,36473.63180299726,119.82841544261017
1781567905,37,,Aggregated,82.200000,0.000000,9,11,14,18,76,160,300,430,860,860,860,19121,29,490.0,918.9728332990838,0.9000009958981536,135192.1857769994,76.45212070498405
1781567906,35,GET,/api/load/cpu-heavy [GET],32.000000,0.000000,12,16,21,35,120,190,270,310,590,590,590,7654,10,900.0,1290.516804727214,7.26743700215593,135192.1857769994,44.94120721191534
1781567906,35,GET,/api/load/memory-heavy [GET],16.600000,0.000000,6,7,9,11,22,85,120,160,170,170,170,3805,8,490.0,854.6177162614664,1.5872470030444674,19844.133311002224,51.89067017082786
1781567906,35,GET,/api/products [GET],34.100000,0.000000,2,2,3,3,21,58,80,83,170,170,170,7721,11,230.0,575.5967183174273,0.9000009958981536,36473.63180299726,119.82903768941847
1781567906,35,,Aggregated,82.700000,0.000000,9,11,13,16,58,120,190,230,590,590,590,19180,29,480.0,916.2470435811147,0.9000009958981536,135192.1857769994,76.46631908237748
1781567907,33,GET,/api/load/cpu-heavy [GET],32.000000,0.000000,12,16,23,36,120,200,240,280,310,310,310,7679,10,890.0,1286.4965571737291,7.26743700215593,135192.1857769994,44.94139861961193
1781567907,33,GET,/api/load/memory-heavy [GET],16.300000,0.000000,6,7,8,10,35,97,120,160,170,170,170,3821,8,480.0,851.116200805255,1.5872470030444674,19844.133311002224,51.89112797696938
1781567907,33,GET,/api/products [GET],32.600000,0.000000,2,2,2,3,21,58,80,100,170,170,170,7739,11,230.0,574.2728023999051,0.9000009958981536,36473.63180299726,119.8294353275617
1781567907,33,,Aggregated,80.900000,0.000000,8,11,13,16,56,120,200,220,310,310,310,19239,29,480.0,913.5308115591636,0.9000009958981536,135192.1857769994,76.44581319195385
1781567908,31,GET,/api/load/cpu-heavy [GET],30.900000,0.000000,12,16,23,36,120,200,250,300,310,310,310,7702,10,890.0,1282.7653596317928,7.26743700215593,135192.1857769994,44.94157361724228
1781567908,31,GET,/api/load/memory-heavy [GET],16.400000,0.000000,6,7,8,10,22,95,120,160,170,170,170,3830,8,480.0,849.1535380326062,1.5872470030444674,19844.133311002224,51.891383812010446
1781567908,31,GET,/api/products [GET],32.100000,0.000000,2,2,2,3,21,58,80,100,170,170,170,7761,11,230.0,572.6499966479674,0.9000009958981536,36473.63180299726,119.8299188248937
1781567908,31,,Aggregated,79.400000,0.000000,9,11,13,17,58,120,200,230,310,310,310,19293,29,480.0,911.0274956996706,0.9000009958981536,135192.1857769994,76.44658684496967
1781567909,29,GET,/api/load/cpu-heavy [GET],31.000000,0.000000,12,16,22,40,120,190,240,300,310,310,310,7724,10,880.0,1279.2034287267072,7.26743700215593,135192.1857769994,44.94174003107198
1781567909,29,GET,/api/load/memory-heavy [GET],15.100000,0.000000,6,7,8,10,35,95,120,160,170,170,170,3838,8,480.0,847.4149497857948,1.5872470030444674,19844.133311002224,51.891610213652946
1781567909,29,GET,/api/products [GET],31.700000,0.000000,2,2,3,3,32,53,70,87,140,140,140,7786,11,220.0,570.8463444841877,0.9000009958981536,36473.63180299726,119.83046493706652
1781567909,29,,Aggregated,77.800000,0.000000,9,11,14,17,58,100,190,220,310,310,310,19348,29,470.0,908.4947022388246,0.9000009958981536,135192.1857769994,76.45699813934257
1781567910,28,GET,/api/load/cpu-heavy [GET],29.500000,0.000000,11,15,19,29,100,190,240,300,310,310,310,7745,10,880.0,1275.768015731579,7.26743700215593,135192.1857769994,44.941897998708846
1781567910,28,GET,/api/load/memory-heavy [GET],15.100000,0.000000,5,7,8,9,25,95,120,160,170,170,170,3847,8,480.0,845.443241757702,1.5872470030444674,19844.133311002224,51.89186378996621
1781567910,28,GET,/api/products [GET],29.000000,0.000000,2,2,3,3,27,53,70,87,140,140,140,7805,11,220.0,569.4660145532201,0.9000009958981536,36473.63180299726,119.83087764253683
1781567910,28,,Aggregated,73.600000,0.000000,9,11,13,16,52,100,190,220,310,310,310,19397,29,470.0,906.218780041799,0.9000009958981536,135192.1857769994,76.45424550188173
1781567911,26,GET,/api/load/cpu-heavy [GET],29.000000,0.000000,11,14,18,24,80,150,200,240,300,300,300,7764,10,880.0,1272.6811434085648,7.26743700215593,135192.1857769994,44.942040185471406
1781567911,26,GET,/api/load/memory-heavy [GET],14.400000,0.000000,5,7,8,9,22,85,98,120,120,120,120,3856,8,480.0,843.5037282165187,1.5872470030444674,19844.133311002224,51.892116182572614
1781567911,26,GET,/api/products [GET],27.700000,0.000000,2,2,3,3,27,50,70,83,100,100,100,7820,11,220.0,568.3828338740276,0.9000009958981536,36473.63180299726,119.83120204603581
1781567911,26,,Aggregated,71.100000,0.000000,9,11,13,16,46,87,150,190,300,300,300,19440,29,470.0,904.2387106132627,0.9000009958981536,135192.1857769994,76.44578189300411
1781567912,24,GET,/api/load/cpu-heavy [GET],27.400000,0.000000,12,16,20,33,89,170,220,240,300,300,300,7773,10,870.0,1271.2742811024175,7.26743700215593,135192.1857769994,44.9421072944809
1781567912,24,GET,/api/load/memory-heavy [GET],14.000000,0.000000,6,8,10,11,70,95,100,120,120,120,120,3866,8,470.0,841.4287534676423,1.5872470030444674,19844.133311002224,51.89239524055872
1781567912,24,GET,/api/products [GET],27.100000,0.000000,2,2,3,4,33,53,70,83,100,100,100,7840,11,220.0,566.962021908914,0.9000009958981536,36473.63180299726,119.83163265306122
1781567912,24,,Aggregated,68.500000,0.000000,9,11,14,18,58,96,170,220,300,300,300,19479,29,470.0,902.4878484357937,0.9000009958981536,135192.1857769994,76.46342214692746
1781567913,22,GET,/api/load/cpu-heavy [GET],27.300000,0.000000,12,16,19,33,84,160,220,240,300,300,300,7789,10,870.0,1268.7060245803177,7.26743700215593,135192.1857769994,44.94222621645911
1781567913,22,GET,/api/load/memory-heavy [GET],12.200000,0.000000,5,7,8,11,66,95,100,120,120,120,120,3875,8,470.0,839.488310029137,1.5872470030444674,19844.133311002224,51.892645161290325
1781567913,22,GET,/api/products [GET],25.800000,0.000000,2,2,3,4,34,58,69,81,87,87,87,7854,11,220.0,565.9952257257326,0.9000009958981536,36473.63180299726,119.83193277310924
1781567913,22,,Aggregated,65.300000,0.000000,9,11,14,19,58,88,170,220,300,300,300,19518,29,460.0,900.7221503058124,0.9000009958981536,135192.1857769994,76.45757762065786
1781567914,20,GET,/api/load/cpu-heavy [GET],26.000000,0.000000,12,16,22,42,88,170,220,240,300,300,300,7809,10,860.0,1265.5189071915847,7.26743700215593,135192.1857769994,44.94237418363427
1781567914,20,GET,/api/load/memory-heavy [GET],11.700000,0.000000,6,8,10,12,66,95,100,120,120,120,120,3881,8,470.0,838.2072306222359,1.5872470030444674,19844.133311002224,51.89281113115177
1781567914,20,GET,/api/products [GET],23.800000,0.000000,2,2,3,4,36,59,70,83,87,87,87,7863,11,220.0,565.3495179343635,0.9000009958981536,36473.63180299726,119.83212514307516
1781567914,20,,Aggregated,61.500000,0.000000,9,11,16,22,60,89,170,220,300,300,300,19553,29,460.0,899.138887527327,0.9000009958981536,135192.1857769994,76.43793791234081
1781567915,18,GET,/api/load/cpu-heavy [GET],24.100000,0.000000,12,15,17,29,80,170,230,250,300,300,300,7822,10,860.0,1263.4331663060723,7.26743700215593,135192.1857769994,44.942469956532854
1781567915,18,GET,/api/load/memory-heavy [GET],10.900000,0.000000,5,8,10,12,70,95,100,120,120,120,120,3889,8,470.0,836.493696884266,1.5872470030444674,19844.133311002224,51.89303162766778
1781567915,18,GET,/api/products [GET],22.700000,0.000000,2,2,2,3,31,53,69,83,87,87,87,7878,11,220.0,564.2782725842725,0.9000009958981536,36473.63180299726,119.83244478293983
1781567915,18,,Aggregated,57.700000,0.000000,9,11,13,17,59,84,170,220,300,300,300,19589,29,460.0,897.4977000075478,0.9000009958981536,135192.1857769994,76.440451273674
1781567916,16,GET,/api/load/cpu-heavy [GET],22.400000,0.000000,11,14,17,19,70,89,200,230,300,300,300,7827,10,860.0,1262.6348197971247,7.26743700215593,135192.1857769994,44.942506707550784
1781567916,16,GET,/api/load/memory-heavy [GET],10.000000,0.000000,5,7,8,10,44,79,98,100,100,100,100,3896,8,470.0,834.9989214068023,1.5872470030444674,19844.133311002224,51.893223819301845
1781567916,16,GET,/api/products [GET],21.600000,0.000000,2,2,2,3,28,44,60,81,87,87,87,7892,11,210.0,563.2804412553086,0.9000009958981536,36473.63180299726,119.83274201723265
1781567916,16,,Aggregated,54.000000,0.000000,9,11,13,16,44,71,100,170,300,300,300,19615,29,460.0,896.3144417404967,0.9000009958981536,135192.1857769994,76.45480499617639
1781567917,14,GET,/api/load/cpu-heavy [GET],21.000000,0.000000,11,13,15,17,50,78,140,170,230,230,230,7836,10,860.0,1261.1968744291842,7.26743700215593,135192.1857769994,44.94257274119449
1781567917,14,GET,/api/load/memory-heavy [GET],9.200000,0.000000,5,7,9,10,26,70,80,100,100,100,100,3899,8,470.0,834.3608547545267,1.5872470030444674,19844.133311002224,51.89330597589125
1781567917,14,GET,/api/products [GET],19.900000,0.000000,2,2,2,3,28,44,59,69,81,81,81,7902,11,210.0,562.5703201093266,0.9000009958981536,36473.63180299726,119.832953682612
1781567917,14,,Aggregated,50.100000,0.000000,9,10,12,13,31,66,82,140,230,230,230,19637,29,460.0,895.3171232988153,0.9000009958981536,135192.1857769994,76.45882772317563
1781567918,12,GET,/api/load/cpu-heavy [GET],19.400000,0.000000,11,12,15,17,38,78,150,170,230,230,230,7844,10,850.0,1259.9229174537322,7.26743700215593,135192.1857769994,44.94263131055584
1781567918,12,GET,/api/load/memory-heavy [GET],8.900000,0.000000,5,6,9,10,26,70,80,100,100,100,100,3903,8,470.0,833.5107564411762,1.5872470030444674,19844.133311002224,51.89341532154753
1781567918,12,GET,/api/products [GET],18.300000,0.000000,2,2,2,3,28,44,60,69,81,81,81,7911,11,210.0,561.9326088987348,0.9000009958981536,36473.63180299726,119.8331437239287
1781567918,12,,Aggregated,46.600000,0.000000,9,10,11,13,28,66,81,140,230,230,230,19658,29,450.0,894.3675203934692,0.9000009958981536,135192.1857769994,76.4609828059823
1781567919,10,GET,/api/load/cpu-heavy [GET],16.900000,0.000000,11,11,13,16,19,71,130,170,230,230,230,7850,10,850.0,1258.9678618121116,7.26743700215593,135192.1857769994,44.94267515923567
1781567919,10,GET,/api/load/memory-heavy [GET],9.100000,0.000000,5,6,8,9,26,70,80,100,100,100,100,3910,8,470.0,832.0289735135293,1.5872470030444674,19844.133311002224,51.893606138107415
1781567919,10,GET,/api/products [GET],17.000000,0.000000,2,2,2,3,28,42,60,69,81,81,81,7916,11,210.0,561.578821853194,0.9000009958981536,36473.63180299726,119.833249115715
1781567919,10,,Aggregated,43.000000,0.000000,7,10,11,12,19,59,80,100,230,230,230,19676,29,450.0,893.5550394110998,0.9000009958981536,135192.1857769994,76.45375076235007
1781567920,10,GET,/api/load/cpu-heavy [GET],15.100000,0.000000,11,12,14,16,20,74,130,170,230,230,230,7859,10,850.0,1257.5393064169848,7.26743700215593,135192.1857769994,44.94274080671841
1781567920,10,GET,/api/load/memory-heavy [GET],7.600000,0.000000,5,6,8,9,26,70,80,100,100,100,100,3912,8,470.0,831.6063060260504,1.5872470030444674,19844.133311002224,51.89366053169734
1781567920,10,GET,/api/products [GET],15.900000,0.000000,2,2,2,3,11,32,60,69,81,81,81,7928,11,210.0,560.7319984485232,0.9000009958981536,36473.63180299726,119.83350151362261
1781567920,10,,Aggregated,38.600000,0.000000,6,10,11,12,19,66,81,130,230,230,230,19699,29,450.0,892.5188365909347,0.9000009958981536,135192.1857769994,76.46342453931672
1781567921,10,GET,/api/load/cpu-heavy [GET],13.900000,0.000000,11,12,14,16,19,74,130,170,230,230,230,7868,10,850.0,1256.1139228748193,7.26743700215593,135192.1857769994,44.942806304016266
1781567921,10,GET,/api/load/memory-heavy [GET],7.200000,0.000000,5,6,8,9,17,66,80,100,100,100,100,3917,8,460.0,830.5534148682445,1.5872470030444674,19844.133311002224,51.893796272657646
1781567921,10,GET,/api/products [GET],14.700000,0.000000,2,2,3,3,28,42,60,69,81,81,81,7932,11,210.0,560.4503012187204,0.9000009958981536,36473.63180299726,119.83358547655068
1781567921,10,,Aggregated,35.800000,0.000000,6,10,11,12,19,60,81,130,230,230,230,19717,29,450.0,891.7114094682166,0.9000009958981536,135192.1857769994,76.4516914337881
1781567922,10,GET,/api/load/cpu-heavy [GET],12.500000,0.000000,11,11,12,14,17,20,74,82,130,130,130,7877,10,850.0,1254.6916471292454,7.26743700215593,135192.1857769994,44.942871651644026
1781567922,10,GET,/api/load/memory-heavy [GET],6.700000,0.000000,5,5,6,7,9,12,14,26,26,26,26,3920,8,460.0,829.9231881632448,1.5872470030444674,19844.133311002224,51.89387755102041
1781567922,10,GET,/api/products [GET],13.100000,0.000000,2,2,3,3,4,32,58,81,81,81,81,7939,11,210.0,559.9580548080212,0.9000009958981536,36473.63180299726,119.83373220808666
1781567922,10,,Aggregated,32.300000,0.000000,6,10,11,11,15,26,58,81,130,130,130,19736,29,450.0,890.8599513152524,0.9000009958981536,135192.1857769994,76.44907782732064
1781567923,10,GET,/api/load/cpu-heavy [GET],11.000000,0.000000,11,11,12,13,16,19,71,130,130,130,130,7889,10,850.0,1252.8020944205925,7.26743700215593,135192.1857769994,44.94295854987958
1781567923,10,GET,/api/load/memory-heavy [GET],6.500000,0.000000,5,6,7,8,9,10,26,26,26,26,26,3922,8,460.0,829.5035264691264,1.5872470030444674,19844.133311002224,51.893931667516576
1781567923,10,GET,/api/products [GET],12.100000,0.000000,2,2,2,2,3,3,13,16,16,16,16,7942,11,210.0,559.7491293486378,0.9000009958981536,36473.63180299726,119.83379501385042
1781567923,10,,Aggregated,29.600000,0.000000,6,10,11,11,13,16,20,26,130,130,130,19753,29,450.0,890.1025737347641,0.9000009958981536,135192.1857769994,76.43411127423683
1781567924,10,GET,/api/load/cpu-heavy [GET],10.300000,0.000000,11,12,12,12,15,16,18,19,19,19,19,7897,10,840.0,1251.5445165885867,7.26743700215593,135192.1857769994,44.94301633531721
1781567924,10,GET,/api/load/memory-heavy [GET],6.200000,0.000000,5,6,6,7,8,9,10,10,10,10,10,3924,8,460.0,829.0838471671541,1.5872470030444674,19844.133311002224,51.893985728848115
1781567924,10,GET,/api/products [GET],11.100000,0.000000,2,2,2,3,3,3,13,16,16,16,16,7948,11,210.0,559.3283299573333,0.9000009958981536,36473.63180299726,119.83392048314042
1781567924,10,,Aggregated,27.600000,0.000000,5,10,11,11,12,14,16,17,19,19,19,19769,29,450.0,889.3881142336389,0.9000009958981536,135192.1857769994,76.4321412312206
1781567925,10,GET,/api/load/cpu-heavy [GET],10.300000,0.000000,11,12,12,13,15,16,18,19,19,19,19,7906,10,840.0,1250.132151000008,7.26743700215593,135192.1857769994,44.94308120414875
1781567925,10,GET,/api/load/memory-heavy [GET],5.300000,0.000000,5,6,7,7,9,10,12,12,12,12,12,3927,8,460.0,828.4561270837564,1.5872470030444674,19844.133311002224,51.89406671759613
1781567925,10,GET,/api/products [GET],9.900000,0.000000,2,2,2,3,3,3,4,16,16,16,16,7951,11,210.0,559.1182338755968,0.9000009958981536,36473.63180299726,119.83398314677399
1781567925,10,,Aggregated,25.500000,0.000000,6,10,11,11,12,15,17,18,19,19,19,19784,29,440.0,888.7202322285071,0.9000009958981536,135192.1857769994,76.4207440355843
1781567926,10,GET,/api/load/cpu-heavy [GET],9.700000,0.000000,11,11,12,12,14,16,17,18,18,18,18,7913,10,840.0,1249.03521333389,7.26743700215593,135192.1857769994,44.94313155566789
1781567926,10,GET,/api/load/memory-heavy [GET],4.800000,0.000000,6,7,8,8,9,10,12,12,12,12,12,3930,8,460.0,827.8289088071022,1.5872470030444674,19844.133311002224,51.8941475826972
1781567926,10,GET,/api/products [GET],8.700000,0.000000,2,2,3,3,3,3,4,16,16,16,16,7961,11,210.0,558.4186212857502,0.9000009958981536,36473.63180299726,119.83419168446176
1781567926,10,,Aggregated,23.200000,0.000000,8,10,11,11,12,14,16,17,18,18,18,19804,29,440.0,887.8284133901625,0.9000009958981536,135192.1857769994,76.42794384972733
1781567927,10,GET,/api/load/cpu-heavy [GET],8.700000,0.000000,11,12,12,13,14,16,18,82,82,82,82,7920,10,840.0,1247.950100602281,7.26743700215593,135192.1857769994,44.94318181818182
1781567927,10,GET,/api/load/memory-heavy [GET],4.300000,0.000000,5,7,8,8,9,10,12,12,12,12,12,3934,8,450.0,826.9929941280907,1.5872470030444674,19844.133311002224,51.89425521098119
1781567927,10,GET,/api/products [GET],8.300000,0.000000,2,2,3,3,3,3,4,16,16,16,16,7968,11,210.0,557.9297727340445,0.9000009958981536,36473.63180299726,119.83433734939759
1781567927,10,,Aggregated,21.300000,0.000000,8,10,11,11,13,14,16,18,82,82,82,19822,29,440.0,887.0315641617785,0.9000009958981536,135192.1857769994,76.42730299667036
1781567928,10,GET,/api/load/cpu-heavy [GET],8.400000,0.000000,11,11,12,12,14,16,17,82,82,82,82,7927,10,840.0,1246.8572823134944,7.26743700215593,135192.1857769994,44.943231991926325
1781567928,10,GET,/api/load/memory-heavy [GET],3.700000,0.000000,6,7,8,8,9,10,12,12,12,12,12,3934,8,450.0,826.9929941280907,1.5872470030444674,19844.133311002224,51.89425521098119
1781567928,10,GET,/api/products [GET],7.400000,0.000000,2,2,3,3,3,3,3,16,16,16,16,7977,11,210.0,557.3027871336177,0.9000009958981536,36473.63180299726,119.83452425723956
1781567928,10,,Aggregated,19.500000,0.000000,8,10,11,11,12,14,16,17,82,82,82,19838,29,440.0,886.3208210890097,0.9000009958981536,135192.1857769994,76.43598144974291
1781567929,10,GET,/api/load/cpu-heavy [GET],8.800000,0.000000,11,11,12,13,14,16,18,82,82,82,82,7935,10,830.0,1245.611830488855,7.26743700215593,135192.1857769994,44.94328922495274
1781567929,10,GET,/api/load/memory-heavy [GET],3.200000,0.000000,6,8,8,9,12,13,20,20,20,20,20,3939,8,450.0,825.9569391297053,1.5872470030444674,19844.133311002224,51.8943894389439
1781567929,10,GET,/api/products [GET],6.800000,0.000000,2,2,3,3,3,3,3,16,16,16,16,7984,11,200.0,556.8161093877595,0.9000009958981536,36473.63180299726,119.83466933867736
1781567929,10,,Aggregated,18.800000,0.000000,9,10,11,11,13,15,17,20,82,82,82,19858,29,440.0,885.4363015164051,0.9000009958981536,135192.1857769994,76.43252089837848
1781567930,10,GET,/api/load/cpu-heavy [GET],8.400000,0.000000,11,11,12,12,14,16,18,82,82,82,82,7943,10,830.0,1244.3679047649584,7.26743700215593,135192.1857769994,44.943346342691676
1781567930,10,GET,/api/load/memory-heavy [GET],3.500000,0.000000,7,8,8,9,12,13,20,20,20,20,20,3940,8,450.0,825.7484820504848,1.5872470030444674,19844.133311002224,51.894416243654824
1781567930,10,GET,/api/products [GET],6.600000,0.000000,2,2,3,3,3,3,3,16,16,16,16,7991,11,200.0,556.3300359196433,0.9000009958981536,36473.63180299726,119.83481416593668
1781567930,10,,Aggregated,18.500000,0.000000,9,10,11,11,13,14,17,20,82,82,82,19874,29,440.0,884.7286205022027,0.9000009958981536,135192.1857769994,76.43398409982892
1781567931,10,GET,/api/load/cpu-heavy [GET],8.400000,0.000000,11,12,12,12,14,16,19,82,82,82,82,7953,10,830.0,1242.819044527983,7.26743700215593,135192.1857769994,44.94341757827235
1781567931,10,GET,/api/load/memory-heavy [GET],3.100000,0.000000,6,8,8,9,12,13,20,20,20,20,20,3944,8,450.0,824.9175095040357,1.5872470030444674,19844.133311002224,51.894523326572006
1781567931,10,GET,/api/products [GET],6.600000,0.000000,2,2,3,3,3,3,3,16,16,16,16,7999,11,200.0,555.775645026362,0.9000009958981536,36473.63180299726,119.83497937242156
1781567931,10,,Aggregated,18.100000,0.000000,9,10,11,11,13,15,19,20,82,82,82,19896,29,440.0,883.7587406102116,0.9000009958981536,135192.1857769994,76.43079010856454
1781567932,10,GET,/api/load/cpu-heavy [GET],8.500000,0.000000,11,11,12,12,13,16,19,82,82,82,82,7962,10,830.0,1241.4257824542894,7.26743700215593,135192.1857769994,44.94348153730218
1781567932,10,GET,/api/load/memory-heavy [GET],2.900000,0.000000,7,8,8,9,12,13,20,20,20,20,20,3948,8,450.0,824.0894497922783,1.5872470030444674,19844.133311002224,51.89463019250253
1781567932,10,GET,/api/products [GET],6.600000,0.000000,2,2,3,3,3,3,3,16,16,16,16,8002,11,200.0,555.5681606634417,0.9000009958981536,36473.63180299726,119.83504123969007
1781567932,10,,Aggregated,18.000000,0.000000,9,10,11,11,12,14,19,20,82,82,82,19912,29,430.0,883.0551250155568,0.9000009958981536,135192.1857769994,76.41824025713137
1781567933,10,GET,/api/load/cpu-heavy [GET],8.300000,0.000000,11,11,11,12,13,14,19,82,82,82,82,7970,10,830.0,1240.1905240264819,7.26743700215593,135192.1857769994,44.9435382685069
1781567933,10,GET,/api/load/memory-heavy [GET],2.800000,0.000000,6,8,8,9,12,13,20,20,20,20,20,3951,8,450.0,823.4676261146328,1.5872470030444674,19844.133311002224,51.89471019994938
1781567933,10,GET,/api/products [GET],6.400000,0.000000,2,2,2,3,3,3,3,3,3,3,3,8011,11,200.0,554.9464441129505,0.9000009958981536,36473.63180299726,119.83522656347522
1781567933,10,,Aggregated,17.500000,0.000000,8,10,11,11,12,13,19,20,82,82,82,19932,29,430.0,882.1751470529179,0.9000009958981536,135192.1857769994,76.42163355408388
1781567934,10,GET,/api/load/cpu-heavy [GET],8.500000,0.000000,11,11,11,12,13,19,21,82,82,82,82,7976,10,830.0,1239.2668908752585,7.26743700215593,135192.1857769994,44.94358074222668
1781567934,10,GET,/api/load/memory-heavy [GET],2.600000,0.000000,6,7,8,8,11,13,20,20,20,20,20,3956,8,440.0,822.4345521342053,1.5872470030444674,19844.133311002224,51.8948432760364
1781567934,10,GET,/api/products [GET],6.600000,0.000000,2,2,2,3,3,3,3,3,3,3,3,8013,11,200.0,554.8083614149309,0.9000009958981536,36473.63180299726,119.83526769000375
1781567934,10,,Aggregated,17.700000,0.000000,8,10,11,11,12,13,19,21,82,82,82,19945,29,430.0,881.605575827614,0.9000009958981536,135192.1857769994,76.41042867886688
1781567935,10,GET,/api/load/cpu-heavy [GET],8.300000,0.000000,11,11,11,12,14,19,21,82,82,82,82,7984,10,830.0,1238.0370806288895,7.26743700215593,135192.1857769994,44.9436372745491
1781567935,10,GET,/api/load/memory-heavy [GET],2.800000,0.000000,6,7,8,8,10,13,20,20,20,20,20,3958,8,440.0,822.0217446381788,1.5872470030444674,19844.133311002224,51.89489641232946
1781567935,10,GET,/api/products [GET],6.300000,0.000000,2,2,2,3,3,3,4,25,25,25,25,8021,11,200.0,554.2599729698084,0.9000009958981536,36473.63180299726,119.83543199102357
1781567935,10,,Aggregated,17.400000,0.000000,7,10,11,11,12,14,21,25,82,82,82,19963,29,430.0,880.8179812758474,0.9000009958981536,135192.1857769994,76.41286379802635
1781567936,10,GET,/api/load/cpu-heavy [GET],8.100000,0.000000,11,11,12,12,16,21,76,82,82,82,82,7990,10,820.0,1237.124075090369,7.26743700215593,135192.1857769994,44.943679599499376
1781567936,10,GET,/api/load/memory-heavy [GET],2.800000,0.000000,6,7,8,8,10,13,20,20,20,20,20,3962,8,440.0,821.1987579969503,1.5872470030444674,19844.133311002224,51.89500252397779
1781567936,10,GET,/api/products [GET],6.900000,0.000000,2,2,2,2,3,3,4,25,25,25,25,8029,11,200.0,553.709688526322,0.9000009958981536,36473.63180299726,119.83559596462823
1781567936,10,,Aggregated,17.800000,0.000000,7,10,11,11,12,18,21,76,82,82,82,19981,29,430.0,880.0333280783615,0.9000009958981536,135192.1857769994,76.41599519543567
1781567937,10,GET,/api/load/cpu-heavy [GET],7.900000,0.000000,11,11,12,12,16,19,21,76,76,76,76,7997,10,820.0,1236.0530984469258,7.26743700215593,135192.1857769994,44.94372889833688
1781567937,10,GET,/api/load/memory-heavy [GET],3.200000,0.000000,6,7,8,9,13,20,85,85,85,85,85,3967,8,440.0,820.1920432969313,1.5872470030444674,19844.133311002224,51.89513486261659
1781567937,10,GET,/api/products [GET],6.500000,0.000000,2,2,2,3,3,4,25,75,75,75,75,8036,11,200.0,553.2381788618521,0.9000009958981536,36473.63180299726,119.83573917371827
1781567937,10,,Aggregated,17.600000,0.000000,8,10,11,11,13,19,25,76,85,85,85,20000,29,430.0,879.2120234686386,0.9000009958981536,135192.1857769994,76.41415
1781567939,10,GET,/api/load/cpu-heavy [GET],7.500000,0.000000,11,11,12,13,16,21,76,86,86,86,86,8006,10,820.0,1234.685897498387,7.26743700215593,135192.1857769994,44.94379215588309
1781567939,10,GET,/api/load/memory-heavy [GET],3.200000,0.000000,6,7,7,7,10,13,85,85,85,85,85,3972,8,440.0,819.1679371422272,1.5872470030444674,19844.133311002224,51.89526686807653
1781567939,10,GET,/api/products [GET],6.800000,0.000000,2,2,2,2,3,4,25,75,75,75,75,8041,11,200.0,552.8953122778071,0.9000009958981536,36473.63180299726,119.8358413132695
1781567939,10,,Aggregated,17.500000,0.000000,7,10,11,11,13,19,75,85,86,86,86,20019,29,430.0,878.3886082085417,0.9000009958981536,135192.1857769994,76.40481542534592
1781567940,10,GET,/api/load/cpu-heavy [GET],7.500000,0.000000,11,12,12,13,19,21,76,86,86,86,86,8013,10,820.0,1233.6172742250199,7.26743700215593,135192.1857769994,44.943841257955825
1781567940,10,GET,/api/load/memory-heavy [GET],3.200000,0.000000,6,7,7,7,10,13,85,85,85,85,85,3975,8,440.0,818.5540532930638,1.5872470030444674,19844.133311002224,51.89534591194968
1781567940,10,GET,/api/products [GET],6.800000,0.000000,2,2,2,2,3,4,25,75,75,75,75,8045,11,200.0,552.6212747469053,0.9000009958981536,36473.63180299726,119.83592293349906
1781567940,10,,Aggregated,17.500000,0.000000,7,10,11,11,14,19,75,85,86,86,86,20033,29,430.0,877.7799498599212,0.9000009958981536,135192.1857769994,76.398891828483
1781567941,10,GET,/api/load/cpu-heavy [GET],7.700000,0.000000,11,11,12,13,16,21,76,86,86,86,86,8021,10,820.0,1232.397775954507,7.26743700215593,135192.1857769994,44.943897269667126
1781567941,10,GET,/api/load/memory-heavy [GET],3.300000,0.000000,6,7,7,7,9,13,85,85,85,85,85,3980,8,430.0,817.5329176617905,1.5872470030444674,19844.133311002224,51.89547738693467
1781567941,10,GET,/api/products [GET],6.800000,0.000000,2,2,2,3,3,25,75,75,75,75,75,8049,11,200.0,552.3523563602753,0.9000009958981536,36473.63180299726,119.8360044726053
1781567941,10,,Aggregated,17.800000,0.000000,8,10,11,11,13,21,75,85,86,86,86,20050,29,420.0,877.043775040839,0.9000009958981536,135192.1857769994,76.38897755610972
1781567942,10,GET,/api/load/cpu-heavy [GET],7.800000,0.000000,11,12,13,14,16,21,76,86,86,86,86,8027,10,820.0,1231.48593292925,7.26743700215593,135192.1857769994,44.94393920518251
1781567942,10,GET,/api/load/memory-heavy [GET],3.800000,0.000000,6,7,7,7,9,13,85,85,85,85,85,3985,8,430.0,816.515796341013,1.5872470030444674,19844.133311002224,51.89560853199498
1781567942,10,GET,/api/products [GET],6.300000,0.000000,2,2,2,3,3,25,39,75,75,75,75,8055,11,200.0,551.9425589037687,0.9000009958981536,36473.63180299726,119.83612662942272
1781567942,10,,Aggregated,17.900000,0.000000,7,10,11,11,14,21,75,85,86,86,86,20067,29,420.0,876.3068891220324,0.9000009958981536,135192.1857769994,76.38655504061394
1781567943,10,GET,/api/load/cpu-heavy [GET],7.800000,0.000000,11,12,13,14,16,21,76,86,86,86,86,8037,10,810.0,1229.9672097653474,7.26743700215593,135192.1857769994,44.94400895856663
1781567943,10,GET,/api/load/memory-heavy [GET],3.600000,0.000000,6,7,7,7,9,13,85,85,85,85,85,3988,8,430.0,815.9060451584604,1.5872470030444674,19844.133311002224,51.89568706118355
1781567943,10,GET,/api/products [GET],6.100000,0.000000,2,2,2,3,3,25,75,75,75,75,75,8059,11,200.0,551.6696760466391,0.9000009958981536,36473.63180299726,119.83620796624892
1781567943,10,,Aggregated,17.500000,0.000000,8,10,11,11,14,21,75,85,86,86,86,20084,29,420.0,875.5718827044329,0.9000009958981536,135192.1857769994,76.37597092212707
1781567944,10,GET,/api/load/cpu-heavy [GET],7.800000,0.000000,11,12,13,14,16,19,76,86,86,86,86,8043,10,810.0,1229.058697579149,7.26743700215593,135192.1857769994,44.944050727340546
1781567944,10,GET,/api/load/memory-heavy [GET],4.000000,0.000000,6,7,7,8,10,13,85,85,85,85,85,3991,8,430.0,815.298491301663,1.5872470030444674,19844.133311002224,51.8957654723127
1781567944,10,GET,/api/products [GET],5.700000,0.000000,2,2,2,3,3,25,39,75,75,75,75,8069,11,200.0,550.9886458482918,0.9000009958981536,36473.63180299726,119.83641095550874
1781567944,10,,Aggregated,17.500000,0.000000,7,10,11,11,14,19,75,85,86,86,86,20103,29,420.0,874.7501749372645,0.9000009958981536,135192.1857769994,76.38466895488236
1781567945,10,GET,/api/load/cpu-heavy [GET],7.500000,0.000000,11,12,13,13,15,19,76,86,86,86,86,8052,10,810.0,1227.6965681747522,7.26743700215593,135192.1857769994,44.9441132637854
1781567945,10,GET,/api/load/memory-heavy [GET],4.000000,0.000000,6,7,7,8,10,13,85,85,85,85,85,3995,8,430.0,814.4868838653176,1.5872470030444674,19844.133311002224,51.89586983729662
1781567945,10,GET,/api/products [GET],5.700000,0.000000,2,2,2,2,3,3,39,75,75,75,75,8076,11,200.0,550.5127729357189,0.9000009958981536,36473.63180299726,119.83655274888558
1781567945,10,,Aggregated,17.200000,0.000000,7,10,11,11,13,17,75,85,86,86,86,20123,29,420.0,873.8870457791505,0.9000009958981536,135192.1857769994,76.38095711375044
1781567946,10,GET,/api/load/cpu-heavy [GET],7.500000,0.000000,11,11,12,13,15,17,19,86,86,86,86,8065,10,810.0,1225.7343734782528,7.26743700215593,135192.1857769994,44.94420334779913
1781567946,10,GET,/api/load/memory-heavy [GET],4.000000,0.000000,6,7,8,8,10,13,85,85,85,85,85,3998,8,430.0,813.881800219597,1.5872470030444674,19844.133311002224,51.89594797398699
1781567946,10,GET,/api/products [GET],5.700000,0.000000,2,2,2,2,3,3,39,75,75,75,75,8083,11,200.0,550.0377624367043,0.9000009958981536,36473.63180299726,119.83669429667202
1781567946,10,,Aggregated,17.200000,0.000000,9,10,11,11,13,15,39,85,86,86,86,20146,29,420.0,872.8979645168205,0.9000009958981536,135192.1857769994,76.37223270128065
1781567947,10,GET,/api/load/cpu-heavy [GET],7.400000,0.000000,11,11,12,12,14,16,19,86,86,86,86,8074,10,810.0,1224.3802271144543,7.26743700215593,135192.1857769994,44.94426554372058
1781567947,10,GET,/api/load/memory-heavy [GET],3.900000,0.000000,6,7,7,8,9,10,11,11,11,11,11,4001,8,430.0,813.2760616893131,1.5872470030444674,19844.133311002224,51.896025993501624
1781567947,10,GET,/api/products [GET],6.200000,0.000000,2,2,2,2,3,3,3,39,39,39,39,8087,11,200.0,549.7666421174571,0.9000009958981536,36473.63180299726,119.83677507110177
1781567947,10,,Aggregated,17.500000,0.000000,9,10,11,11,12,14,17,39,86,86,86,20162,29,420.0,872.2114032013116,0.9000009958981536,135192.1857769994,76.36325761333201
1781567948,10,GET,/api/load/cpu-heavy [GET],8.000000,0.000000,11,11,12,12,15,19,22,27,27,27,27,8081,10,810.0,1223.3340051908308,7.26743700215593,135192.1857769994,44.94431382254672
1781567948,10,GET,/api/load/memory-heavy [GET],4.000000,0.000000,6,7,8,9,11,14,17,17,17,17,17,4006,8,430.0,812.2752910174592,1.5872470030444674,19844.133311002224,51.896155766350475
1781567948,10,GET,/api/products [GET],6.200000,0.000000,2,2,2,3,3,4,6,39,39,39,39,8095,11,200.0,549.226255299924,0.9000009958981536,36473.63180299726,119.83693638048177
1781567948,10,,Aggregated,18.200000,0.000000,9,10,11,11,13,16,20,27,39,39,39,20182,29,420.0,871.356825310467,0.9000009958981536,135192.1857769994,76.36364086810029
1781567949,10,GET,/api/load/cpu-heavy [GET],8.300000,0.000000,11,11,12,13,16,22,27,80,80,80,80,8089,10,800.0,1222.1464118265649,7.26743700215593,135192.1857769994,44.94436889603165
1781567949,10,GET,/api/load/memory-heavy [GET],3.900000,0.000000,6,8,8,9,11,14,17,17,17,17,17,4008,8,430.0,811.8730483764831,1.5872470030444674,19844.133311002224,51.89620758483034
1781567949,10,GET,/api/products [GET],5.800000,0.000000,2,2,2,3,3,4,6,39,39,39,39,8102,11,200.0,548.7534436241536,0.9000009958981536,36473.63180299726,119.83707726487287
1781567949,10,,Aggregated,18.000000,0.000000,9,10,11,11,14,17,23,39,80,80,80,20199,29,420.0,870.6336899549898,0.9000009958981536,135192.1857769994,76.36392890737166
1781567950,10,GET,/api/load/cpu-heavy [GET],8.300000,0.000000,11,11,12,13,16,22,27,80,80,80,80,8094,10,800.0,1221.398149078958,7.26743700215593,135192.1857769994,44.94440326167531
1781567950,10,GET,/api/load/memory-heavy [GET],3.900000,0.000000,7,8,8,8,11,14,17,17,17,17,17,4012,8,430.0,811.0696886734663,1.5872470030444674,19844.133311002224,51.8963110667996
1781567950,10,GET,/api/products [GET],5.900000,0.000000,2,2,2,3,3,3,4,6,6,6,6,8111,11,200.0,548.1467090335217,0.9000009958981536,36473.63180299726,119.83725804463074
1781567950,10,,Aggregated,18.100000,0.000000,8,10,11,11,13,16,22,27,80,80,80,20217,29,410.0,869.8632916146729,0.9000009958981536,135192.1857769994,76.37077706880348
1781567951,10,GET,/api/load/cpu-heavy [GET],8.300000,0.000000,11,11,12,13,18,23,80,99,99,99,99,8100,10,800.0,1220.5125229021105,7.26743700215593,135192.1857769994,44.94444444444444
1781567951,10,GET,/api/load/memory-heavy [GET],3.900000,0.000000,6,7,8,8,11,14,17,17,17,17,17,4016,8,420.0,810.2671403884345,1.5872470030444674,19844.133311002224,51.896414342629484
1781567951,10,GET,/api/products [GET],5.900000,0.000000,2,2,2,2,3,3,4,6,6,6,6,8121,11,190.0,547.474121014518,0.9000009958981536,36473.63180299726,119.83745844107868
1781567951,10,,Aggregated,18.100000,0.000000,7,10,11,11,13,17,23,80,99,99,99,20237,29,410.0,869.0132731168582,0.9000009958981536,135192.1857769994,76.3782181153333
1781567952,10,GET,/api/load/cpu-heavy [GET],8.300000,0.000000,11,11,12,13,19,23,80,99,99,99,99,8107,10,800.0,1219.4684623965818,7.26743700215593,135192.1857769994,44.94449241396324
1781567952,10,GET,/api/load/memory-heavy [GET],3.600000,0.000000,6,7,8,9,11,14,17,17,17,17,17,4022,8,420.0,809.0676385981951,1.5872470030444674,19844.133311002224,51.89656887120835
1781567952,10,GET,/api/products [GET],6.100000,0.000000,2,2,2,3,3,3,4,6,6,6,6,8128,11,190.0,547.0045924940807,0.9000009958981536,36473.63180299726,119.83759842519684
1781567952,10,,Aggregated,18.000000,0.000000,6,10,11,11,13,17,23,80,99,99,99,20257,29,410.0,868.1618302257407,0.9000009958981536,135192.1857769994,76.37522831613764
1781567953,10,GET,/api/load/cpu-heavy [GET],7.900000,0.000000,11,11,12,12,16,23,80,99,99,99,99,8115,10,800.0,1218.2767826635948,7.26743700215593,135192.1857769994,44.944547134935306
1781567953,10,GET,/api/load/memory-heavy [GET],3.600000,0.000000,6,7,8,8,11,14,17,17,17,17,17,4023,8,420.0,808.8676186611842,1.5872470030444674,19844.133311002224,51.89659458115834
1781567953,10,GET,/api/products [GET],7.200000,0.000000,2,2,2,3,3,3,4,6,6,6,6,8138,11,190.0,546.3349940136268,0.9000009958981536,36473.63180299726,119.83779798476284
1781567953,10,,Aggregated,18.700000,0.000000,6,10,11,11,12,16,23,80,99,99,99,20276,29,410.0,867.3537533276691,0.9000009958981536,135192.1857769994,76.38316235943974
1781567954,10,GET,/api/load/cpu-heavy [GET],8.000000,0.000000,11,11,12,13,18,23,80,99,99,99,99,8118,10,800.0,1217.8308328652472,7.26743700215593,135192.1857769994,44.94456762749446
1781567954,10,GET,/api/load/memory-heavy [GET],3.700000,0.000000,6,7,8,9,13,14,17,17,17,17,17,4025,8,420.0,808.4687199565092,1.5872470030444674,19844.133311002224,51.89664596273292
1781567954,10,GET,/api/products [GET],7.300000,0.000000,2,2,2,3,3,3,4,6,6,6,6,8145,11,190.0,545.867155111589,0.9000009958981536,36473.63180299726,119.83793738489871
1781567954,10,,Aggregated,19.000000,0.000000,6,10,11,11,13,16,23,80,99,99,99,20288,29,410.0,866.8437143833215,0.9000009958981536,135192.1857769994,76.39116719242902
1781567955,10,GET,/api/load/cpu-heavy [GET],7.800000,0.000000,11,12,13,13,20,27,80,99,99,99,99,8123,10,800.0,1217.0881123612066,7.26743700215593,135192.1857769994,44.944601748122615
1781567955,10,GET,/api/load/memory-heavy [GET],3.400000,0.000000,6,7,8,8,11,14,17,17,17,17,17,4030,8,420.0,807.4733792821227,1.5872470030444674,19844.133311002224,51.89677419354839
1781567955,10,GET,/api/products [GET],7.900000,0.000000,2,2,2,3,3,3,4,6,6,6,6,8155,11,190.0,545.2003014507533,0.9000009958981536,36473.63180299726,119.83813611281423
1781567955,10,,Aggregated,19.100000,0.000000,5,10,11,11,13,16,23,80,99,99,99,20308,29,410.0,865.9953177835255,0.9000009958981536,135192.1857769994,76.39890683474493
1781567956,10,GET,/api/load/cpu-heavy [GET],7.400000,0.000000,11,12,12,13,20,27,80,99,99,99,99,8131,10,790.0,1215.9013973852032,7.26743700215593,135192.1857769994,44.94465625384331
1781567956,10,GET,/api/load/memory-heavy [GET],3.400000,0.000000,6,7,8,9,11,14,17,17,17,17,17,4034,8,420.0,806.6802077268101,1.5872470030444674,19844.133311002224,51.89687654933069
1781567956,10,GET,/api/products [GET],7.600000,0.000000,2,2,2,3,3,3,4,6,6,6,6,8162,11,190.0,544.7346119001332,0.9000009958981536,36473.63180299726,119.83827493261455
1781567956,10,,Aggregated,18.400000,0.000000,5,10,11,11,13,16,23,80,99,99,99,20327,29,410.0,865.1924102148787,0.9000009958981536,135192.1857769994,76.39676292615732
1781567957,10,GET,/api/load/cpu-heavy [GET],7.200000,0.000000,11,11,12,13,18,79,80,99,99,99,99,8137,10,790.0,1215.0210228031317,7.26743700215593,135192.1857769994,44.944697062799555
1781567957,10,GET,/api/load/memory-heavy [GET],3.500000,0.000000,6,7,7,7,9,11,11,11,11,11,11,4039,8,420.0,805.6910670997636,1.5872470030444674,19844.133311002224,51.89700420896261
1781567957,10,GET,/api/products [GET],7.900000,0.000000,2,2,2,2,3,3,3,4,4,4,4,8171,11,190.0,544.1364078151869,0.9000009958981536,36473.63180299726,119.83845306572023
1781567957,10,,Aggregated,18.600000,0.000000,5,9,11,11,12,13,23,80,99,99,99,20347,29,410.0,864.3510527754867,0.9000009958981536,135192.1857769994,76.40079618616996
1781567958,10,GET,/api/load/cpu-heavy [GET],6.500000,0.000000,11,11,12,12,14,17,79,99,99,99,99,8146,10,790.0,1213.69212526996,7.26743700215593,135192.1857769994,44.944758163515836
1781567958,10,GET,/api/load/memory-heavy [GET],3.600000,0.000000,6,7,7,7,11,11,20,20,20,20,20,4040,8,420.0,805.4966322730053,1.5872470030444674,19844.133311002224,51.8970297029703
1781567958,10,GET,/api/products [GET],7.900000,0.000000,2,2,2,2,3,3,3,4,4,4,4,8179,11,190.0,543.6062264467394,0.9000009958981536,36473.63180299726,119.8386110771488
1781567958,10,,Aggregated,18.000000,0.000000,5,9,10,11,12,13,17,79,99,99,99,20365,29,410.0,863.5942928033304,0.9000009958981536,135192.1857769994,76.40284802356985
1781567959,10,GET,/api/load/cpu-heavy [GET],6.200000,0.000000,11,11,12,12,14,17,79,99,99,99,99,8151,10,790.0,1212.9543616049687,7.26743700215593,135192.1857769994,44.944792050055206
1781567959,10,GET,/api/load/memory-heavy [GET],3.800000,0.000000,6,7,7,7,11,11,20,20,20,20,20,4043,8,420.0,804.9032188186858,1.5872470030444674,19844.133311002224,51.89710610932476
1781567959,10,GET,/api/products [GET],8.300000,0.000000,2,2,2,2,3,3,3,4,4,4,4,8188,11,190.0,543.0110731957604,0.9000009958981536,36473.63180299726,119.83878847093307
1781567959,10,,Aggregated,18.300000,0.000000,5,9,10,11,12,13,17,79,99,99,99,20382,29,400.0,862.8784899643236,0.9000009958981536,135192.1857769994,76.41080365027966
1781567960,10,GET,/api/load/cpu-heavy [GET],6.500000,0.000000,11,11,12,12,15,18,20,79,79,79,79,8157,10,790.0,1212.071705039732,7.26743700215593,135192.1857769994,44.94483265906583
1781567960,10,GET,/api/load/memory-heavy [GET],3.400000,0.000000,6,7,7,7,11,11,20,20,20,20,20,4047,8,420.0,804.1120372633909,1.5872470030444674,19844.133311002224,51.89720780825303
1781567960,10,GET,/api/products [GET],8.400000,0.000000,2,2,2,3,3,3,3,4,4,4,4,8194,11,190.0,542.6148897998414,0.9000009958981536,36473.63180299726,119.83890651696363
1781567960,10,,Aggregated,18.300000,0.000000,5,9,10,11,12,14,18,20,79,79,79,20398,29,400.0,862.2069183171808,0.9000009958981536,135192.1857769994,76.40959898029219
1781567961,10,GET,/api/load/cpu-heavy [GET],6.200000,0.000000,11,11,11,12,15,18,20,79,79,79,79,8165,10,790.0,1210.8951014407949,7.26743700215593,135192.1857769994,44.944886711573794
1781567961,10,GET,/api/load/memory-heavy [GET],3.500000,0.000000,6,7,7,9,11,11,20,20,20,20,20,4049,8,410.0,803.7181848357471,1.5872470030444674,19844.133311002224,51.897258582366014
1781567961,10,GET,/api/products [GET],8.600000,0.000000,2,2,2,2,3,3,3,4,4,4,4,8197,11,190.0,542.4171057939374,0.9000009958981536,36473.63180299726,119.83896547517385
1781567961,10,,Aggregated,18.300000,0.000000,5,10,11,11,11,14,18,20,79,79,79,20411,29,400.0,861.6631448658492,0.9000009958981536,135192.1857769994,76.40130321885258
1781567962,10,GET,/api/load/cpu-heavy [GET],6.200000,0.000000,11,11,12,13,15,18,20,79,79,79,79,8170,10,790.0,1210.160744838689,7.26743700215593,135192.1857769994,44.94492044063647
1781567962,10,GET,/api/load/memory-heavy [GET],3.500000,0.000000,6,7,7,7,11,11,20,20,20,20,20,4059,8,410.0,801.7530683490859,1.5872470030444674,19844.133311002224,51.89751170238975
1781567962,10,GET,/api/products [GET],8.400000,0.000000,2,2,2,3,3,3,3,3,3,3,3,8200,11,190.0,542.2195480782812,0.9000009958981536,36473.63180299726,119.8390243902439
1781567962,10,,Aggregated,18.100000,0.000000,6,10,11,11,11,14,18,20,79,79,79,20429,29,400.0,860.9099458614153,0.9000009958981536,135192.1857769994,76.3880757746341
1781567963,10,GET,/api/load/cpu-heavy [GET],6.500000,0.000000,11,11,11,12,14,17,20,79,79,79,79,8179,10,780.0,1208.8411191126152,7.26743700215593,135192.1857769994,44.944981049028
1781567963,10,GET,/api/load/memory-heavy [GET],3.300000,0.000000,6,7,7,7,11,11,20,20,20,20,20,4062,8,410.0,801.166321819039,1.5872470030444674,19844.133311002224,51.89758739537174
1781567963,10,GET,/api/products [GET],7.500000,0.000000,2,2,2,2,3,3,3,3,3,3,3,8206,11,190.0,541.8243689758593,0.9000009958981536,36473.63180299726,119.83914209115281
1781567963,10,,Aggregated,17.300000,0.000000,7,10,11,11,11,14,18,20,79,79,79,20447,29,400.0,860.1584527934091,0.9000009958981536,135192.1857769994,76.38347923900817
1781567964,10,GET,/api/load/cpu-heavy [GET],6.300000,0.000000,11,11,11,12,15,18,20,79,79,79,79,8190,10,780.0,1207.2320909805942,7.26743700215593,135192.1857769994,44.94505494505494
1781567964,10,GET,/api/load/memory-heavy [GET],3.600000,0.000000,7,7,7,7,11,14,20,20,20,20,20,4066,8,410.0,800.385179124923,1.5872470030444674,19844.133311002224,51.89768814559764
1781567964,10,GET,/api/products [GET],7.200000,0.000000,2,2,2,2,3,3,3,3,3,3,3,8212,11,190.0,541.4297333347414,0.9000009958981536,36473.63180299726,119.83925962006819
1781567964,10,,Aggregated,17.100000,0.000000,7,10,11,11,11,14,18,20,79,79,79,20468,29,400.0,859.283659057935,0.9000009958981536,135192.1857769994,76.37463357435998
1781567965,10,GET,/api/load/cpu-heavy [GET],6.300000,0.000000,11,11,11,13,16,18,73,79,79,79,79,8199,10,780.0,1205.927501892435,7.26743700215593,135192.1857769994,44.945115257958285
1781567965,10,GET,/api/load/memory-heavy [GET],4.000000,0.000000,6,7,7,7,11,14,20,20,20,20,20,4070,8,410.0,799.6043033130074,1.5872470030444674,19844.133311002224,51.8977886977887
1781567965,10,GET,/api/products [GET],6.700000,0.000000,2,2,2,2,3,3,3,3,3,3,3,8214,11,190.0,541.298388100548,0.9000009958981536,36473.63180299726,119.83929875821768
1781567965,10,,Aggregated,17.000000,0.000000,7,10,11,11,13,16,20,73,79,79,79,20483,29,400.0,858.6639682838368,0.9000009958981536,135192.1857769994,76.36034760533126
1781567966,10,GET,/api/load/cpu-heavy [GET],7.100000,0.000000,11,11,11,13,16,18,20,73,73,73,73,8209,10,780.0,1204.4723176943683,7.26743700215593,135192.1857769994,44.94518211718845
1781567966,10,GET,/api/load/memory-heavy [GET],4.100000,0.000000,5,7,7,8,11,14,20,20,20,20,20,4075,8,410.0,798.6325966758135,1.5872470030444674,19844.133311002224,51.89791411042945
1781567966,10,GET,/api/products [GET],6.700000,0.000000,2,2,2,3,3,3,3,3,3,3,3,8222,11,190.0,540.7738850087446,0.9000009958981536,36473.63180299726,119.83945512040866
1781567966,10,,Aggregated,17.900000,0.000000,9,10,11,11,13,16,18,20,73,73,73,20506,29,390.0,857.7091568296509,0.9000009958981536,135192.1857769994,76.35613966643909
1781567967,10,GET,/api/load/cpu-heavy [GET],7.700000,0.000000,11,11,11,12,14,18,20,73,73,73,73,8214,10,780.0,1203.7459439143004,7.26743700215593,135192.1857769994,44.94521548575602
1781567967,10,GET,/api/load/memory-heavy [GET],3.900000,0.000000,5,7,7,7,10,11,14,14,14,14,14,4079,8,410.0,797.8552428516633,1.5872470030444674,19844.133311002224,51.898014219171365
1781567967,10,GET,/api/products [GET],6.000000,0.000000,2,2,2,3,3,3,3,3,3,3,3,8229,11,190.0,540.3156825989668,0.9000009958981536,36473.63180299726,119.83959168793292
1781567967,10,,Aggregated,17.600000,0.000000,7,10,11,11,12,14,18,20,73,73,73,20522,29,390.0,857.045047802885,0.9000009958981536,135192.1857769994,76.3586395088198
1781567968,10,GET,/api/load/cpu-heavy [GET],7.700000,0.000000,11,11,11,12,14,18,20,73,73,73,73,8215,10,780.0,1203.6007943959908,7.26743700215593,135192.1857769994,44.94522215459525
1781567968,10,GET,/api/load/memory-heavy [GET],3.900000,0.000000,6,7,7,7,10,11,14,14,14,14,14,4081,8,410.0,797.4672725581805,1.5872470030444674,19844.133311002224,51.898064199950994
1781567968,10,GET,/api/products [GET],6.000000,0.000000,2,2,2,2,3,3,3,4,4,4,4,8244,11,190.0,539.3360419092559,0.9000009958981536,36473.63180299726,119.83988355167395
1781567968,10,,Aggregated,17.600000,0.000000,7,10,11,11,11,14,18,20,73,73,73,20540,29,390.0,856.2965333385013,0.9000009958981536,135192.1857769994,76.38661148977604
1781567969,10,GET,/api/load/cpu-heavy [GET],7.800000,0.000000,11,11,11,12,14,16,18,73,73,73,73,8223,10,780.0,1202.4402217176266,7.26743700215593,135192.1857769994,44.94527544691719
1781567969,10,GET,/api/load/memory-heavy [GET],4.000000,0.000000,6,7,7,8,10,11,14,14,14,14,14,4084,8,410.0,796.8858193388671,1.5872470030444674,19844.133311002224,51.89813907933399
1781567969,10,GET,/api/products [GET],5.700000,0.000000,2,2,2,2,3,3,3,4,4,4,4,8250,11,190.0,538.9452440211998,0.9000009958981536,36473.63180299726,119.84
1781567969,10,,Aggregated,17.500000,0.000000,7,10,11,11,11,14,16,18,73,73,73,20557,29,390.0,855.5940016801472,0.9000009958981536,135192.1857769994,76.38356764119278
1781567970,10,GET,/api/load/cpu-heavy [GET],7.000000,0.000000,11,11,11,11,14,16,18,73,73,73,73,8236,10,770.0,1200.5580603017295,7.26743700215593,135192.1857769994,44.94536182612919
1781567970,10,GET,/api/load/memory-heavy [GET],4.100000,0.000000,6,7,7,7,10,11,14,14,14,14,14,4085,8,410.0,796.6924465779515,1.5872470030444674,19844.133311002224,51.898164014687886
1781567970,10,GET,/api/products [GET],6.500000,0.000000,2,2,2,2,3,3,3,4,4,4,4,8258,11,190.0,538.4251069717718,0.9000009958981536,36473.63180299726,119.84015500121095
1781567970,10,,Aggregated,17.600000,0.000000,7,10,11,11,11,14,16,18,73,73,73,20579,29,390.0,854.6867856693123,0.9000009958981536,135192.1857769994,76.37951309587443
1781567971,10,GET,/api/load/cpu-heavy [GET],7.000000,0.000000,11,11,11,12,14,16,18,73,73,73,73,8242,10,770.0,1199.6920361605237,7.26743700215593,135192.1857769994,44.94540160155302
1781567971,10,GET,/api/load/memory-heavy [GET],4.100000,0.000000,6,7,7,8,10,11,14,14,14,14,14,4085,8,410.0,796.6924465779515,1.5872470030444674,19844.133311002224,51.898164014687886
1781567971,10,GET,/api/products [GET],6.300000,0.000000,2,2,2,2,3,3,3,4,4,4,4,8265,11,190.0,537.9708703393693,0.9000009958981536,36473.63180299726,119.84029038112523
1781567971,10,,Aggregated,17.400000,0.000000,7,10,11,11,11,14,16,18,73,73,73,20592,29,390.0,854.1511096377604,0.9000009958981536,135192.1857769994,76.38519813519814
1781567972,10,GET,/api/load/cpu-heavy [GET],7.800000,0.000000,11,11,11,11,13,16,18,73,73,73,73,8249,10,770.0,1198.6830087805838,7.26743700215593,135192.1857769994,44.9454479330828
1781567972,10,GET,/api/load/memory-heavy [GET],3.800000,0.000000,6,7,7,7,9,11,14,14,14,14,14,4088,8,400.0,796.1121797448466,1.5872470030444674,19844.133311002224,51.89823874755382
1781567972,10,GET,/api/products [GET],6.200000,0.000000,2,2,2,2,3,3,4,4,4,4,4,8272,11,190.0,537.5175943146626,0.9000009958981536,36473.63180299726,119.84042553191489
1781567972,10,,Aggregated,17.800000,0.000000,7,10,11,11,11,13,16,18,73,73,73,20609,29,390.0,853.4518060264334,0.9000009958981536,135192.1857769994,76.38580231937503
1781567973,10,GET,/api/load/cpu-heavy [GET],7.700000,0.000000,11,11,11,12,13,15,17,73,73,73,73,8255,10,770.0,1197.8196759828022,7.26743700215593,135192.1857769994,44.94548758328286
1781567973,10,GET,/api/load/memory-heavy [GET],3.600000,0.000000,6,7,7,8,9,10,11,11,11,11,11,4091,8,400.0,795.5331662920888,1.5872470030444674,19844.133311002224,51.89831337081398
1781567973,10,GET,/api/products [GET],6.800000,0.000000,2,2,2,2,3,3,4,4,4,4,4,8279,11,180.0,537.0646402358836,0.9000009958981536,36473.63180299726,119.84056045416114
1781567973,10,,Aggregated,18.100000,0.000000,6,9,11,11,11,13,15,17,73,73,73,20625,29,390.0,852.7944613358424,0.9000009958981536,135192.1857769994,76.38792727272727
1781567974,10,GET,/api/load/cpu-heavy [GET],7.900000,0.000000,11,11,11,11,12,13,15,17,17,17,17,8262,10,770.0,1196.8139560446657,7.26743700215593,135192.1857769994,44.94553376906318
1781567974,10,GET,/api/load/memory-heavy [GET],3.000000,0.000000,6,7,7,8,9,10,11,11,11,11,11,4096,8,400.0,794.5686143054063,1.5872470030444674,19844.133311002224,51.8984375
1781567974,10,GET,/api/products [GET],7.000000,0.000000,2,2,2,2,3,3,4,4,4,4,4,8284,11,180.0,536.7419517934412,0.9000009958981536,36473.63180299726,119.84065668759054
1781567974,10,,Aggregated,17.900000,0.000000,5,9,10,11,11,12,13,15,17,17,17,20642,29,390.0,852.0976784077483,0.9000009958981536,135192.1857769994,76.38193973452185
1781567975,10,GET,/api/load/cpu-heavy [GET],7.500000,0.000000,11,11,11,12,13,13,14,15,15,15,15,8271,10,770.0,1195.5242915691008,7.26743700215593,135192.1857769994,44.945593035908594
1781567975,10,GET,/api/load/memory-heavy [GET],2.900000,0.000000,6,7,7,7,8,9,10,10,10,10,10,4102,8,400.0,793.415095410272,1.5872470030444674,19844.133311002224,51.89858605558264
1781567975,10,GET,/api/products [GET],7.400000,0.000000,2,2,2,2,3,3,4,4,4,4,4,8290,11,180.0,536.3550338741688,0.9000009958981536,36473.63180299726,119.84077201447528
1781567975,10,,Aggregated,17.800000,0.000000,5,9,10,11,11,13,13,14,15,15,15,20663,29,390.0,851.2390924724259,0.9000009958981536,135192.1857769994,76.37385665198664
1781567976,10,GET,/api/load/cpu-heavy [GET],7.300000,0.000000,11,11,11,12,13,13,14,15,15,15,15,8280,10,770.0,1194.2363993289903,7.26743700215593,135192.1857769994,44.94565217391305
1781567976,10,GET,/api/load/memory-heavy [GET],2.900000,0.000000,6,7,7,7,9,10,11,11,11,11,11,4103,8,400.0,793.224456279292,1.5872470030444674,19844.133311002224,51.89861077260541
1781567976,10,GET,/api/products [GET],7.000000,0.000000,2,2,2,2,3,3,4,4,4,4,4,8297,11,180.0,535.9042218580047,0.9000009958981536,36473.63180299726,119.84090635169338
1781567976,10,,Aggregated,17.200000,0.000000,5,9,10,11,11,12,13,14,15,15,15,20680,29,390.0,850.5451962917674,0.9000009958981536,135192.1857769994,76.3737911025145
1781567977,10,GET,/api/load/cpu-heavy [GET],6.800000,0.000000,11,11,11,12,13,13,13,15,15,15,15,8285,10,770.0,1193.5220666465937,7.26743700215593,135192.1857769994,44.945684972842486
1781567977,10,GET,/api/load/memory-heavy [GET],3.200000,0.000000,6,7,7,8,10,11,11,11,11,11,11,4107,8,400.0,792.4598914375293,1.5872470030444674,19844.133311002224,51.898709520331145
1781567977,10,GET,/api/products [GET],7.500000,0.000000,2,2,2,2,3,3,3,4,4,4,4,8304,11,180.0,535.4540825020314,0.9000009958981536,36473.63180299726,119.84104046242774
1781567977,10,,Aggregated,17.500000,0.000000,7,10,11,11,11,12,13,13,15,15,15,20696,29,380.0,849.8924331947112,0.9000009958981536,135192.1857769994,76.37625628140704
1781567978,10,GET,/api/load/cpu-heavy [GET],7.100000,0.000000,11,11,11,12,13,13,15,15,15,15,15,8294,10,770.0,1192.239500792263,7.26743700215593,135192.1857769994,44.945743911261154
1781567978,10,GET,/api/load/memory-heavy [GET],2.900000,0.000000,7,7,7,7,10,11,11,11,11,11,11,4111,8,390.0,791.6954497260836,1.5872470030444674,19844.133311002224,51.898808075893946
1781567978,10,GET,/api/products [GET],7.400000,0.000000,2,2,2,2,3,3,3,4,4,4,4,8311,11,180.0,535.0046162568733,0.9000009958981536,36473.63180299726,119.84117434725063
1781567978,10,,Aggregated,17.400000,0.000000,7,10,11,11,11,13,13,15,15,15,15,20716,29,380.0,849.0788655679547,0.9000009958981536,135192.1857769994,76.37265881444294
1781567979,10,GET,/api/load/cpu-heavy [GET],7.200000,0.000000,11,11,11,12,13,13,15,15,15,15,15,8301,10,770.0,1191.243168186125,7.26743700215593,135192.1857769994,44.945789663895916
1781567979,10,GET,/api/load/memory-heavy [GET],2.800000,0.000000,7,7,7,8,10,11,11,11,11,11,11,4115,8,390.0,790.9326363350975,1.5872470030444674,19844.133311002224,51.898906439854194
1781567979,10,GET,/api/products [GET],7.500000,0.000000,2,2,2,2,3,3,3,4,4,4,4,8319,11,180.0,534.492405304587,0.9000009958981536,36473.63180299726,119.84132708258204
1781567979,10,,Aggregated,17.500000,0.000000,7,10,11,11,12,13,13,15,15,15,15,20735,29,380.0,848.3067112303218,0.9000009958981536,135192.1857769994,76.37419821557752
1781567980,10,GET,/api/load/cpu-heavy [GET],7.600000,0.000000,11,11,12,12,13,15,19,49,49,49,49,8308,10,760.0,1190.253904972679,7.26743700215593,135192.1857769994,44.94583533943187
1781567980,10,GET,/api/load/memory-heavy [GET],3.000000,0.000000,6,7,7,8,10,11,11,11,11,11,11,4117,8,390.0,790.5506869703496,1.5872470030444674,19844.133311002224,51.89895555015788
1781567980,10,GET,/api/products [GET],6.600000,0.000000,2,2,2,3,3,3,3,4,4,4,4,8326,11,180.0,534.0450821252537,0.9000009958981536,36473.63180299726,119.841460485227
1781567980,10,,Aggregated,17.200000,0.000000,7,10,11,11,12,13,15,19,49,49,49,20751,29,380.0,847.6596778249105,0.9000009958981536,135192.1857769994,76.37598188039131
1781567981,10,GET,/api/load/cpu-heavy [GET],8.000000,0.000000,11,12,12,13,15,19,34,49,49,49,49,8318,10,760.0,1188.8416582738648,7.26743700215593,135192.1857769994,44.94590045684059
1781567981,10,GET,/api/load/memory-heavy [GET],3.000000,0.000000,7,7,8,9,10,11,13,13,13,13,13,4121,8,390.0,789.7913515976539,1.5872470030444674,19844.133311002224,51.89905362776025
1781567981,10,GET,/api/products [GET],6.700000,0.000000,2,2,2,3,3,3,3,4,4,4,4,8330,11,180.0,533.7901633265145,0.9000009958981536,36473.63180299726,119.84153661464586
1781567981,10,,Aggregated,17.700000,0.000000,7,10,11,11,12,13,19,34,49,49,49,20769,29,380.0,846.9347168359436,0.9000009958981536,135192.1857769994,76.36458182868698
1781567982,10,GET,/api/load/cpu-heavy [GET],7.100000,0.000000,11,12,12,13,15,19,34,49,49,49,49,8327,10,760.0,1187.571487451664,7.26743700215593,135192.1857769994,44.94595892878588
1781567982,10,GET,/api/load/memory-heavy [GET],3.200000,0.000000,7,7,8,8,10,11,13,13,13,13,13,4128,8,390.0,788.4636682325421,1.5872470030444674,19844.133311002224,51.89922480620155
1781567982,10,GET,/api/products [GET],7.000000,0.000000,2,2,3,3,3,3,3,4,4,4,4,8339,11,180.0,533.2163231715871,0.9000009958981536,36473.63180299726,119.84170763880562
1781567982,10,,Aggregated,17.300000,0.000000,8,10,11,11,13,15,19,34,49,49,49,20794,29,380.0,845.9255899491067,0.9000009958981536,135192.1857769994,76.36169087236703
1781567983,10,GET,/api/load/cpu-heavy [GET],7.400000,0.000000,11,11,12,13,15,19,34,49,49,49,49,8338,10,760.0,1186.0183207091627,7.26743700215593,135192.1857769994,44.94603022307508
1781567983,10,GET,/api/load/memory-heavy [GET],3.600000,0.000000,7,7,8,8,10,11,13,13,13,13,13,4131,8,390.0,787.8949714061812,1.5872470030444674,19844.133311002224,51.89929799080126
1781567983,10,GET,/api/products [GET],6.400000,0.000000,2,2,3,3,3,3,3,4,4,4,4,8343,11,180.0,532.9617420526032,0.9000009958981536,36473.63180299726,119.84178353110391
1781567983,10,,Aggregated,17.400000,0.000000,8,10,11,11,13,15,19,34,49,49,49,20812,29,380.0,845.2005909521777,0.9000009958981536,135192.1857769994,76.34999039015952
1781567984,10,GET,/api/load/cpu-heavy [GET],7.600000,0.000000,11,11,12,12,15,19,34,49,49,49,49,8348,10,760.0,1184.610090892909,7.26743700215593,135192.1857769994,44.946094873023476
1781567984,10,GET,/api/load/memory-heavy [GET],3.900000,0.000000,7,8,8,9,10,11,13,13,13,13,13,4132,8,390.0,787.7054843109707,1.5872470030444674,19844.133311002224,51.899322362052274
1781567984,10,GET,/api/products [GET],6.700000,0.000000,2,2,2,3,3,3,3,4,4,4,4,8351,11,180.0,532.4529540866813,0.9000009958981536,36473.63180299726,119.84193509759311
1781567984,10,,Aggregated,18.200000,0.000000,9,10,11,11,12,15,19,34,49,49,49,20831,29,380.0,844.4356353283438,0.9000009958981536,135192.1857769994,76.35053525994911
1781567985,10,GET,/api/load/cpu-heavy [GET],8.200000,0.000000,11,11,12,13,16,32,49,99,99,99,99,8359,10,760.0,1183.0747195963654,7.26743700215593,135192.1857769994,44.94616580930733
1781567985,10,GET,/api/load/memory-heavy [GET],4.000000,0.000000,7,8,8,9,10,11,13,13,13,13,13,4136,8,390.0,786.9511884318006,1.5872470030444674,19844.133311002224,51.89941972920696
1781567985,10,GET,/api/products [GET],6.300000,0.000000,2,2,2,3,3,3,3,4,4,4,4,8362,11,180.0,531.7547700705409,0.9000009958981536,36473.63180299726,119.84214302798374
1781567985,10,,Aggregated,18.500000,0.000000,8,10,10,11,12,15,32,49,99,99,99,20857,29,380.0,843.3947875432578,0.9000009958981536,135192.1857769994,76.3523517284365
1781567986,10,GET,/api/load/cpu-heavy [GET],8.600000,0.000000,11,11,12,13,16,19,49,99,99,99,99,8366,10,750.0,1182.0946487801843,7.26743700215593,135192.1857769994,44.94621085345446
1781567986,10,GET,/api/load/memory-heavy [GET],3.700000,0.000000,7,8,8,9,9,10,13,13,13,13,13,4139,8,390.0,786.3859769584267,1.5872470030444674,19844.133311002224,51.89949263107031
1781567986,10,GET,/api/products [GET],6.600000,0.000000,2,2,2,3,3,3,4,5,5,5,5,8369,11,180.0,531.3119747584963,0.9000009958981536,36473.63180299726,119.8422750627315
1781567986,10,,Aggregated,18.900000,0.000000,8,10,10,11,13,16,32,49,99,99,99,20874,29,380.0,842.7136776410713,0.9000009958981536,135192.1857769994,76.35297499281403
1781567987,10,GET,/api/load/cpu-heavy [GET],8.800000,0.000000,10,11,12,13,16,19,49,99,99,99,99,8372,10,750.0,1181.2545898013639,7.26743700215593,135192.1857769994,44.946249402771144
1781567987,10,GET,/api/load/memory-heavy [GET],3.400000,0.000000,6,8,8,9,9,11,13,13,13,13,13,4145,8,390.0,785.256454563553,1.5872470030444674,19844.133311002224,51.89963811821472
1781567987,10,GET,/api/products [GET],7.000000,0.000000,2,2,2,3,3,3,4,5,5,5,5,8378,11,180.0,530.743361223545,0.9000009958981536,36473.63180299726,119.84244449749343
1781567987,10,,Aggregated,19.200000,0.000000,8,10,10,11,13,15,32,49,99,99,99,20895,29,370.0,841.8721852267868,0.9000009958981536,135192.1857769994,76.35577889447237
1781567988,10,GET,/api/load/cpu-heavy [GET],8.600000,0.000000,10,11,11,13,17,32,49,99,99,99,99,8379,10,750.0,1180.2764250299585,7.26743700215593,135192.1857769994,44.94629430719656
1781567988,10,GET,/api/load/memory-heavy [GET],3.600000,0.000000,5,8,8,9,10,11,13,13,13,13,13,4149,8,390.0,784.5051848310254,1.5872470030444674,19844.133311002224,51.899734875873705
1781567988,10,GET,/api/products [GET],7.300000,0.000000,2,2,2,3,3,3,4,5,5,5,5,8382,11,180.0,530.4910220286164,0.9000009958981536,36473.63180299726,119.84251968503936
1781567988,10,,Aggregated,19.500000,0.000000,8,10,10,11,12,16,32,49,99,99,99,20910,29,370.0,841.2732627371457,0.9000009958981536,135192.1857769994,76.34897178383548
1781567989,10,GET,/api/load/cpu-heavy [GET],8.600000,0.000000,10,11,11,13,17,32,49,99,99,99,99,8382,10,750.0,1179.8584896004563,7.26743700215593,135192.1857769994,44.94631352899069
1781567989,10,GET,/api/load/memory-heavy [GET],3.600000,0.000000,6,8,8,9,10,11,13,13,13,13,13,4152,8,380.0,783.9427394571089,1.5872470030444674,19844.133311002224,51.89980732177264
1781567989,10,GET,/api/products [GET],7.300000,0.000000,2,2,2,2,3,3,5,5,5,5,5,8393,11,180.0,529.7985161434362,0.9000009958981536,36473.63180299726,119.84272608125819
1781567989,10,,Aggregated,19.500000,0.000000,8,10,10,11,13,17,32,49,99,99,99,20927,29,370.0,840.5936378864006,0.9000009958981536,135192.1857769994,76.36393176279448
1781567990,10,GET,/api/load/cpu-heavy [GET],8.500000,0.000000,10,11,11,11,17,32,99,100,100,100,100,8388,10,750.0,1179.0361289529128,7.26743700215593,135192.1857769994,44.94635193133047
1781567990,10,GET,/api/load/memory-heavy [GET],3.700000,0.000000,5,8,8,9,9,10,11,11,11,11,11,4155,8,380.0,783.3809099662847,1.5872470030444674,19844.133311002224,51.89987966305656
1781567990,10,GET,/api/products [GET],7.200000,0.000000,2,2,2,2,3,3,5,5,5,5,5,8403,11,180.0,529.1704913840125,0.9000009958981536,36473.63180299726,119.84291324526954
1781567990,10,,Aggregated,19.400000,0.000000,5,9,10,10,11,15,32,99,100,100,100,20946,29,370.0,839.8416103154161,0.9000009958981536,135192.1857769994,76.37229065215315
1781567991,10,GET,/api/load/cpu-heavy [GET],8.100000,0.000000,10,11,11,11,15,19,99,100,100,100,100,8397,10,750.0,1177.785626447426,7.26743700215593,135192.1857769994,44.946409431939976
1781567991,10,GET,/api/load/memory-heavy [GET],3.800000,0.000000,5,7,8,8,9,10,11,11,11,11,11,4161,8,380.0,782.2592648283874,1.5872470030444674,19844.133311002224,51.90002403268445
1781567991,10,GET,/api/products [GET],7.600000,0.000000,2,2,2,2,2,3,5,5,5,5,5,8409,11,170.0,528.7941131243731,0.9000009958981536,36473.63180299726,119.84302533000357
1781567991,10,,Aggregated,19.500000,0.000000,5,9,10,10,11,15,19,99,100,100,100,20967,29,370.0,839.0077933654177,0.9000009958981536,135192.1857769994,76.36433443029523
1781567992,10,GET,/api/load/cpu-heavy [GET],8.200000,0.000000,10,11,11,11,15,19,99,100,100,100,100,8402,10,750.0,1177.0910137243557,7.26743700215593,135192.1857769994,44.946441323494405
1781567992,10,GET,/api/load/memory-heavy [GET],3.700000,0.000000,5,6,8,8,9,10,11,11,11,11,11,4163,8,380.0,781.8858240499449,1.5872470030444674,19844.133311002224,51.900072063415806
1781567992,10,GET,/api/products [GET],7.500000,0.000000,2,2,2,2,2,3,5,5,5,5,5,8418,11,170.0,528.2307189291852,0.9000009958981536,36473.63180299726,119.84319315751961
1781567992,10,,Aggregated,19.400000,0.000000,5,9,10,10,11,15,19,99,100,100,100,20983,29,370.0,838.3718045454768,0.9000009958981536,135192.1857769994,76.37325453938902
1781567993,10,GET,/api/load/cpu-heavy [GET],7.700000,0.000000,11,11,12,12,15,19,99,100,100,100,100,8411,10,740.0,1175.8430751902304,7.26743700215593,135192.1857769994,44.94649863274284
1781567993,10,GET,/api/load/memory-heavy [GET],4.000000,0.000000,6,6,7,8,9,10,11,11,11,11,11,4166,8,380.0,781.3269737913879,1.5872470030444674,19844.133311002224,51.90014402304369
1781567993,10,GET,/api/products [GET],8.100000,0.000000,2,2,2,2,2,3,5,5,5,5,5,8424,11,170.0,527.8559012940258,0.9000009958981536,36473.63180299726,119.84330484330485
1781567993,10,,Aggregated,19.800000,0.000000,5,9,10,10,11,15,19,99,100,100,100,21001,29,370.0,837.6592729270378,0.9000009958981536,135192.1857769994,76.36879196228752
1781567994,10,GET,/api/load/cpu-heavy [GET],7.600000,0.000000,11,11,11,12,15,19,99,100,100,100,100,8420,10,740.0,1174.5974224576055,7.26743700215593,135192.1857769994,44.94655581947743
1781567994,10,GET,/api/load/memory-heavy [GET],3.400000,0.000000,5,6,7,7,9,10,11,11,11,11,11,4171,8,380.0,780.3968949697683,1.5872470030444674,19844.133311002224,51.900263725725246
1781567994,10,GET,/api/products [GET],7.900000,0.000000,2,2,2,2,3,3,5,5,5,5,5,8430,11,170.0,527.4817928280971,0.9000009958981536,36473.63180299726,119.84341637010677
1781567994,10,,Aggregated,18.900000,0.000000,5,9,10,11,11,15,19,99,100,100,100,21021,29,370.0,836.8687150731506,0.9000009958981536,135192.1857769994,76.3620189334475
1781567995,10,GET,/api/load/cpu-heavy [GET],7.400000,0.000000,11,11,11,12,13,17,35,100,100,100,100,8432,10,740.0,1172.940329961819,7.26743700215593,135192.1857769994,44.946631878557874
1781567995,10,GET,/api/load/memory-heavy [GET],3.200000,0.000000,5,6,6,6,8,10,11,11,11,11,11,4173,8,380.0,780.0255352113364,1.5872470030444674,19844.133311002224,51.900311526479754
1781567995,10,GET,/api/products [GET],8.100000,0.000000,2,2,2,2,3,3,3,5,5,5,5,8434,11,170.0,527.2324710062672,0.9000009958981536,36473.63180299726,119.84349063315153
1781567995,10,,Aggregated,18.700000,0.000000,5,9,10,11,11,12,17,35,100,100,100,21039,29,370.0,836.1594220800285,0.9000009958981536,135192.1857769994,76.35011169732402
1781567996,10,GET,/api/load/cpu-heavy [GET],7.100000,0.000000,11,11,12,12,15,17,35,100,100,100,100,8441,10,740.0,1171.7018354890479,7.26743700215593,135192.1857769994,44.946688780950126
1781567996,10,GET,/api/load/memory-heavy [GET],3.800000,0.000000,5,6,6,6,8,10,11,11,11,11,11,4173,8,380.0,780.0255352113364,1.5872470030444674,19844.133311002224,51.900311526479754
1781567996,10,GET,/api/products [GET],8.000000,0.000000,2,2,2,2,3,3,3,5,5,5,5,8445,11,170.0,526.5489097240792,0.9000009958981536,36473.63180299726,119.8436944937833
1781567996,10,,Aggregated,18.900000,0.000000,5,10,10,11,12,13,17,35,100,100,100,21059,29,360.0,835.3714466223328,0.9000009958981536,135192.1857769994,76.3595137470915
1781567997,10,GET,/api/load/cpu-heavy [GET],7.400000,0.000000,11,11,12,12,15,17,35,100,100,100,100,8445,10,740.0,1171.1518682743688,7.26743700215593,135192.1857769994,44.94671403197158
1781567997,10,GET,/api/load/memory-heavy [GET],3.800000,0.000000,5,6,6,6,7,9,9,9,9,9,9,4179,8,380.0,778.913842714741,1.5872470030444674,19844.133311002224,51.9004546542235
1781567997,10,GET,/api/products [GET],7.400000,0.000000,2,2,2,2,3,3,3,5,5,5,5,8455,11,170.0,525.9286727857884,0.9000009958981536,36473.63180299726,119.84387936132465
1781567997,10,,Aggregated,18.600000,0.000000,5,9,10,11,12,13,17,35,100,100,100,21079,29,360.0,834.5834909002178,0.9000009958981536,135192.1857769994,76.36733241614877
1781567998,10,GET,/api/load/cpu-heavy [GET],7.500000,0.000000,11,11,11,12,12,16,35,100,100,100,100,8455,10,730.0,1169.778796537675,7.26743700215593,135192.1857769994,44.94677705499704
1781567998,10,GET,/api/load/memory-heavy [GET],3.400000,0.000000,5,6,6,7,9,9,10,10,10,10,10,4182,8,380.0,778.359987604234,1.5872470030444674,19844.133311002224,51.90052606408417
1781567998,10,GET,/api/products [GET],7.400000,0.000000,2,2,2,3,3,3,3,3,3,3,3,8463,11,170.0,525.4331912574559,0.9000009958981536,36473.63180299726,119.84402694080113
1781567998,10,,Aggregated,18.300000,0.000000,5,10,10,11,11,12,16,35,100,100,100,21100,29,360.0,833.7593502606021,0.9000009958981536,135192.1857769994,76.36554502369668
1781567999,10,GET,/api/load/cpu-heavy [GET],7.300000,0.000000,11,11,11,12,12,15,16,17,17,17,17,8461,10,730.0,1168.956427285313,7.26743700215593,135192.1857769994,44.94681479730529
1781567999,10,GET,/api/load/memory-heavy [GET],3.400000,0.000000,5,6,6,7,8,10,10,10,10,10,10,4187,8,380.0,777.438150454953,1.5872470030444674,19844.133311002224,51.90064485311679
1781567999,10,GET,/api/products [GET],7.600000,0.000000,2,2,2,2,3,3,3,3,3,3,3,8468,11,170.0,525.1240105905573,0.9000009958981536,36473.63180299726,119.84411903637222
1781567999,10,,Aggregated,18.300000,0.000000,6,10,10,11,11,12,15,16,17,17,17,21116,29,360.0,833.1324109157351,0.9000009958981536,135192.1857769994,76.36119530214056
1781568000,10,GET,/api/load/cpu-heavy [GET],7.900000,0.000000,11,11,11,12,12,13,19,20,20,20,20,8468,10,730.0,1168.0008693496727,7.26743700215593,135192.1857769994,44.94685876239962
1781568000,10,GET,/api/load/memory-heavy [GET],3.200000,0.000000,5,6,6,7,8,10,10,10,10,10,10,4188,8,380.0,777.2537012511663,1.5872470030444674,19844.133311002224,51.90066857688634
1781568000,10,GET,/api/products [GET],7.800000,0.000000,2,2,2,2,3,3,3,3,3,3,3,8474,11,170.0,524.7535689426284,0.9000009958981536,36473.63180299726,119.84422940759971
1781568000,10,,Aggregated,18.900000,0.000000,6,10,10,11,11,12,13,19,20,20,20,21130,29,360.0,832.5854995604659,0.9000009958981536,135192.1857769994,76.36204448651206
1781568001,10,GET,/api/load/cpu-heavy [GET],7.800000,0.000000,11,11,11,12,12,16,20,21,21,21,21,8474,10,730.0,1167.1829950329266,7.26743700215593,135192.1857769994,44.94689638895445
1781568001,10,GET,/api/load/memory-heavy [GET],3.400000,0.000000,5,6,6,7,9,10,10,10,10,10,10,4189,8,380.0,777.0693175585787,1.5872470030444674,19844.133311002224,51.90069228932919
1781568001,10,GET,/api/products [GET],7.300000,0.000000,2,2,2,2,3,3,3,3,3,3,3,8486,11,170.0,524.0142753397163,0.9000009958981536,36473.63180299726,119.84444968182889
1781568001,10,,Aggregated,18.500000,0.000000,5,10,10,11,11,12,16,20,21,21,21,21149,29,360.0,831.8425084729604,0.9000009958981536,135192.1857769994,76.37675540214667
1781568002,10,GET,/api/load/cpu-heavy [GET],8.000000,0.000000,11,11,11,12,15,17,20,21,21,21,21,8480,10,730.0,1166.3664036246473,7.26743700215593,135192.1857769994,44.946933962264154
1781568002,10,GET,/api/load/memory-heavy [GET],3.300000,0.000000,5,6,6,7,10,10,10,10,10,10,10,4192,8,380.0,776.5178837471097,1.5872470030444674,19844.133311002224,51.900763358778626
1781568002,10,GET,/api/products [GET],7.200000,0.000000,2,2,2,2,3,3,3,4,4,4,4,8494,11,170.0,523.5226440486042,0.9000009958981536,36473.63180299726,119.84459618554274
1781568002,10,,Aggregated,18.500000,0.000000,5,10,10,11,11,13,17,20,21,21,21,21166,29,360.0,831.1797888100559,0.9000009958981536,135192.1857769994,76.38089388642162
1781568003,10,GET,/api/load/cpu-heavy [GET],8.000000,0.000000,11,11,11,12,15,17,20,21,21,21,21,8483,10,730.0,1165.9575234771903,7.26743700215593,135192.1857769994,44.946952728987384
1781568003,10,GET,/api/load/memory-heavy [GET],2.800000,0.000000,5,5,7,8,10,10,10,10,10,10,10,4194,8,380.0,776.1498955660182,1.5872470030444674,19844.133311002224,51.900810681926565
1781568003,10,GET,/api/products [GET],7.100000,0.000000,2,2,2,2,3,3,3,4,4,4,4,8507,11,170.0,522.7256165440042,0.9000009958981536,36473.63180299726,119.84483366639239
1781568003,10,,Aggregated,17.900000,0.000000,5,9,10,11,11,13,17,20,21,21,21,21184,29,360.0,830.4766405589418,0.9000009958981536,135192.1857769994,76.40091578549848
1781568004,10,GET,/api/load/cpu-heavy [GET],7.500000,0.000000,11,11,12,12,15,19,20,21,21,21,21,8486,10,730.0,1165.549218131511,7.26743700215593,135192.1857769994,44.94697148244167
1781568004,10,GET,/api/load/memory-heavy [GET],3.000000,0.000000,5,6,7,7,10,10,10,10,10,10,10,4198,8,370.0,775.4158937812955,1.5872470030444674,19844.133311002224,51.900905192949025
1781568004,10,GET,/api/products [GET],7.700000,0.000000,2,2,2,2,3,3,3,4,4,4,4,8520,11,160.0,521.9308499891832,0.9000009958981536,36473.63180299726,119.84507042253522
1781568004,10,,Aggregated,18.200000,0.000000,3,9,10,10,11,13,17,20,21,21,21,21204,29,360.0,829.6971056907007,0.9000009958981536,135192.1857769994,76.41860026410112
1781568005,10,GET,/api/load/cpu-heavy [GET],7.300000,0.000000,11,11,11,12,15,19,20,21,21,21,21,8492,10,730.0,1164.7328456821713,7.26743700215593,135192.1857769994,44.94700894959962
1781568005,10,GET,/api/load/memory-heavy [GET],3.000000,0.000000,5,5,7,7,10,10,10,10,10,10,10,4203,8,370.0,774.500280670918,1.5872470030444674,19844.133311002224,51.90102307875327
1781568005,10,GET,/api/products [GET],7.900000,0.000000,2,2,2,2,3,3,3,4,4,4,4,8527,11,160.0,521.5038603152146,0.9000009958981536,36473.63180299726,119.84519760759939
1781568005,10,,Aggregated,18.200000,0.000000,3,7,10,10,11,12,17,20,21,21,21,21222,29,350.0,828.9981821741874,0.9000009958981536,135192.1857769994,76.41833945905192
1781568006,10,GET,/api/load/cpu-heavy [GET],6.800000,0.000000,11,11,11,12,15,19,20,21,21,21,21,8496,10,730.0,1164.1893040082405,7.26743700215593,135192.1857769994,44.94703389830509
1781568006,10,GET,/api/load/memory-heavy [GET],2.800000,0.000000,5,7,7,8,10,11,12,12,12,12,12,4209,8,370.0,773.4073533867586,1.5872470030444674,19844.133311002224,51.90116417201236
1781568006,10,GET,/api/products [GET],8.500000,0.000000,2,2,2,2,2,3,3,4,4,4,4,8535,11,160.0,521.0169173354227,0.9000009958981536,36473.63180299726,119.84534270650263
1781568006,10,,Aggregated,18.100000,0.000000,4,9,10,10,11,12,17,20,21,21,21,21240,29,350.0,828.3005304480515,0.9000009958981536,135192.1857769994,76.42193973634652
1781568007,10,GET,/api/load/cpu-heavy [GET],6.000000,0.000000,11,11,11,13,17,19,21,21,21,21,21,8504,10,730.0,1163.105259478601,7.26743700215593,135192.1857769994,44.94708372530574
1781568007,10,GET,/api/load/memory-heavy [GET],2.900000,0.000000,5,7,7,8,10,11,12,12,12,12,12,4211,8,370.0,773.0424017993023,1.5872470030444674,19844.133311002224,51.9012111137497
1781568007,10,GET,/api/products [GET],9.300000,0.000000,2,2,2,2,3,3,4,4,4,4,4,8545,11,160.0,520.4096047614789,0.9000009958981536,36473.63180299726,119.84552369806904
1781568007,10,,Aggregated,18.200000,0.000000,3,7,10,10,11,15,19,20,21,21,21,21260,29,350.0,827.5272226373298,0.9000009958981536,135192.1857769994,76.42831608654751
1781568008,10,GET,/api/load/cpu-heavy [GET],5.400000,0.000000,11,11,12,13,17,19,20,21,21,21,21,8511,10,720.0,1162.1577626066307,7.26743700215593,135192.1857769994,44.947127247092
1781568008,10,GET,/api/load/memory-heavy [GET],3.500000,0.000000,5,6,7,7,10,11,12,12,12,12,12,4215,8,370.0,772.3135337655683,1.5872470030444674,19844.133311002224,51.901304863582446
1781568008,10,GET,/api/products [GET],9.000000,0.000000,2,2,2,2,2,3,4,4,4,4,4,8547,11,160.0,520.2882077666827,0.9000009958981536,36473.63180299726,119.84555984555985
1781568008,10,,Aggregated,17.900000,0.000000,4,9,10,10,11,15,19,20,21,21,21,21273,29,350.0,827.0262574224906,0.9000009958981536,135192.1857769994,76.41747755370658
1781568009,10,GET,/api/load/cpu-heavy [GET],5.800000,0.000000,10,11,11,12,15,17,19,21,21,21,21,8518,10,720.0,1161.2111990068145,7.26743700215593,135192.1857769994,44.94717069734679
1781568009,10,GET,/api/load/memory-heavy [GET],3.400000,0.000000,5,6,7,7,10,11,12,12,12,12,12,4221,8,370.0,771.2243402328512,1.5872470030444674,19844.133311002224,51.901445155176496
1781568009,10,GET,/api/products [GET],8.900000,0.000000,2,2,2,2,2,3,4,4,4,4,4,8554,11,160.0,519.8640911922885,0.9000009958981536,36473.63180299726,119.84568622866495
1781568009,10,,Aggregated,18.100000,0.000000,4,7,10,10,11,13,17,19,21,21,21,21293,29,350.0,826.2552185845885,0.9000009958981536,135192.1857769994,76.41459634621707
1781568010,10,GET,/api/load/cpu-heavy [GET],5.600000,0.000000,10,11,11,11,15,17,17,19,19,19,19,8524,10,720.0,1160.401546060304,7.26743700215593,135192.1857769994,44.94720788362271
1781568010,10,GET,/api/load/memory-heavy [GET],3.500000,0.000000,5,6,7,7,10,11,12,12,12,12,12,4228,8,370.0,769.9573319086725,1.5872470030444674,19844.133311002224,51.90160832544939
1781568010,10,GET,/api/products [GET],8.600000,0.000000,2,2,2,2,2,3,4,4,4,4,4,8559,11,160.0,519.5614885563538,0.9000009958981536,36473.63180299726,119.84577637574483
1781568010,10,,Aggregated,17.700000,0.000000,5,7,10,10,11,12,16,17,19,19,19,21311,29,350.0,825.5628153761734,0.9000009958981536,135192.1857769994,76.40795833137817
1781568011,10,GET,/api/load/cpu-heavy [GET],5.800000,0.000000,10,11,11,12,15,17,17,19,19,19,19,8537,10,720.0,1158.6523967574126,7.26743700215593,135192.1857769994,44.94728827456952
1781568011,10,GET,/api/load/memory-heavy [GET],3.100000,0.000000,5,6,7,7,9,11,12,12,12,12,12,4229,8,370.0,769.7765287878608,1.5872470030444674,19844.133311002224,51.901631591392764
1781568011,10,GET,/api/products [GET],8.500000,0.000000,2,2,2,2,2,3,3,4,4,4,4,8563,11,160.0,519.319553207735,0.9000009958981536,36473.63180299726,119.84584841761065
1781568011,10,,Aggregated,17.400000,0.000000,5,9,10,10,11,14,17,17,19,19,19,21329,29,350.0,824.8738236897946,0.9000009958981536,135192.1857769994,76.39584603122509
1781568012,10,GET,/api/load/cpu-heavy [GET],5.700000,0.000000,11,11,11,12,14,17,17,19,19,19,19,8541,10,720.0,1158.1154265203184,7.26743700215593,135192.1857769994,44.94731296101159
1781568012,10,GET,/api/load/memory-heavy [GET],3.800000,0.000000,5,6,7,7,9,10,12,12,12,12,12,4235,8,360.0,768.6952123862719,1.5872470030444674,19844.133311002224,51.90177095631641
1781568012,10,GET,/api/products [GET],8.400000,0.000000,2,2,2,2,3,3,4,4,4,4,4,8570,11,160.0,518.8970644485208,0.9000009958981536,36473.63180299726,119.84597432905484
1781568012,10,,Aggregated,17.900000,0.000000,5,9,10,10,11,13,17,17,19,19,19,21346,29,350.0,824.2216773489002,0.9000009958981536,135192.1857769994,76.39740466597958
1781568013,10,GET,/api/load/cpu-heavy [GET],6.100000,0.000000,11,11,11,11,14,17,17,19,19,19,19,8549,10,710.0,1157.0413755661502,7.26743700215593,135192.1857769994,44.94736226459235
1781568013,10,GET,/api/load/memory-heavy [GET],4.000000,0.000000,5,6,7,7,9,11,12,12,12,12,12,4238,8,360.0,768.1546878057732,1.5872470030444674,19844.133311002224,51.90184049079755
1781568013,10,GET,/api/products [GET],8.200000,0.000000,2,2,2,2,3,3,4,15,15,15,15,8576,11,160.0,518.5370393264722,0.9000009958981536,36473.63180299726,119.84608208955224
1781568013,10,,Aggregated,18.300000,0.000000,6,10,10,11,11,13,17,17,19,19,19,21363,29,350.0,823.5715927491271,0.9000009958981536,135192.1857769994,76.39446706923185
1781568014,10,GET,/api/load/cpu-heavy [GET],6.500000,0.000000,11,11,11,11,14,17,17,19,19,19,19,8555,10,710.0,1156.237427442667,7.26743700215593,135192.1857769994,44.94739918176505
1781568014,10,GET,/api/load/memory-heavy [GET],4.200000,0.000000,5,6,7,7,9,11,12,12,12,12,12,4241,8,360.0,767.6158280608015,1.5872470030444674,19844.133311002224,51.90190992690403
1781568014,10,GET,/api/products [GET],7.500000,0.000000,2,2,2,2,3,4,4,15,15,15,15,8585,11,160.0,517.9954490512308,0.9000009958981536,36473.63180299726,119.8462434478742
1781568014,10,,Aggregated,18.200000,0.000000,6,10,10,11,11,13,17,17,19,19,19,21381,29,340.0,822.8829731388888,0.9000009958981536,135192.1857769994,76.40058930826434
1781568015,10,GET,/api/load/cpu-heavy [GET],6.400000,0.000000,11,11,11,11,14,17,17,19,19,19,19,8561,10,710.0,1155.434572809487,7.26743700215593,135192.1857769994,44.94743604719075
1781568015,10,GET,/api/load/memory-heavy [GET],4.500000,0.000000,5,6,7,7,8,10,11,11,11,11,11,4244,8,360.0,767.0767130020871,1.5872470030444674,19844.133311002224,51.901979264844485
1781568015,10,GET,/api/products [GET],7.300000,0.000000,2,2,2,2,3,3,4,15,15,15,15,8595,11,160.0,517.3948863705415,0.9000009958981536,36473.63180299726,119.84642233856894
1781568015,10,,Aggregated,18.200000,0.000000,6,10,10,11,11,13,17,17,19,19,19,21400,29,340.0,822.1569157082978,0.9000009958981536,135192.1857769994,76.40873831775701
1781568016,10,GET,/api/load/cpu-heavy [GET],6.600000,0.000000,11,11,11,11,13,17,17,17,17,17,17,8563,10,710.0,1155.1672294083864,7.26743700215593,135192.1857769994,44.94744832418545
1781568016,10,GET,/api/load/memory-heavy [GET],4.100000,0.000000,5,6,6,7,8,8,10,10,10,10,10,4251,8,360.0,765.8229375189035,1.5872470030444674,19844.133311002224,51.90214067278288
1781568016,10,GET,/api/products [GET],6.900000,0.000000,2,2,2,2,3,4,4,15,15,15,15,8598,11,160.0,517.2151701986282,0.9000009958981536,36473.63180299726,119.84647592463364
1781568016,10,,Aggregated,17.600000,0.000000,6,10,10,11,11,13,15,17,17,17,17,21412,29,340.0,821.699342713645,0.9000009958981536,135192.1857769994,76.40393237436952
1781568017,10,GET,/api/load/cpu-heavy [GET],7.100000,0.000000,11,11,11,11,13,14,17,17,17,17,17,8572,10,710.0,1153.965406111645,7.26743700215593,135192.1857769994,44.94750349976668
1781568017,10,GET,/api/load/memory-heavy [GET],4.000000,0.000000,5,6,7,7,8,9,11,11,11,11,11,4256,8,360.0,764.9309300025487,1.5872470030444674,19844.133311002224,51.902255639097746
1781568017,10,GET,/api/products [GET],6.600000,0.000000,2,2,2,2,3,3,4,15,15,15,15,8607,11,160.0,516.6766971231322,0.9000009958981536,36473.63180299726,119.84663645869641
1781568017,10,,Aggregated,17.700000,0.000000,6,10,10,11,11,13,14,17,17,17,17,21435,29,340.0,820.8245314401007,0.9000009958981536,135192.1857769994,76.40335899230232
1781568018,10,GET,/api/load/cpu-heavy [GET],6.800000,0.000000,11,11,11,11,13,14,17,17,17,17,17,8580,10,710.0,1152.8989485442924,7.26743700215593,135192.1857769994,44.94755244755245
1781568018,10,GET,/api/load/memory-heavy [GET],4.200000,0.000000,6,6,7,7,8,10,11,11,11,11,11,4258,8,360.0,764.5751970107675,1.5872470030444674,19844.133311002224,51.90230155002349
1781568018,10,GET,/api/products [GET],6.500000,0.000000,2,2,2,2,3,3,4,15,15,15,15,8614,11,150.0,516.2583222611789,0.9000009958981536,36473.63180299726,119.84676108660321
1781568018,10,,Aggregated,17.500000,0.000000,6,10,10,10,11,13,14,17,17,17,17,21452,29,340.0,820.1791607001471,0.9000009958981536,135192.1857769994,76.40359873205296
1781568019,10,GET,/api/load/cpu-heavy [GET],6.600000,0.000000,10,11,11,11,13,13,17,17,17,17,17,8587,10,700.0,1151.9674398681752,7.26743700215593,135192.1857769994,44.94759520204961
1781568019,10,GET,/api/load/memory-heavy [GET],4.500000,0.000000,6,6,7,8,10,10,11,11,11,11,11,4262,8,360.0,763.8653951972874,1.5872470030444674,19844.133311002224,51.9023932426091
1781568019,10,GET,/api/products [GET],6.200000,0.000000,2,2,2,2,3,3,4,15,15,15,15,8622,11,150.0,515.7811269973071,0.9000009958981536,36473.63180299726,119.84690327070285
1781568019,10,,Aggregated,17.300000,0.000000,6,10,10,11,11,13,14,17,17,17,17,21471,29,340.0,819.4589724488628,0.9000009958981536,135192.1857769994,76.40505798518933
1781568020,10,GET,/api/load/cpu-heavy [GET],6.800000,0.000000,10,11,11,11,12,13,13,14,14,14,14,8594,10,700.0,1151.037643360603,7.26743700215593,135192.1857769994,44.94763788689784
1781568020,10,GET,/api/load/memory-heavy [GET],4.200000,0.000000,6,7,7,8,10,10,11,11,11,11,11,4266,8,360.0,763.1548242596896,1.5872470030444674,19844.133311002224,51.90248476324426
1781568020,10,GET,/api/products [GET],6.500000,0.000000,2,2,2,2,3,3,4,15,15,15,15,8628,11,150.0,515.4235194073686,0.9000009958981536,36473.63180299726,119.8470097357441
1781568020,10,,Aggregated,17.500000,0.000000,6,10,10,10,11,12,13,14,15,15,15,21488,29,340.0,818.8156232678483,0.9000009958981536,135192.1857769994,76.40245718540581
1781568021,10,GET,/api/load/cpu-heavy [GET],6.600000,0.000000,10,11,11,11,11,12,13,13,13,13,13,8602,10,700.0,1149.9764280738223,7.26743700215593,135192.1857769994,44.94768658451523
1781568021,10,GET,/api/load/memory-heavy [GET],4.500000,0.000000,6,6,7,8,10,10,11,11,11,11,11,4269,8,360.0,762.6217681056062,1.5872470030444674,19844.133311002224,51.90255329116889
1781568021,10,GET,/api/products [GET],6.700000,0.000000,2,2,2,2,3,3,3,15,15,15,15,8634,11,150.0,515.0668368365514,0.9000009958981536,36473.63180299726,119.84711605281446
1781568021,10,,Aggregated,17.800000,0.000000,5,10,10,10,11,11,13,13,15,15,15,21505,29,340.0,818.1732914010943,0.9000009958981536,135192.1857769994,76.39953499186235
1781568022,10,GET,/api/load/cpu-heavy [GET],6.800000,0.000000,10,11,11,11,12,13,13,13,13,13,13,8614,10,700.0,1148.389192406201,7.26743700215593,135192.1857769994,44.947759461342
1781568022,10,GET,/api/load/memory-heavy [GET],3.900000,0.000000,6,7,8,8,10,11,12,12,12,12,12,4272,8,360.0,762.0913214559532,1.5872470030444674,19844.133311002224,51.90262172284644
1781568022,10,GET,/api/products [GET],6.800000,0.000000,2,2,2,3,3,3,5,15,15,15,15,8637,11,150.0,514.8890415756381,0.9000009958981536,36473.63180299726,119.84716915595693
1781568022,10,,Aggregated,17.500000,0.000000,6,10,10,10,11,12,13,13,15,15,15,21523,29,340.0,817.4964122443673,0.9000009958981536,135192.1857769994,76.3847047344701
1781568023,10,GET,/api/load/cpu-heavy [GET],6.500000,0.000000,10,11,11,11,12,13,16,75,75,75,75,8623,10,690.0,1147.2098920557842,7.26743700215593,135192.1857769994,44.947813985851795
1781568023,10,GET,/api/load/memory-heavy [GET],3.800000,0.000000,5,7,8,8,10,11,12,12,12,12,12,4273,8,360.0,761.914208671385,1.5872470030444674,19844.133311002224,51.90264451205242
1781568023,10,GET,/api/products [GET],7.000000,0.000000,2,2,2,3,3,3,3,5,5,5,5,8647,11,150.0,514.2958687645195,0.9000009958981536,36473.63180299726,119.84734590031225
1781568023,10,,Aggregated,17.300000,0.000000,6,10,10,10,11,12,13,16,75,75,75,21543,29,340.0,816.7463533424567,0.9000009958981536,135192.1857769994,76.39070695817666
1781568024,10,GET,/api/load/cpu-heavy [GET],6.600000,0.000000,10,11,11,11,12,13,16,75,75,75,75,8633,10,690.0,1145.8928875189438,7.26743700215593,135192.1857769994,44.94787443530638
1781568024,10,GET,/api/load/memory-heavy [GET],3.800000,0.000000,6,7,8,8,10,11,12,12,12,12,12,4276,8,350.0,761.3845277162811,1.5872470030444674,19844.133311002224,51.902712815715624
1781568024,10,GET,/api/products [GET],6.900000,0.000000,2,2,2,3,3,3,3,5,5,5,5,8650,11,150.0,514.1180144313063,0.9000009958981536,36473.63180299726,119.84739884393063
1781568024,10,,Aggregated,17.300000,0.000000,7,10,10,10,11,12,13,16,75,75,75,21559,29,340.0,816.1461275243075,0.9000009958981536,135192.1857769994,76.37882091006077
1781568025,10,GET,/api/load/cpu-heavy [GET],7.200000,0.000000,10,11,11,11,12,13,16,75,75,75,75,8642,10,690.0,1144.710482519907,7.26743700215593,135192.1857769994,44.947928720203656
1781568025,10,GET,/api/load/memory-heavy [GET],3.400000,0.000000,6,7,8,10,10,11,12,12,12,12,12,4281,8,350.0,760.5021092952137,1.5872470030444674,19844.133311002224,51.90282644241999
1781568025,10,GET,/api/products [GET],6.800000,0.000000,2,2,2,2,3,3,3,5,5,5,5,8655,11,150.0,513.822094821352,0.9000009958981536,36473.63180299726,119.8474870017331
1781568025,10,,Aggregated,17.400000,0.000000,9,10,10,10,11,12,13,16,75,75,75,21578,29,330.0,815.4336708920445,0.9000009958981536,135192.1857769994,76.37019186208175
1781568026,10,GET,/api/load/cpu-heavy [GET],7.600000,0.000000,10,11,11,11,12,12,16,75,75,75,75,8651,10,690.0,1143.5305117729781,7.26743700215593,135192.1857769994,44.947982892151195
1781568026,10,GET,/api/load/memory-heavy [GET],3.400000,0.000000,5,7,8,8,10,10,12,12,12,12,12,4286,8,350.0,759.6207975169871,1.5872470030444674,19844.133311002224,51.902939804013066
1781568026,10,GET,/api/products [GET],6.600000,0.000000,2,2,2,2,3,3,3,5,5,5,5,8659,11,150.0,513.5856495441527,0.9000009958981536,36473.63180299726,119.84755745467145
1781568026,10,,Aggregated,17.600000,0.000000,9,10,10,10,11,12,13,16,75,75,75,21596,29,330.0,814.7599247503496,0.9000009958981536,135192.1857769994,76.35955732543063
1781568027,10,GET,/api/load/cpu-heavy [GET],7.800000,0.000000,10,11,11,11,12,13,16,75,75,75,75,8656,10,690.0,1142.876058929186,7.26743700215593,135192.1857769994,44.94801293900185
1781568027,10,GET,/api/load/memory-heavy [GET],3.600000,0.000000,5,7,8,10,10,10,12,12,12,12,12,4287,8,350.0,759.4454107202714,1.5872470030444674,19844.133311002224,51.90296244459995
1781568027,10,GET,/api/products [GET],6.100000,0.000000,2,2,2,2,3,3,4,5,5,5,5,8667,11,150.0,513.1135808912911,0.9000009958981536,36473.63180299726,119.84769816545517
1781568027,10,,Aggregated,17.500000,0.000000,9,10,10,11,11,12,13,16,75,75,75,21610,29,330.0,814.2356801218673,0.9000009958981536,135192.1857769994,76.36732993984266
1781568028,10,GET,/api/load/cpu-heavy [GET],8.300000,0.000000,10,11,11,11,12,12,16,75,75,75,75,8669,10,690.0,1141.1772212400558,7.26743700215593,135192.1857769994,44.94809089860422
1781568028,10,GET,/api/load/memory-heavy [GET],3.500000,0.000000,5,6,7,7,10,10,12,12,12,12,12,4289,8,350.0,759.093379693823,1.5872470030444674,19844.133311002224,51.90300769410119
1781568028,10,GET,/api/products [GET],6.100000,0.000000,2,2,2,2,3,3,4,5,5,5,5,8672,11,150.0,512.818791104454,0.9000009958981536,36473.63180299726,119.84778597785977
1781568028,10,,Aggregated,17.900000,0.000000,9,10,10,10,11,12,13,16,75,75,75,21630,29,330.0,813.4896621772797,0.9000009958981536,135192.1857769994,76.35631067961165
1781568029,10,GET,/api/load/cpu-heavy [GET],8.500000,0.000000,10,11,11,11,12,14,16,75,75,75,75,8676,10,680.0,1140.2661438764462,7.26743700215593,135192.1857769994,44.948132780082986
1781568029,10,GET,/api/load/memory-heavy [GET],3.200000,0.000000,5,5,6,7,10,10,12,12,12,12,12,4292,8,350.0,758.5659475609979,1.5872470030444674,19844.133311002224,51.90307548928239
1781568029,10,GET,/api/products [GET],6.000000,0.000000,2,2,2,2,3,3,4,5,5,5,5,8679,11,150.0,512.4066325682492,0.9000009958981536,36473.63180299726,119.84790874524715
1781568029,10,,Aggregated,17.700000,0.000000,9,10,10,11,11,12,14,16,75,75,75,21647,29,330.0,812.8558818895724,0.9000009958981536,135192.1857769994,76.35690857855592
1781568030,10,GET,/api/load/cpu-heavy [GET],8.500000,0.000000,10,11,11,11,12,14,16,75,75,75,75,8682,10,680.0,1139.4850928971498,7.26743700215593,135192.1857769994,44.948168624740845
1781568030,10,GET,/api/load/memory-heavy [GET],3.100000,0.000000,5,6,6,7,10,10,12,12,12,12,12,4295,8,350.0,758.0404942486155,1.5872470030444674,19844.133311002224,51.90314318975553
1781568030,10,GET,/api/products [GET],5.900000,0.000000,2,2,2,2,3,3,4,5,5,5,5,8690,11,150.0,511.76017967466476,0.9000009958981536,36473.63180299726,119.84810126582279
1781568030,10,,Aggregated,17.500000,0.000000,9,10,10,11,11,12,14,16,75,75,75,21667,29,330.0,812.110096492527,0.9000009958981536,135192.1857769994,76.36700973831172
1781568031,10,GET,/api/load/cpu-heavy [GET],8.900000,0.000000,10,11,11,11,12,14,16,75,75,75,75,8690,10,680.0,1138.4456760752669,7.26743700215593,135192.1857769994,44.94821634062141
1781568031,10,GET,/api/load/memory-heavy [GET],2.900000,0.000000,5,6,6,7,10,10,12,12,12,12,12,4300,8,350.0,757.1641587901863,1.5872470030444674,19844.133311002224,51.903255813953486
1781568031,10,GET,/api/products [GET],6.000000,0.000000,2,2,2,2,3,3,3,4,4,4,4,8695,11,150.0,511.4669198710572,0.9000009958981536,36473.63180299726,119.84818861414607
1781568031,10,,Aggregated,17.800000,0.000000,9,10,10,11,12,12,14,16,75,75,75,21685,29,330.0,811.4412578358583,0.9000009958981536,135192.1857769994,76.35988010145262
1781568032,10,GET,/api/load/cpu-heavy [GET],8.800000,0.000000,10,11,11,11,12,14,16,75,75,75,75,8698,10,680.0,1137.408157532084,7.26743700215593,135192.1857769994,44.94826396872844
1781568032,10,GET,/api/load/memory-heavy [GET],3.000000,0.000000,5,6,6,6,8,10,10,10,10,10,10,4305,8,350.0,756.2914278986791,1.5872470030444674,19844.133311002224,51.903368176538905
1781568032,10,GET,/api/products [GET],6.200000,0.000000,2,2,2,2,3,3,3,4,4,4,4,8701,11,150.0,511.1154105387703,0.9000009958981536,36473.63180299726,119.84829329962074
1781568032,10,,Aggregated,18.000000,0.000000,7,10,10,10,11,12,14,16,75,75,75,21704,29,330.0,810.7365434212858,0.9000009958981536,135192.1857769994,76.3547733136749
1781568033,10,GET,/api/load/cpu-heavy [GET],8.800000,0.000000,10,11,11,11,12,13,14,15,15,15,15,8702,10,680.0,1136.890092838896,7.26743700215593,135192.1857769994,44.948287749942544
1781568033,10,GET,/api/load/memory-heavy [GET],3.300000,0.000000,5,5,6,6,8,10,10,10,10,10,10,4313,8,340.0,754.897462483144,1.5872470030444674,19844.133311002224,51.903547414792484
1781568033,10,GET,/api/products [GET],6.100000,0.000000,2,2,2,2,2,3,4,4,4,4,4,8710,11,150.0,510.5894973416572,0.9000009958981536,36473.63180299726,119.84845005740529
1781568033,10,,Aggregated,18.200000,0.000000,5,10,10,10,11,12,13,14,15,15,15,21725,29,330.0,809.9574161297846,0.9000009958981536,135192.1857769994,76.35811277330265
1781568034,10,GET,/api/load/cpu-heavy [GET],8.900000,0.000000,10,11,11,11,12,13,14,15,15,15,15,8712,10,670.0,1135.5966324519138,7.26743700215593,135192.1857769994,44.94834710743802
1781568034,10,GET,/api/load/memory-heavy [GET],3.100000,0.000000,5,5,6,6,8,8,10,10,10,10,10,4317,8,340.0,754.2035239619634,1.5872470030444674,19844.133311002224,51.90363678480426
1781568034,10,GET,/api/products [GET],6.300000,0.000000,2,2,2,2,3,3,4,4,4,4,4,8717,11,150.0,510.18126852103063,0.9000009958981536,36473.63180299726,119.84857175633819
1781568034,10,,Aggregated,18.300000,0.000000,5,9,10,10,11,12,13,14,15,15,15,21746,29,320.0,809.1816698502051,0.9000009958981536,135192.1857769994,76.35326036972317
1781568035,10,GET,/api/load/cpu-heavy [GET],8.200000,0.000000,10,11,11,11,12,15,17,19,19,19,19,8722,10,670.0,1134.3090031605216,7.26743700215593,135192.1857769994,44.948406328823665
1781568035,10,GET,/api/load/memory-heavy [GET],3.700000,0.000000,5,5,6,6,8,9,10,10,10,10,10,4318,8,340.0,754.0309712635018,1.5872470030444674,19844.133311002224,51.90365910143585
1781568035,10,GET,/api/products [GET],6.500000,0.000000,2,2,2,2,3,3,4,4,4,4,4,8721,11,150.0,509.9482051014599,0.9000009958981536,36473.63180299726,119.84864121087031
1781568035,10,,Aggregated,18.400000,0.000000,5,10,10,10,11,12,15,17,19,19,19,21761,29,320.0,808.6304469542558,0.9000009958981536,135192.1857769994,76.3457561692937
1781568036,10,GET,/api/load/cpu-heavy [GET],8.000000,0.000000,10,11,11,11,12,15,17,19,19,19,19,8730,10,670.0,1133.2791391694243,7.26743700215593,135192.1857769994,44.94845360824742
1781568036,10,GET,/api/load/memory-heavy [GET],4.200000,0.000000,5,5,6,6,8,9,10,10,10,10,10,4322,8,340.0,753.3376709333164,1.5872470030444674,19844.133311002224,51.903748264692275
1781568036,10,GET,/api/products [GET],6.300000,0.000000,2,2,2,2,2,3,4,4,4,4,4,8730,11,140.0,509.4244159844026,0.9000009958981536,36473.63180299726,119.8487972508591
1781568036,10,,Aggregated,18.500000,0.000000,5,10,10,10,11,12,15,17,19,19,19,21782,29,320.0,807.856369950719,0.9000009958981536,135192.1857769994,76.34781011844642
1781568037,10,GET,/api/load/cpu-heavy [GET],7.900000,0.000000,10,11,11,11,13,15,17,19,19,19,19,8739,10,670.0,1132.1228936952837,7.26743700215593,135192.1857769994,44.94850669412976
1781568037,10,GET,/api/load/memory-heavy [GET],4.000000,0.000000,5,5,6,6,8,10,11,11,11,11,11,4328,8,340.0,752.3022741968111,1.5872470030444674,19844.133311002224,51.90388170055453
1781568037,10,GET,/api/products [GET],6.600000,0.000000,2,2,2,2,2,3,4,4,4,4,4,8734,11,140.0,509.19198973355196,0.9000009958981536,36473.63180299726,119.84886649874055
1781568037,10,,Aggregated,18.500000,0.000000,5,10,10,10,11,12,15,17,19,19,19,21801,29,320.0,807.1588023053796,0.9000009958981536,135192.1857769994,76.33617723957617
1781568038,10,GET,/api/load/cpu-heavy [GET],8.200000,0.000000,10,11,11,11,12,15,17,19,19,19,19,8748,10,670.0,1130.968923867979,7.26743700215593,135192.1857769994,44.94855967078189
1781568038,10,GET,/api/load/memory-heavy [GET],3.700000,0.000000,5,5,6,6,9,10,11,11,11,11,11,4330,8,340.0,751.9582084706212,1.5872470030444674,19844.133311002224,51.903926096997694
1781568038,10,GET,/api/products [GET],6.900000,0.000000,2,2,2,2,2,3,4,4,4,4,4,8741,11,140.0,508.7857159646327,0.9000009958981536,36473.63180299726,119.84898753003088
1781568038,10,,Aggregated,18.800000,0.000000,5,10,10,11,11,12,15,17,19,19,19,21819,29,320.0,806.4985165187027,0.9000009958981536,135192.1857769994,76.3350291030753
1781568039,10,GET,/api/load/cpu-heavy [GET],7.900000,0.000000,10,11,11,11,12,17,19,31,31,31,31,8759,10,670.0,1129.563898400056,7.26743700215593,135192.1857769994,44.94862427217719
1781568039,10,GET,/api/load/memory-heavy [GET],4.000000,0.000000,5,5,6,6,9,10,12,12,12,12,12,4336,8,340.0,750.9261817142074,1.5872470030444674,19844.133311002224,51.904059040590404
1781568039,10,GET,/api/products [GET],7.000000,0.000000,2,2,2,2,2,3,4,4,4,4,4,8743,11,140.0,508.66972700879114,0.9000009958981536,36473.63180299726,119.8490220748027
1781568039,10,,Aggregated,18.900000,0.000000,6,10,10,11,11,12,17,19,31,31,31,21838,29,320.0,805.8048142337489,0.9000009958981536,135192.1857769994,76.31655829288397
1781568040,10,GET,/api/load/cpu-heavy [GET],7.800000,0.000000,10,11,11,11,12,13,19,31,31,31,31,8768,10,670.0,1128.415288107899,7.26743700215593,135192.1857769994,44.94867700729927
1781568040,10,GET,/api/load/memory-heavy [GET],4.200000,0.000000,5,5,6,6,10,11,12,12,12,12,12,4340,8,340.0,750.2384811096333,1.5872470030444674,19844.133311002224,51.90414746543779
1781568040,10,GET,/api/products [GET],6.600000,0.000000,2,2,2,2,2,3,4,4,4,4,4,8750,11,140.0,508.26414077838575,0.9000009958981536,36473.63180299726,119.84914285714285
1781568040,10,,Aggregated,18.600000,0.000000,6,10,10,11,11,12,17,19,31,31,31,21858,29,320.0,805.0732677260771,0.9000009958981536,135192.1857769994,76.31320340378808
1781568041,11,GET,/api/load/cpu-heavy [GET],8.000000,0.000000,10,11,11,11,12,17,19,31,31,31,31,8774,10,670.0,1127.6507344373217,7.26743700215593,135192.1857769994,44.94871210394347
1781568041,11,GET,/api/load/memory-heavy [GET],4.400000,0.000000,5,5,6,6,10,11,12,12,12,12,12,4342,8,340.0,749.8951796947965,1.5872470030444674,19844.133311002224,51.90419161676647
1781568041,11,GET,/api/products [GET],6.400000,0.000000,2,2,2,2,2,2,4,4,4,4,4,8762,11,140.0,507.57059908797913,0.9000009958981536,36473.63180299726,119.84934946359279
1781568041,11,,Aggregated,18.800000,0.000000,5,10,10,11,11,12,17,19,31,31,31,21878,29,310.0,804.3416218757014,0.9000009958981536,135192.1857769994,76.32635524270957
1781568042,13,GET,/api/load/cpu-heavy [GET],8.500000,0.000000,10,11,11,12,13,17,31,59,59,59,59,8787,10,660.0,1126.0047448019866,7.26743700215593,135192.1857769994,44.9487879822465
1781568042,13,GET,/api/load/memory-heavy [GET],4.500000,0.000000,5,5,6,8,10,12,12,12,12,12,12,4344,8,340.0,749.553874059117,1.5872470030444674,19844.133311002224,51.904235727440145
1781568042,13,GET,/api/products [GET],5.600000,0.000000,2,2,2,2,2,2,4,4,4,4,4,8774,11,140.0,506.87903809914167,0.9000009958981536,36473.63180299726,119.84955550490085
1781568042,13,,Aggregated,18.600000,0.000000,8,10,10,11,12,13,17,31,59,59,59,21905,29,310.0,803.3609861570226,0.9000009958981536,135192.1857769994,76.3294681579548
1781568043,15,GET,/api/load/cpu-heavy [GET],8.300000,0.000000,11,11,11,12,14,17,31,59,59,59,59,8800,10,660.0,1124.3587386161435,7.26743700215593,135192.1857769994,44.94886363636363
1781568043,15,GET,/api/load/memory-heavy [GET],4.100000,0.000000,5,6,7,9,11,12,75,75,75,75,75,4352,8,340.0,748.2050178377297,1.5872470030444674,19844.133311002224,51.904411764705884
1781568043,15,GET,/api/products [GET],6.600000,0.000000,2,2,2,2,2,4,8,43,43,43,43,8785,11,140.0,506.25221847306466,0.9000009958981536,36473.63180299726,119.84974388161639
1781568043,15,,Aggregated,19.000000,0.000000,8,10,11,11,12,15,19,43,75,75,75,21937,29,310.0,802.2049905063403,0.9000009958981536,135192.1857769994,76.32392761088572
1781568044,17,GET,/api/load/cpu-heavy [GET],8.400000,0.000000,10,11,11,12,14,17,110,110,110,110,110,8813,10,660.0,1122.7386646417872,7.26743700215593,135192.1857769994,44.948939067286965
1781568044,17,GET,/api/load/memory-heavy [GET],4.100000,0.000000,5,6,7,8,10,12,75,75,75,75,75,4360,8,330.0,746.842833252252,1.5872470030444674,19844.133311002224,51.904587155963306
1781568044,17,GET,/api/products [GET],7.000000,0.000000,2,2,2,2,2,4,8,43,43,43,43,8796,11,140.0,505.6217256799531,0.9000009958981536,36473.63180299726,119.84993178717599
1781568044,17,,Aggregated,19.500000,0.000000,7,10,10,11,12,15,43,75,110,110,110,21969,29,310.0,801.0550914264923,0.9000009958981536,135192.1857769994,76.31840320451545
1781568045,19,GET,/api/load/cpu-heavy [GET],9.400000,0.000000,10,11,11,12,14,18,110,110,110,110,110,8826,10,660.0,1121.10116810198,7.26743700215593,135192.1857769994,44.94901427600272
1781568045,19,GET,/api/load/memory-heavy [GET],3.900000,0.000000,5,7,8,9,10,12,75,75,75,75,75,4364,8,330.0,746.1653895760365,1.5872470030444674,19844.133311002224,51.90467461044913
1781568045,19,GET,/api/products [GET],7.300000,0.000000,2,2,2,2,3,4,8,43,43,43,43,8815,11,140.0,504.53636407610367,0.9000009958981536,36473.63180299726,119.85025524673851
1781568045,19,,Aggregated,20.600000,0.000000,7,10,10,11,12,14,43,75,110,110,110,22005,29,310.0,799.7542703525828,0.9000009958981536,135192.1857769994,76.33319700068166
1781568046,21,GET,/api/load/cpu-heavy [GET],9.800000,0.000000,11,11,12,12,14,18,59,110,110,110,110,8837,10,650.0,1119.7202804373753,7.26743700215593,135192.1857769994,44.94907774131492
1781568046,21,GET,/api/load/memory-heavy [GET],3.900000,0.000000,5,7,7,8,10,12,75,75,75,75,75,4369,8,330.0,745.31757639067,1.5872470030444674,19844.133311002224,51.904783703364615
1781568046,21,GET,/api/products [GET],8.100000,0.000000,2,2,2,2,3,4,8,43,43,43,43,8829,11,140.0,503.73945183722435,0.9000009958981536,36473.63180299726,119.8504926945294
1781568046,21,,Aggregated,21.800000,0.000000,7,10,10,11,12,14,43,75,110,110,110,22035,29,310.0,798.6737567391245,0.9000009958981536,135192.1857769994,76.33977762650329
1781568047,23,GET,/api/load/cpu-heavy [GET],10.200000,0.000000,10,11,12,12,16,20,110,110,110,110,110,8855,10,650.0,1117.4799028379532,7.26743700215593,135192.1857769994,44.949181253529076
1781568047,23,GET,/api/load/memory-heavy [GET],4.400000,0.000000,6,7,7,8,10,12,18,75,75,75,75,4382,8,330.0,743.1269104280792,1.5872470030444674,19844.133311002224,51.90506617982656
1781568047,23,GET,/api/products [GET],8.900000,0.000000,2,2,2,2,3,4,6,8,43,43,43,8842,11,140.0,503.0014890282567,0.9000009958981536,36473.63180299726,119.85071250848225
1781568047,23,,Aggregated,23.500000,0.000000,6,10,10,11,12,18,43,110,110,110,110,22079,29,300.0,797.1015819155575,0.9000009958981536,135192.1857769994,76.32560351465193
1781568048,25,GET,/api/load/cpu-heavy [GET],10.300000,0.000000,11,12,13,15,20,110,110,240,300,300,300,8872,10,650.0,1115.4450426664882,7.26743700215593,135192.1857769994,44.94927862939585
1781568048,25,GET,/api/load/memory-heavy [GET],4.500000,0.000000,6,7,8,9,13,77,99,150,150,150,150,4393,8,330.0,741.3539376268724,1.5872470030444674,19844.133311002224,51.90530389255634
1781568048,25,GET,/api/products [GET],9.400000,0.000000,2,2,2,2,3,5,14,43,44,44,44,8855,11,140.0,502.27224383905616,0.9000009958981536,36473.63180299726,119.85093167701864
1781568048,25,,Aggregated,24.200000,0.000000,7,10,11,11,15,43,110,150,300,300,300,22120,29,300.0,795.6879288303161,0.9000009958981536,135192.1857769994,76.31509945750452
1781568049,27,GET,/api/load/cpu-heavy [GET],11.300000,0.000000,11,12,14,15,20,66,110,240,300,300,300,8892,10,640.0,1112.9667996536307,7.26743700215593,135192.1857769994,44.949392712550605
1781568049,27,GET,/api/load/memory-heavy [GET],5.000000,0.000000,6,7,8,9,13,77,99,150,150,150,150,4398,8,330.0,740.5177194065159,1.5872470030444674,19844.133311002224,51.90541155070487
1781568049,27,GET,/api/products [GET],10.500000,0.000000,2,2,2,2,3,5,14,43,44,44,44,8879,11,130.0,500.9201905671631,0.9000009958981536,36473.63180299726,119.85133460975335
1781568049,27,,Aggregated,26.800000,0.000000,6,10,10,11,15,32,110,110,300,300,300,22169,29,300.0,793.9450622272361,0.9000009958981536,135192.1857769994,76.32865713383553
1781568050,29,GET,/api/load/cpu-heavy [GET],12.500000,0.000000,11,12,14,15,20,66,110,240,300,300,300,8909,10,640.0,1110.8679867750684,7.26743700215593,135192.1857769994,44.94948928050286
1781568050,29,GET,/api/load/memory-heavy [GET],5.700000,0.000000,6,7,8,9,12,75,99,150,150,150,150,4407,8,320.0,739.0168384447145,1.5872470030444674,19844.133311002224,51.905604719764014
1781568050,29,GET,/api/products [GET],11.200000,0.000000,2,2,2,2,3,5,14,43,44,44,44,8908,11,130.0,499.295758935543,0.9000009958981536,36473.63180299726,119.85181859003143
1781568050,29,,Aggregated,29.400000,0.000000,6,10,10,11,15,20,99,110,300,300,300,22224,29,300.0,791.9949928816861,0.9000009958981536,135192.1857769994,76.35182685385169
1781568051,30,GET,/api/load/cpu-heavy [GET],13.000000,0.000000,11,12,14,15,20,66,110,240,300,300,300,8927,10,640.0,1108.6627924650059,7.26743700215593,135192.1857769994,44.949591128038534
1781568051,30,GET,/api/load/memory-heavy [GET],6.200000,0.000000,6,7,7,8,10,75,99,150,150,150,150,4420,8,320.0,736.8589697667036,1.5872470030444674,19844.133311002224,51.90588235294118
1781568051,30,GET,/api/products [GET],12.300000,0.000000,2,2,2,2,3,6,27,44,83,83,83,8927,11,130.0,498.24861657228735,0.9000009958981536,36473.63180299726,119.8521339755797
1781568051,30,,Aggregated,31.500000,0.000000,6,10,11,11,15,22,110,110,300,300,300,22274,29,290.0,790.2404056229045,0.9000009958981536,135192.1857769994,76.34951064020831
1781568052,32,GET,/api/load/cpu-heavy [GET],13.100000,0.000000,11,12,14,16,23,110,110,240,300,300,300,8949,10,630.0,1105.9957212869713,7.26743700215593,135192.1857769994,44.949715051961114
1781568052,32,GET,/api/load/memory-heavy [GET],6.600000,0.000000,6,7,7,8,9,15,99,150,150,150,150,4437,8,320.0,734.0597035525856,1.5872470030444674,19844.133311002224,51.906242956952894
1781568052,32,GET,/api/products [GET],15.000000,0.000000,2,2,2,2,4,6,27,63,83,83,83,8943,11,130.0,497.3702414658169,0.9000009958981536,36473.63180299726,119.85239852398524
1781568052,32,,Aggregated,34.700000,0.000000,6,10,10,11,16,27,110,110,300,300,300,22329,29,290.0,788.3273180119378,0.9000009958981536,135192.1857769994,76.33136280173765
1781568053,34,GET,/api/load/cpu-heavy [GET],14.500000,0.000000,11,12,14,15,21,66,110,240,300,300,300,8977,10,620.0,1102.5861885485242,7.26743700215593,135192.1857769994,44.949871894842374
1781568053,34,GET,/api/load/memory-heavy [GET],7.300000,0.000000,5,6,7,8,10,17,99,150,150,150,150,4448,8,310.0,732.2620789657892,1.5872470030444674,19844.133311002224,51.906474820143885
1781568053,34,GET,/api/products [GET],15.500000,0.000000,2,2,2,2,4,8,27,63,83,83,83,8972,11,130.0,495.77127925822936,0.8640199957881123,36473.63180299726,119.85287561301828
1781568053,34,,Aggregated,37.300000,0.000000,6,10,10,11,15,23,86,110,300,300,300,22397,29,280.0,785.9569522411302,0.8640199957881123,135192.1857769994,76.3367861767201
1781568054,36,GET,/api/load/cpu-heavy [GET],15.600000,0.000000,11,13,15,18,26,86,130,240,300,300,300,9006,10,620.0,1099.1198052478446,7.26743700215593,135192.1857769994,44.950033311125914
1781568054,36,GET,/api/load/memory-heavy [GET],8.600000,0.000000,6,7,8,8,12,23,99,150,150,150,150,4456,8,310.0,730.9798201792694,1.5872470030444674,19844.133311002224,51.90664272890485
1781568054,36,GET,/api/products [GET],16.500000,0.000000,2,2,2,2,4,8,44,63,83,83,83,8999,11,130.0,494.29588699731636,0.8640199957881123,36473.63180299726,119.85331703522614
1781568054,36,,Aggregated,40.700000,0.000000,6,10,11,12,18,44,100,130,300,300,300,22461,29,280.0,783.7624207234577,0.8640199957881123,135192.1857769994,76.3401451404657
1781568055,38,GET,/api/load/cpu-heavy [GET],16.900000,0.000000,11,13,15,18,23,72,130,130,300,300,300,9035,10,610.0,1095.6371886704042,7.26743700215593,135192.1857769994,44.95019369120089
1781568055,38,GET,/api/load/memory-heavy [GET],9.300000,0.000000,6,7,8,8,13,18,78,99,150,150,150,4473,8,310.0,728.2296903433529,1.5872470030444674,19844.133311002224,51.906997540800354
1781568055,38,GET,/api/products [GET],17.700000,0.000000,2,2,2,2,4,8,44,63,83,83,83,9025,11,120.0,492.8845724495126,0.8640199957881123,36473.63180299726,119.85373961218836
1781568055,38,,Aggregated,43.900000,0.000000,6,10,11,12,18,44,99,130,300,300,300,22533,29,280.0,781.2868535436733,0.8640199957881123,135192.1857769994,76.33182443527271
1781568056,40,GET,/api/load/cpu-heavy [GET],18.600000,0.000000,11,13,16,18,27,96,130,130,300,300,300,9063,10,610.0,1092.3146849800394,7.26743700215593,135192.1857769994,44.95034756703078
1781568056,40,GET,/api/load/memory-heavy [GET],9.900000,0.000000,6,7,8,9,15,60,78,99,150,150,150,4489,8,300.0,725.6844438406794,1.5872470030444674,19844.133311002224,51.907329026509245
1781568056,40,GET,/api/products [GET],19.800000,0.000000,2,2,2,2,5,18,63,65,83,83,83,9051,11,120.0,491.49411264201353,0.8640199957881123,36473.63180299726,119.85415976135234
1781568056,40,,Aggregated,48.300000,0.000000,7,10,11,13,18,61,100,130,300,300,300,22603,29,270.0,778.9124749766667,0.8640199957881123,135192.1857769994,76.32601867008805
1781568057,42,GET,/api/load/cpu-heavy [GET],20.500000,0.000000,11,13,17,18,61,100,130,170,240,240,240,9092,10,600.0,1088.979184213274,7.26743700215593,135192.1857769994,44.95050593928728
1781568057,42,GET,/api/load/memory-heavy [GET],10.200000,0.000000,6,7,8,9,15,23,78,99,150,150,150,4497,8,300.0,724.4070471593989,1.5872470030444674,19844.133311002224,51.9074938848121
1781568057,42,GET,/api/products [GET],20.800000,0.000000,2,2,2,2,5,25,63,73,83,83,83,9084,11,120.0,489.7382979484655,0.8640199957881123,36473.63180299726,119.85468956406869
1781568057,42,,Aggregated,51.500000,0.000000,6,10,11,13,20,63,110,130,240,240,240,22673,29,270.0,776.5818344509582,0.8640199957881123,135192.1857769994,76.34093415075199
1781568058,44,GET,/api/load/cpu-heavy [GET],21.900000,0.000000,11,13,17,18,41,97,130,130,180,180,180,9122,10,600.0,1085.4458003968525,7.26743700215593,135192.1857769994,44.950668713001534
1781568058,44,GET,/api/load/memory-heavy [GET],11.400000,0.000000,6,7,8,9,12,17,60,74,78,78,78,4514,8,290.0,721.7082936632312,1.5872470030444674,19844.133311002224,51.90784226849801
1781568058,44,GET,/api/products [GET],21.600000,0.000000,2,2,2,2,5,21,63,73,83,83,83,9113,11,120.0,488.1870577951126,0.8640199957881123,36473.63180299726,119.85515198068693
1781568058,44,,Aggregated,54.900000,0.000000,6,10,11,12,19,58,96,130,180,180,180,22749,29,260.0,774.01540667733,0.8640199957881123,135192.1857769994,76.33706976130819
1781568059,46,GET,/api/load/cpu-heavy [GET],23.200000,0.000000,11,13,16,18,39,95,130,130,180,180,180,9159,10,590.0,1081.1257073206777,7.26743700215593,135192.1857769994,44.950867998689816
1781568059,46,GET,/api/load/memory-heavy [GET],11.500000,0.000000,6,7,8,9,12,15,60,74,78,78,78,4527,8,290.0,719.653256768462,1.5872470030444674,19844.133311002224,51.908106914071126
1781568059,46,GET,/api/products [GET],22.500000,0.000000,2,2,2,2,5,23,63,73,83,83,83,9146,11,110.0,486.4374767113361,0.8640199957881123,36473.63180299726,119.85567461185218
1781568059,46,,Aggregated,57.200000,0.000000,8,10,11,13,19,58,96,130,180,180,180,22832,29,260.0,771.23588860996,0.8640199957881123,135192.1857769994,76.3355378416258
1781568060,47,GET,/api/load/cpu-heavy [GET],24.200000,0.000000,11,13,16,18,39,96,130,130,180,180,180,9195,10,580.0,1076.9526538046855,7.26743700215593,135192.1857769994,44.9510603588907
1781568060,47,GET,/api/load/memory-heavy [GET],11.900000,0.000000,6,7,8,9,12,17,60,74,78,78,78,4537,8,290.0,718.0823786578845,1.5872470030444674,19844.133311002224,51.90830945558739
1781568060,47,GET,/api/products [GET],25.000000,0.000000,2,2,2,2,5,22,63,73,83,83,83,9182,11,110.0,484.5374533264926,0.8640199957881123,36473.63180299726,119.85624047048573
1781568060,47,,Aggregated,61.100000,0.000000,8,10,11,13,19,58,96,130,180,180,180,22914,29,250.0,768.5058174106905,0.8640199957881123,135192.1857769994,76.34428733525355
1781568061,49,GET,/api/load/cpu-heavy [GET],25.900000,0.000000,11,13,15,18,29,94,130,130,180,180,180,9230,10,570.0,1072.9159939986034,7.26743700215593,135192.1857769994,44.95124593716143
1781568061,49,GET,/api/load/memory-heavy [GET],12.200000,0.000000,6,7,8,9,12,21,60,74,78,78,78,4556,8,280.0,715.1135538770448,1.5872470030444674,19844.133311002224,51.908691834942935
1781568061,49,GET,/api/products [GET],26.400000,0.000000,2,2,2,2,5,18,58,65,78,78,78,9211,11,110.0,483.0173779610086,0.8640199957881123,36473.63180299726,119.85669308435565
1781568061,49,,Aggregated,64.500000,0.000000,8,10,11,13,18,47,95,130,180,180,180,22997,29,240.0,765.7583617197714,0.8640199957881123,135192.1857769994,76.33152150280472
1781568062,51,GET,/api/load/cpu-heavy [GET],27.900000,0.000000,11,13,16,18,34,94,130,130,180,180,180,9264,10,570.0,1069.0810960330437,7.26743700215593,135192.1857769994,44.95142487046632
1781568062,51,GET,/api/load/memory-heavy [GET],12.700000,0.000000,6,7,9,10,14,23,74,78,100,100,100,4576,8,280.0,712.0471846000507,1.5872470030444674,19844.133311002224,51.90909090909091
1781568062,51,GET,/api/products [GET],27.200000,0.000000,2,2,2,2,5,18,51,65,78,78,78,9237,11,110.0,481.6687767339876,0.8640199957881123,36473.63180299726,119.85709645988958
1781568062,51,,Aggregated,67.800000,0.000000,8,10,11,13,19,51,96,110,180,180,180,23077,29,240.0,763.1611423092949,0.8640199957881123,135192.1857769994,76.3134722884257
1781568063,53,GET,/api/load/cpu-heavy [GET],29.700000,0.000000,11,14,17,19,50,97,170,170,350,350,350,9305,10,560.0,1064.5619524389163,7.26743700215593,135192.1857769994,44.95163890381515
1781568063,53,GET,/api/load/memory-heavy [GET],13.500000,0.000000,6,8,10,11,23,60,100,130,250,250,250,4597,8,270.0,708.9720389542825,1.5872470030444674,19844.133311002224,51.90950619969546
1781568063,53,GET,/api/products [GET],27.400000,0.000000,2,2,2,2,6,21,58,73,84,84,84,9273,11,110.0,479.8273383545577,0.8640199957881123,36473.63180299726,119.85765124555161
1781568063,53,,Aggregated,70.600000,0.000000,9,10,12,14,23,65,110,170,350,350,350,23175,29,240.0,760.0574903593774,0.8640199957881123,135192.1857769994,76.30390507011866
1781568064,55,GET,/api/load/cpu-heavy [GET],31.100000,0.000000,12,14,17,20,50,97,170,170,350,350,350,9340,10,550.0,1060.638370728918,7.26743700215593,135192.1857769994,44.95182012847966
1781568064,55,GET,/api/load/memory-heavy [GET],13.700000,0.000000,6,7,9,10,21,44,92,130,250,250,250,4616,8,270.0,706.0799508452837,1.5872470030444674,19844.133311002224,51.90987868284229
1781568064,55,GET,/api/products [GET],28.800000,0.000000,2,2,2,2,5,18,49,73,84,84,84,9305,11,100.0,478.1847658198613,0.8640199957881123,36473.63180299726,119.85814078452445
1781568064,55,,Aggregated,73.600000,0.000000,9,10,12,14,22,61,100,170,350,350,350,23261,29,230.0,757.2820034247685,0.8640199957881123,135192.1857769994,76.29706375478268
1781568065,57,GET,/api/load/cpu-heavy [GET],32.100000,0.000000,12,14,17,20,51,98,170,170,350,350,350,9387,10,540.0,1055.4562640549775,7.26743700215593,135192.1857769994,44.95206136145733
1781568065,57,GET,/api/load/memory-heavy [GET],14.400000,0.000000,6,8,10,11,22,44,92,130,250,250,250,4639,8,260.0,702.6368247177929,1.5872470030444674,19844.133311002224,51.9103255011856
1781568065,57,GET,/api/products [GET],29.500000,0.000000,2,2,2,2,7,22,55,74,120,120,120,9348,11,100.0,476.0340456220373,0.8640199957881123,36473.63180299726,119.85879332477535
1781568065,57,,Aggregated,76.000000,0.000000,9,11,12,14,24,65,110,160,350,350,350,23374,29,230.0,753.7035355105903,0.8640199957881123,135192.1857769994,76.29062205869769
1781568066,59,GET,/api/load/cpu-heavy [GET],32.900000,0.000000,12,14,17,20,43,100,170,220,350,350,350,9432,10,530.0,1050.6068768515768,7.26743700215593,135192.1857769994,44.95229007633588
1781568066,59,GET,/api/load/memory-heavy [GET],15.400000,0.000000,6,8,9,10,21,41,100,170,250,250,250,4660,8,250.0,699.5353960647751,1.5872470030444674,19844.133311002224,51.910729613733906
1781568066,59,GET,/api/products [GET],29.500000,0.000000,2,2,2,2,6,19,55,84,120,120,120,9387,11,99,474.085465546689,0.8640199957881123,36473.63180299726,119.85937999360819
1781568066,59,,Aggregated,77.800000,0.000000,9,11,12,14,22,63,120,170,350,350,350,23479,29,220.0,750.432270250544,0.8640199957881123,135192.1857769994,76.28152817411303
1781568067,61,GET,/api/load/cpu-heavy [GET],34.000000,0.000000,12,15,17,20,49,110,170,240,350,350,350,9480,10,530.0,1045.4490921497927,7.26743700215593,135192.1857769994,44.95253164556962
1781568067,61,GET,/api/load/memory-heavy [GET],16.200000,0.000000,6,8,10,11,35,63,130,170,250,250,250,4684,8,250.0,696.0743637700335,1.5872470030444674,19844.133311002224,51.91118701964133
1781568067,61,GET,/api/products [GET],31.000000,0.000000,2,2,2,3,8,22,55,84,120,120,120,9429,11,96,472.01089500209554,0.8640199957881123,36473.63180299726,119.86000636334713
1781568067,61,,Aggregated,81.200000,0.000000,9,11,13,15,30,67,130,170,350,350,350,23593,29,220.0,746.9105430616482,0.8640199957881123,135192.1857769994,76.27101258847964
1781568068,63,GET,/api/load/cpu-heavy [GET],36.200000,0.000000,12,16,20,26,98,170,250,300,350,350,350,9522,10,520.0,1041.2122595413812,7.26743700215593,135192.1857769994,44.95274102079395
1781568068,63,GET,/api/load/memory-heavy [GET],17.000000,0.000000,7,9,11,12,35,63,130,210,250,250,250,4708,8,240.0,692.6167547565439,1.5872470030444674,19844.133311002224,51.91163976210705
1781568068,63,GET,/api/products [GET],32.600000,0.000000,2,2,2,3,14,36,74,90,120,120,120,9469,11,94,470.0640762632558,0.8640199957881123,36473.63180299726,119.86059773999366
1781568068,63,,Aggregated,85.800000,0.000000,9,11,14,17,40,97,170,250,350,350,350,23699,29,210.0,743.7571017715281,0.8640199957881123,135192.1857769994,76.26482130047681
1781568069,65,GET,/api/load/cpu-heavy [GET],37.100000,0.000000,13,17,21,32,120,190,280,320,460,460,460,9569,10,500.0,1036.431108196161,7.26743700215593,135192.1857769994,44.95297314243913
1781568069,65,GET,/api/load/memory-heavy [GET],17.900000,0.000000,7,9,11,12,39,65,130,210,250,250,250,4729,8,240.0,689.5967836760036,1.5872470030444674,19844.133311002224,51.91203214210192
1781568069,65,GET,/api/products [GET],35.400000,0.000000,2,2,3,4,16,39,65,90,120,120,120,9516,11,91,467.77765296960797,0.8640199957881123,36473.63180299726,119.86128625472888
1781568069,65,,Aggregated,90.400000,0.000000,9,11,15,17,46,110,210,270,460,460,460,23814,29,210.0,740.3243726375872,0.8640199957881123,135192.1857769994,76.26803560930546
1781568070,66,GET,/api/load/cpu-heavy [GET],38.900000,0.000000,13,19,27,50,160,230,310,360,460,460,460,9612,10,500.0,1032.1575641980924,7.26743700215593,135192.1857769994,44.953183520599254
1781568070,66,GET,/api/load/memory-heavy [GET],18.700000,0.000000,7,10,12,16,54,92,140,210,250,250,250,4748,8,240.0,687.016056704045,1.5872470030444674,19844.133311002224,51.912384161752314
1781568070,66,GET,/api/products [GET],34.700000,0.000000,2,2,4,5,24,54,84,95,150,150,150,9555,11,89,465.9671933886735,0.8640199957881123,36473.63180299726,119.861852433281
1781568070,66,,Aggregated,92.300000,0.000000,10,12,16,20,75,150,240,300,460,460,460,23915,29,200.0,737.4186609714184,0.8640199957881123,135192.1857769994,76.26385113945223
1781568071,68,GET,/api/load/cpu-heavy [GET],40.200000,0.000000,14,19,42,90,180,290,360,780,1000,1000,1000,9644,10,490.0,1029.4351216353243,7.26743700215593,135192.1857769994,44.9533388635421
1781568071,68,GET,/api/load/memory-heavy [GET],19.700000,0.000000,7,10,12,23,63,110,140,210,270,270,270,4776,8,230.0,683.1612010476966,1.5872470030444674,19844.133311002224,51.91289782244556
1781568071,68,GET,/api/products [GET],36.100000,0.000000,2,2,4,7,36,74,95,150,260,260,260,9595,11,88,464.1485940500049,0.8640199957881123,36473.63180299726,119.86242834809796
1781568071,68,,Aggregated,96.000000,0.000000,10,13,17,26,95,170,290,360,1000,1000,1000,24015,29,200.0,734.7139691511337,0.8640199957881123,135192.1857769994,76.2667499479492
1781568072,70,GET,/api/load/cpu-heavy [GET],41.700000,0.000000,15,21,50,100,230,320,650,800,1100,1100,1100,9690,10,490.0,1025.3303522327217,7.26743700215593,135192.1857769994,44.95356037151703
1781568072,70,GET,/api/load/memory-heavy [GET],20.400000,0.000000,7,10,13,34,74,140,260,300,730,730,730,4805,8,230.0,679.5816279404371,1.5872470030444674,19844.133311002224,51.91342351716961
1781568072,70,GET,/api/products [GET],36.500000,0.000000,2,3,5,8,44,79,120,190,280,280,280,9644,11,85,461.9145844729164,0.8640199957881123,36473.63180299726,119.86312733305682
1781568072,70,,Aggregated,98.600000,0.000000,10,13,19,34,120,210,330,640,1000,1100,1100,24139,29,190.0,731.4116197044407,0.8640199957881123,135192.1857769994,76.26678818509465
1781568073,72,GET,/api/load/cpu-heavy [GET],41.500000,0.000000,16,27,98,150,270,330,650,800,1100,1100,1100,9745,10,480.0,1020.1809581223265,7.26743700215593,135192.1857769994,44.953822473063106
1781568073,72,GET,/api/load/memory-heavy [GET],21.100000,0.000000,7,10,13,26,78,150,260,300,730,730,730,4823,8,220.0,677.1329833959784,1.5872470030444674,19844.133311002224,51.913746630727765
1781568073,72,GET,/api/products [GET],38.900000,0.000000,2,3,6,12,50,81,120,180,280,280,280,9698,11,82,459.4326151087653,0.8640199957881123,36473.63180299726,119.86388946174469
1781568073,72,,Aggregated,101.500000,0.000000,10,14,23,44,140,250,360,640,1000,1100,1100,24266,29,190.0,727.8930733184502,0.8640199957881123,135192.1857769994,76.2752410780516
1781568074,74,GET,/api/load/cpu-heavy [GET],41.800000,0.000000,16,34,110,160,260,330,650,800,1100,1100,1100,9796,10,470.0,1015.1489911670146,7.26743700215593,135192.1857769994,44.95406288280931
1781568074,74,GET,/api/load/memory-heavy [GET],22.200000,0.000000,7,10,21,34,81,140,260,300,730,730,730,4856,8,210.0,672.6626429110046,1.5872470030444674,19844.133311002224,51.914332784184516
1781568074,74,GET,/api/products [GET],40.000000,0.000000,2,3,6,12,53,79,130,180,280,280,280,9749,11,81,457.09313531170534,0.8384090033359826,36473.63180299726,119.86460149758949
1781568074,74,,Aggregated,104.000000,0.000000,10,16,27,50,150,250,360,640,1000,1100,1100,24401,29,190.0,724.0297646654462,0.8384090033359826,135192.1857769994,76.26843162165486
1781568075,76,GET,/api/load/cpu-heavy [GET],43.300000,0.000000,17,50,130,160,270,340,650,800,1100,1100,1100,9837,10,460.0,1011.2979207729056,7.26743700215593,135192.1857769994,44.95425434583714
1781568075,76,GET,/api/load/memory-heavy [GET],23.000000,0.000000,8,11,23,39,89,150,260,300,730,730,730,4890,8,200.0,668.1800843488325,1.5872470030444674,19844.133311002224,51.91492842535787
1781568075,76,GET,/api/products [GET],40.800000,0.000000,2,4,8,16,53,79,130,180,280,280,280,9795,11,79,455.0188071880371,0.8384090033359826,36473.63180299726,119.86523736600306
1781568075,76,,Aggregated,107.100000,0.000000,10,16,33,55,160,260,360,640,1000,1100,1100,24522,29,180.0,720.677248002426,0.8384090033359826,135192.1857769994,76.26453796590816
1781568076,78,GET,/api/load/cpu-heavy [GET],44.800000,0.000000,18,53,140,170,290,360,640,800,1100,1100,1100,9903,10,450.0,1005.0344063189011,7.26743700215593,135192.1857769994,44.95455922447743
1781568076,78,GET,/api/load/memory-heavy [GET],23.400000,0.000000,8,11,23,40,92,150,260,300,730,730,730,4907,8,200.0,665.9412090132024,1.5872470030444674,19844.133311002224,51.91522315060118
1781568076,78,GET,/api/products [GET],42.900000,0.000000,2,4,9,22,65,86,150,190,280,280,280,9849,11,77,452.6468503531157,0.8384090033359826,36473.63180299726,119.86597624124276
1781568076,78,,Aggregated,111.100000,0.000000,11,18,38,69,160,270,380,570,1000,1100,1100,24659,29,180.0,716.9288319693223,0.8384090033359826,135192.1857769994,76.25990510564094
1781568077,80,GET,/api/load/cpu-heavy [GET],45.000000,0.000000,17,45,130,160,290,360,640,800,1100,1100,1100,9957,10,440.0,999.6953821644158,7.26743700215593,135192.1857769994,44.95480566435673
1781568077,80,GET,/api/load/memory-heavy [GET],24.300000,0.000000,7,11,21,34,89,140,260,300,730,730,730,4931,8,190.0,662.7642917381439,1.5872470030444674,19844.133311002224,51.91563577367674
1781568077,80,GET,/api/products [GET],44.100000,0.000000,2,4,9,22,65,82,130,190,280,280,280,9904,11,75,450.17078046575347,0.8384090033359826,36473.63180299726,119.86672051696284
1781568077,80,,Aggregated,113.400000,0.000000,10,17,33,55,160,270,360,570,1000,1100,1100,24792,29,170.0,713.1554151542636,0.8384090033359826,135192.1857769994,76.2653678606002
1781568078,82,GET,/api/load/cpu-heavy [GET],45.200000,0.000000,17,47,120,150,260,340,640,800,1100,1100,1100,10025,10,420.0,993.3734271837507,7.26743700215593,135192.1857769994,44.95511221945137
1781568078,82,GET,/api/load/memory-heavy [GET],24.500000,0.000000,8,12,23,42,92,140,260,300,730,730,730,4957,8,190.0,659.4514870239601,1.5872470030444674,19844.133311002224,51.91607827314908
1781568078,82,GET,/api/products [GET],44.900000,0.000000,2,4,9,23,65,82,130,190,280,280,280,9954,11,73,447.9688199915466,0.8384090033359826,36473.63180299726,119.86738999397227
1781568078,82,,Aggregated,114.600000,0.000000,11,18,36,65,150,250,360,570,1000,1100,1100,24936,29,160.0,709.2778016879425,0.8384090033359826,135192.1857769994,76.24250080205326
1781568079,84,GET,/api/load/cpu-heavy [GET],47.400000,0.000000,17,49,110,140,240,330,570,790,1100,1100,1100,10094,10,410.0,986.9367459368063,7.26743700215593,135192.1857769994,44.95541906082821
1781568079,84,GET,/api/load/memory-heavy [GET],24.800000,0.000000,8,13,31,47,96,150,260,300,730,730,730,4984,8,180.0,656.1016479325402,1.5872470030444674,19844.133311002224,51.91653290529695
1781568079,84,GET,/api/products [GET],44.700000,0.000000,2,4,9,23,68,82,130,190,280,280,280,10005,11,71,445.74642173641627,0.8384090033359826,36473.63180299726,119.86806596701649
1781568079,84,,Aggregated,116.900000,0.000000,11,18,40,65,140,240,340,520,1000,1100,1100,25083,29,160.0,705.332020741321,0.8384090033359826,135192.1857769994,76.21943148746163
1781568080,85,GET,/api/load/cpu-heavy [GET],48.700000,0.000000,17,45,93,130,230,330,570,790,1100,1100,1100,10147,10,400.0,981.9886293789401,7.26743700215593,135192.1857769994,44.9556519168227
1781568080,85,GET,/api/load/memory-heavy [GET],24.700000,0.000000,7,13,23,40,92,150,220,300,730,730,730,5018,8,170.0,651.8050815083259,1.5872470030444674,19844.133311002224,51.917098445595855
1781568080,85,GET,/api/products [GET],48.000000,0.000000,2,3,7,16,51,75,110,150,280,280,280,10064,11,69,443.1883199633211,0.8384090033359826,36473.63180299726,119.86883942766296
1781568080,85,,Aggregated,121.400000,0.000000,11,17,34,55,130,220,340,520,1000,1100,1100,25229,29,150.0,701.3850637531235,0.8384090033359826,135192.1857769994,76.22359189821238
1781568081,87,GET,/api/load/cpu-heavy [GET],50.900000,0.000000,17,36,82,120,190,270,350,430,650,650,650,10209,10,390.0,976.3656257666864,7.26743700215593,135192.1857769994,44.955921245959445
1781568081,87,GET,/api/load/memory-heavy [GET],25.200000,0.000000,7,13,23,35,81,130,160,210,300,300,300,5041,8,160.0,648.9184358063471,1.5872470030444674,19844.133311002224,51.91747669113271
1781568081,87,GET,/api/products [GET],48.200000,0.000000,2,3,6,13,46,73,86,130,250,250,250,10130,11,67,440.35283589988535,0.8384090033359826,36473.63180299726,119.86969397828233
1781568081,87,,Aggregated,124.300000,0.000000,11,17,31,49,110,180,290,340,640,650,650,25380,29,150.0,697.3872630424559,0.8384090033359826,135192.1857769994,76.23920409771473
1781568082,89,GET,/api/load/cpu-heavy [GET],52.100000,0.000000,16,26,65,99,170,250,320,350,570,570,570,10278,10,370.0,970.1659157958874,7.26743700215593,135192.1857769994,44.95621716287216
1781568082,89,GET,/api/load/memory-heavy [GET],25.800000,0.000000,8,14,23,40,81,110,160,190,220,220,220,5058,8,160.0,646.9084823398143,1.5872470030444674,19844.133311002224,51.91775405298537
1781568082,89,GET,/api/products [GET],50.200000,0.000000,2,3,5,9,40,71,86,120,250,250,250,10201,11,64,437.36466400880346,0.8384090033359826,36473.63180299726,119.87060092147829
1781568082,89,,Aggregated,128.100000,0.000000,10,15,24,40,100,170,250,320,460,570,570,25537,29,140.0,693.3071748356699,0.8384090033359826,135192.1857769994,76.26032815130986
1781568083,91,GET,/api/load/cpu-heavy [GET],54.300000,0.000000,16,27,65,92,180,260,340,380,570,570,570,10345,10,360.0,964.3410916724135,7.26743700215593,135192.1857769994,44.95650072498792
1781568083,91,GET,/api/load/memory-heavy [GET],26.400000,0.000000,8,13,23,42,81,110,160,210,220,220,220,5085,8,160.0,643.5658295439068,1.5872470030444674,19844.133311002224,51.91819075712881
1781568083,91,GET,/api/products [GET],51.500000,0.000000,2,3,5,8,36,69,83,120,250,250,250,10255,11,62,435.0921777630248,0.8384090033359826,36473.63180299726,119.87128230131643
1781568083,91,,Aggregated,132.200000,0.000000,10,15,24,41,100,170,260,330,460,570,570,25685,29,140.0,689.5273941810982,0.8384090033359826,135192.1857769994,76.24524041269223
1781568084,93,GET,/api/load/cpu-heavy [GET],56.800000,0.000000,15,24,61,85,180,260,340,380,570,570,570,10404,10,350.0,959.1114085724877,7.26743700215593,135192.1857769994,44.95674740484429
1781568084,93,GET,/api/load/memory-heavy [GET],26.200000,0.000000,7,11,19,31,81,130,160,220,220,220,220,5126,8,150.0,638.6040517032338,1.5872470030444674,19844.133311002224,51.91884510339446
1781568084,93,GET,/api/products [GET],53.100000,0.000000,2,2,4,7,38,70,86,130,250,250,250,10329,11,59,432.07216257128624,0.8384090033359826,36473.63180299726,119.87220447284345
1781568084,93,,Aggregated,136.100000,0.000000,10,14,22,37,96,170,270,330,460,570,570,25859,29,130.0,685.0594698564355,0.8384090033359826,135192.1857769994,76.26072160563054
1781568085,95,GET,/api/load/cpu-heavy [GET],58.200000,0.000000,16,24,57,77,150,240,310,350,460,460,460,10478,10,330.0,952.6008438608634,7.26743700215593,135192.1857769994,44.95705287268563
1781568085,95,GET,/api/load/memory-heavy [GET],25.200000,0.000000,7,11,19,31,78,120,150,220,220,220,220,5160,8,150.0,634.5547855497678,1.5872470030444674,19844.133311002224,51.91937984496124
1781568085,95,GET,/api/products [GET],56.000000,0.000000,2,2,4,7,36,65,83,120,250,250,250,10390,11,57,429.5978134534962,0.838328996906057,36473.63180299726,119.87295476419634
1781568085,95,,Aggregated,139.400000,0.000000,10,14,22,36,85,140,240,300,400,460,460,26028,29,130.0,680.7736136926593,0.838328996906057,135192.1857769994,76.24266174888581
1781568086,97,GET,/api/load/cpu-heavy [GET],59.000000,0.000000,16,28,61,81,150,220,300,340,390,390,390,10543,10,320.0,947.0375330981775,7.26743700215593,135192.1857769994,44.95731765152234
1781568086,97,GET,/api/load/memory-heavy [GET],26.400000,0.000000,8,13,22,42,85,130,150,220,220,220,220,5197,8,140.0,630.2794383197642,1.5872470030444674,19844.133311002224,51.91995381951126
1781568086,97,GET,/api/products [GET],56.300000,0.000000,2,3,5,8,41,64,83,96,170,170,170,10467,11,55,426.5877965868756,0.838328996906057,36473.63180299726,119.87388936658068
1781568086,97,,Aggregated,141.700000,0.000000,10,15,24,41,90,140,220,280,380,390,390,26207,29,120.0,676.3564474864166,0.838328996906057,135192.1857769994,76.25951081772045
1781568087,99,GET,/api/load/cpu-heavy [GET],61.200000,0.000000,17,27,54,72,140,210,300,340,390,390,390,10611,10,300.0,941.1757019021849,7.26743700215593,135192.1857769994,44.957591178965224
1781568087,99,GET,/api/load/memory-heavy [GET],26.600000,0.000000,8,13,21,38,85,130,150,220,220,220,220,5229,8,130.0,626.5181435277959,1.5872470030444674,19844.133311002224,51.920443679479824
1781568087,99,GET,/api/products [GET],58.300000,0.000000,2,3,5,10,44,68,86,96,170,170,170,10532,11,53,424.03310092914637,0.838328996906057,36473.63180299726,119.8746676794531
1781568087,99,,Aggregated,146.100000,0.000000,10,16,24,38,86,140,220,280,380,390,390,26372,29,120.0,672.2582801598853,0.838328996906057,135192.1857769994,76.25728044896103
1781568088,101,GET,/api/load/cpu-heavy [GET],63.500000,0.000000,17,27,55,72,130,200,300,340,440,440,440,10675,10,300.0,935.8644861253433,7.26743700215593,135192.1857769994,44.95784543325527
1781568088,101,GET,/api/load/memory-heavy [GET],27.500000,0.000000,8,13,19,36,81,120,150,220,290,290,290,5274,8,130.0,621.4940337591655,1.5872470030444674,19844.133311002224,51.92112248767539
1781568088,101,GET,/api/products [GET],60.100000,0.000000,2,3,6,11,43,68,91,120,170,170,170,10601,11,51,421.35036373292274,0.8316390012623742,36473.63180299726,119.87548344495802
1781568088,101,,Aggregated,151.100000,0.000000,10,16,23,37,82,130,220,300,390,440,440,26550,29,110.0,667.9792139121055,0.8316390012623742,135192.1857769994,76.25450094161958
1781568089,103,GET,/api/load/cpu-heavy [GET],64.400000,0.000000,18,28,60,80,170,260,340,390,890,890,890,10744,10,280.0,930.692219672007,7.26743700215593,135192.1857769994,44.95811615785555
1781568089,103,GET,/api/load/memory-heavy [GET],29.000000,0.000000,8,13,21,37,90,130,220,280,550,550,550,5312,8,120.0,617.4868738851349,1.5872470030444674,19844.133311002224,51.92168674698795
1781568089,103,GET,/api/products [GET],62.600000,0.000000,2,3,7,13,44,70,96,120,170,170,170,10663,11,50,419.00856478324295,0.8316390012623742,36473.63180299726,119.87620744630966
1781568089,103,,Aggregated,156.000000,0.000000,11,17,25,41,92,160,270,340,800,890,890,26719,29,110.0,664.2215580118049,0.8316390012623742,135192.1857769994,76.24080242524046
1781568090,104,GET,/api/load/cpu-heavy [GET],64.000000,0.000000,19,36,69,92,170,260,340,390,890,890,890,10810,10,270.0,925.4234284390444,7.26743700215593,135192.1857769994,44.95837187789084
1781568090,104,GET,/api/load/memory-heavy [GET],29.800000,0.000000,9,15,27,42,90,130,220,280,550,550,550,5346,8,120.0,613.7337727777497,1.5872470030444674,19844.133311002224,51.9221848110737
1781568090,104,GET,/api/products [GET],63.300000,0.000000,2,4,8,17,47,72,96,120,170,170,170,10731,11,49,416.4534822185948,0.8316390012623742,36473.63180299726,119.87699189264747
1781568090,104,,Aggregated,157.100000,0.000000,11,18,32,47,96,160,260,300,800,890,890,26887,29,100.0,660.312058927493,0.8316390012623742,135192.1857769994,76.2441328523078
1781568091,106,GET,/api/load/cpu-heavy [GET],64.100000,0.000000,18,33,64,87,160,230,310,390,890,890,890,10877,10,260.0,919.9382361373623,7.26743700215593,135192.1857769994,44.958628298244
1781568091,106,GET,/api/load/memory-heavy [GET],32.100000,0.000000,9,14,22,42,90,130,220,280,550,550,550,5374,8,110.0,610.6980285775697,1.5872470030444674,19844.133311002224,51.922590249348715
1781568091,106,GET,/api/products [GET],65.100000,0.000000,2,4,8,14,45,72,94,120,170,170,170,10822,11,46,413.0283447461426,0.8316390012623742,36473.63180299726,119.87802624283866
1781568091,106,,Aggregated,161.300000,0.000000,11,18,28,44,94,150,260,300,800,890,890,27073,29,100.0,655.9248013476362,0.8316390012623742,135192.1857769994,76.28881173124515
1781568092,108,GET,/api/load/cpu-heavy [GET],65.600000,0.000000,19,37,64,85,140,190,280,390,890,890,890,10954,10,240.0,913.7999746540147,7.26743700215593,135192.1857769994,44.95891911630454
1781568092,108,GET,/api/load/memory-heavy [GET],32.800000,0.000000,9,15,24,38,88,120,220,280,550,550,550,5410,8,100.0,606.8127789284387,1.5872470030444674,19844.133311002224,51.92310536044362
1781568092,108,GET,/api/products [GET],65.100000,0.000000,2,4,11,19,47,72,92,120,170,170,170,10885,11,45,410.7164083963985,0.8316390012623742,36473.63180299726,119.8787322002756
1781568092,108,,Aggregated,163.500000,0.000000,11,19,33,47,90,140,220,280,800,890,890,27249,29,97,651.887047662578,0.8316390012623742,135192.1857769994,76.26936768321774
1781568093,110,GET,/api/load/cpu-heavy [GET],66.100000,0.000000,20,50,80,100,180,280,480,550,890,890,890,11038,10,240.0,908.0953336726836,7.26743700215593,135192.1857769994,44.95923174488132
1781568093,110,GET,/api/load/memory-heavy [GET],33.300000,0.000000,10,18,35,54,98,150,250,290,550,550,550,5438,8,100.0,604.1618395751856,1.5872470030444674,19844.133311002224,51.923501287237954
1781568093,110,GET,/api/products [GET],67.300000,0.000000,2,5,13,27,55,77,100,150,250,250,250,10935,11,45,409.0683346539355,0.8316390012623742,36473.63180299726,119.87928669410151
1781568093,110,,Aggregated,166.700000,0.000000,12,22,42,59,110,180,290,440,800,890,890,27411,29,96,648.7231628225749,0.8316390012623742,135192.1857769994,76.22852139651964
1781568094,112,GET,/api/load/cpu-heavy [GET],66.800000,0.000000,23,62,100,140,240,400,550,620,890,890,890,11115,10,230.0,903.1997274914136,7.26743700215593,135192.1857769994,44.959514170040485
1781568094,112,GET,/api/load/memory-heavy [GET],33.700000,0.000000,11,23,51,77,110,190,290,400,550,550,550,5468,8,100.0,601.3576698640904,1.5872470030444674,19844.133311002224,51.923920994879296
1781568094,112,GET,/api/products [GET],68.600000,0.000000,3,8,23,34,65,88,140,200,410,410,410,11016,11,44,406.3558267219323,0.8316390012623742,36473.63180299726,119.880174291939
1781568094,112,,Aggregated,169.100000,0.000000,13,29,55,73,140,230,410,530,800,890,890,27599,29,94,645.0851297892169,0.8316390012623742,135192.1857769994,76.24352331606218
1781568095,114,GET,/api/load/cpu-heavy [GET],67.800000,0.000000,25,66,110,140,240,400,550,620,890,890,890,11184,10,220.0,897.9303481482503,7.26743700215593,135192.1857769994,44.95976394849785
1781568095,114,GET,/api/load/memory-heavy [GET],35.000000,0.000000,11,22,44,73,110,180,290,400,550,550,550,5512,8,97,596.7151150358949,1.5872470030444674,19844.133311002224,51.924528301886795
1781568095,114,GET,/api/products [GET],67.700000,0.000000,3,8,22,34,62,86,140,200,410,410,410,11088,11,42,403.7778461849554,0.8316390012623742,36473.63180299726,119.88095238095238
1781568095,114,,Aggregated,170.500000,0.000000,13,28,53,72,140,240,410,520,800,890,890,27784,29,90,640.967300830211,0.8316390012623742,135192.1857769994,76.2409300316729
1781568096,116,GET,/api/load/cpu-heavy [GET],70.300000,0.000000,30,85,130,170,290,410,550,620,890,890,890,11260,10,220.0,892.954255518831,7.26743700215593,135192.1857769994,44.96003552397868
1781568096,116,GET,/api/load/memory-heavy [GET],34.200000,0.000000,12,27,54,78,140,200,300,400,550,550,550,5547,8,95,593.4242995696543,1.5872470030444674,19844.133311002224,51.92500450694069
1781568096,116,GET,/api/products [GET],67.800000,0.000000,3,13,28,37,69,100,190,220,410,410,410,11159,11,42,401.5684439603715,0.8316390012623742,36473.63180299726,119.88170983062999
1781568096,116,,Aggregated,172.300000,0.000000,15,36,64,84,180,280,440,550,800,890,890,27966,29,90,637.4702057143891,0.8316390012623742,135192.1857769994,76.23678752771222
1781568097,118,GET,/api/load/cpu-heavy [GET],70.700000,0.000000,41,100,150,190,320,490,590,690,890,890,890,11325,10,210.0,888.9619623626519,7.26743700215593,135192.1857769994,44.96026490066225
1781568097,118,GET,/api/load/memory-heavy [GET],34.500000,0.000000,13,34,69,81,150,210,340,400,550,550,550,5584,8,94,589.9808246473616,1.5872470030444674,19844.133311002224,51.92550143266476
1781568097,118,GET,/api/products [GET],69.100000,0.000000,4,16,32,40,71,100,190,230,410,410,410,11232,11,41,399.1269534309812,0.8316390012623742,36473.63180299726,119.88247863247864
1781568097,118,,Aggregated,174.300000,0.000000,17,42,74,96,190,310,490,560,800,890,890,28141,29,89,634.1260470318963,0.8316390012623742,135192.1857769994,76.24629544081589
1781568098,120,GET,/api/load/cpu-heavy [GET],70.100000,0.000000,46,120,180,210,360,510,620,710,890,890,890,11401,10,210.0,884.1045076175795,7.26743700215593,135192.1857769994,44.960529778089644
1781568098,120,GET,/api/load/memory-heavy [GET],35.000000,0.000000,15,42,78,94,170,210,340,400,550,550,550,5629,8,91,585.682244607189,1.5872470030444674,19844.133311002224,51.92609699769053
1781568098,120,GET,/api/products [GET],69.100000,0.000000,4,22,37,47,75,120,190,230,410,410,410,11313,11,40,396.5403028912579,0.8316390012623742,36473.63180299726,119.88332007425086
1781568098,120,,Aggregated,174.200000,0.000000,19,50,80,110,210,330,520,590,840,890,890,28343,29,87,630.227615031952,0.8316390012623742,135192.1857769994,76.2490562043538
1781568099,122,GET,/api/load/cpu-heavy [GET],71.000000,0.000000,55,120,180,220,360,490,620,690,840,840,840,11469,10,210.0,879.6148577948375,7.26743700215593,135192.1857769994,44.96076379806435
1781568099,122,GET,/api/load/memory-heavy [GET],34.500000,0.000000,14,44,76,94,160,200,290,390,550,550,550,5666,8,90,582.1701798792567,1.5872470030444674,19844.133311002224,51.92657959759972
1781568099,122,GET,/api/products [GET],69.400000,0.000000,4,21,37,47,76,120,190,220,410,410,410,11405,11,39,393.51967165215456,0.8316390012623742,36473.63180299726,119.88426128890838
1781568099,122,,Aggregated,174.900000,0.000000,18,50,79,110,210,330,490,570,750,840,840,28540,29,84,626.3129256635458,0.8316390012623742,135192.1857769994,76.28419761737912
1781568100,123,GET,/api/load/cpu-heavy [GET],72.500000,0.000000,55,120,190,230,370,490,590,690,840,840,840,11540,10,200.0,874.8024768134322,7.26743700215593,135192.1857769994,44.96100519930676
1781568100,123,GET,/api/load/memory-heavy [GET],35.700000,0.000000,14,50,79,100,170,220,300,400,600,600,600,5711,8,87,578.0828123820414,1.5872470030444674,19844.133311002224,51.927158115916654
1781568100,123,GET,/api/products [GET],69.500000,0.000000,5,23,37,47,79,130,200,240,430,430,430,11478,11,38,391.1475469985023,0.8199889998650178,36473.63180299726,119.88499738630424
1781568100,123,,Aggregated,177.700000,0.000000,19,52,84,120,220,350,510,570,750,840,840,28729,29,82,622.5849513867374,0.8199889998650178,135192.1857769994,76.27992620696857
1781568101,125,GET,/api/load/cpu-heavy [GET],72.600000,0.000000,55,140,200,250,390,550,690,750,1600,1600,1600,11619,10,200.0,869.895330557622,7.26743700215593,135192.1857769994,44.961270333075134
1781568101,125,GET,/api/load/memory-heavy [GET],34.900000,0.000000,13,49,80,110,180,240,460,600,820,820,820,5754,8,83,574.5079773576382,1.5872470030444674,19844.133311002224,51.927702467848455
1781568101,125,GET,/api/products [GET],71.000000,0.000000,5,22,37,47,79,130,200,250,430,430,430,11560,11,36,388.47643021261473,0.8199889998650178,36473.63180299726,119.88581314878893
1781568101,125,,Aggregated,178.500000,0.000000,19,51,87,120,230,380,550,670,1000,1600,1600,28933,29,80,618.8027608862762,0.8199889998650178,135192.1857769994,76.28234196246501
1781568102,127,GET,/api/load/cpu-heavy [GET],72.400000,0.000000,56,140,210,260,400,550,690,820,1600,1600,1600,11695,10,190.0,865.080618901921,7.26743700215593,135192.1857769994,44.96152201795639
1781568102,127,GET,/api/load/memory-heavy [GET],35.000000,0.000000,12,46,79,100,190,280,460,600,820,820,820,5797,8,81,570.7022536201185,1.5872470030444674,19844.133311002224,51.928238744178024
1781568102,127,GET,/api/products [GET],73.000000,0.000000,6,22,37,49,80,130,200,250,430,430,430,11626,11,36,386.4408004636019,0.8199889998650178,36473.63180299726,119.88646137966627
1781568102,127,,Aggregated,180.400000,0.000000,19,52,90,130,250,380,560,690,1000,1600,1600,29118,29,79,615.3664244963103,0.8199889998650178,135192.1857769994,76.26392609382512
1781568103,129,GET,/api/load/cpu-heavy [GET],73.000000,0.000000,54,140,210,260,410,560,720,860,1600,1600,1600,11775,10,190.0,860.8164157971925,7.26743700215593,135192.1857769994,44.961783439490446
1781568103,129,GET,/api/load/memory-heavy [GET],36.600000,0.000000,13,51,81,110,200,290,560,710,820,820,820,5833,8,81,568.0754079769985,1.5872470030444674,19844.133311002224,51.9286816389508
1781568103,129,GET,/api/products [GET],72.600000,0.000000,5,21,37,46,80,130,200,260,430,430,430,11698,11,35,384.3365826504383,0.8199889998650178,36473.63180299726,119.8871601983245
1781568103,129,,Aggregated,182.200000,0.000000,18,51,88,130,250,380,600,710,1100,1600,1600,29306,29,78,612.3546882749794,0.8199889998650178,135192.1857769994,76.25622739370777
1781568104,131,GET,/api/load/cpu-heavy [GET],73.900000,0.000000,65,160,230,310,470,640,840,1000,1600,1600,1600,11860,10,190.0,856.6803767273955,7.26743700215593,135192.1857769994,44.96205733558179
1781568104,131,GET,/api/load/memory-heavy [GET],37.500000,0.000000,16,58,99,140,220,330,600,720,820,820,820,5873,8,81,565.2972266323604,1.5872470030444674,19844.133311002224,51.92916737612804
1781568104,131,GET,/api/products [GET],74.100000,0.000000,6,24,39,50,88,140,190,250,430,430,430,11759,11,35,382.54660950563886,0.8199889998650178,36473.63180299726,119.88774555659495
1781568104,131,,Aggregated,185.500000,0.000000,21,60,100,140,290,450,670,820,1200,1600,1600,29492,29,78,609.608892620898,0.8199889998650178,135192.1857769994,76.22372168723722
1781568105,133,GET,/api/load/cpu-heavy [GET],73.900000,0.000000,78,190,270,330,480,650,840,1000,1600,1600,1600,11935,10,190.0,852.3639094056912,7.26743700215593,135192.1857769994,44.96229576874738
1781568105,133,GET,/api/load/memory-heavy [GET],39.000000,0.000000,18,66,120,160,240,340,600,720,820,820,820,5918,8,81,561.6231461855104,1.5872470030444674,19844.133311002224,51.929705981750594
1781568105,133,GET,/api/products [GET],74.600000,0.000000,8,29,44,57,92,140,200,270,580,580,580,11842,11,35,380.21964606255654,0.8199889998650178,36473.63180299726,119.8885323425097
1781568105,133,,Aggregated,187.500000,0.000000,23,68,120,160,300,450,670,820,1200,1600,1600,29695,29,78,606.1360527548593,0.8199889998650178,135192.1857769994,76.23051018690015
1781568106,135,GET,/api/load/cpu-heavy [GET],72.300000,0.000000,81,190,280,340,500,660,850,1000,1600,1600,1600,12036,10,190.0,847.0870049526302,7.26743700215593,135192.1857769994,44.96261216350947
1781568106,135,GET,/api/load/memory-heavy [GET],39.300000,0.000000,19,66,110,150,240,340,600,710,820,820,820,5956,8,80,558.4871540132383,1.5872470030444674,19844.133311002224,51.93015446608462
1781568106,135,GET,/api/products [GET],75.400000,0.000000,7,27,42,55,90,130,190,260,580,580,580,11917,11,34,378.06685178474646,0.8199889998650178,36473.63180299726,119.88923386758412
1781568106,135,,Aggregated,187.000000,0.000000,25,71,120,160,330,480,690,840,1300,1600,1600,29909,29,77,602.7386858013156,0.8199889998650178,135192.1857769994,76.20401885720017
1781568107,137,GET,/api/load/cpu-heavy [GET],74.600000,0.000000,75,180,260,320,460,650,860,1000,1600,1600,1600,12113,10,180.0,842.397729491527,7.26743700215593,135192.1857769994,44.96284983076034
1781568107,137,GET,/api/load/memory-heavy [GET],39.900000,0.000000,19,63,110,150,230,330,600,710,820,820,820,6002,8,79,554.6851204386633,1.5872470030444674,19844.133311002224,51.93068977007664
1781568107,137,GET,/api/products [GET],73.400000,0.000000,7,24,38,53,89,130,180,260,580,580,580,12022,11,33,374.92911243211233,0.8199889998650178,36473.63180299726,119.89020129762103
1781568107,137,,Aggregated,187.900000,0.000000,22,65,110,150,300,450,680,840,1300,1600,1600,30137,29,75,598.6190257777008,0.8199889998650178,135192.1857769994,76.23993761821018
1781568108,139,GET,/api/load/cpu-heavy [GET],75.600000,0.000000,71,180,270,330,490,650,860,1000,1600,1600,1600,12179,10,180.0,838.8900249370968,7.26743700215593,135192.1857769994,44.963051153625095
1781568108,139,GET,/api/load/memory-heavy [GET],40.300000,0.000000,23,72,120,160,260,360,600,710,820,820,820,6058,8,78,550.5551026295564,1.5872470030444674,19844.133311002224,51.93133047210301
1781568108,139,GET,/api/products [GET],75.400000,0.000000,7,24,39,54,91,130,190,260,580,580,580,12102,11,33,372.7795994337133,0.8199889998650178,36473.63180299726,119.89092711948439
1781568108,139,,Aggregated,191.300000,0.000000,22,66,110,160,310,460,680,820,1300,1600,1600,30339,29,75,595.3882177324743,0.8199889998650178,135192.1857769994,76.24262500412011
1781568109,141,GET,/api/load/cpu-heavy [GET],78.000000,0.000000,88,210,300,360,540,670,890,1000,1600,1600,1600,12251,10,180.0,835.7493593420828,7.26743700215593,135192.1857769994,44.963268304628194
1781568109,141,GET,/api/load/memory-heavy [GET],41.100000,0.000000,31,96,160,190,290,400,600,710,820,820,820,6107,8,79,547.5381182919352,1.5872470030444674,19844.133311002224,51.93188144751924
1781568109,141,GET,/api/products [GET],75.300000,0.000000,10,31,52,67,110,150,230,260,580,580,580,12177,11,33,370.98896898331265,0.8199889998650178,36473.63180299726,119.89159891598916
1781568109,141,,Aggregated,194.400000,0.000000,29,81,140,190,360,510,690,840,1300,1600,1600,30535,29,75,592.766116424382,0.8199889998650178,135192.1857769994,76.23753070247257
1781568110,142,GET,/api/load/cpu-heavy [GET],77.700000,0.000000,96,210,300,370,540,680,980,1100,1600,1600,1600,12326,10,180.0,831.7666808955745,7.26743700215593,135192.1857769994,44.963491805938666
1781568110,142,GET,/api/load/memory-heavy [GET],41.800000,0.000000,32,96,160,190,290,450,690,820,1100,1100,1100,6160,8,78,543.9894737921845,1.5872470030444674,19844.133311002224,51.932467532467534
1781568110,142,GET,/api/products [GET],79.300000,0.000000,10,34,57,70,110,170,250,300,580,580,580,12247,11,33,369.10019640759333,0.8199889998650178,36473.63180299726,119.89221850249041
1781568110,142,,Aggregated,198.800000,0.000000,32,87,150,200,360,520,720,960,1300,1600,1600,30733,29,75,589.7146836521822,0.8199889998650178,135192.1857769994,76.21917808219177
1781568111,144,GET,/api/load/cpu-heavy [GET],76.600000,0.000000,110,220,310,380,550,720,990,1100,1300,1300,1300,12407,10,180.0,827.8393189072973,7.26743700215593,135192.1857769994,44.96373015233336
1781568111,144,GET,/api/load/memory-heavy [GET],43.600000,0.000000,33,100,170,200,300,450,750,920,1600,1600,1600,6205,8,77,541.1459911750009,1.5872470030444674,19844.133311002224,51.932957292506046
1781568111,144,GET,/api/products [GET],78.200000,0.000000,12,37,61,75,130,190,260,340,580,580,580,12350,11,32,366.3763237800621,0.8199889998650178,36473.63180299726,119.89311740890689
1781568111,144,,Aggregated,198.400000,0.000000,36,94,160,200,360,540,760,990,1300,1600,1600,30962,29,73,586.3174505396133,0.8199889998650178,135192.1857769994,76.24794909889542
1781568112,146,GET,/api/load/cpu-heavy [GET],77.700000,0.000000,100,220,310,390,580,780,1100,1200,2100,2100,2100,12498,10,180.0,823.5660804720621,7.26743700215593,135192.1857769994,44.963994239078254
1781568112,146,GET,/api/load/memory-heavy [GET],44.000000,0.000000,32,94,160,190,300,470,820,1000,1700,1700,1700,6251,8,74,537.7500065755676,1.5872470030444674,19844.133311002224,51.933450647896336
1781568112,146,GET,/api/products [GET],77.600000,0.000000,12,36,55,73,120,180,260,350,780,780,780,12421,11,31,364.48210760580815,0.8199889998650178,36473.63180299726,119.89372836325578
1781568112,146,,Aggregated,199.300000,0.000000,35,88,150,200,370,570,840,1100,1700,2100,2100,31170,29,72,583.3056279568646,0.8199889998650178,135192.1857769994,76.22059672762272
1781568113,148,GET,/api/load/cpu-heavy [GET],77.800000,0.000000,99,200,290,360,570,760,1100,1200,2100,2100,2100,12570,10,170.0,819.6439505772314,7.26743700215593,135192.1857769994,44.96420047732697
1781568113,148,GET,/api/load/memory-heavy [GET],44.000000,0.000000,32,93,150,180,300,480,1000,1500,1700,1700,1700,6302,8,74,535.1947994011219,1.5872470030444674,19844.133311002224,51.93398920977467
1781568113,148,GET,/api/products [GET],77.400000,0.000000,12,36,55,74,130,190,290,520,1200,1200,1200,12514,11,31,362.50363744508013,0.8199889998650178,36473.63180299726,119.89451813968356
1781568113,148,,Aggregated,199.200000,0.000000,33,87,140,190,360,580,960,1200,1700,2100,2100,31386,29,71,580.2616645500989,0.8199889998650178,135192.1857769994,76.23934238195373
1781568114,150,GET,/api/load/cpu-heavy [GET],78.000000,0.000000,99,200,280,350,580,930,1300,1500,2900,2900,2900,12659,10,170.0,816.5205067851135,7.26743700215593,135192.1857769994,44.96445216841773
1781568114,150,GET,/api/load/memory-heavy [GET],45.100000,0.000000,32,85,140,170,290,490,1100,1500,1700,1700,1700,6348,8,72,532.1345661779928,1.5872470030444674,19844.133311002224,51.93446754883428
1781568114,150,GET,/api/products [GET],77.900000,0.000000,13,37,56,75,120,190,340,530,1200,1200,1200,12608,11,31,360.2254892222967,0.8199889998650178,36473.63180299726,119.89530456852792
1781568114,150,,Aggregated,201.000000,0.000000,33,86,140,180,350,580,1000,1300,2100,2900,2900,31615,29,71,577.4488783680325,0.8199889998650178,135192.1857769994,76.24624387157995
1781568115,152,GET,/api/load/cpu-heavy [GET],79.400000,0.000000,100,200,290,370,590,890,1300,1500,2900,2900,2900,12744,10,170.0,812.6018845023312,7.26743700215593,135192.1857769994,44.96468926553672
1781568115,152,GET,/api/load/memory-heavy [GET],45.400000,0.000000,33,78,130,170,300,490,1100,1500,1700,1700,1700,6389,8,71,529.2548130037434,1.5872470030444674,19844.133311002224,51.9348880889028
1781568115,152,GET,/api/products [GET],79.000000,0.000000,14,39,60,77,130,210,340,530,1200,1200,1200,12692,11,31,358.2444417372151,0.8199889998650178,36473.63180299726,119.89599747872676
1781568115,152,,Aggregated,203.800000,0.000000,36,86,140,190,360,600,1000,1300,2100,2900,2900,31825,29,71,574.5183305862492,0.8199889998650178,135192.1857769994,76.24703849175177
1781568116,154,GET,/api/load/cpu-heavy [GET],79.500000,0.000000,100,200,290,400,630,890,1300,1500,2900,2900,2900,12835,10,170.0,808.6499000157163,7.26743700215593,135192.1857769994,44.9649396182314
1781568116,154,GET,/api/load/memory-heavy [GET],46.700000,0.000000,34,87,140,180,320,490,1100,1500,1700,1700,1700,6426,8,71,527.0004679774194,1.5872470030444674,19844.133311002224,51.93526299408652
1781568116,154,GET,/api/products [GET],81.500000,0.000000,16,41,64,78,150,230,340,530,1200,1200,1200,12777,11,31,356.18940188054574,0.8199889998650178,36473.63180299726,119.8966893637004
1781568116,154,,Aggregated,207.700000,0.000000,37,89,150,190,380,620,1000,1300,2100,2900,2900,32038,29,70,571.7135420985205,0.8199889998650178,135192.1857769994,76.24636369311443
1781568117,156,GET,/api/load/cpu-heavy [GET],78.800000,0.000000,120,210,310,430,660,940,1300,1500,2900,2900,2900,12923,10,170.0,804.920051179271,7.26743700215593,135192.1857769994,44.96517836415693
1781568117,156,GET,/api/load/memory-heavy [GET],47.100000,0.000000,34,95,140,190,360,620,1100,1500,1700,1700,1700,6465,8,71,524.952588011892,1.5872470030444674,19844.133311002224,51.935653518948186
1781568117,156,GET,/api/products [GET],84.600000,0.000000,19,47,70,85,170,260,380,530,1200,1200,1200,12859,11,31,354.4462363745056,0.8199889998650178,36473.63180299726,119.89734816082121
1781568117,156,,Aggregated,210.500000,0.000000,42,100,170,210,430,670,1100,1300,2100,2900,2900,32247,29,70,569.1575791988844,0.8199889998650178,135192.1857769994,76.24303035941328
1781568118,158,GET,/api/load/cpu-heavy [GET],79.300000,0.000000,130,240,360,470,680,1000,1300,1500,2900,2900,2900,13002,10,170.0,802.4810763451577,7.26743700215593,135192.1857769994,44.96538994000923
1781568118,158,GET,/api/load/memory-heavy [GET],47.000000,0.000000,38,95,150,190,360,830,1200,1500,1700,1700,1700,6515,8,72,522.2447797157122,1.5872470030444674,19844.133311002224,51.93614735226401
1781568118,158,GET,/api/products [GET],84.600000,0.000000,20,50,73,90,170,270,380,540,1200,1200,1200,12941,11,31,352.7361482659603,0.8199889998650178,36473.63180299726,119.89799860907195
1781568118,158,,Aggregated,210.900000,0.000000,47,110,180,230,470,730,1100,1400,2100,2900,2900,32458,29,71,566.9185467125961,0.8199889998650178,135192.1857769994,76.24018731899686
1781568119,160,GET,/api/load/cpu-heavy [GET],78.900000,0.000000,130,240,350,450,700,1000,1300,1500,2900,2900,2900,13083,10,170.0,799.2117262322644,7.26743700215593,135192.1857769994,44.96560421921578
1781568119,160,GET,/api/load/memory-heavy [GET],46.500000,0.000000,37,83,140,180,360,830,1200,1500,1700,1700,1700,6557,8,71,519.8011012918834,1.5872470030444674,19844.133311002224,51.93655635199024
1781568119,160,GET,/api/products [GET],85.100000,0.000000,20,49,72,88,180,280,460,550,1200,1200,1200,13016,11,31,351.23003897086903,0.8199889998650178,36473.63180299726,119.89858635525508
1781568119,160,,Aggregated,210.500000,0.000000,45,100,170,230,460,730,1100,1400,2100,2900,2900,32656,29,71,564.552701577427,0.8199889998650178,135192.1857769994,76.23202474277315
1781568120,162,GET,/api/load/cpu-heavy [GET],80.100000,0.000000,140,260,390,480,760,1100,1400,1500,2900,2900,2900,13162,10,170.0,796.8496067700761,7.26743700215593,135192.1857769994,44.96581066707187
1781568120,162,GET,/api/load/memory-heavy [GET],46.000000,0.000000,47,95,140,190,370,690,1200,1500,1700,1700,1700,6601,8,71,517.4373109180267,1.5872470030444674,19844.133311002224,51.93697924556885
1781568120,162,GET,/api/products [GET],82.400000,0.000000,24,53,76,93,190,290,530,650,1300,1300,1300,13114,11,31,349.38552943394575,0.8199889998650178,36473.63180299726,119.8993442122922
1781568120,162,,Aggregated,208.500000,0.000000,53,120,190,240,490,770,1200,1400,2100,2900,2900,32877,29,71,562.264806602623,0.8199889998650178,135192.1857769994,76.25501110198618
1781568121,163,GET,/api/load/cpu-heavy [GET],82.500000,0.000000,160,290,410,490,810,1100,1400,1600,2900,2900,2900,13255,10,180.0,793.7249821458133,7.26743700215593,135192.1857769994,44.96605054696341
1781568121,163,GET,/api/load/memory-heavy [GET],44.600000,0.000000,53,100,140,190,360,650,1100,1400,1700,1700,1700,6650,8,71,514.3742102032899,1.5872470030444674,19844.133311002224,51.93744360902256
1781568121,163,GET,/api/products [GET],83.400000,0.000000,26,57,79,93,190,320,530,650,1300,1300,1300,13191,11,31,347.71317048083796,0.8199889998650178,36473.63180299726,119.8999317716625
1781568121,163,,Aggregated,210.500000,0.000000,58,120,200,260,500,810,1200,1400,2100,2900,2900,33096,29,71,559.8289088713856,0.8199889998650178,135192.1857769994,76.233049311095
1781568122,165,GET,/api/load/cpu-heavy [GET],82.000000,0.000000,170,300,430,500,750,1100,1400,1500,2900,2900,2900,13342,10,170.0,790.0939207170411,7.26743700215593,135192.1857769994,44.966271923249884
1781568122,165,GET,/api/load/memory-heavy [GET],45.100000,0.000000,54,110,160,200,400,690,1000,1200,1700,1700,1700,6698,8,70,512.0650879599737,1.5872470030444674,19844.133311002224,51.93789190803225
1781568122,165,GET,/api/products [GET],83.300000,0.000000,29,61,82,100,210,330,530,650,1300,1300,1300,13265,11,31,346.21627667898446,0.8111679999274202,36473.63180299726,119.90049001130795
1781568122,165,,Aggregated,210.400000,0.000000,63,140,210,290,520,770,1100,1400,1900,2900,2900,33305,29,71,557.3878984990066,0.8111679999274202,135192.1857769994,76.21378171445728
1781568123,167,GET,/api/load/cpu-heavy [GET],83.300000,0.000000,180,330,460,540,840,1100,1400,1500,2900,2900,2900,13429,10,170.0,787.230609341932,7.26743700215593,135192.1857769994,44.96649043115645
1781568123,167,GET,/api/load/memory-heavy [GET],44.300000,0.000000,53,110,170,220,420,670,960,1100,1400,1400,1400,6733,8,69,510.1649667106661,1.5872470030444674,19844.133311002224,51.938214763107084
1781568123,167,GET,/api/products [GET],85.400000,0.000000,31,62,85,100,220,330,470,540,1300,1300,1300,13355,11,31,344.3992548704378,0.8111679999274202,36473.63180299726,119.90116061400225
1781568123,167,,Aggregated,213.000000,0.000000,63,140,240,300,540,830,1200,1400,1900,2900,2900,33517,29,70,555.1246418984531,0.8111679999274202,135192.1857769994,76.22504997463973
1781568124,169,GET,/api/load/cpu-heavy [GET],84.600000,0.000000,200,370,500,580,850,1200,1400,1500,1700,1700,1700,13527,10,180.0,785.3792784445027,7.26743700215593,135192.1857769994,44.966733200266134
1781568124,169,GET,/api/load/memory-heavy [GET],43.900000,0.000000,58,120,190,250,480,670,940,1000,1400,1400,1400,6774,8,70,508.3958917465156,1.5872470030444674,19844.133311002224,51.93858872158252
1781568124,169,GET,/api/products [GET],84.300000,0.000000,34,66,93,120,240,350,460,530,1300,1300,1300,13425,11,31,343.1369352038486,0.8111679999274202,36473.63180299726,119.90167597765362
1781568124,169,,Aggregated,212.800000,0.000000,71,170,270,340,580,840,1200,1400,1700,1700,1700,33726,29,71,553.7067136725783,0.8111679999274202,135192.1857769994,76.19572436695725
1781568125,171,GET,/api/load/cpu-heavy [GET],84.200000,0.000000,210,390,520,590,920,1200,1400,1500,1700,1700,1700,13596,10,180.0,783.093893016168,7.26743700215593,135192.1857769994,44.966902030008825
1781568125,171,GET,/api/load/memory-heavy [GET],43.900000,0.000000,66,140,220,290,540,680,960,1000,1400,1400,1400,6825,8,71,506.2655916858429,1.5872470030444674,19844.133311002224,51.93904761904762
1781568125,171,GET,/api/products [GET],84.400000,0.000000,33,69,100,150,260,370,530,690,1300,1300,1300,13501,11,31,341.9993960306384,0.8042580011533573,36473.63180299726,119.90222946448411
1781568125,171,,Aggregated,212.500000,0.000000,74,180,280,370,610,880,1200,1400,1700,1700,1700,33922,29,71,551.8407251492654,0.8042580011533573,135192.1857769994,76.19403337067389
1781568126,173,GET,/api/load/cpu-heavy [GET],86.000000,0.000000,230,420,550,660,980,1200,1500,1600,1800,1800,1800,13679,10,180.0,781.4127946401651,7.26743700215593,135192.1857769994,44.96710285839608
1781568126,173,GET,/api/load/memory-heavy [GET],43.300000,0.000000,73,140,240,300,540,680,970,1100,1500,1500,1500,6867,8,72,504.4516677805308,1.5872470030444674,19844.133311002224,51.93942041648464
1781568126,173,GET,/api/products [GET],83.900000,0.000000,37,73,110,160,260,370,530,690,1300,1300,1300,13590,11,32,340.34885620865754,0.8042580011533573,36473.63180299726,119.90286975717439
1781568126,173,,Aggregated,213.200000,0.000000,80,190,290,390,640,940,1300,1400,1700,1800,1800,34136,29,72,550.1041767168799,0.8042580011533573,135192.1857769994,76.20263065385517
1781568127,175,GET,/api/load/cpu-heavy [GET],87.100000,0.000000,240,450,580,680,970,1200,1500,1600,1800,1800,1800,13789,10,180.0,778.2281390436481,7.26743700215593,135192.1857769994,44.967365291174126
1781568127,175,GET,/api/load/memory-heavy [GET],43.000000,0.000000,78,160,260,330,540,680,930,1000,1500,1500,1500,6895,8,73,503.4458644626379,1.5872470030444674,19844.133311002224,51.939666424945614
1781568127,175,GET,/api/products [GET],80.900000,0.000000,42,81,120,160,270,390,560,690,1300,1300,1300,13680,11,32,338.91221638089667,0.8042580011533573,36473.63180299726,119.90350877192982
1781568127,175,,Aggregated,211.000000,0.000000,88,200,320,410,670,930,1200,1400,1700,1800,1800,34364,29,72,548.2064417656104,0.8042580011533573,135192.1857769994,76.19773600279362
1781568128,177,GET,/api/load/cpu-heavy [GET],85.400000,0.000000,230,450,590,700,980,1200,1500,1600,1800,1800,1800,13867,10,180.0,776.0112957512708,7.26743700215593,135192.1857769994,44.96754885699863
1781568128,177,GET,/api/load/memory-heavy [GET],44.000000,0.000000,81,170,260,350,540,680,900,1000,1500,1500,1500,6939,8,74,501.67480900171273,1.5872470030444674,19844.133311002224,51.94004899841476
1781568128,177,GET,/api/products [GET],81.100000,0.000000,43,81,130,170,280,410,600,680,1300,1300,1300,13779,11,33,337.2143069160809,0.7833579948055558,36473.63180299726,119.90420204659264
1781568128,177,,Aggregated,210.500000,0.000000,87,200,310,410,680,940,1200,1400,1700,1800,1800,34585,29,73,546.1485057927554,0.7833579948055558,135192.1857769994,76.2219748445858
1781568129,179,GET,/api/load/cpu-heavy [GET],84.500000,0.000000,260,460,620,730,1000,1200,1500,1600,1800,1800,1800,13967,10,180.0,773.4510689891076,7.26743700215593,135192.1857769994,44.96778119853941
1781568129,179,GET,/api/load/memory-heavy [GET],44.000000,0.000000,82,170,260,350,530,680,900,1000,1500,1500,1500,6983,8,74,499.3344997671333,1.5872470030444674,19844.133311002224,51.940426750680224
1781568129,179,GET,/api/products [GET],81.300000,0.000000,44,82,120,160,260,390,570,680,1300,1300,1300,13879,11,33,335.2993391927094,0.7833579948055558,36473.63180299726,119.90489228330571
1781568129,179,,Aggregated,209.800000,0.000000,88,200,320,420,690,980,1200,1400,1700,1800,1800,34829,29,73,543.8934055270144,0.7833579948055558,135192.1857769994,76.22742542134428
1781568130,180,GET,/api/load/cpu-heavy [GET],86.900000,0.000000,260,460,610,710,980,1100,1400,1600,1800,1800,1800,14067,10,180.0,770.4268971752928,7.26743700215593,135192.1857769994,44.96801023672425
1781568130,180,GET,/api/load/memory-heavy [GET],42.600000,0.000000,89,180,260,340,500,670,900,1100,1500,1500,1500,7028,8,74,497.3110161052735,1.5872470030444674,19844.133311002224,51.94080819578828
1781568130,180,GET,/api/products [GET],81.400000,0.000000,46,86,130,170,260,370,510,670,760,760,760,13976,11,33,333.640124813867,0.7833579948055558,36473.63180299726,119.90555237550086
1781568130,180,,Aggregated,210.900000,0.000000,92,210,310,410,680,930,1200,1400,1700,1800,1800,35071,29,74,541.6341526660584,0.7833579948055558,135192.1857769994,76.22836531607311
1781568131,180,GET,/api/load/cpu-heavy [GET],86.100000,0.000000,270,480,620,710,980,1100,1400,1600,1800,1800,1800,14146,10,190.0,767.9681239162886,7.26743700215593,135192.1857769994,44.96818888731797
1781568131,180,GET,/api/load/memory-heavy [GET],42.000000,0.000000,100,190,280,350,500,670,900,1100,1500,1500,1500,7080,8,75,494.8155315290801,1.5872470030444674,19844.133311002224,51.941242937853104
1781568131,180,GET,/api/products [GET],83.000000,0.000000,51,92,140,170,260,370,550,670,760,760,760,14071,11,33,332.1132159212976,0.7833579948055558,36473.63180299726,119.90619003624475
1781568131,180,,Aggregated,211.100000,0.000000,100,220,320,410,680,920,1200,1300,1700,1800,1800,35297,29,74,539.4264698239035,0.7833579948055558,135192.1857769994,76.2405870187268
1781568132,180,GET,/api/load/cpu-heavy [GET],87.900000,0.000000,290,490,640,750,990,1100,1400,1600,1800,1800,1800,14220,10,190.0,766.3128347111707,7.26743700215593,135192.1857769994,44.96835443037975
1781568132,180,GET,/api/load/memory-heavy [GET],42.000000,0.000000,110,210,290,350,500,680,970,1100,1500,1500,1500,7121,8,76,493.6666907437003,1.5872470030444674,19844.133311002224,51.94158123859008
1781568132,180,GET,/api/products [GET],85.900000,0.000000,52,94,150,170,270,380,540,670,740,740,740,14156,11,34,330.81439719706384,0.7833579948055558,36473.63180299726,119.90675332014693
1781568132,180,,Aggregated,215.800000,0.000000,110,230,330,420,690,950,1200,1300,1700,1800,1800,35497,29,75,537.9434211651806,0.7833579948055558,135192.1857769994,76.25224666873257
1781568133,180,GET,/api/load/cpu-heavy [GET],89.500000,0.000000,300,520,660,760,990,1100,1400,1600,1800,1800,1800,14311,10,190.0,764.5809154969553,7.26743700215593,135192.1857769994,44.968555656488014
1781568133,180,GET,/api/load/memory-heavy [GET],42.300000,0.000000,120,220,300,350,500,680,900,1100,1500,1500,1500,7167,8,76,491.762772414107,1.5872470030444674,19844.133311002224,51.941956188084276
1781568133,180,GET,/api/products [GET],85.700000,0.000000,59,100,160,180,280,400,560,670,740,740,740,14245,11,34,329.6228343821478,0.7833579948055558,36473.63180299726,119.9073359073359
1781568133,180,,Aggregated,217.500000,0.000000,130,250,350,440,700,950,1200,1300,1700,1800,1800,35723,29,75,536.4011574431751,0.7833579948055558,135192.1857769994,76.25039890266775
1781568134,180,GET,/api/load/cpu-heavy [GET],88.000000,0.000000,310,520,650,740,970,1100,1200,1400,1800,1800,1800,14414,10,190.0,762.1829138634615,7.26743700215593,135192.1857769994,44.96878035243513
1781568134,180,GET,/api/load/memory-heavy [GET],42.800000,0.000000,130,210,280,340,470,640,900,1200,1500,1500,1500,7206,8,77,490.3053512200817,1.5872470030444674,19844.133311002224,51.94227033028032
1781568134,180,GET,/api/products [GET],86.900000,0.000000,57,100,160,180,270,390,530,580,680,680,680,14329,11,34,328.3949208626353,0.7833579948055558,36473.63180299726,119.90787912624747
1781568134,180,,Aggregated,217.700000,0.000000,130,250,350,430,690,930,1100,1200,1700,1800,1800,35949,29,75,534.7802637725821,0.7833579948055558,135192.1857769994,76.23677988261147
1781568136,180,GET,/api/load/cpu-heavy [GET],87.100000,0.000000,310,520,640,740,930,1100,1200,1300,1600,1600,1600,14506,10,190.0,759.9709444729029,7.26743700215593,135192.1857769994,44.96897835378464
1781568136,180,GET,/api/load/memory-heavy [GET],42.700000,0.000000,140,230,310,360,490,690,870,1100,1200,1200,1200,7245,8,77,489.0806442723163,1.5872470030444674,19844.133311002224,51.942581090407174
1781568136,180,GET,/api/products [GET],88.300000,0.000000,60,110,160,190,290,420,550,610,680,680,680,14418,11,34,327.14487827671564,0.7833579948055558,36473.63180299726,119.90844777361632
1781568136,180,,Aggregated,218.100000,0.000000,130,260,360,440,690,910,1100,1200,1400,1600,1600,36169,29,76,533.1721264970151,0.7833579948055558,135192.1857769994,76.23887859769415
1781568137,180,GET,/api/load/cpu-heavy [GET],87.100000,0.000000,330,520,650,760,970,1100,1200,1300,1600,1600,1600,14592,10,190.0,757.8759669263899,7.26743700215593,135192.1857769994,44.96916118421053
1781568137,180,GET,/api/load/memory-heavy [GET],42.700000,0.000000,140,240,310,360,490,670,900,1100,1200,1200,1200,7289,8,78,487.57372654395726,1.5872470030444674,19844.133311002224,51.94292769927288
1781568137,180,GET,/api/products [GET],88.300000,0.000000,63,110,170,190,280,390,530,570,680,680,680,14500,11,35,325.92030422901155,0.7833579948055558,36473.63180299726,119.90896551724138
1781568137,180,,Aggregated,218.100000,0.000000,130,260,360,440,690,930,1100,1200,1400,1600,1600,36381,29,77,531.5603038258824,0.7833579948055558,135192.1857769994,76.23435309639648
1781568138,180,GET,/api/load/cpu-heavy [GET],90.200000,0.000000,320,520,640,740,950,1100,1300,1400,2000,2000,2000,14676,10,200.0,755.9862558339393,7.26743700215593,135192.1857769994,44.9693376941946
1781568138,180,GET,/api/load/memory-heavy [GET],41.000000,0.000000,140,240,310,360,530,730,1000,1200,1600,1600,1600,7337,8,78,486.4499574689788,1.5872470030444674,19844.133311002224,51.94330107673436
1781568138,180,GET,/api/products [GET],90.300000,0.000000,59,110,160,180,280,390,500,560,680,680,680,14586,11,35,324.52427189501367,0.7833579948055558,36473.63180299726,119.90950226244344
1781568138,180,,Aggregated,221.500000,0.000000,140,260,360,440,700,930,1100,1200,1600,2000,2000,36599,29,77,529.9994168810467,0.7833579948055558,135192.1857769994,76.2337222328479
1781568139,180,GET,/api/load/cpu-heavy [GET],90.100000,0.000000,340,540,660,750,950,1100,1300,1400,2300,2300,2300,14759,10,200.0,754.6966000860416,7.26743700215593,135192.1857769994,44.96951012941256
1781568139,180,GET,/api/load/memory-heavy [GET],41.900000,0.000000,160,270,350,400,560,770,1000,1200,1600,1600,1600,7382,8,79,485.0155656186522,1.5872470030444674,19844.133311002224,51.94364670820916
1781568139,180,GET,/api/products [GET],89.900000,0.000000,64,120,170,190,280,390,530,580,880,880,880,14672,11,35,323.24236418917945,0.7833579948055558,36473.63180299726,119.91003271537623
1781568139,180,,Aggregated,221.900000,0.000000,150,270,380,460,720,930,1200,1300,2000,2300,2300,36813,29,78,528.6600927240482,0.7833579948055558,135192.1857769994,76.23592209273897
1781568140,180,GET,/api/load/cpu-heavy [GET],87.900000,0.000000,350,550,670,770,970,1100,1300,1500,2300,2300,2300,14833,10,200.0,753.1303034541814,7.26743700215593,135192.1857769994,44.96966223960089
1781568140,180,GET,/api/load/memory-heavy [GET],43.700000,0.000000,150,280,370,410,580,860,1000,1200,1600,1600,1600,7420,8,80,484.1455138681826,1.5872470030444674,19844.133311002224,51.94393530997304
1781568140,180,GET,/api/products [GET],90.100000,0.000000,63,120,170,200,300,420,540,660,880,880,880,14750,11,35,322.1550886696684,0.7833579948055558,36473.63180299726,119.91050847457628
1781568140,180,,Aggregated,221.700000,0.000000,150,280,390,470,740,950,1200,1300,2000,2300,2300,37003,29,78,527.3985639519867,0.7833579948055558,135192.1857769994,76.24081831202875
1781568141,180,GET,/api/load/cpu-heavy [GET],88.700000,0.000000,360,560,720,820,1000,1200,1500,1600,2300,2300,2300,14940,10,200.0,751.6849636962456,7.26743700215593,135192.1857769994,44.96987951807229
1781568141,180,GET,/api/load/memory-heavy [GET],44.100000,0.000000,160,290,400,440,710,990,1200,1300,1600,1600,1600,7454,8,80,483.5661360944371,1.5872470030444674,19844.133311002224,51.94419103836866
1781568141,180,GET,/api/products [GET],89.100000,0.000000,64,130,180,210,330,450,570,670,990,990,990,14823,11,36,321.44312779697884,0.7833579948055558,36473.63180299726,119.91094920056669
1781568141,180,,Aggregated,222.000000,0.000000,160,300,420,520,820,1000,1200,1400,2200,2300,2300,37217,29,79,526.6256500901313,0.7833579948055558,135192.1857769994,76.21468683666066
1781568142,180,GET,/api/load/cpu-heavy [GET],85.900000,0.000000,350,550,710,810,1000,1200,1500,1600,2300,2300,2300,15028,10,200.0,749.4524802092698,7.26743700215593,135192.1857769994,44.97005589566143
1781568142,180,GET,/api/load/memory-heavy [GET],43.500000,0.000000,150,290,400,430,690,1000,1200,1300,2500,2500,2500,7497,8,80,482.5381522942416,1.5872470030444674,19844.133311002224,51.944511137788446
1781568142,180,GET,/api/products [GET],86.400000,0.000000,63,120,170,210,330,480,670,720,1100,1100,1100,14930,11,36,320.1565408919357,0.7833579948055558,36473.63180299726,119.91158740790355
1781568142,180,,Aggregated,215.800000,0.000000,150,290,420,510,810,1000,1300,1500,2300,2500,2500,37455,29,79,524.90448687362,0.7833579948055558,135192.1857769994,76.23863302629823
1781568143,180,GET,/api/load/cpu-heavy [GET],86.700000,0.000000,340,540,700,800,1000,1200,1600,1700,2300,2300,2300,15109,10,200.0,747.8666136840163,7.26743700215593,135192.1857769994,44.97021642729499
1781568143,180,GET,/api/load/memory-heavy [GET],42.500000,0.000000,150,290,400,450,710,1000,1200,1300,2500,2500,2500,7547,8,81,480.8055857466463,1.5872470030444674,19844.133311002224,51.944878759772095
1781568143,180,GET,/api/products [GET],84.400000,0.000000,62,120,170,210,330,480,670,770,1200,1200,1200,15009,11,36,319.20426085026185,0.7833579948055558,36473.63180299726,119.912052768339
1781568143,180,,Aggregated,213.600000,0.000000,150,290,410,500,810,1000,1300,1600,2300,2500,2500,37665,29,79,523.5389133912997,0.7833579948055558,135192.1857769994,76.2310633213859
1781568144,180,GET,/api/load/cpu-heavy [GET],87.700000,0.000000,320,510,670,760,1000,1200,1600,1700,2300,2300,2300,15192,10,200.0,745.7062796949616,7.26743700215593,135192.1857769994,44.970379146919434
1781568144,180,GET,/api/load/memory-heavy [GET],41.600000,0.000000,150,290,400,480,770,1000,1200,1600,2500,2500,2500,7599,8,81,479.3612729461698,1.5872470030444674,19844.133311002224,51.94525595473088
1781568144,180,GET,/api/products [GET],85.100000,0.000000,61,110,160,190,330,490,680,800,1200,1200,1200,15092,11,36,318.0707423121245,0.7833579948055558,36473.63180299726,119.91253644314868
1781568144,180,,Aggregated,214.400000,0.000000,140,280,390,490,790,1000,1300,1600,2300,2500,2500,37883,29,79,521.916420484607,0.7833579948055558,135192.1857769994,76.22527254969248
1781568145,180,GET,/api/load/cpu-heavy [GET],88.400000,0.000000,310,500,670,780,1100,1400,1700,2100,3000,3000,3000,15292,10,200.0,744.0035889921384,7.26743700215593,135192.1857769994,44.97057284854826
1781568145,180,GET,/api/load/memory-heavy [GET],42.600000,0.000000,140,280,390,460,780,1000,1300,1600,2500,2500,2500,7639,8,81,478.0356521577368,1.5872470030444674,19844.133311002224,51.9455426102893
1781568145,180,GET,/api/products [GET],84.400000,0.000000,58,100,150,180,310,480,670,800,1200,1200,1200,15181,11,36,316.66268771079586,0.7833579948055558,36473.63180299726,119.91304920624465
1781568145,180,,Aggregated,215.400000,0.000000,130,270,390,480,810,1100,1400,1600,2500,3000,3000,38112,29,80,520.473170965531,0.7833579948055558,135192.1857769994,76.22014063811923
1781568146,180,GET,/api/load/cpu-heavy [GET],87.600000,0.000000,300,500,700,820,1100,1400,2000,2200,3000,3000,3000,15375,10,210.0,742.9222276557248,7.26743700215593,135192.1857769994,44.97073170731707
1781568146,180,GET,/api/load/memory-heavy [GET],43.200000,0.000000,130,270,370,440,770,1000,1300,1600,2500,2500,2500,7685,8,81,475.9833362024685,1.5872470030444674,19844.133311002224,51.94586857514639
1781568146,180,GET,/api/products [GET],84.300000,0.000000,52,97,140,180,350,500,670,800,1200,1200,1200,15286,11,36,315.342734783237,0.7833579948055558,36473.63180299726,119.91364647389769
1781568146,180,,Aggregated,215.100000,0.000000,130,270,390,480,810,1100,1500,1800,2800,3000,3000,38346,29,80,518.9769528195723,0.7833579948055558,135192.1857769994,76.2433891409795
1781568147,180,GET,/api/load/cpu-heavy [GET],86.900000,0.000000,310,540,720,840,1100,1500,2000,2200,3000,3000,3000,15448,10,210.0,741.8201765211552,7.26743700215593,135192.1857769994,44.97087001553599
1781568147,180,GET,/api/load/memory-heavy [GET],42.700000,0.000000,120,270,370,430,690,950,1200,1600,2500,2500,2500,7734,8,81,474.37361637547986,1.5872470030444674,19844.133311002224,51.946211533488494
1781568147,180,GET,/api/products [GET],84.200000,0.000000,55,100,150,190,370,500,670,800,1200,1200,1200,15384,11,36,314.05798637100605,0.7833579948055558,36473.63180299726,119.91419656786272
1781568147,180,,Aggregated,213.800000,0.000000,120,270,390,480,810,1100,1500,1800,2800,3000,3000,38566,29,80,517.5520328340593,0.7833579948055558,135192.1857769994,76.26463724524193
1781568148,180,GET,/api/load/cpu-heavy [GET],86.500000,0.000000,290,500,700,810,1100,1500,1900,2200,3000,3000,3000,15529,10,210.0,739.998255713109,7.26743700215593,135192.1857769994,44.97102195891558
1781568148,180,GET,/api/load/memory-heavy [GET],43.500000,0.000000,110,240,350,440,690,910,1200,1400,2500,2500,2500,7782,8,82,472.7780994065788,1.5872470030444674,19844.133311002224,51.94654330506297
1781568148,180,GET,/api/products [GET],85.900000,0.000000,50,98,150,190,380,500,670,760,1200,1200,1200,15478,11,37,312.78351972661574,0.7833579948055558,36473.63180299726,119.91471766378085
1781568148,180,,Aggregated,215.900000,0.000000,110,260,380,480,790,1100,1500,1800,2800,3000,3000,38789,29,80,515.91573386474,0.7833579948055558,135192.1857769994,76.27531001057001
1781568149,180,GET,/api/load/cpu-heavy [GET],85.000000,0.000000,300,510,690,810,1100,1500,2000,2200,3000,3000,3000,15621,10,210.0,738.265020027391,7.26743700215593,135192.1857769994,44.97119262531208
1781568149,180,GET,/api/load/memory-heavy [GET],44.200000,0.000000,110,250,370,440,650,900,1200,1400,2500,2500,2500,7826,8,83,471.85200195808477,1.5872470030444674,19844.133311002224,51.946843853820596
1781568149,180,GET,/api/products [GET],86.800000,0.000000,48,95,150,180,360,500,670,760,1200,1200,1200,15546,11,37,311.82165435929124,0.7833579948055558,36473.63180299726,119.91509069857197
1781568149,180,,Aggregated,216.000000,0.000000,110,270,390,480,780,1100,1500,1800,2800,3000,3000,38993,29,80,514.7778084230847,0.7833579948055558,135192.1857769994,76.25037827302336
1781568150,180,GET,/api/load/cpu-heavy [GET],84.500000,0.000000,280,520,680,790,1100,1500,2000,2300,3000,3000,3000,15719,10,210.0,736.8932266133262,7.26743700215593,135192.1857769994,44.971372224696225
1781568150,180,GET,/api/load/memory-heavy [GET],43.800000,0.000000,110,240,350,430,630,790,1100,1400,2500,2500,2500,7874,8,83,470.3692661567125,1.5872470030444674,19844.133311002224,51.94716789433579
1781568150,180,GET,/api/products [GET],87.700000,0.000000,46,89,140,180,320,480,640,720,1200,1200,1200,15624,11,37,310.7593244870418,0.7833579948055558,36473.63180299726,119.91551459293395
1781568150,180,,Aggregated,216.000000,0.000000,110,250,370,470,750,1100,1500,1800,2800,3000,3000,39217,29,80,513.6092999627281,0.7833579948055558,135192.1857769994,76.22961980773644
1781568151,180,GET,/api/load/cpu-heavy [GET],85.400000,0.000000,270,490,680,780,1200,1500,2000,2300,3000,3000,3000,15803,10,210.0,734.7017006541716,7.26743700215593,135192.1857769994,44.97152439410239
1781568151,180,GET,/api/load/memory-heavy [GET],44.100000,0.000000,110,230,340,430,620,770,1000,1100,1800,1800,1800,7920,8,84,468.87299303787574,1.5872470030444674,19844.133311002224,51.94747474747475
1781568151,180,GET,/api/products [GET],86.400000,0.000000,46,92,140,180,310,470,640,750,1200,1200,1200,15718,11,37,309.57298824834675,0.7833579948055558,36473.63180299726,119.91601984985367
1781568151,180,,Aggregated,215.800000,0.000000,110,240,360,460,740,1100,1500,1800,2800,3000,3000,39441,29,81,511.89963006985886,0.7833579948055558,135192.1857769994,76.23916736391065
1781568152,180,GET,/api/load/cpu-heavy [GET],87.800000,0.000000,280,510,680,810,1200,1500,2000,2300,3000,3000,3000,15886,10,210.0,733.7217786903473,7.26743700215593,135192.1857769994,44.97167317134584
1781568152,180,GET,/api/load/memory-heavy [GET],45.300000,0.000000,110,230,340,430,630,810,1000,1300,1800,1800,1800,7985,8,85,467.12975657432537,1.5872470030444674,19844.133311002224,51.947902316844086
1781568152,180,GET,/api/products [GET],86.900000,0.000000,45,85,130,170,310,450,580,670,1100,1100,1100,15812,11,37,308.256422473976,0.7833579948055558,36473.63180299726,119.91651909941817
1781568152,180,,Aggregated,220.000000,0.000000,110,240,360,460,750,1100,1500,1800,2800,3000,3000,39683,29,81,510.5482406743271,0.7833579948055558,135192.1857769994,76.23778444170047
1781568153,180,GET,/api/load/cpu-heavy [GET],85.800000,0.000000,270,490,660,800,1200,1400,2000,2300,3000,3000,3000,15968,10,210.0,731.4532400376302,7.26743700215593,135192.1857769994,44.97181863727455
1781568153,180,GET,/api/load/memory-heavy [GET],46.300000,0.000000,110,220,330,410,610,780,1000,1100,1800,1800,1800,8035,8,85,465.3920807474798,1.5872470030444674,19844.133311002224,51.94822650902302
1781568153,180,GET,/api/products [GET],88.700000,0.000000,46,86,130,160,290,420,560,660,970,970,970,15916,11,37,306.8760135269222,0.7833579948055558,36473.63180299726,119.91706458909273
1781568153,180,,Aggregated,220.800000,0.000000,100,230,340,440,730,1000,1400,1800,2800,3000,3000,39919,29,81,508.61768423611124,0.7833579948055558,135192.1857769994,76.25727097372179
1781568154,180,GET,/api/load/cpu-heavy [GET],85.400000,0.000000,300,530,680,790,1100,1400,1800,2200,3000,3000,3000,16056,10,210.0,730.1222733133369,7.26743700215593,135192.1857769994,44.9719730941704
1781568154,180,GET,/api/load/memory-heavy [GET],48.300000,0.000000,110,230,340,440,620,790,1000,1100,1400,1400,1400,8081,8,86,464.42323607635507,1.5872470030444674,19844.133311002224,51.94852122262096
1781568154,180,GET,/api/products [GET],87.400000,0.000000,49,97,140,170,300,450,610,690,970,970,970,16002,11,37,305.990217668886,0.7833579948055558,36473.63180299726,119.9175103112111
1781568154,180,,Aggregated,221.100000,0.000000,110,240,360,470,740,1000,1400,1700,2800,3000,3000,40139,29,82,507.5438564535596,0.7833579948055558,135192.1857769994,76.25466503898951
1781568155,180,GET,/api/load/cpu-heavy [GET],85.300000,0.000000,300,530,670,760,1100,1300,1700,1800,2800,2800,2800,16139,10,210.0,728.4557881000634,7.26743700215593,135192.1857769994,44.972117231550904
1781568155,180,GET,/api/load/memory-heavy [GET],48.400000,0.000000,120,250,370,450,640,820,1000,1100,1400,1400,1400,8118,8,86,463.3551191909398,1.5872470030444674,19844.133311002224,51.948755851194875
1781568155,180,GET,/api/products [GET],90.300000,0.000000,53,100,150,180,300,420,580,690,970,970,970,16093,11,37,304.9788180640962,0.7833579948055558,36473.63180299726,119.91797676008203
1781568155,180,,Aggregated,224.000000,0.000000,120,250,370,480,730,1000,1300,1500,2300,2800,2800,40350,29,82,506.22277424645415,0.7833579948055558,135192.1857769994,76.26679058240397
1781568156,180,GET,/api/load/cpu-heavy [GET],85.500000,0.000000,310,530,660,730,1000,1300,1700,1800,2300,2300,2300,16229,10,210.0,726.7247844478972,7.26743700215593,135192.1857769994,44.97227185901781
1781568156,180,GET,/api/load/memory-heavy [GET],47.900000,0.000000,120,250,380,470,620,820,1000,1100,1400,1400,1400,8155,8,87,462.33255328694383,1.5872470030444674,19844.133311002224,51.948988350705086
1781568156,180,GET,/api/products [GET],90.100000,0.000000,55,100,140,180,300,410,600,720,970,970,970,16158,11,38,304.18582634889987,0.7833579948055558,36473.63180299726,119.91830672112886
1781568156,180,,Aggregated,223.500000,0.000000,120,260,390,490,720,980,1300,1500,2100,2300,2300,40542,29,82,505.1396843028326,0.7833579948055558,135192.1857769994,76.2453505007153
1781568157,180,GET,/api/load/cpu-heavy [GET],84.600000,0.000000,340,560,680,780,1000,1300,1700,1800,2300,2300,2300,16318,10,220.0,725.8743033434813,7.26743700215593,135192.1857769994,44.97242309106508
1781568157,180,GET,/api/load/memory-heavy [GET],48.100000,0.000000,130,300,410,500,670,880,1000,1100,1400,1400,1400,8190,8,87,462.0443718781442,1.5872470030444674,19844.133311002224,51.94920634920635
1781568157,180,GET,/api/products [GET],91.400000,0.000000,58,110,150,190,310,460,690,750,970,970,970,16247,11,38,303.4672551014048,0.7833579948055558,36473.63180299726,119.91875423155044
1781568157,180,,Aggregated,224.100000,0.000000,130,280,420,520,770,1000,1300,1500,2300,2300,2300,40755,29,83,504.46307891727184,0.7833579948055558,135192.1857769994,76.25184639921483
1781568158,180,GET,/api/load/cpu-heavy [GET],85.100000,0.000000,340,560,690,780,1000,1300,1700,1800,2300,2300,2300,16395,10,220.0,724.6528151496756,7.26743700215593,135192.1857769994,44.97255260750229
1781568158,180,GET,/api/load/memory-heavy [GET],47.000000,0.000000,130,290,390,480,680,880,1000,1200,1300,1300,1300,8231,8,88,461.10084273101654,1.5872470030444674,19844.133311002224,51.949459360952496
1781568158,180,GET,/api/products [GET],86.800000,0.000000,59,110,160,200,310,470,720,840,1100,1100,1100,16333,11,38,302.57573170767813,0.7833579948055558,36473.63180299726,119.91918202412295
1781568158,180,,Aggregated,218.900000,0.000000,130,270,410,510,770,990,1300,1500,2100,2300,2300,40959,29,83,503.3807799721528,0.7833579948055558,135192.1857769994,76.26067530945579
1781568159,180,GET,/api/load/cpu-heavy [GET],85.900000,0.000000,340,580,700,780,1000,1300,1600,1800,2600,2600,2600,16476,10,220.0,723.8191679939888,7.26743700215593,135192.1857769994,44.972687545520756
1781568159,180,GET,/api/load/memory-heavy [GET],45.400000,0.000000,130,300,400,480,680,880,1000,1200,1300,1300,1300,8264,8,89,460.2939068794776,1.5872470030444674,19844.133311002224,51.94966118102614
1781568159,180,GET,/api/products [GET],86.000000,0.000000,62,110,160,200,330,490,720,840,1100,1100,1100,16419,11,38,301.78966689801166,0.7833579948055558,36473.63180299726,119.9196053352823
1781568159,180,,Aggregated,217.300000,0.000000,130,270,410,510,780,990,1300,1500,2100,2600,2600,41159,29,83,502.55346337664577,0.7833579948055558,135192.1857769994,76.27109502174494
1781568160,180,GET,/api/load/cpu-heavy [GET],86.100000,0.000000,390,610,750,810,1000,1300,1600,1800,2600,2600,2600,16563,10,220.0,723.0163812047956,7.26743700215593,135192.1857769994,44.972831008875204
1781568160,180,GET,/api/load/memory-heavy [GET],45.200000,0.000000,130,300,400,480,680,880,1100,1200,1400,1400,1400,8314,8,89,458.8235705410143,1.5872470030444674,19844.133311002224,51.94996391628578
1781568160,180,GET,/api/products [GET],85.600000,0.000000,65,120,160,200,350,480,710,830,1100,1100,1100,16509,11,38,300.77607663235034,0.7833579948055558,36473.63180299726,119.92004361257496
1781568160,180,,Aggregated,216.900000,0.000000,130,300,460,550,790,1000,1300,1600,2100,2600,2600,41386,29,84,501.50997285305283,0.7833579948055558,135192.1857769994,76.27113033392935
1781568161,180,GET,/api/load/cpu-heavy [GET],84.700000,0.000000,390,620,750,810,1000,1300,1600,1700,2600,2600,2600,16653,10,220.0,721.9316560496005,7.26743700215593,135192.1857769994,44.9729778418303
1781568161,180,GET,/api/load/memory-heavy [GET],43.800000,0.000000,150,300,420,480,670,850,1000,1200,1400,1400,1400,8361,8,89,457.57202354359504,1.5872470030444674,19844.133311002224,51.95024518598254
1781568161,180,GET,/api/products [GET],87.200000,0.000000,71,130,170,220,370,490,700,830,1100,1100,1100,16603,11,39,299.902706856321,0.7833579948055558,36473.63180299726,119.92049629585014
1781568161,180,,Aggregated,215.700000,0.000000,140,300,460,550,790,990,1300,1500,2100,2600,2600,41617,29,85,500.4534733156517,0.7833579948055558,135192.1857769994,76.27486363745585
1781568162,180,GET,/api/load/cpu-heavy [GET],83.800000,0.000000,420,630,750,810,1000,1300,1600,1700,2600,2600,2600,16741,10,220.0,720.1170096731373,7.26743700215593,135192.1857769994,44.97311988531151
1781568162,180,GET,/api/load/memory-heavy [GET],43.400000,0.000000,150,300,420,480,650,870,1000,1200,1400,1400,1400,8411,8,90,456.1326859520834,1.5872470030444674,19844.133311002224,51.95054095826893
1781568162,180,GET,/api/products [GET],87.700000,0.000000,75,140,190,230,380,490,700,830,1100,1100,1100,16698,11,39,298.89315085684143,0.7833579948055558,36473.63180299726,119.9209486166008
1781568162,180,,Aggregated,214.900000,0.000000,150,330,470,560,790,990,1300,1500,2100,2600,2600,41850,29,85,498.99471238921086,0.7833579948055558,135192.1857769994,76.27935483870968
1781568163,180,GET,/api/load/cpu-heavy [GET],84.100000,0.000000,410,630,750,810,1000,1300,1600,1700,2600,2600,2600,16818,10,220.0,718.9965914417887,7.26743700215593,135192.1857769994,44.97324295397788
1781568163,180,GET,/api/load/memory-heavy [GET],43.500000,0.000000,150,300,400,460,650,800,940,1200,1400,1400,1400,8449,8,90,455.0812918176087,1.5872470030444674,19844.133311002224,51.95076340395313
1781568163,180,GET,/api/products [GET],87.000000,0.000000,72,130,190,240,380,490,700,830,1100,1100,1100,16776,11,39,298.08966652369753,0.7833579948055558,36473.63180299726,119.92131616595135
1781568163,180,,Aggregated,214.600000,0.000000,160,330,460,550,790,990,1300,1500,2100,2600,2600,42043,29,86,498.00962716829207,0.7833579948055558,135192.1857769994,76.28123587755394
1781568164,180,GET,/api/load/cpu-heavy [GET],84.500000,0.000000,420,630,760,820,1000,1300,1600,1700,2600,2600,2600,16911,10,230.0,717.582265069482,7.26743700215593,135192.1857769994,44.973390101117616
1781568164,180,GET,/api/load/memory-heavy [GET],41.900000,0.000000,160,290,400,460,650,780,940,1200,1400,1400,1400,8492,8,90,453.96651311281164,1.5872470030444674,19844.133311002224,51.951012717852095
1781568164,180,GET,/api/products [GET],86.700000,0.000000,72,140,200,250,380,470,690,800,1100,1100,1100,16880,11,40,297.11722486419063,0.7833579948055558,36473.63180299726,119.9218009478673
1781568164,180,,Aggregated,213.100000,0.000000,160,330,460,550,790,990,1300,1500,2100,2600,2600,42283,29,87,496.78253836415473,0.7833579948055558,135192.1857769994,76.29527233166993
1781568165,180,GET,/api/load/cpu-heavy [GET],84.700000,0.000000,390,620,750,810,1000,1300,1600,1700,2600,2600,2600,16996,10,230.0,715.6298364448736,7.26743700215593,135192.1857769994,44.97352318192516
1781568165,180,GET,/api/load/memory-heavy [GET],40.600000,0.000000,150,290,400,450,650,810,1100,1300,1400,1400,1400,8537,8,90,452.83308643750513,1.5872470030444674,19844.133311002224,51.95127093826871
1781568165,180,GET,/api/products [GET],85.900000,0.000000,67,140,200,250,380,470,660,770,1100,1100,1100,16975,11,40,296.02936637876365,0.7833579948055558,36473.63180299726,119.92223858615611
1781568165,180,,Aggregated,211.200000,0.000000,150,310,440,530,780,1000,1300,1500,2100,2600,2600,42508,29,86,495.28981023368635,0.7833579948055558,135192.1857769994,76.30464853674603
1781568166,180,GET,/api/load/cpu-heavy [GET],84.900000,0.000000,360,600,720,790,1000,1300,1600,1700,2600,2600,2600,17082,10,230.0,714.1871574463823,7.26743700215593,135192.1857769994,44.973656480505795
1781568166,180,GET,/api/load/memory-heavy [GET],40.200000,0.000000,140,270,380,430,610,780,920,1300,1400,1400,1400,8584,8,91,451.4490432730633,1.5872470030444674,19844.133311002224,51.95153774464119
1781568166,180,GET,/api/products [GET],86.500000,0.000000,61,130,190,240,370,460,600,700,1100,1100,1100,17078,11,40,294.98882817552084,0.7833579948055558,36473.63180299726,119.92270757699964
1781568166,180,,Aggregated,211.600000,0.000000,140,290,420,500,760,990,1300,1500,2100,2600,2600,42744,29,87,493.93605695621847,0.7833579948055558,135192.1857769994,76.32023207935617
1781568167,180,GET,/api/load/cpu-heavy [GET],84.700000,0.000000,360,600,720,790,1000,1300,1500,1600,2600,2600,2600,17181,10,230.0,712.4881847935031,7.26743700215593,135192.1857769994,44.9738082765846
1781568167,180,GET,/api/load/memory-heavy [GET],41.400000,0.000000,140,270,370,440,620,740,900,1100,1400,1400,1400,8636,8,91,450.34740916754845,1.5872470030444674,19844.133311002224,51.951829550717925
1781568167,180,GET,/api/products [GET],87.600000,0.000000,61,130,190,230,360,450,550,660,1100,1100,1100,17159,11,40,294.11498938018246,0.7833579948055558,36473.63180299726,119.92307244011889
1781568167,180,,Aggregated,213.700000,0.000000,150,290,420,500,760,970,1300,1400,2100,2600,2600,42976,29,87,492.76756401904873,0.7833579948055558,135192.1857769994,76.30098194341028
1781568168,180,GET,/api/load/cpu-heavy [GET],84.200000,0.000000,350,590,710,790,1000,1200,1400,1600,1800,1800,1800,17257,10,230.0,711.2493260505397,7.26743700215593,135192.1857769994,44.973923625195575
1781568168,180,GET,/api/load/memory-heavy [GET],42.700000,0.000000,140,260,360,420,600,750,940,1200,1500,1500,1500,8686,8,92,449.2587825062171,1.5872470030444674,19844.133311002224,51.952106838590836
1781568168,180,GET,/api/products [GET],91.100000,0.000000,61,140,190,240,370,450,520,580,1100,1100,1100,17255,11,40,293.35342409397697,0.7833579948055558,36473.63180299726,119.92350043465662
1781568168,180,,Aggregated,218.000000,0.000000,150,290,410,490,740,960,1300,1400,1700,1800,1800,43198,29,88,491.6455562119707,0.7833579948055558,135192.1857769994,76.31489883790917
1781568169,180,GET,/api/load/cpu-heavy [GET],85.100000,0.000000,340,540,680,740,990,1100,1400,1500,1700,1700,1700,17338,10,230.0,709.8116273572589,7.26743700215593,135192.1857769994,44.97404544930211
1781568169,180,GET,/api/load/memory-heavy [GET],43.900000,0.000000,150,270,360,420,590,720,920,1100,1500,1500,1500,8744,8,92,447.6498916622801,1.5872470030444674,19844.133311002224,51.95242451967063
1781568169,180,GET,/api/products [GET],91.700000,0.000000,63,140,190,240,360,440,510,580,870,870,870,17342,11,40,292.3531964156706,0.7833579948055558,36473.63180299726,119.92388421174029
1781568169,180,,Aggregated,220.700000,0.000000,150,290,390,470,690,920,1100,1300,1600,1700,1700,43424,29,88,490.30383612876875,0.7833579948055558,135192.1857769994,76.31153279292558
1781568170,180,GET,/api/load/cpu-heavy [GET],85.500000,0.000000,340,520,660,730,960,1100,1300,1400,1700,1700,1700,17419,10,230.0,708.3934582308515,7.26743700215593,135192.1857769994,44.97416614042138
1781568170,180,GET,/api/load/memory-heavy [GET],44.600000,0.000000,160,280,360,410,550,660,870,950,1500,1500,1500,8777,8,93,446.97784891522656,1.5872470030444674,19844.133311002224,51.95260339523755
1781568170,180,GET,/api/products [GET],91.200000,0.000000,61,140,190,230,360,450,590,690,990,990,990,17437,11,40,291.5585896543887,0.7833579948055558,36473.63180299726,119.92429890462809
1781568170,180,,Aggregated,221.300000,0.000000,150,280,390,460,690,890,1100,1300,1600,1700,1700,43633,29,88,489.22919250694804,0.7833579948055558,135192.1857769994,76.33014003162744
1781568171,180,GET,/api/load/cpu-heavy [GET],85.600000,0.000000,340,570,690,770,1000,1100,1400,1500,1700,1700,1700,17512,10,230.0,707.3240854263477,7.26743700215593,135192.1857769994,44.974303334856096
1781568171,180,GET,/api/load/memory-heavy [GET],46.900000,0.000000,160,270,360,420,560,680,940,1200,1500,1500,1500,8824,8,93,445.97115866432034,1.5872470030444674,19844.133311002224,51.95285584768812
1781568171,180,GET,/api/products [GET],92.000000,0.000000,54,130,190,230,360,460,600,740,1200,1200,1200,17514,11,40,290.7835970007748,0.7833579948055558,36473.63180299726,119.92463172319287
1781568171,180,,Aggregated,224.500000,0.000000,140,290,400,490,730,940,1100,1400,1700,1700,1700,43850,29,88,488.3624357106429,0.7833579948055558,135192.1857769994,76.31429874572406
1781568172,180,GET,/api/load/cpu-heavy [GET],85.200000,0.000000,320,570,690,770,1000,1100,1400,1600,1800,1800,1800,17588,10,230.0,706.1844642490998,7.26743700215593,135192.1857769994,44.97441437343643
1781568172,180,GET,/api/load/memory-heavy [GET],46.500000,0.000000,160,280,380,430,580,680,950,1200,1500,1500,1500,8872,8,93,444.83044728550067,1.5872470030444674,19844.133311002224,51.95311091073039
1781568172,180,GET,/api/products [GET],91.300000,0.000000,59,140,190,230,370,480,670,770,1200,1200,1200,17596,11,40,290.3523727460536,0.7833579948055558,36473.63180299726,119.92498295067061
1781568172,180,,Aggregated,223.000000,0.000000,140,280,410,490,730,960,1200,1400,1700,1800,1800,44056,29,89,487.4693216898863,0.7833579948055558,135192.1857769994,76.31509896495369
1781568173,180,GET,/api/load/cpu-heavy [GET],85.400000,0.000000,320,530,670,740,990,1100,1400,1600,1800,1800,1800,17679,10,230.0,704.4302139705417,7.26743700215593,135192.1857769994,44.97454607161038
1781568173,180,GET,/api/load/memory-heavy [GET],45.400000,0.000000,140,270,370,430,590,680,950,1200,1500,1500,1500,8918,8,93,443.4755890641364,1.5872470030444674,19844.133311002224,51.9533527696793
1781568173,180,GET,/api/products [GET],91.500000,0.000000,53,120,180,220,360,510,720,860,1200,1200,1200,17683,11,41,289.56400071908536,0.7833579948055558,36473.63180299726,119.92535203302607
1781568173,180,,Aggregated,222.300000,0.000000,130,280,400,480,720,950,1200,1400,1700,1800,1800,44280,29,89,486.1991255820847,0.7833579948055558,135192.1857769994,76.31131436314364
1781568174,180,GET,/api/load/cpu-heavy [GET],84.200000,0.000000,320,520,660,740,980,1100,1500,1600,2000,2000,2000,17765,10,230.0,702.7856575659554,7.26743700215593,135192.1857769994,44.97466929355474
1781568174,180,GET,/api/load/memory-heavy [GET],46.300000,0.000000,140,270,350,430,590,680,950,1100,1500,1500,1500,8953,8,94,442.6185902543201,1.5872470030444674,19844.133311002224,51.95353512789009
1781568174,180,GET,/api/products [GET],90.700000,0.000000,57,130,190,230,380,540,740,860,1200,1200,1200,17780,11,41,288.81422118810696,0.7833579948055558,36473.63180299726,119.92575928008999
1781568174,180,,Aggregated,221.200000,0.000000,140,280,400,490,720,940,1200,1400,1800,2000,2000,44498,29,89,485.03007546250734,0.7833579948055558,135192.1857769994,76.32691356914917
1781568175,180,GET,/api/load/cpu-heavy [GET],84.400000,0.000000,320,490,630,710,960,1100,1500,1700,2400,2400,2400,17849,10,230.0,701.1753656571334,7.26743700215593,135192.1857769994,44.97478850355762
1781568175,180,GET,/api/load/memory-heavy [GET],46.600000,0.000000,160,280,360,430,590,780,1200,1500,2300,2300,2300,8998,8,95,442.64279083673614,1.5872470030444674,19844.133311002224,51.95376750388975
1781568175,180,GET,/api/products [GET],89.800000,0.000000,61,130,180,230,370,540,750,870,1500,1500,1500,17864,11,41,288.0567564929763,0.7833579948055558,36473.63180299726,119.92610837438424
1781568175,180,,Aggregated,220.800000,0.000000,140,280,400,480,720,950,1200,1500,2000,2400,2400,44711,29,90,484.08724545533886,0.7833579948055558,135192.1857769994,76.32562456666145
1781568176,180,GET,/api/load/cpu-heavy [GET],84.700000,0.000000,310,490,620,700,960,1200,1500,1700,3600,3600,3600,17929,10,230.0,699.9766464202221,7.26743700215593,135192.1857769994,44.97490099838251
1781568176,180,GET,/api/load/memory-heavy [GET],46.500000,0.000000,140,270,350,430,600,870,1200,1800,2300,2300,2300,9042,8,95,441.6818313942655,1.5872470030444674,19844.133311002224,51.95399247953993
1781568176,180,GET,/api/products [GET],89.000000,0.000000,57,120,180,220,380,560,760,880,1500,1500,1500,17939,11,41,287.24943563680006,0.7833579948055558,36473.63180299726,119.92641730308267
1781568176,180,,Aggregated,220.200000,0.000000,130,270,390,480,720,950,1200,1600,3500,3600,3600,44910,29,90,483.1114682481334,0.7833579948055558,135192.1857769994,76.31892674237363
1781568177,180,GET,/api/load/cpu-heavy [GET],84.500000,0.000000,310,490,630,720,1000,1400,1800,2300,4200,4200,4200,18020,10,240.0,699.6040647263134,7.26743700215593,135192.1857769994,44.97502774694784
1781568177,180,GET,/api/load/memory-heavy [GET],45.400000,0.000000,140,270,350,430,650,1000,1500,2000,2300,2300,2300,9089,8,95,441.3695234350267,1.5872470030444674,19844.133311002224,51.95423038838156
1781568177,180,GET,/api/products [GET],87.900000,0.000000,57,110,170,200,340,580,860,1000,1500,1500,1500,18017,11,41,286.65112454984705,0.7833579948055558,36473.63180299726,119.92673586057612
1781568177,180,,Aggregated,217.800000,0.000000,130,270,390,490,760,1000,1500,1900,3600,4200,4200,45126,29,90,482.7165305119827,0.7833579948055558,135192.1857769994,76.30594335859593
1781568178,180,GET,/api/load/cpu-heavy [GET],84.700000,0.000000,310,490,620,720,990,1400,1900,2300,4200,4200,4200,18108,10,240.0,698.5276848714471,7.26743700215593,135192.1857769994,44.97514910536779
1781568178,180,GET,/api/load/memory-heavy [GET],44.800000,0.000000,140,270,370,480,710,1100,1500,2000,2300,2300,2300,9124,8,95,441.04701888491905,1.5872470030444674,19844.133311002224,51.95440596229724
1781568178,180,GET,/api/products [GET],86.100000,0.000000,53,110,160,200,380,580,860,1000,1500,1500,1500,18100,11,41,285.7628157896454,0.7833579948055558,36473.63180299726,119.92707182320441
1781568178,180,,Aggregated,215.600000,0.000000,130,270,400,500,780,1100,1500,1900,3600,4200,4200,45332,29,90,481.89709882093774,0.7833579948055558,135192.1857769994,76.30640607076678
1781568179,180,GET,/api/load/cpu-heavy [GET],84.300000,0.000000,320,520,640,760,1000,1500,1900,2300,4200,4200,4200,18186,10,240.0,697.6566254906072,7.26743700215593,135192.1857769994,44.97525569119102
1781568179,180,GET,/api/load/memory-heavy [GET],44.400000,0.000000,120,240,370,490,780,1200,1500,2000,2300,2300,2300,9167,8,95,440.04717134646097,1.5872470030444674,19844.133311002224,51.95461983200611
1781568179,180,GET,/api/products [GET],84.300000,0.000000,57,110,160,210,400,650,860,1000,1500,1500,1500,18181,11,41,285.0527809195647,0.7833579948055558,36473.63180299726,119.92739673285298
1781568179,180,,Aggregated,213.000000,0.000000,130,270,410,520,810,1100,1500,1900,3600,4200,4200,45534,29,90,481.04801732340286,0.7833579948055558,135192.1857769994,76.30755040189749
1781568180,180,GET,/api/load/cpu-heavy [GET],84.400000,0.000000,320,500,630,730,1000,1500,1900,2300,4200,4200,4200,18279,10,240.0,696.5272555201706,7.26743700215593,135192.1857769994,44.9753815854259
1781568180,180,GET,/api/load/memory-heavy [GET],43.700000,0.000000,130,270,410,510,870,1200,1500,2000,2300,2300,2300,9230,8,95,439.5813516982679,1.5872470030444674,19844.133311002224,51.95492957746479
1781568180,180,GET,/api/products [GET],84.100000,0.000000,58,110,170,210,410,580,850,1000,1500,1500,1500,18258,11,41,284.6795820303746,0.7833579948055558,36473.63180299726,119.92770292474532
1781568180,180,,Aggregated,212.200000,0.000000,130,280,420,520,810,1100,1500,1900,3600,4200,4200,45767,29,90,480.4080972871024,0.7833579948055558,135192.1857769994,76.28398190836192
1781568181,180,GET,/api/load/cpu-heavy [GET],84.900000,0.000000,300,470,610,730,1000,1400,1900,2200,4200,4200,4200,18367,10,240.0,694.7897133464998,7.26743700215593,135192.1857769994,44.97549953721348
1781568181,180,GET,/api/load/memory-heavy [GET],42.900000,0.000000,130,270,390,520,910,1200,1500,2000,2300,2300,2300,9280,8,95,438.50445461756675,1.5872470030444674,19844.133311002224,51.9551724137931
1781568181,180,GET,/api/products [GET],82.800000,0.000000,55,100,150,200,400,580,840,960,1500,1500,1500,18354,11,41,283.8896985746199,0.7833579948055558,36473.63180299726,119.92808107224583
1781568181,180,,Aggregated,210.600000,0.000000,120,270,400,510,800,1100,1500,1900,3500,4200,4200,46001,29,91,479.1425301955342,0.7833579948055558,135192.1857769994,76.28897197887002
1781568182,180,GET,/api/load/cpu-heavy [GET],85.000000,0.000000,270,450,590,720,1000,1500,1900,2300,4200,4200,4200,18456,10,240.0,693.1913166406681,7.26743700215593,135192.1857769994,44.97561768530559
1781568182,180,GET,/api/load/memory-heavy [GET],43.700000,0.000000,110,250,420,520,960,1200,1500,2000,2300,2300,2300,9319,8,95,437.57460647687844,1.5872470030444674,19844.133311002224,51.95536001716923
1781568182,180,GET,/api/products [GET],82.900000,0.000000,50,99,140,200,420,610,860,970,1500,1500,1500,18438,11,41,283.1571947609066,0.7833579948055558,36473.63180299726,119.92840872111942
1781568182,180,,Aggregated,211.600000,0.000000,110,260,400,510,820,1100,1500,2000,3600,4200,4200,46213,29,90,478.05052809122554,0.7833579948055558,135192.1857769994,76.28766797221562
1781568183,180,GET,/api/load/cpu-heavy [GET],85.300000,0.000000,290,490,640,780,1100,1500,2000,2500,4200,4200,4200,18535,10,240.0,692.674484248299,7.26743700215593,135192.1857769994,44.97572160776909
1781568183,180,GET,/api/load/memory-heavy [GET],45.300000,0.000000,120,280,460,540,980,1200,1700,2000,2300,2300,2300,9361,8,95,437.06988737710304,1.5872470030444674,19844.133311002224,51.95556030338639
1781568183,180,GET,/api/products [GET],83.300000,0.000000,50,100,150,210,420,610,870,980,1700,1700,1700,18520,11,41,282.7352629249233,0.7646369995200075,36473.63180299726,119.92872570194385
1781568183,180,,Aggregated,213.900000,0.000000,110,270,410,520,860,1200,1600,2000,3600,4200,4200,46416,29,91,477.5592435937799,0.7646369995200075,135192.1857769994,76.28966304722509
1781568184,180,GET,/api/load/cpu-heavy [GET],85.600000,0.000000,300,500,660,820,1200,1500,2000,2500,4200,4200,4200,18615,10,240.0,691.7045074585682,7.26743700215593,135192.1857769994,44.97582594681708
1781568184,180,GET,/api/load/memory-heavy [GET],44.500000,0.000000,110,260,460,560,890,1100,1500,1800,2200,2200,2200,9406,8,96,436.1579307213536,1.5872470030444674,19844.133311002224,51.95577291090793
1781568184,180,GET,/api/products [GET],84.100000,0.000000,46,99,150,220,440,620,840,970,1700,1700,1700,18609,11,41,282.14205618236167,0.7646369995200075,36473.63180299726,119.92906658068677
1781568184,180,,Aggregated,214.200000,0.000000,110,270,430,540,880,1200,1600,1900,3600,4200,4200,46630,29,91,476.70946657096033,0.7646369995200075,135192.1857769994,76.29596826077632
1781568185,180,GET,/api/load/cpu-heavy [GET],86.400000,0.000000,320,540,740,870,1200,1500,1900,2300,4200,4200,4200,18708,10,240.0,691.0068815720153,7.26743700215593,135192.1857769994,44.975946119307245
1781568185,180,GET,/api/load/memory-heavy [GET],44.200000,0.000000,95,260,450,540,860,1100,1300,1500,2200,2200,2200,9445,8,95,434.9709814978362,1.5872470030444674,19844.133311002224,51.95595553202753
1781568185,180,GET,/api/products [GET],82.400000,0.000000,45,99,170,240,460,610,830,970,1700,1700,1700,18715,11,41,281.20719334520635,0.7646369995200075,36473.63180299726,119.92946834090301
1781568185,180,,Aggregated,213.000000,0.000000,110,280,450,540,890,1200,1600,1900,3300,4200,4200,46868,29,91,475.77132124588,0.7646369995200075,135192.1857769994,76.3124946658701
1781568186,180,GET,/api/load/cpu-heavy [GET],85.000000,0.000000,330,540,720,820,1100,1500,1800,2000,3200,3200,3200,18795,10,240.0,689.5451075284,7.26743700215593,135192.1857769994,44.976057462090985
1781568186,180,GET,/api/load/memory-heavy [GET],44.100000,0.000000,100,280,440,510,760,1100,1200,1300,1900,1900,1900,9488,8,95,433.99950523978185,1.5872470030444674,19844.133311002224,51.956155143338954
1781568186,180,GET,/api/products [GET],82.800000,0.000000,47,110,200,250,490,620,780,960,1700,1700,1700,18805,11,41,280.6862316369356,0.7646369995200075,36473.63180299726,119.92980590268546
1781568186,180,,Aggregated,211.900000,0.000000,110,300,460,540,850,1100,1500,1700,2500,3200,3200,47088,29,91,474.7725999754485,0.7646369995200075,135192.1857769994,76.31594036697248
1781568187,180,GET,/api/load/cpu-heavy [GET],84.800000,0.000000,280,530,730,820,1100,1500,1700,1800,3200,3200,3200,18873,10,240.0,688.2567913489255,7.26743700215593,135192.1857769994,44.976156413924656
1781568187,180,GET,/api/load/memory-heavy [GET],45.000000,0.000000,86,250,420,500,730,980,1200,1200,1900,1900,1900,9533,8,95,432.8645840904288,1.5872470030444674,19844.133311002224,51.956362110563305
1781568187,180,GET,/api/products [GET],83.400000,0.000000,43,100,200,250,490,610,740,870,1700,1700,1700,18900,11,41,279.75986048907697,0.7646369995200075,36473.63180299726,119.93015873015872
1781568187,180,,Aggregated,213.200000,0.000000,99,270,450,540,820,1100,1500,1600,2500,3200,3200,47306,29,91,473.58537746809867,0.7646369995200075,135192.1857769994,76.32890119646557
1781568188,180,GET,/api/load/cpu-heavy [GET],84.600000,0.000000,260,500,680,820,1100,1500,1900,2100,3200,3200,3200,18949,10,240.0,687.4690900716776,7.26743700215593,135192.1857769994,44.97625204496279
1781568188,180,GET,/api/load/memory-heavy [GET],44.800000,0.000000,99,270,440,540,760,1000,1300,1500,2000,2000,2000,9572,8,95,433.00247079450855,1.5872470030444674,19844.133311002224,51.95653990806519
1781568188,180,GET,/api/products [GET],84.900000,0.000000,42,100,200,250,480,610,770,870,1700,1700,1700,18977,11,41,279.13480891176494,0.7646369995200075,36473.63180299726,119.93044211413817
1781568188,180,,Aggregated,214.300000,0.000000,100,260,430,530,830,1100,1600,1800,2500,3200,3200,47498,29,91,473.0450273049773,0.7646369995200075,135192.1857769994,76.32959282496105
1781568189,180,GET,/api/load/cpu-heavy [GET],84.400000,0.000000,260,500,660,810,1200,1600,1900,2200,3200,3200,3200,19036,10,240.0,686.7645078439933,7.26743700215593,135192.1857769994,44.97636057995377
1781568189,180,GET,/api/load/memory-heavy [GET],44.600000,0.000000,88,250,410,510,790,1000,1500,1700,2000,2000,2000,9611,8,95,432.60530931620343,1.5872470030444674,19844.133311002224,51.95671626261575
1781568189,180,GET,/api/products [GET],87.400000,0.000000,40,98,180,240,450,590,770,880,1700,1700,1700,19077,11,41,278.4028487102566,0.7646369995200075,36473.63180299726,119.93080673061802
1781568189,180,,Aggregated,216.400000,0.000000,94,250,420,510,830,1200,1600,1900,2500,3200,3200,47724,29,91,472.34326426958836,0.7646369995200075,135192.1857769994,76.34410359567514
1781568190,180,GET,/api/load/cpu-heavy [GET],83.900000,0.000000,250,510,680,820,1200,1600,2000,2500,3200,3200,3200,19112,10,240.0,685.7910302798891,7.26743700215593,135192.1857769994,44.976454583507746
1781568190,180,GET,/api/load/memory-heavy [GET],44.900000,0.000000,87,220,390,490,770,1100,1700,1900,2200,2200,2200,9650,8,95,432.0705282487081,1.5872470030444674,19844.133311002224,51.95689119170984
1781568190,180,GET,/api/products [GET],87.000000,0.000000,38,93,170,240,460,610,780,930,1700,1700,1700,19159,11,41,277.6760132552626,0.7646369995200075,36473.63180299726,119.93110287593298
1781568190,180,,Aggregated,215.800000,0.000000,85,240,420,510,830,1200,1700,2000,2800,3200,3200,47921,29,90,471.53259544389357,0.7646369995200075,135192.1857769994,76.34928319525886
1781568191,178,GET,/api/load/cpu-heavy [GET],83.800000,0.000000,260,520,720,860,1400,1700,2200,2500,3200,3200,3200,19196,10,240.0,685.2432711881243,7.26743700215593,135192.1857769994,44.976557616170034
1781568191,178,GET,/api/load/memory-heavy [GET],43.700000,0.000000,87,200,360,480,750,1100,1600,1900,2200,2200,2200,9690,8,95,431.01082661806356,1.5872470030444674,19844.133311002224,51.95706914344685
1781568191,178,GET,/api/products [GET],87.200000,0.000000,39,99,190,250,470,640,780,900,1700,1700,1700,19250,11,41,277.1281280982127,0.7646369995200075,36473.63180299726,119.93142857142857
1781568191,178,,Aggregated,214.700000,0.000000,91,250,420,530,860,1300,1800,2100,3100,3200,3200,48136,29,90,470.85634887707425,0.7646369995200075,135192.1857769994,76.3568638856573
1781568192,176,GET,/api/load/cpu-heavy [GET],83.600000,0.000000,250,500,720,870,1400,1800,2300,2600,3200,3200,3200,19275,10,240.0,684.7594075031518,7.26743700215593,135192.1857769994,44.976653696498055
1781568192,176,GET,/api/load/memory-heavy [GET],43.000000,0.000000,83,190,340,480,730,1100,1600,1900,2200,2200,2200,9737,8,95,430.0599074736673,1.5872470030444674,19844.133311002224,51.95727636849132
1781568192,176,GET,/api/products [GET],88.800000,0.000000,37,84,160,230,470,610,730,870,1600,1600,1600,19337,11,41,276.2555996261871,0.7646369995200075,36473.63180299726,119.93173708434607
1781568192,176,,Aggregated,215.400000,0.000000,82,230,400,500,840,1300,1800,2200,3100,3200,3200,48349,29,90,470.0859465276615,0.7646369995200075,135192.1857769994,76.36048315373638
1781568193,174,GET,/api/load/cpu-heavy [GET],81.900000,0.000000,230,490,700,870,1400,1800,2300,2700,3200,3200,3200,19349,10,240.0,683.5032742574415,7.26743700215593,135192.1857769994,44.976742984133544
1781568193,174,GET,/api/load/memory-heavy [GET],41.300000,0.000000,74,170,290,450,750,1100,1600,1900,2200,2200,2200,9780,8,94,429.2275317532813,1.5872470030444674,19844.133311002224,51.957464212678936
1781568193,174,GET,/api/products [GET],88.600000,0.000000,34,77,140,200,440,590,780,870,1600,1600,1600,19435,11,41,275.5821638479826,0.7646369995200075,36473.63180299726,119.93208129662979
1781568193,174,,Aggregated,211.800000,0.000000,72,210,370,480,840,1300,1800,2200,3100,3200,3200,48564,29,90,469.0488730034566,0.7646369995200075,135192.1857769994,76.37919034675892
1781568194,172,GET,/api/load/cpu-heavy [GET],82.400000,0.000000,220,470,680,830,1400,1900,2300,2600,3100,3100,3100,19438,10,240.0,682.8274797575476,7.26743700215593,135192.1857769994,44.976849470110096
1781568194,172,GET,/api/load/memory-heavy [GET],40.700000,0.000000,88,200,340,500,830,1200,1600,1900,2200,2200,2200,9825,8,95,428.58453186932053,1.5872470030444674,19844.133311002224,51.95765903307888
1781568194,172,GET,/api/products [GET],89.100000,0.000000,33,76,140,200,440,650,810,870,1600,1600,1600,19533,11,41,274.7772073760061,0.7646369995200075,36473.63180299726,119.93242205498387
1781568194,172,,Aggregated,212.200000,0.000000,73,210,370,480,840,1300,1900,2200,3000,3100,3100,48796,29,90,468.2938513160671,0.7646369995200075,135192.1857769994,76.38708090827117
1781568195,170,GET,/api/load/cpu-heavy [GET],80.900000,0.000000,200,430,630,820,1500,1900,2300,2600,3100,3100,3100,19515,10,240.0,681.3920497741851,7.26743700215593,135192.1857769994,44.97694081475788
1781568195,170,GET,/api/load/memory-heavy [GET],41.800000,0.000000,93,200,310,450,770,1200,1600,1900,2200,2200,2200,9870,8,95,427.3221414284772,1.5872470030444674,19844.133311002224,51.957852077001014
1781568195,170,GET,/api/products [GET],90.400000,0.000000,34,77,130,190,420,650,810,900,1600,1600,1600,19623,11,41,273.9930745442335,0.7646369995200075,36473.63180299726,119.93273199816542
1781568195,170,,Aggregated,213.100000,0.000000,72,200,340,460,830,1400,1900,2200,3000,3100,3100,49008,29,90,467.09927948546715,0.7646369995200075,135192.1857769994,76.39546604635977
1781568196,168,GET,/api/load/cpu-heavy [GET],81.200000,0.000000,210,470,690,920,1500,1900,2400,2700,3100,3100,3100,19592,10,240.0,681.200043687537,7.26743700215593,135192.1857769994,44.977031441404655
1781568196,168,GET,/api/load/memory-heavy [GET],42.100000,0.000000,91,210,360,500,780,1200,1600,2000,2300,2300,2300,9914,8,95,426.6947517114281,1.5872470030444674,19844.133311002224,51.95803913657454
1781568196,168,GET,/api/products [GET],91.300000,0.000000,35,82,140,200,420,630,820,900,1800,1800,1800,19692,11,41,273.65507310534707,0.7646369995200075,36473.63180299726,119.93296770262036
1781568196,168,,Aggregated,214.600000,0.000000,75,210,360,480,900,1500,1900,2300,3100,3100,3100,49198,29,90,466.7900874829018,0.7646369995200075,135192.1857769994,76.38566608398716
1781568197,166,GET,/api/load/cpu-heavy [GET],81.200000,0.000000,250,500,740,920,1500,1900,2500,2800,3200,3200,3200,19657,10,240.0,680.893214598882,7.26743700215593,135192.1857769994,44.97710739176883
1781568197,166,GET,/api/load/memory-heavy [GET],42.100000,0.000000,110,240,380,510,750,1100,1500,1900,2300,2300,2300,9964,8,95,426.1968039982056,1.5872470030444674,19844.133311002224,51.9582496989161
1781568197,166,GET,/api/products [GET],91.200000,0.000000,36,88,150,200,400,610,810,900,1800,1800,1800,19755,11,41,273.14699784745403,0.7646369995200075,36473.63180299726,119.9331814730448
1781568197,166,,Aggregated,214.500000,0.000000,82,230,390,500,890,1400,2000,2400,3100,3200,3200,49376,29,90,466.35940167054395,0.7646369995200075,135192.1857769994,76.37530379131562
1781568198,164,GET,/api/load/cpu-heavy [GET],79.600000,0.000000,260,500,740,920,1400,1900,2500,2800,3200,3200,3200,19747,10,240.0,680.0480299262273,7.26743700215593,135192.1857769994,44.977211728363805
1781568198,164,GET,/api/load/memory-heavy [GET],42.000000,0.000000,95,230,380,500,770,1000,1300,1900,2300,2300,2300,9995,8,95,425.9907505254738,1.5872470030444674,19844.133311002224,51.958379189594794
1781568198,164,GET,/api/products [GET],89.300000,0.000000,34,84,150,200,410,610,810,900,1800,1800,1800,19827,11,41,272.50747161348096,0.7646369995200075,36473.63180299726,119.93342411862612
1781568198,164,,Aggregated,210.900000,0.000000,78,230,390,500,890,1400,1900,2300,3100,3200,3200,49569,29,90,465.80910726736084,0.7646369995200075,135192.1857769994,76.36645887550686
1781568199,162,GET,/api/load/cpu-heavy [GET],79.100000,0.000000,250,480,730,900,1400,1800,2400,2700,3200,3200,3200,19822,10,240.0,678.9130364282215,7.26743700215593,135192.1857769994,44.97729795177076
1781568199,162,GET,/api/load/memory-heavy [GET],42.600000,0.000000,110,250,400,510,780,1000,1300,1500,2300,2300,2300,10035,8,95,425.5702695781861,1.5872470030444674,19844.133311002224,51.95854509217738
1781568199,162,GET,/api/products [GET],85.700000,0.000000,40,93,180,220,430,660,860,1000,1800,1800,1800,19906,11,41,272.42091786594364,0.7646369995200075,36473.63180299726,119.93368833517532
1781568199,162,,Aggregated,207.400000,0.000000,87,240,390,500,900,1300,1800,2300,3100,3200,3200,49763,29,90,465.2216034872651,0.7646369995200075,135192.1857769994,76.36886843638848
1781568200,161,GET,/api/load/cpu-heavy [GET],77.700000,0.000000,230,500,730,900,1400,1800,2300,2600,3200,3200,3200,19912,10,240.0,678.0248744287964,7.26743700215593,135192.1857769994,44.97740056247489
1781568200,161,GET,/api/load/memory-heavy [GET],42.300000,0.000000,92,250,400,510,760,990,1300,1500,2300,2300,2300,10074,8,95,424.7884156920894,1.5872470030444674,19844.133311002224,51.95870557871749
1781568200,161,GET,/api/products [GET],85.500000,0.000000,37,89,160,200,400,620,830,970,1800,1800,1800,20013,11,41,271.38640880834754,0.7646369995200075,36473.63180299726,119.93404287213312
1781568200,161,,Aggregated,205.500000,0.000000,80,220,380,510,880,1300,1800,2200,3000,3200,3200,49999,29,90,464.23740472388965,0.7646369995200075,135192.1857769994,76.38676773535471
1781568201,159,GET,/api/load/cpu-heavy [GET],78.500000,0.000000,200,500,710,880,1300,1700,2200,2500,3200,3200,3200,19995,10,240.0,676.4959670682797,7.26743700215593,135192.1857769994,44.9774943735934
1781568201,159,GET,/api/load/memory-heavy [GET],41.700000,0.000000,80,230,380,500,780,990,1300,1500,2300,2300,2300,10118,8,94,423.6434402989818,1.5872470030444674,19844.133311002224,51.95888515516901
1781568201,159,GET,/api/products [GET],84.400000,0.000000,32,84,150,190,390,620,840,1000,1800,1800,1800,20071,11,41,270.9356281701679,0.7646369995200075,36473.63180299726,119.93423347117732
1781568201,159,,Aggregated,204.600000,0.000000,73,210,380,510,880,1200,1800,2100,3000,3200,3200,50184,29,90,463.31321105290095,0.7646369995200075,135192.1857769994,76.36388091822094
1781568202,157,GET,/api/load/cpu-heavy [GET],79.500000,0.000000,190,480,700,880,1300,1700,2200,2400,3200,3200,3200,20062,10,240.0,675.286497812844,7.26743700215593,135192.1857769994,44.97756953444323
1781568202,157,GET,/api/load/memory-heavy [GET],41.400000,0.000000,81,240,380,500,800,1000,1300,1600,2300,2300,2300,10151,8,94,422.9872664367156,1.5872470030444674,19844.133311002224,51.959018815880206
1781568202,157,GET,/api/products [GET],82.600000,0.000000,32,87,150,200,390,600,860,1000,1800,1800,1800,20159,11,41,270.3254478984774,0.7646369995200075,36473.63180299726,119.93452056153579
1781568202,157,,Aggregated,203.500000,0.000000,73,210,370,500,880,1200,1700,2100,2900,3200,3200,50372,29,89,462.37656167922245,0.7646369995200075,135192.1857769994,76.38243468593663
1781568203,155,GET,/api/load/cpu-heavy [GET],78.900000,0.000000,180,490,700,880,1300,1600,2100,2400,3200,3200,3200,20141,10,240.0,674.4259692454345,7.26743700215593,135192.1857769994,44.97765751452262
1781568203,155,GET,/api/load/memory-heavy [GET],42.800000,0.000000,69,230,400,500,800,1100,1400,1600,2300,2300,2300,10182,8,94,422.74009117188,1.5872470030444674,19844.133311002224,51.959143586721666
1781568203,155,GET,/api/products [GET],83.000000,0.000000,28,86,170,210,430,640,940,1000,1800,1800,1800,20227,11,40,269.99293068331656,0.7646369995200075,36473.63180299726,119.93474069313294
1781568203,155,,Aggregated,204.700000,0.000000,67,220,380,520,900,1300,1600,1900,2900,3200,3200,50550,29,89,461.9010892940821,0.7646369995200075,135192.1857769994,76.37711177052424
1781568204,153,GET,/api/load/cpu-heavy [GET],78.300000,0.000000,160,490,730,900,1300,1700,2300,2600,3200,3200,3200,20239,10,230.0,673.5298976879939,7.26743700215593,135192.1857769994,44.977765699886355
1781568204,153,GET,/api/load/memory-heavy [GET],42.400000,0.000000,62,230,400,510,860,1100,1400,1600,2300,2300,2300,10222,8,94,421.96246674858884,1.5872470030444674,19844.133311002224,51.959303463118765
1781568204,153,GET,/api/products [GET],82.200000,0.000000,26,83,160,200,440,660,970,1100,1800,1800,1800,20306,11,40,269.3897579390054,0.7646369995200075,36473.63180299726,119.93499458288191
1781568204,153,,Aggregated,202.900000,0.000000,62,200,380,540,950,1300,1800,2200,2900,3200,3200,50767,29,89,461.2267882506522,0.7646369995200075,135192.1857769994,76.36521756258988
1781568205,151,GET,/api/load/cpu-heavy [GET],77.900000,0.000000,140,470,700,890,1300,1600,2200,2600,3200,3200,3200,20301,10,230.0,672.216591687912,7.26743700215593,135192.1857769994,44.97783360425595
1781568205,151,GET,/api/load/memory-heavy [GET],40.600000,0.000000,54,200,410,510,860,1100,1400,1600,2300,2300,2300,10261,8,93,420.9528680680332,1.5872470030444674,19844.133311002224,51.95945814248124
1781568205,151,GET,/api/products [GET],79.600000,0.000000,19,72,150,200,460,650,940,1000,1500,1500,1500,20383,11,40,268.7446339100433,0.7646369995200075,36473.63180299726,119.93524015110631
1781568205,151,,Aggregated,198.100000,0.000000,58,190,370,540,930,1200,1700,2200,2900,3200,3200,50945,29,88,460.1803568572147,0.7646369995200075,135192.1857769994,76.3743448817352
1781568206,149,GET,/api/load/cpu-heavy [GET],78.900000,0.000000,99,360,660,870,1300,1600,2100,2300,2900,2900,2900,20371,10,230.0,671.3514238393933,7.26743700215593,135192.1857769994,44.9779097736979
1781568206,149,GET,/api/load/memory-heavy [GET],39.500000,0.000000,33,150,340,510,890,1100,1400,1600,1700,1700,1700,10299,8,92,420.07191631518464,1.5872470030444674,19844.133311002224,51.959607728905716
1781568206,149,GET,/api/products [GET],78.300000,0.000000,14,60,140,200,500,720,940,1100,1500,1500,1500,20460,11,40,268.26255267607144,0.7646369995200075,36473.63180299726,119.93548387096774
1781568206,149,,Aggregated,196.700000,0.000000,37,150,320,500,930,1300,1700,2000,2800,2900,2900,51130,29,87,459.4381449034772,0.7646369995200075,135192.1857769994,76.37897516135341
1781568207,147,GET,/api/load/cpu-heavy [GET],78.500000,0.000000,87,270,660,900,1400,1700,2100,2300,2900,2900,2900,20447,10,230.0,670.6413107651144,7.26743700215593,135192.1857769994,44.977991881449604
1781568207,147,GET,/api/load/memory-heavy [GET],38.700000,0.000000,35,130,320,520,970,1200,1400,1700,1900,1900,1900,10337,8,92,419.99725483622746,1.5872470030444674,19844.133311002224,51.95975621553642
1781568207,147,GET,/api/products [GET],75.600000,0.000000,13,51,97,180,540,760,980,1100,1500,1500,1500,20522,11,39,267.85224188424394,0.7646369995200075,36473.63180299726,119.93567878374428
1781568207,147,,Aggregated,192.800000,0.000000,34,130,290,490,990,1400,1700,2000,2800,2900,2900,51306,29,87,459.029708268133,0.7646369995200075,135192.1857769994,76.36715004093088
1781568208,145,GET,/api/load/cpu-heavy [GET],78.100000,0.000000,85,290,660,880,1400,1800,2100,2300,2900,2900,2900,20523,10,230.0,669.979053840146,7.26743700215593,135192.1857769994,44.978073381084634
1781568208,145,GET,/api/load/memory-heavy [GET],38.100000,0.000000,36,140,320,470,830,1100,1400,1700,1900,1900,1900,10371,8,92,419.4601047439083,1.5872470030444674,19844.133311002224,51.95988814964806
1781568208,145,GET,/api/products [GET],75.900000,0.000000,13,57,120,210,540,730,930,1100,1500,1500,1500,20595,11,40,267.5752941049514,0.7646369995200075,36473.63180299726,119.93590677348871
1781568208,145,,Aggregated,192.100000,0.000000,36,140,310,490,940,1400,1800,2000,2800,2900,2900,51489,29,87,458.5622958370117,0.7646369995200075,135192.1857769994,76.36662199693139
1781568209,143,GET,/api/load/cpu-heavy [GET],78.600000,0.000000,76,270,630,880,1400,1700,2000,2200,2900,2900,2900,20581,10,230.0,669.1383412741517,7.26743700215593,135192.1857769994,44.978135173218014
1781568209,143,GET,/api/load/memory-heavy [GET],37.400000,0.000000,33,160,330,460,800,1100,1400,1700,2100,2100,2100,10418,8,92,418.7206391657779,1.5872470030444674,19844.133311002224,51.96006911115377
1781568209,143,GET,/api/products [GET],76.800000,0.000000,10,51,120,230,510,710,870,990,1300,1300,1300,20661,11,39,267.0986353265804,0.7646369995200075,36473.63180299726,119.9361115144475
1781568209,143,,Aggregated,192.800000,0.000000,32,130,300,470,900,1300,1700,2000,2800,2900,2900,51660,29,87,457.84538763211157,0.7646369995200075,135192.1857769994,76.36498257839722
1781568210,142,GET,/api/load/cpu-heavy [GET],77.900000,0.000000,79,280,660,890,1400,1700,2000,2200,2900,2900,2900,20646,10,230.0,668.0386406859594,7.26743700215593,135192.1857769994,44.97820401046207
1781568210,142,GET,/api/load/memory-heavy [GET],37.600000,0.000000,26,170,400,520,840,1200,1400,1700,2100,2100,2100,10453,8,92,418.4935087551953,1.5872470030444674,19844.133311002224,51.960202812589685
1781568210,142,GET,/api/products [GET],75.900000,0.000000,9,51,140,280,570,760,890,1000,1300,1300,1300,20735,11,39,266.89031681719246,0.7646369995200075,36473.63180299726,119.93633952254642
1781568210,142,,Aggregated,191.400000,0.000000,32,150,360,520,940,1300,1700,1900,2800,2900,2900,51834,29,87,457.24445618367974,0.7646369995200075,135192.1857769994,76.37149361423005
1781568211,140,GET,/api/load/cpu-heavy [GET],76.100000,0.000000,74,260,660,900,1400,1700,2000,2200,2900,2900,2900,20707,10,230.0,666.8946761205539,7.26743700215593,135192.1857769994,44.97826821847684
1781568211,140,GET,/api/load/memory-heavy [GET],38.800000,0.000000,24,170,410,550,840,1200,1400,1700,2100,2100,2100,10491,8,92,417.8879887302512,1.5872470030444674,19844.133311002224,51.960346964064435
1781568211,140,GET,/api/products [GET],75.300000,0.000000,8,51,140,290,560,720,890,1000,1300,1300,1300,20811,11,39,266.29010926209423,0.7646369995200075,36473.63180299726,119.93657200518956
1781568211,140,,Aggregated,190.200000,0.000000,27,140,350,500,930,1300,1700,1900,2800,2900,2900,52009,29,87,456.3674443279198,0.7646369995200075,135192.1857769994,76.38064565748236
1781568212,138,GET,/api/load/cpu-heavy [GET],73.500000,0.000000,76,270,660,890,1400,1700,2000,2200,2900,2900,2900,20784,10,230.0,666.0284119814908,7.26743700215593,135192.1857769994,44.978348729792145
1781568212,138,GET,/api/load/memory-heavy [GET],38.100000,0.000000,24,170,440,600,840,1200,1400,1700,2100,2100,2100,10523,8,91,417.4153366368949,1.5872470030444674,19844.133311002224,51.96046754727739
1781568212,138,GET,/api/products [GET],74.600000,0.000000,8,58,180,310,570,760,990,1100,1300,1300,1300,20891,11,39,266.0772921730131,0.7646369995200075,36473.63180299726,119.93681489636685
1781568212,138,,Aggregated,186.200000,0.000000,28,150,360,520,940,1300,1700,1900,2800,2900,2900,52198,29,86,455.8377105030794,0.7646369995200075,135192.1857769994,76.38626000996207
1781568213,136,GET,/api/load/cpu-heavy [GET],73.100000,0.000000,73,290,650,860,1300,1700,1900,2100,2900,2900,2900,20843,10,230.0,665.0945118487882,7.26743700215593,135192.1857769994,44.97841001775176
1781568213,136,GET,/api/load/memory-heavy [GET],37.200000,0.000000,20,160,410,560,820,1100,1300,1400,2100,2100,2100,10561,8,91,416.5107604959778,1.5872470030444674,19844.133311002224,51.96060979073951
1781568213,136,GET,/api/products [GET],73.200000,0.000000,8,64,170,290,540,750,930,1100,1300,1300,1300,20968,11,39,265.5008117871238,0.7646369995200075,36473.63180299726,119.93704692865319
1781568213,136,,Aggregated,183.500000,0.000000,26,150,350,490,890,1300,1700,1800,2800,2900,2900,52372,29,86,454.9827402737094,0.7646369995200075,135192.1857769994,76.39733063469029
1781568214,134,GET,/api/load/cpu-heavy [GET],71.300000,0.000000,72,290,620,840,1300,1600,1800,1900,2700,2700,2700,20909,10,230.0,663.9273481031769,7.26743700215593,135192.1857769994,44.97847816729638
1781568214,134,GET,/api/load/memory-heavy [GET],36.700000,0.000000,20,180,450,610,830,1000,1300,1400,2100,2100,2100,10596,8,91,415.8712363348461,1.5872470030444674,19844.133311002224,51.960739901849756
1781568214,134,GET,/api/products [GET],72.100000,0.000000,9,72,190,310,550,750,920,1000,1300,1300,1300,21037,11,39,265.0695875727241,0.7646369995200075,36473.63180299726,119.93725341065742
1781568214,134,,Aggregated,180.100000,0.000000,27,150,360,500,890,1300,1600,1800,2100,2700,2700,52542,29,86,454.20611045374653,0.7646369995200075,135192.1857769994,76.39889992767691
1781568215,132,GET,/api/load/cpu-heavy [GET],71.300000,0.000000,78,310,630,860,1300,1600,1800,1900,2700,2700,2700,20983,10,220.0,662.7031077651098,7.26743700215593,135192.1857769994,44.978554067578514
1781568215,132,GET,/api/load/memory-heavy [GET],37.000000,0.000000,26,180,410,590,830,1100,1300,1400,2100,2100,2100,10627,8,90,415.11093655584835,1.5872470030444674,19844.133311002224,51.9608544274019
1781568215,132,GET,/api/products [GET],73.600000,0.000000,11,87,190,300,530,720,910,1000,1300,1300,1300,21108,11,39,264.5384818869821,0.7646369995200075,36473.63180299726,119.93746446844798
1781568215,132,,Aggregated,181.900000,0.000000,33,160,370,500,890,1300,1600,1800,2100,2700,2700,52718,29,86,453.37003506742946,0.7646369995200075,135192.1857769994,76.39919951439735
1781568216,130,GET,/api/load/cpu-heavy [GET],68.600000,0.000000,92,310,580,770,1200,1400,1800,1800,2700,2700,2700,21059,10,220.0,661.6916845390242,7.26743700215593,135192.1857769994,44.97863146398215
1781568216,130,GET,/api/load/memory-heavy [GET],37.500000,0.000000,38,180,410,550,800,1000,1300,1400,2100,2100,2100,10666,8,90,414.271638877928,1.5872470030444674,19844.133311002224,51.96099756234765
1781568216,130,GET,/api/products [GET],72.300000,0.000000,15,91,190,290,480,660,890,1000,1300,1300,1300,21182,11,39,263.93896354774824,0.7646369995200075,36473.63180299726,119.93768293834388
1781568216,130,,Aggregated,178.400000,0.000000,41,170,350,460,820,1100,1400,1700,2100,2700,2700,52907,29,85,452.56660953839247,0.7646369995200075,135192.1857769994,76.39709301226681
1781568217,128,GET,/api/load/cpu-heavy [GET],67.500000,0.000000,75,310,560,750,1100,1300,1600,1800,2700,2700,2700,21130,10,220.0,660.1632891171467,7.26743700215593,135192.1857769994,44.97870326549929
1781568217,128,GET,/api/load/memory-heavy [GET],37.000000,0.000000,21,150,340,460,760,940,1200,1300,2100,2100,2100,10700,8,90,413.3283325483161,1.5872470030444674,19844.133311002224,51.961121495327106
1781568217,128,GET,/api/products [GET],73.500000,0.000000,9,77,160,230,450,650,850,1000,1200,1200,1200,21257,11,38,263.12426194568326,0.7646369995200075,36473.63180299726,119.93790280848661
1781568217,128,,Aggregated,178.000000,0.000000,28,150,330,430,790,1100,1300,1500,2100,2700,2700,53087,29,85,451.4305930546409,0.7646369995200075,135192.1857769994,76.40107747659502
1781568218,126,GET,/api/load/cpu-heavy [GET],68.900000,0.000000,46,300,530,700,1000,1300,1500,1700,2100,2100,2100,21187,10,220.0,658.9741212084422,7.26743700215593,135192.1857769994,44.9787605607212
1781568218,126,GET,/api/load/memory-heavy [GET],37.200000,0.000000,18,130,280,420,750,930,1200,1300,1400,1400,1400,10735,8,90,412.36260149715383,1.5872470030444674,19844.133311002224,51.9612482533768
1781568218,126,GET,/api/products [GET],71.500000,0.000000,6,61,150,210,410,620,810,1000,1200,1200,1200,21334,11,38,262.4066448044154,0.7646369995200075,36473.63180299726,119.93812693353333
1781568218,126,,Aggregated,177.600000,0.000000,21,120,280,400,760,1000,1300,1400,1900,2100,2100,53256,29,84,450.4014682547065,0.7646369995200075,135192.1857769994,76.4144697311101
1781568219,124,GET,/api/load/cpu-heavy [GET],66.800000,0.000000,39,310,540,700,1000,1300,1500,1700,2100,2100,2100,21259,10,220.0,657.795938232665,7.26743700215593,135192.1857769994,44.97883249447293
1781568219,124,GET,/api/load/memory-heavy [GET],37.000000,0.000000,14,110,230,400,740,970,1200,1300,1400,1400,1400,10769,8,89,411.426848570799,1.5872470030444674,19844.133311002224,51.96137060079859
1781568219,124,GET,/api/products [GET],72.700000,0.000000,5,57,140,190,380,570,810,1000,1200,1200,1200,21408,11,38,261.84747976655524,0.7646369995200075,36473.63180299726,119.93834080717488
1781568219,124,,Aggregated,176.500000,0.000000,20,110,270,380,740,1000,1300,1400,1800,2100,2100,53436,29,84,449.51662605714546,0.7646369995200075,135192.1857769994,76.41696609027622
1781568220,123,GET,/api/load/cpu-heavy [GET],67.700000,0.000000,38,300,520,680,1000,1300,1400,1600,2100,2100,2100,21319,10,220.0,656.5392365166374,7.26743700215593,135192.1857769994,44.97889206810826
1781568220,123,GET,/api/load/memory-heavy [GET],35.600000,0.000000,11,81,180,270,640,810,1100,1300,1300,1300,1300,10805,8,88,410.45705531151617,1.5872470030444674,19844.133311002224,51.961499305876906
1781568220,123,GET,/api/products [GET],73.800000,0.000000,5,46,100,170,350,490,720,920,1200,1200,1200,21484,11,38,261.0229195261797,0.7646369995200075,36473.63180299726,119.93855892757401
1781568220,123,,Aggregated,177.100000,0.000000,17,90,220,350,690,970,1300,1400,1800,2100,2100,53608,29,83,448.43241436053637,0.7646369995200075,135192.1857769994,76.42719370243248
1781568221,121,GET,/api/load/cpu-heavy [GET],66.800000,0.000000,39,320,540,660,960,1200,1300,1500,2100,2100,2100,21392,10,220.0,655.3468782192035,7.26743700215593,135192.1857769994,44.9789640987285
1781568221,121,GET,/api/load/memory-heavy [GET],34.500000,0.000000,10,58,160,250,580,790,1000,1200,1300,1300,1300,10845,8,87,409.2582072898999,1.5872470030444674,19844.133311002224,51.96164130935915
1781568221,121,GET,/api/products [GET],74.500000,0.000000,5,40,94,160,350,460,660,830,1200,1200,1200,21554,11,38,260.38771349635584,0.7646369995200075,36473.63180299726,119.93875846710587
1781568221,121,,Aggregated,175.800000,0.000000,17,84,220,350,660,910,1200,1300,1800,2100,2100,53791,29,83,447.472299336779,0.7646369995200075,135192.1857769994,76.4230819282036
1781568222,119,GET,/api/load/cpu-heavy [GET],67.900000,0.000000,36,300,510,610,860,1100,1300,1400,2100,2100,2100,21467,10,220.0,653.9428445209951,7.26743700215593,135192.1857769994,44.979037592583964
1781568222,119,GET,/api/load/memory-heavy [GET],35.500000,0.000000,10,62,150,230,530,740,1000,1300,1400,1400,1400,10880,8,87,408.55338855459155,1.5872470030444674,19844.133311002224,51.96176470588235
1781568222,119,GET,/api/products [GET],74.800000,0.000000,4,35,87,140,320,420,530,640,830,830,830,21617,11,38,259.88739680776416,0.7646369995200075,36473.63180299726,119.93893694777259
1781568222,119,,Aggregated,178.200000,0.000000,17,75,200,320,610,830,1200,1300,1600,2100,2100,53964,29,82,446.6169625602192,0.7646369995200075,135192.1857769994,76.41444296197464
1781568223,117,GET,/api/load/cpu-heavy [GET],67.600000,0.000000,34,260,480,600,860,1100,1300,1400,2100,2100,2100,21534,10,220.0,652.4591910561547,7.26743700215593,135192.1857769994,44.97910281415436
1781568223,117,GET,/api/load/memory-heavy [GET],35.300000,0.000000,10,58,130,210,530,800,1100,1300,1400,1400,1400,10915,8,86,407.68082142051804,1.5872470030444674,19844.133311002224,51.96188731103985
1781568223,117,GET,/api/products [GET],74.100000,0.000000,4,30,67,110,270,390,570,640,830,830,830,21683,11,37,259.2108274186878,0.7646369995200075,36473.63180299726,119.9391228151086
1781568223,117,,Aggregated,177.000000,0.000000,17,66,170,290,610,830,1100,1300,1600,2100,2100,54132,29,82,445.5841416708724,0.7646369995200075,135192.1857769994,76.41291657429986
1781568224,115,GET,/api/load/cpu-heavy [GET],67.300000,0.000000,32,210,460,550,810,1100,1300,1400,2100,2100,2100,21599,10,220.0,651.1544216188367,7.26743700215593,135192.1857769994,44.979165702115836
1781568224,115,GET,/api/load/memory-heavy [GET],35.700000,0.000000,10,45,130,200,510,770,1100,1200,1400,1400,1400,10946,8,86,406.95536734276965,1.5872470030444674,19844.133311002224,51.96199524940618
1781568224,115,GET,/api/products [GET],73.100000,0.000000,3,22,60,96,270,390,570,630,810,810,810,21757,11,37,258.6784614222734,0.7646369995200075,36473.63180299726,119.93932987084617
1781568224,115,,Aggregated,176.100000,0.000000,15,57,160,280,570,800,1100,1300,1600,2100,2100,54302,29,81,444.6776378152497,0.7646369995200075,135192.1857769994,76.42077639865936
1781568225,113,GET,/api/load/cpu-heavy [GET],67.500000,0.000000,37,220,410,530,770,990,1200,1400,1600,1600,1600,21669,10,220.0,649.6931507752194,7.26743700215593,135192.1857769994,44.97923300567631
1781568225,113,GET,/api/load/memory-heavy [GET],36.100000,0.000000,10,44,120,210,450,700,1100,1200,1400,1400,1400,10979,8,86,406.143691946165,1.5872470030444674,19844.133311002224,51.96210948173786
1781568225,113,GET,/api/products [GET],72.000000,0.000000,4,24,61,96,260,380,500,590,700,700,700,21824,11,37,258.13120283025245,0.7646369995200075,36473.63180299726,119.93951612903226
1781568225,113,,Aggregated,175.600000,0.000000,15,61,160,270,530,750,1100,1200,1600,1600,1600,54472,29,81,443.7271965155066,0.7646369995200075,135192.1857769994,76.41920619767954
1781568226,111,GET,/api/load/cpu-heavy [GET],68.300000,0.000000,34,170,380,500,760,1000,1100,1400,1600,1600,1600,21736,10,210.0,648.3762385868254,7.26743700215593,135192.1857769994,44.9792970187707
1781568226,111,GET,/api/load/memory-heavy [GET],34.800000,0.000000,10,40,120,200,450,690,1100,1200,1400,1400,1400,11019,8,85,405.12771021625656,1.5872470030444674,19844.133311002224,51.96224702786097
1781568226,111,GET,/api/products [GET],72.000000,0.000000,4,24,67,110,260,370,500,590,700,700,700,21886,11,37,257.627633749586,0.7646369995200075,36473.63180299726,119.93968747144294
1781568226,111,,Aggregated,175.100000,0.000000,15,61,160,260,530,740,1000,1200,1600,1600,1600,54641,29,81,442.8111958609775,0.7646369995200075,135192.1857769994,76.41225453414103
1781568227,109,GET,/api/load/cpu-heavy [GET],69.100000,0.000000,37,200,380,480,740,1000,1100,1400,1600,1600,1600,21785,10,210.0,647.2283804654215,7.26743700215593,135192.1857769994,44.97934358503557
1781568227,109,GET,/api/load/memory-heavy [GET],35.500000,0.000000,10,41,120,180,440,690,1100,1200,1400,1400,1400,11063,8,84,403.8168621344041,1.5872470030444674,19844.133311002224,51.96239717978848
1781568227,109,GET,/api/products [GET],70.000000,0.000000,4,25,62,95,260,380,530,590,700,700,700,21959,11,37,256.8941646465881,0.7646369995200075,36473.63180299726,119.93988797304067
1781568227,109,,Aggregated,174.600000,0.000000,16,63,150,250,520,710,1000,1200,1600,1600,1600,54807,29,81,441.70334402004505,0.7646369995200075,135192.1857769994,76.42262849635995
1781568228,107,GET,/api/load/cpu-heavy [GET],66.700000,0.000000,37,160,330,420,690,1000,1100,1400,1600,1600,1600,21845,10,210.0,645.8039201042448,7.26743700215593,135192.1857769994,44.97940032043946
1781568228,107,GET,/api/load/memory-heavy [GET],34.800000,0.000000,10,41,120,160,440,690,1100,1200,1400,1400,1400,11102,8,84,402.8054269879215,1.5872470030444674,19844.133311002224,51.96252927400469
1781568228,107,GET,/api/products [GET],71.800000,0.000000,4,27,62,90,250,380,530,590,700,700,700,22017,11,36,256.2971134873265,0.7646369995200075,36473.63180299726,119.94004632783758
1781568228,107,,Aggregated,173.300000,0.000000,16,62,140,220,480,690,1000,1200,1600,1600,1600,54964,29,80,440.69620174564494,0.7646369995200075,135192.1857769994,76.41698202459791
1781568229,105,GET,/api/load/cpu-heavy [GET],66.900000,0.000000,32,140,320,400,680,1000,1100,1400,1600,1600,1600,21903,10,210.0,644.5945345104909,7.26743700215593,135192.1857769994,44.979454869196
1781568229,105,GET,/api/load/memory-heavy [GET],34.900000,0.000000,10,36,120,160,440,680,860,1100,1400,1400,1400,11126,8,83,402.0836452349369,1.5872470030444674,19844.133311002224,51.9626101024627
1781568229,105,GET,/api/products [GET],70.200000,0.000000,3,15,50,72,200,350,490,580,700,700,700,22072,11,36,255.69458013671044,0.7646369995200075,36473.63180299726,119.94019572308808
1781568229,105,,Aggregated,172.000000,0.000000,15,53,120,200,470,680,1000,1100,1500,1600,1600,55101,29,80,439.8436961043304,0.7646369995200075,135192.1857769994,76.41678009473512
1781568230,104,GET,/api/load/cpu-heavy [GET],66.300000,0.000000,30,140,300,390,710,1000,1400,1500,2100,2100,2100,21968,10,210.0,643.7577324345997,7.26743700215593,135192.1857769994,44.97951565914057
1781568230,104,GET,/api/load/memory-heavy [GET],36.500000,0.000000,10,40,110,150,440,680,1100,1200,1500,1500,1500,11161,8,83,401.11374973971203,1.5872470030444674,19844.133311002224,51.962727354179734
1781568230,104,GET,/api/products [GET],68.600000,0.000000,3,20,54,77,200,350,550,630,1100,1100,1100,22135,11,36,255.21310034007118,0.7646369995200075,36473.63180299726,119.94036593629998
1781568230,104,,Aggregated,171.400000,0.000000,15,56,120,190,470,710,1100,1400,2000,2100,2100,55264,29,79,439.1293138932349,0.7646369995200075,135192.1857769994,76.41404892877823
1781568231,102,GET,/api/load/cpu-heavy [GET],64.200000,0.000000,28,140,290,370,640,1000,1400,1500,2100,2100,2100,22019,10,210.0,642.6621596091691,7.26743700215593,135192.1857769994,44.97956310459149
1781568231,102,GET,/api/load/memory-heavy [GET],37.100000,0.000000,9,39,94,150,390,640,1100,1200,1500,1500,1500,11186,8,82,400.36458230930896,1.5872470030444674,19844.133311002224,51.96281065617737
1781568231,102,GET,/api/products [GET],66.600000,0.000000,3,20,50,74,190,350,550,630,1100,1100,1100,22209,11,36,254.4782097050052,0.7646369995200075,36473.63180299726,119.9405646359584
1781568231,102,,Aggregated,167.900000,0.000000,14,51,110,170,420,680,1100,1400,2000,2100,2100,55414,29,79,438.1737984892756,0.7646369995200075,135192.1857769994,76.43232757065002
1781568232,100,GET,/api/load/cpu-heavy [GET],63.700000,0.000000,25,140,270,350,620,970,1400,1600,2100,2100,2100,22080,10,210.0,641.2799687192174,7.26743700215593,135192.1857769994,44.97961956521739
1781568232,100,GET,/api/load/memory-heavy [GET],35.500000,0.000000,9,37,89,130,300,630,840,1100,1500,1500,1500,11217,8,81,399.3548693960901,1.5872470030444674,19844.133311002224,51.96291343496478
1781568232,100,GET,/api/products [GET],65.500000,0.000000,3,19,46,71,170,300,550,630,1100,1100,1100,22287,11,35,253.71092145593576,0.7646369995200075,36473.63180299726,119.94077264773186
1781568232,100,,Aggregated,164.700000,0.000000,13,45,110,160,380,630,1000,1200,2000,2100,2100,55584,29,78,437.05887640012844,0.7646369995200075,135192.1857769994,76.44534398388025
1781568233,98,GET,/api/load/cpu-heavy [GET],63.200000,0.000000,23,140,260,340,610,950,1400,1600,2100,2100,2100,22148,10,210.0,639.7501416773241,7.26743700215593,135192.1857769994,44.97968213834206
1781568233,98,GET,/api/load/memory-heavy [GET],34.600000,0.000000,9,35,81,130,280,590,710,860,1500,1500,1500,11243,8,81,398.6032896881548,1.5872470030444674,19844.133311002224,51.962999199501915
1781568233,98,GET,/api/products [GET],63.900000,0.000000,3,19,46,65,170,260,490,630,1100,1100,1100,22358,11,35,253.0056043462931,0.7646369995200075,36473.63180299726,119.94096072994007
1781568233,98,,Aggregated,161.700000,0.000000,12,42,98,160,360,610,970,1200,2000,2100,2100,55749,29,78,436.0146769593669,0.7646369995200075,135192.1857769994,76.45105741807028
1781568234,96,GET,/api/load/cpu-heavy [GET],62.800000,0.000000,20,97,200,310,530,800,1400,1600,2100,2100,2100,22207,10,210.0,638.2104452807383,7.26743700215593,135192.1857769994,44.97973611924168
1781568234,96,GET,/api/load/memory-heavy [GET],33.700000,0.000000,8,25,72,100,260,470,660,710,1500,1500,1500,11270,8,81,397.71593982501577,1.5872470030444674,19844.133311002224,51.963087843833186
1781568234,96,GET,/api/products [GET],65.500000,0.000000,2,12,42,62,160,250,360,490,1100,1100,1100,22413,11,35,252.46669071915537,0.7646369995200075,36473.63180299726,119.9411056083523
1781568234,96,,Aggregated,162.000000,0.000000,12,32,81,140,320,540,850,1100,2000,2100,2100,55890,29,77,435.02476184050363,0.7646369995200075,135192.1857769994,76.44889962426194
1781568235,94,GET,/api/load/cpu-heavy [GET],61.700000,0.000000,18,70,200,310,610,940,1400,1600,2100,2100,2100,22261,10,200.0,637.151066518904,7.26743700215593,135192.1857769994,44.97978527469566
1781568235,94,GET,/api/load/memory-heavy [GET],32.600000,0.000000,8,24,72,100,260,520,680,800,1500,1500,1500,11292,8,80,397.13920818641026,1.5872470030444674,19844.133311002224,51.9631597591215
1781568235,94,GET,/api/products [GET],67.000000,0.000000,2,8,32,50,140,230,390,590,1100,1100,1100,22476,11,35,251.92987498475915,0.7646369995200075,36473.63180299726,119.94127068873465
1781568235,94,,Aggregated,161.300000,0.000000,11,25,69,120,320,600,950,1200,2000,2100,2100,56029,29,77,434.24818755958046,0.7646369995200075,135192.1857769994,76.45795927109175
1781568236,92,GET,/api/load/cpu-heavy [GET],61.000000,0.000000,18,54,160,260,530,850,1400,1600,2100,2100,2100,22333,10,200.0,635.4142867753261,7.26743700215593,135192.1857769994,44.97985044552904
1781568236,92,GET,/api/load/memory-heavy [GET],33.000000,0.000000,7,15,43,78,210,330,640,800,1500,1500,1500,11325,8,80,396.025471712049,1.5872470030444674,19844.133311002224,51.96326710816777
1781568236,92,GET,/api/products [GET],66.100000,0.000000,2,6,25,42,100,180,330,590,1100,1100,1100,22553,11,34,251.11981960091805,0.7646369995200075,36473.63180299726,119.94147120117057
1781568236,92,,Aggregated,160.100000,0.000000,11,22,52,84,270,540,850,1200,2000,2100,2100,56211,29,76,432.9971184492689,0.7646369995200075,135192.1857769994,76.46295209122769
1781568237,90,GET,/api/load/cpu-heavy [GET],59.600000,0.000000,18,54,150,230,570,850,1400,1600,2100,2100,2100,22394,10,200.0,633.9794075480197,7.26743700215593,135192.1857769994,44.9799053317853
1781568237,90,GET,/api/load/memory-heavy [GET],30.900000,0.000000,8,14,41,72,230,370,640,800,1500,1500,1500,11347,8,79,395.40520562192086,1.5872470030444674,19844.133311002224,51.963338327311185
1781568237,90,GET,/api/products [GET],65.900000,0.000000,2,7,25,43,100,180,330,580,1100,1100,1100,22612,11,34,250.51874814848213,0.7646369995200075,36473.63180299726,119.94162391650451
1781568237,90,,Aggregated,156.400000,0.000000,11,22,52,83,260,550,860,1200,2000,2100,2100,56353,29,76,432.0750919020426,0.7646369995200075,135192.1857769994,76.46492644579703
1781568238,88,GET,/api/load/cpu-heavy [GET],59.700000,0.000000,18,69,160,250,500,790,1400,1600,2100,2100,2100,22459,10,200.0,632.5672002348435,7.26743700215593,135192.1857769994,44.97996348902444
1781568238,88,GET,/api/load/memory-heavy [GET],31.100000,0.000000,8,14,43,72,180,280,540,640,1500,1500,1500,11366,8,79,394.8042521002937,1.5872470030444674,19844.133311002224,51.96339961288052
1781568238,88,GET,/api/products [GET],65.300000,0.000000,2,8,29,44,94,170,280,580,1100,1100,1100,22671,11,34,249.9256025071454,0.7646369995200075,36473.63180299726,119.94177583697234
1781568238,88,,Aggregated,156.100000,0.000000,11,24,59,89,260,500,850,1200,2000,2100,2100,56496,29,76,431.18513193652313,0.7646369995200075,135192.1857769994,76.46596219201359
1781568239,86,GET,/api/load/cpu-heavy [GET],59.900000,0.000000,18,63,150,200,420,620,950,1400,2100,2100,2100,22513,10,200.0,631.1431835336617,7.26743700215593,135192.1857769994,44.98001154888287
1781568239,86,GET,/api/load/memory-heavy [GET],29.900000,0.000000,8,14,42,70,150,270,420,540,1500,1500,1500,11396,8,79,393.82273897235433,1.5872470030444674,19844.133311002224,51.963495963495966
1781568239,86,GET,/api/products [GET],65.800000,0.000000,2,9,31,46,91,170,250,320,670,670,670,22729,11,34,249.33859753546025,0.7646369995200075,36473.63180299726,119.94192441374456
1781568239,86,,Aggregated,155.600000,0.000000,11,24,58,80,220,400,630,910,2000,2100,2100,56638,29,75,430.1731594972595,0.7646369995200075,135192.1857769994,76.46758360111586
1781568240,85,GET,/api/load/cpu-heavy [GET],59.900000,0.000000,18,62,140,180,390,550,750,950,1400,1400,1400,22579,10,200.0,629.5716201254863,7.26743700215593,135192.1857769994,44.98006997652686
1781568240,85,GET,/api/load/memory-heavy [GET],27.600000,0.000000,8,15,42,70,150,250,420,520,550,550,550,11421,8,78,393.06247832361095,1.5872470030444674,19844.133311002224,51.96357586901322
1781568240,85,GET,/api/products [GET],65.100000,0.000000,2,8,30,44,83,160,220,280,670,670,670,22784,11,33,248.77320169972188,0.7646369995200075,36473.63180299726,119.94206460674157
1781568240,85,,Aggregated,152.600000,0.000000,11,24,55,79,200,370,570,690,1200,1400,1400,56784,29,75,429.2109186262645,0.7646369995200075,135192.1857769994,76.46240138067061
1781568241,83,GET,/api/load/cpu-heavy [GET],61.400000,0.000000,18,57,130,170,370,510,730,950,1400,1400,1400,22638,10,200.0,628.0645425220575,7.26743700215593,135192.1857769994,44.98012191889743
1781568241,83,GET,/api/load/memory-heavy [GET],26.400000,0.000000,8,14,31,51,130,240,330,430,540,540,540,11456,8,78,391.900639293204,1.5872470030444674,19844.133311002224,51.96368715083799
1781568241,83,GET,/api/products [GET],65.500000,0.000000,2,5,21,36,75,130,200,260,670,670,670,22848,11,33,248.1008536196359,0.7646369995200075,36473.63180299726,119.9422268907563
1781568241,83,,Aggregated,153.300000,0.000000,11,21,50,73,180,370,540,670,1200,1400,1400,56942,29,74,428.09081417686,0.7646369995200075,135192.1857769994,76.46369990516666
1781568242,81,GET,/api/load/cpu-heavy [GET],60.500000,0.000000,17,45,110,150,330,460,690,950,1400,1400,1400,22690,10,200.0,626.7872811309985,7.26743700215593,135192.1857769994,44.98016747465844
1781568242,81,GET,/api/load/memory-heavy [GET],26.400000,0.000000,8,13,30,51,130,230,290,420,520,520,520,11484,8,77,391.0824210885492,1.5872470030444674,19844.133311002224,51.96377568791362
1781568242,81,GET,/api/products [GET],65.000000,0.000000,2,4,16,31,72,100,180,280,670,670,670,22897,11,33,247.59687209024872,0.7646369995200075,36473.63180299726,119.94235052626982
1781568242,81,,Aggregated,151.900000,0.000000,10,18,42,69,170,310,500,650,1200,1400,1400,57071,29,74,427.22607826906403,0.7646369995200075,135192.1857769994,76.46040896427257
1781568243,79,GET,/api/load/cpu-heavy [GET],60.400000,0.000000,17,37,88,130,290,440,690,950,1400,1400,1400,22757,10,190.0,625.08327232396,7.26743700215593,135192.1857769994,44.98022586456914
1781568243,79,GET,/api/load/memory-heavy [GET],25.800000,0.000000,8,12,25,51,130,230,290,420,520,520,520,11509,8,77,390.302369627154,1.5872470030444674,19844.133311002224,51.963854374837084
1781568243,79,GET,/api/products [GET],65.600000,0.000000,2,3,11,26,66,94,180,280,670,670,670,22948,11,32,247.06326873001584,0.7646369995200075,36473.63180299726,119.94247864737667
1781568243,79,,Aggregated,151.800000,0.000000,10,18,36,59,160,290,500,650,1200,1400,1400,57214,29,73,426.2351503326412,0.7646369995200075,135192.1857769994,76.45169014576852
1781568244,77,GET,/api/load/cpu-heavy [GET],61.200000,0.000000,17,37,79,120,260,420,600,940,1400,1400,1400,22817,10,190.0,623.5163121927226,7.26743700215593,135192.1857769994,44.980277862996886
1781568244,77,GET,/api/load/memory-heavy [GET],26.400000,0.000000,8,11,22,42,120,200,290,420,520,520,520,11542,8,76,389.2163654801525,1.5872470030444674,19844.133311002224,51.963957719632646
1781568244,77,GET,/api/products [GET],62.900000,0.000000,2,3,9,21,58,78,100,160,650,650,650,22995,11,32,246.57329593987393,0.7646369995200075,36473.63180299726,119.94259621656882
1781568244,77,,Aggregated,150.500000,0.000000,10,17,32,55,130,260,430,550,1200,1400,1400,57354,29,72,425.2372968896805,0.7646369995200075,135192.1857769994,76.44040520277575
1781568245,75,GET,/api/load/cpu-heavy [GET],60.400000,0.000000,16,32,72,110,200,370,500,570,690,690,690,22881,10,190.0,621.8650838172869,7.26743700215593,135192.1857769994,44.98033302740265
1781568245,75,GET,/api/load/memory-heavy [GET],26.700000,0.000000,8,11,21,40,89,160,260,280,420,420,420,11561,8,76,388.6061571425408,1.5872470030444674,19844.133311002224,51.96401695355073
1781568245,75,GET,/api/products [GET],59.700000,0.000000,2,3,7,18,55,73,92,110,160,160,160,23045,11,32,246.05347899628617,0.7646369995200075,36473.63180299726,119.94272076372314
1781568245,75,,Aggregated,146.800000,0.000000,10,17,28,50,120,200,370,470,660,690,690,57487,29,72,424.30241948645335,0.7646369995200075,135192.1857769994,76.43521143910797
1781568246,73,GET,/api/load/cpu-heavy [GET],60.900000,0.000000,15,25,58,99,190,340,440,510,630,630,630,22935,10,190.0,620.442858534961,7.26743700215593,135192.1857769994,44.98037933289732
1781568246,73,GET,/api/load/memory-heavy [GET],26.600000,0.000000,7,10,16,30,88,150,260,280,420,420,420,11593,8,75,387.56229458172305,1.5872470030444674,19844.133311002224,51.964116277063745
1781568246,73,GET,/api/products [GET],58.900000,0.000000,2,3,6,16,53,73,92,110,160,160,160,23095,11,32,245.5320613775463,0.7646369995200075,36473.63180299726,119.94284477159559
1781568246,73,,Aggregated,146.400000,0.000000,10,15,25,44,110,190,360,430,630,630,630,57623,29,71,423.3280044270478,0.7646369995200075,135192.1857769994,76.42998455477847
1781568247,71,GET,/api/load/cpu-heavy [GET],60.700000,0.000000,14,23,46,70,160,270,380,440,500,500,500,22978,10,190.0,619.3347372663991,7.26743700215593,135192.1857769994,44.98041605013491
1781568247,71,GET,/api/load/memory-heavy [GET],27.600000,0.000000,7,9,14,24,79,130,200,270,280,280,280,11619,8,74,386.75281555752787,1.5872470030444674,19844.133311002224,51.96419657457613
1781568247,71,GET,/api/products [GET],57.600000,0.000000,2,2,4,9,42,68,84,100,160,160,160,23151,11,31,244.9630575520897,0.7646369995200075,36473.63180299726,119.94298302449138
1781568247,71,,Aggregated,145.900000,0.000000,10,13,22,31,88,160,280,370,500,500,500,57748,29,71,422.4543586316198,0.7646369995200075,135192.1857769994,76.43783334487775
1781568248,69,GET,/api/load/cpu-heavy [GET],61.000000,0.000000,15,24,46,64,140,210,330,420,500,500,500,23033,10,190.0,618.0201029377562,7.26743700215593,135192.1857769994,44.980462814223074
1781568248,69,GET,/api/load/memory-heavy [GET],27.100000,0.000000,7,10,14,24,71,150,200,280,380,380,380,11640,8,74,386.1148257022242,1.5872470030444674,19844.133311002224,51.96426116838488
1781568248,69,GET,/api/products [GET],55.200000,0.000000,2,3,5,8,37,63,83,91,160,160,160,23198,11,31,244.49333804851437,0.7646369995200075,36473.63180299726,119.94309854297784
1781568248,69,,Aggregated,143.300000,0.000000,10,14,22,31,82,150,250,320,480,500,500,57871,29,70,421.6445207131167,0.7646369995200075,135192.1857769994,76.43446631300651
1781568249,67,GET,/api/load/cpu-heavy [GET],59.900000,0.000000,14,22,37,57,120,200,330,420,500,500,500,23083,10,180.0,616.7521594198048,7.26743700215593,135192.1857769994,44.98050513364814
1781568249,67,GET,/api/load/memory-heavy [GET],27.300000,0.000000,7,9,13,21,61,150,200,280,380,380,380,11663,8,73,385.3934175658816,1.5872470030444674,19844.133311002224,51.96433164708908
1781568249,67,GET,/api/products [GET],53.000000,0.000000,2,2,3,6,26,58,77,85,160,160,160,23248,11,31,243.97695143726017,0.7646369995200075,36473.63180299726,119.94322092222987
1781568249,67,,Aggregated,140.200000,0.000000,9,13,19,26,71,130,250,310,480,500,500,57994,29,70,420.7902488528426,0.7646369995200075,135192.1857769994,76.4352346794496
1781568250,66,GET,/api/load/cpu-heavy [GET],57.700000,0.000000,14,21,32,47,110,160,280,360,500,500,500,23126,10,180.0,615.6426173096258,7.26743700215593,135192.1857769994,44.98054138199429
1781568250,66,GET,/api/load/memory-heavy [GET],27.500000,0.000000,7,9,10,14,50,120,200,280,380,380,380,11681,8,73,384.80819767638667,1.5872470030444674,19844.133311002224,51.96438661073538
1781568250,66,GET,/api/products [GET],53.300000,0.000000,2,2,3,4,25,55,76,85,160,160,160,23305,11,30,243.3868766322015,0.7646369995200075,36473.63180299726,119.94335979403562
1781568250,66,,Aggregated,138.500000,0.000000,9,12,17,23,59,110,190,280,480,500,500,58112,29,69,419.95503312351707,0.7646369995200075,135192.1857769994,76.44713656387665
1781568251,64,GET,/api/load/cpu-heavy [GET],56.800000,0.000000,13,19,26,42,99,130,280,360,500,500,500,23175,10,180.0,614.3686210089063,7.26743700215593,135192.1857769994,44.980582524271846
1781568251,64,GET,/api/load/memory-heavy [GET],26.800000,0.000000,6,9,10,14,50,120,200,280,380,380,380,11700,8,72,384.1943618111025,1.5872470030444674,19844.133311002224,51.964444444444446
1781568251,64,GET,/api/products [GET],52.000000,0.000000,2,2,3,4,19,42,69,84,160,160,160,23344,11,30,242.98308590350746,0.7646369995200075,36473.63180299726,119.94345442083619
1781568251,64,,Aggregated,135.600000,0.000000,9,11,15,20,53,100,190,280,480,500,500,58219,29,69,419.1975812432863,0.7646369995200075,135192.1857769994,76.44186605747265
1781568252,62,GET,/api/load/cpu-heavy [GET],56.100000,0.000000,13,18,25,34,84,120,160,200,320,320,320,23218,10,180.0,613.2667872338886,7.26743700215593,135192.1857769994,44.98061848565768
1781568252,62,GET,/api/load/memory-heavy [GET],26.000000,0.000000,6,9,10,11,30,62,120,180,380,380,380,11719,8,72,383.5821442765508,1.5872470030444674,19844.133311002224,51.96450209062207
1781568252,62,GET,/api/products [GET],51.700000,0.000000,2,2,2,4,17,39,63,76,91,91,91,23396,11,30,242.45256443629148,0.7646369995200075,36473.63180299726,119.94358009916225
1781568252,62,,Aggregated,133.800000,0.000000,9,11,14,19,46,82,120,170,320,380,380,58333,29,68,418.3986356320591,0.7646369995200075,135192.1857769994,76.44955685461059
1781568253,60,GET,/api/load/cpu-heavy [GET],54.600000,0.000000,13,17,24,36,93,130,200,280,390,390,390,23262,10,180.0,612.2213735458862,7.26743700215593,135192.1857769994,44.980655145731234
1781568253,60,GET,/api/load/memory-heavy [GET],25.400000,0.000000,6,9,10,12,30,62,110,180,380,380,380,11739,8,71,382.96549433409086,1.5872470030444674,19844.133311002224,51.96456256921373
1781568253,60,GET,/api/products [GET],50.300000,0.000000,2,2,2,3,15,37,63,83,130,130,130,23433,11,30,242.0845899406172,0.7646369995200075,36473.63180299726,119.94366918448343
1781568253,60,,Aggregated,130.300000,0.000000,9,11,14,18,46,87,160,200,380,390,390,58434,29,67,417.73443073366394,0.7646369995200075,135192.1857769994,76.44508334189
1781568254,58,GET,/api/load/cpu-heavy [GET],53.400000,0.000000,12,17,22,31,86,130,200,280,390,390,390,23305,10,180.0,611.1191625104664,7.26743700215593,135192.1857769994,44.98069083887578
1781568254,58,GET,/api/load/memory-heavy [GET],24.300000,0.000000,6,9,10,12,30,62,110,180,380,380,380,11762,8,71,382.2308984409874,1.5872470030444674,19844.133311002224,51.964631865329025
1781568254,58,GET,/api/products [GET],49.900000,0.000000,2,2,2,4,15,34,63,83,130,130,130,23466,11,29,241.75042918015376,0.7646369995200075,36473.63180299726,119.94374840194324
1781568254,58,,Aggregated,127.600000,0.000000,9,11,14,17,43,84,160,200,380,390,390,58533,29,67,417.04418842210276,0.7646369995200075,135192.1857769994,76.436933012147
1781568255,56,GET,/api/load/cpu-heavy [GET],51.800000,0.000000,12,16,20,28,75,120,200,280,390,390,390,23339,10,180.0,610.2477439096123,7.26743700215593,135192.1857769994,44.98071896825057
1781568255,56,GET,/api/load/memory-heavy [GET],23.100000,0.000000,6,9,10,11,26,52,110,180,380,380,380,11782,8,70,381.59272623051146,1.5872470030444674,19844.133311002224,51.964691902902736
1781568255,56,GET,/api/products [GET],49.200000,0.000000,2,2,2,3,12,33,63,83,130,130,130,23510,11,29,241.30234839772416,0.7646369995200075,36473.63180299726,119.94385367928541
1781568255,56,,Aggregated,124.100000,0.000000,9,11,13,16,34,78,130,190,380,390,390,58631,29,66,416.3585101121412,0.7646369995200075,135192.1857769994,76.44305913254081
1781568256,54,GET,/api/load/cpu-heavy [GET],49.600000,0.000000,12,16,20,28,78,120,200,280,390,390,390,23378,10,170.0,609.251873848082,7.26743700215593,135192.1857769994,44.98075113354436
1781568256,54,GET,/api/load/memory-heavy [GET],22.400000,0.000000,6,9,10,11,26,52,160,200,380,380,380,11798,8,69,381.0841500053285,1.5872470030444674,19844.133311002224,51.96473978640447
1781568256,54,GET,/api/products [GET],47.800000,0.000000,2,2,2,3,9,30,63,83,130,130,130,23549,11,29,240.90511195526364,0.7646369995200075,36473.63180299726,119.94394666440189
1781568256,54,,Aggregated,119.800000,0.000000,9,11,13,15,33,80,130,200,380,390,390,58725,29,66,415.70362860822445,0.7646369995200075,135192.1857769994,76.44444444444444
1781568257,52,GET,/api/load/cpu-heavy [GET],47.600000,0.000000,11,14,17,20,56,110,180,200,390,390,390,23421,10,170.0,608.1606433541882,7.26743700215593,135192.1857769994,44.98078647367747
1781568257,52,GET,/api/load/memory-heavy [GET],21.800000,0.000000,6,7,10,10,13,30,81,110,160,160,160,11812,8,69,380.64214223517234,1.5872470030444674,19844.133311002224,51.96478157805621
1781568257,52,GET,/api/products [GET],46.700000,0.000000,2,2,2,2,5,23,43,63,130,130,130,23581,11,29,240.58262794391632,0.7646369995200075,36473.63180299726,119.94402273016412
1781568257,52,,Aggregated,116.100000,0.000000,8,10,12,14,26,61,120,160,310,390,390,58814,29,65,415.0891685929529,0.7646369995200075,135192.1857769994,76.43933417213589
1781568258,50,GET,/api/load/cpu-heavy [GET],45.100000,0.000000,11,13,16,18,41,78,160,200,390,390,390,23458,10,170.0,607.2257390323748,7.26743700215593,135192.1857769994,44.98081677892404
1781568258,50,GET,/api/load/memory-heavy [GET],21.000000,0.000000,5,7,9,10,12,30,81,110,160,160,160,11834,8,68,379.9495977036377,1.5872470030444674,19844.133311002224,51.964847050870375
1781568258,50,GET,/api/products [GET],46.300000,0.000000,2,2,2,2,3,8,33,60,130,130,130,23612,11,28,240.26906137872533,0.7646369995200075,36473.63180299726,119.94409622225987
1781568258,50,,Aggregated,112.400000,0.000000,7,10,11,12,19,42,94,130,310,390,390,58904,29,65,414.4685930110164,0.7646369995200075,135192.1857769994,76.4333831318756
1781568259,48,GET,/api/load/cpu-heavy [GET],43.700000,0.000000,11,13,15,17,29,51,160,260,390,390,390,23484,10,170.0,606.570267072749,7.26743700215593,135192.1857769994,44.98083801737353
1781568259,48,GET,/api/load/memory-heavy [GET],19.800000,0.000000,5,7,9,10,12,16,36,94,110,110,110,11857,8,68,379.22439122424504,1.5872470030444674,19844.133311002224,51.96491523994265
1781568259,48,GET,/api/products [GET],45.800000,0.000000,2,2,2,2,2,6,33,60,130,130,130,23649,11,28,239.8962497188649,0.7646369995200075,36473.63180299726,119.94418368641381
1781568259,48,,Aggregated,109.300000,0.000000,6,10,11,12,17,32,71,130,390,390,390,58990,29,65,413.8746595742317,0.7646369995200075,135192.1857769994,76.4373283607391
1781568260,47,GET,/api/load/cpu-heavy [GET],44.000000,0.000000,11,13,15,17,29,51,160,260,390,390,390,23523,10,170.0,605.5922960090302,7.26743700215593,135192.1857769994,44.980869787016964
1781568260,47,GET,/api/load/memory-heavy [GET],18.800000,0.000000,5,7,9,10,12,18,36,94,110,110,110,11878,8,67,378.56672855471436,1.5872470030444674,19844.133311002224,51.96497726890049
1781568260,47,GET,/api/products [GET],42.700000,0.000000,2,2,2,2,3,6,33,60,130,130,130,23682,11,28,239.56562277030946,0.7646369995200075,36473.63180299726,119.94426146440334
1781568260,47,,Aggregated,105.500000,0.000000,7,10,11,12,17,31,71,130,390,390,390,59083,29,64,413.23826243149415,0.7646369995200075,135192.1857769994,76.43222246669939
1781568261,45,GET,/api/load/cpu-heavy [GET],42.400000,0.000000,11,13,16,17,36,64,160,260,390,390,390,23556,10,170.0,604.777450951751,7.26743700215593,135192.1857769994,44.98089658685685
1781568261,45,GET,/api/load/memory-heavy [GET],19.100000,0.000000,5,7,9,10,12,29,48,94,110,110,110,11886,8,67,378.3222034379855,1.5872470030444674,19844.133311002224,51.96500084132593
1781568261,45,GET,/api/products [GET],41.200000,0.000000,1,2,2,2,3,12,33,58,130,130,130,23717,11,28,239.21962689494816,0.7646369995200075,36473.63180299726,119.94434371969473
1781568261,45,,Aggregated,102.700000,0.000000,7,10,11,12,18,38,76,130,390,390,390,59159,29,64,412.72582761289067,0.7646369995200075,135192.1857769994,76.43716087154955
1781568262,43,GET,/api/load/cpu-heavy [GET],40.100000,0.000000,11,13,15,17,29,56,91,180,390,390,390,23594,10,170.0,603.8410008721048,7.26743700215593,135192.1857769994,44.98092735441214
1781568262,43,GET,/api/load/memory-heavy [GET],19.300000,0.000000,5,7,8,9,11,18,32,48,76,76,76,11902,8,67,377.820914371526,1.5872470030444674,19844.133311002224,51.965047891110736
1781568262,43,GET,/api/products [GET],39.200000,0.000000,1,2,2,2,2,6,31,45,63,63,63,23750,11,28,238.8899481103783,0.7646369995200075,36473.63180299726,119.94442105263158
1781568262,43,,Aggregated,98.600000,0.000000,7,10,11,12,17,32,64,89,390,390,390,59246,29,63,412.13728125186515,0.7646369995200075,135192.1857769994,76.43466225567971
1781568263,41,GET,/api/load/cpu-heavy [GET],39.300000,0.000000,11,13,16,17,28,51,80,100,190,190,190,23625,10,170.0,603.0743517540503,7.26743700215593,135192.1857769994,44.98095238095238
1781568263,41,GET,/api/load/memory-heavy [GET],19.700000,0.000000,5,7,8,9,11,16,31,36,48,48,48,11916,8,66,377.3853868574111,1.5872470030444674,19844.133311002224,51.96508895602551
1781568263,41,GET,/api/products [GET],37.600000,0.000000,2,2,2,2,2,3,16,38,58,58,58,23786,11,27,238.53068924339794,0.7646369995200075,36473.63180299726,119.94450517110906
1781568263,41,,Aggregated,96.600000,0.000000,6,10,11,11,17,29,56,79,190,190,190,59327,29,63,411.5874189547084,0.7646369995200075,135192.1857769994,76.43890640012137
1781568264,39,GET,/api/load/cpu-heavy [GET],38.100000,0.000000,11,13,16,17,29,58,92,100,190,190,190,23651,10,170.0,602.4369067532219,7.26743700215593,135192.1857769994,44.980973320367006
1781568264,39,GET,/api/load/memory-heavy [GET],18.500000,0.000000,5,7,7,8,11,14,31,36,48,48,48,11931,8,66,376.9182941328407,1.5872470030444674,19844.133311002224,51.965132847204764
1781568264,39,GET,/api/products [GET],36.200000,0.000000,2,2,2,2,2,3,26,39,58,58,58,23814,11,27,238.2535757054449,0.7646369995200075,36473.63180299726,119.9445704207609
1781568264,39,,Aggregated,92.800000,0.000000,6,10,11,11,17,30,58,89,190,190,190,59396,29,63,411.12226582209263,0.7646369995200075,135192.1857769994,76.43950771095696
1781568265,37,GET,/api/load/cpu-heavy [GET],37.300000,0.000000,11,13,15,17,29,58,92,100,190,190,190,23683,10,170.0,601.6396007330346,7.26743700215593,135192.1857769994,44.98099902883925
1781568265,37,GET,/api/load/memory-heavy [GET],18.000000,0.000000,5,7,8,9,11,19,32,45,48,48,48,11945,8,66,376.4882059388813,1.5872470030444674,19844.133311002224,51.965173712850564
1781568265,37,GET,/api/products [GET],35.600000,0.000000,2,2,2,2,2,3,16,39,58,58,58,23841,11,27,237.98548297535575,0.7646369995200075,36473.63180299726,119.94463319491632
1781568265,37,,Aggregated,90.900000,0.000000,6,10,11,11,17,32,58,89,190,190,190,59469,29,62,410.62728789312155,0.7646369995200075,135192.1857769994,76.43661403420269
1781568266,35,GET,/api/load/cpu-heavy [GET],35.600000,0.000000,11,12,15,17,29,59,92,100,190,190,190,23709,10,160.0,600.9938627246805,7.26743700215593,135192.1857769994,44.98101986587372
1781568266,35,GET,/api/load/memory-heavy [GET],17.300000,0.000000,5,7,7,9,11,25,32,45,48,48,48,11958,8,65,376.08763302600295,1.5872470030444674,19844.133311002224,51.96521157384178
1781568266,35,GET,/api/products [GET],35.300000,0.000000,2,2,2,2,2,3,16,39,58,58,58,23869,11,27,237.70812516604954,0.7646369995200075,36473.63180299726,119.9446981440362
1781568266,35,,Aggregated,88.200000,0.000000,6,10,11,11,17,32,64,91,190,190,190,59536,29,62,410.17325058205176,0.7646369995200075,135192.1857769994,76.43803748992207
1781568267,33,GET,/api/load/cpu-heavy [GET],34.700000,0.000000,11,12,14,16,25,65,94,170,190,190,190,23732,10,160.0,600.4213620847142,7.26743700215593,135192.1857769994,44.98103826057644
1781568267,33,GET,/api/load/memory-heavy [GET],16.400000,0.000000,5,6,7,9,11,16,32,45,48,48,48,11965,8,65,375.8708061866225,1.5872470030444674,19844.133311002224,51.965231926452155
1781568267,33,GET,/api/products [GET],34.300000,0.000000,2,2,2,2,2,3,16,39,45,45,45,23889,11,27,237.51045923539883,0.7646369995200075,36473.63180299726,119.9447444430491
1781568267,33,,Aggregated,85.400000,0.000000,5,10,10,11,16,27,65,91,190,190,190,59586,29,62,409.83421142033404,0.7646369995200075,135192.1857769994,76.43765313999933
1781568268,31,GET,/api/load/cpu-heavy [GET],34.100000,0.000000,11,11,14,16,23,59,94,170,190,190,190,23755,10,160.0,599.8504342696028,7.26743700215593,135192.1857769994,44.98105661965902
1781568268,31,GET,/api/load/memory-heavy [GET],16.300000,0.000000,5,6,7,9,11,16,32,45,48,48,48,11977,8,64,375.49982233714024,1.5872470030444674,19844.133311002224,51.965266761292476
1781568268,31,GET,/api/products [GET],32.400000,0.000000,2,2,2,2,2,2,16,39,45,45,45,23913,11,27,237.27383386348146,0.7646369995200075,36473.63180299726,119.94479989963618
1781568268,31,,Aggregated,82.800000,0.000000,5,10,10,11,16,27,59,91,190,190,190,59645,29,62,409.43478292202144,0.7646369995200075,135192.1857769994,76.4381423421913
1781568269,30,GET,/api/load/cpu-heavy [GET],32.600000,0.000000,10,11,14,16,22,59,94,170,190,190,190,23779,10,160.0,599.2568463837592,7.26743700215593,135192.1857769994,44.98107573909752
1781568269,30,GET,/api/load/memory-heavy [GET],15.700000,0.000000,5,6,7,8,11,16,32,45,48,48,48,11988,8,64,375.1604551937708,1.5872470030444674,19844.133311002224,51.9652986319653
1781568269,30,GET,/api/products [GET],31.000000,0.000000,2,2,2,2,2,2,16,39,45,45,45,23926,11,27,237.14575929396645,0.7646369995200075,36473.63180299726,119.94482989216752
1781568269,30,,Aggregated,79.300000,0.000000,6,10,10,11,16,26,65,92,190,190,190,59693,29,61,409.11164665689387,0.7646369995200075,135192.1857769994,76.4304859866316
1781568270,28,GET,/api/load/cpu-heavy [GET],30.400000,0.000000,10,11,13,15,21,65,94,170,190,190,190,23797,10,160.0,598.8147875016778,7.26743700215593,135192.1857769994,44.98109005336807
1781568270,28,GET,/api/load/memory-heavy [GET],15.000000,0.000000,5,6,7,7,11,16,32,45,48,48,48,11999,8,64,374.82178485506444,1.5872470030444674,19844.133311002224,51.96533044420369
1781568270,28,GET,/api/products [GET],30.400000,0.000000,2,2,2,2,2,2,3,39,45,45,45,23953,11,26,236.88026188746466,0.7646369995200075,36473.63180299726,119.94489208032397
1781568270,28,,Aggregated,75.800000,0.000000,5,9,10,11,15,22,65,92,190,190,190,59749,29,61,408.73445593472655,0.7646369995200075,135192.1857769994,76.43620813737468
1781568271,26,GET,/api/load/cpu-heavy [GET],29.500000,0.000000,10,11,12,14,18,51,140,170,190,190,190,23817,10,160.0,598.3340321533527,7.26743700215593,135192.1857769994,44.98110593273712
1781568271,26,GET,/api/load/memory-heavy [GET],14.000000,0.000000,5,6,7,7,10,16,32,35,45,45,45,12007,8,63,374.57852736261447,1.5872470030444674,19844.133311002224,51.965353543766135
1781568271,26,GET,/api/products [GET],29.300000,0.000000,2,2,2,2,2,2,3,7,39,39,39,23980,11,26,236.61556173229513,0.7646369995200075,36473.63180299726,119.94495412844037
1781568271,26,,Aggregated,72.800000,0.000000,5,9,10,10,13,17,51,100,190,190,190,59804,29,61,408.36946010601207,0.7646369995200075,135192.1857769994,76.44209417430272
1781568272,24,GET,/api/load/cpu-heavy [GET],28.700000,0.000000,10,11,11,12,17,46,100,140,180,180,180,23835,10,160.0,597.8897505808849,7.26743700215593,135192.1857769994,44.98112020138452
1781568272,24,GET,/api/load/memory-heavy [GET],13.200000,0.000000,5,7,7,8,11,16,32,35,45,45,45,12017,8,63,374.27251817033556,1.5872470030444674,19844.133311002224,51.9653823749688
1781568272,24,GET,/api/products [GET],27.500000,0.000000,2,2,2,2,2,2,4,7,39,39,39,23995,11,26,236.4692426752414,0.7646369995200075,36473.63180299726,119.94498853927901
1781568272,24,,Aggregated,69.400000,0.000000,5,9,10,10,12,16,46,94,180,180,180,59847,29,61,408.08084839575815,0.7646369995200075,135192.1857769994,76.4394706501579
1781568273,22,GET,/api/load/cpu-heavy [GET],27.000000,0.000000,10,11,11,12,15,18,82,140,180,180,180,23851,10,160.0,597.4961524525345,7.26743700215593,135192.1857769994,44.981132866546474
1781568273,22,GET,/api/load/memory-heavy [GET],11.900000,0.000000,5,7,7,8,11,16,35,45,82,82,82,12022,8,63,374.1265873528453,1.5872470030444674,19844.133311002224,51.965396772583595
1781568273,22,GET,/api/products [GET],27.200000,0.000000,2,2,2,2,2,3,7,29,51,51,51,24011,11,26,236.31759503612625,0.7646369995200075,36473.63180299726,119.94502519678481
1781568273,22,,Aggregated,66.100000,0.000000,5,9,10,10,13,16,45,82,180,180,180,59884,29,60,407.83602197104284,0.7646369995200075,135192.1857769994,76.4406686260103
1781568274,20,GET,/api/load/cpu-heavy [GET],25.200000,0.000000,10,11,12,13,16,19,59,82,150,150,150,23868,10,160.0,597.0791878219543,7.26743700215593,135192.1857769994,44.98114630467572
1781568274,20,GET,/api/load/memory-heavy [GET],11.800000,0.000000,5,7,8,10,16,45,82,89,89,89,89,12032,8,63,373.84032815341703,1.5872470030444674,19844.133311002224,51.965425531914896
1781568274,20,GET,/api/products [GET],26.000000,0.000000,2,2,2,2,2,4,38,61,77,77,77,24023,11,26,236.2089169132268,0.7646369995200075,36473.63180299726,119.94505265786954
1781568274,20,,Aggregated,63.000000,0.000000,7,9,10,11,14,18,61,78,150,150,150,59923,29,60,407.582726069839,0.7646369995200075,135192.1857769994,76.43639337149342
1781568275,18,GET,/api/load/cpu-heavy [GET],23.800000,0.000000,10,11,12,13,17,39,130,150,250,250,250,23884,10,160.0,596.7102504486022,7.26743700215593,135192.1857769994,44.981158934851784
1781568275,18,GET,/api/load/memory-heavy [GET],11.500000,0.000000,5,7,8,9,13,35,82,89,89,89,89,12037,8,63,373.6869684680487,1.5872470030444674,19844.133311002224,51.96543989366121
1781568275,18,GET,/api/products [GET],24.100000,0.000000,2,2,2,2,2,5,51,69,77,77,77,24034,11,26,236.101544985706,0.7646369995200075,36473.63180299726,119.94507780644088
1781568275,18,,Aggregated,59.400000,0.000000,6,9,10,11,14,24,77,130,250,250,250,59955,29,60,407.37823690019127,0.7646369995200075,135192.1857769994,76.43395880243516
1781568276,16,GET,/api/load/cpu-heavy [GET],22.500000,0.000000,10,11,12,13,18,24,130,150,250,250,250,23896,10,160.0,596.4162316495818,7.26743700215593,135192.1857769994,44.981168396384334
1781568276,16,GET,/api/load/memory-heavy [GET],10.600000,0.000000,5,7,7,8,13,35,82,89,89,89,89,12047,8,63,373.38162300937154,1.5872470030444674,19844.133311002224,51.96546858138956
1781568276,16,GET,/api/products [GET],21.900000,0.000000,2,2,2,2,2,5,51,69,77,77,77,24044,11,26,236.00408455271403,0.7646369995200075,36473.63180299726,119.94510064881051
1781568276,16,,Aggregated,55.000000,0.000000,7,9,10,11,14,22,78,130,250,250,250,59987,29,60,407.16443384196515,0.7646369995200075,135192.1857769994,76.43086001967093
1781568277,14,GET,/api/load/cpu-heavy [GET],21.000000,0.000000,10,11,12,14,18,39,130,150,250,250,250,23901,10,160.0,596.2938883613409,7.26743700215593,135192.1857769994,44.981172335885525
1781568277,14,GET,/api/load/memory-heavy [GET],10.100000,0.000000,5,7,8,9,13,35,82,89,89,89,89,12049,8,63,373.32059054850174,1.5872470030444674,19844.133311002224,51.965474313221016
1781568277,14,GET,/api/products [GET],20.300000,0.000000,2,2,2,2,2,5,51,69,77,77,77,24059,11,26,235.85806439592005,0.7646369995200075,36473.63180299726,119.9451348767613
1781568277,14,,Aggregated,51.400000,0.000000,7,9,10,11,15,24,78,130,250,250,250,60009,29,60,407.0167673606451,0.7646369995200075,135192.1857769994,76.43831758569547
1781568278,12,GET,/api/load/cpu-heavy [GET],19.600000,0.000000,10,11,12,14,19,59,130,150,250,250,250,23912,10,160.0,596.0244360603633,7.26743700215593,135192.1857769994,44.98118099698896
1781568278,12,GET,/api/load/memory-heavy [GET],9.000000,0.000000,5,7,8,9,13,61,82,89,89,89,89,12052,8,63,373.22941217622844,1.5872470030444674,19844.133311002224,51.96548290740126
1781568278,12,GET,/api/products [GET],19.200000,0.000000,2,2,2,2,2,7,51,69,77,77,77,24065,11,26,235.79967930427728,0.7646369995200075,36473.63180299726,119.94514855599418
1781568278,12,,Aggregated,47.800000,0.000000,7,9,10,11,15,35,82,130,250,250,250,60029,29,60,406.8836141378494,0.7646369995200075,135192.1857769994,76.43568941678188
1781568279,11,GET,/api/load/cpu-heavy [GET],18.200000,0.000000,10,11,13,14,18,61,140,150,250,250,250,23923,10,160.0,595.7582423818665,7.26743700215593,135192.1857769994,44.98118965012749
1781568279,11,GET,/api/load/memory-heavy [GET],8.700000,0.000000,6,7,9,9,14,61,82,89,89,89,89,12058,8,62,373.0470701220686,1.5872470030444674,19844.133311002224,51.96550008293249
1781568279,11,GET,/api/products [GET],17.500000,0.000000,2,2,2,2,3,13,61,69,77,77,77,24070,11,26,235.751103306333,0.7646369995200075,36473.63180299726,119.94515995014541
1781568279,11,,Aggregated,44.400000,0.000000,7,9,10,11,15,39,82,130,250,250,250,60051,29,60,406.7385232655068,0.7646369995200075,135192.1857769994,76.43111688398194
1781568280,10,GET,/api/load/cpu-heavy [GET],16.800000,0.000000,10,11,13,14,19,61,140,150,250,250,250,23928,10,160.0,595.6361322540284,7.26743700215593,135192.1857769994,44.98119358074223
1781568280,10,GET,/api/load/memory-heavy [GET],8.200000,0.000000,6,7,9,10,14,61,82,89,89,89,89,12066,8,62,372.80371075790674,1.5872470030444674,19844.133311002224,51.96552295706945
1781568280,10,GET,/api/products [GET],16.600000,0.000000,2,2,2,2,3,29,61,69,77,77,77,24077,11,26,235.68304841157263,0.7646369995200075,36473.63180299726,119.94517589400672
1781568280,10,,Aggregated,41.600000,0.000000,8,10,11,11,15,51,82,130,250,250,250,60071,29,60,406.60504574894605,0.7646369995200075,135192.1857769994,76.43032411646219
1781568281,10,GET,/api/load/cpu-heavy [GET],15.200000,0.000000,10,12,13,14,17,39,130,130,250,250,250,23934,10,160.0,595.4895036220189,7.26743700215593,135192.1857769994,44.98119829531211
1781568281,10,GET,/api/load/memory-heavy [GET],7.500000,0.000000,6,7,9,10,14,78,82,89,89,89,89,12068,8,62,372.74286102145385,1.5872470030444674,19844.133311002224,51.9655286708651
1781568281,10,GET,/api/products [GET],15.200000,0.000000,2,2,2,2,3,29,61,69,77,77,77,24085,11,26,235.60537162314452,0.7646369995200075,36473.63180299726,119.94519410421424
1781568281,10,,Aggregated,37.900000,0.000000,8,10,11,11,15,39,78,130,250,250,250,60087,29,60,406.4982775315784,0.7646369995200075,135192.1857769994,76.43217334864447
1781568282,10,GET,/api/load/cpu-heavy [GET],14.200000,0.000000,11,12,14,15,18,39,130,130,250,250,250,23940,10,160.0,595.3430293841428,7.26743700215593,135192.1857769994,44.9812030075188
1781568282,10,GET,/api/load/memory-heavy [GET],6.700000,0.000000,6,7,9,9,13,78,82,89,89,89,89,12071,8,62,372.65191297074904,1.5872470030444674,19844.133311002224,51.96553723800845
1781568282,10,GET,/api/products [GET],14.000000,0.000000,2,2,2,2,3,38,69,77,77,77,77,24094,11,26,235.51819421828802,0.7646369995200075,36473.63180299726,119.94521457624305
1781568282,10,,Aggregated,34.900000,0.000000,7,10,11,11,15,51,82,130,250,250,250,60105,29,59,406.3783168858154,0.7646369995200075,135192.1857769994,76.43433990516596
1781568283,10,GET,/api/load/cpu-heavy [GET],12.800000,0.000000,11,12,13,14,19,59,130,250,250,250,250,23945,10,160.0,595.2209482696751,7.26743700215593,135192.1857769994,44.98120693255377
1781568283,10,GET,/api/load/memory-heavy [GET],6.700000,0.000000,6,7,8,9,11,61,78,89,89,89,89,12076,8,62,372.49975208156,1.5872470030444674,19844.133311002224,51.96555150712156
1781568283,10,GET,/api/products [GET],11.800000,0.000000,2,2,2,2,2,5,69,77,77,77,77,24101,11,25,235.45034738875736,0.7646369995200075,36473.63180299726,119.94523048836147
1781568283,10,,Aggregated,31.300000,0.000000,7,10,11,11,15,39,78,130,250,250,250,60122,29,59,406.26495184576265,0.7646369995200075,135192.1857769994,76.4347659758491
1781568284,10,GET,/api/load/cpu-heavy [GET],11.400000,0.000000,11,11,13,14,18,59,130,250,250,250,250,23954,10,160.0,595.0010540919417,7.26743700215593,135192.1857769994,44.981213993487515
1781568284,10,GET,/api/load/memory-heavy [GET],6.100000,0.000000,5,7,7,7,9,10,11,11,11,11,11,12079,8,62,372.40878518262406,1.5872470030444674,19844.133311002224,51.96556006291912
1781568284,10,GET,/api/products [GET],10.400000,0.000000,2,2,2,2,2,2,4,5,5,5,5,24107,11,25,235.39217623335318,0.7646369995200075,36473.63180299726,119.94524411996515
1781568284,10,,Aggregated,27.900000,0.000000,6,9,10,11,13,16,59,130,250,250,250,60140,29,59,406.1453302028092,0.7646369995200075,135192.1857769994,76.43318922514133
1781568285,10,GET,/api/load/cpu-heavy [GET],10.200000,0.000000,10,11,11,12,15,17,19,72,72,72,72,23960,10,160.0,594.8550221839467,7.26743700215593,135192.1857769994,44.98121869782972
1781568285,10,GET,/api/load/memory-heavy [GET],5.300000,0.000000,5,7,7,7,9,10,11,11,11,11,11,12082,8,62,372.3175096295243,1.5872470030444674,19844.133311002224,51.965568614467806
1781568285,10,GET,/api/products [GET],9.600000,0.000000,2,2,2,2,2,2,4,5,5,5,5,24117,11,25,235.29530973788044,0.7646369995200075,36473.63180299726,119.94526682423187
1781568285,10,,Aggregated,25.100000,0.000000,5,9,10,10,11,14,16,19,72,72,72,60159,29,59,406.01877471068264,0.7646369995200075,135192.1857769994,76.43607772735584
1781568286,10,GET,/api/load/cpu-heavy [GET],9.300000,0.000000,10,11,11,12,15,16,19,72,72,72,72,23966,10,160.0,594.7087541127584,7.26743700215593,135192.1857769994,44.98122339981641
1781568286,10,GET,/api/load/memory-heavy [GET],5.300000,0.000000,5,6,7,7,9,11,11,11,11,11,11,12087,8,62,372.1656104904372,1.5872470030444674,19844.133311002224,51.96558285761562
1781568286,10,GET,/api/products [GET],8.900000,0.000000,2,2,2,2,2,2,3,5,5,5,5,24122,11,25,235.2468917642594,0.7646369995200075,36473.63180299726,119.94527816930602
1781568286,10,,Aggregated,23.500000,0.000000,5,9,10,10,11,14,16,19,72,72,72,60175,29,59,405.9124430112499,0.7646369995200075,135192.1857769994,76.43453261321147
1781568287,10,GET,/api/load/cpu-heavy [GET],8.800000,0.000000,10,11,11,12,14,15,19,72,72,72,72,23976,10,160.0,594.4649552035107,7.26743700215593,135192.1857769994,44.981231231231234
1781568287,10,GET,/api/load/memory-heavy [GET],4.600000,0.000000,5,6,7,7,9,10,11,11,11,11,11,12091,8,62,372.04398063087507,1.5872470030444674,19844.133311002224,51.965594243652305
1781568287,10,GET,/api/products [GET],8.300000,0.000000,2,2,2,2,2,3,3,5,5,5,5,24129,11,25,235.17923639348723,0.7646369995200075,36473.63180299726,119.94529404451076
1781568287,10,,Aggregated,21.700000,0.000000,5,9,10,10,11,13,15,19,72,72,72,60196,29,59,405.7730635043185,0.7646369995200075,135192.1857769994,76.43275300684431
1781568288,10,GET,/api/load/cpu-heavy [GET],7.600000,0.000000,10,11,12,12,14,18,20,72,72,72,72,23983,10,160.0,594.2953295321845,7.26743700215593,135192.1857769994,44.98123670933578
1781568288,10,GET,/api/load/memory-heavy [GET],4.400000,0.000000,5,5,6,6,7,7,11,11,11,11,11,12095,8,62,371.9225029645227,1.5872470030444674,19844.133311002224,51.965605622157916
1781568288,10,GET,/api/products [GET],8.300000,0.000000,2,2,2,2,2,2,3,5,5,5,5,24135,11,25,235.12120606175483,0.7646369995200075,36473.63180299726,119.94530764449969
1781568288,10,,Aggregated,20.300000,0.000000,5,9,10,10,12,14,18,20,72,72,72,60213,29,59,405.6605362600594,0.7646369995200075,135192.1857769994,76.43181704947436
1781568289,10,GET,/api/load/cpu-heavy [GET],7.200000,0.000000,10,11,11,12,14,18,19,20,20,20,20,23990,10,160.0,594.1254386535381,7.26743700215593,135192.1857769994,44.981242184243435
1781568289,10,GET,/api/load/memory-heavy [GET],4.000000,0.000000,5,5,6,7,7,10,11,11,11,11,11,12096,8,61,371.8921461769098,1.5872470030444674,19844.133311002224,51.96560846560847
1781568289,10,GET,/api/products [GET],7.500000,0.000000,2,2,2,2,2,3,3,5,5,5,5,24145,11,25,235.02460818548187,0.7646369995200075,36473.63180299726,119.94533029612757
1781568289,10,,Aggregated,18.700000,0.000000,5,9,10,10,11,13,18,19,20,20,20,60231,29,59,405.5410974098548,0.7646369995200075,135192.1857769994,76.43499194766814
1781568290,10,GET,/api/load/cpu-heavy [GET],7.400000,0.000000,10,11,11,12,14,18,19,20,20,20,20,23997,10,160.0,593.955004796449,7.26743700215593,135192.1857769994,44.98124765595699
1781568290,10,GET,/api/load/memory-heavy [GET],4.200000,0.000000,5,5,5,7,7,8,11,11,11,11,11,12099,8,61,371.8015084329203,1.5872470030444674,19844.133311002224,51.96561699313993
1781568290,10,GET,/api/products [GET],7.000000,0.000000,2,2,2,2,2,3,3,5,5,5,5,24150,11,25,234.97631124896336,0.7646369995200075,36473.63180299726,119.94534161490684
1781568290,10,,Aggregated,18.600000,0.000000,5,9,10,10,11,13,18,19,20,20,20,60246,29,59,405.44173251822497,0.7646369995200075,135192.1857769994,76.43373833947481
1781568291,10,GET,/api/load/cpu-heavy [GET],7.200000,0.000000,10,11,11,12,13,18,19,20,20,20,20,24002,10,160.0,593.8333114025241,7.26743700215593,135192.1857769994,44.9812515623698
1781568291,10,GET,/api/load/memory-heavy [GET],4.100000,0.000000,5,5,5,7,7,8,11,11,11,11,11,12102,8,61,371.7105712216079,1.5872470030444674,19844.133311002224,51.965625516443566
1781568291,10,GET,/api/products [GET],7.100000,0.000000,2,2,2,2,2,2,3,3,3,3,3,24163,11,25,234.85082466810667,0.7646369995200075,36473.63180299726,119.9453710218102
1781568291,10,,Aggregated,18.400000,0.000000,5,9,10,10,11,12,18,19,20,20,20,60267,29,59,405.3018890879416,0.7646369995200075,135192.1857769994,76.43931172947052
1781568292,10,GET,/api/load/cpu-heavy [GET],6.700000,0.000000,10,11,11,11,12,18,19,20,20,20,20,24008,10,160.0,593.6874242160277,7.26743700215593,135192.1857769994,44.98125624791736
1781568292,10,GET,/api/load/memory-heavy [GET],3.800000,0.000000,5,5,5,5,7,7,8,8,8,8,8,12106,8,61,371.5892810427804,1.5872470030444674,19844.133311002224,51.965636874277216
1781568292,10,GET,/api/products [GET],7.500000,0.000000,2,2,2,2,2,2,3,3,3,3,3,24168,11,25,234.8026488988106,0.7646369995200075,36473.63180299726,119.94538232373387
1781568292,10,,Aggregated,18.000000,0.000000,5,9,10,10,11,12,18,19,20,20,20,60282,29,59,405.2025137764007,0.7646369995200075,135192.1857769994,76.43817391592847
1781568293,10,GET,/api/load/cpu-heavy [GET],6.900000,0.000000,10,11,11,11,12,18,19,20,20,20,20,24011,10,160.0,593.6145141644411,7.26743700215593,135192.1857769994,44.981258589813
1781568293,10,GET,/api/load/memory-heavy [GET],3.300000,0.000000,5,5,5,5,7,7,8,8,8,8,8,12108,8,61,371.5288848604971,1.5872470030444674,19844.133311002224,51.96564255037991
1781568293,10,GET,/api/products [GET],7.200000,0.000000,2,2,2,2,2,3,3,5,5,5,5,24175,11,25,234.73528285697904,0.7646369995200075,36473.63180299726,119.94539813857291
1781568293,10,,Aggregated,17.400000,0.000000,5,9,10,10,11,12,18,19,20,20,20,60294,29,59,405.12281985870897,0.7646369995200075,135192.1857769994,76.44085646996385
1781568294,10,GET,/api/load/cpu-heavy [GET],6.800000,0.000000,10,10,11,11,12,18,19,20,20,20,20,24020,10,160.0,593.3957784635878,7.26743700215593,135192.1857769994,44.98126561199001
1781568294,10,GET,/api/load/memory-heavy [GET],3.300000,0.000000,5,5,5,5,7,8,8,8,8,8,8,12110,8,61,371.46869997042984,1.5872470030444674,19844.133311002224,51.96564822460776
1781568294,10,GET,/api/products [GET],7.700000,0.000000,2,2,2,2,2,3,3,5,5,5,5,24180,11,25,234.68712906924995,0.7646369995200075,36473.63180299726,119.9454094292804
1781568294,10,,Aggregated,17.800000,0.000000,5,9,10,10,11,12,18,19,20,20,20,60310,29,58,405.01720007017065,0.7646369995200075,135192.1857769994,76.43896534571381
1781568295,10,GET,/api/load/cpu-heavy [GET],6.700000,0.000000,10,10,11,11,12,18,19,20,20,20,20,24031,10,160.0,593.1290336138895,7.26743700215593,135192.1857769994,44.9812741875078
1781568295,10,GET,/api/load/memory-heavy [GET],3.400000,0.000000,5,5,5,7,7,8,8,8,8,8,8,12112,8,61,371.4081226862541,1.5872470030444674,19844.133311002224,51.96565389696169
1781568295,10,GET,/api/products [GET],7.300000,0.000000,2,2,2,2,2,3,3,5,5,5,5,24187,11,25,234.61976927814337,0.7646369995200075,36473.63180299726,119.94542522842849
1781568295,10,,Aggregated,17.400000,0.000000,5,9,10,10,11,12,18,19,20,20,20,60330,29,58,404.8852535766947,0.7646369995200075,135192.1857769994,76.43747720868556
1781568296,10,GET,/api/load/cpu-heavy [GET],6.400000,0.000000,10,10,11,11,13,18,20,31,31,31,31,24040,10,160.0,592.9116191359549,7.26743700215593,135192.1857769994,44.98128119800333
1781568296,10,GET,/api/load/memory-heavy [GET],3.200000,0.000000,5,5,5,5,7,8,8,8,8,8,8,12116,8,61,371.2870690347403,1.5872470030444674,19844.133311002224,51.9656652360515
1781568296,10,GET,/api/products [GET],7.400000,0.000000,2,2,2,2,2,3,3,5,5,5,5,24193,11,25,234.56199277433416,0.7646369995200075,36473.63180299726,119.94543876327863
1781568296,10,,Aggregated,17.000000,0.000000,5,9,10,10,11,12,18,20,31,31,31,60349,29,58,404.76010776720375,0.7646369995200075,135192.1857769994,76.43550017398798
1781568297,10,GET,/api/load/cpu-heavy [GET],6.500000,0.000000,10,10,11,11,12,13,19,31,31,31,31,24046,10,160.0,592.7661389721098,7.26743700215593,135192.1857769994,44.98128586875156
1781568297,10,GET,/api/load/memory-heavy [GET],3.100000,0.000000,5,5,5,5,7,8,8,8,8,8,8,12120,8,61,371.1661420641839,1.5872470030444674,19844.133311002224,51.965676567656764
1781568297,10,GET,/api/products [GET],7.200000,0.000000,2,2,2,2,2,2,3,5,5,5,5,24204,11,25,234.45613177088484,0.7646369995200075,36473.63180299726,119.9454635597422
1781568297,10,,Aggregated,16.800000,0.000000,5,9,10,10,11,12,13,19,31,31,31,60370,29,58,404.6209115939043,0.7646369995200075,135192.1857769994,76.4386947159185
1781568298,10,GET,/api/load/cpu-heavy [GET],7.200000,0.000000,10,10,11,11,12,13,19,31,31,31,31,24052,10,160.0,592.6207550740214,7.26743700215593,135192.1857769994,44.981290537169464
1781568298,10,GET,/api/load/memory-heavy [GET],3.000000,0.000000,5,5,5,7,8,8,9,9,9,9,9,12123,8,61,371.0758563233449,1.5872470030444674,19844.133311002224,51.965685061453435
1781568298,10,GET,/api/products [GET],7.000000,0.000000,2,2,2,2,2,2,3,5,5,5,5,24212,11,25,234.37923312293495,0.7646369995200075,36473.63180299726,119.94548157938212
1781568298,10,,Aggregated,17.200000,0.000000,5,9,10,10,11,11,13,19,31,31,31,60387,29,58,404.508536599285,0.7646369995200075,135192.1857769994,76.44012784208522
1781568299,10,GET,/api/load/cpu-heavy [GET],7.200000,0.000000,10,10,11,11,11,13,14,31,31,31,31,24062,10,160.0,592.3789584427881,7.26743700215593,135192.1857769994,44.98129831269221
1781568299,10,GET,/api/load/memory-heavy [GET],2.900000,0.000000,5,5,5,7,8,9,14,14,14,14,14,12125,8,61,371.0161720294364,1.5872470030444674,19844.133311002224,51.96569072164949
1781568299,10,GET,/api/products [GET],7.100000,0.000000,2,2,2,2,2,2,3,5,5,5,5,24226,11,25,234.24476374017613,0.7646369995200075,36473.63180299726,119.94551308511517
1781568299,10,,Aggregated,17.200000,0.000000,5,9,10,10,11,11,13,14,31,31,31,60413,29,58,404.3369346047545,0.7646369995200075,135192.1857769994,76.44420902785824
1781568300,10,GET,/api/load/cpu-heavy [GET],6.900000,0.000000,10,10,11,11,11,13,14,31,31,31,31,24071,10,160.0,592.1611415126239,7.26743700215593,135192.1857769994,44.98130530513897
1781568300,10,GET,/api/load/memory-heavy [GET],3.000000,0.000000,5,5,5,5,8,9,14,14,14,14,14,12128,8,61,370.92557846140494,1.5872470030444674,19844.133311002224,51.96569920844327
1781568300,10,GET,/api/products [GET],7.400000,0.000000,2,2,2,2,2,2,3,5,5,5,5,24230,11,25,234.2063964114944,0.7646369995200075,36473.63180299726,119.94552208006603
1781568300,10,,Aggregated,17.300000,0.000000,5,9,10,10,11,11,13,14,31,31,31,60429,29,58,404.23169733043824,0.7646369995200075,135192.1857769994,76.44119545251452
1781568301,10,GET,/api/load/cpu-heavy [GET],7.000000,0.000000,10,10,11,11,12,13,14,31,31,31,31,24080,10,150.0,591.9435636034619,7.26743700215593,135192.1857769994,44.9813122923588
1781568301,10,GET,/api/load/memory-heavy [GET],2.800000,0.000000,5,5,5,5,8,9,14,14,14,14,14,12130,8,61,370.86525933684374,1.5872470030444674,19844.133311002224,51.96570486397362
1781568301,10,GET,/api/products [GET],7.600000,0.000000,2,2,2,2,2,2,3,5,5,5,5,24238,11,25,234.12959658814754,0.7646369995200075,36473.63180299726,119.94554006106114
1781568301,10,,Aggregated,17.400000,0.000000,5,9,10,10,11,11,13,14,31,31,31,60448,29,58,404.1065009500902,0.7646369995200075,135192.1857769994,76.44147035468502
1781568302,10,GET,/api/load/cpu-heavy [GET],7.200000,0.000000,10,10,11,11,12,13,14,31,31,31,31,24085,10,150.0,591.8228224584334,7.26743700215593,135192.1857769994,44.981316171891216
1781568302,10,GET,/api/load/memory-heavy [GET],2.900000,0.000000,5,5,5,5,8,9,14,14,14,14,14,12138,8,60,370.62418315883326,1.5872470030444674,19844.133311002224,51.96572746745757
1781568302,10,GET,/api/products [GET],8.100000,0.000000,2,2,2,2,2,2,3,5,5,5,5,24244,11,25,234.07208198084157,0.7646369995200075,36473.63180299726,119.94555353901997
1781568302,10,,Aggregated,18.200000,0.000000,5,9,10,10,11,12,13,14,31,31,31,60467,29,58,403.98122231361015,0.7646369995200075,135192.1857769994,76.43995898589313
1781568303,10,GET,/api/load/cpu-heavy [GET],7.400000,0.000000,10,10,11,11,13,15,18,31,31,31,31,24093,10,150.0,591.630710294873,7.26743700215593,135192.1857769994,44.9813223757938
1781568303,10,GET,/api/load/memory-heavy [GET],2.900000,0.000000,5,5,5,5,8,10,14,14,14,14,14,12144,8,60,370.44387668683487,1.5872470030444674,19844.133311002224,51.96574440052701
1781568303,10,GET,/api/products [GET],8.100000,0.000000,2,2,2,2,2,2,3,3,3,3,3,24247,11,25,234.0433750714118,0.7646369995200075,36473.63180299726,119.945560275498
1781568303,10,,Aggregated,18.400000,0.000000,5,9,10,10,11,13,17,18,31,31,31,60484,29,58,403.87009551246746,0.7646369995200075,135192.1857769994,76.4355366708551
1781568304,10,GET,/api/load/cpu-heavy [GET],7.800000,0.000000,10,11,11,11,13,17,18,31,31,31,31,24100,10,150.0,591.4618084742893,7.26743700215593,135192.1857769994,44.981327800829874
1781568304,10,GET,/api/load/memory-heavy [GET],2.800000,0.000000,5,5,5,5,8,10,14,14,14,14,14,12148,8,60,370.32351212791673,1.5872470030444674,19844.133311002224,51.965755679947314
1781568304,10,GET,/api/products [GET],7.500000,0.000000,2,2,2,2,2,2,3,3,3,3,3,24254,11,25,233.976284858313,0.7646369995200075,36473.63180299726,119.94557598746599
1781568304,10,,Aggregated,18.100000,0.000000,5,10,10,10,11,13,17,18,31,31,31,60502,29,58,403.7516185004477,0.7646369995200075,135192.1857769994,76.43532445208423
1781568305,10,GET,/api/load/cpu-heavy [GET],7.700000,0.000000,10,10,11,11,13,17,18,31,31,31,31,24104,10,150.0,591.3653365134156,7.26743700215593,135192.1857769994,44.981330899435775
1781568305,10,GET,/api/load/memory-heavy [GET],3.200000,0.000000,5,5,5,5,8,10,14,14,14,14,14,12151,8,60,370.23359716047514,1.5872470030444674,19844.133311002224,51.96576413463912
1781568305,10,GET,/api/products [GET],7.600000,0.000000,2,2,2,2,2,2,2,3,3,3,3,24261,11,24,233.9092667461983,0.7646369995200075,36473.63180299726,119.94559169036725
1781568305,10,,Aggregated,18.500000,0.000000,5,9,10,10,11,12,17,18,31,31,31,60516,29,57,403.65938315397705,0.7646369995200075,135192.1857769994,76.43707449269614
1781568306,10,GET,/api/load/cpu-heavy [GET],8.200000,0.000000,10,10,11,11,13,15,17,18,18,18,18,24110,10,150.0,591.2205776472993,7.26743700215593,135192.1857769994,44.98133554541684
1781568306,10,GET,/api/load/memory-heavy [GET],3.500000,0.000000,5,5,5,6,8,10,14,14,14,14,14,12156,8,60,370.08357830099743,1.5872470030444674,19844.133311002224,51.96577821651859
1781568306,10,GET,/api/products [GET],7.200000,0.000000,2,2,2,2,2,2,2,3,3,3,3,24268,11,24,233.8423324152184,0.7646369995200075,36473.63180299726,119.94560738420967
1781568306,10,,Aggregated,18.900000,0.000000,5,9,10,10,11,12,15,17,18,18,18,60534,29,57,403.5409823893363,0.7646369995200075,135192.1857769994,76.43697756632636
1781568307,10,GET,/api/load/cpu-heavy [GET],7.900000,0.000000,10,11,11,11,12,15,17,18,18,18,18,24120,10,150.0,590.9797348542033,7.26743700215593,135192.1857769994,44.98134328358209
1781568307,10,GET,/api/load/memory-heavy [GET],3.800000,0.000000,5,5,5,5,8,10,14,14,14,14,14,12159,8,60,369.99346527304306,1.5872470030444674,19844.133311002224,51.965786660087176
1781568307,10,GET,/api/products [GET],7.400000,0.000000,2,2,2,2,2,2,2,3,3,3,3,24274,11,24,233.78494745639432,0.7646369995200075,36473.63180299726,119.9456208288704
1781568307,10,,Aggregated,19.100000,0.000000,5,9,10,10,11,12,15,17,18,18,18,60553,29,57,403.41647091795744,0.7646369995200075,135192.1857769994,76.43489174772513
1781568309,10,GET,/api/load/cpu-heavy [GET],7.200000,0.000000,10,10,11,11,12,15,17,18,18,18,18,24128,10,150.0,590.786967914928,7.26743700215593,135192.1857769994,44.981349469496024
1781568309,10,GET,/api/load/memory-heavy [GET],3.900000,0.000000,5,5,5,5,8,10,11,11,11,11,11,12163,8,60,369.87379712504566,1.5872470030444674,19844.133311002224,51.96579791169942
1781568309,10,GET,/api/products [GET],7.300000,0.000000,2,2,2,2,2,2,2,2,2,2,2,24280,11,24,233.72763447749193,0.7646369995200075,36473.63180299726,119.94563426688633
1781568309,10,,Aggregated,18.400000,0.000000,5,9,10,10,11,12,15,17,18,18,18,60571,29,57,403.29844185166274,0.7646369995200075,135192.1857769994,76.4334417460501
1781568310,10,GET,/api/load/cpu-heavy [GET],7.000000,0.000000,10,10,11,11,12,15,17,18,18,18,18,24137,10,150.0,590.5704086576375,7.26743700215593,135192.1857769994,44.981356423747776
1781568310,10,GET,/api/load/memory-heavy [GET],4.000000,0.000000,5,5,6,7,9,10,11,11,11,11,11,12168,8,60,369.7246462149029,1.5872470030444674,19844.133311002224,51.965811965811966
1781568310,10,GET,/api/products [GET],7.500000,0.000000,2,2,2,2,2,2,2,2,2,2,2,24285,11,24,233.67986989188844,0.7646369995200075,36473.63180299726,119.94564546016059
1781568310,10,,Aggregated,18.500000,0.000000,5,9,10,10,11,12,15,17,18,18,18,60590,29,57,403.1741721280258,0.7646369995200075,135192.1857769994,76.43035154315893
1781568311,10,GET,/api/load/cpu-heavy [GET],7.300000,0.000000,10,10,11,11,12,17,17,18,18,18,18,24140,10,150.0,590.4981951963297,7.26743700215593,135192.1857769994,44.98135874067937
1781568311,10,GET,/api/load/memory-heavy [GET],3.800000,0.000000,5,5,5,6,8,9,11,11,11,11,11,12173,8,60,369.5747876012432,1.5872470030444674,19844.133311002224,51.9658260083792
1781568311,10,GET,/api/products [GET],7.000000,0.000000,2,2,2,2,2,2,2,2,2,2,2,24295,11,24,233.58442329893066,0.7646369995200075,36473.63180299726,119.94566783288742
1781568311,10,,Aggregated,18.100000,0.000000,5,9,10,10,11,11,15,17,18,18,18,60608,29,57,403.05560133244944,0.7646369995200075,135192.1857769994,76.43396911298838
1781568312,10,GET,/api/load/cpu-heavy [GET],7.400000,0.000000,10,10,11,11,12,17,17,18,18,18,18,24145,10,150.0,590.377974016873,7.26743700215593,135192.1857769994,44.98136260095258
1781568312,10,GET,/api/load/memory-heavy [GET],4.300000,0.000000,5,5,5,6,9,10,11,11,11,11,11,12177,8,59,369.4548819126977,1.5872470030444674,19844.133311002224,51.965837234129914
1781568312,10,GET,/api/products [GET],5.900000,0.000000,2,2,2,2,2,2,2,3,3,3,3,24305,11,24,233.48905971226182,0.7646369995200075,36473.63180299726,119.94569018720428
1781568312,10,,Aggregated,17.600000,0.000000,5,9,10,10,11,11,15,17,18,18,18,60627,29,57,402.93070539520494,0.7646369995200075,135192.1857769994,76.43695053359065
1781568313,10,GET,/api/load/cpu-heavy [GET],7.400000,0.000000,10,10,10,11,11,11,12,13,13,13,13,24151,10,150.0,590.2336679236631,7.26743700215593,135192.1857769994,44.98136723117055
1781568313,10,GET,/api/load/memory-heavy [GET],4.300000,0.000000,5,5,5,6,8,9,11,11,11,11,11,12182,8,59,369.3053365451422,1.5872470030444674,19844.133311002224,51.96585125595141
1781568313,10,GET,/api/products [GET],5.900000,0.000000,2,2,2,2,2,2,2,3,3,3,3,24309,11,24,233.4509107815837,0.7646369995200075,36473.63180299726,119.94569912378131
1781568313,10,,Aggregated,17.600000,0.000000,5,9,9,10,10,11,11,12,13,13,13,60642,29,57,402.8325107022702,0.7646369995200075,135192.1857769994,76.43469872365687
1781568314,10,GET,/api/load/cpu-heavy [GET],6.900000,0.000000,10,10,10,11,11,12,12,13,13,13,13,24156,10,150.0,590.1136813747883,7.26743700215593,135192.1857769994,44.981371087928466
1781568314,10,GET,/api/load/memory-heavy [GET],4.500000,0.000000,5,5,5,6,8,9,11,11,11,11,11,12188,8,59,369.1260436265929,1.5872470030444674,19844.133311002224,51.9658680669511
1781568314,10,GET,/api/products [GET],6.400000,0.000000,2,2,2,2,2,2,2,3,3,3,3,24314,11,24,233.4032548136678,0.7646369995200075,36473.63180299726,119.94571029036769
1781568314,10,,Aggregated,17.800000,0.000000,5,9,9,10,10,11,11,12,13,13,13,60658,29,57,402.7277695365833,0.7646369995200075,135192.1857769994,76.4332816776023
1781568315,10,GET,/api/load/cpu-heavy [GET],6.600000,0.000000,10,10,10,11,11,11,12,12,12,12,12,24166,10,150.0,589.8734197196219,7.26743700215593,135192.1857769994,44.98137879665646
1781568315,10,GET,/api/load/memory-heavy [GET],4.400000,0.000000,5,5,5,6,8,9,11,11,11,11,11,12192,8,59,369.00686078050495,1.5872470030444674,19844.133311002224,51.965879265091864
1781568315,10,GET,/api/products [GET],6.500000,0.000000,2,2,2,2,2,2,3,3,3,3,3,24322,11,24,233.3270514324694,0.7646369995200075,36473.63180299726,119.9457281473563
1781568315,10,,Aggregated,17.500000,0.000000,5,9,9,10,10,11,11,12,12,12,12,60680,29,57,402.58393626435515,0.7646369995200075,135192.1857769994,76.43223467369809
1781568316,10,GET,/api/load/cpu-heavy [GET],6.300000,0.000000,10,10,10,11,11,11,12,12,12,12,12,24177,10,150.0,589.6096238997968,7.26743700215593,135192.1857769994,44.98138726889192
1781568316,10,GET,/api/load/memory-heavy [GET],4.400000,0.000000,5,5,5,6,9,10,11,11,11,11,11,12193,8,59,368.9773156703781,1.5872470030444674,19844.133311002224,51.96588206347904
1781568316,10,GET,/api/products [GET],6.700000,0.000000,2,2,2,2,2,2,3,3,3,3,3,24329,11,24,233.26042867843006,0.7646369995200075,36473.63180299726,119.94574376258785
1781568316,10,,Aggregated,17.400000,0.000000,5,9,10,10,10,11,11,12,12,12,12,60699,29,57,402.4600941747323,0.7646369995200075,135192.1857769994,76.43116031565594
1781568317,10,GET,/api/load/cpu-heavy [GET],6.300000,0.000000,10,10,10,11,11,11,12,16,16,16,16,24187,10,150.0,589.3702897884561,7.26743700215593,135192.1857769994,44.98139496423698
1781568317,10,GET,/api/load/memory-heavy [GET],4.400000,0.000000,5,5,5,7,9,10,11,11,11,11,11,12197,8,59,368.8581196531043,1.5872470030444674,19844.133311002224,51.96589325243912
1781568317,10,GET,/api/products [GET],6.700000,0.000000,2,2,2,2,2,2,3,3,3,3,3,24336,11,24,233.1938182573354,0.7646369995200075,36473.63180299726,119.94575936883629
1781568317,10,,Aggregated,17.400000,0.000000,5,9,9,10,10,11,11,12,16,16,16,60720,29,57,402.32322868302145,0.7646369995200075,135192.1857769994,76.42939723320158
1781568318,10,GET,/api/load/cpu-heavy [GET],6.500000,0.000000,10,10,10,11,11,11,12,16,16,16,16,24194,10,150.0,589.2024981703892,7.26743700215593,135192.1857769994,44.98140034719352
1781568318,10,GET,/api/load/memory-heavy [GET],4.400000,0.000000,5,5,5,6,9,9,10,10,10,10,10,12202,8,59,368.7088040557206,1.5872470030444674,19844.133311002224,51.965907228323225
1781568318,10,GET,/api/products [GET],6.800000,0.000000,2,2,2,2,2,2,3,3,3,3,3,24345,11,24,233.10824565452955,0.7646369995200075,36473.63180299726,119.94577942082563
1781568318,10,,Aggregated,17.700000,0.000000,5,9,9,10,10,11,11,12,16,16,16,60741,29,57,402.18584330653215,0.7646369995200075,135192.1857769994,76.43022011491415
1781568319,10,GET,/api/load/cpu-heavy [GET],7.700000,0.000000,10,10,11,11,11,12,12,16,16,16,16,24199,10,150.0,589.0829117887266,7.26743700215593,135192.1857769994,44.981404190255795
1781568319,10,GET,/api/load/memory-heavy [GET],4.100000,0.000000,5,5,5,5,8,9,10,10,10,10,10,12204,8,59,368.64912049958224,1.5872470030444674,19844.133311002224,51.96591281547034
1781568319,10,GET,/api/products [GET],6.800000,0.000000,2,2,2,2,2,2,3,3,3,3,3,24358,11,24,232.98463180107223,0.7646369995200075,36473.63180299726,119.94580835865014
1781568319,10,,Aggregated,18.600000,0.000000,5,9,9,10,10,11,12,12,16,16,16,60761,29,56,402.05478695813196,0.7646369995200075,135192.1857769994,76.43615147874459
1781568320,10,GET,/api/load/cpu-heavy [GET],7.700000,0.000000,10,10,11,11,11,12,16,45,45,45,45,24209,10,150.0,588.8452276805898,7.26743700215593,135192.1857769994,44.98141187161799
1781568320,10,GET,/api/load/memory-heavy [GET],4.100000,0.000000,5,5,5,5,8,9,10,10,10,10,10,12207,8,59,368.55984265846735,1.5872470030444674,19844.133311002224,51.96592119275825
1781568320,10,GET,/api/products [GET],6.800000,0.000000,2,2,2,2,2,3,3,6,6,6,6,24366,11,24,232.9088241121445,0.7646369995200075,36473.63180299726,119.94582615119428
1781568320,10,,Aggregated,18.600000,0.000000,5,9,9,10,11,11,12,16,45,45,45,60782,29,56,401.918668759963,0.7646369995200075,135192.1857769994,76.43550722253299
1781568321,10,GET,/api/load/cpu-heavy [GET],7.400000,0.000000,10,10,11,11,11,12,16,45,45,45,45,24216,10,150.0,588.6778049371655,7.26743700215593,135192.1857769994,44.98141724479683
1781568321,10,GET,/api/load/memory-heavy [GET],4.300000,0.000000,5,5,5,6,9,9,10,10,10,10,10,12214,8,58,368.35195698517333,1.5872470030444674,19844.133311002224,51.96594072375962
1781568321,10,GET,/api/products [GET],7.100000,0.000000,2,2,2,2,2,2,3,6,6,6,6,24374,11,24,232.83291293999787,0.7646369995200075,36473.63180299726,119.94584393205875
1781568321,10,,Aggregated,18.800000,0.000000,5,9,9,10,11,11,12,16,45,45,45,60804,29,56,401.77524417760463,0.7646369995200075,135192.1857769994,76.43480692059732
1781568322,10,GET,/api/load/cpu-heavy [GET],7.200000,0.000000,10,10,11,11,11,12,16,45,45,45,45,24221,10,150.0,588.5582755827343,7.26743700215593,135192.1857769994,44.981421080880224
1781568322,10,GET,/api/load/memory-heavy [GET],3.900000,0.000000,5,5,6,7,9,10,11,11,11,11,11,12217,8,58,368.2631594504302,1.5872470030444674,19844.133311002224,51.965949087337314
1781568322,10,GET,/api/products [GET],8.100000,0.000000,2,2,2,2,2,2,3,6,6,6,6,24380,11,24,232.77602379009463,0.7646369995200075,36473.63180299726,119.94585726004922
1781568322,10,,Aggregated,19.200000,0.000000,5,9,9,10,11,11,12,16,45,45,45,60818,29,56,401.68404866812585,0.7646369995200075,135192.1857769994,76.43531520273604
1781568323,10,GET,/api/load/cpu-heavy [GET],7.600000,0.000000,10,10,11,11,11,12,16,45,45,45,45,24234,10,150.0,588.2479415722291,7.26743700215593,135192.1857769994,44.981431047288936
1781568323,10,GET,/api/load/memory-heavy [GET],4.100000,0.000000,5,5,7,7,9,10,11,11,11,11,11,12220,8,58,368.1741449452458,1.5872470030444674,19844.133311002224,51.96595744680851
1781568323,10,GET,/api/products [GET],7.900000,0.000000,2,2,2,2,2,2,3,6,6,6,6,24384,11,24,232.73814499936486,0.7646369995200075,36473.63180299726,119.94586614173228
1781568323,10,,Aggregated,19.600000,0.000000,5,9,9,10,11,11,12,16,45,45,45,60838,29,56,401.5545480613608,0.7646369995200075,135192.1857769994,76.4302574049114
1781568324,10,GET,/api/load/cpu-heavy [GET],7.600000,0.000000,10,10,11,11,11,12,16,45,45,45,45,24239,10,150.0,588.1288426583353,7.26743700215593,135192.1857769994,44.98143487767647
1781568324,10,GET,/api/load/memory-heavy [GET],4.100000,0.000000,5,5,6,7,9,9,11,11,11,11,11,12221,8,58,368.1444214348178,1.5872470030444674,19844.133311002224,51.96596023238688
1781568324,10,GET,/api/products [GET],7.900000,0.000000,2,2,2,2,2,2,3,6,6,6,6,24392,11,24,232.6623319399192,0.7646369995200075,36473.63180299726,119.94588389635946
1781568324,10,,Aggregated,19.600000,0.000000,5,9,10,10,11,11,12,16,45,45,45,60852,29,56,401.46334700961444,0.7646369995200075,135192.1857769994,76.43300138039834
1781568325,10,GET,/api/load/cpu-heavy [GET],8.200000,0.000000,10,11,11,11,12,12,16,45,45,45,45,24245,10,150.0,587.9858423856217,7.26743700215593,135192.1857769994,44.981439472056095
1781568325,10,GET,/api/load/memory-heavy [GET],3.700000,0.000000,5,5,6,6,7,9,11,11,11,11,11,12225,8,58,368.0255834563526,1.5872470030444674,19844.133311002224,51.96597137014315
1781568325,10,GET,/api/products [GET],7.500000,0.000000,2,2,2,2,2,2,2,6,6,6,6,24401,11,24,232.5771705397531,0.7646369995200075,36473.63180299726,119.94590385639933
1781568325,10,,Aggregated,19.400000,0.000000,5,9,9,10,11,11,12,16,45,45,45,60871,29,56,401.33963701490165,0.7646369995200075,135192.1857769994,76.4347390382941
1781568326,10,GET,/api/load/cpu-heavy [GET],8.200000,0.000000,10,11,11,11,12,12,16,45,45,45,45,24252,10,150.0,587.8192893607705,7.26743700215593,135192.1857769994,44.98144482929243
1781568326,10,GET,/api/load/memory-heavy [GET],3.700000,0.000000,5,5,5,6,7,9,11,11,11,11,11,12227,8,58,367.9661116184596,1.5872470030444674,19844.133311002224,51.96597693628854
1781568326,10,GET,/api/products [GET],7.500000,0.000000,2,2,2,2,2,2,2,6,6,6,6,24408,11,24,232.5109652458011,0.7646369995200075,36473.63180299726,119.94591937069814
1781568326,10,,Aggregated,19.400000,0.000000,5,9,10,10,11,11,12,16,45,45,45,60887,29,56,401.23577597937293,0.7646369995200075,135192.1857769994,76.43533102304268
1781568327,10,GET,/api/load/cpu-heavy [GET],8.000000,0.000000,10,11,11,11,12,12,16,45,45,45,45,24258,10,150.0,587.6764228687607,7.26743700215593,135192.1857769994,44.981449418748454
1781568327,10,GET,/api/load/memory-heavy [GET],3.300000,0.000000,5,5,6,7,7,9,11,11,11,11,11,12230,8,58,367.8771949060422,1.5872470030444674,19844.133311002224,51.965985282093214
1781568327,10,GET,/api/products [GET],7.800000,0.000000,2,2,2,2,2,2,2,6,6,6,6,24416,11,24,232.4353083825568,0.7646369995200075,36473.63180299726,119.94593709043251
1781568327,10,,Aggregated,19.100000,0.000000,5,9,10,10,11,11,12,16,45,45,45,60904,29,56,401.1252667988975,0.7646369995200075,135192.1857769994,76.43675292263234
1781568328,10,GET,/api/load/cpu-heavy [GET],8.000000,0.000000,10,11,11,11,12,12,16,45,45,45,45,24267,10,150.0,587.4623266454191,7.26743700215593,135192.1857769994,44.981456298677216
1781568328,10,GET,/api/load/memory-heavy [GET],3.300000,0.000000,5,5,7,7,7,11,12,12,12,12,12,12236,8,58,367.69996232231927,1.5872470030444674,19844.133311002224,51.966001961425306
1781568328,10,GET,/api/products [GET],7.800000,0.000000,2,2,2,2,2,2,2,6,6,6,6,24424,11,23,232.3596572081761,0.7646369995200075,36473.63180299726,119.9459547985588
1781568328,10,,Aggregated,19.100000,0.000000,5,9,10,10,11,12,12,16,45,45,45,60927,29,56,400.9762057434806,0.7646369995200075,135192.1857769994,76.43542271899157
1781568329,10,GET,/api/load/cpu-heavy [GET],7.000000,0.000000,10,11,11,11,12,12,12,13,13,13,13,24272,10,150.0,587.3435282466371,7.26743700215593,135192.1857769994,44.98146011865524
1781568329,10,GET,/api/load/memory-heavy [GET],3.300000,0.000000,5,5,6,7,8,11,12,12,12,12,12,12245,8,58,367.4336286354356,1.5872470030444674,19844.133311002224,51.96602694977542
1781568329,10,GET,/api/products [GET],8.000000,0.000000,2,2,2,2,2,2,2,3,3,3,3,24436,11,23,232.24650653275847,0.7646369995200075,36473.63180299726,119.94598133900801
1781568329,10,,Aggregated,18.300000,0.000000,5,9,10,10,11,11,12,12,13,13,13,60953,29,55,400.8072208730995,0.7646369995200075,135192.1857769994,76.43781274096435
1781568330,10,GET,/api/load/cpu-heavy [GET],7.300000,0.000000,11,11,11,11,12,12,12,13,13,13,13,24278,10,150.0,587.2008350378685,7.26743700215593,135192.1857769994,44.98146470055194
1781568330,10,GET,/api/load/memory-heavy [GET],3.400000,0.000000,5,5,7,7,7,11,12,12,12,12,12,12249,8,58,367.3156106744149,1.5872470030444674,19844.133311002224,51.966038043921955
1781568330,10,GET,/api/products [GET],7.900000,0.000000,2,2,2,2,2,2,3,3,3,3,3,24443,11,23,232.18051453256493,0.7646369995200075,36473.63180299726,119.94599680890235
1781568330,10,,Aggregated,18.600000,0.000000,5,9,10,10,11,11,12,12,13,13,13,60970,29,55,400.6970494492377,0.7646369995200075,135192.1857769994,76.43811710677382
1781568331,10,GET,/api/load/cpu-heavy [GET],7.200000,0.000000,10,11,11,11,12,12,12,13,13,13,13,24283,10,150.0,587.0819196578419,7.26743700215593,135192.1857769994,44.98146851706956
1781568331,10,GET,/api/load/memory-heavy [GET],3.900000,0.000000,5,5,7,7,7,8,12,12,12,12,12,12252,8,58,367.2269632686835,1.5872470030444674,19844.133311002224,51.966046359778
1781568331,10,GET,/api/products [GET],7.800000,0.000000,2,2,2,2,2,2,3,3,3,3,3,24455,11,23,232.06739376481238,0.7646369995200075,36473.63180299726,119.94602330811695
1781568331,10,,Aggregated,18.900000,0.000000,5,9,10,10,11,11,12,12,13,13,13,60990,29,55,400.5670294070835,0.7646369995200075,135192.1857769994,76.44290867355303
1781568332,10,GET,/api/load/cpu-heavy [GET],6.900000,0.000000,10,11,11,11,12,12,12,13,13,13,13,24292,10,150.0,586.8681879219654,7.26743700215593,135192.1857769994,44.981475382842085
1781568332,10,GET,/api/load/memory-heavy [GET],4.100000,0.000000,5,6,7,7,7,11,12,12,12,12,12,12255,8,58,367.13915334654547,1.5872470030444674,19844.133311002224,51.96605467156263
1781568332,10,GET,/api/products [GET],7.700000,0.000000,2,2,2,2,2,2,3,4,4,4,4,24462,11,23,232.0015163706764,0.7646369995200075,36473.63180299726,119.94603875398577
1781568332,10,,Aggregated,18.700000,0.000000,5,9,10,10,11,11,12,12,13,13,13,61009,29,55,400.4444170322745,0.7646369995200075,135192.1857769994,76.44206592469963
1781568333,10,GET,/api/load/cpu-heavy [GET],6.600000,0.000000,10,11,11,11,12,12,13,15,15,15,15,24302,10,150.0,586.6310727380203,7.26743700215593,135192.1857769994,44.98148300551395
1781568333,10,GET,/api/load/memory-heavy [GET],3.800000,0.000000,5,7,7,7,7,11,12,12,12,12,12,12256,8,58,367.1097741372321,1.5872470030444674,19844.133311002224,51.96605744125326
1781568333,10,GET,/api/products [GET],7.800000,0.000000,2,2,2,2,2,2,3,4,4,4,4,24469,11,23,231.9356376271399,0.7646369995200075,36473.63180299726,119.94605419101721
1781568333,10,,Aggregated,18.200000,0.000000,5,9,10,10,11,11,12,13,15,15,15,61027,29,55,400.32836021112007,0.7646369995200075,135192.1857769994,76.44150949579694
1781568334,10,GET,/api/load/cpu-heavy [GET],7.000000,0.000000,10,11,11,11,12,12,13,15,15,15,15,24311,10,150.0,586.417850786449,7.26743700215593,135192.1857769994,44.98148986055695
1781568334,10,GET,/api/load/memory-heavy [GET],3.800000,0.000000,5,7,7,7,7,11,12,12,12,12,12,12257,8,58,367.0801823690882,1.5872470030444674,19844.133311002224,51.96606021049196
1781568334,10,GET,/api/products [GET],8.100000,0.000000,2,2,2,2,2,3,3,4,4,4,4,24479,11,23,231.84169982260292,0.7646369995200075,36473.63180299726,119.94607622860411
1781568334,10,,Aggregated,18.900000,0.000000,5,9,10,10,11,11,12,13,15,15,15,61047,29,55,400.1991766298921,0.7646369995200075,135192.1857769994,76.44360902255639
1781568335,10,GET,/api/load/cpu-heavy [GET],6.800000,0.000000,10,11,11,11,12,12,19,40,40,40,40,24320,10,150.0,586.2060606897762,7.26743700215593,135192.1857769994,44.981496710526315
1781568335,10,GET,/api/load/memory-heavy [GET],3.700000,0.000000,5,7,7,7,8,11,12,12,12,12,12,12261,8,58,366.9625396507551,1.5872470030444674,19844.133311002224,51.96607128292961
1781568335,10,GET,/api/products [GET],8.500000,0.000000,2,2,2,2,2,3,3,4,4,4,4,24486,11,23,231.77589943557487,0.7646369995200075,36473.63180299726,119.94609164420486
1781568335,10,,Aggregated,19.000000,0.000000,5,9,10,10,11,12,12,19,40,40,40,61067,29,55,400.07080367814035,0.7646369995200075,135192.1857769994,76.44236658096844
1781568336,10,GET,/api/load/cpu-heavy [GET],6.900000,0.000000,10,11,11,11,12,17,19,40,40,40,40,24327,10,150.0,586.0412255821658,7.26743700215593,135192.1857769994,44.98150203477618
1781568336,10,GET,/api/load/memory-heavy [GET],3.600000,0.000000,5,7,7,7,9,11,12,12,12,12,12,12265,8,57,366.84515169187983,1.5872470030444674,19844.133311002224,51.96608234814513
1781568336,10,GET,/api/products [GET],8.700000,0.000000,2,2,2,2,2,3,3,4,4,4,4,24492,11,23,231.71952982445228,0.7646369995200075,36473.63180299726,119.94610485056344
1781568336,10,,Aggregated,19.200000,0.000000,5,9,10,10,11,12,17,19,40,40,40,61084,29,55,399.96161686692074,0.7646369995200075,135192.1857769994,76.44144129395586
1781568337,10,GET,/api/load/cpu-heavy [GET],7.500000,0.000000,10,11,11,11,12,17,19,40,40,40,40,24333,10,150.0,585.899177595255,7.26743700215593,135192.1857769994,44.98150659598077
1781568337,10,GET,/api/load/memory-heavy [GET],3.400000,0.000000,6,7,7,7,9,10,11,11,11,11,11,12266,8,57,366.8156916197544,1.5872470030444674,19844.133311002224,51.96608511332138
1781568337,10,GET,/api/products [GET],8.600000,0.000000,2,2,2,2,2,3,3,4,4,4,4,24501,11,23,231.63502213830037,0.7646369995200075,36473.63180299726,119.94612464797355
1781568337,10,,Aggregated,19.500000,0.000000,5,9,10,10,11,12,17,19,40,40,40,61100,29,55,399.8581937683141,0.7646369995200075,135192.1857769994,76.44436988543372
1781568338,10,GET,/api/load/cpu-heavy [GET],7.500000,0.000000,10,11,11,11,14,17,19,40,40,40,40,24344,10,150.0,585.639613854804,7.26743700215593,135192.1857769994,44.981514952349656
1781568338,10,GET,/api/load/memory-heavy [GET],3.600000,0.000000,7,7,9,9,11,11,56,56,56,56,56,12270,8,57,366.7028998425348,1.5872470030444674,19844.133311002224,51.966096169519155
1781568338,10,GET,/api/products [GET],8.300000,0.000000,2,2,2,2,2,2,3,4,4,4,4,24509,11,23,231.55994231998378,0.7646369995200075,36473.63180299726,119.94614223346525
1781568338,10,,Aggregated,19.400000,0.000000,7,10,10,10,11,14,19,40,56,56,56,61123,29,55,399.71136834039527,0.7646369995200075,135192.1857769994,76.44281203474961
1781568339,10,GET,/api/load/cpu-heavy [GET],7.500000,0.000000,10,11,11,11,14,17,19,40,40,40,40,24349,10,150.0,585.5214625595038,7.26743700215593,135192.1857769994,44.981518748203214
1781568339,10,GET,/api/load/memory-heavy [GET],3.600000,0.000000,7,7,9,10,11,11,56,56,56,56,56,12272,8,57,366.64388406061784,1.5872470030444674,19844.133311002224,51.96610169491525
1781568339,10,GET,/api/products [GET],8.400000,0.000000,2,2,2,2,2,2,3,4,4,4,4,24519,11,23,231.466197345181,0.7646369995200075,36473.63180299726,119.94616419919247
1781568339,10,,Aggregated,19.500000,0.000000,6,10,10,10,11,14,19,40,56,56,56,61140,29,55,399.60149705201167,0.7646369995200075,135192.1857769994,76.44656526005888
1781568340,10,GET,/api/load/cpu-heavy [GET],7.700000,0.000000,10,11,11,11,14,17,19,40,40,40,40,24358,10,150.0,585.3089979638468,7.26743700215593,135192.1857769994,44.981525576812544
1781568340,10,GET,/api/load/memory-heavy [GET],3.300000,0.000000,7,7,9,10,11,11,56,56,56,56,56,12277,8,57,366.4973549715645,1.5872470030444674,19844.133311002224,51.96611550052945
1781568340,10,GET,/api/products [GET],8.300000,0.000000,2,2,2,2,2,2,3,4,4,4,4,24523,11,23,231.42872964398694,0.7646369995200075,36473.63180299726,119.94617298046731
1781568340,10,,Aggregated,19.300000,0.000000,7,10,10,11,11,14,19,40,56,56,56,61158,29,55,399.4861070742832,0.7646369995200075,135192.1857769994,76.44278753392851
1781568341,10,GET,/api/load/cpu-heavy [GET],7.700000,0.000000,10,11,11,11,14,17,19,40,40,40,40,24362,10,150.0,585.2146499879066,7.26743700215593,135192.1857769994,44.98152861013053
1781568341,10,GET,/api/load/memory-heavy [GET],2.900000,0.000000,7,7,8,9,10,11,56,56,56,56,56,12280,8,57,366.40916482165284,1.5872470030444674,19844.133311002224,51.966123778501625
1781568341,10,GET,/api/products [GET],8.000000,0.000000,2,2,2,2,2,3,3,4,4,4,4,24529,11,23,231.37252276482823,0.7646369995200075,36473.63180299726,119.94618614700966
1781568341,10,,Aggregated,18.600000,0.000000,7,10,10,11,11,14,19,40,56,56,56,61171,29,54,399.4023386558008,0.7646369995200075,135192.1857769994,76.4438050710304
1781568342,10,GET,/api/load/cpu-heavy [GET],7.700000,0.000000,11,11,11,11,14,17,19,40,40,40,40,24367,10,150.0,585.0967458474727,7.26743700215593,135192.1857769994,44.98153240037756
1781568342,10,GET,/api/load/memory-heavy [GET],2.900000,0.000000,7,7,8,9,10,11,56,56,56,56,56,12286,8,57,366.23308741135463,1.5872470030444674,19844.133311002224,51.96614032231808
1781568342,10,GET,/api/products [GET],8.000000,0.000000,2,2,2,2,2,2,3,3,3,3,3,24538,11,23,231.28824256738358,0.7646369995200075,36473.63180299726,119.94620588475019
1781568342,10,,Aggregated,18.600000,0.000000,6,10,10,11,11,14,19,40,56,56,56,61191,29,54,399.2734718197116,0.7646369995200075,135192.1857769994,76.44524521579972
1781568343,10,GET,/api/load/cpu-heavy [GET],7.800000,0.000000,10,11,11,12,16,19,21,40,40,40,40,24372,10,150.0,584.9793760934832,7.26743700215593,135192.1857769994,44.98153618906942
1781568343,10,GET,/api/load/memory-heavy [GET],2.800000,0.000000,7,7,9,9,10,27,56,56,56,56,56,12288,8,57,366.1762432106041,1.5872470030444674,19844.133311002224,51.966145833333336
1781568343,10,GET,/api/products [GET],7.400000,0.000000,2,2,2,2,2,2,3,7,7,7,7,24548,11,23,231.19488797056593,0.7646369995200075,36473.63180299726,119.94622779859867
1781568343,10,,Aggregated,18.000000,0.000000,7,10,10,11,11,16,21,40,56,56,56,61208,29,54,399.1645396128606,0.7646369995200075,135192.1857769994,76.44899359560841
1781568344,10,GET,/api/load/cpu-heavy [GET],7.500000,0.000000,11,11,11,12,14,17,19,21,21,21,21,24378,10,150.0,584.8379726890789,7.26743700215593,135192.1857769994,44.98154073344819
1781568344,10,GET,/api/load/memory-heavy [GET],3.000000,0.000000,7,7,9,9,10,27,56,56,56,56,56,12294,8,57,366.00038386325775,1.5872470030444674,19844.133311002224,51.966162355620625
1781568344,10,GET,/api/products [GET],7.500000,0.000000,2,2,2,2,2,2,3,7,7,7,7,24553,11,23,231.14815511503474,0.7646369995200075,36473.63180299726,119.94623874882906
1781568344,10,,Aggregated,18.000000,0.000000,6,10,10,11,11,14,19,27,56,56,56,61225,29,54,399.0554425474715,0.7646369995200075,135192.1857769994,76.44707227439771
1781568345,10,GET,/api/load/cpu-heavy [GET],7.000000,0.000000,11,11,11,11,12,14,16,21,21,21,21,24384,10,150.0,584.6968263396229,7.26743700215593,135192.1857769994,44.98154527559055
1781568345,10,GET,/api/load/memory-heavy [GET],3.100000,0.000000,7,7,8,9,10,27,56,56,56,56,56,12298,8,57,365.8831103837934,1.5872470030444674,19844.133311002224,51.9661733615222
1781568345,10,GET,/api/products [GET],7.900000,0.000000,2,2,2,2,2,2,3,7,7,7,7,24562,11,23,231.0640173417253,0.7646369995200075,36473.63180299726,119.94625844800912
1781568345,10,,Aggregated,18.000000,0.000000,5,9,10,10,11,12,16,27,56,56,56,61244,29,54,398.9333207973507,0.7646369995200075,135192.1857769994,76.44879498399844
1781568346,10,GET,/api/load/cpu-heavy [GET],7.000000,0.000000,11,11,11,11,12,14,16,21,21,21,21,24392,10,140.0,584.5084041437916,7.26743700215593,135192.1857769994,44.98155132830436
1781568346,10,GET,/api/load/memory-heavy [GET],3.500000,0.000000,7,7,7,9,10,27,56,56,56,56,56,12300,8,56,365.8248039608849,1.5872470030444674,19844.133311002224,51.96617886178862
1781568346,10,GET,/api/products [GET],7.300000,0.000000,2,2,2,2,2,2,3,7,7,7,7,24570,11,23,230.989343628997,0.7646369995200075,36473.63180299726,119.94627594627595
1781568346,10,,Aggregated,17.800000,0.000000,5,10,10,11,11,12,16,27,56,56,56,61262,29,54,398.8179010734049,0.7646369995200075,135192.1857769994,76.4495772256864
1781568347,10,GET,/api/load/cpu-heavy [GET],6.300000,0.000000,11,11,11,11,12,13,14,21,21,21,21,24400,10,140.0,584.3203829056705,7.26743700215593,135192.1857769994,44.98155737704918
1781568347,10,GET,/api/load/memory-heavy [GET],3.900000,0.000000,6,7,7,8,9,11,27,27,27,27,27,12304,8,56,365.7078020407085,1.5872470030444674,19844.133311002224,51.96618985695709
1781568347,10,GET,/api/products [GET],7.600000,0.000000,2,2,2,2,2,2,3,7,7,7,7,24575,11,23,230.94269621340578,0.7646369995200075,36473.63180299726,119.94628687690742
1781568347,10,,Aggregated,17.800000,0.000000,5,9,10,11,11,12,13,21,27,27,27,61279,29,54,398.70922989363265,0.7646369995200075,135192.1857769994,76.44742897240491
1781568348,10,GET,/api/load/cpu-heavy [GET],6.400000,0.000000,11,11,11,12,13,18,59,69,69,69,69,24412,10,140.0,584.043233632122,7.26743700215593,135192.1857769994,44.98156644273308
1781568348,10,GET,/api/load/memory-heavy [GET],3.700000,0.000000,6,7,7,8,10,27,27,27,27,27,27,12308,8,56,365.59352701940776,1.5872470030444674,19844.133311002224,51.96620084497888
1781568348,10,GET,/api/products [GET],7.800000,0.000000,2,2,2,2,2,3,6,7,7,7,7,24578,11,23,230.91494944936346,0.7646369995200075,36473.63180299726,119.9462934331516
1781568348,10,,Aggregated,17.900000,0.000000,6,10,10,11,12,14,27,59,69,69,69,61298,29,54,398.59075626527664,0.7646369995200075,135192.1857769994,76.44180886815231
1781568349,10,GET,/api/load/cpu-heavy [GET],6.600000,0.000000,11,11,11,12,13,18,59,69,69,69,69,24416,10,140.0,583.9492837503011,7.26743700215593,135192.1857769994,44.98156946264744
1781568349,10,GET,/api/load/memory-heavy [GET],3.800000,0.000000,6,7,8,8,10,27,27,27,27,27,27,12313,8,56,365.4477060090851,1.5872470030444674,19844.133311002224,51.9662145699667
1781568349,10,GET,/api/products [GET],7.400000,0.000000,2,2,2,2,2,3,6,7,7,7,7,24585,11,23,230.8497339165931,0.7646369995200075,36473.63180299726,119.94630872483222
1781568349,10,,Aggregated,17.800000,0.000000,6,10,10,11,12,16,27,59,69,69,69,61314,29,54,398.4881760197817,0.7646369995200075,135192.1857769994,76.44273738461037
1781568350,10,GET,/api/load/cpu-heavy [GET],6.600000,0.000000,11,11,11,12,15,18,59,69,69,69,69,24423,10,140.0,583.7855093615182,7.26743700215593,135192.1857769994,44.98157474511731
1781568350,10,GET,/api/load/memory-heavy [GET],3.800000,0.000000,6,7,8,9,10,27,27,27,27,27,27,12314,8,56,365.41857984950934,1.5872470030444674,19844.133311002224,51.966217313626764
1781568350,10,GET,/api/products [GET],7.000000,0.000000,2,2,2,2,2,3,6,7,7,7,7,24596,11,22,230.74722696570362,0.7646369995200075,36473.63180299726,119.94633273703042
1781568350,10,,Aggregated,17.400000,0.000000,6,10,11,11,12,16,27,59,69,69,69,61333,29,54,398.3665674571911,0.7646369995200075,135192.1857769994,76.44656220957722
1781568351,10,GET,/api/load/cpu-heavy [GET],6.800000,0.000000,11,11,12,13,16,18,59,69,69,69,69,24432,10,140.0,583.5747246797383,7.26743700215593,135192.1857769994,44.981581532416506
1781568351,10,GET,/api/load/memory-heavy [GET],4.000000,0.000000,6,7,8,8,10,27,27,27,27,27,27,12318,8,56,365.3020930578716,1.5872470030444674,19844.133311002224,51.966228283812306
1781568351,10,GET,/api/products [GET],6.900000,0.000000,2,2,2,2,2,3,6,7,7,7,7,24601,11,22,230.70067907802292,0.7646369995200075,36473.63180299726,119.94634364456729
1781568351,10,,Aggregated,17.700000,0.000000,6,10,11,11,13,17,27,59,69,69,69,61351,29,54,398.2519642982332,0.7646369995200075,135192.1857769994,76.44390474482894
1781568352,10,GET,/api/load/cpu-heavy [GET],6.700000,0.000000,11,11,11,12,15,17,59,69,69,69,69,24442,10,140.0,583.340230888772,7.26743700215593,135192.1857769994,44.98158906799771
1781568352,10,GET,/api/load/memory-heavy [GET],3.700000,0.000000,6,7,8,9,10,27,27,27,27,27,27,12321,8,56,365.2146302672565,1.5872470030444674,19844.133311002224,51.96623650677705
1781568352,10,GET,/api/products [GET],7.000000,0.000000,2,2,2,2,2,3,4,6,6,6,6,24606,11,22,230.6541388049031,0.7646369995200075,36473.63180299726,119.9463545476713
1781568352,10,,Aggregated,17.400000,0.000000,7,10,11,11,12,16,27,59,69,69,69,61369,29,53,398.13728629014514,0.7646369995200075,135192.1857769994,76.44113477488634
1781568353,10,GET,/api/load/cpu-heavy [GET],7.100000,0.000000,11,11,11,12,16,18,59,69,69,69,69,24450,10,140.0,583.153276350199,7.26743700215593,135192.1857769994,44.98159509202454
1781568353,10,GET,/api/load/memory-heavy [GET],3.800000,0.000000,6,7,8,8,9,21,27,27,27,27,27,12325,8,56,365.0980880567836,1.5872470030444674,19844.133311002224,51.96624746450304
1781568353,10,GET,/api/products [GET],7.400000,0.000000,2,2,2,2,2,3,4,6,6,6,6,24612,11,22,230.59828800465016,0.7646369995200075,36473.63180299726,119.94636762554852
1781568353,10,,Aggregated,18.300000,0.000000,7,10,11,11,12,17,21,59,69,69,69,61387,29,53,398.0226531095004,0.7646369995200075,135192.1857769994,76.43970221708179
1781568354,10,GET,/api/load/cpu-heavy [GET],7.400000,0.000000,11,11,11,12,16,18,59,69,69,69,69,24457,10,140.0,582.9894255361395,7.26743700215593,135192.1857769994,44.98160035981518
1781568354,10,GET,/api/load/memory-heavy [GET],3.700000,0.000000,6,7,7,8,9,21,27,27,27,27,27,12331,8,56,364.9228791856194,1.5872470030444674,19844.133311002224,51.96626388776255
1781568354,10,GET,/api/products [GET],6.800000,0.000000,2,2,2,2,2,3,4,6,6,6,6,24618,11,22,230.5425032906184,0.7646369995200075,36473.63180299726,119.94638069705094
1781568354,10,,Aggregated,17.900000,0.000000,8,10,11,11,12,17,21,59,69,69,69,61406,29,53,397.90137363749324,0.7646369995200075,135192.1857769994,76.43798651597564
1781568355,10,GET,/api/load/cpu-heavy [GET],7.900000,0.000000,11,11,11,13,16,18,59,69,69,69,69,24463,10,140.0,582.8492009536183,7.26743700215593,135192.1857769994,44.98160487266484
1781568355,10,GET,/api/load/memory-heavy [GET],3.600000,0.000000,6,7,7,7,9,21,27,27,27,27,27,12336,8,55,364.7773156306641,1.5872470030444674,19844.133311002224,51.9662775616083
1781568355,10,GET,/api/products [GET],6.400000,0.000000,2,2,2,2,2,3,4,6,6,6,6,24627,11,22,230.45888489387445,0.7646369995200075,36473.63180299726,119.94640029236204
1781568355,10,,Aggregated,17.900000,0.000000,7,10,11,11,13,17,21,59,69,69,69,61426,29,53,397.7736451474931,0.7646369995200075,135192.1857769994,76.43930908735715
1781568356,10,GET,/api/load/cpu-heavy [GET],7.900000,0.000000,11,11,11,12,16,18,59,69,69,69,69,24469,10,140.0,582.7088957338411,7.26743700215593,135192.1857769994,44.98160938330132
1781568356,10,GET,/api/load/memory-heavy [GET],3.800000,0.000000,6,7,7,7,9,21,27,27,27,27,27,12341,8,55,364.6320393517434,1.5872470030444674,19844.133311002224,51.96629122437404
1781568356,10,GET,/api/products [GET],6.500000,0.000000,2,2,2,2,2,3,4,6,6,6,6,24634,11,22,230.39383920859146,0.7646369995200075,36473.63180299726,119.94641552326054
1781568356,10,,Aggregated,18.200000,0.000000,7,10,10,11,12,17,21,59,69,69,69,61444,29,53,397.65884060959405,0.7646369995200075,135192.1857769994,76.43921294186576
1781568357,10,GET,/api/load/cpu-heavy [GET],7.900000,0.000000,11,11,11,11,15,17,18,19,19,19,19,24475,10,140.0,582.5687150919453,7.26743700215593,135192.1857769994,44.98161389172625
1781568357,10,GET,/api/load/memory-heavy [GET],3.800000,0.000000,6,7,7,7,8,9,9,9,9,9,9,12346,8,55,364.48675233467293,1.5872470030444674,19844.133311002224,51.966304876073224
1781568357,10,GET,/api/products [GET],6.200000,0.000000,2,2,2,2,2,2,2,4,4,4,4,24641,11,22,230.32881551229403,0.7646369995200075,36473.63180299726,119.94643074550545
1781568357,10,,Aggregated,17.900000,0.000000,6,9,10,11,11,15,17,18,19,19,19,61462,29,53,397.5440937365835,0.7646369995200075,135192.1857769994,76.43911685268947
1781568358,10,GET,/api/load/cpu-heavy [GET],7.600000,0.000000,11,11,11,11,15,17,17,19,19,19,19,24485,10,140.0,582.3350176189645,7.26743700215593,135192.1857769994,44.98162140085767
1781568358,10,GET,/api/load/memory-heavy [GET],4.000000,0.000000,6,7,7,7,7,9,9,9,9,9,9,12351,8,55,364.3415118791096,1.5872470030444674,19844.133311002224,51.96631851671929
1781568358,10,GET,/api/products [GET],6.400000,0.000000,2,2,2,2,2,2,2,2,2,2,2,24649,11,22,230.25458393551256,0.7646369995200075,36473.63180299726,119.94644813177005
1781568358,10,,Aggregated,18.000000,0.000000,6,9,10,11,11,13,17,17,19,19,19,61485,29,53,397.39774187274793,0.7646369995200075,135192.1857769994,76.43768398796455
1781568359,10,GET,/api/load/cpu-heavy [GET],7.600000,0.000000,11,11,11,11,13,15,17,19,19,19,19,24488,10,140.0,582.2650333412831,7.26743700215593,135192.1857769994,44.981623652401176
1781568359,10,GET,/api/load/memory-heavy [GET],4.100000,0.000000,6,7,7,7,7,9,9,9,9,9,9,12354,8,55,364.2542667606342,1.5872470030444674,19844.133311002224,51.96632669580703
1781568359,10,GET,/api/products [GET],6.500000,0.000000,2,2,2,2,2,2,2,3,3,3,3,24660,11,22,230.15264629957147,0.7646369995200075,36473.63180299726,119.94647201946472
1781568359,10,,Aggregated,18.200000,0.000000,5,9,10,11,11,12,15,17,19,19,19,61502,29,53,397.2889923217112,0.7646369995200075,135192.1857769994,76.44274982927385
1781568360,10,GET,/api/load/cpu-heavy [GET],7.400000,0.000000,11,11,11,11,12,13,17,19,19,19,19,24496,10,140.0,582.078335343703,7.26743700215593,135192.1857769994,44.98162965382103
1781568360,10,GET,/api/load/memory-heavy [GET],4.300000,0.000000,5,7,7,7,7,9,9,9,9,9,9,12357,8,55,364.16726086589614,1.5872470030444674,19844.133311002224,51.96633487092336
1781568360,10,GET,/api/products [GET],7.100000,0.000000,2,2,2,2,2,2,2,3,3,3,3,24666,11,22,230.09705469842805,0.7646369995200075,36473.63180299726,119.94648504013622
1781568360,10,,Aggregated,18.800000,0.000000,5,9,10,11,11,11,13,17,19,19,19,61519,29,53,397.1810285650104,0.7646369995200075,135192.1857769994,76.4417171930623
1781568361,10,GET,/api/load/cpu-heavy [GET],7.200000,0.000000,11,11,11,11,12,13,17,19,19,19,19,24508,10,140.0,581.7983678805027,7.26743700215593,135192.1857769994,44.98163864860454
1781568361,10,GET,/api/load/memory-heavy [GET],4.200000,0.000000,6,7,7,7,7,7,9,9,9,9,9,12362,8,55,364.022457084119,1.5872470030444674,19844.133311002224,51.96634848729979
1781568361,10,GET,/api/products [GET],7.200000,0.000000,2,2,2,2,2,2,2,3,3,3,3,24669,11,22,230.06926234867342,0.7646369995200075,36473.63180299726,119.9464915480968
1781568361,10,,Aggregated,18.600000,0.000000,6,9,10,11,11,11,13,17,19,19,19,61539,29,53,397.0545287926175,0.7646369995200075,135192.1857769994,76.43572368741773
1781568362,10,GET,/api/load/cpu-heavy [GET],7.200000,0.000000,11,11,11,11,12,13,14,15,15,15,15,24514,10,140.0,581.6588069279748,7.26743700215593,135192.1857769994,44.98164314269397
1781568362,10,GET,/api/load/memory-heavy [GET],4.200000,0.000000,6,7,7,7,7,9,9,9,9,9,9,12364,8,55,363.96487071221947,1.5872470030444674,19844.133311002224,51.96635393076674
1781568362,10,GET,/api/products [GET],7.100000,0.000000,2,2,2,2,2,2,2,3,3,3,3,24677,11,22,229.9951680248986,0.7646369995200075,36473.63180299726,119.9465088949224
1781568362,10,,Aggregated,18.500000,0.000000,6,9,10,11,11,11,13,14,15,15,15,61555,29,53,396.9529106631288,0.7646369995200075,135192.1857769994,76.43752741450736
1781568363,10,GET,/api/load/cpu-heavy [GET],7.200000,0.000000,11,11,11,11,13,14,15,24,24,24,24,24524,10,140.0,581.4267733548925,7.26743700215593,135192.1857769994,44.981650627956284
1781568363,10,GET,/api/load/memory-heavy [GET],4.300000,0.000000,6,7,7,7,9,9,10,10,10,10,10,12369,8,55,363.8203524696324,1.5872470030444674,19844.133311002224,51.96636753173256
1781568363,10,GET,/api/products [GET],6.900000,0.000000,2,2,2,2,2,2,2,3,3,3,3,24682,11,22,229.94894976474433,0.7646369995200075,36473.63180299726,119.94651973097804
1781568363,10,,Aggregated,18.400000,0.000000,7,10,11,11,11,12,14,15,24,24,24,61575,29,53,396.8267008939651,0.7646369995200075,135192.1857769994,76.4339748274462
1781568364,10,GET,/api/load/cpu-heavy [GET],7.400000,0.000000,11,11,11,11,13,15,15,24,24,24,24,24530,10,140.0,581.2872483072716,7.26743700215593,135192.1857769994,44.981655116184264
1781568364,10,GET,/api/load/memory-heavy [GET],4.300000,0.000000,6,7,7,7,9,9,10,10,10,10,10,12372,8,54,363.73339608073735,1.5872470030444674,19844.133311002224,51.96637568703524
1781568364,10,GET,/api/products [GET],7.200000,0.000000,2,2,2,2,2,2,2,3,3,3,3,24691,11,22,229.86579746978327,0.7646369995200075,36473.63180299726,119.94653922481876
1781568364,10,,Aggregated,18.900000,0.000000,6,10,11,11,11,13,15,15,24,24,24,61593,29,53,396.71232417019615,0.7646369995200075,135192.1857769994,76.4360885165522
1781568365,10,GET,/api/load/cpu-heavy [GET],7.200000,0.000000,11,11,11,11,13,14,15,24,24,24,24,24537,10,140.0,581.1247581374398,7.26743700215593,135192.1857769994,44.981660349676
1781568365,10,GET,/api/load/memory-heavy [GET],4.600000,0.000000,6,7,7,7,9,9,10,10,10,10,10,12376,8,54,363.6178355046769,1.5872470030444674,19844.133311002224,51.96638655462185
1781568365,10,GET,/api/products [GET],6.900000,0.000000,2,2,2,2,2,2,3,3,3,3,3,24693,11,22,229.84735138036757,0.7646369995200075,36473.63180299726,119.9465435548536
1781568365,10,,Aggregated,18.700000,0.000000,7,10,11,11,11,13,14,15,24,24,24,61606,29,52,396.63041213940005,0.7646369995200075,135192.1857769994,76.43234425218323
1781568366,10,GET,/api/load/cpu-heavy [GET],7.200000,0.000000,11,11,11,11,13,14,15,24,24,24,24,24542,10,140.0,581.0086839392216,7.26743700215593,135192.1857769994,44.981664086056554
1781568366,10,GET,/api/load/memory-heavy [GET],4.000000,0.000000,7,7,7,7,9,9,10,10,10,10,10,12381,8,54,363.47346350431104,1.5872470030444674,19844.133311002224,51.96640012923027
1781568366,10,GET,/api/products [GET],7.000000,0.000000,2,2,2,2,2,2,3,3,3,3,3,24700,11,22,229.7827011188429,0.7646369995200075,36473.63180299726,119.94655870445344
1781568366,10,,Aggregated,18.200000,0.000000,7,10,11,11,11,13,14,15,24,24,24,61623,29,52,396.52260991056727,0.7646369995200075,135192.1857769994,76.43276049526962
1781568367,10,GET,/api/load/cpu-heavy [GET],7.300000,0.000000,11,11,11,12,13,14,15,24,24,24,24,24554,10,140.0,580.729710832751,7.26743700215593,135192.1857769994,44.98167304716136
1781568367,10,GET,/api/load/memory-heavy [GET],3.900000,0.000000,7,7,7,8,9,10,11,11,11,11,11,12384,8,54,363.38709483937924,1.5872470030444674,19844.133311002224,51.96640826873385
1781568367,10,GET,/api/products [GET],6.900000,0.000000,2,2,2,2,2,3,3,3,3,3,3,24707,11,22,229.7179968925172,0.7646369995200075,36473.63180299726,119.94657384546889
1781568367,10,,Aggregated,18.100000,0.000000,7,10,11,11,11,13,14,15,24,24,24,61645,29,52,396.3835777678948,0.7646369995200075,135192.1857769994,76.43039987022468
1781568368,10,GET,/api/load/cpu-heavy [GET],7.300000,0.000000,11,11,11,11,13,14,15,24,24,24,24,24560,10,140.0,580.5902978430933,7.26743700215593,135192.1857769994,44.98167752442997
1781568368,10,GET,/api/load/memory-heavy [GET],4.000000,0.000000,6,7,7,8,9,10,11,11,11,11,11,12386,8,54,363.3293467517252,1.5872470030444674,19844.133311002224,51.96641369287906
1781568368,10,GET,/api/products [GET],6.600000,0.000000,2,2,2,2,2,2,3,3,3,3,3,24717,11,22,229.6257066074931,0.7646369995200075,36473.63180299726,119.94659546061415
1781568368,10,,Aggregated,17.900000,0.000000,7,10,11,11,11,13,14,15,24,24,24,61663,29,52,396.2692959166901,0.7646369995200075,135192.1857769994,76.43361497170102
1781568369,10,GET,/api/load/cpu-heavy [GET],7.900000,0.000000,11,11,11,11,13,14,15,24,24,24,24,24566,10,140.0,580.4510927439297,7.26743700215593,135192.1857769994,44.98168199951152
1781568369,10,GET,/api/load/memory-heavy [GET],3.600000,0.000000,6,7,7,8,9,10,11,11,11,11,11,12390,8,54,363.2139936863486,1.5872470030444674,19844.133311002224,51.96642453591606
1781568369,10,GET,/api/products [GET],6.700000,0.000000,2,2,2,2,2,2,3,3,3,3,3,24728,11,22,229.52426012639125,0.7646369995200075,36473.63180299726,119.94661921708185
1781568369,10,,Aggregated,18.200000,0.000000,7,10,10,11,11,12,14,15,24,24,24,61684,29,52,396.13609413343573,0.7646369995200075,135192.1857769994,76.43674210492186
1781568370,10,GET,/api/load/cpu-heavy [GET],7.400000,0.000000,11,11,11,12,13,14,15,24,24,24,24,24571,10,140.0,580.3351359976959,7.26743700215593,135192.1857769994,44.98168572707664
1781568370,10,GET,/api/load/memory-heavy [GET],3.600000,0.000000,5,7,7,8,9,10,11,11,11,11,11,12394,8,54,363.0985784576298,1.5872470030444674,19844.133311002224,51.96643537195417
1781568370,10,GET,/api/products [GET],6.700000,0.000000,2,2,2,2,2,2,3,3,3,3,3,24734,11,22,229.46889462057916,0.7646369995200075,36473.63180299726,119.94663216624889
1781568370,10,,Aggregated,17.700000,0.000000,6,10,10,11,11,12,14,15,24,24,24,61699,29,52,396.0411359592353,0.7646369995200075,135192.1857769994,76.43684662636348
1781568371,10,GET,/api/load/cpu-heavy [GET],7.800000,0.000000,11,11,11,12,13,14,15,24,24,24,24,24581,10,140.0,580.1034520079075,7.26743700215593,135192.1857769994,44.98169317765754
1781568371,10,GET,/api/load/memory-heavy [GET],3.400000,0.000000,5,7,7,8,9,10,11,11,11,11,11,12397,8,54,363.012146163335,1.5872470030444674,19844.133311002224,51.96644349439381
1781568371,10,GET,/api/products [GET],7.000000,0.000000,2,2,2,2,2,2,3,3,3,3,3,24741,11,22,229.40444683438034,0.7646369995200075,36473.63180299726,119.94664726567237
1781568371,10,,Aggregated,18.200000,0.000000,5,10,10,11,11,12,14,15,24,24,24,61719,29,52,395.9150334406398,0.7646369995200075,135192.1857769994,76.43550608402599
1781568372,10,GET,/api/load/cpu-heavy [GET],7.700000,0.000000,11,11,11,11,12,13,14,15,15,15,15,24587,10,140.0,579.9644201143437,7.26743700215593,135192.1857769994,44.981697645097
1781568372,10,GET,/api/load/memory-heavy [GET],3.700000,0.000000,5,6,8,8,9,9,11,11,11,11,11,12401,8,54,362.8968339399129,1.5872470030444674,19844.133311002224,51.96645431820014
1781568372,10,GET,/api/products [GET],6.900000,0.000000,2,2,2,2,2,2,3,3,3,3,3,24750,11,21,229.32164302922808,0.7646369995200075,36473.63180299726,119.94666666666667
1781568372,10,,Aggregated,18.300000,0.000000,5,10,10,11,11,12,13,14,15,15,15,61738,29,52,395.7948022289971,0.7646369995200075,135192.1857769994,76.4372185687907
1781568373,10,GET,/api/load/cpu-heavy [GET],7.700000,0.000000,11,11,11,12,13,14,16,17,17,17,17,24595,10,140.0,579.7799224004214,7.26743700215593,135192.1857769994,44.981703598292334
1781568373,10,GET,/api/load/memory-heavy [GET],3.500000,0.000000,5,7,8,8,9,11,12,12,12,12,12,12404,8,54,362.81122516219443,1.5872470030444674,19844.133311002224,51.966462431473715
1781568373,10,GET,/api/products [GET],6.900000,0.000000,2,2,2,2,2,2,3,3,3,3,3,24760,11,21,229.22967829722893,0.7646369995200075,36473.63180299726,119.94668820678514
1781568373,10,,Aggregated,18.100000,0.000000,5,10,10,11,11,12,14,16,17,17,17,61759,29,52,395.6625667998157,0.7646369995200075,135192.1857769994,76.43901293738564
1781568374,10,GET,/api/load/cpu-heavy [GET],7.100000,0.000000,10,11,11,12,12,14,16,17,17,17,17,24603,10,140.0,579.5948098831591,7.26743700215593,135192.1857769994,44.98170954761614
1781568374,10,GET,/api/load/memory-heavy [GET],3.500000,0.000000,5,7,8,8,9,11,12,12,12,12,12,12409,8,54,362.6671838255192,1.5872470030444674,19844.133311002224,51.96647594487872
1781568374,10,GET,/api/products [GET],7.000000,0.000000,2,2,2,2,2,2,2,3,3,3,3,24765,11,21,229.1837451180046,0.7646369995200075,36473.63180299726,119.94669897032102
1781568374,10,,Aggregated,17.600000,0.000000,5,10,10,11,11,12,14,16,17,17,17,61777,29,52,395.54921151065645,0.7646369995200075,135192.1857769994,76.43648930831863
1781568375,10,GET,/api/load/cpu-heavy [GET],6.800000,0.000000,10,11,11,11,12,15,16,17,17,17,17,24609,10,140.0,579.4562374436739,7.26743700215593,135192.1857769994,44.981714007070586
1781568375,10,GET,/api/load/memory-heavy [GET],3.400000,0.000000,6,7,8,8,9,11,12,12,12,12,12,12414,8,53,362.52390942354424,1.5872470030444674,19844.133311002224,51.9664894473981
1781568375,10,GET,/api/products [GET],7.900000,0.000000,2,2,2,2,2,2,2,38,38,38,38,24777,11,21,229.07510476431273,0.7646369995200075,36473.63180299726,119.94672478508294
1781568375,10,,Aggregated,18.100000,0.000000,5,10,10,10,11,12,16,17,38,38,38,61800,29,52,395.40459918415604,0.7646369995200075,135192.1857769994,76.43991909385113
1781568376,10,GET,/api/load/cpu-heavy [GET],7.100000,0.000000,11,11,11,11,12,15,16,17,17,17,17,24614,10,140.0,579.3406727531636,7.26743700215593,135192.1857769994,44.98171772162184
1781568376,10,GET,/api/load/memory-heavy [GET],3.800000,0.000000,5,7,8,8,9,11,12,12,12,12,12,12416,8,53,362.4662924934667,1.5872470030444674,19844.133311002224,51.96649484536083
1781568376,10,GET,/api/products [GET],7.800000,0.000000,2,2,2,2,2,2,2,38,38,38,38,24786,11,21,228.99252818285973,0.7646369995200075,36473.63180299726,119.94674412975067
1781568376,10,,Aggregated,18.700000,0.000000,5,9,10,10,11,12,16,17,38,38,38,61816,29,52,395.30350734900065,0.7646369995200075,135192.1857769994,76.44292739743756
1781568377,10,GET,/api/load/cpu-heavy [GET],7.200000,0.000000,11,11,11,12,12,15,16,17,17,17,17,24623,10,140.0,579.1327518472306,7.26743700215593,135192.1857769994,44.98172440401251
1781568377,10,GET,/api/load/memory-heavy [GET],3.700000,0.000000,5,7,8,8,9,10,12,12,12,12,12,12419,8,53,362.3802525667838,1.5872470030444674,19844.133311002224,51.966502939045014
1781568377,10,GET,/api/products [GET],8.000000,0.000000,2,2,2,2,2,2,3,38,38,38,38,24794,11,21,228.91923714823605,0.7646369995200075,36473.63180299726,119.94676131322095
1781568377,10,,Aggregated,18.900000,0.000000,5,10,10,11,11,12,16,17,38,38,38,61836,29,51,395.17772286717815,0.7646369995200075,135192.1857769994,76.44280031049874
1781568378,10,GET,/api/load/cpu-heavy [GET],7.300000,0.000000,11,11,11,11,12,15,16,17,17,17,17,24633,10,140.0,578.9018344079228,7.26743700215593,135192.1857769994,44.98173182316405
1781568378,10,GET,/api/load/memory-heavy [GET],3.500000,0.000000,5,6,7,8,9,10,12,12,12,12,12,12423,8,53,362.2650149224726,1.5872470030444674,19844.133311002224,51.966513724543184
1781568378,10,GET,/api/products [GET],8.500000,0.000000,2,2,2,2,2,2,3,38,38,38,38,24801,11,21,228.85505934729977,0.7646369995200075,36473.63180299726,119.94677633966373
1781568378,10,,Aggregated,19.300000,0.000000,5,10,10,11,11,12,16,17,38,38,38,61857,29,51,395.04569400754696,0.7646369995200075,135192.1857769994,76.44106568375446
1781568379,10,GET,/api/load/cpu-heavy [GET],6.900000,0.000000,11,11,11,12,14,16,17,17,17,17,17,24639,10,140.0,578.7638818356417,7.26743700215593,135192.1857769994,44.98173627176428
1781568379,10,GET,/api/load/memory-heavy [GET],3.700000,0.000000,5,7,7,8,9,10,12,12,12,12,12,12431,8,53,362.0359763652066,1.5872470030444674,19844.133311002224,51.966535274716435
1781568379,10,GET,/api/products [GET],8.400000,0.000000,2,2,2,2,2,2,3,38,38,38,38,24805,11,21,228.8183752102153,0.7646369995200075,36473.63180299726,119.94678492239468
1781568379,10,,Aggregated,19.000000,0.000000,5,10,10,11,11,13,16,17,38,38,38,61875,29,51,394.93288571852713,0.7646369995200075,135192.1857769994,76.43767272727273
1781568380,10,GET,/api/load/cpu-heavy [GET],7.300000,0.000000,11,11,11,11,13,16,17,17,17,17,17,24646,10,140.0,578.6025190422938,7.26743700215593,135192.1857769994,44.981741459060295
1781568380,10,GET,/api/load/memory-heavy [GET],3.700000,0.000000,5,7,7,8,9,10,12,12,12,12,12,12436,8,53,361.8922249739376,1.5872470030444674,19844.133311002224,51.96654872949502
1781568380,10,GET,/api/products [GET],8.400000,0.000000,2,2,2,2,2,2,3,38,38,38,38,24810,11,21,228.77262513379262,0.7646369995200075,36473.63180299726,119.94679564691657
1781568380,10,,Aggregated,19.400000,0.000000,5,9,10,11,11,12,16,17,38,38,38,61892,29,51,394.8261200746764,0.7646369995200075,135192.1857769994,76.4356621211142
1781568381,10,GET,/api/load/cpu-heavy [GET],7.100000,0.000000,11,11,11,12,13,16,17,17,17,17,17,24655,10,140.0,578.3950663246146,7.26743700215593,135192.1857769994,44.981748124112755
1781568381,10,GET,/api/load/memory-heavy [GET],3.900000,0.000000,5,7,7,8,8,9,12,12,12,12,12,12440,8,53,361.77785928809476,1.5872470030444674,19844.133311002224,51.966559485530546
1781568381,10,GET,/api/products [GET],7.700000,0.000000,2,2,2,2,2,2,3,38,38,38,38,24816,11,21,228.7177264928827,0.7646369995200075,36473.63180299726,119.94680851063829
1781568381,10,,Aggregated,18.700000,0.000000,5,10,10,11,11,12,16,17,38,38,38,61911,29,51,394.7070153999268,0.7646369995200075,135192.1857769994,76.43373552357416
1781568382,10,GET,/api/load/cpu-heavy [GET],7.300000,0.000000,11,11,11,12,15,16,17,17,17,17,17,24666,10,140.0,578.1421590620033,7.26743700215593,135192.1857769994,44.981756263682804
1781568382,10,GET,/api/load/memory-heavy [GET],4.200000,0.000000,5,7,7,8,8,9,10,10,10,10,10,12441,8,53,361.74921187435893,1.5872470030444674,19844.133311002224,51.966562173458726
1781568382,10,GET,/api/products [GET],7.500000,0.000000,2,2,2,2,2,2,3,38,38,38,38,24821,11,21,228.67193658029007,0.7646369995200075,36473.63180299726,119.9468192256557
1781568382,10,,Aggregated,19.000000,0.000000,7,10,10,11,11,15,16,17,38,38,38,61928,29,51,394.6008683989772,0.7646369995200075,135192.1857769994,76.43127502906601
1781568383,10,GET,/api/load/cpu-heavy [GET],7.100000,0.000000,10,11,11,11,12,15,16,17,17,17,17,24675,10,140.0,577.9351953637843,7.26743700215593,135192.1857769994,44.98176291793313
1781568383,10,GET,/api/load/memory-heavy [GET],4.200000,0.000000,5,6,7,7,8,9,10,10,10,10,10,12446,8,53,361.60591568028997,1.5872470030444674,19844.133311002224,51.9665756066206
1781568383,10,GET,/api/products [GET],7.600000,0.000000,2,2,2,2,2,2,3,38,38,38,38,24826,11,21,228.6261679498657,0.7646369995200075,36473.63180299726,119.94682993635705
1781568383,10,,Aggregated,18.900000,0.000000,7,10,10,11,11,12,16,17,38,38,38,61947,29,51,394.4819186995632,0.7646369995200075,135192.1857769994,76.42825318417357
1781568384,10,GET,/api/load/cpu-heavy [GET],7.800000,0.000000,10,11,11,11,12,15,17,44,44,44,44,24681,10,140.0,577.798465013953,7.26743700215593,135192.1857769994,44.98176735140392
1781568384,10,GET,/api/load/memory-heavy [GET],4.200000,0.000000,5,5,7,7,8,9,30,30,30,30,30,12448,8,53,361.5505673113663,1.5872470030444674,19844.133311002224,51.96658097686375
1781568384,10,GET,/api/products [GET],7.300000,0.000000,2,2,2,2,2,2,2,3,3,3,3,24834,11,21,228.55308109919335,0.7646369995200075,36473.63180299726,119.94684706450833
1781568384,10,,Aggregated,19.300000,0.000000,6,10,10,11,11,12,16,30,44,44,44,61963,29,51,394.3823345047664,0.7646369995200075,135192.1857769994,76.43004696351048
1781568385,10,GET,/api/load/cpu-heavy [GET],8.400000,0.000000,11,11,11,11,13,16,18,44,44,44,44,24689,10,140.0,577.6149987497822,7.26743700215593,135192.1857769994,44.98177325934627
1781568385,10,GET,/api/load/memory-heavy [GET],4.000000,0.000000,5,5,6,7,8,9,30,30,30,30,30,12452,8,53,361.43588208736617,1.5872470030444674,19844.133311002224,51.966591712174754
1781568385,10,GET,/api/products [GET],6.300000,0.000000,2,2,2,2,2,2,3,3,3,3,3,24838,11,21,228.51658676613934,0.7646369995200075,36473.63180299726,119.94685562444641
1781568385,10,,Aggregated,18.700000,0.000000,7,10,10,11,11,13,17,30,44,44,44,61979,29,51,394.28243905166005,0.7646369995200075,135192.1857769994,76.42722535052195
1781568386,10,GET,/api/load/cpu-heavy [GET],7.900000,0.000000,11,11,11,12,14,16,18,44,44,44,44,24696,10,140.0,577.4544265367007,7.26743700215593,135192.1857769994,44.981778425655975
1781568386,10,GET,/api/load/memory-heavy [GET],4.000000,0.000000,5,5,7,7,8,8,30,30,30,30,30,12459,8,53,361.23596523580284,1.5872470030444674,19844.133311002224,51.966610482382215
1781568386,10,GET,/api/products [GET],6.500000,0.000000,2,2,2,2,2,2,2,3,3,3,3,24844,11,21,228.46178496539906,0.7646369995200075,36473.63180299726,119.94686845918531
1781568386,10,,Aggregated,18.400000,0.000000,7,10,10,11,11,14,17,30,44,44,44,61999,29,51,394.1572927676869,0.7646369995200075,135192.1857769994,76.42513588928854
1781568387,10,GET,/api/load/cpu-heavy [GET],7.800000,0.000000,11,11,11,12,15,16,18,44,44,44,44,24701,10,140.0,577.3397268322885,7.26743700215593,135192.1857769994,44.98178211408445
1781568387,10,GET,/api/load/memory-heavy [GET],3.900000,0.000000,5,5,7,7,8,8,30,30,30,30,30,12460,8,53,361.20737080721267,1.5872470030444674,19844.133311002224,51.96661316211878
1781568387,10,GET,/api/products [GET],6.500000,0.000000,2,2,2,2,2,2,3,3,3,3,3,24854,11,21,228.3705117584446,0.7646369995200075,36473.63180299726,119.94688983664601
1781568387,10,,Aggregated,18.200000,0.000000,6,10,10,11,11,14,17,30,44,44,44,62015,29,51,394.05681096487666,0.7646369995200075,135192.1857769994,76.42923486253326
1781568388,10,GET,/api/load/cpu-heavy [GET],8.100000,0.000000,10,11,11,12,14,16,18,44,44,44,44,24710,10,140.0,577.13300086169,7.26743700215593,135192.1857769994,44.98178874949413
1781568388,10,GET,/api/load/memory-heavy [GET],4.100000,0.000000,5,5,6,8,8,8,30,30,30,30,30,12462,8,53,361.15043283075454,1.5872470030444674,19844.133311002224,51.966618520301715
1781568388,10,GET,/api/products [GET],5.800000,0.000000,2,2,2,2,2,2,3,3,3,3,3,24864,11,21,228.2793826025333,0.7646369995200075,36473.63180299726,119.9469111969112
1781568388,10,,Aggregated,18.000000,0.000000,5,10,10,11,11,14,17,30,44,44,44,62036,29,51,393.9253290711656,0.7646369995200075,135192.1857769994,76.43091108388677
1781568389,10,GET,/api/load/cpu-heavy [GET],7.800000,0.000000,10,11,11,12,12,16,18,44,44,44,44,24722,10,140.0,576.8578584350115,7.26743700215593,135192.1857769994,44.981797589191814
1781568389,10,GET,/api/load/memory-heavy [GET],4.200000,0.000000,5,5,6,8,8,9,30,30,30,30,30,12466,8,52,361.03654049124566,1.5872470030444674,19844.133311002224,51.96662923150971
1781568389,10,GET,/api/products [GET],6.100000,0.000000,2,2,2,2,2,2,3,3,3,3,3,24866,11,21,228.26111980718207,0.7646369995200075,36473.63180299726,119.9469154669026
1781568389,10,,Aggregated,18.100000,0.000000,8,10,10,11,12,12,16,30,44,44,44,62054,29,51,393.81349300802265,0.7646369995200075,135192.1857769994,76.4246623908209
1781568390,10,GET,/api/load/cpu-heavy [GET],7.500000,0.000000,10,11,11,11,13,16,18,44,44,44,44,24729,10,140.0,576.6974933437403,7.26743700215593,135192.1857769994,44.981802741720244
1781568390,10,GET,/api/load/memory-heavy [GET],3.900000,0.000000,5,5,6,6,8,9,30,30,30,30,30,12469,8,52,360.9509166696497,1.5872470030444674,19844.133311002224,51.966637260405804
1781568390,10,GET,/api/products [GET],6.200000,0.000000,2,2,2,2,2,2,3,3,3,3,3,24875,11,20,228.17906115378435,0.7646369995200075,36473.63180299726,119.94693467336684
1781568390,10,,Aggregated,17.600000,0.000000,6,10,10,11,11,13,16,30,44,44,44,62073,29,51,393.69457637059315,0.7646369995200075,135192.1857769994,76.42625618223704
1781568391,10,GET,/api/load/cpu-heavy [GET],8.400000,0.000000,10,11,11,12,14,16,18,44,44,44,44,24738,10,140.0,576.4918384227245,7.26743700215593,135192.1857769994,44.981809362114966
1781568391,10,GET,/api/load/memory-heavy [GET],3.700000,0.000000,5,5,5,6,8,9,30,30,30,30,30,12475,8,52,360.77988428528,1.5872470030444674,19844.133311002224,51.966653306613225
1781568391,10,GET,/api/products [GET],6.200000,0.000000,2,2,2,2,2,2,3,3,3,3,3,24883,11,20,228.10617078826522,0.7646369995200075,36473.63180299726,119.94695173411566
1781568391,10,,Aggregated,18.300000,0.000000,5,10,10,11,12,14,16,30,44,44,44,62096,29,50,393.55111445318306,0.7646369995200075,135192.1857769994,76.42495490852873
1781568392,10,GET,/api/load/cpu-heavy [GET],8.300000,0.000000,10,11,11,11,13,14,18,44,44,44,44,24745,10,140.0,576.331497930263,7.26743700215593,135192.1857769994,44.98181450798141
1781568392,10,GET,/api/load/memory-heavy [GET],3.200000,0.000000,5,5,5,6,8,9,30,30,30,30,30,12477,8,52,360.7228051739894,1.5872470030444674,19844.133311002224,51.96665865191953
1781568392,10,GET,/api/products [GET],6.400000,0.000000,2,2,2,2,2,2,3,3,3,3,3,24890,11,20,228.0424523055607,0.7646369995200075,36473.63180299726,119.9469666532744
1781568392,10,,Aggregated,17.900000,0.000000,5,9,10,10,11,13,16,30,44,44,44,62112,29,50,393.4511526649578,0.7646369995200075,135192.1857769994,76.42553773827923
1781568393,10,GET,/api/load/cpu-heavy [GET],8.500000,0.000000,10,11,11,11,13,14,16,18,18,18,18,24747,10,140.0,576.2857148446424,7.26743700215593,135192.1857769994,44.98181597769427
1781568393,10,GET,/api/load/memory-heavy [GET],3.500000,0.000000,5,5,5,6,8,9,9,9,9,9,9,12482,8,52,360.5802798099559,1.5872470030444674,19844.133311002224,51.96667200769107
1781568393,10,GET,/api/products [GET],6.500000,0.000000,2,2,2,2,2,2,3,3,3,3,3,24903,11,20,227.92424277948095,0.7646369995200075,36473.63180299726,119.94699433803156
1781568393,10,,Aggregated,18.500000,0.000000,5,9,10,10,11,12,14,16,18,18,18,62132,29,50,393.32554972938055,0.7646369995200075,135192.1857769994,76.43167771840598
1781568394,10,GET,/api/load/cpu-heavy [GET],8.000000,0.000000,10,11,11,12,13,14,16,18,18,18,18,24754,10,140.0,576.1256653927592,7.26743700215593,135192.1857769994,44.98182111981902
1781568394,10,GET,/api/load/memory-heavy [GET],3.500000,0.000000,5,5,5,6,8,9,9,9,9,9,9,12484,8,52,360.52339328122963,1.5872470030444674,19844.133311002224,51.966677347004165
1781568394,10,GET,/api/products [GET],6.700000,0.000000,2,2,2,2,2,2,3,5,5,5,5,24912,11,20,227.8426034046007,0.7646369995200075,36473.63180299726,119.94701348747591
1781568394,10,,Aggregated,18.200000,0.000000,5,9,10,10,11,12,14,16,18,18,18,62150,29,50,393.2132534009794,0.7646369995200075,135192.1857769994,76.43366049879324
1781568395,10,GET,/api/load/cpu-heavy [GET],7.300000,0.000000,10,11,11,11,12,14,14,16,16,16,16,24759,10,140.0,576.011405858127,7.26743700215593,135192.1857769994,44.981824790985094
1781568395,10,GET,/api/load/memory-heavy [GET],3.600000,0.000000,5,5,5,6,8,9,9,9,9,9,9,12490,8,52,360.35255193938104,1.5872470030444674,19844.133311002224,51.96669335468375
1781568395,10,GET,/api/products [GET],7.600000,0.000000,2,2,2,2,2,2,3,5,5,5,5,24917,11,20,227.79726722424124,0.7646369995200075,36473.63180299726,119.94702412007867
1781568395,10,,Aggregated,18.500000,0.000000,5,9,10,10,11,12,14,14,16,16,16,62166,29,50,393.11350704228806,0.7646369995200075,135192.1857769994,76.43227809413506
1781568396,10,GET,/api/load/cpu-heavy [GET],7.300000,0.000000,10,11,11,11,12,13,14,14,14,14,14,24766,10,130.0,575.8514770349013,7.26743700215593,135192.1857769994,44.98182992812727
1781568396,10,GET,/api/load/memory-heavy [GET],3.500000,0.000000,5,5,5,6,8,9,9,9,9,9,9,12493,8,52,360.2673498534276,1.5872470030444674,19844.133311002224,51.966701352757546
1781568396,10,GET,/api/products [GET],7.800000,0.000000,2,2,2,2,2,2,3,5,5,5,5,24926,11,20,227.71566297682804,0.7646369995200075,36473.63180299726,119.94704324801413
1781568396,10,,Aggregated,18.600000,0.000000,5,9,9,10,11,12,13,14,14,14,14,62185,29,50,392.99506789942717,0.7646369995200075,135192.1857769994,76.43386668810807
1781568397,10,GET,/api/load/cpu-heavy [GET],7.200000,0.000000,10,11,11,11,12,14,14,15,15,15,15,24776,10,130.0,575.6234641621882,7.26743700215593,135192.1857769994,44.981837261866325
1781568397,10,GET,/api/load/memory-heavy [GET],3.900000,0.000000,5,5,5,6,7,9,9,9,9,9,9,12495,8,52,360.21035784264694,1.5872470030444674,19844.133311002224,51.96670668267307
1781568397,10,GET,/api/products [GET],7.700000,0.000000,2,2,2,2,2,3,5,6,6,6,6,24932,11,20,227.66136551144754,0.7646369995200075,36473.63180299726,119.94705599229906
1781568397,10,,Aggregated,18.800000,0.000000,5,9,10,10,11,12,14,14,15,15,15,62203,29,50,392.88343864858405,0.7646369995200075,135192.1857769994,76.4322299567545
1781568398,10,GET,/api/load/cpu-heavy [GET],7.100000,0.000000,10,11,11,11,13,14,14,15,15,15,15,24784,10,130.0,575.4411931352236,7.26743700215593,135192.1857769994,44.981843124596516
1781568398,10,GET,/api/load/memory-heavy [GET],3.600000,0.000000,5,5,5,6,7,9,9,9,9,9,9,12498,8,52,360.125193005351,1.5872470030444674,19844.133311002224,51.9667146743479
1781568398,10,GET,/api/products [GET],8.200000,0.000000,2,2,2,2,2,3,5,6,6,6,6,24938,11,20,227.60698834354878,0.7646369995200075,36473.63180299726,119.94706873045152
1781568398,10,,Aggregated,18.900000,0.000000,5,9,10,10,11,12,14,14,15,15,15,62220,29,50,392.7779213782689,0.7646369995200075,135192.1857769994,76.4312118289939
1781568399,10,GET,/api/load/cpu-heavy [GET],7.100000,0.000000,10,11,11,11,12,14,14,15,15,15,15,24790,10,130.0,575.3044074483811,7.26743700215593,135192.1857769994,44.98184751916095
1781568399,10,GET,/api/load/memory-heavy [GET],3.300000,0.000000,5,5,5,6,7,8,9,9,9,9,9,12500,8,52,360.06830167383015,1.5872470030444674,19844.133311002224,51.96672
1781568399,10,GET,/api/products [GET],7.900000,0.000000,2,2,2,2,2,3,5,6,6,6,6,24947,11,20,227.5254131752291,0.7646369995200075,36473.63180299726,119.94708782619152
1781568399,10,,Aggregated,18.300000,0.000000,5,9,10,10,11,12,14,14,15,15,15,62237,29,50,392.6719879501084,0.7646369995200075,135192.1857769994,76.43369699696322
1781568400,10,GET,/api/load/cpu-heavy [GET],7.300000,0.000000,10,11,11,11,12,14,14,15,15,15,15,24795,10,130.0,575.1903416065885,7.26743700215593,135192.1857769994,44.98185117967332
1781568400,10,GET,/api/load/memory-heavy [GET],3.500000,0.000000,5,5,5,5,7,7,8,8,8,8,8,12501,8,52,360.0398455037897,1.5872470030444674,19844.133311002224,51.966722662187024
1781568400,10,GET,/api/products [GET],7.400000,0.000000,2,2,2,2,2,3,5,6,6,6,6,24957,11,20,227.43484098038414,0.7646369995200075,36473.63180299726,119.94710902752735
1781568400,10,,Aggregated,18.200000,0.000000,4,9,10,10,11,11,12,14,15,15,15,62253,29,50,392.5721484125407,0.7646369995200075,135192.1857769994,76.43777809904743
1781568401,11,GET,/api/load/cpu-heavy [GET],6.900000,0.000000,10,11,11,11,12,14,14,15,15,15,15,24803,10,130.0,575.0082308667248,7.26743700215593,135192.1857769994,44.981857033423374
1781568401,11,GET,/api/load/memory-heavy [GET],3.500000,0.000000,5,5,5,7,8,8,48,48,48,48,48,12505,8,51,359.9299128516502,1.5872470030444674,19844.133311002224,51.96673330667733
1781568401,11,GET,/api/products [GET],8.000000,0.000000,2,2,2,2,2,3,6,24,24,24,24,24965,11,20,227.36340784812498,0.7646369995200075,36473.63180299726,119.94712597636692
1781568401,11,,Aggregated,18.400000,0.000000,4,9,10,10,11,12,14,24,48,48,48,62273,29,50,392.4490579757825,0.7646369995200075,135192.1857769994,76.43776596598848
1781568402,13,GET,/api/load/cpu-heavy [GET],6.700000,0.000000,10,11,11,11,12,13,14,15,15,15,15,24817,10,130.0,574.6898298337991,7.26743700215593,135192.1857769994,44.98186726840472
1781568402,13,GET,/api/load/memory-heavy [GET],3.300000,0.000000,5,5,5,6,8,8,48,48,48,48,48,12510,8,51,359.78815965314794,1.5872470030444674,19844.133311002224,51.966746602717826
1781568402,13,GET,/api/products [GET],8.200000,0.000000,2,2,2,2,2,3,6,24,24,24,24,24973,11,20,227.2910992589372,0.7646369995200075,36473.63180299726,119.9471429143475
1781568402,13,,Aggregated,18.200000,0.000000,5,9,10,10,11,12,14,24,48,48,48,62300,29,50,392.2819904661299,0.7646369995200075,135192.1857769994,76.43433386837881
1781568403,15,GET,/api/load/cpu-heavy [GET],6.500000,0.000000,10,11,11,11,12,15,18,18,18,18,18,24826,10,130.0,574.4859196063156,7.26743700215593,135192.1857769994,44.9818738419399
1781568403,15,GET,/api/load/memory-heavy [GET],3.100000,0.000000,5,5,6,7,8,10,48,48,48,48,48,12519,8,51,359.533417587498,1.5872470030444674,19844.133311002224,51.966770508826585
1781568403,15,GET,/api/products [GET],8.200000,0.000000,2,2,2,2,2,3,6,24,24,24,24,24981,11,20,227.21886847273774,0.7646369995200075,36473.63180299726,119.94715984147952
1781568403,15,,Aggregated,17.800000,0.000000,5,9,10,10,11,12,18,24,48,48,48,62326,29,50,392.1211187665169,0.7646369995200075,135192.1857769994,76.43185829348907
1781568404,17,GET,/api/load/cpu-heavy [GET],6.800000,0.000000,10,11,11,12,13,15,19,20,20,20,20,24843,10,130.0,574.1005390824141,7.26743700215593,135192.1857769994,44.98188624562251
1781568404,17,GET,/api/load/memory-heavy [GET],3.200000,0.000000,5,5,5,7,8,10,48,48,48,48,48,12530,8,51,359.22204378171494,1.5872470030444674,19844.133311002224,51.96679968076616
1781568404,17,GET,/api/products [GET],8.300000,0.000000,2,2,2,2,2,3,6,24,24,24,24,24993,11,20,227.11051853244794,0.7646369995200075,36473.63180299726,119.94718521185932
1781568404,17,,Aggregated,18.300000,0.000000,5,9,10,10,11,13,18,20,48,48,48,62366,29,50,391.87385900476175,0.7646369995200075,135192.1857769994,76.42736426899272
1781568405,19,GET,/api/load/cpu-heavy [GET],7.400000,0.000000,10,11,11,12,14,16,19,20,20,20,20,24856,10,130.0,573.8063654702046,7.26743700215593,135192.1857769994,44.98189571934342
1781568405,19,GET,/api/load/memory-heavy [GET],3.800000,0.000000,5,5,5,5,8,9,48,48,48,48,48,12535,8,51,359.08079846269504,1.5872470030444674,19844.133311002224,51.96681292381332
1781568405,19,GET,/api/products [GET],7.900000,0.000000,2,2,2,2,2,2,6,24,24,24,24,25006,11,20,226.99325373536217,0.7646369995200075,36473.63180299726,119.94721266895945
1781568405,19,,Aggregated,19.100000,0.000000,5,10,10,10,12,14,18,20,48,48,48,62397,29,49,391.6823265824312,0.7646369995200075,135192.1857769994,76.42793724057246
1781568406,21,GET,/api/load/cpu-heavy [GET],8.300000,0.000000,10,11,12,12,14,16,18,19,20,20,20,24875,10,130.0,573.3762788690827,7.26743700215593,135192.1857769994,44.981909547738695
1781568406,21,GET,/api/load/memory-heavy [GET],4.000000,0.000000,5,5,5,7,8,10,10,48,48,48,48,12545,8,51,358.79907292011956,1.5872470030444674,19844.133311002224,51.96683937823834
1781568406,21,GET,/api/products [GET],8.100000,0.000000,2,2,2,2,2,2,6,24,24,24,24,25020,11,20,226.86715747367938,0.7646369995200075,36473.63180299726,119.94724220623502
1781568406,21,,Aggregated,20.400000,0.000000,5,10,10,11,12,14,18,20,48,48,48,62440,29,49,391.4171298309256,0.7646369995200075,135192.1857769994,76.42423126201153
1781568407,23,GET,/api/load/cpu-heavy [GET],9.600000,0.000000,10,11,11,12,13,16,18,19,20,20,20,24892,10,130.0,572.991897318834,7.26743700215593,135192.1857769994,44.98192190261931
1781568407,23,GET,/api/load/memory-heavy [GET],4.200000,0.000000,5,5,6,7,8,10,10,48,48,48,48,12556,8,51,358.48955710798816,1.5872470030444674,19844.133311002224,51.966868429436126
1781568407,23,GET,/api/products [GET],8.600000,0.000000,2,2,2,2,2,2,6,6,24,24,24,25040,11,20,226.6875910984203,0.7646369995200075,36473.63180299726,119.94728434504792
1781568407,23,,Aggregated,22.400000,0.000000,5,9,10,10,11,13,18,20,48,48,48,62488,29,49,391.12095871548087,0.7646369995200075,135192.1857769994,76.42532966329536
1781568408,25,GET,/api/load/cpu-heavy [GET],10.200000,0.000000,10,11,11,12,14,17,19,19,20,20,20,24908,10,130.0,572.6313388927422,7.26743700215593,135192.1857769994,44.981933515336436
1781568408,25,GET,/api/load/memory-heavy [GET],5.000000,0.000000,5,5,6,7,8,10,10,48,48,48,48,12563,8,50,358.2932468294124,1.5872470030444674,19844.133311002224,51.96688689007403
1781568408,25,GET,/api/products [GET],9.000000,0.000000,2,2,2,2,2,4,7,9,24,24,24,25063,11,20,226.48140451871194,0.7646369995200075,36473.63180299726,119.94733272154171
1781568408,25,,Aggregated,24.200000,0.000000,5,9,10,10,12,14,18,20,48,48,48,62534,29,49,390.83767055539397,0.7646369995200075,135192.1857769994,76.43058176352065
1781568409,27,GET,/api/load/cpu-heavy [GET],11.500000,0.000000,10,11,12,12,15,18,36,79,150,150,150,24929,10,130.0,572.1672065647809,7.26743700215593,135192.1857769994,44.98194873440571
1781568409,27,GET,/api/load/memory-heavy [GET],5.800000,0.000000,5,5,6,7,8,10,17,48,48,48,48,12570,8,50,358.09793194955483,1.5872470030444674,19844.133311002224,51.96690533015116
1781568409,27,GET,/api/products [GET],10.100000,0.000000,2,2,2,2,2,6,24,43,74,74,74,25081,11,19,226.32447314530904,0.7646369995200075,36473.63180299726,119.94737051951677
1781568409,27,,Aggregated,27.400000,0.000000,5,9,10,11,12,16,24,48,150,150,150,62580,29,49,390.56074477496037,0.7646369995200075,135192.1857769994,76.42983381271972
1781568410,28,GET,/api/load/cpu-heavy [GET],11.900000,0.000000,11,11,12,13,18,62,160,170,220,220,220,24944,10,130.0,571.8628403757385,7.26743700215593,135192.1857769994,44.98195958948044
1781568410,28,GET,/api/load/memory-heavy [GET],6.200000,0.000000,5,5,7,7,9,12,29,84,84,84,84,12584,8,50,357.7146795691298,1.5872470030444674,19844.133311002224,51.96694214876033
1781568410,28,GET,/api/products [GET],11.800000,0.000000,2,2,2,2,4,43,74,78,84,84,84,25102,11,19,226.1533272162176,0.7646369995200075,36473.63180299726,119.94741454864155
1781568410,28,,Aggregated,29.900000,0.000000,6,10,10,11,14,36,84,150,220,220,220,62630,29,48,390.275092412774,0.7646369995200075,135192.1857769994,76.43145457448507
1781568411,30,GET,/api/load/cpu-heavy [GET],13.200000,0.000000,11,12,13,15,51,150,170,260,270,270,270,24971,10,130.0,571.2998082906747,7.26743700215593,135192.1857769994,44.98197909575107
1781568411,30,GET,/api/load/memory-heavy [GET],6.900000,0.000000,5,6,7,8,10,27,51,84,84,84,84,12595,8,50,357.4149900378667,1.5872470030444674,19844.133311002224,51.96697102024613
1781568411,30,GET,/api/products [GET],12.900000,0.000000,2,2,2,2,11,50,74,84,94,94,94,25120,11,19,226.00432059281485,0.7646369995200075,36473.63180299726,119.94745222929936
1781568411,30,,Aggregated,33.000000,0.000000,7,10,11,11,23,65,150,170,270,270,270,62686,29,48,389.9562557133182,0.7646369995200075,135192.1857769994,76.42613980793159
1781568412,32,GET,/api/load/cpu-heavy [GET],14.300000,0.000000,11,12,13,15,51,120,170,260,270,270,270,24990,10,130.0,570.8763162387526,7.26743700215593,135192.1857769994,44.98199279711885
1781568412,32,GET,/api/load/memory-heavy [GET],7.700000,0.000000,5,6,7,8,10,27,51,84,84,84,84,12610,8,49,356.9962687861165,1.5872470030444674,19844.133311002224,51.96701030927835
1781568412,32,GET,/api/products [GET],13.900000,0.000000,2,2,2,2,11,50,74,84,94,94,94,25138,11,19,225.84350933345965,0.7646369995200075,36473.63180299726,119.9474898559949
1781568412,32,,Aggregated,35.900000,0.000000,7,10,11,11,20,62,120,160,270,270,270,62738,29,48,389.6390740830766,0.7646369995200075,135192.1857769994,76.42328413401766
1781568413,34,GET,/api/load/cpu-heavy [GET],15.900000,0.000000,11,12,13,14,48,120,170,260,270,270,270,25009,10,130.0,570.4517503710829,7.26743700215593,135192.1857769994,44.98200647766804
1781568413,34,GET,/api/load/memory-heavy [GET],8.900000,0.000000,5,6,7,8,10,27,51,84,84,84,84,12619,8,49,356.7453598383336,1.5872470030444674,19844.133311002224,51.96703383786354
1781568413,34,GET,/api/products [GET],14.800000,0.000000,2,2,2,2,10,49,74,84,94,94,94,25168,11,19,225.57618275447084,0.7646369995200075,36473.63180299726,119.94755244755245
1781568413,34,,Aggregated,39.600000,0.000000,7,10,11,11,19,62,120,160,270,270,270,62796,29,48,389.2843316197696,0.7646369995200075,135192.1857769994,76.43109433721894
1781568414,36,GET,/api/load/cpu-heavy [GET],17.100000,0.000000,11,11,13,15,48,110,170,260,270,270,270,25041,10,130.0,569.742942727104,7.26743700215593,135192.1857769994,44.982029471666465
1781568414,36,GET,/api/load/memory-heavy [GET],9.700000,0.000000,5,6,7,8,10,17,33,51,84,84,84,12637,8,49,356.2455245749728,1.5872470030444674,19844.133311002224,51.96708079449236
1781568414,36,GET,/api/products [GET],16.400000,0.000000,2,2,2,2,9,49,74,84,94,94,94,25195,11,19,225.33830103109946,0.7646369995200075,36473.63180299726,119.94760865251043
1781568414,36,,Aggregated,43.200000,0.000000,7,9,10,11,23,55,110,160,270,270,270,62873,29,47,388.8188287080638,0.7646369995200075,135192.1857769994,76.42681278132108
1781568415,38,GET,/api/load/cpu-heavy [GET],17.900000,0.000000,11,12,13,16,48,110,170,260,270,270,270,25062,10,130.0,569.2774190536433,7.26743700215593,135192.1857769994,44.98204452956667
1781568415,38,GET,/api/load/memory-heavy [GET],9.800000,0.000000,5,6,7,8,10,17,33,51,84,84,84,12661,8,48,355.58120519476654,1.5872470030444674,19844.133311002224,51.967143195640155
1781568415,38,GET,/api/products [GET],17.900000,0.000000,2,2,2,2,9,44,69,78,94,94,94,25223,11,19,225.08998579275126,0.7646369995200075,36473.63180299726,119.94766681203663
1781568415,38,,Aggregated,45.600000,0.000000,6,9,10,11,19,51,95,160,270,270,270,62946,29,47,388.37557631849694,0.7646369995200075,135192.1857769994,76.4263972293712
1781568416,40,GET,/api/load/cpu-heavy [GET],19.700000,0.000000,10,12,13,16,44,95,160,220,270,270,270,25091,10,130.0,568.632366904962,7.26743700215593,135192.1857769994,44.98206528237217
1781568416,40,GET,/api/load/memory-heavy [GET],10.500000,0.000000,5,6,7,8,9,12,33,51,84,84,84,12675,8,47,355.19461493506464,1.5872470030444674,19844.133311002224,51.967179487179486
1781568416,40,GET,/api/products [GET],19.300000,0.000000,2,2,2,2,4,43,69,78,94,94,94,25256,11,19,224.7978034076887,0.7646369995200075,36473.63180299726,119.94773519163763
1781568416,40,,Aggregated,49.500000,0.000000,6,9,10,11,19,51,95,160,270,270,270,63022,29,47,387.91437569704436,0.7646369995200075,135192.1857769994,76.42932626701787
1781568417,42,GET,/api/load/cpu-heavy [GET],19.500000,0.000000,10,12,13,15,35,95,160,220,270,270,270,25130,10,130.0,567.7677000439072,7.26743700215593,135192.1857769994,44.98209311579785
1781568417,42,GET,/api/load/memory-heavy [GET],11.900000,0.000000,5,6,7,8,9,12,33,51,84,84,84,12689,8,47,354.808889913778,1.5872470030444674,19844.133311002224,51.967215698636615
1781568417,42,GET,/api/products [GET],21.500000,0.000000,2,2,2,2,5,43,69,78,94,94,94,25279,11,18,224.59498621822848,0.7646369995200075,36473.63180299726,119.94778274457059
1781568417,42,,Aggregated,52.900000,0.000000,7,9,10,11,19,49,95,160,270,270,270,63098,29,46,387.4561628392358,0.7646369995200075,135192.1857769994,76.42036197660782
1781568418,44,GET,/api/load/cpu-heavy [GET],21.000000,0.000000,10,12,13,15,35,95,160,220,270,270,270,25161,10,130.0,567.0839226889391,7.26743700215593,135192.1857769994,44.98211517825206
1781568418,44,GET,/api/load/memory-heavy [GET],12.500000,0.000000,5,6,7,7,9,12,33,51,84,84,84,12704,8,47,354.39598586043445,1.5872470030444674,19844.133311002224,51.967254408060455
1781568418,44,GET,/api/products [GET],23.000000,0.000000,2,2,2,2,4,43,69,78,94,94,94,25304,11,18,224.37458969912245,0.7646369995200075,36473.63180299726,119.94783433449257
1781568418,44,,Aggregated,56.500000,0.000000,6,10,10,11,17,49,94,150,270,270,270,63169,29,46,387.02876095702214,0.7646369995200075,135192.1857769994,76.41639095125774
1781568419,45,GET,/api/load/cpu-heavy [GET],22.400000,0.000000,10,11,13,14,28,72,150,220,270,270,270,25194,10,130.0,566.3616279042778,7.26743700215593,135192.1857769994,44.98213860442963
1781568419,45,GET,/api/load/memory-heavy [GET],13.200000,0.000000,5,6,7,7,9,11,27,33,51,51,51,12715,8,46,354.09608140204114,1.5872470030444674,19844.133311002224,51.96728273692489
1781568419,45,GET,/api/products [GET],23.800000,0.000000,2,2,2,2,2,10,44,69,94,94,94,25345,11,18,224.01397558325522,0.7646369995200075,36473.63180299726,119.94791872164134
1781568419,45,,Aggregated,59.400000,0.000000,5,9,10,11,14,32,84,120,270,270,270,63254,29,46,386.51912510837457,0.7646369995200075,135192.1857769994,76.42400480602018
1781568420,47,GET,/api/load/cpu-heavy [GET],24.800000,0.000000,10,12,13,15,20,35,79,95,160,160,160,25224,10,130.0,565.7071876185125,7.26743700215593,135192.1857769994,44.98215984776403
1781568420,47,GET,/api/load/memory-heavy [GET],14.200000,0.000000,5,5,7,7,9,11,18,25,51,51,51,12730,8,46,353.68655337564235,1.5872470030444674,19844.133311002224,51.967321288295366
1781568420,47,GET,/api/products [GET],24.100000,0.000000,1,2,2,2,2,3,9,44,62,62,62,25387,11,18,223.64571526705024,0.7646369995200075,36473.63180299726,119.94800488438965
1781568420,47,,Aggregated,63.100000,0.000000,5,9,10,11,14,19,44,77,160,160,160,63341,29,45,385.9983533326926,0.7646369995200075,135192.1857769994,76.43223188771886
1781568421,49,GET,/api/load/cpu-heavy [GET],26.200000,0.000000,10,12,13,15,19,38,77,90,120,120,120,25260,10,120.0,564.9324107634357,7.26743700215593,135192.1857769994,44.982185273159146
1781568421,49,GET,/api/load/memory-heavy [GET],14.400000,0.000000,5,6,7,7,9,13,24,25,59,59,59,12749,8,45,353.1754375683517,1.5872470030444674,19844.133311002224,51.967369989803124
1781568421,49,GET,/api/products [GET],24.900000,0.000000,1,2,2,2,2,3,9,15,49,49,49,25421,11,18,223.35182768603192,0.7646369995200075,36473.63180299726,119.94807442665513
1781568421,49,,Aggregated,65.500000,0.000000,5,9,10,11,14,19,40,70,120,120,120,63430,29,45,385.4745886969904,0.7646369995200075,135192.1857769994,76.43042724262968
1781568422,51,GET,/api/load/cpu-heavy [GET],27.600000,0.000000,10,12,13,15,19,39,76,80,120,120,120,25301,10,120.0,564.0411908837348,7.26743700215593,135192.1857769994,44.98221414173353
1781568422,51,GET,/api/load/memory-heavy [GET],14.800000,0.000000,5,6,7,7,9,13,23,25,59,59,59,12771,8,45,352.577451528142,1.5872470030444674,19844.133311002224,51.96742619998434
1781568422,51,GET,/api/products [GET],27.200000,0.000000,1,2,2,2,2,3,9,15,49,49,49,25447,11,18,223.1253713595951,0.7646369995200075,36473.63180299726,119.94812748064605
1781568422,51,,Aggregated,69.600000,0.000000,5,9,10,11,14,19,44,72,120,120,120,63519,29,45,384.94693129619577,0.7646369995200075,135192.1857769994,76.41951227191863
1781568423,53,GET,/api/load/cpu-heavy [GET],28.300000,0.000000,10,12,13,15,18,32,76,90,120,120,120,25331,10,120.0,563.3867239359814,7.26743700215593,135192.1857769994,44.982235205874225
1781568423,53,GET,/api/load/memory-heavy [GET],15.000000,0.000000,5,5,7,7,9,13,23,25,59,59,59,12789,8,44,352.08850827124223,1.5872470030444674,19844.133311002224,51.96747204628978
1781568423,53,GET,/api/products [GET],29.100000,0.000000,1,2,2,2,2,3,5,12,42,42,42,25485,11,17,222.79517890133891,0.7646369995200075,36473.63180299726,119.94820482636845
1781568423,53,,Aggregated,72.400000,0.000000,5,9,10,11,14,18,39,70,120,120,120,63605,29,44,384.4343081613717,0.7646369995200075,135192.1857769994,76.42381888216335
1781568424,55,GET,/api/load/cpu-heavy [GET],30.500000,0.000000,10,12,13,15,18,32,72,80,120,120,120,25367,10,120.0,562.6032317395183,7.26743700215593,135192.1857769994,44.982260417077306
1781568424,55,GET,/api/load/memory-heavy [GET],15.000000,0.000000,5,6,7,7,10,14,23,25,59,59,59,12806,8,44,351.6295024878895,1.5872470030444674,19844.133311002224,51.967515227237236
1781568424,55,GET,/api/products [GET],29.800000,0.000000,1,2,2,2,2,3,5,12,42,42,42,25531,11,17,222.39674829817093,0.7646369995200075,36473.63180299726,119.94829814735029
1781568424,55,,Aggregated,75.300000,0.000000,5,9,10,11,14,18,39,70,120,120,120,63704,29,44,383.8461473250824,0.7646369995200075,135192.1857769994,76.43100904181841
1781568425,57,GET,/api/load/cpu-heavy [GET],31.800000,0.000000,11,12,13,15,18,28,70,80,120,120,120,25408,10,120.0,561.7156261405613,7.26743700215593,135192.1857769994,44.98228904282116
1781568425,57,GET,/api/load/memory-heavy [GET],16.600000,0.000000,5,5,6,7,10,14,23,25,59,59,59,12827,8,44,351.0622546611762,1.5872470030444674,19844.133311002224,51.967568410384345
1781568425,57,GET,/api/products [GET],31.000000,0.000000,1,2,2,2,2,3,6,12,42,42,42,25579,11,17,221.98264783152487,0.7548880021204241,36473.63180299726,119.94839516791117
1781568425,57,,Aggregated,79.400000,0.000000,5,9,10,11,14,18,32,62,120,120,120,63814,29,44,383.1955420190088,0.7548880021204241,135192.1857769994,76.43554705863917
1781568426,59,GET,/api/load/cpu-heavy [GET],31.600000,0.000000,11,12,13,15,19,35,77,85,120,120,120,25442,10,120.0,560.9880501279133,7.26743700215593,135192.1857769994,44.98231271126484
1781568426,59,GET,/api/load/memory-heavy [GET],16.700000,0.000000,5,5,6,7,10,13,23,25,59,59,59,12849,8,43,350.47101437963363,1.5872470030444674,19844.133311002224,51.96762393960619
1781568426,59,GET,/api/products [GET],32.800000,0.000000,1,2,2,2,2,3,6,12,42,42,42,25632,11,17,221.52728812459284,0.7548880021204241,36473.63180299726,119.94850187265918
1781568426,59,,Aggregated,81.100000,0.000000,5,9,10,11,14,18,39,70,120,120,120,63923,29,43,382.5547531299851,0.7548880021204241,135192.1857769994,76.44653724011701
1781568427,61,GET,/api/load/cpu-heavy [GET],33.500000,0.000000,11,12,14,16,20,39,81,90,120,120,120,25491,10,120.0,559.9440687621649,7.26743700215593,135192.1857769994,44.98234671060374
1781568427,61,GET,/api/load/memory-heavy [GET],16.800000,0.000000,5,6,7,8,13,18,59,83,84,84,84,12871,8,43,349.9037440242343,1.5872470030444674,19844.133311002224,51.9676792789993
1781568427,61,GET,/api/products [GET],34.200000,0.000000,1,2,2,2,2,3,11,15,76,76,76,25673,11,17,221.18123967964758,0.7548880021204241,36473.63180299726,119.94858411560784
1781568427,61,,Aggregated,84.500000,0.000000,5,9,10,11,15,20,62,81,120,120,120,64035,29,43,381.9088203708605,0.7548880021204241,135192.1857769994,76.44196142734442
1781568428,63,GET,/api/load/cpu-heavy [GET],35.100000,0.000000,11,13,15,17,20,53,81,110,160,160,160,25544,10,120.0,558.8284111011337,7.26743700215593,135192.1857769994,44.982383338553085
1781568428,63,GET,/api/load/memory-heavy [GET],16.600000,0.000000,5,6,7,8,11,23,73,84,110,110,110,12890,8,42,349.4059602006154,1.5872470030444674,19844.133311002224,51.96772692009309
1781568428,63,GET,/api/products [GET],36.700000,0.000000,1,2,2,2,3,5,12,40,76,76,76,25716,11,16,220.8183823066828,0.7548880021204241,36473.63180299726,119.94867008866076
1781568428,63,,Aggregated,88.400000,0.000000,5,9,10,11,16,22,64,82,160,160,160,64150,29,42,381.248967724897,0.7548880021204241,135192.1857769994,76.43794232268121
1781568429,64,GET,/api/load/cpu-heavy [GET],35.800000,0.000000,11,12,15,17,22,62,110,120,220,220,220,25598,10,120.0,557.6925857637453,7.26743700215593,135192.1857769994,44.98242050160169
1781568429,64,GET,/api/load/memory-heavy [GET],17.400000,0.000000,5,6,7,8,10,17,73,84,110,110,110,12908,8,42,348.92611928268735,1.5872470030444674,19844.133311002224,51.967771924387975
1781568429,64,GET,/api/products [GET],38.500000,0.000000,2,2,2,2,3,5,12,25,76,76,76,25770,11,16,220.35899566533388,0.7548880021204241,36473.63180299726,119.9487776484284
1781568429,64,,Aggregated,91.700000,0.000000,5,9,11,11,16,23,75,86,220,220,220,64276,29,42,380.52157066987894,0.7548880021204241,135192.1857769994,76.44128446076296
1781568430,66,GET,/api/load/cpu-heavy [GET],37.600000,0.000000,11,12,14,16,21,44,82,110,220,220,220,25650,10,110.0,556.5879772294095,7.26743700215593,135192.1857769994,44.98245614035088
1781568430,66,GET,/api/load/memory-heavy [GET],17.600000,0.000000,5,6,7,8,10,14,73,84,110,110,110,12928,8,41,348.3971005393657,1.5872470030444674,19844.133311002224,51.96782178217822
1781568430,66,GET,/api/products [GET],40.400000,0.000000,2,2,2,2,3,4,10,13,76,76,76,25815,11,16,219.97803160482928,0.7548880021204241,36473.63180299726,119.94886693782685
1781568430,66,,Aggregated,95.600000,0.000000,5,9,10,11,16,21,62,83,160,220,220,64393,29,41,379.84396157324824,0.7548880021204241,135192.1857769994,76.43874334166757
1781568431,68,GET,/api/load/cpu-heavy [GET],39.200000,0.000000,11,12,15,17,22,47,82,110,220,220,220,25702,10,110.0,555.4942975526561,7.26743700215593,135192.1857769994,44.98249163489223
1781568431,68,GET,/api/load/memory-heavy [GET],18.800000,0.000000,5,6,7,7,9,13,44,83,110,110,110,12956,8,41,347.65644968523554,1.5872470030444674,19844.133311002224,51.96789132448286
1781568431,68,GET,/api/products [GET],41.200000,0.000000,2,2,2,2,2,4,10,13,76,76,76,25866,11,16,219.54729688489348,0.7548880021204241,36473.63180299726,119.94896775690096
1781568431,68,,Aggregated,99.200000,0.000000,5,9,10,11,16,22,60,83,160,220,220,64524,29,41,379.08935867344155,0.7548880021204241,135192.1857769994,76.43723265761577
1781568432,70,GET,/api/load/cpu-heavy [GET],40.700000,0.000000,11,13,16,17,24,64,120,140,220,220,220,25764,10,110.0,554.2334656584136,7.26743700215593,135192.1857769994,44.98253376804844
1781568432,70,GET,/api/load/memory-heavy [GET],19.200000,0.000000,5,6,7,8,10,14,61,83,110,110,110,12988,8,41,346.8215246238763,1.5872470030444674,19844.133311002224,51.967970434247
1781568432,70,GET,/api/products [GET],42.200000,0.000000,2,2,2,2,3,5,16,45,76,76,76,25907,11,16,219.2121221541522,0.7548880021204241,36473.63180299726,119.9490485197051
1781568432,70,,Aggregated,102.100000,0.000000,6,10,11,11,17,29,76,110,210,220,220,64659,29,41,378.3373918508808,0.7548880021204241,135192.1857769994,76.42261711440015
1781568433,72,GET,/api/load/cpu-heavy [GET],43.400000,0.000000,11,14,17,19,44,86,150,200,270,270,270,25818,10,110.0,553.1683760046233,7.26743700215593,135192.1857769994,44.982570299790844
1781568433,72,GET,/api/load/memory-heavy [GET],19.400000,0.000000,5,6,7,8,12,44,80,84,140,140,140,13011,8,41,346.2532841072106,1.5872470030444674,19844.133311002224,51.968027054031204
1781568433,72,GET,/api/products [GET],43.600000,0.000000,2,2,2,2,3,10,41,63,82,82,82,25952,11,15,218.84742394133883,0.7548880021204241,36473.63180299726,119.94913686806412
1781568433,72,,Aggregated,106.400000,0.000000,7,10,11,12,20,57,92,140,220,270,270,64781,29,40,377.6775745563068,0.7548880021204241,135192.1857769994,76.41802380327564
1781568434,74,GET,/api/load/cpu-heavy [GET],44.000000,0.000000,11,15,18,21,64,110,170,270,470,470,470,25867,10,110.0,552.2463416427627,7.26743700215593,135192.1857769994,44.98260331696756
1781568434,74,GET,/api/load/memory-heavy [GET],21.800000,0.000000,5,7,8,9,13,71,92,140,180,180,180,13033,8,40,345.7119248229052,1.5872470030444674,19844.133311002224,51.96808102509016
1781568434,74,GET,/api/products [GET],45.500000,0.000000,2,2,2,2,7,24,57,68,88,88,88,26021,11,15,218.29637734747558,0.7548880021204241,36473.63180299726,119.94927174205449
1781568434,74,,Aggregated,111.300000,0.000000,8,10,12,14,25,69,130,170,410,470,470,64921,29,40,376.9336527541034,0.7548880021204241,135192.1857769994,76.43235624836339
1781568435,76,GET,/api/load/cpu-heavy [GET],47.300000,0.000000,12,16,18,21,65,110,170,270,470,470,470,25924,10,110.0,551.0699033866445,7.26743700215593,135192.1857769994,44.982641567659314
1781568435,76,GET,/api/load/memory-heavy [GET],21.800000,0.000000,5,7,8,9,13,71,92,140,180,180,180,13061,8,39,344.99113116529463,1.5872470030444674,19844.133311002224,51.96814945256872
1781568435,76,GET,/api/products [GET],46.400000,0.000000,2,2,2,2,8,26,63,74,88,88,88,26077,11,15,217.83954697126578,0.7548880021204241,36473.63180299726,119.94938068029298
1781568435,76,,Aggregated,115.500000,0.000000,8,10,12,15,27,73,130,170,410,470,470,65062,29,40,376.14071510121425,0.7548880021204241,135192.1857769994,76.43180351049767
1781568436,78,GET,/api/load/cpu-heavy [GET],49.100000,0.000000,12,16,19,22,66,120,180,220,470,470,470,25983,10,110.0,549.8850984877583,7.26743700215593,135192.1857769994,44.98268098372012
1781568436,78,GET,/api/load/memory-heavy [GET],22.300000,0.000000,6,7,8,10,14,73,100,140,180,180,180,13091,8,39,344.2274299335351,1.5872470030444674,19844.133311002224,51.9682224428997
1781568436,78,GET,/api/products [GET],47.500000,0.000000,2,2,2,3,12,30,63,74,88,88,88,26137,11,15,217.35201500794597,0.7548880021204241,36473.63180299726,119.94949688181505
1781568436,78,,Aggregated,118.900000,0.000000,9,11,12,15,30,74,130,170,410,470,470,65211,29,39,375.31820422214366,0.7548880021204241,135192.1857769994,76.43221235681096
1781568437,80,GET,/api/load/cpu-heavy [GET],50.500000,0.000000,12,16,19,21,65,120,180,220,470,470,470,26039,10,110.0,548.7372844923524,7.26743700215593,135192.1857769994,44.98271823034679
1781568437,80,GET,/api/load/memory-heavy [GET],22.600000,0.000000,5,7,8,9,13,59,100,140,180,180,180,13127,8,38,343.3059778827548,1.5872470030444674,19844.133311002224,51.96830959091948
1781568437,80,GET,/api/products [GET],49.000000,0.000000,2,2,2,2,8,29,60,73,88,88,88,26193,11,14,216.89150928216,0.7548880021204241,36473.63180299726,119.9496048562593
1781568437,80,,Aggregated,122.100000,0.000000,8,10,12,15,27,68,130,170,410,470,470,65359,29,39,374.48839525070946,0.7548880021204241,135192.1857769994,76.42915283281567
1781568438,82,GET,/api/load/cpu-heavy [GET],51.600000,0.000000,12,16,19,21,58,110,170,220,470,470,470,26105,10,110.0,547.3947049060869,7.26743700215593,135192.1857769994,44.98276192300326
1781568438,82,GET,/api/load/memory-heavy [GET],24.300000,0.000000,5,7,9,10,13,41,88,140,180,180,180,13152,8,38,342.6732838849539,1.5872470030444674,19844.133311002224,51.968369829683695
1781568438,82,GET,/api/products [GET],49.400000,0.000000,2,2,2,2,8,27,57,68,88,88,88,26253,11,14,216.40140809471865,0.7548880021204241,36473.63180299726,119.94972003199635
1781568438,82,,Aggregated,125.300000,0.000000,8,10,12,15,26,65,120,170,410,470,470,65510,29,38,373.64927443045616,0.7548880021204241,135192.1857769994,76.42807205006869
1781568439,83,GET,/api/load/cpu-heavy [GET],53.900000,0.000000,12,16,19,21,58,110,170,220,470,470,470,26158,10,100.0,546.3177807585205,7.26743700215593,135192.1857769994,44.98279684991207
1781568439,83,GET,/api/load/memory-heavy [GET],25.100000,0.000000,5,7,9,9,14,39,88,140,180,180,180,13183,8,37,341.8848931206032,1.5872470030444674,19844.133311002224,51.96844420845028
1781568439,83,GET,/api/products [GET],50.600000,0.000000,2,2,2,2,7,27,57,68,88,88,88,26314,11,14,215.90483050325454,0.7548880021204241,36473.63180299726,119.94983658888805
1781568439,83,,Aggregated,129.600000,0.000000,8,10,12,15,27,63,120,170,410,470,470,65655,29,38,372.84241512380095,0.7548880021204241,135192.1857769994,76.4316502931993
1781568440,85,GET,/api/load/cpu-heavy [GET],54.400000,0.000000,13,18,20,27,79,140,210,280,470,470,470,26234,10,100.0,544.8881128873367,7.26743700215593,135192.1857769994,44.98284668750477
1781568440,85,GET,/api/load/memory-heavy [GET],26.300000,0.000000,5,7,9,10,17,41,88,140,180,180,180,13201,8,37,341.4376450243113,1.5872470030444674,19844.133311002224,51.968487235815466
1781568440,85,GET,/api/products [GET],51.600000,0.000000,2,2,2,3,13,39,67,76,97,97,97,26369,11,14,215.48080504909763,0.7548880021204241,36473.63180299726,119.94994121885547
1781568440,85,,Aggregated,132.300000,0.000000,9,11,14,17,39,79,140,200,410,470,470,65804,29,37,372.07352826260075,0.7548880021204241,135192.1857769994,76.42508054221628
1781568441,87,GET,/api/load/cpu-heavy [GET],55.000000,0.000000,13,18,21,32,83,140,210,280,470,470,470,26286,10,100.0,543.8654607813432,7.26743700215593,135192.1857769994,44.982880620862815
1781568441,87,GET,/api/load/memory-heavy [GET],26.700000,0.000000,5,7,9,10,23,59,88,140,180,180,180,13233,8,36,340.62963511894077,1.5872470030444674,19844.133311002224,51.96856343988514
1781568441,87,GET,/api/products [GET],54.400000,0.000000,2,2,2,4,18,40,68,76,97,97,97,26435,11,13,214.95892778190625,0.7548880021204241,36473.63180299726,119.95006620011348
1781568441,87,,Aggregated,136.100000,0.000000,9,11,15,18,43,81,150,200,410,470,470,65954,29,37,371.25934317163825,0.7548880021204241,135192.1857769994,76.43205870758408
1781568442,89,GET,/api/load/cpu-heavy [GET],57.000000,0.000000,13,18,21,32,94,160,250,360,470,470,470,26350,10,100.0,542.6974855731073,7.26743700215593,135192.1857769994,44.98292220113852
1781568442,89,GET,/api/load/memory-heavy [GET],27.100000,0.000000,5,8,10,11,30,50,88,140,180,180,180,13256,8,36,340.07222690283146,1.5872470030444674,19844.133311002224,51.96861798430899
1781568442,89,GET,/api/products [GET],54.500000,0.000000,2,2,2,4,20,44,69,81,100,100,100,26495,11,13,214.50365945531942,0.7548880021204241,36473.63180299726,119.95017927910926
1781568442,89,,Aggregated,138.600000,0.000000,9,11,15,18,46,86,170,230,410,470,470,66101,29,37,370.51407152606134,0.7548880021204241,135192.1857769994,76.4326712152615
1781568443,91,GET,/api/load/cpu-heavy [GET],58.100000,0.000000,13,18,21,28,71,120,200,260,370,370,370,26424,10,99,541.2410321955945,7.26743700215593,135192.1857769994,44.98297002724796
1781568443,91,GET,/api/load/memory-heavy [GET],27.400000,0.000000,5,8,10,11,24,39,68,88,100,100,100,13287,8,35,339.3100791730214,1.5872470030444674,19844.133311002224,51.968691201926696
1781568443,91,GET,/api/products [GET],56.200000,0.000000,2,2,2,3,13,39,69,81,100,100,100,26559,11,13,213.99399872701255,0.7548880021204241,36473.63180299726,119.95029933355924
1781568443,91,,Aggregated,141.700000,0.000000,9,11,15,18,38,71,130,180,360,370,370,66270,29,36,369.60363164175664,0.7548880021204241,135192.1857769994,76.42821789648409
1781568444,93,GET,/api/load/cpu-heavy [GET],58.500000,0.000000,13,18,21,26,71,130,200,260,370,370,370,26485,10,98,540.0558570735288,7.26743700215593,135192.1857769994,44.98300925051916
1781568444,93,GET,/api/load/memory-heavy [GET],26.700000,0.000000,6,8,10,11,28,41,68,79,170,170,170,13327,8,35,338.34301385930087,1.5872470030444674,19844.133311002224,51.968785172957155
1781568444,93,GET,/api/products [GET],57.000000,0.000000,2,2,2,3,12,37,63,81,100,100,100,26618,11,13,213.53535092357438,0.7548880021204241,36473.63180299726,119.95040949733263
1781568444,93,,Aggregated,142.200000,0.000000,9,11,15,18,38,70,130,190,360,370,370,66430,29,36,368.7544888029383,0.7548880021204241,135192.1857769994,76.42334788499173
1781568445,95,GET,/api/load/cpu-heavy [GET],58.500000,0.000000,13,18,21,28,75,130,200,250,370,370,370,26549,10,97,538.8194638543982,7.26743700215593,135192.1857769994,44.98305020904742
1781568445,95,GET,/api/load/memory-heavy [GET],27.400000,0.000000,6,8,10,11,32,56,77,130,170,170,170,13363,8,34,337.4903645054934,1.5872470030444674,19844.133311002224,51.96886926588341
1781568445,95,GET,/api/products [GET],59.300000,0.000000,2,2,2,3,13,38,69,81,100,100,100,26690,11,13,212.97504974910805,0.7548880021204241,36473.63180299726,119.9505432746347
1781568445,95,,Aggregated,145.200000,0.000000,9,11,15,18,39,76,140,190,360,370,370,66602,29,36,367.84639747396744,0.7548880021204241,135192.1857769994,76.42705924747004
1781568446,97,GET,/api/load/cpu-heavy [GET],61.300000,0.000000,14,19,23,30,73,130,190,250,370,370,370,26609,10,96,537.6547311534979,7.26743700215593,135192.1857769994,44.98308842872712
1781568446,97,GET,/api/load/memory-heavy [GET],29.000000,0.000000,6,8,11,13,32,50,71,79,170,170,170,13409,8,33,336.37392616227436,1.5872470030444674,19844.133311002224,51.96897606085465
1781568446,97,GET,/api/products [GET],59.400000,0.000000,2,2,2,3,13,38,69,81,100,100,100,26752,11,12,212.49148632886084,0.7548880021204241,36473.63180299726,119.95065789473684
1781568446,97,,Aggregated,149.700000,0.000000,9,11,15,19,40,73,140,180,360,370,370,66770,29,35,366.9531969363967,0.7548880021204241,135192.1857769994,76.42245020218661
1781568447,99,GET,/api/load/cpu-heavy [GET],62.300000,0.000000,14,19,23,32,78,140,200,250,370,370,370,26673,10,95,536.4430111392968,7.26743700215593,135192.1857769994,44.98312900686087
1781568447,99,GET,/api/load/memory-heavy [GET],29.700000,0.000000,6,8,10,13,32,56,76,130,180,180,180,13448,8,33,335.4341973857018,1.5872470030444674,19844.133311002224,51.969066032123735
1781568447,99,GET,/api/products [GET],59.800000,0.000000,2,2,2,3,14,37,63,78,100,100,100,26819,11,12,211.96847417650613,0.7548880021204241,36473.63180299726,119.95078116260859
1781568447,99,,Aggregated,151.800000,0.000000,9,11,15,19,42,77,160,190,360,370,370,66940,29,35,366.06283285780177,0.7548880021204241,135192.1857769994,76.42179563788467
1781568448,101,GET,/api/load/cpu-heavy [GET],62.500000,0.000000,14,20,27,42,83,160,200,250,370,370,370,26748,10,94,535.0464706677323,7.26743700215593,135192.1857769994,44.98317631224764
1781568448,101,GET,/api/load/memory-heavy [GET],30.400000,0.000000,6,8,11,14,36,63,77,130,180,180,180,13495,8,32,334.3174268946239,1.5872470030444674,19844.133311002224,51.96917376806225
1781568448,101,GET,/api/products [GET],60.600000,0.000000,2,2,3,5,22,44,67,78,100,100,100,26885,11,12,211.48010031652146,0.7548880021204241,36473.63180299726,119.95090198995723
1781568448,101,,Aggregated,153.500000,0.000000,9,12,17,21,50,80,160,190,360,370,370,67128,29,34,365.1036701581045,0.7548880021204241,135192.1857769994,76.41243594327256
1781568449,102,GET,/api/load/cpu-heavy [GET],62.800000,0.000000,14,20,27,44,83,160,200,250,370,370,370,26815,10,93,533.7632426754992,7.26743700215593,135192.1857769994,44.983218347939584
1781568449,102,GET,/api/load/memory-heavy [GET],31.600000,0.000000,6,8,10,13,34,59,77,130,180,180,180,13529,8,32,333.4958784210908,1.5872470030444674,19844.133311002224,51.969251238081156
1781568449,102,GET,/api/products [GET],61.800000,0.000000,2,2,3,5,22,43,67,78,100,100,100,26960,11,12,210.90442079902513,0.7548880021204241,36473.63180299726,119.95103857566765
1781568449,102,,Aggregated,156.200000,0.000000,9,12,16,21,50,80,160,190,360,370,370,67304,29,34,364.1791019292207,0.7548880021204241,135192.1857769994,76.41740461191014
1781568450,104,GET,/api/load/cpu-heavy [GET],64.300000,0.000000,14,19,25,38,75,110,180,230,360,360,360,26882,10,92,532.4929666091991,7.26743700215593,135192.1857769994,44.98326017409419
1781568450,104,GET,/api/load/memory-heavy [GET],32.100000,0.000000,6,8,10,12,32,57,76,130,180,180,180,13569,8,31,332.5396626549457,1.5872470030444674,19844.133311002224,51.96934188223156
1781568450,104,GET,/api/products [GET],62.600000,0.000000,2,2,3,4,17,38,58,69,100,100,100,27031,11,12,210.36405323176103,0.7548880021204241,36473.63180299726,119.95116717842477
1781568450,104,,Aggregated,159.000000,0.000000,9,12,15,19,45,74,120,170,330,360,360,67482,29,33,363.25327248542237,0.7548880021204241,135192.1857769994,76.41759283957204
1781568451,106,GET,/api/load/cpu-heavy [GET],65.000000,0.000000,14,19,26,38,77,110,180,230,360,360,360,26944,10,90,531.3591099051928,7.26743700215593,135192.1857769994,44.9832986935867
1781568451,106,GET,/api/load/memory-heavy [GET],33.500000,0.000000,6,8,11,15,44,67,130,160,230,230,230,13616,8,31,331.4954255077093,1.5872470030444674,19844.133311002224,51.969447708578144
1781568451,106,GET,/api/products [GET],63.400000,0.000000,2,2,3,5,21,39,58,73,100,100,100,27108,11,11,209.80431854433033,0.7548880021204241,36473.63180299726,119.95130588756086
1781568451,106,,Aggregated,161.900000,0.000000,9,12,16,20,47,76,120,170,330,360,360,67668,29,33,362.3272010122698,0.7548880021204241,135192.1857769994,76.42143997162617
1781568452,108,GET,/api/load/cpu-heavy [GET],65.200000,0.000000,14,19,27,39,81,130,210,250,540,540,540,26999,10,90,530.4532395772263,7.26743700215593,135192.1857769994,44.98333271602652
1781568452,108,GET,/api/load/memory-heavy [GET],35.200000,0.000000,6,8,11,17,49,75,160,180,270,270,270,13657,8,30,330.6172581291605,1.5872470030444674,19844.133311002224,51.969539430328766
1781568452,108,GET,/api/products [GET],65.800000,0.000000,2,2,4,7,26,46,70,85,160,160,160,27174,11,11,209.34501293849672,0.7548880021204241,36473.63180299726,119.95142415544271
1781568452,108,,Aggregated,166.200000,0.000000,9,12,17,21,50,83,170,200,420,540,540,67830,29,33,361.5758262008885,0.7548880021204241,135192.1857769994,76.42360312546072
1781568453,110,GET,/api/load/cpu-heavy [GET],64.900000,0.000000,14,21,33,52,110,230,420,520,600,600,600,27065,10,90,529.5604009837986,7.26743700215593,135192.1857769994,44.9833733604286
1781568453,110,GET,/api/load/memory-heavy [GET],37.600000,0.000000,6,8,12,18,63,140,190,230,400,400,400,13699,8,30,329.7701270994166,1.5872470030444674,19844.133311002224,51.96963281991386
1781568453,110,GET,/api/products [GET],66.600000,0.000000,2,2,4,9,32,56,85,130,220,220,220,27244,11,11,208.86816604649604,0.7548880021204241,36473.63180299726,119.9515489649097
1781568453,110,,Aggregated,169.100000,0.000000,9,12,18,24,68,130,230,400,570,600,600,68008,29,33,360.84692300218006,0.7548880021204241,135192.1857769994,76.42287672038584
1781568454,112,GET,/api/load/cpu-heavy [GET],66.000000,0.000000,15,23,48,73,190,350,540,600,1100,1100,1100,27134,10,90,528.701220692176,7.26743700215593,135192.1857769994,44.98341564089334
1781568454,112,GET,/api/load/memory-heavy [GET],39.300000,0.000000,6,9,15,25,77,170,250,280,510,510,510,13745,8,30,328.96684126576184,1.5872470030444674,19844.133311002224,51.969734448890506
1781568454,112,GET,/api/products [GET],67.500000,0.000000,2,3,5,11,40,66,120,160,320,320,320,27308,11,11,208.46397252675933,0.7548880021204241,36473.63180299726,119.95166251647869
1781568454,112,,Aggregated,172.800000,0.000000,9,13,21,32,84,190,350,500,1100,1100,1100,68187,29,32,360.18833967208235,0.7548880021204241,135192.1857769994,76.41550442166395
1781568455,114,GET,/api/load/cpu-heavy [GET],64.600000,0.000000,16,30,55,81,210,350,540,600,1100,1100,1100,27213,10,89,527.3551510066688,7.26743700215593,135192.1857769994,44.98346378569066
1781568455,114,GET,/api/load/memory-heavy [GET],40.000000,0.000000,6,10,18,28,87,170,250,280,510,510,510,13783,8,30,328.1257281812299,1.5872470030444674,19844.133311002224,51.9698178916056
1781568455,114,GET,/api/products [GET],67.700000,0.000000,2,3,8,15,47,73,130,160,320,320,320,27382,11,11,207.9488775557198,0.7548880021204241,36473.63180299726,119.95179314878388
1781568455,114,,Aggregated,172.300000,0.000000,10,15,25,39,94,200,350,480,1100,1100,1100,68378,29,32,359.28995877471135,0.7548880021204241,135192.1857769994,76.41280821316798
1781568456,116,GET,/api/load/cpu-heavy [GET],63.400000,0.000000,16,30,61,88,230,390,550,660,1100,1100,1100,27284,10,88,526.1839030667229,7.26743700215593,135192.1857769994,44.98350681718223
1781568456,116,GET,/api/load/memory-heavy [GET],40.800000,0.000000,7,11,22,41,130,190,350,380,510,510,510,13832,8,30,327.2159648666075,1.5872470030444674,19844.133311002224,51.96992481203007
1781568456,116,GET,/api/products [GET],69.000000,0.000000,2,4,11,22,58,85,160,250,350,350,350,27454,11,11,207.5138113048267,0.7548880021204241,36473.63180299726,119.95191957456109
1781568456,116,,Aggregated,173.200000,0.000000,10,16,29,47,110,240,390,510,1100,1100,1100,68570,29,32,358.4590493345516,0.7548880021204241,135192.1857769994,76.40860434592388
1781568457,118,GET,/api/load/cpu-heavy [GET],65.500000,0.000000,17,41,81,110,290,420,590,690,1100,1100,1100,27375,10,88,524.8760499128932,7.26743700215593,135192.1857769994,44.983561643835614
1781568457,118,GET,/api/load/memory-heavy [GET],41.900000,0.000000,7,13,32,55,150,240,350,380,510,510,510,13874,8,30,326.44019270980766,1.5872470030444674,19844.133311002224,51.9700158569987
1781568457,118,GET,/api/products [GET],68.800000,0.000000,2,5,12,26,65,100,190,260,350,350,350,27496,11,11,207.24715497169532,0.7548880021204241,36473.63180299726,119.95199301716613
1781568457,118,,Aggregated,176.200000,0.000000,10,18,39,59,160,270,430,550,1100,1100,1100,68745,29,32,357.7857425721608,0.7548880021204241,135192.1857769994,76.37874754527601
1781568458,120,GET,/api/load/cpu-heavy [GET],66.400000,0.000000,18,46,93,140,330,500,660,730,1100,1100,1100,27454,10,87,523.7409836055402,7.26743700215593,135192.1857769994,44.983608945873094
1781568458,120,GET,/api/load/memory-heavy [GET],41.500000,0.000000,8,16,44,70,180,260,380,430,620,620,620,13914,8,29,325.7743996778705,1.5872470030444674,19844.133311002224,51.970102055483686
1781568458,120,GET,/api/products [GET],69.200000,0.000000,2,5,13,29,67,110,210,270,490,490,490,27589,11,11,206.63701545397464,0.7548880021204241,36473.63180299726,119.95215484432201
1781568458,120,,Aggregated,177.100000,0.000000,11,21,44,68,180,320,500,610,1100,1100,1100,68957,29,32,356.92559972713764,0.7548880021204241,135192.1857769994,76.38748785475006
1781568459,121,GET,/api/load/cpu-heavy [GET],67.500000,0.000000,20,51,100,170,320,490,650,730,1100,1100,1100,27548,10,86,522.1617407345551,7.26743700215593,135192.1857769994,44.98366487585306
1781568459,121,GET,/api/load/memory-heavy [GET],42.400000,0.000000,9,23,55,73,180,260,380,430,620,620,620,13950,8,29,325.0038280202754,1.5872470030444674,19844.133311002224,51.970179211469535
1781568459,121,GET,/api/products [GET],68.500000,0.000000,2,7,21,36,70,110,210,270,490,490,490,27670,11,11,206.07851831556633,0.7548880021204241,36473.63180299726,119.95229490422841
1781568459,121,,Aggregated,178.400000,0.000000,12,26,51,74,190,320,500,610,1100,1100,1100,69168,29,32,355.9522848200064,0.7548880021204241,135192.1857769994,76.38321188989129
1781568460,123,GET,/api/load/cpu-heavy [GET],69.900000,0.000000,21,50,100,170,320,480,650,730,1100,1100,1100,27634,10,85,520.6646824691895,7.26743700215593,135192.1857769994,44.983715712528046
1781568460,123,GET,/api/load/memory-heavy [GET],42.700000,0.000000,10,29,58,81,180,270,390,470,620,620,620,13987,8,29,324.2115737581229,1.5872470030444674,19844.133311002224,51.97025809680417
1781568460,123,GET,/api/products [GET],68.200000,0.000000,2,7,21,38,70,110,210,270,490,490,490,27749,11,10,205.524359839012,0.7548880021204241,36473.63180299726,119.95243071822408
1781568460,123,,Aggregated,180.800000,0.000000,12,27,51,74,190,320,500,600,1100,1100,1100,69370,29,31,354.99337723340557,0.7548880021204241,135192.1857769994,76.38097160155687
1781568461,125,GET,/api/load/cpu-heavy [GET],70.500000,0.000000,22,56,120,180,340,530,660,730,1100,1100,1100,27717,10,84,519.4345689091757,7.26743700215593,135192.1857769994,44.98376447667496
1781568461,125,GET,/api/load/memory-heavy [GET],42.700000,0.000000,10,29,57,81,190,280,400,470,620,620,620,14032,8,28,323.3370313976528,1.5872470030444674,19844.133311002224,51.97035347776511
1781568461,125,GET,/api/products [GET],70.400000,0.000000,2,6,18,36,68,110,210,270,490,490,490,27835,11,10,204.94482235695324,0.7548880021204241,36473.63180299726,119.95257768995869
1781568461,125,,Aggregated,183.600000,0.000000,12,28,52,75,210,340,540,610,1100,1100,1100,69584,29,31,354.0881855215774,0.7548880021204241,135192.1857769994,76.3816825707059
1781568462,127,GET,/api/load/cpu-heavy [GET],72.900000,0.000000,23,57,120,180,360,550,690,760,1100,1100,1100,27797,10,84,518.4513273598458,7.26743700215593,135192.1857769994,44.983811202647765
1781568462,127,GET,/api/load/memory-heavy [GET],42.300000,0.000000,10,30,58,87,190,280,390,470,620,620,620,14079,8,28,322.4812478553795,1.5872470030444674,19844.133311002224,51.97045244690674
1781568462,127,GET,/api/products [GET],69.800000,0.000000,2,6,16,31,67,110,210,270,490,490,490,27908,11,10,204.45498596430497,0.7548880021204241,36473.63180299726,119.95270173426974
1781568462,127,,Aggregated,185.000000,0.000000,12,28,53,77,210,350,560,660,1100,1100,1100,69784,29,31,353.3408056785146,0.7548880021204241,135192.1857769994,76.37491402040582
1781568463,129,GET,/api/load/cpu-heavy [GET],75.000000,0.000000,24,58,120,180,340,540,680,740,1100,1100,1100,27869,10,84,517.4110482919957,7.26743700215593,135192.1857769994,44.98385302666045
1781568463,129,GET,/api/load/memory-heavy [GET],41.900000,0.000000,10,26,57,77,170,270,380,460,620,620,620,14138,8,28,321.27882217370654,1.5872470030444674,19844.133311002224,51.97057575328901
1781568463,129,GET,/api/products [GET],70.900000,0.000000,2,7,17,31,66,110,200,270,490,490,490,27985,11,10,203.95682609843925,0.7548880021204241,36473.63180299726,119.95283187421833
1781568463,129,,Aggregated,187.800000,0.000000,12,28,52,75,200,340,550,620,1000,1100,1100,69992,29,31,352.4645712525208,0.7548880021204241,135192.1857769994,76.37008515258887
1781568464,131,GET,/api/load/cpu-heavy [GET],76.600000,0.000000,25,66,120,170,320,500,620,730,950,950,950,27963,10,84,516.0398234095981,7.26743700215593,135192.1857769994,44.98390730608304
1781568464,131,GET,/api/load/memory-heavy [GET],41.400000,0.000000,10,30,57,71,170,270,380,460,620,620,620,14171,8,28,320.6464438132716,1.5872470030444674,19844.133311002224,51.970644273516335
1781568464,131,GET,/api/products [GET],72.600000,0.000000,2,7,18,31,66,110,200,270,490,490,490,28073,11,10,203.38447431317806,0.7548880021204241,36473.63180299726,119.95297973141453
1781568464,131,,Aggregated,190.600000,0.000000,13,29,54,75,190,320,530,600,880,950,950,70207,29,31,351.581960269979,0.7548880021204241,135192.1857769994,76.37131625051633
1781568465,133,GET,/api/load/cpu-heavy [GET],79.700000,0.000000,26,74,130,180,340,510,620,730,950,950,950,28057,10,83,514.6941801495751,7.26743700215593,135192.1857769994,44.98396122179848
1781568465,133,GET,/api/load/memory-heavy [GET],41.800000,0.000000,10,32,57,74,170,260,380,460,620,620,620,14219,8,28,319.6979081864299,1.5872470030444674,19844.133311002224,51.97074337154512
1781568465,133,GET,/api/products [GET],73.400000,0.000000,2,8,21,33,66,100,200,270,490,490,490,28148,11,10,202.90136229497048,0.7548880021204241,36473.63180299726,119.95310501634219
1781568465,133,,Aggregated,194.900000,0.000000,14,32,58,81,200,340,540,610,880,950,950,70424,29,31,350.70184475233424,0.7548880021204241,135192.1857769994,76.35929512666137
1781568466,135,GET,/api/load/cpu-heavy [GET],81.500000,0.000000,27,74,130,170,310,500,620,730,950,950,950,28152,10,83,513.2150182927904,7.26743700215593,135192.1857769994,44.984015345268546
1781568466,135,GET,/api/load/memory-heavy [GET],43.200000,0.000000,10,26,51,66,140,220,310,460,620,620,620,14262,8,27,318.78265004942284,1.5872470030444674,19844.133311002224,51.9708315804235
1781568466,135,GET,/api/products [GET],74.100000,0.000000,2,8,18,28,59,83,140,220,490,490,490,28257,11,10,202.1699528709639,0.7548880021204241,36473.63180299726,119.95328591145557
1781568466,135,,Aggregated,198.800000,0.000000,13,29,55,75,180,290,530,600,770,950,950,70671,29,30,349.60908588046584,0.7548880021204241,135192.1857769994,76.36962827751128
1781568467,137,GET,/api/load/cpu-heavy [GET],82.500000,0.000000,29,75,130,170,290,440,560,640,950,950,950,28251,10,82,511.770874857442,7.26743700215593,135192.1857769994,44.98407136030583
1781568467,137,GET,/api/load/memory-heavy [GET],42.500000,0.000000,10,23,47,60,130,190,280,430,620,620,620,14304,8,27,317.96769881165164,1.5872470030444674,19844.133311002224,51.970917225950785
1781568467,137,GET,/api/products [GET],76.500000,0.000000,3,9,21,30,60,86,140,160,290,290,290,28349,11,10,201.62599589025461,0.7548880021204241,36473.63180299726,119.95343751102331
1781568467,137,,Aggregated,201.500000,0.000000,13,30,55,74,160,270,460,550,760,950,950,70904,29,30,348.67065760595096,0.7548880021204241,135192.1857769994,76.36800462597314
1781568468,139,GET,/api/load/cpu-heavy [GET],85.500000,0.000000,31,81,130,170,280,400,550,620,880,880,880,28336,10,82,510.4407152472672,7.26743700215593,135192.1857769994,44.98411914172784
1781568468,139,GET,/api/load/memory-heavy [GET],43.600000,0.000000,10,26,47,58,110,170,240,310,470,470,470,14361,8,27,316.8264830634943,1.5872470030444674,19844.133311002224,51.971032657892906
1781568468,139,GET,/api/products [GET],78.200000,0.000000,3,10,23,33,63,89,140,160,290,290,290,28440,11,10,201.03389110576083,0.7548880021204241,36473.63180299726,119.9535864978903
1781568468,139,,Aggregated,207.300000,0.000000,14,32,57,77,160,270,440,540,740,880,880,71137,29,30,347.65589065562676,0.7548880021204241,135192.1857769994,76.36681333202131
1781568469,140,GET,/api/load/cpu-heavy [GET],87.100000,0.000000,33,83,130,170,280,410,560,620,880,880,880,28415,10,81,509.24000762395207,7.26743700215593,135192.1857769994,44.98416329403484
1781568469,140,GET,/api/load/memory-heavy [GET],42.600000,0.000000,11,23,44,58,110,170,240,310,470,470,470,14411,8,26,315.8391796673246,1.5872470030444674,19844.133311002224,51.97113316216779
1781568469,140,GET,/api/products [GET],82.200000,0.000000,3,9,22,31,60,86,140,160,290,290,290,28541,11,10,200.36753944896185,0.7548880021204241,36473.63180299726,119.95375074454294
1781568469,140,,Aggregated,211.900000,0.000000,14,32,57,77,160,260,440,540,740,880,880,71367,29,30,346.6630680599342,0.7548880021204241,135192.1857769994,76.37677077640926
1781568470,142,GET,/api/load/cpu-heavy [GET],86.500000,0.000000,39,93,140,180,290,440,550,620,880,880,880,28507,10,81,507.92977891656733,7.26743700215593,135192.1857769994,44.98421440347985
1781568470,142,GET,/api/load/memory-heavy [GET],43.200000,0.000000,11,23,44,61,110,170,220,300,470,470,470,14461,8,26,314.89296412003597,1.5872470030444674,19844.133311002224,51.97123297144043
1781568470,142,GET,/api/products [GET],85.800000,0.000000,3,10,23,32,64,86,140,180,290,290,290,28635,11,10,199.77143376182372,0.7548880021204241,36473.63180299726,119.9539025667889
1781568470,142,,Aggregated,215.500000,0.000000,15,33,60,81,170,270,440,540,740,880,880,71603,29,30,345.7072520353105,0.7548880021204241,135192.1857769994,76.37670209348771
1781568471,144,GET,/api/load/cpu-heavy [GET],88.000000,0.000000,44,100,160,200,290,390,540,580,880,880,880,28589,10,81,506.89224348412154,7.26743700215593,135192.1857769994,44.98425968029662
1781568471,144,GET,/api/load/memory-heavy [GET],44.200000,0.000000,13,26,51,68,130,170,220,280,470,470,470,14491,8,26,314.3783453118392,1.5872470030444674,19844.133311002224,51.97129252639569
1781568471,144,GET,/api/products [GET],85.400000,0.000000,3,12,26,36,66,95,150,180,290,290,290,28738,11,10,199.17259506308096,0.7548880021204241,36473.63180299726,119.95406778481453
1781568471,144,,Aggregated,217.600000,0.000000,16,39,67,88,180,270,390,510,700,880,880,71818,29,30,344.91382366265196,0.7548880021204241,135192.1857769994,76.39325795761508
1781568472,146,GET,/api/load/cpu-heavy [GET],87.000000,0.000000,53,110,170,210,320,390,480,570,730,730,730,28679,10,82,505.97760572619427,7.26743700215593,135192.1857769994,44.98430907632763
1781568472,146,GET,/api/load/memory-heavy [GET],46.500000,0.000000,15,32,58,78,140,180,240,290,370,370,370,14544,8,26,313.58340434459814,1.5872470030444674,19844.133311002224,51.97139713971397
1781568472,146,GET,/api/products [GET],87.200000,0.000000,4,17,32,42,75,120,160,210,420,420,420,28828,11,10,198.74001879203664,0.7548880021204241,36473.63180299726,119.95421118357153
1781568472,146,,Aggregated,220.700000,0.000000,18,45,77,99,190,290,390,460,690,730,730,72051,29,30,344.2140435128769,0.7548880021204241,135192.1857769994,76.39057056806983
1781568473,148,GET,/api/load/cpu-heavy [GET],87.100000,0.000000,60,120,180,220,340,420,540,640,1000,1000,1000,28775,10,82,504.93934759953123,7.26743700215593,135192.1857769994,44.98436142484796
1781568473,148,GET,/api/load/memory-heavy [GET],46.300000,0.000000,16,39,66,85,150,190,250,300,370,370,370,14590,8,26,312.8353292839487,1.5872470030444674,19844.133311002224,51.97148732008225
1781568473,148,GET,/api/products [GET],89.200000,0.000000,5,19,34,45,77,120,160,200,420,420,420,28913,11,10,198.2637934880464,0.7548880021204241,36473.63180299726,119.95434579600871
1781568473,148,,Aggregated,222.600000,0.000000,20,52,81,110,200,300,420,500,810,1000,1000,72278,29,30,343.48346997079784,0.7548880021204241,135192.1857769994,76.38463986275215
1781568474,150,GET,/api/load/cpu-heavy [GET],87.700000,0.000000,67,130,190,230,340,450,640,710,1000,1000,1000,28874,10,82,503.7828843228688,7.26743700215593,135192.1857769994,44.98441504467687
1781568474,150,GET,/api/load/memory-heavy [GET],46.100000,0.000000,17,47,78,96,160,210,310,350,510,510,510,14628,8,27,312.3231072483463,1.5872470030444674,19844.133311002224,51.971561389116765
1781568474,150,GET,/api/products [GET],90.000000,0.000000,6,22,37,52,82,130,170,230,430,430,430,29000,11,10,197.79259906292614,0.7548880021204241,36473.63180299726,119.95448275862068
1781568474,150,,Aggregated,223.800000,0.000000,22,58,89,120,210,320,450,580,880,1000,1000,72502,29,30,342.76123124316985,0.7548880021204241,135192.1857769994,76.38134120438058
1781568475,152,GET,/api/load/cpu-heavy [GET],87.800000,0.000000,71,140,190,230,340,430,630,710,1000,1000,1000,28963,10,82,502.6791970715593,7.26743700215593,135192.1857769994,44.984462935469395
1781568475,152,GET,/api/load/memory-heavy [GET],46.800000,0.000000,19,56,87,110,170,220,310,350,510,510,510,14676,8,27,311.5429031141876,1.5872470030444674,19844.133311002224,51.971654401744345
1781568475,152,GET,/api/products [GET],91.300000,0.000000,7,23,39,53,83,130,170,230,430,430,430,29103,11,10,197.19907308290806,0.7548880021204241,36473.63180299726,119.95464385114937
1781568475,152,,Aggregated,225.900000,0.000000,23,60,93,120,210,310,430,550,880,1000,1000,72742,29,30,341.8985710431301,0.7548880021204241,135192.1857769994,76.38862005443897
1781568476,154,GET,/api/load/cpu-heavy [GET],89.800000,0.000000,80,160,210,260,360,450,640,730,1000,1000,1000,29054,10,82,501.6253796000074,7.26743700215593,135192.1857769994,44.98451159909135
1781568476,154,GET,/api/load/memory-heavy [GET],45.000000,0.000000,22,63,96,120,180,240,310,370,510,510,510,14720,8,27,310.81240300501554,1.5872470030444674,19844.133311002224,51.971739130434784
1781568476,154,GET,/api/products [GET],92.500000,0.000000,8,26,42,55,91,130,180,230,430,430,430,29215,11,10,196.57424757453026,0.7548880021204241,36473.63180299726,119.95481773061783
1781568476,154,,Aggregated,227.300000,0.000000,26,66,100,130,240,340,450,600,880,1000,1000,72989,29,30,341.0417870367105,0.7548880021204241,135192.1857769994,76.40170436641138
1781568477,156,GET,/api/load/cpu-heavy [GET],90.000000,0.000000,86,160,230,260,370,470,660,750,1000,1000,1000,29140,10,82,500.6090740361896,7.26743700215593,135192.1857769994,44.98455730954015
1781568477,156,GET,/api/load/memory-heavy [GET],45.400000,0.000000,23,66,100,130,180,250,350,400,540,540,540,14771,8,27,310.0164797170002,1.5872470030444674,19844.133311002224,51.97183670706114
1781568477,156,GET,/api/products [GET],92.500000,0.000000,10,30,48,60,92,130,190,240,430,430,430,29312,11,10,196.06946343446023,0.7548880021204241,36473.63180299726,119.9549672489083
1781568477,156,,Aggregated,227.900000,0.000000,28,71,110,140,250,360,480,630,880,1000,1000,73223,29,30,340.2508767942504,0.7548880021204241,135192.1857769994,76.40558294524945
1781568478,157,GET,/api/load/cpu-heavy [GET],89.300000,0.000000,100,190,250,290,400,500,670,750,1000,1000,1000,29232,10,83,499.696535609828,7.26743700215593,135192.1857769994,44.98460591133005
1781568478,157,GET,/api/load/memory-heavy [GET],45.600000,0.000000,35,79,110,140,190,270,380,410,540,540,540,14817,8,27,309.3694754043876,1.5872470030444674,19844.133311002224,51.97192414118918
1781568478,157,GET,/api/products [GET],94.700000,0.000000,13,34,54,66,97,140,190,240,430,430,430,29410,11,10,195.557494269121,0.7548880021204241,36473.63180299726,119.95511730703842
1781568478,157,,Aggregated,229.600000,0.000000,35,80,120,150,270,370,500,640,880,1000,1000,73459,29,30,339.5418199603625,0.7548880021204241,135192.1857769994,76.40912617922923
1781568479,159,GET,/api/load/cpu-heavy [GET],89.100000,0.000000,110,210,270,320,430,580,730,810,1000,1000,1000,29317,10,83,499.01150276261274,7.26743700215593,135192.1857769994,44.98465054405294
1781568479,159,GET,/api/load/memory-heavy [GET],45.800000,0.000000,43,94,130,150,230,300,390,430,540,540,540,14858,8,27,308.8291016473159,1.5872470030444674,19844.133311002224,51.972001615291425
1781568479,159,GET,/api/products [GET],95.800000,0.000000,16,40,60,73,110,150,210,320,440,440,440,29501,11,10,195.16379314927795,0.7548880021204241,36473.63180299726,119.95525575404224
1781568479,159,,Aggregated,230.700000,0.000000,40,90,140,170,290,410,580,690,910,1000,1000,73676,29,30,338.9927531416514,0.7548880021204241,135192.1857769994,76.41314675063794
1781568480,161,GET,/api/load/cpu-heavy [GET],88.900000,0.000000,130,240,310,350,490,660,840,970,1400,1400,1400,29404,10,84,498.64179044060296,7.26743700215593,135192.1857769994,44.98469595973337
1781568480,161,GET,/api/load/memory-heavy [GET],46.100000,0.000000,53,110,140,160,240,350,430,540,980,980,980,14901,8,27,308.49116865249607,1.5872470030444674,19844.133311002224,51.97208241057647
1781568480,161,GET,/api/products [GET],94.900000,0.000000,21,48,69,81,130,180,330,420,620,620,620,29594,11,10,194.89032476288742,0.7548880021204241,36473.63180299726,119.95539636412786
1781568480,161,,Aggregated,229.900000,0.000000,49,110,160,190,350,460,670,810,1200,1400,1400,73899,29,30,338.65782190881214,0.7548880021204241,135192.1857769994,76.41681213548222
1781568481,163,GET,/api/load/cpu-heavy [GET],89.100000,0.000000,150,250,320,370,570,710,890,1000,1400,1400,1400,29481,10,84,498.17916557326726,7.26743700215593,135192.1857769994,44.984735931616974
1781568481,163,GET,/api/load/memory-heavy [GET],45.300000,0.000000,56,110,150,180,270,400,620,790,980,980,980,14946,8,28,308.1402914283302,1.5872470030444674,19844.133311002224,51.97216646594406
1781568481,163,GET,/api/products [GET],96.100000,0.000000,23,49,69,81,130,200,370,440,620,620,620,29680,11,10,194.52603075107524,0.7548880021204241,36473.63180299726,119.955525606469
1781568481,163,,Aggregated,230.500000,0.000000,52,110,160,210,370,520,740,870,1200,1400,1400,74107,29,31,338.2381876023227,0.7548880021204241,135192.1857769994,76.41991984562861
1781568482,165,GET,/api/load/cpu-heavy [GET],89.400000,0.000000,150,250,340,400,600,800,970,1200,1600,1600,1600,29564,10,85,497.7398989371702,7.26743700215593,135192.1857769994,44.98477878500879
1781568482,165,GET,/api/load/memory-heavy [GET],43.700000,0.000000,65,130,160,180,290,410,660,890,1200,1200,1200,14991,8,28,307.7437909641674,1.5872470030444674,19844.133311002224,51.972250016676675
1781568482,165,GET,/api/products [GET],96.200000,0.000000,23,48,69,81,120,180,370,440,620,620,620,29754,11,10,194.1574419229318,0.7548880021204241,36473.63180299726,119.95563621697923
1781568482,165,,Aggregated,229.300000,0.000000,53,110,170,210,390,580,810,950,1300,1600,1600,74309,29,31,337.8531546582153,0.7548880021204241,135192.1857769994,76.4134357883971
1781568483,167,GET,/api/load/cpu-heavy [GET],89.700000,0.000000,170,290,360,430,640,840,1200,1300,2000,2000,2000,29652,10,86,497.54330477473763,7.26743700215593,135192.1857769994,44.98482395791178
1781568483,167,GET,/api/load/memory-heavy [GET],43.900000,0.000000,71,130,170,190,330,430,790,970,1200,1200,1200,15037,8,28,307.3885419893474,1.5872470030444674,19844.133311002224,51.972334907228834
1781568483,167,GET,/api/products [GET],93.900000,0.000000,29,57,77,91,140,220,430,460,910,910,910,29829,11,10,193.99893015783042,0.7548880021204241,36473.63180299726,119.9557477622448
1781568483,167,,Aggregated,227.500000,0.000000,65,130,190,240,420,620,880,1100,1600,2000,2000,74518,29,31,337.66539180805074,0.7548880021204241,135192.1857769994,76.40513701387584
1781568484,169,GET,/api/load/cpu-heavy [GET],88.600000,0.000000,190,310,390,470,650,890,1200,1400,2100,2100,2100,29746,10,86,497.182113883967,7.26743700215593,135192.1857769994,44.98487191555167
1781568484,169,GET,/api/load/memory-heavy [GET],45.100000,0.000000,78,140,170,200,330,450,790,970,1200,1200,1200,15083,8,29,306.9028951107736,1.5872470030444674,19844.133311002224,51.97241927998409
1781568484,169,GET,/api/products [GET],93.500000,0.000000,31,60,81,94,150,220,400,460,910,910,910,29908,11,10,193.65882194476163,0.7548880021204241,36473.63180299726,119.95586465159823
1781568484,169,,Aggregated,227.200000,0.000000,68,140,210,260,450,630,930,1200,2000,2100,2100,74737,29,31,337.31810981538297,0.7548880021204241,135192.1857769994,76.39669775345546
1781568485,171,GET,/api/load/cpu-heavy [GET],88.200000,0.000000,210,340,440,490,690,890,1200,1500,2100,2100,2100,29853,10,87,496.5148392323554,7.26743700215593,135192.1857769994,44.984926138076574
1781568485,171,GET,/api/load/memory-heavy [GET],44.000000,0.000000,85,150,190,210,380,540,790,970,1200,1200,1200,15123,8,29,306.5131221639754,1.5872470030444674,19844.133311002224,51.97249223037757
1781568485,171,GET,/api/products [GET],92.300000,0.000000,38,66,87,99,170,260,440,500,910,910,910,29996,11,11,193.36571232207532,0.7548880021204241,36473.63180299726,119.95599413255101
1781568485,171,,Aggregated,224.500000,0.000000,77,160,230,300,490,660,950,1200,2000,2100,2100,74972,29,32,336.89982058505007,0.7548880021204241,135192.1857769994,76.39005228618684
1781568486,173,GET,/api/load/cpu-heavy [GET],87.400000,0.000000,220,350,460,520,710,970,1200,1500,2100,2100,2100,29937,10,88,496.00518418874543,7.26743700215593,135192.1857769994,44.98496843371079
1781568486,173,GET,/api/load/memory-heavy [GET],45.300000,0.000000,98,150,190,230,390,550,790,970,1200,1200,1200,15170,8,29,305.9952387136345,1.5872470030444674,19844.133311002224,51.972577455504286
1781568486,173,GET,/api/products [GET],91.600000,0.000000,42,72,94,110,190,330,490,620,910,910,910,30073,11,11,193.1806580867218,0.7548880021204241,36473.63180299726,119.9561068067702
1781568486,173,,Aggregated,224.300000,0.000000,89,170,250,320,520,710,1000,1200,2000,2100,2100,75180,29,32,336.53068503573235,0.7548880021204241,135192.1857769994,76.38439744612928
1781568487,175,GET,/api/load/cpu-heavy [GET],88.200000,0.000000,240,380,490,570,820,1100,1300,1500,2100,2100,2100,30031,10,88,495.74672751171954,7.26743700215593,135192.1857769994,44.98501548399987
1781568487,175,GET,/api/load/memory-heavy [GET],44.600000,0.000000,110,160,210,250,410,620,860,970,1200,1200,1200,15226,8,30,305.6541327158724,1.5872470030444674,19844.133311002224,51.97267831341127
1781568487,175,GET,/api/products [GET],90.100000,0.000000,45,80,100,130,210,350,500,620,910,910,910,30177,11,11,192.9014195645022,0.7548880021204241,36473.63180299726,119.95625807734368
1781568487,175,,Aggregated,222.900000,0.000000,96,190,270,350,560,790,1100,1200,2000,2100,2100,75434,29,32,336.2256533769171,0.7548880021204241,135192.1857769994,76.3873187156985
1781568488,176,GET,/api/load/cpu-heavy [GET],89.000000,0.000000,250,390,510,580,840,1100,1300,1500,2100,2100,2100,30116,10,89,495.12028501784505,7.26743700215593,135192.1857769994,44.98505777659716
1781568488,176,GET,/api/load/memory-heavy [GET],44.500000,0.000000,110,180,220,270,440,640,890,980,1200,1200,1200,15274,8,30,305.26311972056374,1.5872470030444674,19844.133311002224,51.97276417441404
1781568488,176,GET,/api/products [GET],88.000000,0.000000,50,87,110,140,240,380,500,620,910,910,910,30272,11,11,192.62070246884858,0.7548880021204241,36473.63180299726,119.9563953488372
1781568488,176,,Aggregated,221.500000,0.000000,100,200,290,360,580,810,1100,1200,2000,2100,2100,75662,29,32,335.7649189731484,0.7548880021204241,135192.1857769994,76.39134572176258
1781568489,178,GET,/api/load/cpu-heavy [GET],88.300000,0.000000,270,410,530,590,860,1100,1300,1600,2100,2100,2100,30198,10,89,494.9912659154715,7.26743700215593,135192.1857769994,44.985098350884165
1781568489,178,GET,/api/load/memory-heavy [GET],44.700000,0.000000,120,190,230,270,440,650,890,1000,1200,1200,1200,15316,8,30,304.99257117941295,1.5872470030444674,19844.133311002224,51.97283886132149
1781568489,178,GET,/api/products [GET],84.500000,0.000000,49,87,110,150,250,380,510,620,910,910,910,30359,11,11,192.30285992015538,0.7548880021204241,36473.63180299726,119.95652030699299
1781568489,178,,Aggregated,217.500000,0.000000,110,210,310,370,590,840,1100,1300,2000,2100,2100,75873,29,32,335.5229790915788,0.7548880021204241,135192.1857769994,76.39392142132247
1781568490,180,GET,/api/load/cpu-heavy [GET],88.100000,0.000000,280,430,540,620,910,1200,1300,1600,2100,2100,2100,30284,10,90,494.927724084348,7.26743700215593,135192.1857769994,44.98514066833972
1781568490,180,GET,/api/load/memory-heavy [GET],45.100000,0.000000,130,200,250,300,490,660,860,1000,1200,1200,1200,15363,8,30,304.96859636626203,1.5872470030444674,19844.133311002224,51.97292195534726
1781568490,180,GET,/api/products [GET],86.000000,0.000000,52,93,130,160,280,380,560,710,910,910,910,30434,11,11,192.3006752421646,0.7548880021204241,36473.63180299726,119.95662745613458
1781568490,180,,Aggregated,219.200000,0.000000,110,220,330,390,620,860,1200,1300,2000,2100,2100,76081,29,33,335.5121842834005,0.7548880021204241,135192.1857769994,76.38635138865156
1781568491,180,GET,/api/load/cpu-heavy [GET],87.200000,0.000000,300,450,560,630,920,1200,1400,1600,2100,2100,2100,30376,10,90,494.68605296182506,7.26743700215593,135192.1857769994,44.98518567289966
1781568491,180,GET,/api/load/memory-heavy [GET],45.900000,0.000000,140,210,260,310,450,640,760,1000,1100,1100,1100,15407,8,31,304.61011520710525,1.5872470030444674,19844.133311002224,51.972999286038814
1781568491,180,GET,/api/products [GET],85.500000,0.000000,55,95,140,170,280,380,560,710,910,910,910,30539,11,11,191.9890878611962,0.7548880021204241,36473.63180299726,119.95677658076558
1781568491,180,,Aggregated,218.600000,0.000000,120,230,340,400,620,860,1200,1300,2000,2100,2100,76322,29,33,335.19648782732895,0.7548880021204241,135192.1857769994,76.39446031288489
1781568492,180,GET,/api/load/cpu-heavy [GET],87.500000,0.000000,310,460,570,640,920,1200,1300,1500,2100,2100,2100,30459,10,91,494.3439216083064,7.26743700215593,135192.1857769994,44.98522604156407
1781568492,180,GET,/api/load/memory-heavy [GET],45.800000,0.000000,130,220,270,330,490,660,760,1000,1100,1100,1100,15464,8,31,304.2600474251714,1.5872470030444674,19844.133311002224,51.97309881013968
1781568492,180,GET,/api/products [GET],84.500000,0.000000,57,96,140,180,300,410,530,670,890,890,890,30634,11,12,191.7274652020669,0.7548880021204241,36473.63180299726,119.9569106221845
1781568492,180,,Aggregated,217.800000,0.000000,120,240,350,410,630,850,1100,1300,2000,2100,2100,76557,29,33,334.8574010299572,0.7548880021204241,135192.1857769994,76.39637133116501
1781568493,180,GET,/api/load/cpu-heavy [GET],87.800000,0.000000,320,470,580,640,890,1100,1200,1400,2100,2100,2100,30539,10,92,494.0543995252444,7.26743700215593,135192.1857769994,44.98526474344281
1781568493,180,GET,/api/load/memory-heavy [GET],46.200000,0.000000,130,220,270,330,490,640,740,860,1100,1100,1100,15507,8,31,303.8645584968632,1.5872470030444674,19844.133311002224,51.97317340555878
1781568493,180,GET,/api/products [GET],84.900000,0.000000,60,99,150,180,310,420,540,670,890,890,890,30739,11,12,191.46766256339183,0.7548880021204241,36473.63180299726,119.95705780929764
1781568493,180,,Aggregated,218.900000,0.000000,120,240,350,410,630,830,1100,1200,1900,2100,2100,76785,29,33,334.5116819072534,0.7548880021204241,135192.1857769994,76.40962427557466
1781568494,180,GET,/api/load/cpu-heavy [GET],88.200000,0.000000,320,480,600,670,910,1100,1200,1400,1900,1900,1900,30636,10,92,493.6929003534859,7.26743700215593,135192.1857769994,44.985311398354874
1781568494,180,GET,/api/load/memory-heavy [GET],45.900000,0.000000,130,220,290,340,490,640,740,880,1100,1100,1100,15555,8,31,303.48287455080833,1.5872470030444674,19844.133311002224,51.97325618772099
1781568494,180,GET,/api/products [GET],86.000000,0.000000,54,99,160,190,320,430,530,620,890,890,890,30838,11,12,191.1191873543397,0.7548880021204241,36473.63180299726,119.95719566768273
1781568494,180,,Aggregated,220.100000,0.000000,110,240,350,420,640,840,1100,1200,1400,1900,1900,77029,29,33,334.1492854444484,0.7548880021204241,135192.1857769994,76.41088421243947
1781568495,180,GET,/api/load/cpu-heavy [GET],89.600000,0.000000,320,500,620,710,930,1100,1200,1400,1900,1900,1900,30727,10,92,493.3223013039478,7.26743700215593,135192.1857769994,44.9853548995997
1781568495,180,GET,/api/load/memory-heavy [GET],46.700000,0.000000,130,230,300,350,510,660,740,880,1100,1100,1100,15598,8,31,303.160223689756,1.5872470030444674,19844.133311002224,51.97332991409155
1781568495,180,GET,/api/products [GET],87.200000,0.000000,52,100,170,200,340,430,550,640,890,890,890,30942,11,12,190.86505753245098,0.7548880021204241,36473.63180299726,119.95733953849137
1781568495,180,,Aggregated,223.500000,0.000000,110,250,360,430,650,870,1100,1200,1400,1900,1900,77267,29,33,333.8133243357243,0.7548880021204241,135192.1857769994,76.41897575937982
1781568496,180,GET,/api/load/cpu-heavy [GET],88.000000,0.000000,320,510,630,710,920,1100,1200,1300,1600,1600,1600,30834,10,93,492.8313358140178,7.26743700215593,135192.1857769994,44.98540572095739
1781568496,180,GET,/api/load/memory-heavy [GET],46.300000,0.000000,150,240,310,370,560,660,740,880,1100,1100,1100,15648,8,32,302.96805697052673,1.5872470030444674,19844.133311002224,51.97341513292434
1781568496,180,GET,/api/products [GET],89.800000,0.000000,54,110,170,200,340,430,520,600,890,890,890,31025,11,12,190.72281037283116,0.7548880021204241,36473.63180299726,119.95745366639807
1781568496,180,,Aggregated,224.100000,0.000000,120,260,370,440,640,850,1100,1200,1400,1600,1600,77507,29,34,333.5696228183441,0.7548880021204241,135192.1857769994,76.40651812094391
1781568497,180,GET,/api/load/cpu-heavy [GET],87.100000,0.000000,320,500,620,690,890,1100,1200,1300,1600,1600,1600,30923,10,94,492.3369744738688,7.26743700215593,135192.1857769994,44.985447724994344
1781568497,180,GET,/api/load/memory-heavy [GET],47.400000,0.000000,130,240,310,370,510,640,720,820,1100,1100,1100,15685,8,32,302.6287683155745,1.5872470030444674,19844.133311002224,51.97347784507491
1781568497,180,GET,/api/products [GET],93.200000,0.000000,51,110,170,200,330,420,520,590,830,830,830,31111,11,12,190.4155908621098,0.7548880021204241,36473.63180299726,119.95757127704027
1781568497,180,,Aggregated,227.700000,0.000000,110,250,370,440,640,830,1100,1200,1400,1600,1600,77719,29,34,333.19121373147385,0.7548880021204241,135192.1857769994,76.40717199140494
1781568498,180,GET,/api/load/cpu-heavy [GET],86.700000,0.000000,330,520,630,690,890,1100,1200,1400,1800,1800,1800,31011,10,94,492.1382564163176,7.26743700215593,135192.1857769994,44.98548902002515
1781568498,180,GET,/api/load/memory-heavy [GET],47.000000,0.000000,130,240,310,370,490,620,710,770,1800,1800,1800,15734,8,32,302.3270219661738,1.5872470030444674,19844.133311002224,51.973560442354135
1781568498,180,GET,/api/products [GET],94.200000,0.000000,51,110,170,210,340,440,530,600,830,830,830,31202,11,12,190.2160675674658,0.7548880021204241,36473.63180299726,119.95769501955003
1781568498,180,,Aggregated,227.900000,0.000000,120,260,380,450,640,830,1100,1200,1600,1800,1800,77947,29,34,332.96515034038964,0.7548880021204241,135192.1857769994,76.40726391009275
1781568499,180,GET,/api/load/cpu-heavy [GET],88.400000,0.000000,320,520,630,710,910,1100,1200,1300,1800,1800,1800,31106,10,95,491.8811965256355,7.26743700215593,135192.1857769994,44.98553333761975
1781568499,180,GET,/api/load/memory-heavy [GET],47.400000,0.000000,130,250,320,370,500,620,710,770,1800,1800,1800,15779,8,32,302.0663199329339,1.5872470030444674,19844.133311002224,51.97363584511059
1781568499,180,GET,/api/products [GET],94.400000,0.000000,59,130,180,220,330,430,520,600,830,830,830,31277,11,12,190.0966918138595,0.7548880021204241,36473.63180299726,119.95779646385523
1781568499,180,,Aggregated,230.200000,0.000000,130,270,380,450,660,840,1100,1200,1500,1800,1800,78162,29,34,332.8012997519302,0.7548880021204241,135192.1857769994,76.3968680432947
1781568500,180,GET,/api/load/cpu-heavy [GET],88.900000,0.000000,300,490,590,660,860,1000,1200,1300,1800,1800,1800,31195,10,95,491.50644624502036,7.26743700215593,135192.1857769994,44.98557461131592
1781568500,180,GET,/api/load/memory-heavy [GET],45.800000,0.000000,120,240,320,360,490,610,700,750,1800,1800,1800,15817,8,33,301.79755536838456,1.5872470030444674,19844.133311002224,51.973699184421825
1781568500,180,GET,/api/products [GET],92.600000,0.000000,56,120,170,210,310,420,500,560,770,770,770,31368,11,12,189.83843240595792,0.7548880021204241,36473.63180299726,119.95791889824025
1781568500,180,,Aggregated,227.300000,0.000000,120,250,360,430,630,810,1000,1200,1500,1800,1800,78380,29,35,332.49460923175997,0.7548880021204241,135192.1857769994,76.40001275835672
1781568501,180,GET,/api/load/cpu-heavy [GET],89.600000,0.000000,310,490,590,660,880,1100,1200,1400,2600,2600,2600,31291,10,96,491.3715490250043,7.26743700215593,135192.1857769994,44.98561886804512
1781568501,180,GET,/api/load/memory-heavy [GET],45.400000,0.000000,120,240,320,360,490,620,740,880,1800,1800,1800,15863,8,33,301.4958948263066,1.5872470030444674,19844.133311002224,51.973775452310406
1781568501,180,GET,/api/products [GET],91.900000,0.000000,54,120,170,200,300,400,500,560,940,940,940,31457,11,13,189.56618626687492,0.7548880021204241,36473.63180299726,119.95803795657564
1781568501,180,,Aggregated,226.900000,0.000000,120,250,360,440,640,840,1100,1200,1900,2600,2600,78611,29,35,332.2858129468943,0.7548880021204241,135192.1857769994,76.39675109081426
1781568502,180,GET,/api/load/cpu-heavy [GET],90.900000,0.000000,320,500,600,660,910,1100,1400,1700,2600,2600,2600,31387,10,96,491.41798577817167,7.26743700215593,135192.1857769994,44.98566285404785
1781568502,180,GET,/api/load/memory-heavy [GET],45.900000,0.000000,130,240,320,350,480,590,750,910,1800,1800,1800,15906,8,33,301.2539802500115,1.5872470030444674,19844.133311002224,51.97384634729033
1781568502,180,GET,/api/products [GET],91.500000,0.000000,53,110,160,200,290,380,490,610,940,940,940,31561,11,13,189.27272072523377,0.7548880021204241,36473.63180299726,119.95817623015748
1781568502,180,,Aggregated,228.300000,0.000000,130,250,360,430,630,860,1100,1400,2000,2600,2600,78854,29,35,332.12669577047933,0.7548880021204241,135192.1857769994,76.40273163060847
1781568503,180,GET,/api/load/cpu-heavy [GET],90.300000,0.000000,300,490,590,650,910,1100,1400,1700,2600,2600,2600,31476,10,97,490.92583164479214,7.26743700215593,135192.1857769994,44.98570339306138
1781568503,180,GET,/api/load/memory-heavy [GET],45.000000,0.000000,130,230,310,340,480,590,770,910,1800,1800,1800,15950,8,33,300.813187353145,1.5872470030444674,19844.133311002224,51.9739184952978
1781568503,180,GET,/api/products [GET],92.100000,0.000000,50,110,160,200,290,390,510,610,940,940,940,31660,11,13,189.01182907028058,0.7548880021204241,36473.63180299726,119.95830701200252
1781568503,180,,Aggregated,227.400000,0.000000,120,250,350,430,630,860,1200,1400,2000,2600,2600,79086,29,35,331.7207384808859,0.7548880021204241,135192.1857769994,76.40839086563993
1781568504,180,GET,/api/load/cpu-heavy [GET],91.600000,0.000000,310,490,590,660,900,1200,1400,1700,2600,2600,2600,31563,10,98,490.79409273235996,7.26743700215593,135192.1857769994,44.98574280011406
1781568504,180,GET,/api/load/memory-heavy [GET],44.900000,0.000000,130,240,310,340,470,580,750,910,1800,1800,1800,16002,8,34,300.4276481424623,1.5872470030444674,19844.133311002224,51.9740032495938
1781568504,180,GET,/api/products [GET],91.500000,0.000000,56,110,170,210,300,380,510,620,940,940,940,31750,11,13,188.8069681194367,0.7548880021204241,36473.63180299726,119.9584251968504
1781568504,180,,Aggregated,228.000000,0.000000,130,260,350,430,630,860,1200,1400,2000,2600,2600,79315,29,36,331.5009570986495,0.7548880021204241,135192.1857769994,76.40740086994894
1781568505,180,GET,/api/load/cpu-heavy [GET],91.900000,0.000000,330,490,590,650,880,1100,1400,1700,2600,2600,2600,31644,10,98,490.4777992321607,7.26743700215593,135192.1857769994,44.985779294653014
1781568505,180,GET,/api/load/memory-heavy [GET],44.300000,0.000000,130,240,300,340,460,560,750,910,1800,1800,1800,16043,8,34,300.09557190691606,1.5872470030444674,19844.133311002224,51.97406968771427
1781568505,180,GET,/api/products [GET],93.100000,0.000000,58,110,160,200,290,370,500,610,940,940,940,31827,11,13,188.57808109495454,0.7548880021204241,36473.63180299726,119.95852577999811
1781568505,180,,Aggregated,229.300000,0.000000,130,260,360,430,630,840,1200,1400,2000,2600,2600,79514,29,36,331.2245305985657,0.7548880021204241,135192.1857769994,76.40503559121665
1781568506,180,GET,/api/load/cpu-heavy [GET],92.600000,0.000000,330,480,580,650,880,1200,1600,1900,2600,2600,2600,31741,10,99,490.29193551773676,7.26743700215593,135192.1857769994,44.98582275290634
1781568506,180,GET,/api/load/memory-heavy [GET],44.000000,0.000000,120,220,290,330,440,580,810,1200,2000,2000,2000,16090,8,34,299.9022752621294,1.5872470030444674,19844.133311002224,51.97414543194531
1781568506,180,GET,/api/products [GET],91.500000,0.000000,55,110,150,190,280,370,570,700,940,940,940,31915,11,13,188.39541556274773,0.7548880021204241,36473.63180299726,119.95864013786621
1781568506,180,,Aggregated,228.100000,0.000000,130,250,350,430,630,850,1200,1500,2000,2600,2600,79746,29,36,331.0563993419273,0.7548880021204241,135192.1857769994,76.40055927570035
1781568507,180,GET,/api/load/cpu-heavy [GET],92.400000,0.000000,340,490,590,670,930,1300,1900,1900,2600,2600,2600,31826,10,99,490.35855098138177,7.26743700215593,135192.1857769994,44.98586061710551
1781568507,180,GET,/api/load/memory-heavy [GET],44.400000,0.000000,130,230,300,340,470,630,1100,1600,2000,2000,2000,16134,8,34,299.9687558114315,1.5872470030444674,19844.133311002224,51.97421594149002
1781568507,180,GET,/api/products [GET],89.900000,0.000000,55,110,160,190,280,370,570,700,940,940,940,31983,11,13,188.1578149921547,0.7548880021204241,36473.63180299726,119.95872807428947
1781568507,180,,Aggregated,226.700000,0.000000,130,260,360,440,650,890,1400,1800,2300,2600,2600,79943,29,36,331.0320921993086,0.7548880021204241,135192.1857769994,76.39082846528152
1781568508,180,GET,/api/load/cpu-heavy [GET],91.000000,0.000000,350,500,610,690,950,1400,1900,2000,2600,2600,2600,31918,10,100.0,490.28021091106757,7.26743700215593,135192.1857769994,44.98590137226643
1781568508,180,GET,/api/load/memory-heavy [GET],44.200000,0.000000,130,240,310,350,510,720,1100,1300,2000,2000,2000,16168,8,34,300.02841228498534,1.5872470030444674,19844.133311002224,51.9742701632855
1781568508,180,GET,/api/products [GET],87.600000,0.000000,54,110,160,200,290,390,590,730,1200,1200,1200,32072,11,13,188.10583408643288,0.7548880021204241,36473.63180299726,119.95884260414068
1781568508,180,,Aggregated,222.800000,0.000000,130,260,380,450,680,930,1400,1900,2300,2600,2600,80158,29,36,331.00318686223875,0.7548880021204241,135192.1857769994,76.39287407370443
1781568509,180,GET,/api/load/cpu-heavy [GET],90.300000,0.000000,340,500,600,680,940,1400,1900,2000,2600,2600,2600,32013,10,100.0,490.0229878690354,7.26743700215593,135192.1857769994,44.9859432105707
1781568509,180,GET,/api/load/memory-heavy [GET],43.700000,0.000000,120,210,280,340,480,720,1100,1500,2000,2000,2000,16208,8,34,299.5843860884536,1.5872470030444674,19844.133311002224,51.97433366238894
1781568509,180,GET,/api/products [GET],88.400000,0.000000,51,110,160,190,280,420,650,850,1200,1200,1200,32157,11,13,187.9281848066086,0.7548880021204241,36473.63180299726,119.95895139471966
1781568509,180,,Aggregated,222.400000,0.000000,120,250,370,450,680,930,1400,1900,2300,2600,2600,80378,29,36,330.7618537311126,0.7548880021204241,135192.1857769994,76.38974595038444
1781568510,180,GET,/api/load/cpu-heavy [GET],89.700000,0.000000,360,500,620,710,970,1400,1900,2000,2600,2600,2600,32098,10,100.0,489.9846410465914,7.26743700215593,135192.1857769994,44.98598043491806
1781568510,180,GET,/api/load/memory-heavy [GET],44.400000,0.000000,130,220,300,350,520,790,1200,1500,2000,2000,2000,16240,8,35,299.6651201022572,1.5872470030444674,19844.133311002224,51.974384236453204
1781568510,180,GET,/api/products [GET],86.800000,0.000000,55,120,170,200,340,460,650,740,1200,1200,1200,32261,11,13,187.93018923824752,0.7548880021204241,36473.63180299726,119.95908372338117
1781568510,180,,Aggregated,220.900000,0.000000,130,270,390,460,710,970,1500,1900,2300,2600,2600,80599,29,37,330.73492715529227,0.7548880021204241,135192.1857769994,76.40323080931525
1781568511,180,GET,/api/load/cpu-heavy [GET],89.900000,0.000000,360,510,620,710,950,1400,1800,1900,2300,2300,2300,32201,10,100.0,489.8812385105278,7.26743700215593,135192.1857769994,44.98602527871805
1781568511,180,GET,/api/load/memory-heavy [GET],43.100000,0.000000,130,240,310,360,510,760,1200,1500,2000,2000,2000,16280,8,35,299.38647205200607,1.5872470030444674,19844.133311002224,51.97444717444717
1781568511,180,GET,/api/products [GET],87.000000,0.000000,64,130,180,220,360,470,650,740,1200,1200,1200,32343,11,13,187.76857801441162,0.7548880021204241,36473.63180299726,119.95918745941935
1781568511,180,,Aggregated,220.000000,0.000000,140,290,410,470,700,930,1400,1700,2300,2300,2300,80824,29,37,330.61561720534024,0.7548880021204241,135192.1857769994,76.3953652380481
1781568513,180,GET,/api/load/cpu-heavy [GET],89.400000,0.000000,390,520,660,740,980,1300,1800,1900,2300,2300,2300,32278,10,100.0,489.78459739124213,7.26743700215593,135192.1857769994,44.98605861577545
1781568513,180,GET,/api/load/memory-heavy [GET],42.600000,0.000000,150,270,360,420,570,750,1200,1600,2000,2000,2000,16338,8,35,299.3153016927188,1.5872470030444674,19844.133311002224,51.97453788713429
1781568513,180,GET,/api/products [GET],87.600000,0.000000,66,140,190,230,370,470,640,740,1200,1200,1200,32424,11,13,187.60258502794647,0.7548880021204241,36473.63180299726,119.95928941524797
1781568513,180,,Aggregated,219.600000,0.000000,160,310,430,490,720,970,1400,1800,2300,2300,2300,81040,29,37,330.48256232226566,0.7548880021204241,135192.1857769994,76.3916584402764
1781568514,180,GET,/api/load/cpu-heavy [GET],90.200000,0.000000,380,520,660,740,1000,1300,1800,1900,2300,2300,2300,32359,10,100.0,489.72980340469564,7.26743700215593,135192.1857769994,44.98609351339658
1781568514,180,GET,/api/load/memory-heavy [GET],41.300000,0.000000,130,270,360,430,610,830,1200,1600,2000,2000,2000,16386,8,35,299.05897760348194,1.5872470030444674,19844.133311002224,51.97461247406322
1781568514,180,GET,/api/products [GET],87.600000,0.000000,69,140,190,240,370,520,680,860,1200,1200,1200,32495,11,14,187.58457328869522,0.7548880021204241,36473.63180299726,119.95937836590245
1781568514,180,,Aggregated,219.100000,0.000000,150,310,430,500,740,1000,1400,1800,2300,2300,2300,81240,29,37,330.41737843918577,0.7548880021204241,135192.1857769994,76.38405957656327
1781568515,180,GET,/api/load/cpu-heavy [GET],88.400000,0.000000,380,550,700,800,1100,1400,1900,2000,2300,2300,2300,32458,10,100.0,489.9077508008069,7.26743700215593,135192.1857769994,44.986135929508904
1781568515,180,GET,/api/load/memory-heavy [GET],42.900000,0.000000,150,280,390,460,640,870,1200,1600,2000,2000,2000,16427,8,36,299.0612697766278,1.5872470030444674,19844.133311002224,51.97467583855847
1781568515,180,GET,/api/products [GET],85.000000,0.000000,70,150,200,250,400,550,700,890,1200,1200,1200,32571,11,14,187.53783745786637,0.7548880021204241,36473.63180299726,119.95947315096251
1781568515,180,,Aggregated,216.300000,0.000000,160,330,450,530,800,1100,1500,1900,2300,2300,2300,81456,29,37,330.51463560638297,0.7548880021204241,135192.1857769994,76.37433706540955
1781568516,180,GET,/api/load/cpu-heavy [GET],87.900000,0.000000,380,580,710,800,1100,1400,1900,2000,2300,2300,2300,32561,10,100.0,489.63357081255464,7.26743700215593,135192.1857769994,44.98617978563312
1781568516,180,GET,/api/load/memory-heavy [GET],43.200000,0.000000,160,300,410,470,650,870,1100,1200,2000,2000,2000,16469,8,36,298.8946970846247,1.5872470030444674,19844.133311002224,51.974740421397776
1781568516,180,GET,/api/products [GET],83.000000,0.000000,72,160,220,260,400,520,690,900,1200,1200,1200,32659,11,14,187.433842844917,0.7548880021204241,36473.63180299726,119.95958235095992
1781568516,180,,Aggregated,214.100000,0.000000,160,340,460,540,800,1100,1400,1900,2300,2300,2300,81689,29,38,330.36097074252984,0.7548880021204241,135192.1857769994,76.36924188079179
1781568517,180,GET,/api/load/cpu-heavy [GET],88.700000,0.000000,370,560,700,790,1000,1300,1600,1900,2300,2300,2300,32641,10,100.0,489.27055859564933,7.26743700215593,135192.1857769994,44.9862136576698
1781568517,180,GET,/api/load/memory-heavy [GET],42.000000,0.000000,160,290,370,440,630,780,1000,1200,1500,1500,1500,16524,8,36,298.5899129991954,1.5872470030444674,19844.133311002224,51.97482449770032
1781568517,180,GET,/api/products [GET],81.500000,0.000000,76,160,230,270,410,550,680,900,1200,1200,1200,32760,11,14,187.26763842378378,0.7548880021204241,36473.63180299726,119.95970695970696
1781568517,180,,Aggregated,212.200000,0.000000,150,330,440,530,770,1000,1300,1500,2300,2300,2300,81925,29,38,330.0466018954232,0.7548880021204241,135192.1857769994,76.37603906011596
1781568518,180,GET,/api/load/cpu-heavy [GET],91.200000,0.000000,350,540,660,770,1000,1300,1600,1900,2300,2300,2300,32720,10,100.0,488.874145851486,7.26743700215593,135192.1857769994,44.98624694376528
1781568518,180,GET,/api/load/memory-heavy [GET],42.400000,0.000000,150,280,370,430,600,710,900,1200,1500,1500,1500,16573,8,37,298.43331012222797,1.5872470030444674,19844.133311002224,51.97489893199783
1781568518,180,GET,/api/products [GET],82.400000,0.000000,70,150,210,270,400,540,660,760,1500,1500,1500,32843,11,14,187.0543755986408,0.7548880021204241,36473.63180299726,119.9598087872606
1781568518,180,,Aggregated,216.000000,0.000000,140,310,420,510,740,990,1300,1500,2300,2300,2300,82136,29,38,329.7619090131315,0.7548880021204241,135192.1857769994,76.37540177266972
1781568519,180,GET,/api/load/cpu-heavy [GET],89.700000,0.000000,350,550,670,770,1000,1300,1600,1900,2300,2300,2300,32802,10,110.0,488.7808370850145,7.26743700215593,135192.1857769994,44.986281324309495
1781568519,180,GET,/api/load/memory-heavy [GET],43.100000,0.000000,180,310,410,460,640,790,1000,1200,1800,1800,1800,16616,8,37,298.55785657436627,1.5872470030444674,19844.133311002224,51.974963890226284
1781568519,180,GET,/api/products [GET],83.800000,0.000000,73,160,230,280,410,550,710,880,1500,1500,1500,32927,11,14,187.06765992125617,0.7548880021204241,36473.63180299726,119.95991131897834
1781568519,180,,Aggregated,216.600000,0.000000,150,330,440,520,750,1000,1300,1500,2300,2300,2300,82345,29,38,329.7516934984468,0.7548880021204241,135192.1857769994,76.37593053615885
1781568520,180,GET,/api/load/cpu-heavy [GET],88.600000,0.000000,340,540,680,770,1100,1300,1600,2000,2300,2300,2300,32879,10,100.0,488.64259841067593,7.26743700215593,135192.1857769994,44.98631345235561
1781568520,180,GET,/api/load/memory-heavy [GET],43.600000,0.000000,170,300,410,460,650,830,1100,1200,1800,1800,1800,16665,8,37,298.5389110755281,1.5872470030444674,19844.133311002224,51.97503750375037
1781568520,180,GET,/api/products [GET],85.700000,0.000000,64,150,230,280,410,540,710,880,1500,1500,1500,33020,11,14,186.9745240078201,0.7548880021204241,36473.63180299726,119.96002422774076
1781568520,180,,Aggregated,217.900000,0.000000,130,310,430,520,760,1000,1300,1500,2300,2300,2300,82564,29,38,329.6246515304081,0.7548880021204241,135192.1857769994,76.38134053582675
1781568521,180,GET,/api/load/cpu-heavy [GET],88.100000,0.000000,310,540,700,800,1100,1300,1600,2000,2300,2300,2300,32972,10,110.0,488.6102747430419,7.26743700215593,135192.1857769994,44.98635205629019
1781568521,180,GET,/api/load/memory-heavy [GET],44.700000,0.000000,160,300,410,480,670,870,1100,1200,1800,1800,1800,16702,8,37,298.42295696064303,1.5872470030444674,19844.133311002224,51.9750928032571
1781568521,180,GET,/api/products [GET],84.600000,0.000000,60,140,230,280,410,550,710,880,1500,1500,1500,33102,11,14,186.80888668923976,0.7548880021204241,36473.63180299726,119.96012325539242
1781568521,180,,Aggregated,217.400000,0.000000,120,300,430,520,790,1100,1300,1600,2300,2300,2300,82776,29,38,329.54559260137677,0.7548880021204241,135192.1857769994,76.37839470377887
1781568522,180,GET,/api/load/cpu-heavy [GET],85.900000,0.000000,290,540,700,820,1200,1400,1700,1900,2300,2300,2300,33053,10,110.0,488.66628093294446,7.26743700215593,135192.1857769994,44.98638550207243
1781568522,180,GET,/api/load/memory-heavy [GET],45.500000,0.000000,130,280,380,460,670,890,1100,1300,1800,1800,1800,16759,8,37,298.1122439318976,1.5872470030444674,19844.133311002224,51.97517751655827
1781568522,180,GET,/api/products [GET],85.500000,0.000000,62,140,230,290,410,550,710,880,1500,1500,1500,33193,11,14,186.64961478857668,0.7548880021204241,36473.63180299726,119.96023257915826
1781568522,180,,Aggregated,216.900000,0.000000,120,300,420,510,810,1100,1400,1600,2300,2300,2300,83005,29,39,329.4188343281564,0.7548880021204241,135192.1857769994,76.3788566953798
1781568523,180,GET,/api/load/cpu-heavy [GET],86.700000,0.000000,280,530,680,810,1100,1400,1700,1900,2300,2300,2300,33126,10,110.0,488.47026163697956,7.26743700215593,135192.1857769994,44.9864155044376
1781568523,180,GET,/api/load/memory-heavy [GET],46.200000,0.000000,140,290,390,460,660,880,1100,1300,1800,1800,1800,16801,8,38,297.8728968285628,1.5872470030444674,19844.133311002224,51.97523956907327
1781568523,180,GET,/api/products [GET],83.600000,0.000000,57,130,220,280,390,510,680,850,1500,1500,1500,33292,11,14,186.40309591635196,0.7548880021204241,36473.63180299726,119.96035083503544
1781568523,180,,Aggregated,216.500000,0.000000,110,290,410,500,770,1100,1400,1600,2300,2300,2300,83219,29,39,329.1479144888855,0.7548880021204241,135192.1857769994,76.3909203427102
1781568524,180,GET,/api/load/cpu-heavy [GET],84.700000,0.000000,300,540,690,820,1100,1400,1600,1700,2300,2300,2300,33215,10,110.0,488.62350158231453,7.26743700215593,135192.1857769994,44.98645190426012
1781568524,180,GET,/api/load/memory-heavy [GET],47.800000,0.000000,140,290,380,450,650,880,1100,1300,1800,1800,1800,16850,8,38,297.75441806389927,1.5872470030444674,19844.133311002224,51.9753115727003
1781568524,180,GET,/api/products [GET],84.100000,0.000000,59,130,220,280,390,510,660,750,1500,1500,1500,33376,11,15,186.35116046354364,0.7548880021204241,36473.63180299726,119.9604506232023
1781568524,180,,Aggregated,216.600000,0.000000,120,290,410,500,760,1100,1400,1600,2200,2300,2300,83441,29,39,329.17208423993713,0.7548880021204241,135192.1857769994,76.38701597535983
1781568525,180,GET,/api/load/cpu-heavy [GET],84.500000,0.000000,310,550,700,810,1100,1400,1600,1700,2300,2300,2300,33302,10,110.0,488.52990652509015,7.26743700215593,135192.1857769994,44.986487298060176
1781568525,180,GET,/api/load/memory-heavy [GET],45.900000,0.000000,150,290,390,460,650,900,1100,1300,1800,1800,1800,16893,8,38,297.71944818159596,1.5872470030444674,19844.133311002224,51.975374415438345
1781568525,180,GET,/api/products [GET],86.300000,0.000000,62,130,210,280,390,510,650,750,1500,1500,1500,33443,11,15,186.25898473923422,0.7548880021204241,36473.63180299726,119.96052985677122
1781568525,180,,Aggregated,216.700000,0.000000,120,290,410,500,760,1100,1400,1600,2200,2300,2300,83638,29,39,329.12619636845136,0.7548880021204241,135192.1857769994,76.37676654152419
1781568526,180,GET,/api/load/cpu-heavy [GET],85.100000,0.000000,340,580,740,870,1200,1400,1600,1700,2300,2300,2300,33380,10,110.0,488.5897764388125,7.26743700215593,135192.1857769994,44.98651887357699
1781568526,180,GET,/api/load/memory-heavy [GET],46.000000,0.000000,150,320,440,490,710,910,1100,1300,1800,1800,1800,16938,8,38,297.8573172361954,1.5872470030444674,19844.133311002224,51.975439839414335
1781568526,180,GET,/api/products [GET],87.400000,0.000000,64,160,230,290,400,510,660,750,1500,1500,1500,33519,11,15,186.3093748907271,0.7548880021204241,36473.63180299726,119.96061935021928
1781568526,180,,Aggregated,218.500000,0.000000,130,320,450,530,830,1100,1400,1600,2200,2300,2300,83837,29,39,329.1999703452724,0.7548880021204241,135192.1857769994,76.37403533046269
1781568527,180,GET,/api/load/cpu-heavy [GET],83.900000,0.000000,350,610,780,900,1200,1400,1600,1800,2300,2300,2300,33471,10,110.0,488.56170715800414,7.26743700215593,135192.1857769994,44.986555525678945
1781568527,180,GET,/api/load/memory-heavy [GET],46.600000,0.000000,160,350,470,520,760,1000,1100,1300,1800,1800,1800,16976,8,38,298.1100924130943,1.5872470030444674,19844.133311002224,51.975494816211125
1781568527,180,GET,/api/products [GET],86.400000,0.000000,78,180,260,310,440,550,700,770,1100,1100,1100,33594,11,15,186.40678227720076,0.7548880021204241,36473.63180299726,119.96070726915521
1781568527,180,,Aggregated,216.900000,0.000000,150,340,470,560,880,1100,1400,1600,2300,2300,2300,84041,29,39,329.3096854262868,0.7548880021204241,135192.1857769994,76.36797515498388
1781568528,180,GET,/api/load/cpu-heavy [GET],80.700000,0.000000,340,630,820,930,1200,1400,1600,1800,2300,2300,2300,33551,10,110.0,488.5805933060882,7.26743700215593,135192.1857769994,44.986587583082475
1781568528,180,GET,/api/load/memory-heavy [GET],46.600000,0.000000,160,340,460,520,750,970,1200,1400,1700,1700,1700,17023,8,38,298.13617094763885,1.5872470030444674,19844.133311002224,51.97556247429948
1781568528,180,GET,/api/products [GET],85.600000,0.000000,71,170,250,300,420,520,670,770,1100,1100,1100,33674,11,15,186.26194037682828,0.7548880021204241,36473.63180299726,119.96080061768724
1781568528,180,,Aggregated,212.900000,0.000000,140,330,460,560,900,1200,1400,1600,2300,2300,2300,84248,29,40,329.26270183628804,0.7548880021204241,135192.1857769994,76.36602649321053
1781568529,180,GET,/api/load/cpu-heavy [GET],82.000000,0.000000,350,640,840,940,1200,1400,1700,1800,2300,2300,2300,33621,10,110.0,488.74514563161534,7.26743700215593,135192.1857769994,44.98661550816454
1781568529,180,GET,/api/load/memory-heavy [GET],45.200000,0.000000,150,340,460,530,780,970,1100,1500,1800,1800,1800,17056,8,38,298.15546895483465,1.5872470030444674,19844.133311002224,51.97560975609756
1781568529,180,GET,/api/products [GET],83.700000,0.000000,71,170,240,280,410,550,720,770,1500,1500,1500,33749,11,15,186.2060707434379,0.7548880021204241,36473.63180299726,119.96088773000682
1781568529,180,,Aggregated,210.900000,0.000000,150,330,470,580,930,1200,1500,1600,2300,2300,2300,84426,29,40,329.30268994497584,0.7548880021204241,135192.1857769994,76.36925828536233
1781568530,180,GET,/api/load/cpu-heavy [GET],82.800000,0.000000,370,650,840,950,1200,1500,1800,2100,2400,2400,2400,33719,10,110.0,489.12685465991234,7.26743700215593,135192.1857769994,44.98665440849373
1781568530,180,GET,/api/load/memory-heavy [GET],44.800000,0.000000,160,350,480,550,790,1000,1200,1500,1900,1900,1900,17104,8,39,298.33199635118183,1.5872470030444674,19844.133311002224,51.97567820392891
1781568530,180,GET,/api/products [GET],82.300000,0.000000,73,170,240,290,410,560,760,930,1500,1500,1500,33838,11,15,186.1564825753086,0.7548880021204241,36473.63180299726,119.96099060228146
1781568530,180,,Aggregated,209.900000,0.000000,160,350,490,590,930,1200,1600,1800,2300,2400,2400,84661,29,40,329.4870357691442,0.7548880021204241,135192.1857769994,76.36499686986924
1781568531,180,GET,/api/load/cpu-heavy [GET],81.200000,0.000000,360,660,840,940,1200,1600,1900,2200,2400,2400,2400,33800,10,110.0,489.1779505585975,7.26743700215593,135192.1857769994,44.98668639053255
1781568531,180,GET,/api/load/memory-heavy [GET],43.800000,0.000000,190,380,500,560,790,1000,1200,1600,1900,1900,1900,17149,8,39,298.2583206494616,1.5872470030444674,19844.133311002224,51.975742025774096
1781568531,180,GET,/api/products [GET],82.100000,0.000000,78,180,250,300,440,570,740,930,1500,1500,1500,33943,11,15,186.05140741938817,0.7548880021204241,36473.63180299726,119.9611112747842
1781568531,180,,Aggregated,207.100000,0.000000,160,350,500,590,920,1200,1600,1800,2400,2400,2400,84892,29,40,329.4090089965434,0.7548880021204241,135192.1857769994,76.37612495877114
1781568532,180,GET,/api/load/cpu-heavy [GET],83.400000,0.000000,360,670,840,940,1300,1600,1900,2200,2800,2800,2800,33881,10,110.0,488.988459117605,7.26743700215593,135192.1857769994,44.98671821965113
1781568532,180,GET,/api/load/memory-heavy [GET],43.500000,0.000000,190,380,520,590,810,1000,1200,1600,1900,1900,1900,17196,8,39,298.19181965995557,1.5872470030444674,19844.133311002224,51.975808327518024
1781568532,180,GET,/api/products [GET],80.900000,0.000000,76,180,250,300,450,570,760,930,1500,1500,1500,34016,11,15,185.9408701419996,0.7548880021204241,36473.63180299726,119.96119473189087
1781568532,180,,Aggregated,207.800000,0.000000,160,350,510,620,930,1200,1600,1900,2400,2800,2800,85093,29,40,329.28782805855354,0.7548880021204241,135192.1857769994,76.37021846685391
1781568533,180,GET,/api/load/cpu-heavy [GET],82.500000,0.000000,330,650,860,970,1300,1600,1900,2200,2800,2800,2800,33972,10,110.0,489.12974117466,7.26743700215593,135192.1857769994,44.98675379724479
1781568533,180,GET,/api/load/memory-heavy [GET],43.800000,0.000000,180,380,520,610,860,1000,1300,1600,1900,1900,1900,17240,8,39,298.20510479649585,1.5872470030444674,19844.133311002224,51.97587006960557
1781568533,180,GET,/api/products [GET],82.900000,0.000000,74,180,250,300,460,580,890,990,1500,1500,1500,34093,11,15,185.97356409689016,0.7548880021204241,36473.63180299726,119.96128237468102
1781568533,180,,Aggregated,209.200000,0.000000,160,350,510,620,970,1300,1600,1900,2400,2800,2800,85305,29,40,329.3847757415452,0.7548880021204241,135192.1857769994,76.36356602778267
1781568534,180,GET,/api/load/cpu-heavy [GET],82.300000,0.000000,320,650,860,980,1300,1600,1900,2200,2800,2800,2800,34055,10,110.0,489.0004893732947,7.26743700215593,135192.1857769994,44.98678608133901
1781568534,180,GET,/api/load/memory-heavy [GET],43.000000,0.000000,170,360,520,620,870,1000,1300,1600,1900,1900,1900,17279,8,40,298.1686827445796,1.5872470030444674,19844.133311002224,51.975924532669715
1781568534,180,GET,/api/products [GET],82.300000,0.000000,71,180,250,300,450,590,880,990,1500,1500,1500,34203,11,16,185.7668559037876,0.7548880021204241,36473.63180299726,119.9614068941321
1781568534,180,,Aggregated,207.600000,0.000000,140,330,500,610,960,1300,1700,1900,2400,2800,2800,85537,29,41,329.19966923352985,0.7548880021204241,135192.1857769994,76.3781404538387
1781568535,180,GET,/api/load/cpu-heavy [GET],83.300000,0.000000,290,620,860,990,1300,1600,1900,2200,2800,2800,2800,34144,10,110.0,488.80529175420287,7.26743700215593,135192.1857769994,44.98682052483599
1781568535,180,GET,/api/load/memory-heavy [GET],43.500000,0.000000,160,310,480,580,860,1000,1300,1600,1900,1900,1900,17319,8,40,297.87391453355167,1.5872470030444674,19844.133311002224,51.97598013742133
1781568535,180,GET,/api/products [GET],79.000000,0.000000,61,160,240,280,440,580,880,990,1500,1500,1500,34290,11,16,185.62761265742841,0.7548880021204241,36473.63180299726,119.96150481189851
1781568535,180,,Aggregated,205.800000,0.000000,120,300,470,580,970,1300,1700,1900,2400,2800,2800,85753,29,41,329.0125948419926,0.7548880021204241,135192.1857769994,76.3784590626567
1781568536,180,GET,/api/load/cpu-heavy [GET],82.500000,0.000000,280,590,850,960,1300,1600,1900,2200,2800,2800,2800,34231,10,110.0,488.59071566146264,7.26743700215593,135192.1857769994,44.98685402120885
1781568536,180,GET,/api/load/memory-heavy [GET],42.700000,0.000000,130,290,430,530,750,1000,1300,1600,1900,1900,1900,17349,8,40,297.7623478626176,1.5872470030444674,19844.133311002224,51.976021672718886
1781568536,180,GET,/api/products [GET],80.900000,0.000000,50,120,190,260,400,550,800,950,1500,1500,1500,34399,11,16,185.30763385264734,0.7548880021204241,36473.63180299726,119.96162679147649
1781568536,180,,Aggregated,206.100000,0.000000,96,280,430,560,940,1300,1600,1900,2400,2800,2800,85979,29,41,328.745682757108,0.7548880021204241,135192.1857769994,76.39350306470185
1781568537,180,GET,/api/load/cpu-heavy [GET],83.700000,0.000000,240,580,810,950,1300,1600,1900,2200,2800,2800,2800,34298,10,110.0,488.4474442840848,7.26743700215593,135192.1857769994,44.986879701440316
1781568537,180,GET,/api/load/memory-heavy [GET],42.300000,0.000000,120,290,430,520,730,1000,1300,1500,1900,1900,1900,17391,8,40,297.5313628097036,1.5872470030444674,19844.133311002224,51.976079581392675
1781568537,180,GET,/api/products [GET],83.500000,0.000000,50,120,190,260,400,560,790,950,1500,1500,1500,34481,11,16,185.15251463595104,0.7548880021204241,36473.63180299726,119.96171804762042
1781568537,180,,Aggregated,209.500000,0.000000,92,270,430,540,920,1200,1600,1900,2400,2800,2800,86170,29,41,328.5526544254547,0.7548880021204241,135192.1857769994,76.39870024370431
1781568538,180,GET,/api/load/cpu-heavy [GET],84.800000,0.000000,240,580,810,970,1300,1600,1900,2200,2800,2800,2800,34381,10,110.0,488.6114660000452,7.26743700215593,135192.1857769994,44.986911375469006
1781568538,180,GET,/api/load/memory-heavy [GET],41.200000,0.000000,130,290,440,530,740,1000,1400,1500,1900,1900,1900,17431,8,40,297.6636138699772,1.5872470030444674,19844.133311002224,51.97613447306523
1781568538,180,GET,/api/products [GET],87.200000,0.000000,50,130,210,270,420,570,800,930,1500,1500,1500,34554,11,16,185.15529903629835,0.7548880021204241,36473.63180299726,119.96179892342421
1781568538,180,,Aggregated,213.200000,0.000000,94,280,440,560,930,1300,1600,1900,2400,2800,2800,86366,29,41,328.663843049527,0.7548880021204241,135192.1857769994,76.39407868837274
1781568539,180,GET,/api/load/cpu-heavy [GET],82.500000,0.000000,230,580,830,960,1300,1600,2000,2300,2800,2800,2800,34462,10,110.0,488.8995955003939,7.26743700215593,135192.1857769994,44.98694213916778
1781568539,180,GET,/api/load/memory-heavy [GET],41.200000,0.000000,140,310,450,530,740,1000,1400,1500,2000,2000,2000,17471,8,40,297.9008227239179,1.5872470030444674,19844.133311002224,51.9761891133879
1781568539,180,GET,/api/products [GET],86.900000,0.000000,47,120,200,260,410,560,790,930,1500,1500,1500,34646,11,16,185.00970178771752,0.7548880021204241,36473.63180299726,119.96190036367835
1781568539,180,,Aggregated,210.600000,0.000000,90,280,430,550,910,1200,1600,1900,2700,2800,2800,86579,29,41,328.75095880157403,0.7548880021204241,135192.1857769994,76.3997736171589
1781568540,180,GET,/api/load/cpu-heavy [GET],82.800000,0.000000,210,580,820,960,1300,1500,1900,2400,2900,2900,2900,34545,10,110.0,488.8246228811868,7.26743700215593,135192.1857769994,44.98697351280938
1781568540,180,GET,/api/load/memory-heavy [GET],40.200000,0.000000,130,310,450,530,740,1000,1500,1600,2000,2000,2000,17511,8,40,297.99934328042605,1.5872470030444674,19844.133311002224,51.97624350408315
1781568540,180,GET,/api/products [GET],87.900000,0.000000,37,120,200,270,420,560,800,930,1500,1500,1500,34736,11,16,184.9187244078835,0.7548880021204241,36473.63180299726,119.96199907876554
1781568540,180,,Aggregated,210.900000,0.000000,82,280,430,550,920,1200,1600,1900,2800,2900,2900,86792,29,41,328.69446387508555,0.7548880021204241,135192.1857769994,76.40371232371648
1781568541,180,GET,/api/load/cpu-heavy [GET],83.800000,0.000000,200,580,830,960,1300,1600,2100,2600,3300,3300,3300,34618,10,110.0,488.8036709490034,7.26743700215593,135192.1857769994,44.98700098214802
1781568541,180,GET,/api/load/memory-heavy [GET],40.400000,0.000000,110,310,450,530,730,1200,1500,1600,2500,2500,2500,17550,8,40,298.0126339663559,1.5872470030444674,19844.133311002224,51.9762962962963
1781568541,180,GET,/api/products [GET],88.200000,0.000000,35,120,190,270,420,590,880,950,1500,1500,1500,34813,11,16,184.8993564688259,0.7548880021204241,36473.63180299726,119.96208312986528
1781568541,180,,Aggregated,212.400000,0.000000,79,270,430,560,940,1300,1600,2000,2900,3300,3300,86981,29,41,328.6744059480967,0.7548880021204241,135192.1857769994,76.40500799025074
1781568542,180,GET,/api/load/cpu-heavy [GET],82.500000,0.000000,200,570,770,930,1200,1600,2100,2600,3300,3300,3300,34701,10,110.0,488.77152675281997,7.26743700215593,135192.1857769994,44.98703207400363
1781568542,180,GET,/api/load/memory-heavy [GET],40.800000,0.000000,120,310,450,540,740,1000,1500,1600,2500,2500,2500,17593,8,41,297.976939381205,1.5872470030444674,19844.133311002224,51.97635423179674
1781568542,180,GET,/api/products [GET],89.600000,0.000000,37,110,190,270,420,590,860,950,1500,1500,1500,34884,11,16,184.848123011732,0.7548880021204241,36473.63180299726,119.96216030271758
1781568542,180,,Aggregated,212.900000,0.000000,81,270,430,550,920,1200,1600,2000,2900,3300,3300,87178,29,41,328.6541440217077,0.7548880021204241,135192.1857769994,76.39857532863796
1781568543,180,GET,/api/load/cpu-heavy [GET],82.000000,0.000000,250,580,820,950,1400,1700,2100,2600,3300,3300,3300,34795,10,110.0,489.1771567734617,7.26743700215593,135192.1857769994,44.98706710734301
1781568543,180,GET,/api/load/memory-heavy [GET],40.600000,0.000000,140,330,470,540,750,1000,1400,1600,2500,2500,2500,17624,8,41,298.06181239977053,1.5872470030444674,19844.133311002224,51.97639582387653
1781568543,180,GET,/api/products [GET],87.200000,0.000000,38,130,220,280,440,590,790,950,1500,1500,1500,34958,11,16,184.90360861199898,0.7548880021204241,36473.63180299726,119.96224040276904
1781568543,180,,Aggregated,209.800000,0.000000,97,300,460,570,930,1300,1700,2100,2900,3300,3300,87377,29,41,328.8945706710511,0.7548880021204241,135192.1857769994,76.39306682536595
1781568544,180,GET,/api/load/cpu-heavy [GET],81.400000,0.000000,250,590,850,970,1400,1700,2300,2600,3300,3300,3300,34864,10,110.0,489.2507545191498,7.26743700215593,135192.1857769994,44.98709270307481
1781568544,180,GET,/api/load/memory-heavy [GET],39.800000,0.000000,150,370,500,610,760,1000,1500,1600,2500,2500,2500,17662,8,41,298.09608282796654,1.5872470030444674,19844.133311002224,51.976446608538104
1781568544,180,GET,/api/products [GET],86.400000,0.000000,41,130,230,300,490,630,880,950,1500,1500,1500,35049,11,16,184.99654061200897,0.7548880021204241,36473.63180299726,119.96233844046905
1781568544,180,,Aggregated,207.600000,0.000000,99,310,480,590,950,1300,1700,2100,2900,3300,3300,87575,29,41,328.93125974734215,0.7548880021204241,135192.1857769994,76.40306023408507
1781568545,180,GET,/api/load/cpu-heavy [GET],82.500000,0.000000,260,620,920,1000,1400,1700,2300,2600,3300,3300,3300,34960,10,110.0,489.49706909178053,7.26743700215593,135192.1857769994,44.98712814645309
1781568545,180,GET,/api/load/memory-heavy [GET],38.700000,0.000000,120,370,510,620,840,1100,1400,1600,2500,2500,2500,17699,8,41,297.9732963663226,1.5872470030444674,19844.133311002224,51.976495847223006
1781568545,180,GET,/api/products [GET],86.400000,0.000000,48,160,280,320,550,660,890,950,1500,1500,1500,35128,11,16,185.01993147643861,0.7548880021204241,36473.63180299726,119.9624231382373
1781568545,180,,Aggregated,207.600000,0.000000,110,330,520,620,1000,1400,1800,2100,2900,3300,3300,87787,29,41,329.0467502106295,0.7548880021204241,135192.1857769994,76.39766708054724
1781568546,180,GET,/api/load/cpu-heavy [GET],82.100000,0.000000,260,670,930,1000,1400,1800,2300,2600,3300,3300,3300,35036,10,110.0,489.4516333151808,7.26743700215593,135192.1857769994,44.9871560680443
1781568546,180,GET,/api/load/memory-heavy [GET],38.000000,0.000000,120,390,530,630,840,1100,1400,1600,2500,2500,2500,17737,8,41,297.8945473314843,1.5872470030444674,19844.133311002224,51.976546202852795
1781568546,180,GET,/api/products [GET],85.100000,0.000000,43,160,270,330,540,660,880,950,1500,1500,1500,35217,11,16,184.85290206565938,0.7548880021204241,36473.63180299726,119.96251810205298
1781568546,180,,Aggregated,205.200000,0.000000,100,340,530,640,1000,1400,1800,2100,2900,3300,3300,87990,29,41,328.9254195123942,0.7548880021204241,135192.1857769994,76.40411410387544
1781568547,180,GET,/api/load/cpu-heavy [GET],80.000000,0.000000,300,710,960,1100,1500,1800,2300,2600,3300,3300,3300,35128,10,110.0,490.04575405148904,7.26743700215593,135192.1857769994,44.987189706217265
1781568547,180,GET,/api/load/memory-heavy [GET],37.800000,0.000000,120,350,530,640,840,1200,1400,1800,2500,2500,2500,17773,8,41,297.821470501914,1.5872470030444674,19844.133311002224,51.976593709559445
1781568547,180,GET,/api/products [GET],84.700000,0.000000,44,160,280,330,530,660,860,950,1300,1300,1300,35278,11,16,184.79513126448,0.7548880021204241,36473.63180299726,119.96258291286354
1781568547,180,,Aggregated,202.500000,0.000000,110,350,540,660,1000,1400,1900,2200,2900,3300,3300,88179,29,41,329.1794064833983,0.7548880021204241,135192.1857769994,76.39154447203983
1781568548,180,GET,/api/load/cpu-heavy [GET],80.600000,0.000000,310,710,960,1100,1500,1700,2100,2400,3300,3300,3300,35178,10,110.0,490.1098398599901,7.26743700215593,135192.1857769994,44.987207914037185
1781568548,180,GET,/api/load/memory-heavy [GET],38.500000,0.000000,130,350,530,640,840,1100,1400,1600,2500,2500,2500,17809,8,41,298.1497588157957,1.5872470030444674,19844.133311002224,51.97664102420125
1781568548,180,GET,/api/products [GET],81.100000,0.000000,62,180,290,340,540,650,830,950,1300,1300,1300,35349,11,16,184.83776003440707,0.7548880021204241,36473.63180299726,119.96265806670627
1781568548,180,,Aggregated,200.200000,0.000000,120,350,540,660,1000,1400,1800,2100,2900,3300,3300,88336,29,42,329.2503959971191,0.7548880021204241,135192.1857769994,76.39888607136389
1781568549,180,GET,/api/load/cpu-heavy [GET],81.800000,0.000000,330,760,990,1200,1600,1900,2100,2300,3300,3300,3300,35286,10,110.0,490.9809214908962,7.26743700215593,135192.1857769994,44.98724706682537
1781568549,180,GET,/api/load/memory-heavy [GET],37.700000,0.000000,140,350,620,670,930,1200,1500,1800,2500,2500,2500,17852,8,41,298.7306500135282,1.5872470030444674,19844.133311002224,51.97669728881918
1781568549,180,GET,/api/products [GET],80.400000,0.000000,66,180,290,350,550,730,920,1000,1400,1400,1400,35422,11,16,184.90953815776336,0.7548880021204241,36473.63180299726,119.96273502343176
1781568549,180,,Aggregated,199.900000,0.000000,130,370,590,720,1200,1500,1900,2100,2800,3300,3300,88560,29,42,329.8053073666845,0.7548880021204241,135192.1857769994,76.38468834688346
1781568550,180,GET,/api/load/cpu-heavy [GET],78.900000,0.000000,330,700,970,1100,1500,1800,2100,2300,2600,2600,2600,35363,10,110.0,490.48039238935513,7.26743700215593,135192.1857769994,44.98727483527981
1781568550,180,GET,/api/load/memory-heavy [GET],37.900000,0.000000,140,350,560,680,920,1200,1400,1800,2100,2100,2100,17895,8,41,298.6318805065941,1.5872470030444674,19844.133311002224,51.976753283039955
1781568550,180,GET,/api/products [GET],79.200000,0.000000,70,180,280,340,550,690,900,980,1400,1400,1400,35522,11,17,184.76288695910515,0.7548880021204241,36473.63180299726,119.96283993018412
1781568550,180,,Aggregated,196.000000,0.000000,140,360,560,680,1100,1500,1800,2100,2400,2600,2600,88780,29,42,329.4888813729626,0.7548880021204241,135192.1857769994,76.39478486145528
1781568551,178,GET,/api/load/cpu-heavy [GET],80.300000,0.000000,340,700,980,1100,1600,1900,2100,2300,2600,2600,2600,35444,10,110.0,490.6676820532884,7.26743700215593,135192.1857769994,44.987303916036566
1781568551,178,GET,/api/load/memory-heavy [GET],37.700000,0.000000,150,340,530,680,920,1200,1400,1800,2100,2100,2100,17947,8,41,298.53560915258834,1.5872470030444674,19844.133311002224,51.97682063854683
1781568551,178,GET,/api/products [GET],77.400000,0.000000,73,190,280,340,550,690,900,1000,1400,1400,1400,35611,11,17,184.70879254908183,0.7548880021204241,36473.63180299726,119.9629328016624
1781568551,178,,Aggregated,195.400000,0.000000,140,360,550,680,1100,1500,1900,2100,2400,2600,2600,89002,29,42,329.50617639630116,0.7548880021204241,135192.1857769994,76.39556414462596
1781568552,176,GET,/api/load/cpu-heavy [GET],80.600000,0.000000,300,640,920,1100,1500,1800,2100,2200,2600,2600,2600,35529,10,110.0,490.3360098965557,7.26743700215593,135192.1857769994,44.987334290298065
1781568552,176,GET,/api/load/memory-heavy [GET],37.600000,0.000000,140,330,480,640,870,1200,1400,1800,2100,2100,2100,17991,8,42,298.44780944591616,1.5872470030444674,19844.133311002224,51.976877327552664
1781568552,176,GET,/api/products [GET],78.000000,0.000000,63,170,260,320,520,660,860,1000,1400,1400,1400,35710,11,17,184.5010425913305,0.7548880021204241,36473.63180299726,119.96303556426771
1781568552,176,,Aggregated,196.200000,0.000000,120,320,490,630,1000,1400,1800,2100,2400,2600,2600,89230,29,42,329.2508670435121,0.7548880021204241,135192.1857769994,76.40200605177631
1781568553,174,GET,/api/load/cpu-heavy [GET],81.000000,0.000000,300,620,870,1000,1400,1800,2100,2200,2600,2600,2600,35604,10,110.0,490.0303626438806,7.26743700215593,135192.1857769994,44.98736097067745
1781568553,174,GET,/api/load/memory-heavy [GET],38.600000,0.000000,120,330,470,620,850,1200,1400,1800,2100,2100,2100,18030,8,42,298.24671995216266,1.5872470030444674,19844.133311002224,51.976927343316696
1781568553,174,GET,/api/products [GET],78.200000,0.000000,55,140,220,280,450,620,780,1000,1400,1400,1400,35801,11,17,184.32179354033158,0.7548880021204241,36473.63180299726,119.96312952152175
1781568553,174,,Aggregated,197.800000,0.000000,100,310,470,600,1000,1400,1800,2000,2400,2600,2600,89435,29,42,328.99126653824123,0.7548880021204241,135192.1857769994,76.40939229608095
1781568554,172,GET,/api/load/cpu-heavy [GET],81.100000,0.000000,280,610,860,1000,1400,1700,2100,2200,2600,2600,2600,35679,10,110.0,489.84332067170317,7.26743700215593,135192.1857769994,44.98738753888842
1781568554,172,GET,/api/load/memory-heavy [GET],39.000000,0.000000,120,320,470,600,850,1100,1400,1800,2100,2100,2100,18066,8,42,298.0133281523562,1.5872470030444674,19844.133311002224,51.97697332004871
1781568554,172,GET,/api/products [GET],81.600000,0.000000,55,140,220,280,460,650,770,960,1400,1400,1400,35885,11,17,184.3276377189743,0.7548880021204241,36473.63180299726,119.96321582834054
1781568554,172,,Aggregated,201.700000,0.000000,110,310,470,600,970,1400,1800,2000,2400,2600,2600,89630,29,42,328.85893009250833,0.7548880021204241,135192.1857769994,76.41415820595783
1781568555,170,GET,/api/load/cpu-heavy [GET],80.000000,0.000000,260,600,830,980,1400,1700,2000,2200,2400,2400,2400,35756,10,110.0,489.6966387525936,7.26743700215593,135192.1857769994,44.98741469963083
1781568555,170,GET,/api/load/memory-heavy [GET],40.200000,0.000000,120,320,450,590,850,1100,1400,1800,2100,2100,2100,18109,8,42,297.81740076163766,1.5872470030444674,19844.133311002224,51.9770279971285
1781568555,170,GET,/api/products [GET],83.200000,0.000000,46,130,210,270,470,680,860,1100,1400,1400,1400,35958,11,17,184.25142498802623,0.7548880021204241,36473.63180299726,119.96329050558985
1781568555,170,,Aggregated,203.400000,0.000000,97,290,460,600,970,1400,1800,2000,2400,2400,2400,89823,29,42,328.7363043468784,0.7548880021204241,135192.1857769994,76.4109637843314
1781568556,168,GET,/api/load/cpu-heavy [GET],79.800000,0.000000,230,560,760,910,1400,1700,2000,2200,2400,2400,2400,35833,10,110.0,489.5251863949083,7.26743700215593,135192.1857769994,44.987441743644126
1781568556,168,GET,/api/load/memory-heavy [GET],40.400000,0.000000,120,320,440,560,850,1000,1300,1700,2100,2100,2100,18155,8,42,297.7466262415055,1.5872470030444674,19844.133311002224,51.97708620214817
1781568556,168,GET,/api/products [GET],82.900000,0.000000,49,130,220,290,490,690,880,1100,1400,1400,1400,36040,11,17,184.2171454604434,0.7548880021204241,36473.63180299726,119.96337402885682
1781568556,168,,Aggregated,203.100000,0.000000,93,290,450,580,920,1300,1700,2000,2400,2400,2400,90028,29,42,328.63033640531427,0.7548880021204241,135192.1857769994,76.41132758697294
1781568557,166,GET,/api/load/cpu-heavy [GET],80.100000,0.000000,200,540,730,890,1300,1700,2000,2200,2400,2400,2400,35922,10,110.0,489.44072398515635,7.26743700215593,135192.1857769994,44.98747285785869
1781568557,166,GET,/api/load/memory-heavy [GET],40.800000,0.000000,110,310,410,490,820,1000,1300,1700,2100,2100,2100,18185,8,42,297.56335719101037,1.5872470030444674,19844.133311002224,51.97712400329942
1781568557,166,GET,/api/products [GET],81.900000,0.000000,41,120,200,270,440,660,860,1100,1400,1400,1400,36125,11,17,184.03106651137367,0.7548880021204241,36473.63180299726,119.96346020761246
1781568557,166,,Aggregated,202.800000,0.000000,84,280,420,540,890,1200,1700,2000,2400,2400,2400,90232,29,42,328.49766840186015,0.7548880021204241,135192.1857769994,76.41329018530011
1781568558,165,GET,/api/load/cpu-heavy [GET],79.000000,0.000000,160,530,700,840,1200,1500,1900,2100,2600,2600,2600,35997,10,110.0,489.46182709414126,7.26743700215593,135192.1857769994,44.98749895824652
1781568558,165,GET,/api/load/memory-heavy [GET],40.700000,0.000000,95,290,390,480,720,970,1100,1300,1700,1700,1700,18229,8,42,297.41790330942706,1.5872470030444674,19844.133311002224,51.977179219924295
1781568558,165,GET,/api/products [GET],83.400000,0.000000,34,120,200,250,430,610,760,920,1400,1400,1400,36224,11,17,183.90392783666618,0.7548880021204241,36473.63180299726,119.96356007067138
1781568558,165,,Aggregated,203.100000,0.000000,76,250,410,520,820,1100,1500,1800,2400,2600,2600,90450,29,42,328.3861164321804,0.7548880021204241,135192.1857769994,76.42307352128248
1781568559,163,GET,/api/load/cpu-heavy [GET],79.600000,0.000000,190,530,700,840,1200,1500,1800,2000,2600,2600,2600,36076,10,110.0,489.3329871739882,7.26743700215593,135192.1857769994,44.98752633329637
1781568559,163,GET,/api/load/memory-heavy [GET],41.900000,0.000000,83,270,360,450,650,860,1100,1100,1400,1400,1400,18268,8,42,297.1465432430231,1.5872470030444674,19844.133311002224,51.977227939566454
1781568559,163,GET,/api/products [GET],84.100000,0.000000,30,120,200,250,430,630,740,920,1400,1400,1400,36311,11,17,183.72718663488828,0.7548880021204241,36473.63180299726,119.96364737958194
1781568559,163,,Aggregated,205.600000,0.000000,70,240,410,520,800,1100,1500,1800,2200,2600,2600,90655,29,42,328.19775821688523,0.7548880021204241,135192.1857769994,76.42700347471182
1781568560,161,GET,/api/load/cpu-heavy [GET],80.600000,0.000000,190,540,690,810,1200,1400,1800,1900,2600,2600,2600,36162,10,110.0,489.2476334655666,7.26743700215593,135192.1857769994,44.98755599800896
1781568560,161,GET,/api/load/memory-heavy [GET],41.700000,0.000000,79,260,370,470,650,860,1100,1100,1400,1400,1400,18311,8,42,296.9639847372358,1.5872470030444674,19844.133311002224,51.97728141554257
1781568560,161,GET,/api/products [GET],85.700000,0.000000,25,110,190,240,420,580,740,920,1400,1400,1400,36412,11,17,183.51728651099688,0.7548880021204241,36473.63180299726,119.96374821487422
1781568560,161,,Aggregated,208.000000,0.000000,61,240,400,520,770,1100,1400,1700,2100,2600,2600,90885,29,42,328.0201560471336,0.7548880021204241,135192.1857769994,76.43413104472685
1781568561,159,GET,/api/load/cpu-heavy [GET],79.600000,0.000000,180,530,670,760,1100,1400,1700,1900,2600,2600,2600,36248,10,110.0,488.7590966520044,7.26743700215593,135192.1857769994,44.98758552195983
1781568561,159,GET,/api/load/memory-heavy [GET],42.300000,0.000000,55,230,330,440,620,770,1100,1100,1400,1400,1400,18346,8,42,296.65317140273146,1.5872470030444674,19844.133311002224,51.977324757440314
1781568561,159,GET,/api/products [GET],88.400000,0.000000,25,110,190,250,430,570,720,880,1400,1400,1400,36500,11,17,183.34859019107938,0.7548880021204241,36473.63180299726,119.96383561643836
1781568561,159,,Aggregated,210.300000,0.000000,60,240,390,500,740,1100,1400,1700,2100,2600,2600,91094,29,42,327.69625178355034,0.7548880021204241,135192.1857769994,76.43715283114146
1781568562,157,GET,/api/load/cpu-heavy [GET],79.400000,0.000000,200,540,680,790,1100,1400,1800,1900,2600,2600,2600,36325,10,120.0,488.5639611780267,7.26743700215593,135192.1857769994,44.987611837577425
1781568562,157,GET,/api/load/memory-heavy [GET],41.000000,0.000000,54,230,320,420,600,770,1100,1100,1400,1400,1400,18390,8,42,296.351076118246,1.5872470030444674,19844.133311002224,51.9773790103317
1781568562,157,GET,/api/products [GET],87.400000,0.000000,20,110,190,250,420,560,720,880,1400,1400,1400,36581,11,17,183.17288305200495,0.7548880021204241,36473.63180299726,119.96391569393948
1781568562,157,,Aggregated,207.800000,0.000000,57,230,390,500,760,1100,1400,1700,2100,2600,2600,91296,29,42,327.4801679649899,0.7548880021204241,135192.1857769994,76.4375109533824
1781568563,155,GET,/api/load/cpu-heavy [GET],79.600000,0.000000,190,520,660,780,1100,1400,1800,1900,2600,2600,2600,36422,10,120.0,488.03656813241514,7.26743700215593,135192.1857769994,44.98764483004777
1781568563,155,GET,/api/load/memory-heavy [GET],40.300000,0.000000,55,220,310,370,590,730,1100,1100,1400,1400,1400,18441,8,42,295.93901922637065,1.5872470030444674,19844.133311002224,51.97744157041375
1781568563,155,GET,/api/products [GET],88.300000,0.000000,20,110,180,240,410,530,700,850,1400,1400,1400,36657,11,17,182.92033188745316,0.7548880021204241,36473.63180299726,119.9639905065881
1781568563,155,,Aggregated,208.200000,0.000000,55,230,380,480,740,1100,1400,1700,2100,2600,2600,91520,29,42,327.11964536790487,0.7548880021204241,135192.1857769994,76.42674825174825
1781568564,153,GET,/api/load/cpu-heavy [GET],80.400000,0.000000,200,520,660,780,1100,1400,1700,1900,2600,2600,2600,36510,10,110.0,487.6592204101841,7.26743700215593,135192.1857769994,44.98767460969597
1781568564,153,GET,/api/load/memory-heavy [GET],39.800000,0.000000,37,220,290,350,550,680,1000,1100,1400,1400,1400,18481,8,42,295.5908571356795,1.5872470030444674,19844.133311002224,51.977490395541366
1781568564,153,GET,/api/products [GET],85.300000,0.000000,15,97,170,210,370,480,670,730,1000,1000,1000,36740,11,17,182.6974733324541,0.7548880021204241,36473.63180299726,119.96407185628742
1781568564,153,,Aggregated,205.500000,0.000000,47,220,360,460,720,1000,1400,1600,2100,2600,2600,91731,29,42,326.8203544944965,0.7548880021204241,135192.1857769994,76.42537419193076
1781568565,151,GET,/api/load/cpu-heavy [GET],80.800000,0.000000,170,490,640,740,1000,1300,1600,1800,2600,2600,2600,36595,10,110.0,487.14986382207553,7.26743700215593,135192.1857769994,44.98770323814729
1781568565,151,GET,/api/load/memory-heavy [GET],40.300000,0.000000,31,200,290,360,520,650,850,1100,1400,1400,1400,18529,8,41,295.1593032084042,1.5872470030444674,19844.133311002224,51.977548707431595
1781568565,151,GET,/api/products [GET],85.500000,0.000000,12,93,160,200,320,430,570,690,1000,1000,1000,36821,11,17,182.45847310524832,0.7548880021204241,36473.63180299726,119.96415089215394
1781568565,151,,Aggregated,206.600000,0.000000,40,200,340,440,690,940,1300,1600,2100,2600,2600,91945,29,42,326.4403658048367,0.7548880021204241,135192.1857769994,76.42195877970526
1781568566,149,GET,/api/load/cpu-heavy [GET],82.000000,0.000000,120,450,600,690,920,1200,1600,1800,2600,2600,2600,36693,10,110.0,486.49158337955026,7.26743700215593,135192.1857769994,44.98773608045131
1781568566,149,GET,/api/load/memory-heavy [GET],41.400000,0.000000,33,190,280,350,480,620,790,1100,1400,1400,1400,18565,8,41,294.908125276462,1.5872470030444674,19844.133311002224,51.97759224346889
1781568566,149,GET,/api/products [GET],84.500000,0.000000,13,90,140,200,300,410,560,680,1000,1000,1000,36895,11,17,182.2745044811856,0.7548880021204241,36473.63180299726,119.96422279441659
1781568566,149,,Aggregated,207.900000,0.000000,41,190,310,410,650,890,1200,1500,2100,2600,2600,92153,29,42,326.09706528856015,0.7548880021204241,135192.1857769994,76.41399628878061
1781568567,147,GET,/api/load/cpu-heavy [GET],82.700000,0.000000,110,410,570,650,890,1100,1500,1700,2100,2100,2100,36779,10,110.0,485.8783649033642,7.26743700215593,135192.1857769994,44.98776475706246
1781568567,147,GET,/api/load/memory-heavy [GET],41.600000,0.000000,27,170,240,310,470,590,710,850,1100,1100,1100,18612,8,41,294.3757761325772,1.5872470030444674,19844.133311002224,51.97764882871266
1781568567,147,GET,/api/products [GET],86.000000,0.000000,14,85,140,180,290,390,490,590,1000,1000,1000,36991,11,17,181.94062913679966,0.7548880021204241,36473.63180299726,119.96431564434592
1781568567,147,,Aggregated,210.300000,0.000000,39,170,280,380,620,850,1100,1400,2000,2100,2100,92382,29,42,325.59598342274137,0.7548880021204241,135192.1857769994,76.41762464549372
1781568568,146,GET,/api/load/cpu-heavy [GET],84.800000,0.000000,83,340,490,580,840,1000,1300,1600,1800,1800,1800,36871,10,110.0,484.96686132049126,7.26743700215593,135192.1857769994,44.987795286268344
1781568568,146,GET,/api/load/memory-heavy [GET],40.900000,0.000000,26,160,230,290,440,550,680,850,1100,1100,1100,18651,8,41,293.8884831691343,1.5872470030444674,19844.133311002224,51.9776955659214
1781568568,146,GET,/api/products [GET],84.000000,0.000000,14,69,110,140,260,380,440,510,830,830,830,37099,11,17,181.5299054108027,0.7548880021204241,36473.63180299726,119.96441952613279
1781568568,146,,Aggregated,209.700000,0.000000,36,130,240,330,560,780,1000,1300,1700,1800,1800,92621,29,42,324.9490418390073,0.7548880021204241,135192.1857769994,76.42695501020287
1781568569,144,GET,/api/load/cpu-heavy [GET],85.000000,0.000000,71,260,410,530,780,950,1300,1500,1800,1800,1800,36962,10,110.0,484.1407751358655,7.26743700215593,135192.1857769994,44.98782533412694
1781568569,144,GET,/api/load/memory-heavy [GET],41.400000,0.000000,28,120,210,280,430,520,620,680,910,910,910,18695,8,41,293.45176566651617,1.5872470030444674,19844.133311002224,51.97774806097887
1781568569,144,GET,/api/products [GET],85.100000,0.000000,14,63,98,130,250,360,430,510,830,830,830,37188,11,17,181.20499877189766,0.7548880021204241,36473.63180299726,119.96450467892869
1781568569,144,,Aggregated,211.500000,0.000000,36,110,200,280,500,730,970,1100,1700,1800,1800,92845,29,42,324.40673793997166,0.7548880021204241,135192.1857769994,76.42634498357478
1781568570,142,GET,/api/load/cpu-heavy [GET],87.100000,0.000000,74,240,400,520,770,940,1200,1500,1800,1800,1800,37042,10,110.0,483.59914323086963,7.26743700215593,135192.1857769994,44.98785162788187
1781568570,142,GET,/api/load/memory-heavy [GET],42.000000,0.000000,27,110,200,270,410,500,620,730,910,910,910,18735,8,41,293.07752301785365,1.5872470030444674,19844.133311002224,51.977795569789166
1781568570,142,GET,/api/products [GET],86.900000,0.000000,15,58,94,120,220,330,410,500,830,830,830,37261,11,17,180.9739927890368,0.7548880021204241,36473.63180299726,119.96457421969352
1781568570,142,,Aggregated,216.000000,0.000000,36,110,200,270,490,700,940,1100,1700,1800,1800,93038,29,42,324.0348975967844,0.7548880021204241,135192.1857769994,76.42300995292246
1781568571,140,GET,/api/load/cpu-heavy [GET],87.300000,0.000000,75,210,370,450,720,920,1200,1500,1800,1800,1800,37132,10,110.0,482.9907182310918,7.26743700215593,135192.1857769994,44.98788107292901
1781568571,140,GET,/api/load/memory-heavy [GET],42.400000,0.000000,28,110,190,240,380,460,590,630,910,910,910,18782,8,41,292.66979150439295,1.5872470030444674,19844.133311002224,51.97785113406453
1781568571,140,GET,/api/products [GET],87.400000,0.000000,15,54,86,110,200,280,390,440,830,830,830,37318,11,17,180.77288331058176,0.7548880021204241,36473.63180299726,119.96462832949247
1781568571,140,,Aggregated,217.100000,0.000000,38,100,180,240,440,670,940,1100,1700,1800,1800,93232,29,42,323.68090175880246,0.7548880021204241,135192.1857769994,76.40700617813626
1781568572,138,GET,/api/load/cpu-heavy [GET],88.100000,0.000000,70,180,340,410,670,910,1100,1300,1800,1800,1800,37217,10,110.0,482.35149021280324,7.26743700215593,135192.1857769994,44.987908751377056
1781568572,138,GET,/api/load/memory-heavy [GET],43.000000,0.000000,25,84,180,240,380,470,620,690,910,910,910,18820,8,41,292.2339449956155,1.5872470030444674,19844.133311002224,51.9778958554729
1781568572,138,GET,/api/products [GET],85.300000,0.000000,12,46,79,98,180,260,380,430,830,830,830,37391,11,17,180.50768002731272,0.7548880021204241,36473.63180299726,119.96469738707175
1781568572,138,,Aggregated,216.400000,0.000000,33,87,160,220,410,620,920,1100,1800,1800,1800,93428,29,42,323.2529961036155,0.7548880021204241,135192.1857769994,76.40256668236503
1781568573,136,GET,/api/load/cpu-heavy [GET],87.800000,0.000000,70,180,340,410,670,910,1100,1200,1700,1700,1700,37299,10,110.0,481.8452638660262,7.26743700215593,135192.1857769994,44.98793533338696
1781568573,136,GET,/api/load/memory-heavy [GET],43.400000,0.000000,24,76,160,220,360,440,520,590,690,690,690,18845,8,41,291.9766902341462,1.5872470030444674,19844.133311002224,51.977925179092594
1781568573,136,GET,/api/products [GET],83.600000,0.000000,11,46,75,93,190,270,390,450,830,830,830,37468,11,17,180.24547371074675,0.7548880021204241,36473.63180299726,119.96476993701292
1781568573,136,,Aggregated,214.800000,0.000000,33,85,160,220,420,620,910,1000,1600,1700,1700,93612,29,42,322.9082236614496,0.7548880021204241,135192.1857769994,76.40440328163056
1781568574,134,GET,/api/load/cpu-heavy [GET],88.200000,0.000000,78,190,350,410,650,910,1100,1200,1700,1700,1700,37390,10,110.0,481.29540500625563,7.26743700215593,135192.1857769994,44.9879646964429
1781568574,134,GET,/api/load/memory-heavy [GET],43.200000,0.000000,26,69,140,200,340,430,520,590,690,690,690,18889,8,41,291.4669076205472,1.5872470030444674,19844.133311002224,51.977976600137644
1781568574,134,GET,/api/products [GET],82.100000,0.000000,12,48,72,88,170,260,350,410,630,630,630,37551,11,17,179.95664464142823,0.7548880021204241,36473.63180299726,119.9648478069825
1781568574,134,,Aggregated,213.500000,0.000000,36,85,150,220,410,620,920,1100,1600,1700,1700,93830,29,42,322.48433948799567,0.7548880021204241,135192.1857769994,76.40106575722051
1781568575,132,GET,/api/load/cpu-heavy [GET],87.500000,0.000000,78,180,300,380,580,810,1000,1100,1300,1300,1300,37470,10,110.0,480.5907619960482,7.26743700215593,135192.1857769994,44.987990392313854
1781568575,132,GET,/api/load/memory-heavy [GET],41.100000,0.000000,25,69,130,170,320,420,520,590,690,690,690,18927,8,41,291.0092093251714,1.5872470030444674,19844.133311002224,51.97802081682253
1781568575,132,GET,/api/products [GET],80.700000,0.000000,12,44,66,81,150,230,310,390,630,630,630,37639,11,16,179.62320718263652,0.7548880021204241,36473.63180299726,119.96492999282658
1781568575,132,,Aggregated,209.300000,0.000000,35,82,140,190,380,550,820,1000,1300,1300,1300,94036,29,42,321.96717270020656,0.7548880021204241,135192.1857769994,76.40529159045472
1781568576,130,GET,/api/load/cpu-heavy [GET],88.800000,0.000000,71,170,290,380,570,790,1000,1100,1300,1300,1300,37557,10,110.0,479.95062039808585,7.26743700215593,135192.1857769994,44.98801821231728
1781568576,130,GET,/api/load/memory-heavy [GET],40.000000,0.000000,25,67,120,160,310,370,510,590,690,690,690,18970,8,41,290.57724469871005,1.5872470030444674,19844.133311002224,51.978070637849235
1781568576,130,GET,/api/products [GET],81.900000,0.000000,9,40,61,74,130,210,290,330,630,630,630,37708,11,16,179.36007398674698,0.7548880021204241,36473.63180299726,119.96499416569428
1781568576,130,,Aggregated,210.700000,0.000000,31,78,130,180,360,550,810,1000,1300,1300,1300,94235,29,42,321.54789040290365,0.7548880021204241,135192.1857769994,76.39708176367591
1781568577,128,GET,/api/load/cpu-heavy [GET],88.000000,0.000000,78,190,310,400,600,790,1000,1100,1300,1300,1300,37645,10,110.0,479.3251580326179,7.26743700215593,135192.1857769994,44.98804622127773
1781568577,128,GET,/api/load/memory-heavy [GET],39.700000,0.000000,29,76,120,170,310,380,510,590,690,690,690,19018,8,41,290.06468808373717,1.5872470030444674,19844.133311002224,51.978125985908086
1781568577,128,GET,/api/products [GET],79.900000,0.000000,7,36,59,72,130,210,290,330,630,630,630,37774,11,16,179.11169347467236,0.7548880021204241,36473.63180299726,119.96505532906232
1781568577,128,,Aggregated,207.600000,0.000000,33,81,140,200,390,560,810,1000,1300,1300,1300,94437,29,42,321.12848694289966,0.7548880021204241,135192.1857769994,76.38589747662463
1781568578,127,GET,/api/load/cpu-heavy [GET],85.800000,0.000000,76,200,330,410,590,790,1000,1100,1300,1300,1300,37722,10,110.0,478.5896012639019,7.26743700215593,135192.1857769994,44.98807062191825
1781568578,127,GET,/api/load/memory-heavy [GET],40.900000,0.000000,26,68,120,170,300,380,470,590,690,690,690,19061,8,41,289.5518211488119,1.5872470030444674,19844.133311002224,51.97817533182939
1781568578,127,GET,/api/products [GET],80.800000,0.000000,6,35,55,68,130,180,290,320,630,630,630,37863,11,16,178.73942612807303,0.7548880021204241,36473.63180299726,119.9651374692972
1781568578,127,,Aggregated,207.500000,0.000000,30,78,140,200,390,560,810,1000,1300,1300,1300,94646,29,42,320.56415583629064,0.7548880021204241,135192.1857769994,76.39029647317372
1781568579,125,GET,/api/load/cpu-heavy [GET],86.300000,0.000000,73,190,310,390,560,740,1000,1100,1300,1300,1300,37809,10,110.0,477.78061982133585,7.26743700215593,135192.1857769994,44.98809807188765
1781568579,125,GET,/api/load/memory-heavy [GET],39.900000,0.000000,23,67,110,160,270,380,450,540,690,690,690,19095,8,41,289.16141190324726,1.5872470030444674,19844.133311002224,51.97821419219691
1781568579,125,GET,/api/products [GET],79.200000,0.000000,6,36,55,71,130,180,280,310,630,630,630,37952,11,16,178.40874646230068,0.7548880021204241,36473.63180299726,119.9652192242833
1781568579,125,,Aggregated,205.400000,0.000000,27,75,130,180,380,550,770,1000,1300,1300,1300,94856,29,42,320.03155689523646,0.7548880021204241,135192.1857769994,76.39368094796323
1781568580,123,GET,/api/load/cpu-heavy [GET],85.300000,0.000000,57,150,250,340,550,740,1000,1100,1300,1300,1300,37885,10,110.0,476.9512847933713,7.26743700215593,135192.1857769994,44.988121948000526
1781568580,123,GET,/api/load/memory-heavy [GET],40.800000,0.000000,17,57,87,110,240,360,420,530,660,660,660,19145,8,41,288.48505281120464,1.5872470030444674,19844.133311002224,51.978271089057195
1781568580,123,GET,/api/products [GET],77.600000,0.000000,3,28,50,61,99,170,250,300,630,630,630,38027,11,16,178.07541954835386,0.7548880021204241,36473.63180299726,119.96528782181082
1781568580,123,,Aggregated,203.700000,0.000000,21,62,100,150,330,510,740,1000,1300,1300,1300,95057,29,41,319.42960265559157,0.7548880021204241,135192.1857769994,76.39015538045594
1781568581,121,GET,/api/load/cpu-heavy [GET],84.100000,0.000000,55,150,250,330,550,730,1000,1100,1300,1300,1300,37957,10,110.0,476.33503839415357,7.26743700215593,135192.1857769994,44.988144479279185
1781568581,121,GET,/api/load/memory-heavy [GET],40.200000,0.000000,17,55,86,110,210,340,410,530,660,660,660,19188,8,41,287.9482836086898,1.5872470030444674,19844.133311002224,51.97831978319783
1781568581,121,GET,/api/products [GET],74.900000,0.000000,4,24,48,60,97,160,240,300,630,630,630,38110,11,16,177.73747023577133,0.7548880021204241,36473.63180299726,119.9653634216741
1781568581,121,,Aggregated,199.200000,0.000000,20,60,96,140,310,500,730,920,1300,1300,1300,95255,29,41,318.9226361754825,0.7548880021204241,135192.1857769994,76.39341766836387
1781568582,119,GET,/api/load/cpu-heavy [GET],83.900000,0.000000,51,130,220,280,470,650,810,1100,1300,1300,1300,38030,10,110.0,475.579768791215,7.26743700215593,135192.1857769994,44.98816723639232
1781568582,119,GET,/api/load/memory-heavy [GET],39.500000,0.000000,16,50,82,96,190,280,390,420,600,600,600,19236,8,40,287.3034501020239,1.5872470030444674,19844.133311002224,51.97837388230401
1781568582,119,GET,/api/products [GET],77.700000,0.000000,4,22,44,54,85,140,190,260,630,630,630,38189,11,16,177.39644083582368,0.7548880021204241,36473.63180299726,119.96543507292675
1781568582,119,,Aggregated,201.100000,0.000000,19,55,88,120,260,440,650,770,1300,1300,1300,95455,29,41,318.34330786623684,0.7548880021204241,135192.1857769994,76.39323241317898
1781568583,117,GET,/api/load/cpu-heavy [GET],82.400000,0.000000,48,120,200,250,440,560,700,760,1100,1100,1100,38107,10,110.0,474.8889783701123,7.26743700215593,135192.1857769994,44.98819114598368
1781568583,117,GET,/api/load/memory-heavy [GET],39.800000,0.000000,15,47,75,90,180,260,360,390,450,450,450,19278,8,40,286.7650222940401,1.5872470030444674,19844.133311002224,51.97842099802884
1781568583,117,GET,/api/products [GET],77.300000,0.000000,4,17,38,50,79,120,170,190,280,280,280,38257,11,16,177.11796527161783,0.7548880021204241,36473.63180299726,119.96549651044253
1781568583,117,,Aggregated,199.500000,0.000000,17,51,80,110,240,390,560,680,1100,1100,1100,95642,29,41,317.86090207158566,0.7548880021204241,135192.1857769994,76.38824993203822
1781568584,115,GET,/api/load/cpu-heavy [GET],81.200000,0.000000,46,120,210,260,450,580,700,770,1100,1100,1100,38195,10,110.0,474.15153433949007,7.26743700215593,135192.1857769994,44.98821835318759
1781568584,115,GET,/api/load/memory-heavy [GET],41.000000,0.000000,13,46,72,89,190,260,360,390,450,450,450,19305,8,40,286.43067640997174,1.5872470030444674,19844.133311002224,51.97845117845118
1781568584,115,GET,/api/products [GET],78.400000,0.000000,3,15,34,49,76,120,170,190,360,360,360,38326,11,16,176.8436388765401,0.7548880021204241,36473.63180299726,119.96555862860721
1781568584,115,,Aggregated,200.600000,0.000000,16,50,80,110,240,400,580,690,1100,1100,1100,95826,29,41,317.4239910439082,0.7548880021204241,135192.1857769994,76.38395633752843
1781568585,113,GET,/api/load/cpu-heavy [GET],80.100000,0.000000,37,100,180,240,410,560,680,740,1100,1100,1100,38272,10,110.0,473.3003542312338,7.26743700215593,135192.1857769994,44.98824205685619
1781568585,113,GET,/api/load/memory-heavy [GET],42.200000,0.000000,12,39,62,81,160,240,360,390,450,450,450,19345,8,39,285.888538658024,1.5872470030444674,19844.133311002224,51.978495735332125
1781568585,113,GET,/api/products [GET],78.500000,0.000000,3,11,28,42,70,100,160,180,360,360,360,38410,11,16,176.4897703597833,0.7548880021204241,36473.63180299726,119.96563394949231
1781568585,113,,Aggregated,200.800000,0.000000,15,43,71,92,220,380,560,650,1000,1100,1100,96027,29,41,316.823778905896,0.7548880021204241,135192.1857769994,76.38678704947567
1781568586,111,GET,/api/load/cpu-heavy [GET],79.400000,0.000000,27,77,130,190,350,490,610,710,1000,1000,1000,38339,10,110.0,472.52054901462697,7.26743700215593,135192.1857769994,44.988262604658445
1781568586,111,GET,/api/load/memory-heavy [GET],42.100000,0.000000,10,29,52,67,130,200,280,380,450,450,450,19384,8,39,285.3368229405417,1.5872470030444674,19844.133311002224,51.97853900123813
1781568586,111,GET,/api/products [GET],76.600000,0.000000,2,8,20,32,63,85,150,180,360,360,360,38498,11,15,176.09197124687563,0.7548880021204241,36473.63180299726,119.96571250454569
1781568586,111,,Aggregated,198.100000,0.000000,12,30,58,75,170,300,480,590,780,1000,1000,96221,29,40,316.21083769253494,0.7548880021204241,135192.1857769994,76.39493457769095
1781568587,109,GET,/api/load/cpu-heavy [GET],79.200000,0.000000,25,68,110,150,310,440,590,670,1000,1000,1000,38412,10,110.0,471.7289639548005,7.26743700215593,135192.1857769994,44.988284910965326
1781568587,109,GET,/api/load/memory-heavy [GET],40.900000,0.000000,9,21,43,57,98,180,240,280,380,380,380,19419,8,39,284.8646121259842,1.5872470030444674,19844.133311002224,51.97857768165199
1781568587,109,GET,/api/products [GET],78.000000,0.000000,2,7,18,30,63,84,140,170,360,360,360,38575,11,15,175.77438334763957,0.7548880021204241,36473.63180299726,119.96578094620868
1781568587,109,,Aggregated,198.100000,0.000000,11,27,52,69,150,270,440,560,770,1000,1000,96406,29,40,315.6684822930257,0.7548880021204241,135192.1857769994,76.39713295852955
1781568588,108,GET,/api/load/cpu-heavy [GET],78.600000,0.000000,23,62,95,130,270,410,560,650,1000,1000,1000,38485,10,110.0,470.9090945136751,7.26743700215593,135192.1857769994,44.98830713264908
1781568588,108,GET,/api/load/memory-heavy [GET],41.100000,0.000000,8,17,39,54,87,130,210,260,380,380,380,19458,8,38,284.3362127965617,1.5872470030444674,19844.133311002224,51.97862061876863
1781568588,108,GET,/api/products [GET],78.700000,0.000000,2,5,11,23,55,77,100,160,360,360,360,38658,11,15,175.41309349666764,0.7548880021204241,36473.63180299726,119.96585441564488
1781568588,108,,Aggregated,198.400000,0.000000,11,23,46,62,120,250,410,530,770,1000,1000,96601,29,40,315.07613688624724,0.7548880021204241,135192.1857769994,76.40102069336757
1781568589,106,GET,/api/load/cpu-heavy [GET],76.400000,0.000000,21,57,87,110,260,390,560,610,1000,1000,1000,38560,10,110.0,470.05331237481386,7.26743700215593,135192.1857769994,44.98832987551867
1781568589,106,GET,/api/load/memory-heavy [GET],41.100000,0.000000,8,15,33,50,84,130,200,250,360,360,360,19492,8,38,283.86148060360597,1.5872470030444674,19844.133311002224,51.97865791093782
1781568589,106,GET,/api/products [GET],79.100000,0.000000,2,4,10,18,51,74,94,140,360,360,360,38728,11,15,175.10775918674273,0.7548880021204241,36473.63180299726,119.96591613303036
1781568589,106,,Aggregated,196.600000,0.000000,10,20,39,58,110,230,380,520,770,1000,1000,96780,29,40,314.5263174507376,0.7548880021204241,135192.1857769994,76.3996486877454
1781568590,104,GET,/api/load/cpu-heavy [GET],76.000000,0.000000,18,40,75,96,230,360,560,610,1000,1000,1000,38626,10,100.0,469.2998959722419,7.26743700215593,135192.1857769994,44.98834981618599
1781568590,104,GET,/api/load/memory-heavy [GET],40.000000,0.000000,7,11,26,39,72,130,190,240,280,280,280,19532,8,38,283.3000855889555,1.5872470030444674,19844.133311002224,51.97870161785787
1781568590,104,GET,/api/products [GET],77.400000,0.000000,2,3,7,11,43,69,88,140,360,360,360,38797,11,14,174.80314190491939,0.7548880021204241,36473.63180299726,119.9659767507797
1781568590,104,,Aggregated,193.400000,0.000000,10,16,29,46,95,190,360,530,770,1000,1000,96955,29,39,313.98517405015065,0.7548880021204241,135192.1857769994,76.39923675932134
1781568591,102,GET,/api/load/cpu-heavy [GET],75.700000,0.000000,17,37,68,83,150,310,520,590,1000,1000,1000,38710,10,100.0,468.3661482996083,7.26743700215593,135192.1857769994,44.988375096874194
1781568591,102,GET,/api/load/memory-heavy [GET],39.300000,0.000000,7,11,19,32,60,86,180,240,280,280,280,19568,8,37,282.8187181094379,1.5872470030444674,19844.133311002224,51.978740801308255
1781568591,102,GET,/api/products [GET],78.900000,0.000000,2,3,6,11,44,69,87,130,360,360,360,38855,11,14,174.5621366840857,0.7548880021204241,36473.63180299726,119.96602753828336
1781568591,102,,Aggregated,193.900000,0.000000,10,16,27,43,84,150,310,470,770,1000,1000,97133,29,39,313.45950498289307,0.7548880021204241,135192.1857769994,76.38907477376381
1781568592,100,GET,/api/load/cpu-heavy [GET],74.800000,0.000000,18,34,67,83,150,270,420,550,1000,1000,1000,38790,10,100.0,467.5178621338704,7.26743700215593,135192.1857769994,44.988399071925755
1781568592,100,GET,/api/load/memory-heavy [GET],39.800000,0.000000,7,11,20,33,60,93,190,220,280,280,280,19591,8,37,282.51685717250183,1.5872470030444674,19844.133311002224,51.978765759787656
1781568592,100,GET,/api/products [GET],75.500000,0.000000,2,3,5,10,41,69,88,140,360,360,360,38915,11,14,174.3106936565635,0.7548880021204241,36473.63180299726,119.96607991776949
1781568592,100,,Aggregated,190.100000,0.000000,10,16,27,42,84,150,280,380,690,1000,1000,97296,29,39,312.9944320905728,0.7548880021204241,135192.1857769994,76.38439401414242
1781568593,98,GET,/api/load/cpu-heavy [GET],74.800000,0.000000,17,28,51,71,110,190,310,380,1000,1000,1000,38865,10,100.0,466.69151167250334,7.26743700215593,135192.1857769994,44.98842145889618
1781568593,98,GET,/api/load/memory-heavy [GET],38.000000,0.000000,7,10,14,24,57,80,140,170,220,220,220,19626,8,37,282.07142079259455,1.5872470030444674,19844.133311002224,51.97880362784062
1781568593,98,GET,/api/products [GET],75.200000,0.000000,2,2,4,8,32,62,84,100,360,360,360,38994,11,14,173.9793371129448,0.7548880021204241,36473.63180299726,119.96614863825204
1781568593,98,,Aggregated,188.000000,0.000000,10,14,23,33,74,110,200,300,650,1000,1000,97485,29,39,312.438319505661,0.7548880021204241,135192.1857769994,76.38683900087193
1781568594,96,GET,/api/load/cpu-heavy [GET],75.000000,0.000000,17,27,43,64,99,150,260,310,550,550,550,38929,10,100.0,465.9708897161462,7.26743700215593,135192.1857769994,44.98844049423309
1781568594,96,GET,/api/load/memory-heavy [GET],36.100000,0.000000,7,10,13,21,54,80,140,170,220,220,220,19664,8,36,281.5531266706898,1.5872470030444674,19844.133311002224,51.97884458909682
1781568594,96,GET,/api/products [GET],74.200000,0.000000,2,2,4,7,31,55,78,100,170,170,170,39059,11,14,173.70162370562886,0.7548880021204241,36473.63180299726,119.96620497196548
1781568594,96,,Aggregated,185.300000,0.000000,10,14,21,30,71,100,170,230,470,550,550,97652,29,38,311.9327117614626,0.7548880021204241,135192.1857769994,76.38580879039856
1781568595,94,GET,/api/load/cpu-heavy [GET],76.200000,0.000000,17,25,39,55,95,140,230,300,550,550,550,39002,10,100.0,465.1589270012776,7.26743700215593,135192.1857769994,44.98846213014717
1781568595,94,GET,/api/load/memory-heavy [GET],35.500000,0.000000,7,9,12,17,55,85,140,160,220,220,220,19702,8,36,281.0387700797097,1.5872470030444674,19844.133311002224,51.97888539234595
1781568595,94,GET,/api/products [GET],72.700000,0.000000,2,2,4,7,31,52,77,88,170,170,170,39122,11,14,173.43281210483204,0.7548880021204241,36473.63180299726,119.96625939369153
1781568595,94,,Aggregated,184.400000,0.000000,10,14,21,29,67,95,150,200,470,550,550,97826,29,38,311.4120253734122,0.7548880021204241,135192.1857769994,76.381003005336
1781568596,92,GET,/api/load/cpu-heavy [GET],73.700000,0.000000,17,24,40,55,95,140,230,300,550,550,550,39061,10,100.0,464.4890065666991,7.26743700215593,135192.1857769994,44.988479557615015
1781568596,92,GET,/api/load/memory-heavy [GET],35.300000,0.000000,7,9,12,17,53,80,130,140,190,190,190,19730,8,36,280.6504135157849,1.5872470030444674,19844.133311002224,51.97891535732387
1781568596,92,GET,/api/products [GET],73.400000,0.000000,2,2,4,8,31,51,77,88,170,170,170,39182,11,14,173.1722253473591,0.7548880021204241,36473.63180299726,119.96631106120157
1781568596,92,,Aggregated,182.400000,0.000000,10,14,20,29,67,95,150,200,470,550,550,97973,29,38,310.96191683145787,0.7548880021204241,135192.1857769994,76.3818501015586
1781568597,90,GET,/api/load/cpu-heavy [GET],73.000000,0.000000,16,24,38,50,87,130,190,240,310,310,310,39136,10,99,463.6597640882783,7.26743700215593,135192.1857769994,44.988501635322976
1781568597,90,GET,/api/load/memory-heavy [GET],36.000000,0.000000,6,9,11,14,48,80,130,140,190,190,190,19758,8,35,280.26458512928633,1.5872470030444674,19844.133311002224,51.9789452373722
1781568597,90,GET,/api/products [GET],71.000000,0.000000,2,2,4,6,27,41,64,77,150,150,150,39249,11,14,172.88739337288263,0.7548880021204241,36473.63180299726,119.96636856989987
1781568597,90,,Aggregated,180.000000,0.000000,10,13,19,25,56,88,140,190,300,310,310,98143,29,38,310.454270837813,0.7548880021204241,135192.1857769994,76.38068940219883
1781568598,89,GET,/api/load/cpu-heavy [GET],72.500000,0.000000,16,23,36,50,87,130,190,240,310,310,310,39192,10,98,463.0263242457338,7.26743700215593,135192.1857769994,44.988518064911204
1781568598,89,GET,/api/load/memory-heavy [GET],35.200000,0.000000,6,9,12,15,48,75,99,140,190,190,190,19800,8,35,279.69867628885964,1.5872470030444674,19844.133311002224,51.9789898989899
1781568598,89,GET,/api/products [GET],68.300000,0.000000,2,2,4,6,27,41,63,77,150,150,150,39314,11,13,172.60729480023093,0.7548880021204241,36473.63180299726,119.9664241745943
1781568598,89,,Aggregated,176.000000,0.000000,10,13,19,25,56,88,140,190,300,310,310,98306,29,37,309.95915486475315,0.7548880021204241,135192.1857769994,76.38123817467907
1781568599,87,GET,/api/load/cpu-heavy [GET],71.800000,0.000000,15,22,33,49,90,130,200,270,390,390,390,39259,10,98,462.31216526372964,7.26743700215593,135192.1857769994,44.98853766015436
1781568599,87,GET,/api/load/memory-heavy [GET],33.900000,0.000000,6,8,11,14,48,75,130,160,290,290,290,19827,8,35,279.34409375631355,1.5872470030444674,19844.133311002224,51.979018510112475
1781568599,87,GET,/api/products [GET],67.600000,0.000000,2,2,4,6,27,41,63,78,150,150,150,39363,11,13,172.40483753932162,0.7548880021204241,36473.63180299726,119.96646597058151
1781568599,87,,Aggregated,173.300000,0.000000,10,13,18,24,56,88,140,190,310,390,390,98449,29,37,309.54951561778614,0.7548880021204241,135192.1857769994,76.37490477302968
1781568600,85,GET,/api/load/cpu-heavy [GET],71.100000,0.000000,15,21,32,49,91,140,230,280,400,400,400,39315,10,97,461.70690292719667,7.26743700215593,135192.1857769994,44.98855398702785
1781568600,85,GET,/api/load/memory-heavy [GET],33.300000,0.000000,6,9,12,15,52,80,140,170,290,290,290,19856,8,35,278.98320754479585,1.5872470030444674,19844.133311002224,51.979049153908136
1781568600,85,GET,/api/products [GET],66.700000,0.000000,2,2,4,7,30,43,75,82,150,150,150,39425,11,13,172.1568829786255,0.7548880021204241,36473.63180299726,119.96651870640457
1781568600,85,,Aggregated,171.100000,0.000000,10,13,19,26,58,93,160,220,390,400,400,98596,29,37,309.1279825654635,0.7548880021204241,135192.1857769994,76.37734796543471
1781568601,83,GET,/api/load/cpu-heavy [GET],69.700000,0.000000,14,21,31,42,91,140,260,310,480,480,480,39380,10,97,461.03781327553907,7.26743700215593,135192.1857769994,44.98857287963433
1781568601,83,GET,/api/load/memory-heavy [GET],33.600000,0.000000,6,9,12,15,48,87,160,190,350,350,350,19889,8,34,278.56428377120244,1.5872470030444674,19844.133311002224,51.97908391573232
1781568601,83,GET,/api/products [GET],63.700000,0.000000,2,2,4,6,27,41,76,82,150,150,150,39479,11,13,171.93124679220153,0.7548880021204241,36473.63180299726,119.96656450264697
1781568601,83,,Aggregated,167.000000,0.000000,9,13,18,24,54,93,180,240,450,480,480,98748,29,37,308.7020275734743,0.7548880021204241,135192.1857769994,76.37240247903755
1781568602,81,GET,/api/load/cpu-heavy [GET],68.000000,0.000000,14,20,30,39,84,130,220,310,480,480,480,39443,10,96,460.36638404423474,7.26743700215593,135192.1857769994,44.988591131506226
1781568602,81,GET,/api/load/memory-heavy [GET],32.800000,0.000000,6,8,11,14,45,74,120,170,350,350,350,19916,8,34,278.2130179304308,1.5872470030444674,19844.133311002224,51.97911227154047
1781568602,81,GET,/api/products [GET],63.500000,0.000000,2,2,3,5,22,38,60,76,150,150,150,39532,11,13,171.71103478557347,0.7548880021204241,36473.63180299726,119.96660932915107
1781568602,81,,Aggregated,164.300000,0.000000,9,12,17,22,48,82,150,220,450,480,480,98891,29,37,308.2909706454828,0.7548880021204241,135192.1857769994,76.36914380479517
1781568603,79,GET,/api/load/cpu-heavy [GET],67.700000,0.000000,14,20,28,39,88,140,220,310,480,480,480,39497,10,95,459.77254272913973,7.26743700215593,135192.1857769994,44.98860672962503
1781568603,79,GET,/api/load/memory-heavy [GET],31.800000,0.000000,6,8,11,13,40,66,120,170,350,350,350,19946,8,34,277.808345380751,1.5872470030444674,19844.133311002224,51.97914368795748
1781568603,79,GET,/api/products [GET],62.700000,0.000000,2,2,3,5,22,39,64,76,150,150,150,39580,11,13,171.50816457150893,0.7548880021204241,36473.63180299726,119.966649823143
1781568603,79,,Aggregated,162.200000,0.000000,9,12,16,21,48,87,160,230,450,480,480,99023,29,36,307.89911970832577,0.7548880021204241,135192.1857769994,76.36580390414348
1781568604,77,GET,/api/load/cpu-heavy [GET],66.400000,0.000000,14,18,27,37,88,140,230,330,480,480,480,39554,10,95,459.1411799483957,7.26743700215593,135192.1857769994,44.98862314810133
1781568604,77,GET,/api/load/memory-heavy [GET],32.700000,0.000000,6,8,10,12,39,66,120,230,350,350,350,19980,8,33,277.35655783731164,1.5872470030444674,19844.133311002224,51.97917917917918
1781568604,77,GET,/api/products [GET],61.100000,0.000000,2,2,3,5,18,38,64,76,150,150,150,39634,11,13,171.27859855697997,0.7548880021204241,36473.63180299726,119.96669526164405
1781568604,77,,Aggregated,160.200000,0.000000,9,12,15,19,46,85,160,230,450,480,480,99168,29,36,307.46722967565745,0.7548880021204241,135192.1857769994,76.36318167150694
1781568605,75,GET,/api/load/cpu-heavy [GET],64.000000,0.000000,14,19,27,37,88,160,230,330,480,480,480,39607,10,95,458.58006864132153,7.26743700215593,135192.1857769994,44.98863837200495
1781568605,75,GET,/api/load/memory-heavy [GET],31.600000,0.000000,6,7,10,12,37,72,160,230,350,350,350,20013,8,33,276.9241614303459,1.5872470030444674,19844.133311002224,51.97921351121771
1781568605,75,GET,/api/products [GET],60.800000,0.000000,2,2,3,4,17,36,64,76,150,150,150,39679,11,13,171.08756368808014,0.7548880021204241,36473.63180299726,119.9667330325865
1781568605,75,,Aggregated,156.400000,0.000000,9,12,15,20,47,88,170,230,450,480,480,99299,29,36,307.08916968913667,0.7548880021204241,135192.1857769994,76.35812042417345
1781568606,73,GET,/api/load/cpu-heavy [GET],62.700000,0.000000,13,18,27,36,90,160,230,330,480,480,480,39645,10,94,458.1561938190901,7.26743700215593,135192.1857769994,44.988649262202046
1781568606,73,GET,/api/load/memory-heavy [GET],31.500000,0.000000,6,7,10,12,39,72,160,230,350,350,350,20036,8,33,276.6177970399039,1.5872470030444674,19844.133311002224,51.97923737272909
1781568606,73,GET,/api/products [GET],57.900000,0.000000,2,2,2,4,15,36,71,76,150,150,150,39736,11,13,170.8498681579257,0.7548880021204241,36473.63180299726,119.9667807529696
1781568606,73,,Aggregated,152.100000,0.000000,9,11,15,19,47,88,170,230,450,480,480,99417,29,36,306.7363413357132,0.7548880021204241,135192.1857769994,76.36552098735629
1781568607,71,GET,/api/load/cpu-heavy [GET],61.100000,0.000000,13,18,23,31,82,160,240,330,480,480,480,39695,10,94,457.598108302603,7.26743700215593,135192.1857769994,44.98866355964227
1781568607,71,GET,/api/load/memory-heavy [GET],31.300000,0.000000,6,7,10,11,39,69,160,230,350,350,350,20063,8,33,276.25981012169314,1.5872470030444674,19844.133311002224,51.97926531426008
1781568607,71,GET,/api/products [GET],56.400000,0.000000,2,2,2,3,15,37,71,76,150,150,150,39783,11,13,170.65182184594826,0.7548880021204241,36473.63180299726,119.96681999849181
1781568607,71,,Aggregated,148.800000,0.000000,9,11,14,18,44,82,170,230,450,480,480,99541,29,35,306.36620998423405,0.7548880021204241,135192.1857769994,76.36375965682483
1781568608,70,GET,/api/load/cpu-heavy [GET],59.300000,0.000000,13,17,22,30,82,160,240,330,480,480,480,39748,10,93,457.0126872120822,7.26743700215593,135192.1857769994,44.98867867565664
1781568608,70,GET,/api/load/memory-heavy [GET],30.000000,0.000000,6,7,10,12,37,72,160,230,350,350,350,20086,8,32,275.9521437693674,1.5872470030444674,19844.133311002224,51.979289057054665
1781568608,70,GET,/api/products [GET],55.700000,0.000000,2,2,2,3,13,36,71,76,150,150,150,39834,11,12,170.43640067526135,0.7548880021204241,36473.63180299726,119.96686247928905
1781568608,70,,Aggregated,145.000000,0.000000,9,11,14,18,42,85,170,230,450,480,480,99668,29,35,305.9886687357593,0.7548880021204241,135192.1857769994,76.36378777541438
1781568609,68,GET,/api/load/cpu-heavy [GET],57.000000,0.000000,13,17,20,27,65,120,200,250,480,480,480,39793,10,93,456.52238397107067,7.26743700215593,135192.1857769994,44.988691478400725
1781568609,68,GET,/api/load/memory-heavy [GET],30.500000,0.000000,6,7,10,11,36,72,160,180,350,350,350,20108,8,32,275.67163899674296,1.5872470030444674,19844.133311002224,51.97931171672966
1781568609,68,GET,/api/products [GET],54.100000,0.000000,2,2,2,3,11,33,71,76,150,150,150,39883,11,12,170.23745409864762,0.7548880021204241,36473.63180299726,119.96690319183612
1781568609,68,,Aggregated,141.600000,0.000000,9,11,14,16,36,76,160,200,450,480,480,99784,29,35,305.6520175992504,0.7548880021204241,135192.1857769994,76.36569991180951
1781568610,66,GET,/api/load/cpu-heavy [GET],55.300000,0.000000,13,16,19,25,56,110,180,200,280,280,280,39831,10,92,456.11284933963066,7.26743700215593,135192.1857769994,44.98870226707841
1781568610,66,GET,/api/load/memory-heavy [GET],29.400000,0.000000,6,7,9,11,23,60,100,160,180,180,180,20133,8,32,275.3495548319931,1.5872470030444674,19844.133311002224,51.97933740624845
1781568610,66,GET,/api/products [GET],52.600000,0.000000,2,2,2,2,8,21,64,75,90,90,90,39942,11,12,169.9927576689796,0.7548880021204241,36473.63180299726,119.96695208051675
1781568610,66,,Aggregated,137.300000,0.000000,7,11,13,15,30,69,120,170,250,280,280,99906,29,35,305.2959203280448,0.7548880021204241,135192.1857769994,76.3734410345725
1781568611,64,GET,/api/load/cpu-heavy [GET],55.000000,0.000000,12,15,18,20,46,110,170,200,280,280,280,39873,10,92,455.65092148172494,7.26743700215593,135192.1857769994,44.98871416748175
1781568611,64,GET,/api/load/memory-heavy [GET],28.000000,0.000000,5,7,9,9,17,56,92,160,180,180,180,20160,8,32,274.9924392537452,1.5872470030444674,19844.133311002224,51.97936507936508
1781568611,64,GET,/api/products [GET],52.500000,0.000000,1,2,2,2,5,15,62,73,90,90,90,39984,11,12,169.81753146914713,0.7548880021204241,36473.63180299726,119.96698679471788
1781568611,64,,Aggregated,135.500000,0.000000,7,10,12,14,23,61,120,170,250,280,280,100017,29,35,304.96816487055827,0.7548880021204241,135192.1857769994,76.372006758851
1781568612,62,GET,/api/load/cpu-heavy [GET],53.500000,0.000000,12,15,17,19,48,98,170,190,250,250,250,39916,10,91,455.1908931909224,7.26743700215593,135192.1857769994,44.988726325283096
1781568612,62,GET,/api/load/memory-heavy [GET],27.400000,0.000000,5,7,9,10,17,51,92,160,180,180,180,20184,8,32,274.6774275856364,1.5872470030444674,19844.133311002224,51.97938961553706
1781568612,62,GET,/api/products [GET],50.900000,0.000000,1,2,2,2,5,15,62,73,90,90,90,40026,11,12,169.6451826491133,0.7548880021204241,36473.63180299726,119.96702143606656
1781568612,62,,Aggregated,131.800000,0.000000,6,10,11,14,21,61,120,170,220,250,250,100126,29,34,304.65320667669414,0.7548880021204241,135192.1857769994,76.37099254938776
1781568613,60,GET,/api/load/cpu-heavy [GET],50.500000,0.000000,12,15,18,20,52,110,180,200,250,250,250,39958,10,91,454.7472366288056,7.26743700215593,135192.1857769994,44.98873817508384
1781568613,60,GET,/api/load/memory-heavy [GET],27.500000,0.000000,5,7,8,10,23,51,92,160,180,180,180,20201,8,32,274.4613069257207,1.5872470030444674,19844.133311002224,51.979406960051485
1781568613,60,GET,/api/products [GET],50.800000,0.000000,1,2,2,2,6,20,66,75,90,90,90,40073,11,12,169.45549453216316,0.7548880021204241,36473.63180299726,119.9670601152896
1781568613,60,,Aggregated,128.800000,0.000000,6,10,12,14,24,62,110,170,220,250,250,100232,29,34,304.35163395729495,0.7548880021204241,135192.1857769994,76.37417192114295
1781568614,58,GET,/api/load/cpu-heavy [GET],47.900000,0.000000,11,15,18,20,49,120,190,250,370,370,370,39995,10,91,454.3792654996825,7.26743700215593,135192.1857769994,44.98874859357419
1781568614,58,GET,/api/load/memory-heavy [GET],26.100000,0.000000,5,7,9,10,23,55,92,160,180,180,180,20224,8,31,274.15981968955174,1.5872470030444674,19844.133311002224,51.97943037974684
1781568614,58,GET,/api/products [GET],50.500000,0.000000,1,2,2,2,6,20,67,75,90,90,90,40113,11,12,169.2909968779288,0.7548880021204241,36473.63180299726,119.96709296238127
1781568614,58,,Aggregated,124.500000,0.000000,6,10,11,14,23,63,120,180,350,370,370,100332,29,34,304.0732435795714,0.7548880021204241,135192.1857769994,76.37440696886337
1781568615,56,GET,/api/load/cpu-heavy [GET],46.600000,0.000000,11,15,18,20,48,110,180,210,370,370,370,40038,10,90,453.91274911118927,7.26743700215593,135192.1857769994,44.98876067735651
1781568615,56,GET,/api/load/memory-heavy [GET],26.000000,0.000000,5,7,9,10,21,51,87,100,170,170,170,20242,8,31,273.9230431176507,1.5872470030444674,19844.133311002224,51.979448671079936
1781568615,56,GET,/api/products [GET],48.500000,0.000000,1,2,2,2,6,22,67,75,90,90,90,40156,11,12,169.11341924769266,0.7548880021204241,36473.63180299726,119.96712820001993
1781568615,56,,Aggregated,121.100000,0.000000,6,10,12,14,23,61,110,170,350,370,370,100436,29,34,303.7698370207048,0.7548880021204241,135192.1857769994,76.37528376279421
1781568616,54,GET,/api/load/cpu-heavy [GET],45.100000,0.000000,11,15,17,20,46,110,180,210,370,370,370,40074,10,90,453.5231270484547,7.26743700215593,135192.1857769994,44.98877077406797
1781568616,54,GET,/api/load/memory-heavy [GET],25.100000,0.000000,5,7,8,9,20,45,87,100,170,170,170,20266,8,31,273.6099297862675,1.5872470030444674,19844.133311002224,51.979473008980555
1781568616,54,GET,/api/products [GET],48.400000,0.000000,1,2,2,2,5,21,67,75,90,90,90,40189,11,12,168.9766424393079,0.7548880021204241,36473.63180299726,119.96715519171913
1781568616,54,,Aggregated,118.600000,0.000000,6,10,12,14,23,59,110,180,350,370,370,100529,29,34,303.4991585849008,0.7548880021204241,135192.1857769994,76.37254921465448
1781568617,52,GET,/api/load/cpu-heavy [GET],43.800000,0.000000,11,15,17,19,46,110,180,210,370,370,370,40118,10,89,453.0383637276733,7.26743700215593,135192.1857769994,44.98878308988484
1781568617,52,GET,/api/load/memory-heavy [GET],23.300000,0.000000,5,7,8,9,23,45,87,100,170,170,170,20279,8,31,273.43763717281473,1.5872470030444674,19844.133311002224,51.979486167957
1781568617,52,GET,/api/products [GET],47.800000,0.000000,1,2,2,2,4,21,67,75,90,90,90,40234,11,12,168.7891749873821,0.7548880021204241,36473.63180299726,119.96719192722573
1781568617,52,,Aggregated,114.900000,0.000000,6,10,11,14,23,59,110,180,350,370,370,100631,29,34,303.19780770037573,0.7548880021204241,135192.1857769994,76.3751925351035
1781568618,51,GET,/api/load/cpu-heavy [GET],43.000000,0.000000,11,14,16,19,46,110,190,290,370,370,370,40157,10,89,452.6094247827971,7.26743700215593,135192.1857769994,44.988793983614315
1781568618,51,GET,/api/load/memory-heavy [GET],23.300000,0.000000,5,6,8,9,20,45,87,100,170,170,170,20302,8,31,273.13485687496313,1.5872470030444674,19844.133311002224,51.97950940794011
1781568618,51,GET,/api/products [GET],46.700000,0.000000,1,2,2,2,4,18,66,75,90,90,90,40272,11,12,168.6318340860237,0.7548880021204241,36473.63180299726,119.96722288438617
1781568618,51,,Aggregated,113.000000,0.000000,6,10,11,12,22,56,110,180,350,370,370,100731,29,33,302.9033937674649,0.7548880021204241,135192.1857769994,76.3739365240095
1781568619,49,GET,/api/load/cpu-heavy [GET],42.600000,0.000000,11,13,15,17,32,94,190,290,370,370,370,40185,10,88,452.30141894888186,7.26743700215593,135192.1857769994,44.98880179171333
1781568619,49,GET,/api/load/memory-heavy [GET],22.500000,0.000000,5,6,7,8,12,27,55,62,92,92,92,20321,8,30,272.88462814760595,1.5872470030444674,19844.133311002224,51.979528566507554
1781568619,49,GET,/api/products [GET],45.000000,0.000000,1,2,2,2,3,15,44,67,81,81,81,40304,11,11,168.49908051568934,0.7548880021204241,36473.63180299726,119.96724890829694
1781568619,49,,Aggregated,110.100000,0.000000,5,10,11,11,18,44,92,150,370,370,370,100810,29,33,302.6704492624991,0.7548880021204241,135192.1857769994,76.3744767384188
1781568620,47,GET,/api/load/cpu-heavy [GET],41.600000,0.000000,11,13,15,17,32,94,190,290,370,370,370,40228,10,88,451.83045237401365,7.26743700215593,135192.1857769994,44.988813761559115
1781568620,47,GET,/api/load/memory-heavy [GET],21.600000,0.000000,5,6,7,8,12,38,59,68,92,92,92,20337,8,30,272.67426821392075,1.5872470030444674,19844.133311002224,51.97954467227221
1781568620,47,GET,/api/products [GET],44.200000,0.000000,1,2,2,2,3,12,44,67,81,81,81,40342,11,11,168.34176243593103,0.7548880021204241,36473.63180299726,119.96727975806851
1781568620,47,,Aggregated,107.400000,0.000000,6,10,11,12,19,44,92,150,370,370,370,100907,29,33,302.38591387077724,0.7548880021204241,135192.1857769994,76.37367080579148
1781568621,45,GET,/api/load/cpu-heavy [GET],40.100000,0.000000,11,12,15,17,29,90,190,290,370,370,370,40255,10,88,451.53542521957064,7.26743700215593,135192.1857769994,44.9888212644392
1781568621,45,GET,/api/load/memory-heavy [GET],21.400000,0.000000,5,6,7,9,16,33,55,62,68,68,68,20355,8,30,272.44183005494966,1.5872470030444674,19844.133311002224,51.97956276099239
1781568621,45,GET,/api/products [GET],42.400000,0.000000,1,2,2,2,3,10,40,52,81,81,81,40376,11,11,168.20122308751107,0.7548880021204241,36473.63180299726,119.96730731127403
1781568621,45,,Aggregated,103.900000,0.000000,6,10,11,11,18,36,90,150,370,370,370,100986,29,33,302.15479944114554,0.7548880021204241,135192.1857769994,76.37562632444101
1781568622,43,GET,/api/load/cpu-heavy [GET],38.400000,0.000000,11,12,13,15,21,46,150,290,370,370,370,40288,10,88,451.1744296139999,7.26743700215593,135192.1857769994,44.98883042096902
1781568622,43,GET,/api/load/memory-heavy [GET],21.000000,0.000000,5,6,7,8,15,31,51,59,68,68,68,20363,8,30,272.3367803409861,1.5872470030444674,19844.133311002224,51.97957079015862
1781568622,43,GET,/api/products [GET],41.800000,0.000000,1,2,2,2,2,4,21,44,67,67,67,40400,11,11,168.10215090384602,0.7548880021204241,36473.63180299726,119.96732673267327
1781568622,43,,Aggregated,101.200000,0.000000,6,9,11,11,17,23,55,150,370,370,370,101051,29,33,301.96471261924734,0.7548880021204241,135192.1857769994,76.37381124382738
1781568623,41,GET,/api/load/cpu-heavy [GET],38.800000,0.000000,11,11,12,14,18,22,46,90,180,180,180,40319,10,87,450.8381035176175,7.26743700215593,135192.1857769994,44.98883900890399
1781568623,41,GET,/api/load/memory-heavy [GET],20.100000,0.000000,5,6,7,7,9,22,31,61,68,68,68,20383,8,30,272.07837777522974,1.5872470030444674,19844.133311002224,51.97959083550017
1781568623,41,GET,/api/products [GET],39.300000,0.000000,1,2,2,2,2,3,12,22,44,44,44,40428,11,11,167.98683083002868,0.7548880021204241,36473.63180299726,119.96734936182844
1781568623,41,,Aggregated,98.200000,0.000000,5,9,10,11,14,19,31,46,180,180,180,101130,29,33,301.73525824894267,0.7548880021204241,135192.1857769994,76.37145258578067
1781568624,39,GET,/api/load/cpu-heavy [GET],37.800000,0.000000,11,11,12,13,17,22,56,90,180,180,180,40346,10,87,450.54513661564494,7.26743700215593,135192.1857769994,44.988846477965595
1781568624,39,GET,/api/load/memory-heavy [GET],19.100000,0.000000,5,6,6,7,9,22,33,61,68,68,68,20398,8,30,271.8844558009362,1.5872470030444674,19844.133311002224,51.97960584371017
1781568624,39,GET,/api/products [GET],38.300000,0.000000,1,2,2,2,2,3,18,23,62,62,62,40457,11,11,167.87029628322432,0.7548880021204241,36473.63180299726,119.96737276614677
1781568624,39,,Aggregated,95.200000,0.000000,5,9,10,11,14,19,36,61,180,180,180,101201,29,33,301.5298444486968,0.7548880021204241,135192.1857769994,76.37197260896632
1781568625,37,GET,/api/load/cpu-heavy [GET],36.300000,0.000000,10,11,12,13,17,19,31,69,180,180,180,40370,10,87,450.2856849474565,7.26743700215593,135192.1857769994,44.98885310874412
1781568625,37,GET,/api/load/memory-heavy [GET],18.000000,0.000000,5,6,6,7,9,22,33,61,68,68,68,20410,8,30,271.72830617435073,1.5872470030444674,19844.133311002224,51.9796178343949
1781568625,37,GET,/api/products [GET],36.700000,0.000000,1,2,2,2,2,2,5,18,62,62,62,40484,11,11,167.75977786852582,0.7548880021204241,36473.63180299726,119.96739452623258
1781568625,37,,Aggregated,91.000000,0.000000,5,9,10,11,13,17,26,55,180,180,180,101264,29,32,301.3469216856589,0.7548880021204241,135192.1857769994,76.37328171907095
1781568626,35,GET,/api/load/cpu-heavy [GET],35.700000,0.000000,10,11,12,13,16,18,22,30,79,79,79,40397,10,86,449.99191591783546,7.26743700215593,135192.1857769994,44.988860558952396
1781568626,35,GET,/api/load/memory-heavy [GET],17.400000,0.000000,5,6,6,7,9,15,33,55,61,61,61,20417,8,30,271.63689276762017,1.5872470030444674,19844.133311002224,51.979624822451875
1781568626,35,GET,/api/products [GET],35.600000,0.000000,1,2,2,2,2,2,5,18,62,62,62,40514,11,11,167.63688669594254,0.7548880021204241,36473.63180299726,119.96741867008936
1781568626,35,,Aggregated,88.700000,0.000000,5,9,10,11,13,16,22,33,79,79,79,101328,29,32,301.1603376615402,0.7548880021204241,135192.1857769994,76.37615466603505
1781568627,34,GET,/api/load/cpu-heavy [GET],34.100000,0.000000,10,11,12,13,16,18,22,46,79,79,79,40423,10,86,449.70988996983914,7.26743700215593,135192.1857769994,44.9888677238206
1781568627,34,GET,/api/load/memory-heavy [GET],17.600000,0.000000,5,6,7,7,9,13,33,55,61,61,61,20429,8,29,271.4806020162265,1.5872470030444674,19844.133311002224,51.97963679083656
1781568627,34,GET,/api/products [GET],33.800000,0.000000,1,2,2,2,2,3,5,18,62,62,62,40532,11,11,167.56311795804288,0.7548880021204241,36473.63180299726,119.967433139248
1781568627,34,,Aggregated,85.500000,0.000000,5,9,10,11,13,16,21,33,79,79,79,101384,29,32,300.9978734111449,0.7548880021204241,135192.1857769994,76.37296812120256
1781568628,32,GET,/api/load/cpu-heavy [GET],32.800000,0.000000,10,11,12,13,17,19,22,46,79,79,79,40447,10,86,449.4499595901013,7.26743700215593,135192.1857769994,44.988874329369295
1781568628,32,GET,/api/load/memory-heavy [GET],16.100000,0.000000,5,6,6,7,8,15,33,55,61,61,61,20441,8,29,271.32416582361367,1.5872470030444674,19844.133311002224,51.97964874516902
1781568628,32,GET,/api/products [GET],32.000000,0.000000,1,2,2,2,2,3,5,18,62,62,62,40547,11,11,167.5016806479,0.7548880021204241,36473.63180299726,119.96744518706686
1781568628,32,,Aggregated,80.900000,0.000000,5,9,10,11,13,17,22,41,79,79,79,101435,29,32,300.8501053321983,0.7548880021204241,135192.1857769994,76.36911322521811
1781568629,30,GET,/api/load/cpu-heavy [GET],31.200000,0.000000,10,11,12,13,16,18,21,46,79,79,79,40468,10,86,449.2221823894143,7.26743700215593,135192.1857769994,44.988880102797275
1781568629,30,GET,/api/load/memory-heavy [GET],14.600000,0.000000,5,6,6,7,9,15,33,55,61,61,61,20461,8,29,271.0649856361601,1.5872470030444674,19844.133311002224,51.97966863789649
1781568629,30,GET,/api/products [GET],31.400000,0.000000,1,2,2,2,2,3,6,18,62,62,62,40561,11,11,167.4444400105619,0.7548880021204241,36473.63180299726,119.96745642365819
1781568629,30,,Aggregated,77.200000,0.000000,6,9,10,11,13,17,21,41,79,79,79,101490,29,32,300.69068754857136,0.7548880021204241,135192.1857769994,76.3638388018524
1781568630,28,GET,/api/load/cpu-heavy [GET],29.800000,0.000000,10,11,12,13,16,18,21,46,79,79,79,40494,10,85,448.9406206564631,7.26743700215593,135192.1857769994,44.988887242554455
1781568630,28,GET,/api/load/memory-heavy [GET],14.400000,0.000000,5,6,6,7,9,13,33,55,61,61,61,20470,8,29,270.94818727559675,1.5872470030444674,19844.133311002224,51.97967757694187
1781568630,28,GET,/api/products [GET],29.200000,0.000000,1,2,2,2,2,3,6,18,62,62,62,40583,11,11,167.35440121416335,0.7548880021204241,36473.63180299726,119.96747406549541
1781568630,28,,Aggregated,73.400000,0.000000,6,9,10,11,13,17,21,41,79,79,79,101547,29,32,300.5254173030073,0.7548880021204241,135192.1857769994,76.36310279968882
1781568631,26,GET,/api/load/cpu-heavy [GET],28.200000,0.000000,10,11,12,13,16,18,26,46,79,79,79,40515,10,85,448.71442935026084,7.26743700215593,135192.1857769994,44.98889300259163
1781568631,26,GET,/api/load/memory-heavy [GET],14.000000,0.000000,5,6,7,7,8,10,26,55,61,61,61,20482,8,29,270.7925108453987,1.5872470030444674,19844.133311002224,51.97968948344888
1781568631,26,GET,/api/products [GET],27.200000,0.000000,1,2,2,2,2,3,6,18,62,62,62,40595,11,11,167.30538961409988,0.7548880021204241,36473.63180299726,119.9674836802562
1781568631,26,,Aggregated,69.400000,0.000000,6,9,10,10,13,16,21,46,79,79,79,101592,29,32,300.39569654741973,0.7548880021204241,135192.1857769994,76.3588963697929
1781568632,24,GET,/api/load/cpu-heavy [GET],28.000000,0.000000,10,11,12,13,16,18,26,46,79,79,79,40529,10,85,448.5629261172445,7.26743700215593,135192.1857769994,44.98889683930025
1781568632,24,GET,/api/load/memory-heavy [GET],13.700000,0.000000,5,6,7,7,9,11,26,55,61,61,61,20490,8,29,270.6892692891379,1.5872470030444674,19844.133311002224,51.97969741337238
1781568632,24,GET,/api/products [GET],24.700000,0.000000,1,2,2,2,2,3,6,18,62,62,62,40616,11,11,167.2196910374578,0.7548880021204241,36473.63180299726,119.96750049241678
1781568632,24,,Aggregated,66.400000,0.000000,6,9,10,10,13,16,21,46,79,79,79,101635,29,32,300.2708213855209,0.7548880021204241,135192.1857769994,76.36167658778965
1781568633,22,GET,/api/load/cpu-heavy [GET],26.300000,0.000000,10,11,12,13,16,18,21,38,69,69,69,40547,10,85,448.3686714332448,7.26743700215593,135192.1857769994,44.98890176831825
1781568633,22,GET,/api/load/memory-heavy [GET],13.100000,0.000000,5,5,7,7,9,10,12,12,55,55,55,20497,8,29,270.59854184370556,1.5872470030444674,19844.133311002224,51.979704346977606
1781568633,22,GET,/api/products [GET],23.500000,0.000000,1,2,2,2,2,3,6,18,62,62,62,40627,11,11,167.17484643297328,0.7548880021204241,36473.63180299726,119.96750929185025
1781568633,22,,Aggregated,62.900000,0.000000,6,9,10,10,13,16,19,21,69,69,69,101671,29,32,300.16696323244986,0.7548880021204241,135192.1857769994,76.35916829774469
1781568634,20,GET,/api/load/cpu-heavy [GET],25.300000,0.000000,10,11,11,12,16,18,21,21,46,46,46,40568,10,85,448.1417385243236,7.26743700215593,135192.1857769994,44.988907513310984
1781568634,20,GET,/api/load/memory-heavy [GET],12.800000,0.000000,5,5,6,7,9,9,11,12,12,12,12,20502,8,28,270.53358595514766,1.5872470030444674,19844.133311002224,51.979709296653986
1781568634,20,GET,/api/products [GET],21.200000,0.000000,1,2,2,2,2,3,4,5,6,6,6,40642,11,11,167.11369389319927,0.7548880021204241,36473.63180299726,119.96752128340141
1781568634,20,,Aggregated,59.300000,0.000000,6,9,10,10,12,15,18,21,46,46,46,101712,29,32,300.04845421301707,0.7548880021204241,135192.1857769994,76.35793220072361
1781568635,18,GET,/api/load/cpu-heavy [GET],24.200000,0.000000,10,11,11,12,15,17,21,21,71,71,71,40582,10,84,447.99244523334926,7.26743700215593,135192.1857769994,44.98891134000296
1781568635,18,GET,/api/load/memory-heavy [GET],12.300000,0.000000,5,5,6,7,8,9,11,12,12,12,12,20512,8,28,270.40425576810856,1.5872470030444674,19844.133311002224,51.979719188767554
1781568635,18,GET,/api/products [GET],21.100000,0.000000,1,2,2,2,2,2,3,4,4,4,4,40653,11,11,167.06891638928016,0.7548880021204241,36473.63180299726,119.96753007158144
1781568635,18,,Aggregated,57.600000,0.000000,6,9,10,10,12,15,18,21,71,71,71,101747,29,32,299.9480492274801,0.7548880021204241,135192.1857769994,76.35594169852673
1781568636,16,GET,/api/load/cpu-heavy [GET],22.500000,0.000000,10,11,11,12,15,17,21,38,71,71,71,40592,10,84,447.8849098007189,7.26743700215593,135192.1857769994,44.98891407173827
1781568636,16,GET,/api/load/memory-heavy [GET],11.400000,0.000000,5,5,6,7,8,9,11,11,12,12,12,20521,8,28,270.2879144560917,1.5872470030444674,19844.133311002224,51.979728083426735
1781568636,16,GET,/api/products [GET],19.000000,0.000000,1,2,2,2,2,2,3,3,4,4,4,40665,11,11,167.02005169173475,0.7548880021204241,36473.63180299726,119.96753965326448
1781568636,16,,Aggregated,52.900000,0.000000,6,9,10,10,12,15,18,20,71,71,71,101778,29,32,299.8584463560733,0.7548880021204241,135192.1857769994,76.35585293481891
1781568637,15,GET,/api/load/cpu-heavy [GET],22.000000,0.000000,10,11,11,12,15,17,21,38,71,71,71,40608,10,84,447.71322065641664,7.26743700215593,135192.1857769994,44.988918439716315
1781568637,15,GET,/api/load/memory-heavy [GET],10.100000,0.000000,5,5,6,7,8,9,11,12,12,12,12,20526,8,28,270.22336425389494,1.5872470030444674,19844.133311002224,51.97973302153366
1781568637,15,GET,/api/products [GET],18.000000,0.000000,1,2,2,2,2,2,3,3,4,4,4,40670,11,11,166.9996910712172,0.7548880021204241,36473.63180299726,119.96754364396361
1781568637,15,,Aggregated,50.100000,0.000000,6,9,10,10,11,14,17,20,71,71,71,101804,29,32,299.78410155747724,0.7548880021204241,135192.1857769994,76.35187222505992
1781568638,13,GET,/api/load/cpu-heavy [GET],20.600000,0.000000,10,11,11,12,15,18,21,38,71,71,71,40617,10,84,447.6166312909317,7.26743700215593,135192.1857769994,44.98892089519167
1781568638,13,GET,/api/load/memory-heavy [GET],10.400000,0.000000,5,5,6,7,8,9,11,12,12,12,12,20528,8,28,270.1975944115082,1.5872470030444674,19844.133311002224,51.979734996102884
1781568638,13,GET,/api/products [GET],16.600000,0.000000,1,2,2,2,2,2,3,3,4,4,4,40678,11,11,166.9672010713753,0.7548880021204241,36473.63180299726,119.96755002704164
1781568638,13,,Aggregated,47.600000,0.000000,6,9,10,10,11,14,18,21,71,71,71,101823,29,32,299.72945932062913,0.7548880021204241,135192.1857769994,76.35205209039215
1781568639,11,GET,/api/load/cpu-heavy [GET],19.800000,0.000000,10,11,11,12,15,18,36,38,71,71,71,40622,10,84,447.56282105853415,7.26743700215593,135192.1857769994,44.9889222588745
1781568639,11,GET,/api/load/memory-heavy [GET],10.100000,0.000000,5,5,6,7,7,9,10,12,12,12,12,20535,8,28,270.1072406438493,1.5872470030444674,19844.133311002224,51.97974190406623
1781568639,11,GET,/api/products [GET],14.600000,0.000000,1,2,2,2,2,2,3,3,4,4,4,40684,11,11,166.94282813605858,0.7548880021204241,36473.63180299726,119.96755481270279
1781568639,11,,Aggregated,44.500000,0.000000,5,9,10,10,11,14,19,21,71,71,71,101841,29,32,299.6774493921744,0.7548880021204241,135192.1857769994,76.35141053210397
1781568640,10,GET,/api/load/cpu-heavy [GET],18.300000,0.000000,10,11,11,11,14,18,21,36,71,71,71,40629,10,84,447.4874637349375,7.26743700215593,135192.1857769994,44.988924167466585
1781568640,10,GET,/api/load/memory-heavy [GET],9.600000,0.000000,5,5,6,7,7,9,9,12,12,12,12,20538,8,28,270.0684197396262,1.5872470030444674,19844.133311002224,51.97974486318044
1781568640,10,GET,/api/products [GET],13.500000,0.000000,2,2,2,2,2,2,3,3,4,4,4,40690,11,11,166.91847672886232,0.7548880021204241,36473.63180299726,119.96755959695257
1781568640,10,,Aggregated,41.400000,0.000000,5,9,10,10,11,13,19,21,71,71,71,101857,29,31,299.6313084696824,0.7548880021204241,135192.1857769994,76.35110988935469
1781568641,10,GET,/api/load/cpu-heavy [GET],16.800000,0.000000,10,11,11,11,14,18,21,36,71,71,71,40637,10,84,447.40125947653075,7.26743700215593,135192.1857769994,44.98892634790954
1781568641,10,GET,/api/load/memory-heavy [GET],8.400000,0.000000,5,5,5,6,8,9,9,12,12,12,12,20541,8,28,270.0298817945786,1.5872470030444674,19844.133311002224,51.97974782143031
1781568641,10,GET,/api/products [GET],12.600000,0.000000,2,2,2,2,2,2,3,4,4,4,4,40696,11,11,166.89411110886599,0.7548880021204241,36473.63180299726,119.96756437979163
1781568641,10,,Aggregated,37.800000,0.000000,5,9,10,10,11,13,18,21,71,71,71,101874,29,31,299.5823421969928,0.7548880021204241,135192.1857769994,76.3505016000157
1781568642,10,GET,/api/load/cpu-heavy [GET],14.600000,0.000000,10,11,11,11,13,16,19,36,71,71,71,40646,10,84,447.3043140152732,7.26743700215593,135192.1857769994,44.988928799881904
1781568642,10,GET,/api/load/memory-heavy [GET],7.100000,0.000000,5,5,5,6,7,9,9,9,9,9,9,20543,8,28,270.0041359719343,1.5872470030444674,19844.133311002224,51.97974979311687
1781568642,10,GET,/api/products [GET],12.000000,0.000000,2,2,2,2,2,2,3,4,4,4,4,40703,11,11,166.86574851817798,0.7548880021204241,36473.63180299726,119.96756995798836
1781568642,10,,Aggregated,33.700000,0.000000,5,9,10,10,11,13,17,19,71,71,71,101892,29,31,299.5305095068451,0.7548880021204241,135192.1857769994,76.35025320928041
1781568643,10,GET,/api/load/cpu-heavy [GET],13.200000,0.000000,10,11,11,11,14,18,71,100,110,110,110,40654,10,84,447.22302997761045,7.26743700215593,135192.1857769994,44.9889309785015
1781568643,10,GET,/api/load/memory-heavy [GET],6.800000,0.000000,5,5,6,6,8,9,10,10,10,10,10,20545,8,28,269.97854905682397,1.5872470030444674,19844.133311002224,51.97975176441957
1781568643,10,GET,/api/products [GET],10.500000,0.000000,2,2,2,2,2,3,3,4,4,4,4,40709,11,11,166.8413577984574,0.7548880021204241,36473.63180299726,119.96757473777298
1781568643,10,,Aggregated,30.500000,0.000000,6,9,10,10,11,14,19,71,110,110,110,101908,29,31,299.48639150704014,0.7548880021204241,135192.1857769994,76.34988420928681
1781568644,10,GET,/api/load/cpu-heavy [GET],12.400000,0.000000,10,11,11,11,14,18,100,110,110,110,110,40658,10,84,447.1800102393323,7.26743700215593,135192.1857769994,44.98893206748979
1781568644,10,GET,/api/load/memory-heavy [GET],5.700000,0.000000,5,5,6,7,8,9,10,10,10,10,10,20548,8,28,269.93989437631154,1.5872470030444674,19844.133311002224,51.97975472065408
1781568644,10,GET,/api/products [GET],9.900000,0.000000,2,2,2,2,2,2,3,3,3,3,3,40718,11,11,166.80482104198168,0.7548880021204241,36473.63180299726,119.96758190480868
1781568644,10,,Aggregated,28.000000,0.000000,5,9,10,10,11,14,18,36,110,110,110,101924,29,31,299.4400583684162,0.7548880021204241,135192.1857769994,76.35179153094462
1781568645,10,GET,/api/load/cpu-heavy [GET],11.000000,0.000000,10,11,11,11,14,19,100,110,110,110,110,40661,10,84,447.1478182450939,7.26743700215593,135192.1857769994,44.9889328840904
1781568645,10,GET,/api/load/memory-heavy [GET],5.200000,0.000000,5,6,7,7,8,9,10,10,10,10,10,20554,8,28,269.86276978638955,1.5872470030444674,19844.133311002224,51.9797606305342
1781568645,10,GET,/api/products [GET],8.600000,0.000000,2,2,2,2,2,2,3,3,3,3,3,40724,11,11,166.78048228441253,0.7548880021204241,36473.63180299726,119.96758668107259
1781568645,10,,Aggregated,24.800000,0.000000,5,9,10,10,11,13,19,100,110,110,110,101939,29,31,299.39674872623283,0.7548880021204241,135192.1857769994,76.35200463022004
1781568646,10,GET,/api/load/cpu-heavy [GET],10.200000,0.000000,10,11,11,11,12,18,100,110,110,110,110,40667,10,84,447.0832551607635,7.26743700215593,135192.1857769994,44.988934516930186
1781568646,10,GET,/api/load/memory-heavy [GET],4.600000,0.000000,5,5,7,7,7,9,10,10,10,10,10,20559,8,28,269.79832189612534,1.5872470030444674,19844.133311002224,51.97976555279926
1781568646,10,GET,/api/products [GET],8.100000,0.000000,2,2,2,2,2,2,3,3,3,3,3,40729,11,11,166.760235149314,0.7548880021204241,36473.63180299726,119.96759066021754
1781568646,10,,Aggregated,22.900000,0.000000,5,9,9,10,11,11,18,100,110,110,110,101955,29,31,299.350655238894,0.7548880021204241,135192.1857769994,76.35110588004511
1781568647,10,GET,/api/load/cpu-heavy [GET],8.800000,0.000000,10,11,11,11,16,22,100,110,110,110,110,40678,10,84,446.9664008521011,7.26743700215593,135192.1857769994,44.988937509218744
1781568647,10,GET,/api/load/memory-heavy [GET],4.500000,0.000000,5,6,7,7,7,9,10,10,10,10,10,20564,8,28,269.73407347317817,1.5872470030444674,19844.133311002224,51.97977047267069
1781568647,10,GET,/api/products [GET],7.500000,0.000000,2,2,2,2,2,2,3,3,3,3,3,40739,11,10,166.7197064016892,0.7548880021204241,36473.63180299726,119.96759861557722
1781568647,10,,Aggregated,20.800000,0.000000,5,9,10,10,11,14,22,100,110,110,110,101981,29,31,299.27638344262596,0.7548880021204241,135192.1857769994,76.35081044508291
1781568648,10,GET,/api/load/cpu-heavy [GET],7.900000,0.000000,10,11,11,12,16,27,110,140,140,140,140,40686,10,83,446.88381678785765,7.26743700215593,135192.1857769994,44.98893968441233
1781568648,10,GET,/api/load/memory-heavy [GET],3.800000,0.000000,5,6,7,7,8,9,10,10,10,10,10,20567,8,28,269.6955164314894,1.5872470030444674,19844.133311002224,51.97977342344532
1781568648,10,GET,/api/products [GET],7.100000,0.000000,2,2,2,2,2,2,3,3,3,3,3,40747,11,10,166.68726630584845,0.7548880021204241,36473.63180299726,119.96760497705353
1781568648,10,,Aggregated,18.800000,0.000000,5,9,10,10,11,15,27,110,140,140,140,102000,29,31,299.2230264357004,0.7548880021204241,135192.1857769994,76.35105882352941
1781568649,10,GET,/api/load/cpu-heavy [GET],7.000000,0.000000,10,11,11,12,16,27,110,140,140,140,140,40694,10,83,446.79793022290215,7.26743700215593,135192.1857769994,44.98894185875068
1781568649,10,GET,/api/load/memory-heavy [GET],3.900000,0.000000,5,5,6,7,8,9,10,10,10,10,10,20572,8,28,269.63112204867974,1.5872470030444674,19844.133311002224,51.97977833949057
1781568649,10,GET,/api/products [GET],6.600000,0.000000,2,2,2,2,2,2,3,3,3,3,3,40750,11,10,166.67512317657457,0.7548880021204241,36473.63180299726,119.96760736196319
1781568649,10,,Aggregated,17.500000,0.000000,5,9,10,10,11,15,27,110,140,140,140,102016,29,31,299.177165196846,0.7548880021204241,135192.1857769994,76.34869040150565
1781568650,10,GET,/api/load/cpu-heavy [GET],6.800000,0.000000,10,11,11,12,16,27,110,140,140,140,140,40702,10,83,446.7121791306516,7.26743700215593,135192.1857769994,44.988944032234286
1781568650,10,GET,/api/load/memory-heavy [GET],3.800000,0.000000,5,5,7,7,7,8,10,10,10,10,10,20575,8,28,269.59256706811357,1.5872470030444674,19844.133311002224,51.97978128797084
1781568650,10,GET,/api/products [GET],6.800000,0.000000,2,2,2,2,2,3,3,5,5,5,5,40754,11,10,166.65899937425564,0.7548880021204241,36473.63180299726,119.96761054129657
1781568650,10,,Aggregated,17.400000,0.000000,5,9,10,10,11,15,27,110,140,140,140,102031,29,31,299.1342537356337,0.7548880021204241,135192.1857769994,76.34722780331468
1781568651,10,GET,/api/load/cpu-heavy [GET],7.000000,0.000000,10,11,12,13,16,27,110,140,140,140,140,40710,10,83,446.6265104276045,7.26743700215593,135192.1857769994,44.98894620486367
1781568651,10,GET,/api/load/memory-heavy [GET],3.800000,0.000000,5,5,7,7,8,8,10,10,10,10,10,20578,8,28,269.5541129001573,1.5872470030444674,19844.133311002224,51.97978423559141
1781568651,10,GET,/api/products [GET],6.800000,0.000000,2,2,2,2,2,3,3,5,5,5,5,40760,11,10,166.6346901332044,0.7548880021204241,36473.63180299726,119.9676153091266
1781568651,10,,Aggregated,17.600000,0.000000,5,9,10,10,12,15,27,110,140,140,140,102048,29,31,299.08552587602344,0.7548880021204241,135192.1857769994,76.34662119786768
1781568652,10,GET,/api/load/cpu-heavy [GET],7.200000,0.000000,10,11,11,12,16,27,110,140,140,140,140,40717,10,83,446.551441883385,7.26743700215593,135192.1857769994,44.988948105214035
1781568652,10,GET,/api/load/memory-heavy [GET],3.700000,0.000000,5,5,7,7,8,8,10,10,10,10,10,20583,8,28,269.48999391291005,1.5872470030444674,19844.133311002224,51.979789146382934
1781568652,10,GET,/api/products [GET],6.700000,0.000000,2,2,2,2,2,2,3,5,5,5,5,40766,11,10,166.6104101771679,0.7548880021204241,36473.63180299726,119.96762007555316
1781568652,10,,Aggregated,17.600000,0.000000,5,9,10,10,11,15,27,110,140,140,140,102066,29,31,299.03383678362485,0.7548880021204241,135192.1857769994,76.34584484549214
1781568653,10,GET,/api/load/cpu-heavy [GET],7.200000,0.000000,10,11,11,12,15,20,27,140,140,140,140,40723,10,83,446.4872262410377,7.26743700215593,135192.1857769994,44.988949733565796
1781568653,10,GET,/api/load/memory-heavy [GET],3.600000,0.000000,5,5,7,7,7,8,8,8,8,8,8,20587,8,28,269.43864708366567,1.5872470030444674,19844.133311002224,51.97979307329869
1781568653,10,GET,/api/products [GET],6.300000,0.000000,2,2,2,2,2,2,3,5,5,5,5,40774,11,10,166.57802393801,0.7548880021204241,36473.63180299726,119.96762642860647
1781568653,10,,Aggregated,17.100000,0.000000,5,9,10,10,11,13,20,27,140,140,140,102084,29,31,298.98206467001125,0.7548880021204241,135192.1857769994,76.34646957407625
1781568654,10,GET,/api/load/cpu-heavy [GET],7.000000,0.000000,10,11,11,12,15,20,27,140,140,140,140,40727,10,83,446.44432205602607,7.26743700215593,135192.1857769994,44.98895081886709
1781568654,10,GET,/api/load/memory-heavy [GET],3.800000,0.000000,5,5,7,7,7,8,8,8,8,8,8,20591,8,28,269.3873049208598,1.5872470030444674,19844.133311002224,51.97979699868875
1781568654,10,GET,/api/products [GET],6.400000,0.000000,2,2,2,2,2,2,3,5,5,5,5,40786,11,10,166.52949254497628,0.7548880021204241,36473.63180299726,119.96763595351347
1781568654,10,,Aggregated,17.200000,0.000000,5,9,10,10,11,13,20,27,140,140,140,102104,29,31,298.92427116411125,0.7548880021204241,135192.1857769994,76.34941824022565
1781568655,10,GET,/api/load/cpu-heavy [GET],7.000000,0.000000,10,11,11,12,15,20,27,140,140,140,140,40734,10,83,446.3693726895166,7.26743700215593,135192.1857769994,44.98895271763146
1781568655,10,GET,/api/load/memory-heavy [GET],4.000000,0.000000,5,5,6,7,8,8,9,9,9,9,9,20593,8,28,269.3617841598324,1.5872470030444674,19844.133311002224,51.97979896081193
1781568655,10,GET,/api/products [GET],6.300000,0.000000,2,2,2,2,2,2,3,5,5,5,5,40792,11,10,166.50522101667974,0.7548880021204241,36473.63180299726,119.96764071386546
1781568655,10,,Aggregated,17.300000,0.000000,5,9,10,10,11,13,20,27,140,140,140,102119,29,31,298.88128775301766,0.7548880021204241,135192.1857769994,76.34935712257268
1781568656,10,GET,/api/load/cpu-heavy [GET],7.000000,0.000000,10,11,11,12,15,20,27,140,140,140,140,40740,10,83,446.30535160375007,7.26743700215593,135192.1857769994,44.988954344624446
1781568656,10,GET,/api/load/memory-heavy [GET],4.300000,0.000000,5,5,6,7,8,8,9,9,9,9,9,20595,8,28,269.3361359765684,1.5872470030444674,19844.133311002224,51.97980092255402
1781568656,10,GET,/api/products [GET],6.500000,0.000000,2,2,2,2,2,2,2,5,5,5,5,40798,11,10,166.48097385703753,0.7548880021204241,36473.63180299726,119.9676454728173
1781568656,10,,Aggregated,17.800000,0.000000,5,9,10,10,11,14,20,27,140,140,140,102133,29,31,298.84120231652287,0.7548880021204241,135192.1857769994,76.3496029686781
1781568657,10,GET,/api/load/cpu-heavy [GET],6.900000,0.000000,10,11,11,11,13,14,15,140,140,140,140,40750,10,83,446.19829731363836,7.26743700215593,135192.1857769994,44.988957055214726
1781568657,10,GET,/api/load/memory-heavy [GET],4.200000,0.000000,5,5,7,7,8,8,9,9,9,9,9,20596,8,28,269.3233128422232,1.5872470030444674,19844.133311002224,51.979801903282194
1781568657,10,GET,/api/products [GET],6.800000,0.000000,2,2,2,2,2,2,2,5,5,5,5,40806,11,10,166.4486383170715,0.7548880021204241,36473.63180299726,119.96765181590942
1781568657,10,,Aggregated,17.900000,0.000000,5,9,10,10,11,12,14,15,140,140,140,102152,29,31,298.78677560885177,0.7548880021204241,135192.1857769994,76.34971415146057
1781568658,10,GET,/api/load/cpu-heavy [GET],7.200000,0.000000,10,11,11,11,13,13,15,17,17,17,17,40757,10,83,446.12354983754346,7.26743700215593,135192.1857769994,44.988958951836494
1781568658,10,GET,/api/load/memory-heavy [GET],3.800000,0.000000,5,6,7,7,8,9,10,10,10,10,10,20597,8,28,269.3107439087939,1.5872470030444674,19844.133311002224,51.979802883915134
1781568658,10,GET,/api/products [GET],6.600000,0.000000,2,2,2,2,2,2,2,5,5,5,5,40813,11,10,166.42038867663294,0.7548880021204241,36473.63180299726,119.96765736407517
1781568658,10,,Aggregated,17.600000,0.000000,5,9,10,10,11,12,13,15,17,17,17,102167,29,31,298.7438824285475,0.7548880021204241,135192.1857769994,76.35031859602415
1781568659,10,GET,/api/load/cpu-heavy [GET],7.300000,0.000000,10,11,11,11,13,13,15,17,17,17,17,40763,10,83,446.05936454151487,7.26743700215593,135192.1857769994,44.98896057699384
1781568659,10,GET,/api/load/memory-heavy [GET],3.500000,0.000000,5,6,7,7,8,9,10,10,10,10,10,20600,8,27,269.2722437423506,1.5872470030444674,19844.133311002224,51.97980582524272
1781568659,10,GET,/api/products [GET],6.800000,0.000000,2,2,2,2,2,2,2,2,2,2,2,40825,11,10,166.37195261980213,0.7548880021204241,36473.63180299726,119.96766687078996
1781568659,10,,Aggregated,17.600000,0.000000,5,9,10,10,11,12,13,15,17,17,17,102188,29,31,298.68341746194693,0.7548880021204241,135192.1857769994,76.35288879320468
1781568660,10,GET,/api/load/cpu-heavy [GET],7.100000,0.000000,10,11,11,11,12,13,15,17,17,17,17,40770,10,83,445.9845568713703,7.26743700215593,135192.1857769994,44.98896247240618
1781568660,10,GET,/api/load/memory-heavy [GET],3.100000,0.000000,5,6,7,7,8,9,10,10,10,10,10,20604,8,27,269.2210162965167,1.5872470030444674,19844.133311002224,51.97980974568045
1781568660,10,GET,/api/products [GET],6.700000,0.000000,2,2,2,2,2,2,2,2,2,2,2,40831,11,10,166.34771640818045,0.7548880021204241,36473.63180299726,119.96767162205187
1781568660,10,,Aggregated,16.900000,0.000000,5,9,10,10,11,12,13,15,17,17,17,102205,29,31,298.63474205842596,0.7548880021204241,135192.1857769994,76.35235066777555
1781568661,10,GET,/api/load/cpu-heavy [GET],7.000000,0.000000,10,10,11,11,13,14,15,17,17,17,17,40782,10,82,445.85655171859537,7.26743700215593,135192.1857769994,44.98896572017066
1781568661,10,GET,/api/load/memory-heavy [GET],3.000000,0.000000,5,6,6,7,8,9,10,10,10,10,10,20608,8,27,269.16972719790516,1.5872470030444674,19844.133311002224,51.97981366459627
1781568661,10,GET,/api/products [GET],6.900000,0.000000,2,2,2,2,2,2,2,2,2,2,2,40836,11,10,166.32756475723403,0.7548880021204241,36473.63180299726,119.96767558037025
1781568661,10,,Aggregated,16.900000,0.000000,5,9,10,10,11,12,14,15,17,17,17,102226,29,31,298.5749619931173,0.7548880021204241,135192.1857769994,76.34985228806761
1781568662,10,GET,/api/load/cpu-heavy [GET],6.800000,0.000000,10,10,11,11,13,14,15,17,17,17,17,40788,10,82,445.7924030003371,7.26743700215593,135192.1857769994,44.98896734333628
1781568662,10,GET,/api/load/memory-heavy [GET],2.900000,0.000000,5,5,6,7,8,9,10,10,10,10,10,20613,8,27,269.1055914799604,1.5872470030444674,19844.133311002224,51.97981856110222
1781568662,10,GET,/api/products [GET],7.300000,0.000000,2,2,2,2,2,2,2,2,2,2,2,40843,11,10,166.29933123317107,0.7548880021204241,36473.63180299726,119.96768112038782
1781568662,10,,Aggregated,17.000000,0.000000,5,9,10,10,11,12,14,15,17,17,17,102244,29,31,298.52331360579007,0.7548880021204241,135192.1857769994,76.34981025781464
1781568663,10,GET,/api/load/cpu-heavy [GET],6.900000,0.000000,10,10,11,11,12,14,15,17,17,17,17,40793,10,82,445.7390076709918,7.26743700215593,135192.1857769994,44.98896869560954
1781568663,10,GET,/api/load/memory-heavy [GET],2.900000,0.000000,5,5,5,6,8,9,10,10,10,10,10,20613,8,27,269.1055914799604,1.5872470030444674,19844.133311002224,51.97981856110222
1781568663,10,GET,/api/products [GET],7.600000,0.000000,2,2,2,2,2,2,2,2,2,2,2,40854,11,10,166.255017452181,0.7548880021204241,36473.63180299726,119.96768982229402
1781568663,10,,Aggregated,17.400000,0.000000,5,9,10,10,11,11,14,15,17,17,17,102260,29,31,298.4772871121691,0.7548880021204241,135192.1857769994,76.35297281439468
1781568664,10,GET,/api/load/cpu-heavy [GET],7.200000,0.000000,10,10,11,11,12,14,15,17,17,17,17,40802,10,82,445.64298102126793,7.26743700215593,135192.1857769994,44.98897112886623
1781568664,10,GET,/api/load/memory-heavy [GET],3.000000,0.000000,5,5,6,7,8,9,10,10,10,10,10,20615,8,27,269.0800203129965,1.5872470030444674,19844.133311002224,51.979820519039535
1781568664,10,GET,/api/products [GET],7.700000,0.000000,2,2,2,2,2,2,2,3,3,3,3,40861,11,10,166.22680890040397,0.7548880021204241,36473.63180299726,119.9676953574313
1781568664,10,,Aggregated,17.900000,0.000000,5,10,10,10,11,11,14,15,17,17,17,102278,29,31,298.4258899163205,0.7548880021204241,135192.1857769994,76.35272492618158
1781568665,10,GET,/api/load/cpu-heavy [GET],7.000000,0.000000,10,11,11,11,12,13,15,17,17,17,17,40813,10,82,445.52561703880525,7.26743700215593,135192.1857769994,44.98897410138926
1781568665,10,GET,/api/load/memory-heavy [GET],3.000000,0.000000,5,5,6,6,8,8,10,10,10,10,10,20616,8,27,269.06716547567066,1.5872470030444674,19844.133311002224,51.979821497865736
1781568665,10,GET,/api/products [GET],7.900000,0.000000,2,2,2,2,2,2,2,3,3,3,3,40869,11,10,166.19461675542397,0.7548880021204241,36473.63180299726,119.9677016809807
1781568665,10,,Aggregated,17.900000,0.000000,5,9,10,10,11,11,13,15,17,17,17,102298,29,31,298.3688193691805,0.7548880021204241,135192.1857769994,76.35252888619523
1781568666,10,GET,/api/load/cpu-heavy [GET],7.000000,0.000000,10,11,11,11,12,14,15,17,17,17,17,40818,10,82,445.4723537481932,7.26743700215593,135192.1857769994,44.988975452006464
1781568666,10,GET,/api/load/memory-heavy [GET],2.500000,0.000000,5,5,5,6,8,8,10,10,10,10,10,20620,8,27,269.0158788598172,1.5872470030444674,19844.133311002224,51.979825412221146
1781568666,10,GET,/api/products [GET],7.800000,0.000000,2,2,2,2,2,2,2,3,3,3,3,40874,11,10,166.1744806596227,0.7548880021204241,36473.63180299726,119.96770563194207
1781568666,10,,Aggregated,17.300000,0.000000,5,9,10,10,11,12,14,15,17,17,17,102312,29,31,298.32877550887895,0.7548880021204241,135192.1857769994,76.35217765267026
1781568667,10,GET,/api/load/cpu-heavy [GET],7.700000,0.000000,10,10,11,11,12,14,15,17,17,17,17,40827,10,82,445.37622923319776,7.26743700215593,135192.1857769994,44.988977882283784
1781568667,10,GET,/api/load/memory-heavy [GET],2.400000,0.000000,5,5,6,7,8,8,10,10,10,10,10,20622,8,27,268.9904920170903,1.5872470030444674,19844.133311002224,51.979827368829405
1781568667,10,GET,/api/products [GET],7.400000,0.000000,2,2,2,2,2,2,2,3,3,3,3,40881,11,10,166.14626679211395,0.7548880021204241,36473.63180299726,119.96771116166434
1781568667,10,,Aggregated,17.500000,0.000000,5,9,10,10,11,12,14,15,17,17,17,102330,29,31,298.277365093408,0.7548880021204241,135192.1857769994,76.35193003029414
1781568668,10,GET,/api/load/cpu-heavy [GET],7.700000,0.000000,10,10,11,11,12,13,14,15,15,15,15,40833,10,82,445.31234198843487,7.26743700215593,135192.1857769994,44.98897950187349
1781568668,10,GET,/api/load/memory-heavy [GET],2.400000,0.000000,5,5,5,6,8,8,8,8,8,8,8,20627,8,27,268.92648817658556,1.5872470030444674,19844.133311002224,51.97983225869007
1781568668,10,GET,/api/products [GET],7.800000,0.000000,2,2,2,2,2,2,2,3,3,3,3,40889,11,10,166.11408697347557,0.7548880021204241,36473.63180299726,119.9677174790286
1781568668,10,,Aggregated,17.900000,0.000000,5,9,10,10,11,12,13,14,15,15,15,102349,29,31,298.22298639254376,0.7548880021204241,135192.1857769994,76.35231414083187
1781568669,10,GET,/api/load/cpu-heavy [GET],7.800000,0.000000,10,10,11,11,12,13,14,15,15,15,15,40842,10,82,445.2164053648149,7.26743700215593,135192.1857769994,44.9889819303658
1781568669,10,GET,/api/load/memory-heavy [GET],2.500000,0.000000,5,5,6,6,7,8,8,8,8,8,8,20633,8,27,268.84987499488403,1.5872470030444674,19844.133311002224,51.979838123394565
1781568669,10,GET,/api/products [GET],7.500000,0.000000,2,2,2,2,2,2,2,3,3,3,3,40898,11,10,166.07790891619285,0.7548880021204241,36473.63180299726,119.9677245831092
1781568669,10,,Aggregated,17.800000,0.000000,5,9,10,10,11,11,13,14,15,15,15,102373,29,31,298.154417839992,0.7548880021204241,135192.1857769994,76.35196780401083
1781568670,10,GET,/api/load/cpu-heavy [GET],7.800000,0.000000,10,10,11,11,13,14,17,19,19,19,19,40848,10,82,445.15288471613695,7.26743700215593,135192.1857769994,44.98898354876616
1781568670,10,GET,/api/load/memory-heavy [GET],2.600000,0.000000,5,5,5,6,7,8,8,8,8,8,8,20638,8,27,268.7858472966099,1.5872470030444674,19844.133311002224,51.97984300804342
1781568670,10,GET,/api/products [GET],7.400000,0.000000,2,2,2,2,2,2,2,3,3,3,3,40902,11,10,166.06182718956185,0.7548880021204241,36473.63180299726,119.96772773947484
1781568670,10,,Aggregated,17.800000,0.000000,5,9,10,10,11,13,14,17,19,19,19,102388,29,31,298.1117729333466,0.7548880021204241,135192.1857769994,76.35064656014377
1781568671,10,GET,/api/load/cpu-heavy [GET],7.600000,0.000000,10,10,11,11,12,14,17,19,19,19,19,40857,10,82,445.0571412187082,7.26743700215593,135192.1857769994,44.98898597547544
1781568671,10,GET,/api/load/memory-heavy [GET],3.000000,0.000000,5,5,5,6,7,7,8,8,8,8,8,20642,8,27,268.7347482826487,1.5872470030444674,19844.133311002224,51.97984691405872
1781568671,10,GET,/api/products [GET],7.300000,0.000000,2,2,2,2,2,2,2,3,3,3,3,40910,11,10,166.02968545227225,0.7548880021204241,36473.63180299726,119.96773405035444
1781568671,10,,Aggregated,17.900000,0.000000,5,9,10,10,11,12,14,17,19,19,19,102409,29,31,298.0518970468951,0.7548880021204241,135192.1857769994,76.35035006688865
1781568672,10,GET,/api/load/cpu-heavy [GET],7.800000,0.000000,10,11,11,11,13,14,17,19,19,19,19,40864,10,81,444.98277616642423,7.26743700215593,135192.1857769994,44.98898786217698
1781568672,10,GET,/api/load/memory-heavy [GET],3.300000,0.000000,5,5,5,6,7,7,8,8,8,8,8,20642,8,27,268.7347482826487,1.5872470030444674,19844.133311002224,51.97984691405872
1781568672,10,GET,/api/products [GET],7.300000,0.000000,2,2,2,2,2,2,3,36,36,36,36,40920,11,10,165.99037234766504,0.7548880021204241,36473.63180299726,119.96774193548387
1781568672,10,,Aggregated,18.400000,0.000000,5,9,10,10,11,13,14,19,36,36,36,102426,29,31,298.0036794933071,0.7548880021204241,135192.1857769994,76.35246909964268
1781568673,10,GET,/api/load/cpu-heavy [GET],7.700000,0.000000,10,11,11,11,13,14,17,19,19,19,19,40873,10,81,444.88705680536657,7.26743700215593,135192.1857769994,44.98899028698652
1781568673,10,GET,/api/load/memory-heavy [GET],3.400000,0.000000,5,5,6,6,7,8,8,8,8,8,8,20646,8,27,268.68385465278664,1.5872470030444674,19844.133311002224,51.97985081856049
1781568673,10,GET,/api/products [GET],7.200000,0.000000,2,2,2,2,2,2,3,36,36,36,36,40928,11,10,165.9582779598431,0.7548880021204241,36473.63180299726,119.96774824081314
1781568673,10,,Aggregated,18.300000,0.000000,5,9,10,10,11,12,14,19,36,36,36,102447,29,30,297.9438727957623,0.7548880021204241,135192.1857769994,76.35217234277236
1781568674,10,GET,/api/load/cpu-heavy [GET],7.300000,0.000000,10,11,11,11,12,14,17,19,19,19,19,40882,10,81,444.79137193187114,7.26743700215593,135192.1857769994,44.98899271072844
1781568674,10,GET,/api/load/memory-heavy [GET],3.300000,0.000000,5,6,6,7,7,8,8,8,8,8,8,20650,8,27,268.6329216708679,1.5872470030444674,19844.133311002224,51.979854721549636
1781568674,10,GET,/api/products [GET],7.400000,0.000000,2,2,2,2,2,2,2,36,36,36,36,40936,11,10,165.92618019248215,0.7548880021204241,36473.63180299726,119.96775454367794
1781568674,10,,Aggregated,18.000000,0.000000,5,9,10,10,11,11,14,19,36,36,36,102468,29,30,297.88406929169537,0.7548880021204241,135192.1857769994,76.35187570753796
1781568675,10,GET,/api/load/cpu-heavy [GET],7.800000,0.000000,10,11,11,11,11,14,17,19,19,19,19,40891,10,81,444.6956363640838,7.26743700215593,135192.1857769994,44.988995133403435
1781568675,10,GET,/api/load/memory-heavy [GET],2.900000,0.000000,5,6,6,7,7,8,9,9,9,9,9,20655,8,27,268.5693379920319,1.5872470030444674,19844.133311002224,51.97985959816025
1781568675,10,GET,/api/products [GET],7.400000,0.000000,2,2,2,2,2,2,2,36,36,36,36,40938,11,10,165.91816135234865,0.7548880021204241,36473.63180299726,119.96775611900924
1781568675,10,,Aggregated,18.100000,0.000000,6,9,10,10,11,11,14,19,36,36,36,102484,29,30,297.8387517293571,0.7548880021204241,135192.1857769994,76.3487861519847
1781568676,10,GET,/api/load/cpu-heavy [GET],7.900000,0.000000,10,11,11,11,11,14,17,19,19,19,19,40896,10,81,444.6425434610168,7.26743700215593,135192.1857769994,44.98899647887324
1781568676,10,GET,/api/load/memory-heavy [GET],3.300000,0.000000,5,6,6,7,7,8,9,9,9,9,9,20657,8,27,268.54378151326,1.5872470030444674,19844.133311002224,51.97986154814349
1781568676,10,GET,/api/products [GET],7.500000,0.000000,2,2,2,2,2,2,2,36,36,36,36,40949,11,10,165.87400724524284,0.7548880021204241,36473.63180299726,119.96776478058072
1781568676,10,,Aggregated,18.700000,0.000000,5,9,10,10,11,11,14,19,36,36,36,102502,29,30,297.7872146376307,0.7548880021204241,135192.1857769994,76.35146631285244
1781568677,10,GET,/api/load/cpu-heavy [GET],7.900000,0.000000,10,11,11,11,12,14,17,19,19,19,19,40901,10,81,444.58948425607525,7.26743700215593,135192.1857769994,44.988997824014085
1781568677,10,GET,/api/load/memory-heavy [GET],3.600000,0.000000,5,5,6,6,7,8,9,9,9,9,9,20661,8,27,268.49271892035347,1.5872470030444674,19844.133311002224,51.9798654469774
1781568677,10,GET,/api/products [GET],7.500000,0.000000,2,2,2,2,2,2,2,36,36,36,36,40959,11,10,165.83391366706834,0.7548880021204241,36473.63180299726,119.96777265069947
1781568677,10,,Aggregated,19.000000,0.000000,5,9,10,10,11,11,14,19,36,36,36,102521,29,30,297.7328921007445,0.7548880021204241,135192.1857769994,76.35324470108563
1781568678,10,GET,/api/load/cpu-heavy [GET],7.800000,0.000000,10,11,11,11,12,14,17,19,19,19,19,40912,10,81,444.4727797872687,7.26743700215593,135192.1857769994,44.9890007821666
1781568678,10,GET,/api/load/memory-heavy [GET],3.900000,0.000000,5,6,7,7,7,8,9,9,9,9,9,20665,8,27,268.44197314354847,1.5872470030444674,19844.133311002224,51.97986934430196
1781568678,10,GET,/api/products [GET],7.100000,0.000000,2,2,2,2,2,2,2,36,36,36,36,40963,11,10,165.8178640718563,0.7548880021204241,36473.63180299726,119.96777579767107
1781568678,10,,Aggregated,18.800000,0.000000,5,9,10,10,11,12,15,19,36,36,36,102540,29,30,297.67915845175963,0.7548880021204241,135192.1857769994,76.35063389896625
1781568679,10,GET,/api/load/cpu-heavy [GET],7.600000,0.000000,10,11,11,11,12,14,17,19,19,19,19,40921,10,81,444.37718496873794,7.26743700215593,135192.1857769994,44.98900320129029
1781568679,10,GET,/api/load/memory-heavy [GET],3.800000,0.000000,5,6,7,7,7,8,9,9,9,9,9,20671,8,27,268.3655288170106,1.5872470030444674,19844.133311002224,51.97987518746069
1781568679,10,GET,/api/products [GET],7.600000,0.000000,2,2,2,2,2,2,2,36,36,36,36,40971,11,10,165.7857984022956,0.7548880021204241,36473.63180299726,119.96778208977081
1781568679,10,,Aggregated,19.000000,0.000000,6,9,10,10,11,12,15,19,36,36,36,102563,29,30,297.6136869887037,0.7548880021204241,135192.1857769994,76.34986301102737
1781568680,10,GET,/api/load/cpu-heavy [GET],7.400000,0.000000,10,11,11,11,12,13,14,15,15,15,15,40928,10,81,444.3029610828947,7.26743700215593,135192.1857769994,44.98900508209539
1781568680,10,GET,/api/load/memory-heavy [GET],3.900000,0.000000,5,6,7,7,7,8,9,9,9,9,9,20675,8,27,268.3147696833571,1.5872470030444674,19844.133311002224,51.97987908101572
1781568680,10,GET,/api/products [GET],7.800000,0.000000,2,2,2,2,2,2,2,36,36,36,36,40977,11,10,165.7617445276484,0.7548880021204241,36473.63180299726,119.96778680723332
1781568680,10,,Aggregated,19.100000,0.000000,6,9,10,10,11,12,14,15,36,36,36,102580,29,30,297.5653973475666,0.7548880021204241,135192.1857769994,76.34932735426008
1781568681,10,GET,/api/load/cpu-heavy [GET],7.900000,0.000000,10,11,11,11,12,14,15,15,15,15,15,40936,10,81,444.21832003575605,7.26743700215593,135192.1857769994,44.989007230799295
1781568681,10,GET,/api/load/memory-heavy [GET],3.700000,0.000000,5,6,7,7,7,8,9,9,9,9,9,20679,8,27,268.26389486640625,1.5872470030444674,19844.133311002224,51.97988297306446
1781568681,10,GET,/api/products [GET],7.400000,0.000000,2,2,2,2,2,2,2,36,36,36,36,40983,11,10,165.73771140915602,0.7548880021204241,36473.63180299726,119.96779152331455
1781568681,10,,Aggregated,19.000000,0.000000,6,9,10,10,11,12,15,15,36,36,36,102598,29,30,297.5143653639192,0.7548880021204241,135192.1857769994,76.3484863252695
1781568682,10,GET,/api/load/cpu-heavy [GET],7.900000,0.000000,10,11,11,11,12,13,15,15,15,15,15,40940,10,81,444.1759671843605,7.26743700215593,135192.1857769994,44.98900830483635
1781568682,10,GET,/api/load/memory-heavy [GET],3.700000,0.000000,5,7,7,7,7,8,9,9,9,9,9,20681,8,27,268.23862068093473,1.5872470030444674,19844.133311002224,51.97988491852425
1781568682,10,GET,/api/products [GET],7.200000,0.000000,2,2,2,2,2,2,2,2,2,2,2,40991,11,10,165.7056689426809,0.7548880021204241,36473.63180299726,119.96779780927521
1781568682,10,,Aggregated,18.800000,0.000000,6,9,10,10,11,11,13,15,15,15,15,102612,29,30,297.47444827563424,0.7548880021204241,135192.1857769994,76.35019295988774
1781568683,10,GET,/api/load/cpu-heavy [GET],7.900000,0.000000,10,11,11,11,12,13,15,15,15,15,15,40945,10,81,444.1229710628088,7.26743700215593,135192.1857769994,44.989009647087556
1781568683,10,GET,/api/load/memory-heavy [GET],3.700000,0.000000,5,7,7,7,7,9,10,10,10,10,10,20686,8,27,268.17523899054464,1.5872470030444674,19844.133311002224,51.97988978052789
1781568683,10,GET,/api/products [GET],7.400000,0.000000,2,2,2,2,2,2,2,2,2,2,2,41000,11,10,165.6696495914006,0.7548880021204241,36473.63180299726,119.96780487804878
1781568683,10,,Aggregated,19.000000,0.000000,5,9,10,10,11,11,13,15,15,15,15,102631,29,30,297.4203084562399,0.7548880021204241,135192.1857769994,76.35130710993754
1781568684,10,GET,/api/load/cpu-heavy [GET],7.900000,0.000000,10,11,11,11,12,15,16,16,16,16,16,40956,10,80,444.00660196131764,7.26743700215593,135192.1857769994,44.98901259888661
1781568684,10,GET,/api/load/memory-heavy [GET],3.700000,0.000000,5,6,7,7,7,9,10,10,10,10,10,20687,8,27,268.16247255974326,1.5872470030444674,19844.133311002224,51.97989075264659
1781568684,10,GET,/api/products [GET],7.100000,0.000000,2,2,2,2,2,2,2,2,2,2,2,41010,11,10,165.62963929293895,0.7548880021204241,36473.63180299726,119.96781272860278
1781568684,10,,Aggregated,18.700000,0.000000,5,9,10,10,11,12,15,16,16,16,16,102653,29,30,297.3579239493671,0.7548880021204241,135192.1857769994,76.35196243655811
1781568685,10,GET,/api/load/cpu-heavy [GET],7.400000,0.000000,10,11,11,11,12,15,16,16,16,16,16,40963,10,80,443.9324734686602,7.26743700215593,135192.1857769994,44.98901447647877
1781568685,10,GET,/api/load/memory-heavy [GET],4.000000,0.000000,5,7,7,7,7,10,10,10,10,10,10,20688,8,26,268.14997712279626,1.5872470030444674,19844.133311002224,51.979891724671305
1781568685,10,GET,/api/products [GET],7.100000,0.000000,2,2,2,2,2,2,2,2,2,2,2,41022,11,10,165.58167822488974,0.7548880021204241,36473.63180299726,119.9678221442153
1781568685,10,,Aggregated,18.500000,0.000000,5,9,10,10,11,12,15,16,16,16,16,102673,29,30,297.3009870321738,0.7548880021204241,135192.1857769994,76.35468915878566
1781568686,10,GET,/api/load/cpu-heavy [GET],7.200000,0.000000,10,11,11,11,12,15,16,16,16,16,16,40969,10,80,443.8690281650209,7.26743700215593,135192.1857769994,44.989016085332814
1781568686,10,GET,/api/load/memory-heavy [GET],4.000000,0.000000,5,7,7,7,8,10,10,10,10,10,10,20692,8,26,268.09935022938396,1.5872470030444674,19844.133311002224,51.979895611830656
1781568686,10,GET,/api/products [GET],7.100000,0.000000,2,2,2,2,2,2,2,2,2,2,2,41029,11,10,165.55371408429238,0.7548880021204241,36473.63180299726,119.96782763411245
1781568686,10,,Aggregated,18.300000,0.000000,5,9,10,10,11,12,15,16,16,16,16,102690,29,30,297.2527539682871,0.7548880021204241,135192.1857769994,76.35488363034375
1781568687,10,GET,/api/load/cpu-heavy [GET],7.200000,0.000000,10,11,11,11,12,15,16,16,16,16,16,40976,10,80,443.79493168351564,7.26743700215593,135192.1857769994,44.9890179617337
1781568687,10,GET,/api/load/memory-heavy [GET],3.600000,0.000000,5,7,7,7,9,10,10,10,10,10,10,20697,8,26,268.0359984255889,1.5872470030444674,19844.133311002224,51.979900468666955
1781568687,10,GET,/api/products [GET],7.300000,0.000000,2,2,2,2,2,2,2,3,3,3,3,41036,11,10,165.52579617965796,0.7548880021204241,36473.63180299726,119.96783312213665
1781568687,10,,Aggregated,18.100000,0.000000,5,9,10,10,11,12,15,16,16,16,16,102709,29,30,297.1988701292624,0.7548880021204241,135192.1857769994,76.35453562978901
1781568688,10,GET,/api/load/cpu-heavy [GET],7.200000,0.000000,10,11,11,11,12,16,18,19,19,19,19,40986,10,80,443.6895209128423,7.26743700215593,135192.1857769994,44.98902064119456
1781568688,10,GET,/api/load/memory-heavy [GET],3.200000,0.000000,5,7,7,7,9,10,10,10,10,10,10,20699,8,26,268.01052035052,1.5872470030444674,19844.133311002224,51.97990241074448
1781568688,10,GET,/api/products [GET],8.100000,0.000000,2,2,2,2,2,2,2,3,3,3,3,41045,11,10,165.48985995615627,0.7548880021204241,36473.63180299726,119.96784017541722
1781568688,10,,Aggregated,18.500000,0.000000,5,9,10,10,11,12,16,18,19,19,19,102730,29,30,297.13948960157126,0.7548880021204241,135192.1857769994,76.35483305752945
1781568689,10,GET,/api/load/cpu-heavy [GET],7.300000,0.000000,10,11,11,11,13,16,18,19,19,19,19,40991,10,80,443.6366223769792,7.26743700215593,135192.1857769994,44.98902198043473
1781568689,10,GET,/api/load/memory-heavy [GET],3.500000,0.000000,5,7,7,7,9,10,10,10,10,10,10,20702,8,26,267.9723567499955,1.5872470030444674,19844.133311002224,51.97990532315718
1781568689,10,GET,/api/products [GET],7.800000,0.000000,2,2,2,2,2,2,2,3,3,3,3,41053,11,10,165.45795780209565,0.7548880021204241,36473.63180299726,119.96784644240373
1781568689,10,,Aggregated,18.600000,0.000000,5,9,10,10,11,12,16,18,19,19,19,102746,29,30,297.0939799013335,0.7548880021204241,135192.1857769994,76.35599439394234
1781568690,10,GET,/api/load/cpu-heavy [GET],7.500000,0.000000,10,11,11,11,13,16,18,19,19,19,19,40996,10,80,443.5837523445642,7.26743700215593,135192.1857769994,44.98902331934823
1781568690,10,GET,/api/load/memory-heavy [GET],3.600000,0.000000,5,6,7,7,9,10,10,10,10,10,10,20703,8,26,267.9596517307833,1.5872470030444674,19844.133311002224,51.97990629377385
1781568690,10,GET,/api/products [GET],7.700000,0.000000,2,2,2,2,2,2,3,3,3,3,3,41061,11,10,165.42608846738798,0.7548880021204241,36473.63180299726,119.9678527069482
1781568690,10,,Aggregated,18.800000,0.000000,4,9,10,10,11,12,16,18,19,19,19,102760,29,30,297.05419228746007,0.7548880021204241,135192.1857769994,76.35762942779292
1781568691,10,GET,/api/load/cpu-heavy [GET],7.300000,0.000000,10,11,11,11,12,16,18,19,19,19,19,41000,10,80,443.5414585583112,7.26743700215593,135192.1857769994,44.989024390243905
1781568691,10,GET,/api/load/memory-heavy [GET],3.400000,0.000000,5,6,7,7,9,10,10,10,10,10,10,20707,8,26,267.9089105491575,1.5872470030444674,19844.133311002224,51.97991017530304
1781568691,10,GET,/api/products [GET],8.200000,0.000000,2,2,2,2,2,2,3,3,3,3,3,41073,11,10,165.37821962628541,0.7548880021204241,36473.63180299726,119.96786209918925
1781568691,10,,Aggregated,18.900000,0.000000,4,9,10,10,11,11,16,18,19,19,19,102780,29,30,296.99717091206844,0.7548880021204241,135192.1857769994,76.36055652850749
1781568692,10,GET,/api/load/cpu-heavy [GET],7.000000,0.000000,10,11,11,11,12,16,18,19,19,19,19,41011,10,80,443.42525273852806,7.26743700215593,135192.1857769994,44.989027334129865
1781568692,10,GET,/api/load/memory-heavy [GET],3.100000,0.000000,5,5,7,7,9,10,10,10,10,10,10,20710,8,26,267.8711101329987,1.5872470030444674,19844.133311002224,51.97991308546596
1781568692,10,GET,/api/products [GET],8.200000,0.000000,2,2,2,2,2,2,3,3,3,3,3,41080,11,10,165.35030912092063,0.7548880021204241,36473.63180299726,119.9678675754625
1781568692,10,,Aggregated,18.300000,0.000000,4,9,10,10,11,11,16,18,19,19,19,102801,29,30,296.93791334326914,0.7548880021204241,135192.1857769994,76.3594614838377
1781568693,10,GET,/api/load/cpu-heavy [GET],6.900000,0.000000,10,11,11,11,12,16,18,19,19,19,19,41019,10,80,443.34074655617604,7.26743700215593,135192.1857769994,44.98902947414613
1781568693,10,GET,/api/load/memory-heavy [GET],2.700000,0.000000,5,5,7,7,9,9,10,10,10,10,10,20712,8,26,267.8456873796542,1.5872470030444674,19844.133311002224,51.979915025106216
1781568693,10,GET,/api/products [GET],8.400000,0.000000,2,2,2,2,2,2,3,3,3,3,3,41088,11,10,165.31846365971592,0.7548880021204241,36473.63180299726,119.9678738317757
1781568693,10,,Aggregated,18.000000,0.000000,5,9,10,10,11,12,16,18,19,19,19,102819,29,30,296.8869469149225,0.7548880021204241,135192.1857769994,76.35994320115933
1781568694,10,GET,/api/load/cpu-heavy [GET],6.400000,0.000000,10,11,11,11,12,13,18,19,19,19,19,41025,10,80,443.27734226088427,7.26743700215593,135192.1857769994,44.9890310786106
1781568694,10,GET,/api/load/memory-heavy [GET],2.800000,0.000000,5,7,7,7,9,9,10,10,10,10,10,20717,8,26,267.7825155863976,1.5872470030444674,19844.133311002224,51.97991987256842
1781568694,10,GET,/api/products [GET],9.000000,0.000000,2,2,2,2,2,2,3,3,3,3,3,41094,11,10,165.29458052906512,0.7548880021204241,36473.63180299726,119.96787852241204
1781568694,10,,Aggregated,18.200000,0.000000,5,9,10,10,11,11,13,18,19,19,19,102836,29,30,296.8388388688533,0.7548880021204241,135192.1857769994,76.35947528102999
1781568695,10,GET,/api/load/cpu-heavy [GET],7.200000,0.000000,10,11,11,11,12,13,18,19,19,19,19,41031,10,80,443.2139861186122,7.26743700215593,135192.1857769994,44.98903268260583
1781568695,10,GET,/api/load/memory-heavy [GET],2.800000,0.000000,5,7,7,7,8,9,12,12,12,12,12,20721,8,26,267.7321741499155,1.5872470030444674,19844.133311002224,51.97992374885382
1781568695,10,GET,/api/products [GET],8.900000,0.000000,2,2,2,2,2,2,3,3,3,3,3,41103,11,10,165.25876460772724,0.7548880021204241,36473.63180299726,119.96788555579884
1781568695,10,,Aggregated,18.900000,0.000000,5,9,10,10,11,11,13,18,19,19,19,102855,29,30,296.7850123636616,0.7548880021204241,135192.1857769994,76.3605172329979
1781568696,10,GET,/api/load/cpu-heavy [GET],7.400000,0.000000,10,11,11,11,12,13,18,19,19,19,19,41037,10,80,443.1507610673483,7.26743700215593,135192.1857769994,44.989034286132025
1781568696,10,GET,/api/load/memory-heavy [GET],2.600000,0.000000,5,7,7,7,8,8,12,12,12,12,12,20726,8,26,267.6689624404318,1.5872470030444674,19844.133311002224,51.97992859210653
1781568696,10,GET,/api/products [GET],8.900000,0.000000,2,2,2,2,2,2,3,3,3,3,3,41111,11,10,165.22688953692244,0.7548880021204241,36473.63180299726,119.96789180511298
1781568696,10,,Aggregated,18.900000,0.000000,5,9,10,10,11,11,13,18,19,19,19,102874,29,30,296.7312183176838,0.7548880021204241,135192.1857769994,76.36089779730544
1781568698,10,GET,/api/load/cpu-heavy [GET],6.900000,0.000000,10,11,11,11,11,13,13,13,13,13,13,41042,10,80,443.098009095945,7.26743700215593,135192.1857769994,44.98903562204571
1781568698,10,GET,/api/load/memory-heavy [GET],3.000000,0.000000,5,7,7,7,8,8,12,12,12,12,12,20728,8,26,267.6437674558754,1.5872470030444674,19844.133311002224,51.97993052875338
1781568698,10,GET,/api/products [GET],8.400000,0.000000,2,2,2,2,2,2,3,3,3,3,3,41119,11,10,165.19508037166315,0.7548880021204241,36473.63180299726,119.96789805199543
1781568698,10,,Aggregated,18.300000,0.000000,5,9,10,10,11,11,12,13,13,13,13,102889,29,30,296.6887131855047,0.7548880021204241,135192.1857769994,76.36229334525557
1781568699,10,GET,/api/load/cpu-heavy [GET],6.800000,0.000000,10,11,11,11,12,13,13,17,17,17,17,41047,10,80,443.04544141305763,7.26743700215593,135192.1857769994,44.989036957633935
1781568699,10,GET,/api/load/memory-heavy [GET],3.400000,0.000000,5,7,7,7,8,12,13,13,13,13,13,20732,8,26,267.5934928858952,1.5872470030444674,19844.133311002224,51.979934400926105
1781568699,10,GET,/api/products [GET],8.100000,0.000000,2,2,2,2,2,2,3,3,3,3,3,41127,11,10,165.1633177777227,0.7548880021204241,36473.63180299726,119.96790429644759
1781568699,10,,Aggregated,18.300000,0.000000,5,9,10,10,11,12,13,13,17,17,17,102906,29,30,296.6406846873494,0.7548880021204241,135192.1857769994,76.36321497288787
1781568700,10,GET,/api/load/cpu-heavy [GET],6.800000,0.000000,10,11,11,11,13,16,16,17,17,17,17,41056,10,80,442.95080038551686,7.26743700215593,135192.1857769994,44.98903936087295
1781568700,10,GET,/api/load/memory-heavy [GET],3.300000,0.000000,5,7,7,7,8,12,13,13,13,13,13,20735,8,26,267.5554759419524,1.5872470030444674,19844.133311002224,51.979937304075236
1781568700,10,GET,/api/products [GET],8.200000,0.000000,2,2,2,2,2,2,3,3,3,3,3,41131,11,10,165.14744006757442,0.7548880021204241,36473.63180299726,119.96790741776276
1781568700,10,,Aggregated,18.300000,0.000000,5,9,10,10,11,12,13,16,17,17,17,102922,29,30,296.59577361208864,0.7548880021204241,135192.1857769994,76.36145819164027
1781568701,10,GET,/api/load/cpu-heavy [GET],6.500000,0.000000,10,11,11,11,12,13,16,17,17,17,17,41065,10,80,442.85591593726474,7.26743700215593,135192.1857769994,44.989041763058566
1781568701,10,GET,/api/load/memory-heavy [GET],3.100000,0.000000,5,7,7,7,8,12,13,13,13,13,13,20736,8,26,267.542794507783,1.5872470030444674,19844.133311002224,51.97993827160494
1781568701,10,GET,/api/products [GET],8.300000,0.000000,2,2,2,2,2,2,3,3,3,3,3,41140,11,10,165.11169112135158,0.7548880021204241,36473.63180299726,119.96791443850267
1781568701,10,,Aggregated,17.900000,0.000000,5,9,10,10,11,12,13,16,17,17,17,102941,29,30,296.5421022489522,0.7548880021204241,135192.1857769994,76.36229490679126
1781568702,10,GET,/api/load/cpu-heavy [GET],6.100000,0.000000,10,11,11,11,12,16,16,17,17,17,17,41068,10,79,442.82424218269136,7.26743700215593,135192.1857769994,44.989042563553134
1781568702,10,GET,/api/load/memory-heavy [GET],3.300000,0.000000,5,7,7,7,8,12,13,13,13,13,13,20741,8,26,267.4799940848746,1.5872470030444674,19844.133311002224,51.97994310785401
1781568702,10,GET,/api/products [GET],8.200000,0.000000,2,2,2,2,2,2,2,3,3,3,3,41149,11,10,165.07594559176215,0.7548880021204241,36473.63180299726,119.96792145617147
1781568702,10,,Aggregated,17.600000,0.000000,5,9,10,10,11,12,13,16,17,17,17,102958,29,30,296.49389673875163,0.7548880021204241,135192.1857769994,76.36401250995551
1781568703,10,GET,/api/load/cpu-heavy [GET],6.500000,0.000000,10,10,11,11,12,16,16,17,17,17,17,41076,10,79,442.7399801432657,7.26743700215593,135192.1857769994,44.98904469763365
1781568703,10,GET,/api/load/memory-heavy [GET],3.300000,0.000000,5,7,7,7,10,12,13,13,13,13,13,20744,8,26,267.4422856117613,1.5872470030444674,19844.133311002224,51.97994600848438
1781568703,10,GET,/api/products [GET],7.800000,0.000000,2,2,2,2,2,2,3,3,3,3,3,41153,11,10,165.06008812709706,0.7548880021204241,36473.63180299726,119.96792457415012
1781568703,10,,Aggregated,17.600000,0.000000,5,9,10,10,11,12,13,16,17,17,17,102973,29,30,296.4517689470968,0.7548880021204241,135192.1857769994,76.36256105969527
1781568704,10,GET,/api/load/cpu-heavy [GET],6.800000,0.000000,10,11,11,11,12,16,16,17,17,17,17,41082,10,79,442.6767989984126,7.26743700215593,135192.1857769994,44.989046297648606
1781568704,10,GET,/api/load/memory-heavy [GET],3.400000,0.000000,6,7,7,8,10,12,13,13,13,13,13,20747,8,26,267.40446553874636,1.5872470030444674,19844.133311002224,51.979948908275894
1781568704,10,GET,/api/products [GET],7.600000,0.000000,2,2,2,2,2,2,3,3,3,3,3,41160,11,10,165.03230566349433,0.7548880021204241,36473.63180299726,119.96793002915452
1781568704,10,,Aggregated,17.800000,0.000000,5,9,10,10,11,12,13,16,17,17,17,102989,29,30,296.4065910349106,0.7548880021204241,135192.1857769994,76.36299022225674
1781568705,10,GET,/api/load/cpu-heavy [GET],6.400000,0.000000,10,11,11,11,13,16,16,17,17,17,17,41089,10,79,442.60323097232305,7.26743700215593,135192.1857769994,44.98904816374212
1781568705,10,GET,/api/load/memory-heavy [GET],3.400000,0.000000,5,7,7,7,10,10,13,13,13,13,13,20750,8,26,267.36645375389764,1.5872470030444674,19844.133311002224,51.979951807228915
1781568705,10,GET,/api/products [GET],7.300000,0.000000,2,2,2,2,2,2,3,3,3,3,3,41164,11,10,165.0164200248621,0.7548880021204241,36473.63180299726,119.96793314546692
1781568705,10,,Aggregated,17.100000,0.000000,5,9,10,10,11,12,16,16,17,17,17,103003,29,30,296.36723189342445,0.7548880021204241,135192.1857769994,76.36184382979137
1781568706,10,GET,/api/load/cpu-heavy [GET],6.300000,0.000000,10,10,11,11,12,16,16,17,17,17,17,41097,10,79,442.51894691901555,7.26743700215593,135192.1857769994,44.989050295642016
1781568706,10,GET,/api/load/memory-heavy [GET],3.400000,0.000000,5,7,7,7,10,10,13,13,13,13,13,20750,8,26,267.36645375389764,1.5872470030444674,19844.133311002224,51.979951807228915
1781568706,10,GET,/api/products [GET],7.100000,0.000000,2,2,2,2,2,2,3,3,3,3,3,41175,11,10,164.9727793042968,0.7548880021204241,36473.63180299726,119.96794171220401
1781568706,10,,Aggregated,16.800000,0.000000,5,9,10,10,11,12,16,16,17,17,17,103022,29,29,296.3134987165693,0.7548880021204241,135192.1857769994,76.36406786899886
1781568707,10,GET,/api/load/cpu-heavy [GET],6.300000,0.000000,10,10,11,11,12,14,16,17,17,17,17,41105,10,79,442.4348168677482,7.26743700215593,135192.1857769994,44.98905242671208
1781568707,10,GET,/api/load/memory-heavy [GET],3.300000,0.000000,5,6,7,7,10,10,13,13,13,13,13,20753,8,26,267.3284310688758,1.5872470030444674,19844.133311002224,51.97995470534381
1781568707,10,GET,/api/products [GET],7.000000,0.000000,2,2,2,2,2,2,3,3,3,3,3,41182,11,10,164.94500960767846,0.7548880021204241,36473.63180299726,119.96794716138119
1781568707,10,,Aggregated,16.600000,0.000000,5,9,10,10,11,12,14,16,17,17,17,103040,29,29,296.2627665274107,0.7548880021204241,135192.1857769994,76.363887810559
1781568708,10,GET,/api/load/cpu-heavy [GET],6.300000,0.000000,10,10,11,11,11,13,16,16,16,16,16,41110,10,79,442.38216559890077,7.26743700215593,135192.1857769994,44.98905375820968
1781568708,10,GET,/api/load/memory-heavy [GET],3.300000,0.000000,5,6,7,7,7,10,10,10,10,10,10,20755,8,26,267.3032301103529,1.5872470030444674,19844.133311002224,51.97995663695495
1781568708,10,GET,/api/products [GET],7.000000,0.000000,2,2,2,2,2,2,2,3,3,3,3,41186,11,10,164.9291596585347,0.7548880021204241,36473.63180299726,119.96795027436508
1781568708,10,,Aggregated,16.600000,0.000000,5,9,10,10,11,11,14,16,16,16,16,103051,29,29,296.23178560525764,0.7548880021204241,135192.1857769994,76.36358696179562
1781568709,10,GET,/api/load/cpu-heavy [GET],6.700000,0.000000,10,10,11,11,11,12,13,14,14,14,14,41118,10,79,442.2980289226327,7.26743700215593,135192.1857769994,44.989055887932295
1781568709,10,GET,/api/load/memory-heavy [GET],2.600000,0.000000,5,7,7,7,8,10,10,10,10,10,10,20758,8,26,267.2655187985537,1.5872470030444674,19844.133311002224,51.979959533673764
1781568709,10,GET,/api/products [GET],7.100000,0.000000,2,2,2,2,2,2,2,3,3,3,3,41198,11,10,164.8816395269529,0.7548880021204241,36473.63180299726,119.96795960968979
1781568709,10,,Aggregated,16.400000,0.000000,5,9,10,10,11,11,12,13,14,14,14,103074,29,29,296.1668488434757,0.7548880021204241,135192.1857769994,76.36552379843607
1781568710,10,GET,/api/load/cpu-heavy [GET],6.700000,0.000000,10,10,11,11,11,12,13,14,14,14,14,41126,10,79,442.2139463583574,7.26743700215593,135192.1857769994,44.98905801682634
1781568710,10,GET,/api/load/memory-heavy [GET],2.600000,0.000000,5,7,7,7,8,10,10,10,10,10,10,20762,8,26,267.2149016135427,1.5872470030444674,19844.133311002224,51.97996339466333
1781568710,10,GET,/api/products [GET],7.100000,0.000000,2,2,2,2,2,2,2,3,3,3,3,41202,11,10,164.8658035355906,0.7548880021204241,36473.63180299726,119.9679627202563
1781568710,10,,Aggregated,16.400000,0.000000,5,9,10,10,11,11,12,13,14,14,14,103090,29,29,296.12190690180813,0.7548880021204241,135192.1857769994,76.36383742361043
1781568711,10,GET,/api/load/cpu-heavy [GET],6.800000,0.000000,10,10,11,11,11,12,13,14,14,14,14,41131,10,79,442.16144321555055,7.26743700215593,135192.1857769994,44.989059346964574
1781568711,10,GET,/api/load/memory-heavy [GET],2.700000,0.000000,5,5,6,7,7,8,10,10,10,10,10,20762,8,26,267.2149016135427,1.5872470030444674,19844.133311002224,51.97996339466333
1781568711,10,GET,/api/products [GET],6.700000,0.000000,2,2,2,2,2,2,2,3,3,3,3,41216,11,10,164.8103343490976,0.7548880021204241,36473.63180299726,119.96797360248448
1781568711,10,,Aggregated,16.200000,0.000000,5,9,10,10,11,11,12,13,14,14,14,103109,29,29,296.0680527280006,0.7548880021204241,135192.1857769994,76.36824137563161
1781568712,10,GET,/api/load/cpu-heavy [GET],7.000000,0.000000,10,10,11,11,11,12,14,14,14,14,14,41136,10,79,442.10899906930206,7.26743700215593,135192.1857769994,44.98906067677947
1781568712,10,GET,/api/load/memory-heavy [GET],2.700000,0.000000,5,5,6,7,7,7,8,8,8,8,8,20765,8,26,267.17703737574635,1.5872470030444674,19844.133311002224,51.97996628942933
1781568712,10,GET,/api/products [GET],7.100000,0.000000,2,2,2,2,2,2,2,2,2,2,2,41225,11,10,164.77471332794207,0.7548880021204241,36473.63180299726,119.96798059429958
1781568712,10,,Aggregated,16.800000,0.000000,4,9,9,10,11,11,12,14,14,14,14,103126,29,29,296.02005821777647,0.7548880021204241,135192.1857769994,76.36981944417509
1781568713,10,GET,/api/load/cpu-heavy [GET],7.000000,0.000000,10,10,11,11,12,13,14,14,14,14,14,41141,10,79,442.05661160630075,7.26743700215593,135192.1857769994,44.98906200627112
1781568713,10,GET,/api/load/memory-heavy [GET],2.700000,0.000000,4,5,5,6,7,7,8,8,8,8,8,20767,8,26,267.15172877456405,1.5872470030444674,19844.133311002224,51.979968218808686
1781568713,10,GET,/api/products [GET],7.100000,0.000000,2,2,2,2,2,2,2,2,2,2,2,41234,11,10,164.73910744738316,0.7548880021204241,36473.63180299726,119.96798758306252
1781568713,10,,Aggregated,16.800000,0.000000,4,9,9,10,11,11,13,14,14,14,14,103142,29,29,295.97490223227595,0.7548880021204241,135192.1857769994,76.37163328227105
1781568714,10,GET,/api/load/cpu-heavy [GET],6.700000,0.000000,10,10,11,11,11,12,13,14,14,14,14,41150,10,79,441.96202840886565,7.26743700215593,135192.1857769994,44.98906439854192
1781568714,10,GET,/api/load/memory-heavy [GET],2.400000,0.000000,5,5,6,7,7,7,8,8,8,8,8,20773,8,26,267.07609199616667,1.5872470030444674,19844.133311002224,51.97997400471766
1781568714,10,GET,/api/products [GET],7.500000,0.000000,2,2,2,2,2,2,2,2,2,2,2,41237,11,10,164.72726079267161,0.7548880021204241,36473.63180299726,119.96798991197225
1781568714,10,,Aggregated,16.600000,0.000000,4,9,9,10,11,11,12,13,14,14,14,103160,29,29,295.92445891206296,0.7548880021204241,135192.1857769994,76.36874757658006
1781568715,10,GET,/api/load/cpu-heavy [GET],6.500000,0.000000,10,10,11,11,12,13,13,14,14,14,14,41155,10,79,441.9095964271126,7.26743700215593,135192.1857769994,44.989065727129145
1781568715,10,GET,/api/load/memory-heavy [GET],2.300000,0.000000,5,5,7,7,7,8,8,8,8,8,8,20777,8,26,267.02582506422294,1.5872470030444674,19844.133311002224,51.9799778601338
1781568715,10,GET,/api/products [GET],8.100000,0.000000,2,2,2,2,2,2,2,2,2,2,2,41246,11,10,164.69170039966085,0.7548880021204241,36473.63180299726,119.96799689666877
1781568715,10,,Aggregated,16.900000,0.000000,4,9,9,10,11,11,12,13,14,14,14,103178,29,29,295.8737219465527,0.7548880021204241,135192.1857769994,76.37008858477583
1781568716,10,GET,/api/load/cpu-heavy [GET],6.700000,0.000000,10,10,11,11,12,13,13,14,14,14,14,41160,10,79,441.85717641061274,7.26743700215593,135192.1857769994,44.98906705539358
1781568716,10,GET,/api/load/memory-heavy [GET],2.700000,0.000000,5,5,7,7,7,8,8,8,8,8,8,20780,8,25,266.9880443468896,1.5872470030444674,19844.133311002224,51.97998075072185
1781568716,10,GET,/api/products [GET],7.700000,0.000000,2,2,2,2,2,2,2,2,2,2,2,41252,11,10,164.66796183213927,0.7548880021204241,36473.63180299726,119.96800155143993
1781568716,10,,Aggregated,17.100000,0.000000,4,9,9,10,11,11,12,13,14,14,14,103192,29,29,295.83432537491683,0.7548880021204241,135192.1857769994,76.37039692999457
1781568717,10,GET,/api/load/cpu-heavy [GET],6.500000,0.000000,10,10,11,11,12,13,13,14,14,14,14,41165,10,79,441.8046804969954,7.26743700215593,135192.1857769994,44.98906838333536
1781568717,10,GET,/api/load/memory-heavy [GET],2.700000,0.000000,5,5,7,7,8,8,10,10,10,10,10,20783,8,25,266.95046862153526,1.5872470030444674,19844.133311002224,51.97998364047539
1781568717,10,GET,/api/products [GET],8.200000,0.000000,2,2,2,2,2,2,2,2,2,2,2,41263,11,10,164.62451188465255,0.7548880021204241,36473.63180299726,119.96801008167122
1781568717,10,,Aggregated,17.400000,0.000000,4,9,9,10,11,11,12,13,14,14,14,103211,29,29,295.7807064742753,0.7548880021204241,135192.1857769994,76.372818788695
1781568718,10,GET,/api/load/cpu-heavy [GET],6.500000,0.000000,10,10,11,11,12,13,13,14,14,14,14,41175,10,79,441.6998240656667,7.26743700215593,135192.1857769994,44.98907103825137
1781568718,10,GET,/api/load/memory-heavy [GET],2.700000,0.000000,5,5,6,7,7,8,10,10,10,10,10,20783,8,25,266.95046862153526,1.5872470030444674,19844.133311002224,51.97998364047539
1781568718,10,GET,/api/products [GET],8.200000,0.000000,2,2,2,2,2,2,2,2,2,2,2,41270,11,10,164.5968769159779,0.7548880021204241,36473.63180299726,119.96801550763266
1781568718,10,,Aggregated,17.400000,0.000000,4,9,9,10,11,11,12,13,14,14,14,103228,29,29,295.7330855541852,0.7548880021204241,135192.1857769994,76.37273801681714
1781568719,10,GET,/api/load/cpu-heavy [GET],6.000000,0.000000,10,11,11,11,12,13,14,14,14,14,14,41184,10,79,441.605561454007,7.26743700215593,135192.1857769994,44.98907342657343
1781568719,10,GET,/api/load/memory-heavy [GET],3.100000,0.000000,5,5,7,7,8,10,10,10,10,10,10,20787,8,25,266.900335016759,1.5872470030444674,19844.133311002224,51.979987492182616
1781568719,10,GET,/api/products [GET],8.100000,0.000000,2,2,2,2,2,2,2,2,2,2,2,41276,11,9,164.57317669004766,0.7548880021204241,36473.63180299726,119.96802015699195
1781568719,10,,Aggregated,17.200000,0.000000,4,9,9,10,11,11,13,14,14,14,14,103247,29,29,295.67990496550436,0.7548880021204241,135192.1857769994,76.3715943320387
1781568720,10,GET,/api/load/cpu-heavy [GET],6.500000,0.000000,10,11,11,11,12,13,14,14,14,14,14,41191,10,79,441.5322319947758,7.26743700215593,135192.1857769994,44.9890752834357
1781568720,10,GET,/api/load/memory-heavy [GET],2.800000,0.000000,5,7,7,7,8,10,10,10,10,10,10,20792,8,25,266.83762652772054,1.5872470030444674,19844.133311002224,51.97999230473259
1781568720,10,GET,/api/products [GET],8.400000,0.000000,2,2,2,2,2,2,2,2,2,2,2,41285,11,9,164.53765722854303,0.7548880021204241,36473.63180299726,119.96802712849703
1781568720,10,,Aggregated,17.700000,0.000000,5,9,9,10,11,12,13,14,14,14,14,103268,29,29,295.6209017076093,0.7548880021204241,135192.1857769994,76.3720900956734
1781568721,10,GET,/api/load/cpu-heavy [GET],6.500000,0.000000,10,11,11,11,12,13,14,15,15,15,15,41198,10,78,441.4590919777853,7.26743700215593,135192.1857769994,44.989077139666975
1781568721,10,GET,/api/load/memory-heavy [GET],2.800000,0.000000,5,7,7,7,8,10,10,10,10,10,10,20795,8,25,266.79998565690653,1.5872470030444674,19844.133311002224,51.97999519115172
1781568721,10,GET,/api/products [GET],8.400000,0.000000,2,2,2,2,2,2,2,2,2,2,2,41293,11,9,164.50612401984333,0.7548880021204241,36473.63180299726,119.96803332283922
1781568721,10,,Aggregated,17.700000,0.000000,5,9,9,10,11,12,13,14,15,15,15,103286,29,29,295.57044277237367,0.7548880021204241,135192.1857769994,76.37263520709486
1781568722,10,GET,/api/load/cpu-heavy [GET],6.800000,0.000000,10,10,11,11,12,14,14,15,15,15,15,41201,10,78,441.427641936186,7.26743700215593,135192.1857769994,44.989077935001575
1781568722,10,GET,/api/load/memory-heavy [GET],2.800000,0.000000,6,7,7,7,9,10,10,10,10,10,10,20801,8,25,266.7249509875186,1.5872470030444674,19844.133311002224,51.98000096149224
1781568722,10,GET,/api/products [GET],7.800000,0.000000,2,2,2,2,2,2,2,2,2,2,2,41300,11,9,164.47854610172854,0.7548880021204241,36473.63180299726,119.9680387409201
1781568722,10,,Aggregated,17.400000,0.000000,5,9,9,10,11,11,13,14,15,15,15,103302,29,29,295.5254490223364,0.7548880021204241,135192.1857769994,76.37326479642213
1781568723,10,GET,/api/load/cpu-heavy [GET],6.700000,0.000000,10,10,11,11,12,14,14,15,15,15,15,41209,10,78,441.3439066685138,7.26743700215593,135192.1857769994,44.98908005532772
1781568723,10,GET,/api/load/memory-heavy [GET],3.300000,0.000000,7,7,7,8,9,10,10,10,10,10,10,20803,8,25,266.6999002535875,1.5872470030444674,19844.133311002224,51.98000288419939
1781568723,10,GET,/api/products [GET],7.700000,0.000000,2,2,2,2,2,2,2,2,2,2,2,41308,11,9,164.44703399967042,0.7548880021204241,36473.63180299726,119.96804493076402
1781568723,10,,Aggregated,17.700000,0.000000,5,9,9,10,11,11,13,14,15,15,15,103320,29,29,295.47500150344933,0.7548880021204241,135192.1857769994,76.37374177313201
1781568724,10,GET,/api/load/cpu-heavy [GET],6.600000,0.000000,10,10,11,11,12,14,19,22,22,22,22,41216,10,78,441.2710918034934,7.26743700215593,135192.1857769994,44.98908190993789
1781568724,10,GET,/api/load/memory-heavy [GET],3.600000,0.000000,7,7,7,8,9,10,10,10,10,10,10,20809,8,25,266.6248815042234,1.5872470030444674,19844.133311002224,51.98000865010332
1781568724,10,GET,/api/products [GET],7.600000,0.000000,2,2,2,2,2,2,2,2,2,2,2,41318,11,9,164.40760671316147,0.7548880021204241,36473.63180299726,119.96805266469819
1781568724,10,,Aggregated,17.800000,0.000000,5,9,9,10,11,11,14,19,22,22,22,103343,29,29,295.4106226175785,0.7548880021204241,135192.1857769994,76.37442303784485
1781568725,10,GET,/api/load/cpu-heavy [GET],6.800000,0.000000,10,10,11,11,11,14,19,22,22,22,22,41222,10,78,441.2082852780014,7.26743700215593,135192.1857769994,44.98908349910242
1781568725,10,GET,/api/load/memory-heavy [GET],3.600000,0.000000,7,7,7,8,9,10,10,10,10,10,10,20814,8,25,266.5620494435662,1.5872470030444674,19844.133311002224,51.9800134524839
1781568725,10,GET,/api/products [GET],7.300000,0.000000,2,2,2,2,2,2,2,2,2,2,2,41325,11,9,164.3800530912622,0.7548880021204241,36473.63180299726,119.96805807622505
1781568725,10,,Aggregated,17.700000,0.000000,5,9,9,10,11,11,14,19,22,22,22,103361,29,29,295.3601080373101,0.7548880021204241,135192.1857769994,76.3743771828833
1781568726,10,GET,/api/load/cpu-heavy [GET],6.800000,0.000000,10,10,11,11,12,14,19,22,22,22,22,41229,10,78,441.13505345028466,7.26743700215593,135192.1857769994,44.989085352543114
1781568726,10,GET,/api/load/memory-heavy [GET],3.600000,0.000000,5,7,7,7,9,9,10,10,10,10,10,20823,8,25,266.4489113201937,1.5872470030444674,19844.133311002224,51.980022090957114
1781568726,10,GET,/api/products [GET],7.300000,0.000000,2,2,2,2,2,2,2,2,2,2,2,41329,11,9,164.36431617879498,0.7548880021204241,36473.63180299726,119.96806116770307
1781568726,10,,Aggregated,17.700000,0.000000,5,9,9,10,11,11,14,19,22,22,22,103381,29,29,295.30412379910655,0.7548880021204241,135192.1857769994,76.3718188061636
1781568727,10,GET,/api/load/cpu-heavy [GET],6.800000,0.000000,10,10,11,11,13,15,19,22,22,22,22,41235,10,78,441.0722995847893,7.26743700215593,135192.1857769994,44.98908694070571
1781568727,10,GET,/api/load/memory-heavy [GET],3.700000,0.000000,6,7,7,7,8,9,10,10,10,10,10,20825,8,25,266.42397744040284,1.5872470030444674,19844.133311002224,51.980024009603845
1781568727,10,GET,/api/products [GET],7.800000,0.000000,2,2,2,2,2,2,3,3,3,3,3,41336,11,9,164.33684322864866,0.7548880021204241,36473.63180299726,119.96806657634991
1781568727,10,,Aggregated,18.300000,0.000000,5,9,9,10,11,11,14,19,22,22,22,103396,29,29,295.26213156480367,0.7548880021204241,135192.1857769994,76.37248056017641
1781568728,10,GET,/api/load/cpu-heavy [GET],6.900000,0.000000,10,10,11,11,14,16,19,22,22,22,22,41242,10,78,440.99942907537894,7.26743700215593,135192.1857769994,44.98908879297803
1781568728,10,GET,/api/load/memory-heavy [GET],4.300000,0.000000,5,7,7,7,9,9,10,10,10,10,10,20833,8,25,266.3240395971961,1.5872470030444674,19844.133311002224,51.98003168050689
1781568728,10,GET,/api/products [GET],7.800000,0.000000,2,2,2,2,2,2,3,3,3,3,3,41343,11,9,164.3092569904802,0.7548880021204241,36473.63180299726,119.96807198316523
1781568728,10,,Aggregated,19.000000,0.000000,5,9,9,10,11,12,15,19,22,22,22,103418,29,29,295.2006883000294,0.7548880021204241,135192.1857769994,76.37142470362993
1781568729,10,GET,/api/load/cpu-heavy [GET],7.000000,0.000000,10,10,11,11,12,15,19,22,22,22,22,41253,10,78,440.8844082768716,7.26743700215593,135192.1857769994,44.98909170242164
1781568729,10,GET,/api/load/memory-heavy [GET],4.200000,0.000000,5,7,7,7,9,9,10,10,10,10,10,20833,8,25,266.3240395971961,1.5872470030444674,19844.133311002224,51.98003168050689
1781568729,10,GET,/api/products [GET],7.200000,0.000000,2,2,2,2,2,2,3,3,3,3,3,41347,11,9,164.29351143859088,0.7548880021204241,36473.63180299726,119.96807507195201
1781568729,10,,Aggregated,18.400000,0.000000,5,9,9,10,11,11,15,19,22,22,22,103433,29,29,295.1589630874618,0.7548880021204241,135192.1857769994,76.36977560353078
1781568730,10,GET,/api/load/cpu-heavy [GET],6.700000,0.000000,10,10,11,11,12,15,19,22,22,22,22,41263,10,78,440.7799717261419,7.26743700215593,135192.1857769994,44.98909434602428
1781568730,10,GET,/api/load/memory-heavy [GET],5.000000,0.000000,5,7,7,7,9,9,10,10,10,10,10,20834,8,25,266.3115130801761,1.5872470030444674,19844.133311002224,51.98003263895556
1781568730,10,GET,/api/products [GET],7.100000,0.000000,2,2,2,2,2,2,3,3,3,3,3,41352,11,9,164.2738273221229,0.7548880021204241,36473.63180299726,119.96807893209518
1781568730,10,,Aggregated,18.800000,0.000000,6,9,9,10,11,11,15,19,22,22,22,103449,29,29,295.1143978605154,0.7548880021204241,135192.1857769994,76.36861641968507
1781568731,10,GET,/api/load/cpu-heavy [GET],6.700000,0.000000,10,11,11,11,12,15,19,22,22,22,22,41267,10,78,440.73829963924663,7.26743700215593,135192.1857769994,44.989095403106596
1781568731,10,GET,/api/load/memory-heavy [GET],5.000000,0.000000,5,6,7,7,9,10,13,13,13,13,13,20840,8,25,266.2367564130706,1.5872470030444674,19844.133311002224,51.98003838771593
1781568731,10,GET,/api/products [GET],7.100000,0.000000,2,2,2,2,2,2,3,3,3,3,3,41360,11,9,164.24237818509226,0.7548880021204241,36473.63180299726,119.96808510638297
1781568731,10,,Aggregated,18.800000,0.000000,5,9,9,10,11,12,15,19,22,22,22,103467,29,29,295.0639931243435,0.7548880021204241,135192.1857769994,76.36936414508973
1781568732,10,GET,/api/load/cpu-heavy [GET],7.200000,0.000000,10,11,11,11,12,15,19,22,22,22,22,41274,10,78,440.66521449798404,7.26743700215593,135192.1857769994,44.989097252507634
1781568732,10,GET,/api/load/memory-heavy [GET],4.200000,0.000000,5,7,7,7,9,12,13,13,13,13,13,20843,8,25,266.1995528795468,1.5872470030444674,19844.133311002224,51.98004126085496
1781568732,10,GET,/api/products [GET],6.700000,0.000000,2,2,2,2,2,2,3,3,3,3,3,41369,11,9,164.20705746236118,0.7548880021204241,36473.63180299726,119.96809204960236
1781568732,10,,Aggregated,18.100000,0.000000,5,9,9,10,11,12,15,19,22,22,22,103486,29,29,295.0108720408408,0.7548880021204241,135192.1857769994,76.37033028622228
1781568733,10,GET,/api/load/cpu-heavy [GET],6.900000,0.000000,10,10,11,11,12,14,15,16,16,16,16,41283,10,78,440.5713891605691,7.26743700215593,135192.1857769994,44.9890996293874
1781568733,10,GET,/api/load/memory-heavy [GET],4.500000,0.000000,5,6,7,7,9,12,13,13,13,13,13,20845,8,25,266.1744386358546,1.5872470030444674,19844.133311002224,51.98004317582154
1781568733,10,GET,/api/products [GET],6.700000,0.000000,2,2,2,2,2,3,3,3,3,3,3,41375,11,9,164.1834973300887,0.7548880021204241,36473.63180299726,119.96809667673716
1781568733,10,,Aggregated,18.100000,0.000000,5,9,9,10,11,12,14,15,16,16,16,103503,29,29,294.96349897213054,0.7548880021204241,135192.1857769994,76.36966078277925
1781568734,10,GET,/api/load/cpu-heavy [GET],7.100000,0.000000,10,11,11,11,12,14,15,16,16,16,16,41289,10,78,440.508920414875,7.26743700215593,135192.1857769994,44.98910121339824
1781568734,10,GET,/api/load/memory-heavy [GET],4.200000,0.000000,5,7,7,7,10,12,13,13,13,13,13,20849,8,25,266.1246470660167,1.5872470030444674,19844.133311002224,51.9800470046525
1781568734,10,GET,/api/products [GET],6.700000,0.000000,2,2,2,2,2,3,3,3,3,3,3,41381,11,9,164.15992428738824,0.7548880021204241,36473.63180299726,119.96810130253014
1781568734,10,,Aggregated,18.000000,0.000000,7,9,10,10,11,12,14,15,16,16,16,103519,29,29,294.9188787432782,0.7548880021204241,135192.1857769994,76.36942976651629
1781568735,10,GET,/api/load/cpu-heavy [GET],7.200000,0.000000,10,11,11,11,12,14,16,90,90,90,90,41298,10,78,440.41703622065876,7.26743700215593,135192.1857769994,44.9891035885515
1781568735,10,GET,/api/load/memory-heavy [GET],4.200000,0.000000,5,7,8,8,10,12,13,13,13,13,13,20851,8,25,266.09972074626523,1.5872470030444674,19844.133311002224,51.9800489185171
1781568735,10,GET,/api/products [GET],6.700000,0.000000,2,2,2,2,2,3,3,3,3,3,3,41388,11,9,164.1324485175268,0.7548880021204241,36473.63180299726,119.96810669759351
1781568735,10,,Aggregated,18.100000,0.000000,7,9,10,10,11,12,14,16,90,90,90,103537,29,29,294.86948451630224,0.7548880021204241,135192.1857769994,76.36918203154428
1781568736,10,GET,/api/load/cpu-heavy [GET],7.300000,0.000000,10,11,11,11,12,14,16,90,90,90,90,41307,10,77,440.3233450233077,7.26743700215593,135192.1857769994,44.98910596266977
1781568736,10,GET,/api/load/memory-heavy [GET],4.000000,0.000000,5,7,8,8,10,12,13,13,13,13,13,20852,8,25,266.08717617856206,1.5872470030444674,19844.133311002224,51.98004987531172
1781568736,10,GET,/api/products [GET],6.400000,0.000000,2,2,2,2,2,2,2,3,3,3,3,41392,11,9,164.11673405115488,0.7548880021204241,36473.63180299726,119.96810977966757
1781568736,10,,Aggregated,17.700000,0.000000,8,9,10,10,11,13,14,16,90,90,90,103551,29,29,294.8306251643963,0.7548880021204241,135192.1857769994,76.36790566967002
1781568737,10,GET,/api/load/cpu-heavy [GET],7.600000,0.000000,10,10,11,11,11,14,14,90,90,90,90,41315,10,77,440.2399799181841,7.26743700215593,135192.1857769994,44.989108072128765
1781568737,10,GET,/api/load/memory-heavy [GET],3.600000,0.000000,5,7,8,8,10,12,13,13,13,13,13,20852,8,25,266.08717617856206,1.5872470030444674,19844.133311002224,51.98004987531172
1781568737,10,GET,/api/products [GET],6.300000,0.000000,2,2,2,2,2,2,2,3,3,3,3,41404,11,9,164.0696676802339,0.7548880021204241,36473.63180299726,119.96811902231669
1781568737,10,,Aggregated,17.500000,0.000000,8,9,10,10,11,12,14,14,90,90,90,103571,29,29,294.77464819908465,0.7548880021204241,135192.1857769994,76.37053808498518
1781568738,10,GET,/api/load/cpu-heavy [GET],7.700000,0.000000,10,10,11,11,12,14,14,90,90,90,90,41317,10,77,440.21915545619896,7.26743700215593,135192.1857769994,44.98910859936588
1781568738,10,GET,/api/load/memory-heavy [GET],2.900000,0.000000,5,7,7,8,10,12,13,13,13,13,13,20855,8,25,266.0497529239206,1.5872470030444674,19844.133311002224,51.98005274514505
1781568738,10,GET,/api/products [GET],6.200000,0.000000,2,2,2,2,2,2,3,3,3,3,3,41415,11,9,164.0265361684995,0.7548880021204241,36473.63180299726,119.96812749003983
1781568738,10,,Aggregated,16.800000,0.000000,5,9,10,10,11,12,14,14,90,90,90,103587,29,29,294.7296614307818,0.7548880021204241,135192.1857769994,76.37385965420371
1781568739,10,GET,/api/load/cpu-heavy [GET],7.900000,0.000000,10,10,11,11,11,14,14,90,90,90,90,41325,10,77,440.13589404517313,7.26743700215593,135192.1857769994,44.989110707803995
1781568739,10,GET,/api/load/memory-heavy [GET],2.700000,0.000000,5,7,7,8,10,12,13,13,13,13,13,20859,8,25,265.9997491883298,1.5872470030444674,19844.133311002224,51.980056570305386
1781568739,10,GET,/api/products [GET],6.800000,0.000000,2,2,2,2,2,2,3,3,3,3,3,41419,11,9,164.01087508147003,0.7548880021204241,36473.63180299726,119.96813056809677
1781568739,10,,Aggregated,17.400000,0.000000,5,9,10,10,11,12,14,14,90,90,90,103603,29,29,294.68520240471224,0.7548880021204241,135192.1857769994,76.37218034226808
1781568740,10,GET,/api/load/cpu-heavy [GET],7.500000,0.000000,10,11,11,11,12,13,14,90,90,90,90,41331,10,77,440.0735388964644,7.26743700215593,135192.1857769994,44.989112288596935
1781568740,10,GET,/api/load/memory-heavy [GET],2.200000,0.000000,5,7,7,7,10,10,12,12,12,12,12,20866,8,25,265.91237374098404,1.5872470030444674,19844.133311002224,51.98006326080706
1781568740,10,GET,/api/products [GET],7.200000,0.000000,2,2,2,2,2,2,3,3,3,3,3,41424,11,9,163.9912594706551,0.7548880021204241,36473.63180299726,119.96813441483198
1781568740,10,,Aggregated,16.900000,0.000000,5,9,10,10,11,12,13,14,90,90,90,103621,29,28,294.6350735750611,0.7548880021204241,135192.1857769994,76.37082251667132
1781568741,10,GET,/api/load/cpu-heavy [GET],7.300000,0.000000,10,10,11,11,12,13,14,90,90,90,90,41337,10,77,440.01103522516786,7.26743700215593,135192.1857769994,44.98911386893098
1781568741,10,GET,/api/load/memory-heavy [GET],2.600000,0.000000,5,7,7,7,8,10,10,10,10,10,10,20872,8,25,265.8376014126275,1.5872470030444674,19844.133311002224,51.98006899195094
1781568741,10,GET,/api/products [GET],7.100000,0.000000,2,2,2,2,2,2,2,3,3,3,3,41429,11,9,163.97164011364993,0.7548880021204241,36473.63180299726,119.96813826063868
1781568741,10,,Aggregated,17.000000,0.000000,5,9,10,10,11,11,13,14,90,90,90,103638,29,28,294.58769619305053,0.7548880021204241,135192.1857769994,76.36970030297768
1781568742,10,GET,/api/load/cpu-heavy [GET],6.700000,0.000000,10,11,11,11,12,13,14,90,90,90,90,41343,10,77,439.948830087337,7.26743700215593,135192.1857769994,44.98911544880633
1781568742,10,GET,/api/load/memory-heavy [GET],3.200000,0.000000,5,7,7,8,10,10,11,11,11,11,11,20877,8,25,265.77568878868385,1.5872470030444674,19844.133311002224,51.98007376538775
1781568742,10,GET,/api/products [GET],7.200000,0.000000,2,2,2,2,2,2,2,3,3,3,3,41438,11,9,163.9363378198128,0.7548880021204241,36473.63180299726,119.96814518075196
1781568742,10,,Aggregated,17.100000,0.000000,5,9,10,10,11,12,13,14,90,90,90,103658,29,28,294.5319946720887,0.7548880021204241,135192.1857769994,76.37049721198557
1781568743,10,GET,/api/load/cpu-heavy [GET],7.000000,0.000000,10,11,11,11,12,13,14,90,90,90,90,41347,10,77,439.90721032096104,7.26743700215593,135192.1857769994,44.989116501801824
1781568743,10,GET,/api/load/memory-heavy [GET],3.000000,0.000000,5,7,7,7,10,11,11,11,11,11,11,20886,8,25,265.6638004939838,1.5872470030444674,19844.133311002224,51.980082351814616
1781568743,10,GET,/api/products [GET],6.900000,0.000000,2,2,2,2,2,2,2,3,3,3,3,41444,11,9,163.912834842882,0.7548880021204241,36473.63180299726,119.96814979249108
1781568743,10,,Aggregated,16.900000,0.000000,5,9,10,10,11,11,13,14,90,90,90,103677,29,28,294.4790174241767,0.7548880021204241,135192.1857769994,76.36969626821764
1781568744,10,GET,/api/load/cpu-heavy [GET],7.100000,0.000000,10,11,11,11,12,13,14,90,90,90,90,41355,10,77,439.8240517753302,7.26743700215593,135192.1857769994,44.989118607181716
1781568744,10,GET,/api/load/memory-heavy [GET],3.300000,0.000000,5,7,7,7,8,10,11,11,11,11,11,20892,8,24,265.58898833167467,1.5872470030444674,19844.133311002224,51.98008807198928
1781568744,10,GET,/api/products [GET],7.100000,0.000000,2,2,2,2,2,2,2,3,3,3,3,41451,11,9,163.88545090018113,0.7548880021204241,36473.63180299726,119.96815517116596
1781568744,10,,Aggregated,17.500000,0.000000,5,9,10,10,11,11,13,14,90,90,90,103698,29,28,294.42057349859573,0.7548880021204241,135192.1857769994,76.36881135605316
1781568745,10,GET,/api/load/cpu-heavy [GET],6.500000,0.000000,10,11,11,11,11,12,13,14,14,14,14,41361,10,77,439.7617239781143,7.26743700215593,135192.1857769994,44.98912018568216
1781568745,10,GET,/api/load/memory-heavy [GET],3.900000,0.000000,5,7,7,7,9,10,11,11,11,11,11,20894,8,24,265.5642342188355,1.5872470030444674,19844.133311002224,51.98008997798411
1781568745,10,GET,/api/products [GET],7.000000,0.000000,2,2,2,2,2,2,2,3,3,3,3,41462,11,9,163.84236904904304,0.7548880021204241,36473.63180299726,119.96816361969996
1781568745,10,,Aggregated,17.400000,0.000000,5,9,9,10,11,11,12,13,14,14,14,103717,29,28,294.367520085795,0.7548880021204241,135192.1857769994,76.37115419844385
1781568746,10,GET,/api/load/cpu-heavy [GET],6.600000,0.000000,10,11,11,11,12,13,13,14,14,14,14,41368,10,77,439.68914824088165,7.26743700215593,135192.1857769994,44.9891220266873
1781568746,10,GET,/api/load/memory-heavy [GET],4.200000,0.000000,5,7,7,7,9,10,11,11,11,11,11,20896,8,24,265.53928432979285,1.5872470030444674,19844.133311002224,51.98009188361409
1781568746,10,GET,/api/products [GET],7.200000,0.000000,2,2,2,2,2,2,2,3,3,3,3,41468,11,9,163.81889409753126,0.7548880021204241,36473.63180299726,119.96816822610205
1781568746,10,,Aggregated,18.000000,0.000000,5,9,9,10,11,11,12,13,14,14,14,103732,29,28,294.32587311746045,0.7548880021204241,135192.1857769994,76.3710908880577
1781568747,10,GET,/api/load/cpu-heavy [GET],6.300000,0.000000,10,11,11,11,12,13,13,14,14,14,14,41375,10,77,439.61646528420033,7.26743700215593,135192.1857769994,44.98912386706949
1781568747,10,GET,/api/load/memory-heavy [GET],4.400000,0.000000,5,7,7,7,9,10,11,11,11,11,11,20899,8,24,265.5018863329992,1.5872470030444674,19844.133311002224,51.98009474137518
1781568747,10,GET,/api/products [GET],7.400000,0.000000,2,2,2,2,2,2,2,2,2,2,2,41480,11,9,163.77199842799956,0.7548880021204241,36473.63180299726,119.96817743490838
1781568747,10,,Aggregated,18.100000,0.000000,5,9,9,10,11,11,12,13,14,14,14,103754,29,28,294.264487811558,0.7548880021204241,135192.1857769994,76.3733157275864
1781568748,10,GET,/api/load/cpu-heavy [GET],6.000000,0.000000,10,11,11,11,12,12,13,14,14,14,14,41386,10,77,439.50230861092626,7.26743700215593,135192.1857769994,44.989126757840815
1781568748,10,GET,/api/load/memory-heavy [GET],4.400000,0.000000,5,7,7,7,9,10,11,11,11,11,11,20903,8,24,265.4520684733941,1.5872470030444674,19844.133311002224,51.9800985504473
1781568748,10,GET,/api/products [GET],7.500000,0.000000,2,2,2,2,2,2,2,2,2,2,2,41483,11,9,163.76027519175136,0.7548880021204241,36473.63180299726,119.9681797362775
1781568748,10,,Aggregated,17.900000,0.000000,5,9,10,10,11,12,12,13,14,14,14,103772,29,28,294.21476532446525,0.7548880021204241,135192.1857769994,76.37031183748988
1781568749,10,GET,/api/load/cpu-heavy [GET],6.000000,0.000000,10,11,11,11,12,13,14,16,16,16,16,41396,10,77,439.39875771349455,7.26743700215593,135192.1857769994,44.98912938448159
1781568749,10,GET,/api/load/memory-heavy [GET],4.600000,0.000000,5,7,7,7,9,11,11,11,11,11,11,20905,8,24,265.42719520460906,1.5872470030444674,19844.133311002224,51.98010045443674
1781568749,10,GET,/api/products [GET],7.500000,0.000000,2,2,2,2,2,2,2,2,2,2,2,41487,11,9,163.7446380339487,0.7548880021204241,36473.63180299726,119.96818280425194
1781568749,10,,Aggregated,18.100000,0.000000,5,9,10,10,11,12,13,14,16,16,16,103788,29,28,294.1706198035846,0.7548880021204241,135192.1857769994,76.36850117547309
1781568750,10,GET,/api/load/cpu-heavy [GET],6.700000,0.000000,10,11,11,11,12,13,14,16,16,16,16,41403,10,76,439.32610033381206,7.26743700215593,135192.1857769994,44.98913122237519
1781568750,10,GET,/api/load/memory-heavy [GET],4.700000,0.000000,5,7,7,7,9,11,11,11,11,11,11,20908,8,24,265.3898327229937,1.5872470030444674,19844.133311002224,51.9801033097379
1781568750,10,GET,/api/products [GET],6.900000,0.000000,2,2,2,2,2,2,2,2,2,2,2,41495,11,9,163.7133627307971,0.7548880021204241,36473.63180299726,119.96818893842632
1781568750,10,,Aggregated,18.300000,0.000000,5,9,10,10,11,12,13,14,16,16,16,103806,29,28,294.120524258785,0.7548880021204241,135192.1857769994,76.36904417856385
1781568751,10,GET,/api/load/cpu-heavy [GET],7.100000,0.000000,10,11,11,11,12,13,14,16,16,16,16,41410,10,76,439.253625456504,7.26743700215593,135192.1857769994,44.98913305964743
1781568751,10,GET,/api/load/memory-heavy [GET],4.500000,0.000000,5,5,7,7,7,9,11,11,11,11,11,20913,8,24,265.32745617378407,1.5872470030444674,19844.133311002224,51.980108066752734
1781568751,10,GET,/api/products [GET],6.900000,0.000000,2,2,2,2,2,2,2,2,2,2,2,41497,11,9,163.70554970984475,0.7548880021204241,36473.63180299726,119.96819047160035
1781568751,10,,Aggregated,18.500000,0.000000,5,9,10,10,11,12,13,14,16,16,16,103820,29,28,294.08182351594525,0.7548880021204241,135192.1857769994,76.36659603159315
1781568752,10,GET,/api/load/cpu-heavy [GET],7.200000,0.000000,10,11,11,11,12,13,14,16,16,16,16,41415,10,76,439.2018841885027,7.26743700215593,135192.1857769994,44.98913437160449
1781568752,10,GET,/api/load/memory-heavy [GET],4.000000,0.000000,5,6,7,7,9,11,11,11,11,11,11,20919,8,24,265.2534056252857,1.5872470030444674,19844.133311002224,51.98011377216884
1781568752,10,GET,/api/products [GET],7.000000,0.000000,2,2,2,2,2,2,2,2,2,2,2,41506,11,9,163.6703843899299,0.7548880021204241,36473.63180299726,119.96819736905508
1781568752,10,,Aggregated,18.200000,0.000000,5,9,10,10,11,12,13,14,16,16,16,103840,29,28,294.0262422999851,0.7548880021204241,135192.1857769994,76.36745955315871
1781568753,10,GET,/api/load/cpu-heavy [GET],7.000000,0.000000,10,11,11,11,12,13,14,16,16,16,16,41421,10,76,439.13975046937173,7.26743700215593,135192.1857769994,44.989135945534876
1781568753,10,GET,/api/load/memory-heavy [GET],4.300000,0.000000,5,6,7,7,9,10,11,11,11,11,11,20922,8,24,265.21633818202673,1.5872470030444674,19844.133311002224,51.98011662364975
1781568753,10,GET,/api/products [GET],6.800000,0.000000,2,2,2,2,2,2,2,2,2,2,2,41515,11,9,163.63526186719108,0.7548880021204241,36473.63180299726,119.96820426351921
1781568753,10,,Aggregated,18.100000,0.000000,5,9,10,10,11,12,13,14,16,16,16,103858,29,28,293.9762149093231,0.7548880021204241,135192.1857769994,76.36872460474879
1781568754,10,GET,/api/load/cpu-heavy [GET],7.100000,0.000000,10,11,11,11,12,13,14,16,16,16,16,41429,10,76,439.0568341327294,7.26743700215593,135192.1857769994,44.98913804339955
1781568754,10,GET,/api/load/memory-heavy [GET],4.300000,0.000000,5,6,7,7,10,10,11,11,11,11,11,20923,8,24,265.2039031190729,1.5872470030444674,19844.133311002224,51.98011757396167
1781568754,10,GET,/api/products [GET],6.600000,0.000000,2,2,2,2,2,2,2,3,3,3,3,41525,11,9,163.59623816119054,0.7548880021204241,36473.63180299726,119.9682119205298
1781568754,10,,Aggregated,18.000000,0.000000,5,9,10,10,11,12,13,14,16,16,16,103877,29,28,293.92339628491845,0.7548880021204241,135192.1857769994,76.37027445921619
1781568755,10,GET,/api/load/cpu-heavy [GET],7.500000,0.000000,10,11,11,11,12,13,14,16,16,16,16,41437,10,76,438.97394973482227,7.26743700215593,135192.1857769994,44.98914014045418
1781568755,10,GET,/api/load/memory-heavy [GET],3.600000,0.000000,5,5,7,7,7,10,11,11,11,11,11,20927,8,24,265.1540917602311,1.5872470030444674,19844.133311002224,51.98012137430114
1781568755,10,GET,/api/products [GET],6.800000,0.000000,2,2,2,2,2,2,2,3,3,3,3,41533,11,9,163.56505911981856,0.7548880021204241,36473.63180299726,119.96821804348349
1781568755,10,,Aggregated,17.900000,0.000000,5,9,10,10,11,12,13,14,16,16,16,103897,29,28,293.8678771653795,0.7548880021204241,135192.1857769994,76.37028018133344
1781568756,10,GET,/api/load/cpu-heavy [GET],7.400000,0.000000,10,11,11,11,12,14,19,25,25,25,25,41445,10,76,438.89175126005125,7.26743700215593,135192.1857769994,44.98914223669924
1781568756,10,GET,/api/load/memory-heavy [GET],3.300000,0.000000,5,7,7,7,10,11,11,11,11,11,11,20932,8,24,265.0925105837165,1.5872470030444674,19844.133311002224,51.980126122682975
1781568756,10,GET,/api/products [GET],7.300000,0.000000,2,2,2,2,2,2,2,3,3,3,3,41540,11,9,163.53779644899916,0.7548880021204241,36473.63180299726,119.96822339913336
1781568756,10,,Aggregated,18.000000,0.000000,7,9,10,10,11,12,14,19,25,25,25,103917,29,28,293.81280374724474,0.7548880021204241,135192.1857769994,76.36963153285795
1781568757,10,GET,/api/load/cpu-heavy [GET],7.500000,0.000000,10,11,11,11,12,14,19,25,25,25,25,41450,10,76,438.8400042544952,7.26743700215593,135192.1857769994,44.9891435464415
1781568757,10,GET,/api/load/memory-heavy [GET],3.200000,0.000000,5,6,7,7,10,11,11,11,11,11,11,20937,8,24,265.0303449940945,1.5872470030444674,19844.133311002224,51.98013086879687
1781568757,10,GET,/api/products [GET],7.100000,0.000000,2,2,2,2,2,2,2,3,3,3,3,41550,11,9,163.4988226597935,0.7548880021204241,36473.63180299726,119.96823104693141
1781568757,10,,Aggregated,17.800000,0.000000,5,9,10,10,11,12,14,19,25,25,25,103937,29,28,293.7571277889917,0.7548880021204241,135192.1857769994,76.37114790690515
1781568758,10,GET,/api/load/cpu-heavy [GET],7.800000,0.000000,10,11,11,11,12,13,19,25,25,25,25,41455,10,76,438.7883552704334,7.26743700215593,135192.1857769994,44.989144855867806
1781568758,10,GET,/api/load/memory-heavy [GET],3.400000,0.000000,5,7,7,7,10,11,11,11,11,11,11,20942,8,24,264.968553701239,1.5872470030444674,19844.133311002224,51.980135612644446
1781568758,10,GET,/api/products [GET],7.300000,0.000000,2,2,2,2,2,2,2,3,3,3,3,41555,11,9,163.47932420316278,0.7548880021204241,36473.63180299726,119.96823486945013
1781568758,10,,Aggregated,18.500000,0.000000,5,9,10,10,11,11,13,19,25,25,25,103952,29,28,293.7156190992902,0.7548880021204241,135192.1857769994,76.37056526088963
1781568759,10,GET,/api/load/cpu-heavy [GET],7.700000,0.000000,10,11,11,11,12,13,19,25,25,25,25,41465,10,76,438.6849673783145,7.26743700215593,135192.1857769994,44.98914747377306
1781568759,10,GET,/api/load/memory-heavy [GET],3.600000,0.000000,5,6,7,7,10,11,11,11,11,11,11,20943,8,24,264.9561173707373,1.5872470030444674,19844.133311002224,51.980136561142146
1781568759,10,GET,/api/products [GET],6.900000,0.000000,2,2,2,2,2,2,2,3,3,3,3,41563,11,9,163.4481743747425,0.7548880021204241,36473.63180299726,119.96824098356711
1781568759,10,,Aggregated,18.200000,0.000000,5,9,10,10,11,11,13,19,25,25,25,103971,29,28,293.6630849946082,0.7548880021204241,135192.1857769994,76.37067066778236
1781568760,10,GET,/api/load/cpu-heavy [GET],6.800000,0.000000,10,11,11,11,12,13,19,25,25,25,25,41471,10,76,438.623045536322,7.26743700215593,135192.1857769994,44.9891490439102
1781568760,10,GET,/api/load/memory-heavy [GET],3.900000,0.000000,5,7,7,8,10,11,11,11,11,11,11,20948,8,24,264.89433098631577,1.5872470030444674,19844.133311002224,51.980141302272294
1781568760,10,GET,/api/products [GET],7.100000,0.000000,2,2,2,2,2,2,2,3,3,3,3,41573,11,9,163.40922440549005,0.7548880021204241,36473.63180299726,119.96824862290428
1781568760,10,,Aggregated,17.800000,0.000000,5,9,10,10,11,12,13,19,25,25,25,103992,29,28,293.60483934482863,0.7548880021204241,135192.1857769994,76.37188437572121
1781568761,11,GET,/api/load/cpu-heavy [GET],6.500000,0.000000,10,11,11,11,11,12,19,25,25,25,25,41479,10,76,438.54039384321726,7.26743700215593,135192.1857769994,44.989151136719784
1781568761,11,GET,/api/load/memory-heavy [GET],3.900000,0.000000,5,6,7,7,8,10,11,11,11,11,11,20949,8,24,264.88188949827423,1.5872470030444674,19844.133311002224,51.98014225022674
1781568761,11,GET,/api/products [GET],7.300000,0.000000,2,2,2,2,2,2,2,3,3,3,3,41584,11,9,163.36642578346093,0.7548880021204241,36473.63180299726,119.9682570219315
1781568761,11,,Aggregated,17.700000,0.000000,5,9,10,10,11,11,12,19,25,25,25,104012,29,28,293.54937073704406,0.7548880021204241,135192.1857769994,76.37385109410452
1781568762,13,GET,/api/load/cpu-heavy [GET],6.800000,0.000000,10,11,11,11,12,16,19,25,25,25,25,41489,10,76,438.43759671235296,7.26743700215593,135192.1857769994,44.98915375159681
1781568762,13,GET,/api/load/memory-heavy [GET],4.100000,0.000000,5,6,7,7,8,10,11,11,11,11,11,20952,8,24,264.84465138570744,1.5872470030444674,19844.133311002224,51.98014509354716
1781568762,13,GET,/api/products [GET],7.800000,0.000000,2,2,2,2,2,2,3,3,3,3,3,41597,11,9,163.31590499868824,0.7548880021204241,36473.63180299726,119.96826694232757
1781568762,13,,Aggregated,18.700000,0.000000,4,9,10,10,11,12,16,19,25,25,25,104038,29,28,293.4775205796192,0.7548880021204241,135192.1857769994,76.37558392125953
1781568763,15,GET,/api/load/cpu-heavy [GET],7.000000,0.000000,10,11,11,11,12,16,19,25,25,25,25,41499,10,76,438.3344161035645,7.26743700215593,135192.1857769994,44.98915636521362
1781568763,15,GET,/api/load/memory-heavy [GET],3.600000,0.000000,5,6,6,7,8,8,11,11,11,11,11,20958,8,24,264.7702019533993,1.5872470030444674,19844.133311002224,51.98015077774597
1781568763,15,GET,/api/products [GET],8.600000,0.000000,2,2,2,2,2,2,3,5,5,5,5,41610,11,9,163.2654265218558,0.7548880021204241,36473.63180299726,119.96827685652488
1781568763,15,,Aggregated,19.200000,0.000000,5,9,10,10,11,12,16,19,25,25,25,104067,29,28,293.39721740797205,0.7548880021204241,135192.1857769994,76.37661314345566
1781568764,17,GET,/api/load/cpu-heavy [GET],7.300000,0.000000,11,11,11,12,16,19,20,25,25,25,25,41509,10,76,438.2320602418952,7.26743700215593,135192.1857769994,44.98915897757113
1781568764,17,GET,/api/load/memory-heavy [GET],3.200000,0.000000,5,6,7,7,8,8,11,11,11,11,11,20964,8,24,264.6960954760715,1.5872470030444674,19844.133311002224,51.98015645869109
1781568764,17,GET,/api/products [GET],8.800000,0.000000,2,2,2,2,2,3,5,9,9,9,9,41624,11,9,163.21132295224933,0.7548880021204241,36473.63180299726,119.96828752642706
1781568764,17,,Aggregated,19.300000,0.000000,5,9,10,10,11,12,18,19,25,25,25,104097,29,28,293.3146165663319,0.7548880021204241,135192.1857769994,76.37806084709453
1781568765,19,GET,/api/load/cpu-heavy [GET],7.600000,0.000000,11,11,11,11,12,17,19,20,20,20,20,41520,10,76,438.1186392930112,7.26743700215593,135192.1857769994,44.98916184971098
1781568765,19,GET,/api/load/memory-heavy [GET],3.700000,0.000000,5,6,6,7,7,8,11,11,11,11,11,20972,8,24,264.5970013370387,1.5872470030444674,19844.133311002224,51.98016402822812
1781568765,19,GET,/api/products [GET],9.100000,0.000000,2,2,2,2,2,3,5,5,9,9,9,41643,11,9,163.1376531208705,0.7548880021204241,36473.63180299726,119.96830199553347
1781568765,19,,Aggregated,20.400000,0.000000,4,9,10,10,11,12,16,18,20,20,20,104135,29,28,293.20934848416437,0.7548880021204241,135192.1857769994,76.38083257310223
1781568766,21,GET,/api/load/cpu-heavy [GET],7.600000,0.000000,11,11,11,12,12,16,19,20,20,20,20,41536,10,75,437.95394672649803,7.26743700215593,135192.1857769994,44.989166024653315
1781568766,21,GET,/api/load/memory-heavy [GET],4.100000,0.000000,5,6,6,7,7,7,8,8,8,8,8,20980,8,24,264.49810048357455,1.5872470030444674,19844.133311002224,51.980171591992374
1781568766,21,GET,/api/products [GET],9.700000,0.000000,2,2,2,2,2,3,5,5,9,9,9,41655,11,9,163.09107610554352,0.7548880021204241,36473.63180299726,119.9683111271156
1781568766,21,,Aggregated,21.400000,0.000000,4,9,10,10,11,12,16,18,20,20,20,104171,29,28,293.1102135388302,0.7548880021204241,135192.1857769994,76.37916502673488
1781568767,22,GET,/api/load/cpu-heavy [GET],8.200000,0.000000,11,11,11,12,12,16,19,20,20,20,20,41547,10,75,437.84088323873743,7.26743700215593,135192.1857769994,44.98916889306087
1781568767,22,GET,/api/load/memory-heavy [GET],4.300000,0.000000,5,6,6,7,7,8,12,12,12,12,12,20991,8,24,264.36261960513497,1.5872470030444674,19844.133311002224,51.980181982754516
1781568767,22,GET,/api/products [GET],10.700000,0.000000,2,2,2,2,2,3,5,5,9,9,9,41667,11,9,163.0445225112777,0.7548880021204241,36473.63180299726,119.96832025343797
1781568767,22,,Aggregated,23.200000,0.000000,4,9,10,10,11,12,16,18,20,20,20,104205,29,28,293.01652553647585,0.7548880021204241,135192.1857769994,76.37830238472242
1781568768,24,GET,/api/load/cpu-heavy [GET],8.600000,0.000000,10,11,11,12,12,17,19,20,20,20,20,41561,10,75,437.6971675716858,7.26743700215593,135192.1857769994,44.98917254156541
1781568768,24,GET,/api/load/memory-heavy [GET],4.900000,0.000000,5,6,7,7,7,8,10,12,12,12,12,20999,8,24,264.26417147489826,1.5872470030444674,19844.133311002224,51.9801895328349
1781568768,24,GET,/api/products [GET],11.200000,0.000000,2,2,2,2,2,3,5,5,9,9,9,41684,11,9,162.97875878997746,0.7548880021204241,36473.63180299726,119.96833317339987
1781568768,24,,Aggregated,24.700000,0.000000,4,9,10,10,11,12,17,19,20,20,20,104244,29,28,292.90915448034883,0.7548880021204241,135192.1857769994,76.37933118452861
1781568769,26,GET,/api/load/cpu-heavy [GET],9.300000,0.000000,10,11,11,12,13,17,19,20,20,20,20,41577,10,75,437.5327422716605,7.26743700215593,135192.1857769994,44.98917670827621
1781568769,26,GET,/api/load/memory-heavy [GET],5.400000,0.000000,5,6,6,7,7,8,10,12,12,12,12,21011,8,24,264.1163575263612,1.5872470030444674,19844.133311002224,51.98020084717529
1781568769,26,GET,/api/products [GET],11.900000,0.000000,2,2,2,2,2,4,5,5,9,9,9,41705,11,9,162.89756306367158,0.7548880021204241,36473.63180299726,119.96834911881069
1781568769,26,,Aggregated,26.600000,0.000000,4,9,10,10,11,12,16,19,20,20,20,104293,29,27,292.77411217421565,0.7548880021204241,135192.1857769994,76.3804953352574
1781568770,28,GET,/api/load/cpu-heavy [GET],10.500000,0.000000,11,11,11,12,13,17,19,20,20,20,20,41599,10,75,437.3071469912693,7.26743700215593,135192.1857769994,44.989182432270006
1781568770,28,GET,/api/load/memory-heavy [GET],5.700000,0.000000,5,6,6,7,7,9,10,12,12,12,12,21020,8,23,264.0058320088667,1.5872470030444674,19844.133311002224,51.9802093244529
1781568770,28,GET,/api/products [GET],12.700000,0.000000,2,2,2,2,2,3,5,5,9,9,9,41726,11,9,162.8163800417586,0.7548880021204241,36473.63180299726,119.9683650481714
1781568770,28,,Aggregated,28.900000,0.000000,5,9,10,10,11,12,17,19,20,20,20,104345,29,27,292.6313562713927,0.7548880021204241,135192.1857769994,76.38055489002828
1781568771,30,GET,/api/load/cpu-heavy [GET],11.200000,0.000000,10,11,11,12,14,19,24,25,62,62,62,41625,10,75,437.04261358949685,7.26743700215593,135192.1857769994,44.98918918918919
1781568771,30,GET,/api/load/memory-heavy [GET],6.700000,0.000000,5,6,6,7,7,9,12,48,48,48,48,21032,8,23,263.86022526104887,1.5872470030444674,19844.133311002224,51.98022061620388
1781568771,30,GET,/api/products [GET],14.200000,0.000000,2,2,2,2,2,3,4,5,9,9,9,41744,11,9,162.74680488190916,0.7548880021204241,36473.63180299726,119.96837868915293
1781568771,30,,Aggregated,32.100000,0.000000,5,9,10,10,11,13,19,24,62,62,62,104401,29,27,292.47909187980446,0.7548880021204241,135192.1857769994,76.37745807032499
1781568772,32,GET,/api/load/cpu-heavy [GET],12.400000,0.000000,10,11,12,12,15,19,21,25,62,62,62,41653,10,75,436.75631940642455,7.26743700215593,135192.1857769994,44.98919645643771
1781568772,32,GET,/api/load/memory-heavy [GET],7.000000,0.000000,5,6,6,7,8,9,12,48,48,48,48,21046,8,23,263.68818724495793,1.5872470030444674,19844.133311002224,51.980233773638695
1781568772,32,GET,/api/products [GET],14.800000,0.000000,1,2,2,2,2,3,4,5,9,9,9,41765,11,9,162.66580224282117,0.7548880021204241,36473.63180299726,119.96839458877051
1781568772,32,,Aggregated,34.200000,0.000000,5,9,10,10,12,13,19,21,62,62,62,104464,29,27,292.30672568219165,0.7548880021204241,135192.1857769994,76.37455008423954
1781568773,34,GET,/api/load/cpu-heavy [GET],14.300000,0.000000,10,11,11,12,16,19,24,30,62,62,62,41677,10,74,436.5119069295486,7.26743700215593,135192.1857769994,44.989202677735925
1781568773,34,GET,/api/load/memory-heavy [GET],8.000000,0.000000,5,6,6,7,7,9,12,48,48,48,48,21059,8,23,263.5287708488238,1.5872470030444674,19844.133311002224,51.98024597559238
1781568773,34,GET,/api/products [GET],15.400000,0.000000,1,2,2,2,2,3,4,4,6,6,6,41790,11,9,162.56949627981356,0.7548880021204241,36473.63180299726,119.96841349605168
1781568773,34,,Aggregated,37.700000,0.000000,5,9,10,10,12,14,19,24,62,62,62,104526,29,27,292.13725178368486,0.7548880021204241,135192.1857769994,76.37474886631077
1781568774,36,GET,/api/load/cpu-heavy [GET],15.800000,0.000000,10,11,12,12,16,19,24,30,62,62,62,41696,10,74,436.31833584197057,7.26743700215593,135192.1857769994,44.98920759785111
1781568774,36,GET,/api/load/memory-heavy [GET],9.200000,0.000000,5,6,6,7,8,9,12,13,48,48,48,21072,8,23,263.36991383586667,1.5872470030444674,19844.133311002224,51.98025816249051
1781568774,36,GET,/api/products [GET],17.000000,0.000000,1,2,2,2,2,3,4,6,10,10,10,41822,11,9,162.44637154670698,0.7548880021204241,36473.63180299726,119.96843766438717
1781568774,36,,Aggregated,42.000000,0.000000,5,9,10,10,12,14,19,24,62,62,62,104590,29,27,291.9618730896111,0.7548880021204241,135192.1857769994,76.37936705229946
1781568775,38,GET,/api/load/cpu-heavy [GET],17.200000,0.000000,10,11,12,13,18,21,28,34,62,62,62,41720,10,74,436.0753541624353,7.26743700215593,135192.1857769994,44.9892138063279
1781568775,38,GET,/api/load/memory-heavy [GET],9.800000,0.000000,5,6,7,7,9,12,16,43,48,48,48,21082,8,23,263.25022864075424,1.5872470030444674,19844.133311002224,51.98026752680011
1781568775,38,GET,/api/products [GET],17.900000,0.000000,1,2,2,2,2,3,4,4,10,10,10,41857,11,9,162.3118992719355,0.7548880021204241,36473.63180299726,119.96846405619132
1781568775,38,,Aggregated,44.900000,0.000000,5,9,10,10,12,16,22,30,62,62,62,104659,29,27,291.7741834308225,0.7548880021204241,135192.1857769994,76.38442943272915
1781568776,40,GET,/api/load/cpu-heavy [GET],18.700000,0.000000,10,11,12,13,18,20,27,30,62,62,62,41753,10,74,435.7392969199771,7.26743700215593,135192.1857769994,44.989222331329486
1781568776,40,GET,/api/load/memory-heavy [GET],10.300000,0.000000,5,6,7,7,9,12,16,43,48,48,48,21094,8,23,263.1035472725601,1.5872470030444674,19844.133311002224,51.98027875225183
1781568776,40,GET,/api/products [GET],19.100000,0.000000,1,2,2,2,2,3,4,4,10,10,10,41886,11,8,162.20054754859328,0.7548880021204241,36473.63180299726,119.9684858902736
1781568776,40,,Aggregated,48.100000,0.000000,5,9,10,10,12,16,21,28,62,62,62,104733,29,27,291.5724864664187,0.7548880021204241,135192.1857769994,76.38382362770092
1781568777,41,GET,/api/load/cpu-heavy [GET],19.700000,0.000000,10,11,11,13,16,19,27,30,62,62,62,41778,10,73,435.4846528092499,7.26743700215593,135192.1857769994,44.98922878069798
1781568777,41,GET,/api/load/memory-heavy [GET],11.200000,0.000000,5,6,6,7,9,10,16,43,48,48,48,21101,8,23,263.0184190549443,1.5872470030444674,19844.133311002224,51.980285294535804
1781568777,41,GET,/api/products [GET],20.700000,0.000000,1,2,2,2,2,2,4,4,10,10,10,41926,11,8,162.04723853189793,0.7548880021204241,36473.63180299726,119.9685159566856
1781568777,41,,Aggregated,51.600000,0.000000,5,9,10,10,12,15,21,28,62,62,62,104805,29,27,291.3756214706496,0.7548880021204241,135192.1857769994,76.3913553742665
1781568778,43,GET,/api/load/cpu-heavy [GET],21.400000,0.000000,10,11,12,13,17,20,27,30,62,62,62,41816,10,73,435.0995221939888,7.26743700215593,135192.1857769994,44.989238568968815
1781568778,43,GET,/api/load/memory-heavy [GET],11.000000,0.000000,5,6,6,7,9,13,43,45,48,48,48,21118,8,23,262.81300467877566,1.5872470030444674,19844.133311002224,51.98030116488304
1781568778,43,GET,/api/products [GET],22.400000,0.000000,1,2,2,2,2,2,4,6,10,10,10,41952,11,8,161.9479953589898,0.7548880021204241,36473.63180299726,119.96853546910755
1781568778,43,,Aggregated,54.800000,0.000000,5,9,10,10,12,16,21,28,62,62,62,104886,29,27,291.15657908748943,0.7548880021204241,135192.1857769994,76.38683904429571
1781568779,45,GET,/api/load/cpu-heavy [GET],22.600000,0.000000,10,11,12,13,18,21,28,34,71,71,71,41842,10,73,434.83855242851325,7.26743700215593,135192.1857769994,44.989245255962906
1781568779,45,GET,/api/load/memory-heavy [GET],11.200000,0.000000,5,6,6,7,10,12,43,45,48,48,48,21140,8,23,262.54562863029327,1.5872470030444674,19844.133311002224,51.980321665089875
1781568779,45,GET,/api/products [GET],24.900000,0.000000,1,2,2,2,2,3,4,7,14,14,14,41984,11,8,161.8261499899323,0.7548880021204241,36473.63180299726,119.9685594512195
1781568779,45,,Aggregated,58.700000,0.000000,5,9,10,10,13,17,24,30,71,71,71,104966,29,27,290.94028905679386,0.7548880021204241,135192.1857769994,76.38724920450431
1781568780,47,GET,/api/load/cpu-heavy [GET],24.400000,0.000000,10,11,12,13,17,20,27,30,71,71,71,41880,10,72,434.45404689696414,7.26743700215593,135192.1857769994,44.989255014326645
1781568780,47,GET,/api/load/memory-heavy [GET],11.700000,0.000000,5,6,6,7,10,12,16,43,45,45,45,21157,8,23,262.3390929674535,1.5872470030444674,19844.133311002224,51.98033747695798
1781568780,47,GET,/api/products [GET],26.500000,0.000000,1,2,2,2,2,3,4,7,14,14,14,42012,11,8,161.71929135707197,0.7548880021204241,36473.63180299726,119.9685804055984
1781568780,47,,Aggregated,62.600000,0.000000,5,9,10,10,13,16,21,28,71,71,71,105049,29,27,290.7157092637762,0.7548880021204241,135192.1857769994,76.3835733800417
1781568781,49,GET,/api/load/cpu-heavy [GET],26.200000,0.000000,10,11,12,13,17,19,27,30,71,71,71,41920,10,72,434.049921168723,7.26743700215593,135192.1857769994,44.989265267175576
1781568781,49,GET,/api/load/memory-heavy [GET],12.100000,0.000000,5,6,6,7,9,12,16,43,45,45,45,21173,8,23,262.1448858916742,1.5872470030444674,19844.133311002224,51.98035233552166
1781568781,49,GET,/api/products [GET],27.100000,0.000000,1,2,2,2,2,3,4,10,14,14,14,42050,11,8,161.57464870697544,0.7548880021204241,36473.63180299726,119.96860879904875
1781568781,49,,Aggregated,65.400000,0.000000,5,9,10,10,12,16,21,28,71,71,71,105143,29,26,290.46137491326533,0.7548880021204241,135192.1857769994,76.38368697868617
1781568782,51,GET,/api/load/cpu-heavy [GET],27.400000,0.000000,10,11,12,14,17,21,30,49,120,120,120,41962,10,72,433.63063006705744,7.26743700215593,135192.1857769994,44.98927601162957
1781568782,51,GET,/api/load/memory-heavy [GET],13.600000,0.000000,5,6,6,7,10,12,43,45,71,71,71,21191,8,22,261.9303796771471,1.5872470030444674,19844.133311002224,51.98036902458591
1781568782,51,GET,/api/products [GET],28.300000,0.000000,1,2,2,2,2,3,4,10,14,14,14,42082,11,8,161.45288859860042,0.7548880021204241,36473.63180299726,119.96863266954993
1781568782,51,,Aggregated,69.300000,0.000000,5,9,10,10,13,16,22,34,120,120,120,105235,29,26,290.21557117516454,0.7548880021204241,135192.1857769994,76.38025371786954
1781568783,53,GET,/api/load/cpu-heavy [GET],28.600000,0.000000,10,11,12,13,16,20,28,49,120,120,120,41999,10,71,433.2598662105729,7.26743700215593,135192.1857769994,44.9892854591776
1781568783,53,GET,/api/load/memory-heavy [GET],13.800000,0.000000,5,6,7,8,10,12,45,56,71,71,71,21214,8,22,261.6551360742155,1.5872470030444674,19844.133311002224,51.98039030828698
1781568783,53,GET,/api/products [GET],29.800000,0.000000,1,2,2,2,2,2,4,4,14,14,14,42120,11,8,161.30846353129868,0.7548880021204241,36473.63180299726,119.96866096866097
1781568783,53,,Aggregated,72.200000,0.000000,5,9,10,10,13,15,22,43,120,120,120,105333,29,26,289.952300433809,0.7548880021204241,135192.1857769994,76.37964360646711
1781568784,55,GET,/api/load/cpu-heavy [GET],30.300000,0.000000,10,11,12,13,16,19,24,49,120,120,120,42034,10,71,432.9086970522879,7.26743700215593,135192.1857769994,44.9892943807394
1781568784,55,GET,/api/load/memory-heavy [GET],14.100000,0.000000,5,6,6,7,10,11,22,56,71,71,71,21238,8,22,261.36677402996503,1.5872470030444674,19844.133311002224,51.980412468217345
1781568784,55,GET,/api/products [GET],30.400000,0.000000,1,2,2,2,2,2,3,4,14,14,14,42159,11,8,161.1605672732813,0.7548880021204241,36473.63180299726,119.96868995943926
1781568784,55,,Aggregated,74.800000,0.000000,5,9,10,10,13,15,20,38,120,120,120,105431,29,26,289.68861221479824,0.7548880021204241,135192.1857769994,76.37981238914551
1781568785,57,GET,/api/load/cpu-heavy [GET],31.500000,0.000000,10,11,12,13,16,18,24,49,120,120,120,42075,10,71,432.4981224655695,7.26743700215593,135192.1857769994,44.98930481283423
1781568785,57,GET,/api/load/memory-heavy [GET],15.200000,0.000000,5,6,6,8,10,12,22,56,71,71,71,21262,8,22,261.0791623133013,1.5872470030444674,19844.133311002224,51.980434578120594
1781568785,57,GET,/api/products [GET],32.400000,0.000000,1,2,2,2,2,2,4,7,29,29,29,42199,11,8,161.00994537366407,0.7548880021204241,36473.63180299726,119.9687196379061
1781568785,57,,Aggregated,79.100000,0.000000,5,9,10,11,13,15,20,29,120,120,120,105536,29,26,289.40723863579586,0.7548880021204241,135192.1857769994,76.37861014251061
1781568786,59,GET,/api/load/cpu-heavy [GET],33.100000,0.000000,10,11,13,14,17,20,31,64,120,120,120,42129,10,70,431.9622950237092,7.26743700215593,135192.1857769994,44.9893185216834
1781568786,59,GET,/api/load/memory-heavy [GET],16.300000,0.000000,5,6,6,7,10,12,22,56,71,71,71,21282,8,22,260.83881735285337,1.5872470030444674,19844.133311002224,51.980452964946906
1781568786,59,GET,/api/products [GET],32.800000,0.000000,1,2,2,2,2,3,5,8,29,29,29,42239,11,8,160.85948107609644,0.7548880021204241,36473.63180299726,119.96874926016241
1781568786,59,,Aggregated,82.200000,0.000000,5,9,10,11,13,17,22,45,120,120,120,105650,29,26,289.1041633613854,0.7548880021204241,135192.1857769994,76.37447231424515
1781568787,60,GET,/api/load/cpu-heavy [GET],34.900000,0.000000,10,11,13,14,17,20,38,64,120,120,120,42172,10,70,431.5345224432531,7.26743700215593,135192.1857769994,44.989329412880586
1781568787,60,GET,/api/load/memory-heavy [GET],17.000000,0.000000,5,6,6,7,10,12,22,56,71,71,71,21305,8,22,260.56357679527883,1.5872470030444674,19844.133311002224,51.9804740671204
1781568787,60,GET,/api/products [GET],33.600000,0.000000,1,2,2,2,2,3,5,8,29,29,29,42275,11,8,160.72390128059678,0.7548880021204241,36473.63180299726,119.96877587226493
1781568787,60,,Aggregated,85.500000,0.000000,5,9,10,11,13,17,23,48,120,120,120,105752,29,26,288.8322094214519,0.7548880021204241,135192.1857769994,76.37126484605493
1781568788,62,GET,/api/load/cpu-heavy [GET],36.300000,0.000000,10,11,13,14,16,20,31,53,120,120,120,42209,10,69,431.1662879688901,7.26743700215593,135192.1857769994,44.989338766613756
1781568788,62,GET,/api/load/memory-heavy [GET],18.600000,0.000000,5,5,6,7,10,11,22,56,71,71,71,21325,8,22,260.324334863232,1.5872470030444674,19844.133311002224,51.98049237983587
1781568788,62,GET,/api/products [GET],34.600000,0.000000,1,2,2,2,2,3,4,5,29,29,29,42325,11,8,160.53571889734738,0.7548880021204241,36473.63180299726,119.96881275841702
1781568788,62,,Aggregated,89.500000,0.000000,5,9,10,11,13,16,22,31,120,120,120,105859,29,25,288.5459771220908,0.7548880021204241,135192.1857769994,76.37630244003816
1781568789,64,GET,/api/load/cpu-heavy [GET],38.700000,0.000000,10,11,13,14,17,25,53,94,120,120,120,42265,10,69,430.62062741516223,7.26743700215593,135192.1857769994,44.98935289246421
1781568789,64,GET,/api/load/memory-heavy [GET],19.400000,0.000000,5,5,7,7,10,12,56,67,71,71,71,21345,8,21,260.09114204021677,1.5872470030444674,19844.133311002224,51.980510658233776
1781568789,64,GET,/api/products [GET],34.700000,0.000000,1,2,2,2,2,3,7,14,40,40,40,42371,11,8,160.36488675271406,0.7548880021204241,36473.63180299726,119.96884661678979
1781568789,64,,Aggregated,92.800000,0.000000,5,9,10,11,14,17,29,58,120,120,120,105981,29,25,288.2275772180806,0.7548880021204241,135192.1857769994,76.37405761410064
1781568790,66,GET,/api/load/cpu-heavy [GET],39.900000,0.000000,11,12,13,14,18,23,49,88,120,120,120,42316,10,68,430.117338484895,7.26743700215593,135192.1857769994,44.989365724548634
1781568790,66,GET,/api/load/memory-heavy [GET],20.200000,0.000000,5,5,7,8,10,11,23,58,71,71,71,21370,8,21,259.7938347633334,1.5872470030444674,19844.133311002224,51.980533458118856
1781568790,66,GET,/api/products [GET],36.000000,0.000000,1,2,2,2,2,3,5,11,40,40,40,42420,11,8,160.1815225004059,0.7548880021204241,36473.63180299726,119.96888260254597
1781568790,66,,Aggregated,96.100000,0.000000,5,9,10,11,14,18,29,58,120,120,120,106106,29,25,287.89644062245645,0.7548880021204241,135192.1857769994,76.37338133564549
1781568791,68,GET,/api/load/cpu-heavy [GET],41.200000,0.000000,11,12,14,15,18,26,58,86,120,120,120,42371,10,68,429.5812643740253,7.26743700215593,135192.1857769994,44.98937952845106
1781568791,68,GET,/api/load/memory-heavy [GET],20.800000,0.000000,5,5,7,7,10,11,22,56,67,67,67,21391,8,21,259.54440917313,1.5872470030444674,19844.133311002224,51.98055256883736
1781568791,68,GET,/api/products [GET],38.000000,0.000000,1,2,2,2,2,4,7,11,40,40,40,42477,11,8,159.96935001373004,0.7548880021204241,36473.63180299726,119.9689243590649
1781568791,68,,Aggregated,100.000000,0.000000,5,9,10,11,15,18,28,58,110,120,120,106239,29,25,287.54713702074906,0.7548880021204241,135192.1857769994,76.37572831069569
1781568792,70,GET,/api/load/cpu-heavy [GET],43.200000,0.000000,11,13,15,16,20,28,68,86,120,120,120,42424,10,67,429.067582655638,7.26743700215593,135192.1857769994,44.98939279653027
1781568792,70,GET,/api/load/memory-heavy [GET],20.400000,0.000000,5,5,7,8,10,11,22,31,67,67,67,21411,8,21,259.3094311562022,1.5872470030444674,19844.133311002224,51.980570734669094
1781568792,70,GET,/api/products [GET],39.800000,0.000000,1,2,2,2,2,4,10,16,64,64,64,42528,11,8,159.7820530243658,0.7548880021204241,36473.63180299726,119.96896162528216
1781568792,70,,Aggregated,103.400000,0.000000,5,10,11,11,16,20,31,64,110,120,120,106363,29,25,287.2243967177343,0.7548880021204241,135192.1857769994,76.37642789315834
1781568793,72,GET,/api/load/cpu-heavy [GET],44.000000,0.000000,11,14,16,17,25,64,120,150,300,300,300,42472,10,67,428.64285092418027,7.26743700215593,135192.1857769994,44.9894047843285
1781568793,72,GET,/api/load/memory-heavy [GET],21.400000,0.000000,5,6,7,8,11,18,57,67,170,170,170,21437,8,21,259.02012349593997,1.5872470030444674,19844.133311002224,51.9805942995755
1781568793,72,GET,/api/products [GET],41.800000,0.000000,2,2,2,2,3,7,21,40,87,87,87,42573,11,8,159.6225195467608,0.7548880021204241,36473.63180299726,119.9689944330914
1781568793,72,,Aggregated,107.200000,0.000000,6,10,11,12,17,28,78,120,280,300,300,106482,29,25,286.93622468115194,0.7548880021204241,135192.1857769994,76.37476756634925
1781568794,74,GET,/api/load/cpu-heavy [GET],45.600000,0.000000,11,14,16,18,28,79,130,200,300,300,300,42522,10,67,428.1687030409155,7.26743700215593,135192.1857769994,44.989417242839004
1781568794,74,GET,/api/load/memory-heavy [GET],21.500000,0.000000,5,6,7,8,11,31,58,79,170,170,170,21461,8,21,258.7445525602004,1.5872470030444674,19844.133311002224,51.98061600111831
1781568794,74,GET,/api/products [GET],43.600000,0.000000,1,2,2,2,4,12,39,46,87,87,87,42631,11,8,159.4139704543224,0.7548880021204241,36473.63180299726,119.96903661654665
1781568794,74,,Aggregated,110.700000,0.000000,6,10,11,13,18,38,86,120,280,300,300,106614,29,25,286.5991652844692,0.7548880021204241,135192.1857769994,76.3782992852721
1781568795,76,GET,/api/load/cpu-heavy [GET],46.500000,0.000000,11,14,17,18,28,79,130,200,300,300,300,42566,10,66,427.74283337726797,7.26743700215593,135192.1857769994,44.98942818211718
1781568795,76,GET,/api/load/memory-heavy [GET],21.900000,0.000000,5,6,7,8,11,31,58,79,170,170,170,21495,8,21,258.3455820412858,1.5872470030444674,19844.133311002224,51.98064666201442
1781568795,76,GET,/api/products [GET],44.800000,0.000000,1,2,2,2,4,12,39,46,87,87,87,42696,11,7,159.17562664945655,0.7548880021204241,36473.63180299726,119.9690837549185
1781568795,76,,Aggregated,113.200000,0.000000,6,10,11,13,19,38,80,120,280,300,300,106757,29,25,286.22574900886457,0.7548880021204241,135192.1857769994,76.38416216266849
1781568796,77,GET,/api/load/cpu-heavy [GET],48.100000,0.000000,12,15,17,19,31,83,130,200,300,300,300,42616,10,66,427.26748583367174,7.26743700215593,135192.1857769994,44.98944058569551
1781568796,77,GET,/api/load/memory-heavy [GET],21.500000,0.000000,5,6,7,8,11,41,71,79,170,170,170,21525,8,21,258.00201612661726,1.5872470030444674,19844.133311002224,51.98067363530778
1781568796,77,GET,/api/products [GET],47.600000,0.000000,1,2,2,2,4,12,40,55,87,87,87,42752,11,7,158.97097960194193,0.7548880021204241,36473.63180299726,119.969124251497
1781568796,77,,Aggregated,117.200000,0.000000,6,10,11,13,20,42,86,120,280,300,300,106893,29,24,285.8770162064433,0.7548880021204241,135192.1857769994,76.38548829203035
1781568797,79,GET,/api/load/cpu-heavy [GET],48.500000,0.000000,12,16,18,20,42,83,130,200,300,300,300,42679,10,66,426.6649543380995,7.26743700215593,135192.1857769994,44.989456172825044
1781568797,79,GET,/api/load/memory-heavy [GET],23.000000,0.000000,5,6,7,8,15,45,71,79,170,170,170,21554,8,20,257.668332518996,1.5872470030444674,19844.133311002224,51.98069963811822
1781568797,79,GET,/api/products [GET],48.600000,0.000000,1,2,2,2,5,16,42,56,87,87,87,42803,11,7,158.78660011539398,0.7548880021204241,36473.63180299726,119.96916104011402
1781568797,79,,Aggregated,120.100000,0.000000,6,10,12,14,21,47,86,120,280,300,300,107036,29,24,285.51103993095137,0.7548880021204241,135192.1857769994,76.38118950633432
1781568798,81,GET,/api/load/cpu-heavy [GET],48.600000,0.000000,13,16,18,21,52,86,150,220,300,300,300,42739,10,65,426.1173678017679,7.26743700215593,135192.1857769994,44.98947097498772
1781568798,81,GET,/api/load/memory-heavy [GET],23.500000,0.000000,5,7,8,9,18,46,74,93,170,170,170,21581,8,20,257.3667196089823,1.5872470030444674,19844.133311002224,51.98072378481071
1781568798,81,GET,/api/products [GET],51.100000,0.000000,2,2,2,2,6,21,42,55,87,87,87,42861,11,7,158.58049812153817,0.7548880021204241,36473.63180299726,119.96920277175055
1781568798,81,,Aggregated,123.200000,0.000000,7,10,13,15,26,56,88,130,280,300,300,107181,29,24,285.1529663685575,0.7548880021204241,135192.1857769994,76.3810843339771
1781568799,83,GET,/api/load/cpu-heavy [GET],49.800000,0.000000,13,17,20,24,56,86,150,220,300,300,300,42799,10,65,425.54584214151674,7.26743700215593,135192.1857769994,44.98948573564803
1781568799,83,GET,/api/load/memory-heavy [GET],25.100000,0.000000,5,7,8,9,21,46,71,93,170,170,170,21611,8,20,257.02069382774647,1.5872470030444674,19844.133311002224,51.980750543704595
1781568799,83,GET,/api/products [GET],51.900000,0.000000,2,2,2,2,8,23,42,55,87,87,87,42915,11,7,158.38512430313978,0.7548880021204241,36473.63180299726,119.96924152394267
1781568799,83,,Aggregated,126.800000,0.000000,7,10,13,16,28,56,88,130,280,300,300,107325,29,24,284.7846104970449,0.7548880021204241,135192.1857769994,76.37867225716282
1781568800,85,GET,/api/load/cpu-heavy [GET],50.800000,0.000000,13,18,22,28,64,88,150,200,300,300,300,42867,10,64,424.9141661264323,7.26743700215593,135192.1857769994,44.98950241444468
1781568800,85,GET,/api/load/memory-heavy [GET],25.300000,0.000000,5,7,9,10,28,53,74,93,170,170,170,21635,8,20,256.7556982493844,1.5872470030444674,19844.133311002224,51.98077189738849
1781568800,85,GET,/api/products [GET],53.500000,0.000000,2,2,2,2,11,28,44,56,87,87,87,42981,11,7,158.1519680840198,0.7548880021204241,36473.63180299726,119.96928875549662
1781568800,85,,Aggregated,129.600000,0.000000,8,11,14,17,32,64,90,130,280,300,300,107483,29,24,284.3913440375351,0.7548880021204241,135192.1857769994,76.38016244429352
1781568801,87,GET,/api/load/cpu-heavy [GET],52.400000,0.000000,13,18,23,30,68,89,150,210,300,300,300,42920,10,64,424.4195233641839,7.26743700215593,135192.1857769994,44.98951537744641
1781568801,87,GET,/api/load/memory-heavy [GET],26.100000,0.000000,5,7,9,10,27,51,74,93,170,170,170,21672,8,20,256.32998472694965,1.5872470030444674,19844.133311002224,51.98080472499077
1781568801,87,GET,/api/products [GET],53.900000,0.000000,2,2,2,3,11,28,44,56,87,87,87,43046,11,7,157.917178517917,0.7548880021204241,36473.63180299726,119.96933512986108
1781568801,87,,Aggregated,132.400000,0.000000,7,11,14,17,34,64,92,140,280,300,300,107638,29,24,283.9979583258272,0.7548880021204241,135192.1857769994,76.3826715472231
1781568802,89,GET,/api/load/cpu-heavy [GET],53.700000,0.000000,14,18,23,30,70,93,160,210,300,300,300,42985,10,63,423.82048677368374,7.26743700215593,135192.1857769994,44.989531231825055
1781568802,89,GET,/api/load/memory-heavy [GET],26.800000,0.000000,5,7,9,10,26,46,67,78,99,99,99,21700,8,20,256.0094116644907,1.5872470030444674,19844.133311002224,51.980829493087555
1781568802,89,GET,/api/products [GET],55.600000,0.000000,2,2,2,3,13,29,45,57,69,69,69,43118,11,7,157.66826899123998,0.7548880021204241,36473.63180299726,119.96938633517324
1781568802,89,,Aggregated,136.100000,0.000000,8,11,14,18,34,61,93,150,280,300,300,107803,29,24,283.5882886325096,0.7548880021204241,135192.1857769994,76.38654768420174
1781568803,91,GET,/api/load/cpu-heavy [GET],54.400000,0.000000,14,18,23,30,62,93,140,160,220,220,220,43039,10,63,423.3375409964867,7.26743700215593,135192.1857769994,44.98954436673714
1781568803,91,GET,/api/load/memory-heavy [GET],28.000000,0.000000,5,7,8,10,26,48,71,97,140,140,140,21738,8,20,255.59283876885758,1.5872470030444674,19844.133311002224,51.980863004876255
1781568803,91,GET,/api/products [GET],56.200000,0.000000,2,2,2,3,15,29,49,57,79,79,79,43192,11,7,157.4124493309941,0.7548880021204241,36473.63180299726,119.96943878496018
1781568803,91,,Aggregated,138.600000,0.000000,8,11,14,18,33,58,93,120,210,220,220,107969,29,23,283.18369224137854,0.7548880021204241,135192.1857769994,76.39215886041363
1781568804,93,GET,/api/load/cpu-heavy [GET],55.200000,0.000000,14,20,27,35,75,110,170,200,360,360,360,43104,10,63,422.77856479869087,7.26743700215593,135192.1857769994,44.98956013363029
1781568804,93,GET,/api/load/memory-heavy [GET],29.000000,0.000000,5,7,10,14,35,61,100,150,290,290,290,21768,8,20,255.29611131369137,1.5872470030444674,19844.133311002224,51.98088937890481
1781568804,93,GET,/api/products [GET],59.100000,0.000000,2,2,3,5,20,34,55,59,110,110,110,43248,11,7,157.2259290449109,0.7548880021204241,36473.63180299726,119.9694783573807
1781568804,93,,Aggregated,143.300000,0.000000,9,12,16,20,40,74,110,170,330,360,360,108120,29,23,282.8379577089661,0.7548880021204241,135192.1857769994,76.38910469848317
1781568805,95,GET,/api/load/cpu-heavy [GET],56.700000,0.000000,14,20,30,39,83,120,190,220,360,360,360,43170,10,62,422.21129553668686,7.26743700215593,135192.1857769994,44.98957609451008
1781568805,95,GET,/api/load/memory-heavy [GET],29.300000,0.000000,6,8,12,22,46,78,110,150,290,290,290,21804,8,20,254.92517568008017,1.5872470030444674,19844.133311002224,51.980920931939096
1781568805,95,GET,/api/products [GET],60.000000,0.000000,2,2,4,7,26,47,59,86,170,170,170,43307,11,7,157.03780160632857,0.7548880021204241,36473.63180299726,119.96951993903988
1781568805,95,,Aggregated,146.000000,0.000000,9,13,18,24,52,88,150,190,330,360,360,108281,29,23,282.4695582143907,0.7548880021204241,135192.1857769994,76.38562628716026
1781568806,96,GET,/api/load/cpu-heavy [GET],57.500000,0.000000,14,20,32,41,92,150,190,260,440,440,440,43231,10,62,421.6714090221078,7.26743700215593,135192.1857769994,44.98959080289607
1781568806,96,GET,/api/load/memory-heavy [GET],30.900000,0.000000,6,10,16,25,50,95,150,170,290,290,290,21839,8,20,254.5641981818519,1.5872470030444674,19844.133311002224,51.98095150876872
1781568806,96,GET,/api/products [GET],59.700000,0.000000,2,2,4,8,28,51,71,90,170,170,170,43372,11,7,156.8197806559138,0.7548880021204241,36473.63180299726,119.9695656183713
1781568806,96,,Aggregated,148.100000,0.000000,9,13,18,25,54,93,170,190,360,440,440,108442,29,23,282.08896676690233,0.7548880021204241,135192.1857769994,76.38624333745229
1781568807,98,GET,/api/load/cpu-heavy [GET],58.900000,0.000000,14,20,32,42,93,170,220,330,440,440,440,43297,10,62,421.10253335860983,7.26743700215593,135192.1857769994,44.9896066702081
1781568807,98,GET,/api/load/memory-heavy [GET],30.600000,0.000000,6,9,14,24,52,97,160,170,290,290,290,21874,8,19,254.19722452096062,1.5872470030444674,19844.133311002224,51.98098198774801
1781568807,98,GET,/api/products [GET],61.200000,0.000000,2,2,4,7,28,52,73,91,170,170,170,43444,11,7,156.5729979918122,0.7548880021204241,36473.63180299726,119.96961605745328
1781568807,98,,Aggregated,150.700000,0.000000,9,13,18,25,55,96,170,220,440,440,440,108615,29,23,281.68249137555057,0.7548880021204241,135192.1857769994,76.38822446255121
1781568808,100,GET,/api/load/cpu-heavy [GET],61.600000,0.000000,14,20,32,47,96,170,250,320,440,440,440,43373,10,61,420.43409097751476,7.26743700215593,135192.1857769994,44.989624881838935
1781568808,100,GET,/api/load/memory-heavy [GET],31.300000,0.000000,6,10,17,25,52,97,170,220,290,290,290,21896,8,19,253.9552697071369,1.5872470030444674,19844.133311002224,51.98100109609061
1781568808,100,GET,/api/products [GET],61.600000,0.000000,2,2,4,8,30,53,73,91,170,170,170,43515,11,7,156.33081455310352,0.7548880021204241,36473.63180299726,119.9696656325405
1781568808,100,,Aggregated,154.500000,0.000000,9,13,19,26,58,100,180,220,440,440,440,108784,29,23,281.28059097618603,0.7548880021204241,135192.1857769994,76.38982754816885
1781568809,102,GET,/api/load/cpu-heavy [GET],61.500000,0.000000,14,20,32,49,100,180,250,320,440,440,440,43453,10,61,419.7307659449931,7.26743700215593,135192.1857769994,44.98964398315421
1781568809,102,GET,/api/load/memory-heavy [GET],31.200000,0.000000,6,10,17,24,53,95,160,170,290,290,290,21931,8,19,253.57781442252943,1.5872470030444674,19844.133311002224,51.981031416716064
1781568809,102,GET,/api/products [GET],63.300000,0.000000,2,2,5,9,32,54,74,91,170,170,170,43596,11,7,156.05789123626707,0.7548880021204241,36473.63180299726,119.96972199284338
1781568809,102,,Aggregated,156.000000,0.000000,9,13,18,26,59,100,190,230,440,440,440,108980,29,23,280.8155243810284,0.7548880021204241,135192.1857769994,76.3913653881446
1781568810,104,GET,/api/load/cpu-heavy [GET],63.600000,0.000000,15,22,40,58,120,180,250,320,440,440,440,43520,10,61,419.1502879968251,7.26743700215593,135192.1857769994,44.98965992647059
1781568810,104,GET,/api/load/memory-heavy [GET],31.400000,0.000000,6,10,18,27,67,97,160,170,290,290,290,21977,8,19,253.08619427512883,1.5872470030444674,19844.133311002224,51.98107111980707
1781568810,104,GET,/api/products [GET],64.000000,0.000000,2,3,7,12,36,57,80,93,170,170,170,43667,11,7,155.8270243005531,0.7548880021204241,36473.63180299726,119.96977122312043
1781568810,104,,Aggregated,159.000000,0.000000,10,14,21,31,70,110,190,230,440,440,440,109164,29,23,280.3854246394276,0.7548880021204241,135192.1857769994,76.39018357700341
1781568811,106,GET,/api/load/cpu-heavy [GET],64.100000,0.000000,15,24,42,63,120,190,260,330,440,440,440,43587,10,60,418.5829373026332,7.26743700215593,135192.1857769994,44.98967582077225
1781568811,106,GET,/api/load/memory-heavy [GET],31.200000,0.000000,7,11,21,33,70,100,170,170,290,290,290,22022,8,19,252.61851667103397,1.5872470030444674,19844.133311002224,51.981109799291616
1781568811,106,GET,/api/products [GET],67.600000,0.000000,2,3,8,13,41,58,84,100,170,170,170,43739,11,7,155.59100915323336,0.7548880021204241,36473.63180299726,119.96982098356158
1781568811,106,,Aggregated,162.900000,0.000000,10,15,23,33,78,120,190,250,440,440,440,109348,29,23,279.96245575312327,0.7548880021204241,135192.1857769994,76.38962761093025
1781568812,108,GET,/api/load/cpu-heavy [GET],65.500000,0.000000,16,26,52,70,130,190,270,350,440,440,440,43669,10,60,417.8863623628178,7.26743700215593,135192.1857769994,44.98969520712634
1781568812,108,GET,/api/load/memory-heavy [GET],32.800000,0.000000,7,12,25,36,72,100,170,170,290,290,290,22055,8,19,252.26907914384475,1.5872470030444674,19844.133311002224,51.981138063931084
1781568812,108,GET,/api/products [GET],67.500000,0.000000,2,4,10,17,47,64,82,100,170,170,170,43816,11,7,155.34730040599953,0.7548880021204241,36473.63180299726,119.96987401862333
1781568812,108,,Aggregated,165.800000,0.000000,10,16,26,39,80,130,190,250,440,440,440,109540,29,23,279.52502659419855,0.7548880021204241,135192.1857769994,76.38943764834764
1781568813,110,GET,/api/load/cpu-heavy [GET],66.700000,0.000000,16,25,49,67,130,190,250,320,440,440,440,43738,10,59,417.2960551789045,7.26743700215593,135192.1857769994,44.989711463715764
1781568813,110,GET,/api/load/memory-heavy [GET],34.200000,0.000000,7,12,21,32,60,88,160,170,230,230,230,22098,8,19,251.80314130068317,1.5872470030444674,19844.133311002224,51.981174766947234
1781568813,110,GET,/api/products [GET],68.900000,0.000000,2,3,8,15,47,63,80,98,170,170,170,43902,11,7,155.05733538283624,0.7548880021204241,36473.63180299726,119.96993303266366
1781568813,110,,Aggregated,169.800000,0.000000,10,15,24,35,73,120,190,250,440,440,440,109738,29,23,279.05892048200747,0.7548880021204241,135192.1857769994,76.39432101915472
1781568814,112,GET,/api/load/cpu-heavy [GET],67.900000,0.000000,15,25,50,70,140,210,290,380,460,460,460,43810,10,59,416.73390060833,7.26743700215593,135192.1857769994,44.98972837251769
1781568814,112,GET,/api/load/memory-heavy [GET],34.600000,0.000000,7,11,21,32,66,94,200,250,360,360,360,22134,8,19,251.48679139312773,1.5872470030444674,19844.133311002224,51.98120538537996
1781568814,112,GET,/api/products [GET],68.200000,0.000000,2,3,7,13,44,64,86,120,170,170,170,43977,11,7,154.81651527119317,0.7548880021204241,36473.63180299726,119.96998430998022
1781568814,112,,Aggregated,170.700000,0.000000,10,15,23,35,77,140,220,290,440,460,460,109921,29,23,278.6718344850164,0.7548880021204241,135192.1857769994,76.39552041921016
1781568815,114,GET,/api/load/cpu-heavy [GET],68.800000,0.000000,15,25,50,70,150,250,360,440,980,980,980,43887,10,59,416.16628249349276,7.26743700215593,135192.1857769994,44.98974639414861
1781568815,114,GET,/api/load/memory-heavy [GET],36.200000,0.000000,7,10,19,31,67,96,190,250,360,360,360,22177,8,19,251.04166730295006,1.5872470030444674,19844.133311002224,51.98124182711818
1781568815,114,GET,/api/products [GET],70.200000,0.000000,2,3,8,13,44,64,93,120,170,170,170,44044,11,6,154.60437575915628,0.7548880021204241,36473.63180299726,119.97002997002997
1781568815,114,,Aggregated,175.200000,0.000000,10,15,23,34,80,150,250,320,750,980,980,110108,29,22,278.28164912182143,0.7548880021204241,135192.1857769994,76.39057107567116
