Timestamp,User Count,Type,Name,Requests/s,Failures/s,50%,66%,75%,80%,90%,95%,98%,99%,99.9%,99.99%,100%,Total Request Count,Total Failure Count,Total Median Response Time,Total Average Response Time,Total Min Response Time,Total Max Response Time,Total Average Content Size
1781300709,0,,Aggregated,0.000000,0.000000,N/A,N/A,N/A,N/A,N/A,N/A,N/A,N/A,N/A,N/A,N/A,0,0,0,0.0,0,0,0
1781300710,10,GET,/api/products [GET],0.000000,0.000000,0,0,0,0,0,0,0,0,0,0,0,3,0,45,46.12965233294138,44.639540999924066,48.954999998386484,120.0
1781300710,10,,Aggregated,0.000000,0.000000,0,0,0,0,0,0,0,0,0,0,0,3,0,45,46.12965233294138,44.639540999924066,48.954999998386484,120.0
1781300711,10,GET,/api/products [GET],0.000000,0.000000,0,0,0,0,0,0,0,0,0,0,0,4,0,45,93.82582249963889,44.639540999924066,236.9143329997314,120.0
1781300711,10,,Aggregated,0.000000,0.000000,49,49,240,240,240,240,240,240,240,240,240,4,0,45,93.82582249963889,44.639540999924066,236.9143329997314,120.0
1781300712,10,GET,/api/products [GET],0.000000,0.000000,240,240,240,240,240,240,240,240,240,240,240,4,0,45,93.82582249963889,44.639540999924066,236.9143329997314,120.0
1781300712,10,,Aggregated,0.000000,0.000000,49,49,240,240,240,240,240,240,240,240,240,4,0,45,93.82582249963889,44.639540999924066,236.9143329997314,120.0
1781300713,10,GET,/api/products [GET],0.000000,0.000000,240,240,240,240,240,240,240,240,240,240,240,4,0,45,93.82582249963889,44.639540999924066,236.9143329997314,120.0
1781300713,10,,Aggregated,0.000000,0.000000,49,49,240,240,240,240,240,240,240,240,240,4,0,45,93.82582249963889,44.639540999924066,236.9143329997314,120.0
1781300714,10,GET,/api/products [GET],0.000000,0.000000,240,240,240,240,240,240,240,240,240,240,240,4,0,45,93.82582249963889,44.639540999924066,236.9143329997314,120.0
1781300714,10,,Aggregated,0.000000,0.000000,49,49,240,240,240,240,240,240,240,240,240,4,0,45,93.82582249963889,44.639540999924066,236.9143329997314,120.0
1781300715,10,GET,/api/products [GET],0.000000,0.000000,240,240,240,240,240,240,240,240,240,240,240,4,0,45,93.82582249963889,44.639540999924066,236.9143329997314,120.0
1781300715,10,,Aggregated,0.000000,0.000000,49,49,240,240,240,240,240,240,240,240,240,4,0,45,93.82582249963889,44.639540999924066,236.9143329997314,120.0
1781300716,10,GET,/api/products [GET],0.000000,0.000000,240,240,240,240,240,240,240,240,240,240,240,4,0,45,93.82582249963889,44.639540999924066,236.9143329997314,120.0
1781300716,10,,Aggregated,0.000000,0.000000,49,49,240,240,240,240,240,240,240,240,240,4,0,45,93.82582249963889,44.639540999924066,236.9143329997314,120.0
1781300717,10,GET,/api/products [GET],0.000000,0.000000,240,240,240,240,240,240,240,240,240,240,240,4,0,45,93.82582249963889,44.639540999924066,236.9143329997314,120.0
1781300717,10,,Aggregated,0.000000,0.000000,49,49,240,240,240,240,240,240,240,240,240,4,0,45,93.82582249963889,44.639540999924066,236.9143329997314,120.0
1781300718,10,GET,/api/products [GET],0.000000,0.000000,240,240,240,240,240,240,240,240,240,240,240,4,0,45,93.82582249963889,44.639540999924066,236.9143329997314,120.0
1781300718,10,,Aggregated,0.000000,0.000000,49,49,240,240,240,240,240,240,240,240,240,4,0,45,93.82582249963889,44.639540999924066,236.9143329997314,120.0
1781300719,10,GET,/api/load/cpu-heavy [GET],0.000000,0.000000,0,0,0,0,0,0,0,0,0,0,0,1,0,9948.543087997678,9948.543087997678,9948.543087997678,9948.543087997678,45.0
1781300719,10,GET,/api/products [GET],0.500000,0.000000,240,240,240,240,240,240,240,240,240,240,240,4,0,45,93.82582249963889,44.639540999924066,236.9143329997314,120.0
1781300719,10,,Aggregated,0.500000,0.000000,49,240,240,9900,9900,9900,9900,9900,9900,9900,9900,5,0,49,2064.7692755992466,44.639540999924066,9948.543087997678,105.0
1781300720,10,GET,/api/load/cpu-heavy [GET],0.000000,0.000000,0,0,0,0,0,0,0,0,0,0,0,3,0,10847.055253998406,10480.857976666206,9948.543087997678,10847.055253998406,45.0
1781300720,10,GET,/api/products [GET],0.444444,0.000000,240,240,240,240,240,240,240,240,240,240,240,4,0,45,93.82582249963889,44.639540999924066,236.9143329997314,120.0
1781300720,10,,Aggregated,0.444444,0.000000,11000,11000,11000,11000,11000,11000,11000,11000,11000,11000,11000,7,0,240.0,4545.411031428167,44.639540999924066,10847.055253998406,87.85714285714286
1781300721,10,GET,/api/load/cpu-heavy [GET],0.000000,0.000000,11000,11000,11000,11000,11000,11000,11000,11000,11000,11000,11000,7,0,11000.0,10688.994320142749,9948.543087997678,11217.466963000334,45.0
1781300721,10,GET,/api/products [GET],0.400000,0.000000,550,550,550,550,550,550,550,550,550,550,550,5,0,49,184.4296247996681,44.639540999924066,546.8448339997849,120.0
1781300721,10,,Aggregated,0.400000,0.000000,11000,11000,11000,11000,11000,11000,11000,11000,11000,11000,11000,12,0,9900.0,6312.092363749798,44.639540999924066,11217.466963000334,76.25
1781300723,10,GET,/api/load/cpu-heavy [GET],0.100000,0.000000,11000,11000,11000,11000,11000,11000,11000,11000,11000,11000,11000,7,0,11000.0,10688.994320142749,9948.543087997678,11217.466963000334,45.0
1781300723,10,GET,/api/products [GET],0.400000,0.000000,310,310,550,550,550,550,550,550,550,550,550,7,0,150.0,196.6186308569117,44.639540999924066,546.8448339997849,120.0
1781300723,10,,Aggregated,0.500000,0.000000,10000,11000,11000,11000,11000,11000,11000,11000,11000,11000,11000,14,0,550.0,5442.8064754998295,44.639540999924066,11217.466963000334,82.5
1781300724,10,GET,/api/load/cpu-heavy [GET],0.300000,0.000000,11000,11000,11000,11000,11000,11000,11000,11000,11000,11000,11000,8,0,11000.0,9607.237222875028,2034.9375420009892,11217.466963000334,45.0
1781300724,10,GET,/api/products [GET],0.100000,0.000000,310,380,420,420,550,550,550,550,550,550,550,10,0,210.0,239.40027079916035,44.639540999924066,546.8448339997849,120.0
1781300724,10,,Aggregated,0.400000,0.000000,2000,10000,11000,11000,11000,11000,11000,11000,11000,11000,11000,18,0,420.0,4402.883360610657,44.639540999924066,11217.466963000334,86.66666666666667
1781300725,10,GET,/api/load/cpu-heavy [GET],0.700000,0.000000,10000,11000,11000,11000,11000,11000,11000,11000,11000,11000,11000,12,0,9900.0,7321.648909416884,1476.4938340013032,11217.466963000334,45.0
1781300725,10,GET,/api/products [GET],0.100000,0.000000,240,310,380,420,550,550,550,550,550,550,550,12,0,210.0,221.21564924934015,20.02908299982664,546.8448339997849,120.0
1781300725,10,,Aggregated,0.800000,0.000000,2900,9900,11000,11000,11000,11000,11000,11000,11000,11000,11000,24,0,550.0,3771.432279333112,20.02908299982664,11217.466963000334,82.5
1781300726,10,GET,/api/load/cpu-heavy [GET],0.700000,0.000000,10000,11000,11000,11000,11000,11000,11000,11000,11000,11000,11000,13,0,9900.0,6885.053595923147,1476.4938340013032,11217.466963000334,45.0
1781300726,10,GET,/api/products [GET],0.300000,0.000000,240,310,380,380,420,550,550,550,550,550,550,15,0,210.0,216.8812332660309,20.02908299982664,546.8448339997849,120.0
1781300726,10,,Aggregated,1.000000,0.000000,1600,3200,10000,11000,11000,11000,11000,11000,11000,11000,11000,28,0,420.0,3312.818401642549,20.02908299982664,11217.466963000334,85.17857142857143
1781300727,10,GET,/api/load/cpu-heavy [GET],0.800000,0.000000,3200,10000,11000,11000,11000,11000,11000,11000,11000,11000,11000,16,0,3200.0,5819.557486937811,1113.9875420012686,11217.466963000334,45.0
1781300727,10,GET,/api/products [GET],0.600000,0.000000,310,310,420,420,440,550,550,550,550,550,550,16,0,210.0,230.60526556196237,20.02908299982664,546.8448339997849,120.0
1781300727,10,,Aggregated,1.400000,0.000000,1300,2900,9900,10000,11000,11000,11000,11000,11000,11000,11000,32,0,550.0,3025.0813762498865,20.02908299982664,11217.466963000334,82.5
1781300728,10,GET,/api/load/cpu-heavy [GET],1.200000,0.000000,3200,10000,11000,11000,11000,11000,11000,11000,11000,11000,11000,17,0,3200.0,5562.275046588612,1113.9875420012686,11217.466963000334,45.0
1781300728,10,GET,/api/products [GET],0.800000,0.000000,300,310,380,420,440,550,550,550,550,550,550,18,0,240.0,237.3243518328915,20.02908299982664,546.8448339997849,120.0
1781300728,10,,Aggregated,2.000000,0.000000,1200,2000,3500,9900,11000,11000,11000,11000,11000,11000,11000,35,0,550.0,2823.7289749999554,20.02908299982664,11217.466963000334,83.57142857142857
1781300729,10,GET,/api/load/cpu-heavy [GET],1.200000,0.000000,3200,10000,11000,11000,11000,11000,11000,11000,11000,11000,11000,17,0,3200.0,5562.275046588612,1113.9875420012686,11217.466963000334,45.0
1781300729,10,GET,/api/products [GET],0.800000,0.000000,300,310,380,420,440,550,550,550,550,550,550,18,0,240.0,237.3243518328915,20.02908299982664,546.8448339997849,120.0
1781300729,10,,Aggregated,2.000000,0.000000,1200,1600,3200,10000,11000,11000,11000,11000,11000,11000,11000,35,0,550.0,2823.7289749999554,20.02908299982664,11217.466963000334,83.57142857142857
1781300730,10,GET,/api/load/cpu-heavy [GET],1.600000,0.000000,2000,3200,10000,10000,11000,11000,11000,11000,11000,11000,11000,19,0,2900.0,5131.763947421285,1113.9875420012686,11217.466963000334,45.0
1781300730,10,GET,/api/load/memory-heavy [GET],0.000000,0.000000,0,0,0,0,0,0,0,0,0,0,0,9,0,4100.0,8143.281837112025,225.22624999692198,19851.726176002558,52.0
1781300730,10,GET,/api/products [GET],1.200000,0.000000,290,310,380,420,440,550,550,550,550,550,550,19,0,240.0,226.905232420617,20.02908299982664,546.8448339997849,120.0
1781300730,10,,Aggregated,2.800000,0.000000,1300,2000,3500,4300,11000,20000,20000,20000,20000,20000,20000,47,0,1300.0,3725.6223606596673,20.02908299982664,19851.726176002558,76.65957446808511
1781300731,10,GET,/api/load/cpu-heavy [GET],1.700000,0.000000,1400,2000,3200,3500,11000,11000,11000,11000,11000,11000,11000,26,0,1500.0,3825.7212468845237,205.25629199983086,11217.466963000334,45.0
1781300731,10,GET,/api/load/memory-heavy [GET],0.000000,0.000000,98,98,98,98,98,98,98,98,98,98,98,10,0,3100.0,7338.760457600802,98.06804199979524,19851.726176002558,52.0
1781300731,10,GET,/api/products [GET],1.400000,0.000000,200,290,310,310,420,440,440,440,440,440,440,25,0,150.0,184.1196833596041,7.75216699912562,546.8448339997849,120.0
1781300731,10,,Aggregated,3.100000,0.000000,340,1300,1500,2000,4100,19000,20000,20000,20000,20000,20000,61,0,380.0,2909.1696570327167,7.75216699912562,19851.726176002558,76.88524590163935
1781300732,10,GET,/api/load/cpu-heavy [GET],1.800000,0.000000,340,1300,1500,1800,2900,3200,3500,3500,3500,3500,3500,32,0,1200.0,3141.796799531221,87.2512080022716,11217.466963000334,45.0
1781300732,10,GET,/api/load/memory-heavy [GET],0.900000,0.000000,61,98,98,130,130,130,130,130,130,130,130,14,0,1300.0,5258.4275202862045,5.685041000106139,19851.726176002558,52.0
1781300732,10,GET,/api/products [GET],1.500000,0.000000,79,200,240,290,380,420,440,440,440,440,440,33,0,79,147.96157833299014,2.663709001353709,546.8448339997849,120.0
1781300732,10,,Aggregated,4.200000,0.000000,260,380,1300,1500,3200,4300,20000,20000,20000,20000,20000,79,0,280.0,2266.306518404995,2.663709001353709,19851.726176002558,77.56962025316456
1781300733,10,GET,/api/load/cpu-heavy [GET],2.200000,0.000000,290,1200,1300,1500,2900,3200,3500,3500,3500,3500,3500,37,0,1100.0,2732.43663067557,16.449124999780906,11217.466963000334,45.0
1781300733,10,GET,/api/load/memory-heavy [GET],1.000000,0.000000,61,66,98,130,180,180,180,180,180,180,180,19,0,180.0,3891.328843947696,5.500249997567153,19851.726176002558,52.0
1781300733,10,GET,/api/products [GET],2.000000,0.000000,39,77,93,120,290,310,440,440,440,440,440,42,0,47,120.15721535689885,2.3598750012752134,546.8448339997849,120.0
1781300733,10,,Aggregated,5.200000,0.000000,130,280,440,1300,3100,4300,20000,20000,20000,20000,20000,98,0,210.0,1837.5714940305313,2.3598750012752134,19851.726176002558,78.5
1781300734,10,GET,/api/load/cpu-heavy [GET],2.400000,0.000000,220,280,340,1100,1300,1600,1800,1800,1800,1800,1800,45,0,290.0,2258.121058399896,12.987833000806859,11217.466963000334,45.0
1781300734,10,GET,/api/load/memory-heavy [GET],1.300000,0.000000,12,57,66,98,130,180,180,180,180,180,180,24,0,66,3081.775855666971,3.3942920017580036,19851.726176002558,52.0
1781300734,10,GET,/api/products [GET],2.800000,0.000000,17,47,77,81,290,310,440,440,440,440,440,50,0,39,101.65410926005279,1.3921250028943177,546.8448339997849,120.0
1781300734,10,,Aggregated,6.500000,0.000000,77,180,280,310,1400,4100,20000,20000,20000,20000,20000,119,0,98,1518.1577615714727,1.3921250028943177,19851.726176002558,77.92436974789916
1781300735,10,GET,/api/load/cpu-heavy [GET],2.900000,0.000000,100,250,280,300,1200,1300,1800,1800,1800,1800,1800,54,0,250.0,1888.1359607036118,11.599292000028072,11217.466963000334,45.0
1781300735,10,GET,/api/load/memory-heavy [GET],1.900000,0.000000,8,31,61,66,130,180,180,180,180,180,180,27,0,61,2739.920166481574,3.3942920017580036,19851.726176002558,52.0
1781300735,10,GET,/api/products [GET],3.300000,0.000000,8,22,46,60,81,290,440,440,440,440,440,56,0,20,91.21392417858131,1.3921250028943177,546.8448339997849,120.0
1781300735,10,,Aggregated,8.100000,0.000000,47,95,220,280,1300,3100,19000,20000,20000,20000,20000,137,0,69,1321.497562970789,1.3921250028943177,19851.726176002558,77.03649635036497
1781300736,10,GET,/api/load/cpu-heavy [GET],3.600000,0.000000,90,170,250,260,340,1200,1800,1800,1800,1800,1800,62,0,170.0,1652.033977177193,11.599292000028072,11217.466963000334,45.0
1781300736,10,GET,/api/load/memory-heavy [GET],2.400000,0.000000,8,57,61,66,130,180,180,180,180,180,180,29,0,57,2553.086774241318,3.3942920017580036,19851.726176002558,52.0
1781300736,10,GET,/api/products [GET],3.800000,0.000000,4,15,39,46,79,120,300,300,300,300,300,64,0,15,80.04839521879603,1.1434999978519045,546.8448339997849,120.0
1781300736,10,,Aggregated,9.800000,0.000000,31,77,120,210,340,1800,19000,20000,20000,20000,20000,155,0,61,1171.5401311741105,1.1434999978519045,19851.726176002558,77.27741935483871
1781300737,10,GET,/api/load/cpu-heavy [GET],3.600000,0.000000,95,220,270,300,410,1200,1400,1800,1800,1800,1800,71,0,210.0,1481.042393239272,11.599292000028072,11217.466963000334,45.0
1781300737,10,GET,/api/load/memory-heavy [GET],2.400000,0.000000,8,31,57,61,98,130,180,180,180,180,180,30,0,57,2468.1938262333765,3.3942920017580036,19851.726176002558,52.0
1781300737,10,GET,/api/products [GET],3.800000,0.000000,4,15,39,46,79,120,290,300,300,300,300,68,0,14,76.57638727944098,0.9883329985314049,546.8448339997849,120.0
1781300737,10,,Aggregated,9.800000,0.000000,39,87,170,250,410,1800,19000,20000,20000,20000,20000,169,0,66,1091.1657931478792,0.9883329985314049,19851.726176002558,76.42011834319527
1781300738,10,GET,/api/load/cpu-heavy [GET],4.100000,0.000000,92,180,250,270,350,450,1200,1800,1800,1800,1800,78,0,160.0,1351.6519530382468,11.599292000028072,11217.466963000334,45.0
1781300738,10,GET,/api/load/memory-heavy [GET],2.700000,0.000000,8,12,57,61,98,130,180,180,180,180,180,33,0,31,2244.473518787951,3.3942920017580036,19851.726176002558,52.0
1781300738,10,GET,/api/products [GET],4.400000,0.000000,4,8,18,26,65,79,81,120,120,120,120,74,0,8,70.90772694593053,0.9883329985314049,546.8448339997849,120.0
1781300738,10,,Aggregated,11.200000,0.000000,19,69,100,180,350,1400,19000,20000,20000,20000,20000,185,0,57,998.6143256809974,0.9883329985314049,19851.726176002558,76.24864864864865
1781300739,10,GET,/api/load/cpu-heavy [GET],5.500000,0.000000,69,140,220,260,340,400,450,460,460,460,460,83,0,110.0,1271.0322786503627,10.282250001182547,11217.466963000334,45.0
1781300739,10,GET,/api/load/memory-heavy [GET],3.000000,0.000000,8,12,57,57,98,130,180,180,180,180,180,35,0,12,2116.641327228613,3.3942920017580036,19851.726176002558,52.0
1781300739,10,GET,/api/products [GET],5.200000,0.000000,4,5,15,18,60,79,81,120,120,120,120,83,0,5,63.52281526507072,0.9883329985314049,546.8448339997849,120.0
1781300739,10,,Aggregated,13.700000,0.000000,16,51,77,94,220,300,400,450,460,460,460,201,0,39,919.6543246168281,0.9883329985314049,19851.726176002558,77.18905472636816
1781300740,10,GET,/api/load/cpu-heavy [GET],5.500000,0.000000,59,92,110,170,280,400,450,460,460,460,460,92,0,93,1149.5380851736468,10.282250001182547,11217.466963000334,45.0
1781300740,10,GET,/api/load/memory-heavy [GET],3.000000,0.000000,7,9,50,57,66,130,180,180,180,180,180,38,0,9,1951.1935349473788,3.3942920017580036,19851.726176002558,52.0
1781300740,10,GET,/api/products [GET],5.200000,0.000000,3,5,12,17,54,66,79,79,79,79,79,91,0,5,59.753086999990046,0.9417500004929025,546.8448339997849,120.0
1781300740,10,,Aggregated,13.700000,0.000000,14,31,65,69,140,250,400,450,460,460,460,221,0,31,838.6442944840497,0.9417500004929025,19851.726176002558,77.08597285067873
1781300741,10,GET,/api/load/cpu-heavy [GET],6.600000,0.000000,51,78,100,120,270,400,450,460,460,460,460,99,0,92,1073.2386675554153,10.282250001182547,11217.466963000334,45.0
1781300741,10,GET,/api/load/memory-heavy [GET],3.400000,0.000000,7,8,12,50,61,66,180,180,180,180,180,39,0,9,1901.3782349230985,3.3942920017580036,19851.726176002558,52.0
1781300741,10,GET,/api/products [GET],6.500000,0.000000,3,4,5,5,33,60,66,79,79,79,79,96,0,4,57.32406596871442,0.9417500004929025,546.8448339997849,120.0
1781300741,10,,Aggregated,16.500000,0.000000,12,18,59,66,110,250,400,450,460,460,460,234,0,26,794.4764512093313,0.9417500004929025,19851.726176002558,76.93589743589743
1781300742,10,GET,/api/load/cpu-heavy [GET],7.300000,0.000000,45,69,93,110,180,400,450,460,460,460,460,106,0,87,1006.0127476885581,10.282250001182547,11217.466963000334,45.0
1781300742,10,GET,/api/load/memory-heavy [GET],2.900000,0.000000,7,8,8,8,9,50,57,57,57,57,57,42,0,8,1766.0826060239613,3.3942920017580036,19851.726176002558,52.0
1781300742,10,GET,/api/products [GET],7.200000,0.000000,3,4,5,5,30,54,66,79,79,79,79,107,0,4,52.49255527097571,0.9417500004929025,546.8448339997849,120.0
1781300742,10,,Aggregated,17.400000,0.000000,11,18,51,64,95,180,400,450,460,460,460,255,0,20,731.0961730274037,0.9417500004929025,19851.726176002558,77.62352941176471
1781300743,10,GET,/api/load/cpu-heavy [GET],7.300000,0.000000,19,66,80,93,180,400,450,460,460,460,460,113,0,78,945.2141895662298,10.282250001182547,11217.466963000334,45.0
1781300743,10,GET,/api/load/memory-heavy [GET],2.900000,0.000000,7,8,8,8,50,57,57,57,57,57,57,44,0,8,1686.0901570683134,3.3942920017580036,19851.726176002558,52.0
1781300743,10,GET,/api/products [GET],7.200000,0.000000,3,4,4,5,30,54,66,79,79,79,79,115,0,4,49.03592750428209,0.9417500004929025,546.8448339997849,120.0
1781300743,10,,Aggregated,17.400000,0.000000,11,18,36,57,90,180,400,450,460,460,460,272,0,18,686.1628749815522,0.9417500004929025,19851.726176002558,77.84191176470588
1781300744,10,GET,/api/load/cpu-heavy [GET],7.500000,0.000000,20,67,84,93,180,400,450,460,460,460,460,120,0,69,892.2834274582177,10.282250001182547,11217.466963000334,45.0
1781300744,10,GET,/api/load/memory-heavy [GET],2.900000,0.000000,7,8,8,8,9,50,57,57,57,57,57,48,0,8,1546.064559812521,3.321083997434471,19851.726176002558,52.0
1781300744,10,GET,/api/products [GET],7.300000,0.000000,3,4,4,5,30,54,66,79,79,79,79,122,0,4,46.39300849992681,0.9417500004929025,546.8448339997849,120.0
1781300744,10,,Aggregated,17.700000,0.000000,10,18,33,57,90,180,400,450,460,460,460,290,0,18,644.6381282861317,0.9417500004929025,19851.726176002558,77.71034482758621
1781300745,10,GET,/api/load/cpu-heavy [GET],7.700000,0.000000,20,62,78,93,180,400,450,460,460,460,460,130,0,66,825.883822461429,10.282250001182547,11217.466963000334,45.0
1781300745,10,GET,/api/load/memory-heavy [GET],2.400000,0.000000,7,8,8,8,9,18,50,50,50,50,50,52,0,8,1427.8144446345602,3.321083997434471,19851.726176002558,52.0
1781300745,10,GET,/api/products [GET],7.400000,0.000000,3,4,4,5,30,54,66,79,79,79,79,132,0,4,43.00694219689445,0.9417500004929025,546.8448339997849,120.0
1781300745,10,,Aggregated,17.500000,0.000000,9,18,27,53,84,180,400,450,460,460,460,314,0,17,596.4591223279394,0.9417500004929025,19851.726176002558,77.68789808917198
1781300746,10,GET,/api/load/cpu-heavy [GET],7.500000,0.000000,18,27,56,62,84,94,120,170,170,170,170,138,0,59,779.119252746265,10.282250001182547,11217.466963000334,45.0
1781300746,10,GET,/api/load/memory-heavy [GET],2.400000,0.000000,7,8,8,9,41,50,75,75,75,75,75,54,0,8,1377.0642329444079,3.321083997434471,19851.726176002558,52.0
1781300746,10,GET,/api/products [GET],7.400000,0.000000,3,4,4,4,26,53,54,66,66,66,66,137,0,4,41.53789229191059,0.9417500004929025,546.8448339997849,120.0
1781300746,10,,Aggregated,17.300000,0.000000,9,17,18,27,62,80,94,120,170,170,170,329,0,17,570.1234550211987,0.9417500004929025,19851.726176002558,77.37993920972644
1781300747,10,GET,/api/load/cpu-heavy [GET],7.500000,0.000000,18,27,50,60,78,92,120,170,170,170,170,144,0,56,747.8835058123979,10.282250001182547,11217.466963000334,45.0
1781300747,10,GET,/api/load/memory-heavy [GET],2.500000,0.000000,8,8,18,29,50,75,88,88,88,88,88,59,0,8,1263.2023530338408,3.321083997434471,19851.726176002558,52.0
1781300747,10,GET,/api/products [GET],7.500000,0.000000,3,3,4,4,30,53,54,66,66,66,66,144,0,3,39.94507981939124,0.9417500004929025,546.8448339997849,120.0
1781300747,10,,Aggregated,17.500000,0.000000,10,17,18,30,60,75,92,120,170,170,170,347,0,17,541.7183145820584,0.9417500004929025,19851.726176002558,77.31412103746398
1781300748,10,GET,/api/load/cpu-heavy [GET],7.700000,0.000000,18,30,56,64,83,96,120,170,170,170,170,152,0,50,710.4493569275196,10.282250001182547,11217.466963000334,45.0
1781300748,10,GET,/api/load/memory-heavy [GET],2.500000,0.000000,8,11,35,41,72,75,88,88,88,88,88,64,0,8,1167.1362752967411,3.321083997434471,19851.726176002558,52.0
1781300748,10,GET,/api/products [GET],7.200000,0.000000,3,3,4,4,30,53,54,66,66,66,66,150,0,3,38.46939551995698,0.9417500004929025,546.8448339997849,120.0
1781300748,10,,Aggregated,17.400000,0.000000,11,18,27,38,66,80,96,120,170,170,170,366,0,17,514.9055551911692,0.9417500004929025,19851.726176002558,76.96174863387978
1781300749,10,GET,/api/load/cpu-heavy [GET],7.300000,0.000000,20,48,64,75,120,320,380,420,420,420,420,159,0,56,690.1162473898596,10.282250001182547,11217.466963000334,45.0
1781300749,10,GET,/api/load/memory-heavy [GET],2.800000,0.000000,8,18,37,41,75,87,88,88,88,88,88,68,0,8,1100.5820759116486,3.321083997434471,19851.726176002558,52.0
1781300749,10,GET,/api/products [GET],7.600000,0.000000,3,3,4,4,17,49,54,250,250,250,250,158,0,3,38.506097284776914,0.9139590001723263,546.8448339997849,120.0
1781300749,10,,Aggregated,17.700000,0.000000,12,18,33,45,75,110,320,380,420,420,420,385,0,17,495.2000723843494,0.9139590001723263,19851.726176002558,77.01558441558441
1781300750,10,GET,/api/load/cpu-heavy [GET],7.300000,0.000000,18,36,50,62,96,320,380,420,420,420,420,168,0,45,654.333901309439,10.282250001182547,11217.466963000334,45.0
1781300750,10,GET,/api/load/memory-heavy [GET],3.000000,0.000000,8,29,41,41,72,87,88,88,88,88,88,70,0,8,1070.0160862427376,3.321083997434471,19851.726176002558,52.0
1781300750,10,GET,/api/products [GET],7.600000,0.000000,3,3,4,5,18,48,53,250,250,250,250,162,0,3,37.99677724070792,0.9139590001723263,546.8448339997849,120.0
1781300750,10,,Aggregated,17.900000,0.000000,13,18,29,41,68,88,320,380,420,420,420,400,0,17,477.4617484249302,0.9139590001723263,19851.726176002558,76.6
1781300751,10,GET,/api/load/cpu-heavy [GET],7.600000,0.000000,18,27,42,56,83,320,380,420,420,420,420,174,0,38,632.3748999194562,10.282250001182547,11217.466963000334,45.0
1781300751,10,GET,/api/load/memory-heavy [GET],3.300000,0.000000,8,18,37,41,72,87,88,88,88,88,88,76,0,8,986.3855388815098,3.321083997434471,19851.726176002558,52.0
1781300751,10,GET,/api/products [GET],7.300000,0.000000,2,3,4,4,7,33,49,250,250,250,250,171,0,3,36.12738107605966,0.9139590001723263,546.8448339997849,120.0
1781300751,10,,Aggregated,18.200000,0.000000,12,17,21,34,62,87,320,380,420,420,420,421,0,16,454.10051236338796,0.9139590001723263,19851.726176002558,76.72684085510689
1781300752,10,GET,/api/load/cpu-heavy [GET],7.600000,0.000000,18,27,42,56,89,320,380,420,420,420,420,181,0,36,608.895862353517,10.282250001182547,11217.466963000334,45.0
1781300752,10,GET,/api/load/memory-heavy [GET],3.200000,0.000000,8,18,37,41,72,87,88,88,88,88,88,79,0,8,949.1245020632695,3.321083997434471,19851.726176002558,52.0
1781300752,10,GET,/api/products [GET],6.900000,0.000000,2,3,4,4,17,48,49,250,250,250,250,173,0,3,35.73339545667458,0.9139590001723263,546.8448339997849,120.0
1781300752,10,,Aggregated,17.700000,0.000000,12,17,22,35,62,88,320,380,420,420,420,433,0,16,441.9696631939713,0.9139590001723263,19851.726176002558,76.24249422632795
1781300753,10,GET,/api/load/cpu-heavy [GET],7.600000,0.000000,17,22,42,62,140,320,380,420,420,420,420,187,0,36,592.2254331764079,10.282250001182547,11217.466963000334,45.0
1781300753,10,GET,/api/load/memory-heavy [GET],3.600000,0.000000,11,35,41,56,81,88,110,110,110,110,110,82,0,8,916.7730304268001,3.321083997434471,19851.726176002558,52.0
1781300753,10,GET,/api/products [GET],7.400000,0.000000,2,3,4,5,18,48,49,250,250,250,250,181,0,3,34.53688764089165,0.9139590001723263,546.8448339997849,120.0
1781300753,10,,Aggregated,18.600000,0.000000,13,17,29,38,75,110,320,380,420,420,420,450,0,16,427.05049147108286,0.9139590001723263,19851.726176002558,76.44222222222223
1781300754,10,GET,/api/load/cpu-heavy [GET],7.400000,0.000000,17,34,58,68,190,320,380,420,420,420,420,192,0,36,578.5476862238852,10.282250001182547,11217.466963000334,45.0
1781300754,10,GET,/api/load/memory-heavy [GET],3.700000,0.000000,10,35,41,56,81,88,110,110,110,110,110,87,0,8,864.5787648045831,3.321083997434471,19851.726176002558,52.0
1781300754,10,GET,/api/products [GET],6.700000,0.000000,2,3,4,5,18,48,49,250,250,250,250,188,0,3,33.33153809573095,0.9139590001723263,546.8448339997849,120.0
1781300754,10,,Aggregated,17.800000,0.000000,13,17,33,41,81,190,320,380,420,420,420,467,0,15,412.34654701280965,0.9139590001723263,19851.726176002558,76.4967880085653
1781300755,10,GET,/api/load/cpu-heavy [GET],7.300000,0.000000,18,29,58,75,210,350,380,420,420,420,420,198,0,30,561.5319892827811,10.282250001182547,11217.466963000334,45.0
1781300755,10,GET,/api/load/memory-heavy [GET],3.800000,0.000000,10,29,41,45,81,88,110,110,110,110,110,92,0,8,818.8495022065146,3.321083997434471,19851.726176002558,52.0
1781300755,10,GET,/api/products [GET],6.500000,0.000000,3,4,4,5,18,48,49,250,250,250,250,195,0,3,32.26204975383156,0.9139590001723263,546.8448339997849,120.0
1781300755,10,,Aggregated,17.600000,0.000000,12,17,21,38,81,190,320,380,420,420,420,485,0,15,397.54347996492197,0.9139590001723263,19851.726176002558,76.48247422680413
1781300756,10,GET,/api/load/cpu-heavy [GET],7.300000,0.000000,17,21,51,68,210,350,380,420,420,420,420,201,0,29,553.2559977362696,6.8519169981300365,11217.466963000334,45.0
1781300756,10,GET,/api/load/memory-heavy [GET],3.900000,0.000000,8,13,37,44,72,87,110,110,110,110,110,97,0,8,777.0237447938476,3.321083997434471,19851.726176002558,52.0
1781300756,10,GET,/api/products [GET],6.500000,0.000000,3,4,5,5,17,39,48,250,250,250,250,201,0,3,31.41568238307306,0.9139590001723263,546.8448339997849,120.0
1781300756,10,,Aggregated,17.700000,0.000000,9,16,18,34,72,190,320,380,420,420,420,499,0,14,386.5537293566956,0.9139590001723263,19851.726176002558,76.57114228456913
1781300757,10,GET,/api/load/cpu-heavy [GET],6.900000,0.000000,16,19,42,62,210,350,380,420,420,420,420,209,0,22,532.5257974545125,6.8519169981300365,11217.466963000334,45.0
1781300757,10,GET,/api/load/memory-heavy [GET],3.800000,0.000000,8,13,41,44,56,87,110,110,110,110,110,99,0,8,761.8519502828331,2.8534999983094167,19851.726176002558,52.0
1781300757,10,GET,/api/products [GET],6.300000,0.000000,3,4,4,6,18,41,48,250,250,250,250,209,0,3,30.477777870786074,0.9139590001723263,546.8448339997849,120.0
1781300757,10,,Aggregated,17.000000,0.000000,9,15,18,33,62,190,320,380,420,420,420,517,0,14,373.48373369630144,0.9139590001723263,19851.726176002558,76.65957446808511
1781300758,10,GET,/api/load/cpu-heavy [GET],6.300000,0.000000,15,17,18,21,62,140,190,290,290,290,290,216,0,20,515.7753032499554,6.8519169981300365,11217.466963000334,45.0
1781300758,10,GET,/api/load/memory-heavy [GET],4.200000,0.000000,8,9,13,16,49,81,110,110,110,110,110,104,0,8,725.5130324038663,2.8534999983094167,19851.726176002558,52.0
1781300758,10,GET,/api/products [GET],6.500000,0.000000,3,4,5,5,10,39,41,48,48,48,48,213,0,3,29.983773821574896,0.9139590001723263,546.8448339997849,120.0
1781300758,10,,Aggregated,17.000000,0.000000,8,13,16,17,41,62,110,190,290,290,290,533,0,14,362.56541218759463,0.9139590001723263,19851.726176002558,76.33771106941839
1781300759,10,GET,/api/load/cpu-heavy [GET],6.500000,0.000000,16,17,19,21,68,140,190,290,290,290,290,224,0,19,498.334013218742,6.8519169981300365,11217.466963000334,45.0
1781300759,10,GET,/api/load/memory-heavy [GET],4.100000,0.000000,8,9,13,14,45,81,110,110,110,110,110,106,0,8,711.9697130000068,2.8534999983094167,19851.726176002558,52.0
1781300759,10,GET,/api/products [GET],6.400000,0.000000,3,4,4,5,6,10,41,48,48,48,48,222,0,3,28.897992265728636,0.9139590001723263,546.8448339997849,120.0
1781300759,10,,Aggregated,17.000000,0.000000,7,12,15,17,39,68,110,190,290,290,290,552,0,13,350.5633384456353,0.9139590001723263,19851.726176002558,76.5072463768116
1781300760,10,GET,/api/load/cpu-heavy [GET],6.500000,0.000000,16,18,20,51,100,140,190,290,290,290,290,229,0,20,488.90034972487524,6.8519169981300365,11217.466963000334,45.0
1781300760,10,GET,/api/load/memory-heavy [GET],4.000000,0.000000,7,9,10,14,45,81,110,110,110,110,110,110,0,8,686.4119018363536,2.8534999983094167,19851.726176002558,52.0
1781300760,10,GET,/api/products [GET],6.200000,0.000000,3,4,5,5,6,29,39,41,41,41,41,233,0,3,27.939291274644205,0.9139590001723263,546.8448339997849,120.0
1781300760,10,,Aggregated,16.700000,0.000000,7,12,15,17,44,98,110,190,290,290,290,572,0,13,339.11423803494307,0.9139590001723263,19851.726176002558,76.89685314685315
1781300761,10,GET,/api/load/cpu-heavy [GET],6.400000,0.000000,16,18,25,51,100,180,190,290,290,290,290,232,0,20,483.5012638448085,6.8519169981300365,11217.466963000334,45.0
1781300761,10,GET,/api/load/memory-heavy [GET],3.800000,0.000000,8,10,14,15,81,160,160,160,160,160,160,115,0,8,659.507854278269,2.8534999983094167,19851.726176002558,52.0
1781300761,10,GET,/api/products [GET],6.500000,0.000000,3,4,4,5,6,29,39,41,41,41,41,242,0,3,27.01978182635647,0.9139590001723263,546.8448339997849,120.0
1781300761,10,,Aggregated,16.700000,0.000000,7,12,15,17,49,100,160,190,290,290,290,589,0,12,330.3132150356108,0.9139590001723263,19851.726176002558,77.18166383701188
1781300762,10,GET,/api/load/cpu-heavy [GET],6.000000,0.000000,16,18,21,32,100,180,190,290,290,290,290,238,0,19,471.80283439493684,6.8519169981300365,11217.466963000334,45.0
1781300762,10,GET,/api/load/memory-heavy [GET],4.000000,0.000000,8,10,13,15,49,160,160,160,160,160,160,116,0,8,653.9052470517195,2.8534999983094167,19851.726176002558,52.0
1781300762,10,GET,/api/products [GET],6.900000,0.000000,4,4,4,5,6,29,39,41,41,41,41,251,0,3,26.157294462070396,0.9139590001723263,546.8448339997849,120.0
1781300762,10,,Aggregated,16.900000,0.000000,7,11,15,17,44,100,160,190,290,290,290,605,0,12,321.8306845520233,0.9139590001723263,19851.726176002558,77.45785123966942
1781300763,10,GET,/api/load/cpu-heavy [GET],5.700000,0.000000,16,18,20,24,75,100,100,180,180,180,180,246,0,19,457.37028388615045,6.8519169981300365,11217.466963000334,45.0
1781300763,10,GET,/api/load/memory-heavy [GET],4.000000,0.000000,9,10,13,15,49,160,160,160,160,160,160,117,0,8,648.4268517777884,2.8534999983094167,19851.726176002558,52.0
1781300763,10,GET,/api/products [GET],7.100000,0.000000,3,4,4,5,6,29,41,41,41,41,41,260,0,3,25.486537796076355,0.9139590001723263,546.8448339997849,120.0
1781300763,10,,Aggregated,16.800000,0.000000,7,12,15,17,32,75,100,160,180,180,180,623,0,12,313.01048366127463,0.9139590001723263,19851.726176002558,77.61476725521669
1781300764,10,GET,/api/load/cpu-heavy [GET],5.800000,0.000000,16,20,25,51,98,100,120,180,180,180,180,254,0,20,444.7498236653285,6.8519169981300365,11217.466963000334,45.0
1781300764,10,GET,/api/load/memory-heavy [GET],3.700000,0.000000,8,10,10,13,49,160,160,160,160,160,160,119,0,8,637.6277838907979,2.8534999983094167,19851.726176002558,52.0
1781300764,10,GET,/api/products [GET],7.600000,0.000000,3,4,5,5,6,32,41,57,57,57,57,266,0,3,25.176273477396684,0.9139590001723263,546.8448339997849,120.0
1781300764,10,,Aggregated,17.100000,0.000000,7,12,16,17,49,98,120,160,180,180,180,639,0,12,306.01103323784963,0.9139590001723263,19851.726176002558,77.52425665101721
1781300765,10,GET,/api/load/cpu-heavy [GET],6.000000,0.000000,16,20,25,51,93,100,120,180,180,180,180,263,0,19,430.2534984258497,6.8519169981300365,11217.466963000334,45.0
1781300765,10,GET,/api/load/memory-heavy [GET],3.600000,0.000000,8,10,10,12,49,160,160,160,160,160,160,123,0,8,617.1361259430859,2.8534999983094167,19851.726176002558,52.0
1781300765,10,GET,/api/products [GET],7.800000,0.000000,3,4,4,5,7,32,41,57,57,57,57,271,0,3,24.75649628409024,0.8332079996762332,546.8448339997849,120.0
1781300765,10,,Aggregated,17.400000,0.000000,8,12,16,17,51,98,120,160,180,180,180,657,0,12,297.98085855401297,0.8332079996762332,19851.726176002558,77.24657534246575
1781300766,10,GET,/api/load/cpu-heavy [GET],6.200000,0.000000,17,20,25,51,93,100,120,180,180,180,180,271,0,18,417.97242682284923,6.8519169981300365,11217.466963000334,45.0
1781300766,10,GET,/api/load/memory-heavy [GET],3.100000,0.000000,8,10,10,12,16,160,160,160,160,160,160,126,0,8,602.7000349841107,2.8534999983094167,19851.726176002558,52.0
1781300766,10,GET,/api/products [GET],7.900000,0.000000,3,4,4,5,6,29,41,57,57,57,57,278,0,3,24.182080161827805,0.8332079996762332,546.8448339997849,120.0
1781300766,10,,Aggregated,17.200000,0.000000,8,13,16,17,51,98,120,160,180,180,180,675,0,12,290.27163016589367,0.8332079996762332,19851.726176002558,77.19555555555556
1781300767,10,GET,/api/load/cpu-heavy [GET],6.500000,0.000000,17,23,51,64,98,100,120,180,180,180,180,276,0,18,411.1562974166441,6.8519169981300365,11217.466963000334,45.0
1781300767,10,GET,/api/load/memory-heavy [GET],3.200000,0.000000,9,10,12,12,16,160,160,160,160,160,160,129,0,8,588.8714469689966,2.8534999983094167,19851.726176002558,52.0
1781300767,10,GET,/api/products [GET],7.600000,0.000000,3,4,4,4,6,29,41,57,57,57,57,285,0,3,23.63270670171723,0.8332079996762332,546.8448339997849,120.0
1781300767,10,,Aggregated,17.300000,0.000000,8,14,17,18,57,98,120,160,180,180,180,690,0,12,284.3172118202663,0.8332079996762332,19851.726176002558,77.28695652173913
1781300768,10,GET,/api/load/cpu-heavy [GET],6.900000,0.000000,18,33,75,93,120,180,210,240,240,240,240,283,0,19,404.534106169596,6.8519169981300365,11217.466963000334,45.0
1781300768,10,GET,/api/load/memory-heavy [GET],2.900000,0.000000,9,12,13,16,85,160,160,160,160,160,160,134,0,8,568.7206544850475,2.8534999983094167,19851.726176002558,52.0
1781300768,10,GET,/api/products [GET],7.700000,0.000000,3,4,4,4,7,32,52,57,57,57,57,291,0,3,23.367887432922014,0.8332079996762332,546.8448339997849,120.0
1781300768,10,,Aggregated,17.500000,0.000000,9,15,18,26,84,120,180,210,240,240,240,708,0,12,278.9431850140852,0.8332079996762332,19851.726176002558,77.15112994350282
1781300769,10,GET,/api/load/cpu-heavy [GET],6.500000,0.000000,18,33,62,82,120,180,210,240,240,240,240,293,0,19,391.7833188429959,6.8519169981300365,11217.466963000334,45.0
1781300769,10,GET,/api/load/memory-heavy [GET],2.900000,0.000000,9,12,16,65,85,160,160,160,160,160,160,135,0,8,564.627261674037,2.8534999983094167,19851.726176002558,52.0
1781300769,10,GET,/api/products [GET],7.700000,0.000000,3,4,4,4,10,32,52,57,57,57,57,295,0,3,23.147712118582803,0.8332079996762332,546.8448339997849,120.0
1781300769,10,,Aggregated,17.100000,0.000000,11,16,21,32,82,120,180,210,240,240,240,723,0,12,273.64559864726795,0.8332079996762332,19851.726176002558,76.90871369294605
1781300770,10,GET,/api/load/cpu-heavy [GET],6.700000,0.000000,18,33,51,68,110,130,210,240,240,240,240,300,0,19,383.3945382133364,6.8519169981300365,11217.466963000334,45.0
1781300770,10,GET,/api/load/memory-heavy [GET],2.900000,0.000000,8,12,13,16,65,82,85,85,85,85,85,138,0,8,552.4734791231268,2.8534999983094167,19851.726176002558,52.0
1781300770,10,GET,/api/products [GET],7.700000,0.000000,2,3,4,4,7,41,52,57,57,57,57,301,0,3,22.71963771090064,0.8332079996762332,546.8448339997849,120.0
1781300770,10,,Aggregated,17.300000,0.000000,11,16,20,26,68,93,130,210,240,240,240,739,0,12,268.0626691934689,0.8332079996762332,19851.726176002558,76.85520974289581
1781300771,10,GET,/api/load/cpu-heavy [GET],6.700000,0.000000,18,33,52,74,110,130,210,240,240,240,240,303,0,19,379.7930971023282,6.8519169981300365,11217.466963000334,45.0
1781300771,10,GET,/api/load/memory-heavy [GET],2.900000,0.000000,8,9,12,16,65,82,85,85,85,85,85,141,0,8,540.8320002481418,2.8534999983094167,19851.726176002558,52.0
1781300771,10,GET,/api/products [GET],7.700000,0.000000,2,3,3,4,7,41,52,57,57,57,57,308,0,3,22.241233743431632,0.8332079996762332,546.8448339997849,120.0
1781300771,10,,Aggregated,17.300000,0.000000,11,16,20,29,74,93,180,210,240,240,240,752,0,12,263.54377719410957,0.8332079996762332,19851.726176002558,77.03058510638297
1781300772,12,GET,/api/load/cpu-heavy [GET],7.200000,0.000000,18,33,59,68,110,130,210,240,240,240,240,310,0,19,371.7453033774232,6.8519169981300365,11217.466963000334,45.0
1781300772,12,GET,/api/load/memory-heavy [GET],2.600000,0.000000,8,9,12,16,60,82,85,85,85,85,85,149,0,8,512.5664462616777,2.836374998878455,19851.726176002558,52.0
1781300772,12,GET,/api/products [GET],7.100000,0.000000,2,2,3,3,5,14,52,57,57,57,57,316,0,3,21.728010126520807,0.8332079996762332,546.8448339997849,120.0
1781300772,12,,Aggregated,16.900000,0.000000,10,16,18,26,65,93,130,210,240,240,240,775,0,12,256.10257514835064,0.8332079996762332,19851.726176002558,76.92645161290322
1781300773,14,GET,/api/load/cpu-heavy [GET],7.200000,0.000000,18,37,49,63,110,150,210,240,240,240,240,320,0,19,361.77220874374143,6.8519169981300365,11217.466963000334,45.0
1781300773,14,GET,/api/load/memory-heavy [GET],2.600000,0.000000,8,10,12,16,65,84,85,85,85,85,85,155,0,8,493.8359491354335,2.836374998878455,19851.726176002558,52.0
1781300773,14,GET,/api/products [GET],6.700000,0.000000,2,2,2,3,4,10,14,52,52,52,52,324,0,3,21.237505503012034,0.8184169964806642,546.8448339997849,120.0
1781300773,14,,Aggregated,16.500000,0.000000,10,16,18,28,65,85,150,210,240,240,240,799,0,12,249.3024163916963,0.8184169964806642,19851.726176002558,76.77096370463079
1781300774,16,GET,/api/load/cpu-heavy [GET],7.200000,0.000000,17,37,49,62,86,150,210,240,240,240,240,335,0,18,346.5955726507401,6.8519169981300365,11217.466963000334,45.0
1781300774,16,GET,/api/load/memory-heavy [GET],3.000000,0.000000,8,9,16,16,65,84,85,85,85,85,85,158,0,8,484.5754849176518,2.836374998878455,19851.726176002558,52.0
1781300774,16,GET,/api/products [GET],6.600000,0.000000,2,2,2,3,4,5,14,52,52,52,52,340,0,3,20.299055732282476,0.6663749991275836,546.8448339997849,120.0
1781300774,16,,Aggregated,16.800000,0.000000,8,15,17,28,64,85,150,210,240,240,240,833,0,11,239.5847807970744,0.6663749991275836,19851.726176002558,76.93997599039616
1781300775,18,GET,/api/load/cpu-heavy [GET],7.200000,0.000000,19,43,59,64,100,150,210,240,240,240,240,341,0,18,341.21455463341897,6.8519169981300365,11217.466963000334,45.0
1781300775,18,GET,/api/load/memory-heavy [GET],3.700000,0.000000,7,8,11,16,65,84,85,85,85,85,85,162,0,8,472.76267381476146,2.836374998878455,19851.726176002558,52.0
1781300775,18,GET,/api/products [GET],6.500000,0.000000,2,2,2,3,4,26,29,52,52,52,52,352,0,3,19.89035804540022,0.6663749991275836,546.8448339997849,120.0
1781300775,18,,Aggregated,17.400000,0.000000,8,16,20,29,65,86,150,210,240,240,240,855,0,11,233.85160505259427,0.6663749991275836,19851.726176002558,77.20350877192982
1781300776,19,GET,/api/load/cpu-heavy [GET],7.600000,0.000000,33,66,94,130,210,260,350,360,360,360,360,355,0,20,336.7009407436085,6.8519169981300365,11217.466963000334,45.0
1781300776,19,GET,/api/load/memory-heavy [GET],4.000000,0.000000,7,8,20,65,85,100,130,130,130,130,130,167,0,8,460.58727564662854,2.836374998878455,19851.726176002558,52.0
1781300776,19,GET,/api/products [GET],7.200000,0.000000,2,2,3,3,25,35,58,95,95,95,95,365,0,3,19.85282713966165,0.6663749991275836,546.8448339997849,120.0
1781300776,19,,Aggregated,18.800000,0.000000,10,17,43,60,110,210,280,350,360,360,360,887,0,12,229.64283078122264,0.6663749991275836,19851.726176002558,77.1803833145434
1781300777,21,GET,/api/load/cpu-heavy [GET],7.900000,0.000000,20,45,64,74,200,260,350,360,360,360,360,374,0,19,320.7281968689277,6.8519169981300365,11217.466963000334,45.0
1781300777,21,GET,/api/load/memory-heavy [GET],4.000000,0.000000,7,10,12,16,65,88,130,130,130,130,130,174,0,8,442.4647200114081,2.7421660015534144,19851.726176002558,52.0
1781300777,21,GET,/api/products [GET],7.900000,0.000000,2,2,3,3,13,28,58,95,95,95,95,376,0,3,19.3092775664209,0.5685840005753562,546.8448339997849,120.0
1781300777,21,,Aggregated,19.800000,0.000000,10,16,24,37,86,170,260,320,360,360,360,924,0,12,220.99728925967338,0.5685840005753562,19851.726176002558,76.83766233766234
1781300778,23,GET,/api/load/cpu-heavy [GET],8.000000,0.000000,18,44,59,67,200,260,350,360,360,360,360,388,0,19,310.12223389687693,6.8519169981300365,11217.466963000334,45.0
1781300778,23,GET,/api/load/memory-heavy [GET],4.100000,0.000000,7,10,12,16,80,88,130,130,130,130,130,179,0,8,430.67507419547644,2.7421660015534144,19851.726176002558,52.0
1781300778,23,GET,/api/products [GET],8.300000,0.000000,1,2,2,3,8,26,35,58,95,95,95,397,0,2,18.460969954583707,0.5561660000239499,546.8448339997849,120.0
1781300778,23,,Aggregated,20.400000,0.000000,9,14,20,33,72,150,260,320,360,360,360,964,0,11,212.393433718826,0.5561660000239499,19851.726176002558,77.18672199170125
1781300779,25,GET,/api/load/cpu-heavy [GET],9.500000,0.000000,26,59,90,100,210,260,340,350,360,360,360,401,0,20,304.2643033092153,6.8519169981300365,11217.466963000334,45.0
1781300779,25,GET,/api/load/memory-heavy [GET],4.500000,0.000000,8,12,21,49,84,88,100,130,130,130,130,187,0,8,414.16808128337715,2.7421660015534144,19851.726176002558,52.0
1781300779,25,GET,/api/products [GET],9.000000,0.000000,1,2,2,3,20,29,77,94,95,95,95,418,0,2,18.176315466429617,0.5561660000239499,546.8448339997849,120.0
1781300779,25,,Aggregated,23.000000,0.000000,10,16,28,49,94,170,260,340,360,360,360,1006,0,12,205.82218359041195,0.5561660000239499,19851.726176002558,77.46421471172962
1781300780,27,GET,/api/load/cpu-heavy [GET],10.300000,0.000000,31,65,100,150,230,320,360,690,790,790,790,405,0,20,305.62824949382855,6.8519169981300365,11217.466963000334,45.0
1781300780,27,GET,/api/load/memory-heavy [GET],4.600000,0.000000,11,21,65,84,130,470,500,570,570,570,570,192,0,8,414.4292291249485,2.7421660015534144,19851.726176002558,52.0
1781300780,27,GET,/api/products [GET],10.100000,0.000000,2,2,3,8,29,88,95,96,310,310,310,425,0,2,19.639026446975013,0.5561660000239499,546.8448339997849,120.0
1781300780,27,,Aggregated,25.000000,0.000000,12,21,50,67,150,260,390,570,790,790,790,1022,0,12,207.13937306942765,0.5561660000239499,19851.726176002558,77.50391389432485
1781300781,29,GET,/api/load/cpu-heavy [GET],10.700000,0.000000,41,90,150,170,320,790,1100,1400,1400,1400,1400,409,0,21,313.9251769584349,6.8519169981300365,11217.466963000334,45.0
1781300781,29,GET,/api/load/memory-heavy [GET],5.000000,0.000000,12,80,100,190,500,710,970,1000,1000,1000,1000,198,0,8,423.35289051005367,2.7421660015534144,19851.726176002558,52.0
1781300781,29,GET,/api/products [GET],12.000000,0.000000,2,3,14,26,96,260,320,450,600,600,600,436,0,3,26.41841271781582,0.5561660000239499,602.8592070033483,120.0
1781300781,29,,Aggregated,27.700000,0.000000,13,37,84,100,260,500,970,1100,1400,1400,1400,1043,0,12,214.51361231251985,0.5561660000239499,19851.726176002558,77.68072866730584
1781300782,31,GET,/api/load/cpu-heavy [GET],10.400000,0.000000,50,100,170,210,360,1100,1400,2300,2300,2300,2300,412,0,21,323.727983919905,6.8519169981300365,11217.466963000334,45.0
1781300782,31,GET,/api/load/memory-heavy [GET],5.400000,0.000000,49,130,430,500,970,1100,1400,1400,1400,1400,1400,203,0,9,436.6524560196214,2.7421660015534144,19851.726176002558,52.0
1781300782,31,GET,/api/products [GET],12.400000,0.000000,2,8,28,84,200,320,600,750,990,990,990,443,0,3,32.974425480738084,0.5561660000239499,990.5015420008567,120.0
1781300782,31,,Aggregated,28.200000,0.000000,15,67,100,170,440,810,1100,1400,2300,2300,2300,1058,0,12,223.65221969277027,0.5561660000239499,19851.726176002558,77.74669187145558
1781300783,33,GET,/api/load/cpu-heavy [GET],10.600000,0.000000,91,210,340,870,1600,2300,2800,3000,3000,3000,3000,424,0,23,371.79331241980793,6.8519169981300365,11217.466963000334,45.0
1781300783,33,GET,/api/load/memory-heavy [GET],5.700000,0.000000,88,440,570,810,1100,1300,1500,1500,1500,1500,1500,208,0,9,453.13671050472783,2.7421660015534144,19851.726176002558,52.0
1781300783,33,GET,/api/products [GET],12.600000,0.000000,2,26,88,160,310,480,600,750,990,990,990,449,0,3,36.97324023154202,0.5561660000239499,990.5015420008567,120.0
1781300783,33,,Aggregated,28.900000,0.000000,26,100,250,360,1000,1400,2300,2600,3000,3000,3000,1081,0,13,248.37537938477737,0.5561660000239499,19851.726176002558,77.4986123959297
1781300784,35,GET,/api/load/cpu-heavy [GET],10.000000,0.000000,150,340,1100,1400,2200,2500,3000,3000,3000,3000,3000,431,0,24,398.6804293619651,6.8519169981300365,11217.466963000334,45.0
1781300784,35,GET,/api/load/memory-heavy [GET],5.600000,0.000000,130,500,810,970,1200,1300,1500,1500,1500,1500,1500,211,0,9,460.9801358387921,2.7421660015534144,19851.726176002558,52.0
1781300784,35,GET,/api/products [GET],12.500000,0.000000,13,88,190,290,470,600,720,750,990,990,990,460,0,3,46.44266066948742,0.5561660000239499,990.5015420008567,120.0
1781300784,35,,Aggregated,28.100000,0.000000,75,240,430,580,1200,1900,2500,2800,3000,3000,3000,1102,0,13,263.57685809887136,0.5561660000239499,19851.726176002558,77.6470054446461
1781300785,36,GET,/api/load/cpu-heavy [GET],10.000000,0.000000,140,870,1400,1600,2300,2500,3000,3000,3000,3000,3000,434,0,25,409.8074832350392,6.8519169981300365,11217.466963000334,45.0
1781300785,36,GET,/api/load/memory-heavy [GET],5.300000,0.000000,430,810,1000,1100,1300,1400,1700,1700,1700,1700,1700,215,0,9,477.1237079348201,2.7421660015534144,19851.726176002558,52.0
1781300785,36,GET,/api/products [GET],12.600000,0.000000,20,160,250,310,480,600,720,750,990,990,990,469,0,3,48.674353837872225,0.5561660000239499,990.5015420008567,120.0
1781300785,36,,Aggregated,27.900000,0.000000,84,290,500,750,1400,2000,2500,2800,3000,3000,3000,1118,0,14,271.25788629691897,0.5561660000239499,19851.726176002558,77.80858676207514
1781300786,38,GET,/api/load/cpu-heavy [GET],10.000000,0.000000,1000,1600,1900,2200,2400,2800,3000,3000,3000,3000,3000,446,0,29,452.0819732488765,6.8519169981300365,11217.466963000334,45.0
1781300786,38,GET,/api/load/memory-heavy [GET],5.100000,0.000000,630,1000,1100,1200,1500,1700,2100,2100,2100,2100,2100,222,0,10,501.47354224318076,2.7421660015534144,19851.726176002558,52.0
1781300786,38,GET,/api/products [GET],12.100000,0.000000,75,190,290,320,480,610,750,990,990,990,990,469,0,3,48.674353837872225,0.5561660000239499,990.5015420008567,120.0
1781300786,38,,Aggregated,27.200000,0.000000,200,580,1000,1300,1900,2300,2600,2900,3000,3000,3000,1137,0,14,295.3245016683791,0.5561660000239499,19851.726176002558,77.30343007915567
1781300787,40,GET,/api/load/cpu-heavy [GET],9.000000,0.000000,1500,1900,2200,2300,2500,2800,3000,3000,3000,3000,3000,458,0,33,485.58742848034177,6.8519169981300365,11217.466963000334,45.0
1781300787,40,GET,/api/load/memory-heavy [GET],5.200000,0.000000,680,1100,1100,1200,1500,1700,2100,2100,2100,2100,2100,225,0,10,501.2158285377114,2.7421660015534144,19851.726176002558,52.0
1781300787,40,GET,/api/products [GET],11.800000,0.000000,160,290,350,450,580,750,1100,1300,1300,1300,1300,482,0,3,60.349546931456075,0.5561660000239499,1304.6104590030154,120.0
1781300787,40,,Aggregated,26.000000,0.000000,450,980,1300,1500,2100,2400,2800,2900,3000,3000,3000,1165,0,15,312.6704594729126,0.5561660000239499,19851.726176002558,77.38197424892704
1781300788,42,GET,/api/load/cpu-heavy [GET],9.200000,0.000000,1600,2000,2200,2300,2500,2800,3000,3000,3000,3000,3000,471,0,37,517.7440601655999,6.8519169981300365,11217.466963000334,45.0
1781300788,42,GET,/api/load/memory-heavy [GET],5.400000,0.000000,790,1100,1200,1300,1600,1700,2300,2300,2300,2300,2300,231,0,11,509.19402889605044,2.7421660015534144,19851.726176002558,52.0
1781300788,42,GET,/api/products [GET],10.800000,0.000000,260,400,480,560,720,960,1100,1300,1300,1300,1300,501,0,3,72.76441749493092,0.5561660000239499,1304.6104590030154,120.0
1781300788,42,,Aggregated,25.400000,0.000000,670,1200,1500,1600,2200,2400,2800,2900,3000,3000,3000,1203,0,16,330.78657205149256,0.5561660000239499,19851.726176002558,77.5785536159601
1781300789,44,GET,/api/load/cpu-heavy [GET],8.800000,0.000000,1700,2100,2200,2300,2500,2800,3000,3000,3000,3000,3000,479,0,41,534.0041913924877,6.8519169981300365,11217.466963000334,45.0
1781300789,44,GET,/api/load/memory-heavy [GET],5.000000,0.000000,810,1100,1100,1300,1600,1700,2300,2300,2300,2300,2300,239,0,12,513.6786864100051,2.7421660015534144,19851.726176002558,52.0
1781300789,44,GET,/api/products [GET],10.600000,0.000000,320,480,580,600,870,960,1100,1300,1300,1300,1300,512,0,3,81.67883228312434,0.5561660000239499,1304.6104590030154,120.0
1781300789,44,,Aggregated,24.400000,0.000000,860,1300,1500,1600,2200,2400,2800,2900,3000,3000,3000,1230,0,16,341.76973646987994,0.5561660000239499,19851.726176002558,77.57967479674797
1781300790,46,GET,/api/load/cpu-heavy [GET],8.500000,0.000000,1700,2100,2200,2300,2500,2800,3000,3000,3000,3000,3000,492,0,45,562.3162288719593,6.8519169981300365,11217.466963000334,45.0
1781300790,46,GET,/api/load/memory-heavy [GET],5.000000,0.000000,890,1100,1200,1400,1700,1800,2300,2300,2300,2300,2300,243,0,12,523.4414971357796,2.7421660015534144,19851.726176002558,52.0
1781300790,46,GET,/api/products [GET],10.500000,0.000000,350,490,580,630,870,980,1100,1300,1300,1300,1300,525,0,3,91.63604263036784,0.5561660000239499,1304.6104590030154,120.0
1781300790,46,,Aggregated,24.000000,0.000000,890,1300,1600,1700,2200,2400,2800,2900,3000,3000,3000,1260,0,17,358.70221491265187,0.5561660000239499,19851.726176002558,77.6
1781300791,48,GET,/api/load/cpu-heavy [GET],7.800000,0.000000,1600,2000,2200,2300,2500,2800,3000,3000,3000,3000,3000,505,0,51,580.0097210178229,6.8519169981300365,11217.466963000334,45.0
1781300791,48,GET,/api/load/memory-heavy [GET],4.800000,0.000000,910,1100,1200,1400,1700,1800,2300,2300,2300,2300,2300,251,0,14,536.9425066972008,2.7421660015534144,19851.726176002558,52.0
1781300791,48,GET,/api/products [GET],9.300000,0.000000,290,480,580,610,870,980,1100,1300,1300,1300,1300,537,0,4,92.54845369074344,0.5561660000239499,1304.6104590030154,120.0
1781300791,48,,Aggregated,21.900000,0.000000,880,1300,1500,1700,2200,2400,2800,2900,3000,3000,3000,1293,0,17,369.2003077547773,0.5561660000239499,19851.726176002558,77.50734725444703
1781300792,50,GET,/api/load/cpu-heavy [GET],8.400000,0.000000,1600,2000,2200,2300,2400,2700,3000,3300,3300,3300,3300,512,0,52,597.0944988515544,6.8519169981300365,11217.466963000334,45.0
1781300792,50,GET,/api/load/memory-heavy [GET],5.100000,0.000000,900,1000,1100,1300,1600,1800,2100,2300,2300,2300,2300,259,0,16,548.2646105830244,2.7421660015534144,19851.726176002558,52.0
1781300792,50,GET,/api/products [GET],10.000000,0.000000,260,470,560,580,720,950,1100,1100,1300,1300,1300,550,0,4,94.99797365077856,0.5561660000239499,1304.6104590030154,120.0
1781300792,50,,Aggregated,23.500000,0.000000,860,1300,1500,1600,2200,2400,2700,2900,3300,3300,3300,1321,0,17,378.4722203337829,0.5561660000239499,19851.726176002558,77.59878879636639
1781300793,52,GET,/api/load/cpu-heavy [GET],9.100000,0.000000,1600,2000,2200,2300,2400,2600,2900,3300,3300,3300,3300,518,0,57,614.0549810192957,6.8519169981300365,11217.466963000334,45.0
1781300793,52,GET,/api/load/memory-heavy [GET],5.200000,0.000000,870,1000,1100,1100,1600,1800,2100,2300,2300,2300,2300,260,0,16,549.4497066346202,2.7421660015534144,19851.726176002558,52.0
1781300793,52,GET,/api/products [GET],10.300000,0.000000,210,360,490,580,830,960,1100,1300,1300,1300,1300,558,0,4,95.35710896045046,0.5561660000239499,1304.6104590030154,120.0
1781300793,52,,Aggregated,24.600000,0.000000,840,1200,1500,1600,2200,2400,2600,2800,3300,3300,3300,1336,0,18,384.84032237494586,0.5561660000239499,19851.726176002558,77.687125748503
1781300794,54,GET,/api/load/cpu-heavy [GET],10.000000,0.000000,1700,2000,2200,2400,2500,2700,2900,3300,3300,3300,3300,521,0,59,625.2563874855881,6.8519169981300365,11217.466963000334,45.0
1781300794,54,GET,/api/load/memory-heavy [GET],5.700000,0.000000,870,1000,1100,1400,1800,2100,2400,2400,2400,2400,2400,264,0,16,568.3602282992565,2.7421660015534144,19851.726176002558,52.0
1781300794,54,GET,/api/products [GET],10.800000,0.000000,240,470,530,580,830,960,1100,1300,1300,1300,1300,566,0,4,99.71121217655926,0.5561660000239499,1304.6104590030154,120.0
1781300794,54,,Aggregated,26.500000,0.000000,840,1300,1500,1700,2200,2400,2700,2800,3300,3300,3300,1351,0,18,393.96167597552,0.5561660000239499,19851.726176002558,77.78904515173946
1781300795,55,GET,/api/load/cpu-heavy [GET],9.900000,0.000000,1600,2100,2300,2400,2700,3400,3700,4300,4300,4300,4300,527,0,60,658.2985272276795,6.8519169981300365,11217.466963000334,45.0
1781300795,55,GET,/api/load/memory-heavy [GET],5.300000,0.000000,870,1000,1300,1600,1900,2400,3300,3300,3300,3300,3300,269,0,20,598.681535561346,2.7421660015534144,19851.726176002558,52.0
1781300795,55,GET,/api/products [GET],11.000000,0.000000,220,430,520,580,710,950,1100,1100,1300,1300,1300,570,0,4,100.40470557005233,0.5561660000239499,1304.6104590030154,120.0
1781300795,55,,Aggregated,26.200000,0.000000,790,1300,1500,1700,2400,2700,3400,3700,4300,4300,4300,1366,0,18,413.76232729862267,0.5561660000239499,19851.726176002558,77.67423133235725
1781300796,57,GET,/api/load/cpu-heavy [GET],9.100000,0.000000,1700,2200,2400,2500,3400,3800,4300,4700,4700,4700,4700,533,0,62,687.1764832382402,6.8519169981300365,11217.466963000334,45.0
1781300796,57,GET,/api/load/memory-heavy [GET],5.300000,0.000000,900,1100,1400,1700,2300,2400,3300,3300,3300,3300,3300,272,0,21,610.889557389729,2.7421660015534144,19851.726176002558,52.0
1781300796,57,GET,/api/products [GET],10.600000,0.000000,220,400,500,560,670,930,1000,1100,1100,1100,1100,577,0,4,103.37240548687987,0.5561660000239499,1304.6104590030154,120.0
1781300796,57,,Aggregated,25.000000,0.000000,710,1100,1500,1700,2400,3000,3700,4300,4700,4700,4700,1382,0,18,428.4174407683918,0.5561660000239499,19851.726176002558,77.69102749638205
1781300797,59,GET,/api/load/cpu-heavy [GET],9.600000,0.000000,2100,2500,2700,3500,4300,5100,5900,6100,6100,6100,6100,541,0,64,747.4095016210641,6.8519169981300365,11217.466963000334,45.0
1781300797,59,GET,/api/load/memory-heavy [GET],5.400000,0.000000,990,1100,1400,1700,2300,3000,4700,4700,4700,4700,4700,274,0,29,626.8922683576839,2.7421660015534144,19851.726176002558,52.0
1781300797,59,GET,/api/products [GET],10.300000,0.000000,220,350,500,560,710,930,1000,1100,1100,1100,1100,583,0,4,105.05770977861596,0.5561660000239499,1304.6104590030154,120.0
1781300797,59,,Aggregated,25.300000,0.000000,770,1200,1700,2100,2700,4100,4700,5600,6100,6100,6100,1398,0,20,455.9124940686222,0.5561660000239499,19851.726176002558,77.64878397711016
1781300798,61,GET,/api/load/cpu-heavy [GET],8.900000,0.000000,2300,2700,3700,4300,4800,5900,6100,7500,7500,7500,7500,550,0,66,812.1019306454534,6.8519169981300365,11217.466963000334,45.0
1781300798,61,GET,/api/load/memory-heavy [GET],5.200000,0.000000,1000,1600,1900,2100,3300,4500,5200,5200,5200,5200,5200,279,0,35,677.5775217921432,2.7421660015534144,19851.726176002558,52.0
1781300798,61,GET,/api/products [GET],10.700000,0.000000,250,350,500,550,640,830,1000,1100,1100,1100,1100,590,0,4,108.71197296599009,0.5561660000239499,1304.6104590030154,120.0
1781300798,61,,Aggregated,24.800000,0.000000,870,1500,2100,2400,3800,4700,5600,6100,7500,7500,7500,1419,0,21,493.1925683473862,0.5561660000239499,19851.726176002558,77.56025369978859
1781300799,63,GET,/api/load/cpu-heavy [GET],8.300000,0.000000,2600,3900,4300,4600,5600,6300,7400,7500,7500,7500,7500,561,0,68,889.6011774402809,6.8519169981300365,11217.466963000334,45.0
1781300799,63,GET,/api/load/memory-heavy [GET],5.100000,0.000000,1300,1800,2200,2400,3500,4700,5200,5200,5200,5200,5200,280,0,35,686.7925510357444,2.7421660015534144,19851.726176002558,52.0
1781300799,63,GET,/api/products [GET],10.200000,0.000000,220,310,400,480,580,700,900,1000,1000,1000,1000,600,0,4,114.38704230822623,0.5561660000239499,1304.6104590030154,120.0
1781300799,63,,Aggregated,23.600000,0.000000,990,2000,2500,3300,4500,5500,6300,7400,7500,7500,7500,1441,0,24,527.4117975148795,0.5561660000239499,19851.726176002558,77.58848022206801
1781300800,65,GET,/api/load/cpu-heavy [GET],7.800000,0.000000,3300,4100,4500,4700,5900,7300,7500,7700,7700,7700,7700,571,0,70,933.4793929089254,6.8519169981300365,11217.466963000334,45.0
1781300800,65,GET,/api/load/memory-heavy [GET],4.900000,0.000000,1700,2100,2400,3300,4500,5200,6800,6800,6800,6800,6800,283,0,41,712.905147681999,2.7421660015534144,19851.726176002558,52.0
1781300800,65,GET,/api/products [GET],9.400000,0.000000,230,310,460,500,630,730,980,1000,1000,1000,1000,607,0,4,115.65933588952299,0.5561660000239499,1304.6104590030154,120.0
1781300800,65,,Aggregated,22.100000,0.000000,1100,2400,3300,3700,4700,5900,7300,7500,7700,7700,7700,1461,0,26,550.974748138222,0.5561660000239499,19851.726176002558,77.5160848733744
1781300801,67,GET,/api/load/cpu-heavy [GET],8.400000,0.000000,3500,4200,4600,4800,5900,7300,7700,7900,7900,7900,7900,598,0,87,1035.334555142111,6.8519169981300365,11217.466963000334,45.0
1781300801,67,GET,/api/load/memory-heavy [GET],4.800000,0.000000,2100,3100,3500,3600,4700,5200,6800,6800,6800,6800,6800,290,0,45,758.426888693116,2.7421660015534144,19851.726176002558,52.0
1781300801,67,GET,/api/products [GET],9.000000,0.000000,210,310,460,500,630,730,980,1000,1000,1000,1000,616,0,4,116.11009586517099,0.5561660000239499,1304.6104590030154,120.0
1781300801,67,,Aggregated,22.200000,0.000000,1900,3000,3700,4000,5100,5900,7400,7700,7900,7900,7900,1504,0,33,605.4505856043428,0.5561660000239499,19851.726176002558,77.06781914893617
1781300802,69,GET,/api/load/cpu-heavy [GET],7.600000,0.000000,3500,4200,4600,4800,5600,7300,7700,7900,7900,7900,7900,611,0,92,1067.6766379410478,6.8519169981300365,11217.466963000334,45.0
1781300802,69,GET,/api/load/memory-heavy [GET],4.100000,0.000000,1700,2300,3100,3300,4500,4800,6800,6800,6800,6800,6800,301,0,57,767.8024347175999,2.7421660015534144,19851.726176002558,52.0
1781300802,69,GET,/api/products [GET],8.200000,0.000000,200,300,380,480,600,730,980,1000,1000,1000,1000,636,0,5,115.98710234425512,0.5561660000239499,1304.6104590030154,120.0
1781300802,69,,Aggregated,19.900000,0.000000,1500,2700,3500,3900,4800,5600,7300,7500,7900,7900,7900,1548,0,40,618.3635372887106,0.5561660000239499,19851.726176002558,77.1750645994832
1781300803,71,GET,/api/load/cpu-heavy [GET],9.500000,0.000000,3500,4100,4600,4700,5600,6300,7500,7700,7900,7900,7900,624,0,95,1099.4312534775331,6.8519169981300365,11217.466963000334,45.0
1781300803,71,GET,/api/load/memory-heavy [GET],3.700000,0.000000,1900,2400,3200,3300,4500,4800,6800,6800,6800,6800,6800,310,0,64,803.7135176903136,2.7421660015534144,19851.726176002558,52.0
1781300803,71,GET,/api/products [GET],7.700000,0.000000,170,230,300,310,570,700,980,1000,1000,1000,1000,648,0,5,116.24547564034165,0.5561660000239499,1304.6104590030154,120.0
1781300803,71,,Aggregated,20.900000,0.000000,1500,2800,3500,3900,4700,5600,7300,7500,7900,7900,7900,1582,0,45,638.7631863899616,0.5561660000239499,19851.726176002558,77.09228824273072
1781300804,72,GET,/api/load/cpu-heavy [GET],9.700000,0.000000,2800,3800,4300,4600,5500,6100,7500,7700,7900,7900,7900,648,0,110.0,1115.7077181403702,6.8519169981300365,11217.466963000334,45.0
1781300804,72,GET,/api/load/memory-heavy [GET],3.900000,0.000000,1800,2200,3100,3300,4500,4800,6800,6800,6800,6800,6800,314,0,65,812.1455186719454,2.7421660015534144,19851.726176002558,52.0
1781300804,72,GET,/api/products [GET],8.600000,0.000000,170,260,300,310,570,700,980,1000,1000,1000,1000,659,0,5,118.10643514253707,0.5561660000239499,1304.6104590030154,120.0
1781300804,72,,Aggregated,22.200000,0.000000,1400,2300,3200,3700,4700,5500,6800,7500,7900,7900,7900,1621,0,49,651.3414157784595,0.5561660000239499,19851.726176002558,76.84639111659469
1781300805,74,GET,/api/load/cpu-heavy [GET],10.200000,0.000000,2600,3700,4100,4500,5500,6100,7500,7700,7900,7900,7900,666,0,150.0,1136.4514758422752,6.8519169981300365,11217.466963000334,45.0
1781300805,74,GET,/api/load/memory-heavy [GET],4.600000,0.000000,1700,2200,2900,3200,3900,4800,5200,6800,6800,6800,6800,326,0,82,847.892820162545,2.7421660015534144,19851.726176002558,52.0
1781300805,74,GET,/api/products [GET],8.800000,0.000000,170,260,300,340,530,630,730,900,980,980,980,684,0,7,121.39334717388846,0.5561660000239499,1304.6104590030154,120.0
1781300805,74,,Aggregated,23.600000,0.000000,1300,2100,2800,3300,4600,5500,6800,7500,7900,7900,7900,1676,0,56,666.0637182284513,0.5561660000239499,19851.726176002558,76.97016706443914
1781300806,76,GET,/api/load/cpu-heavy [GET],12.100000,0.000000,2400,3200,3900,4100,5100,6100,7500,7700,7900,7900,7900,680,0,170.0,1158.3835646558216,6.8519169981300365,11217.466963000334,45.0
1781300806,76,GET,/api/load/memory-heavy [GET],5.100000,0.000000,1700,2100,2900,3100,3600,4800,5200,6800,6800,6800,6800,330,0,85,858.0039974787559,2.7421660015534144,19851.726176002558,52.0
1781300806,76,GET,/api/products [GET],8.700000,0.000000,150,230,280,310,460,570,700,900,980,980,980,707,0,10,121.37411110598924,0.5561660000239499,1304.6104590030154,120.0
1781300806,76,,Aggregated,25.900000,0.000000,1200,1900,2600,3100,4100,5100,6300,7400,7900,7900,7900,1717,0,60,673.6480137949234,0.5561660000239499,19851.726176002558,77.22772277227723
1781300807,78,GET,/api/load/cpu-heavy [GET],13.300000,0.000000,2200,2800,3500,3900,4700,5500,7400,7700,7900,7900,7900,688,0,180.0,1165.6158229374398,6.8519169981300365,11217.466963000334,45.0
1781300807,78,GET,/api/load/memory-heavy [GET],5.600000,0.000000,1400,2000,2600,3000,3500,3900,4800,6800,6800,6800,6800,336,0,88,873.2990073362892,2.7421660015534144,19851.726176002558,52.0
1781300807,78,GET,/api/products [GET],10.700000,0.000000,120,180,260,270,360,530,700,900,980,980,980,726,0,14,121.24604638834283,0.5561660000239499,1304.6104590030154,120.0
1781300807,78,,Aggregated,29.600000,0.000000,1000,1700,2300,2600,3700,4600,5500,7300,7900,7900,7900,1750,0,64,676.2267327565083,0.5561660000239499,19851.726176002558,77.45828571428571
1781300808,80,GET,/api/load/cpu-heavy [GET],14.500000,0.000000,2100,2600,3100,3500,4300,4700,7300,7700,7900,7900,7900,701,0,210.0,1191.5309672938083,6.8519169981300365,11217.466963000334,45.0
1781300808,80,GET,/api/load/memory-heavy [GET],5.600000,0.000000,1400,2000,2500,2900,3500,3900,4800,6800,6800,6800,6800,339,0,88,883.6435649291833,2.7421660015534144,19851.726176002558,52.0
1781300808,80,GET,/api/products [GET],12.500000,0.000000,110,170,200,260,320,420,600,900,980,980,980,742,0,17,121.06594093791382,0.5561660000239499,1304.6104590030154,120.0
1781300808,80,,Aggregated,32.600000,0.000000,980,1700,2100,2500,3500,4200,5200,6800,7900,7900,7900,1782,0,66,687.2330554208115,0.5561660000239499,19851.726176002558,77.56060606060606
1781300809,82,GET,/api/load/cpu-heavy [GET],14.700000,0.000000,2000,2600,3100,3500,4200,4700,5500,7700,7900,7900,7900,710,0,230.0,1204.264347652061,6.8519169981300365,11217.466963000334,45.0
1781300809,82,GET,/api/load/memory-heavy [GET],5.900000,0.000000,1400,2100,2600,2900,3500,3900,4000,4800,4800,4800,4800,344,0,100.0,910.8457886889294,2.7421660015534144,19851.726176002558,52.0
1781300809,82,GET,/api/products [GET],13.700000,0.000000,120,180,200,260,320,390,530,530,600,600,600,753,0,19,122.59892923763618,0.5561660000239499,1304.6104590030154,120.0
1781300809,82,,Aggregated,34.300000,0.000000,1000,1700,2200,2600,3500,4100,4700,5500,7900,7900,7900,1807,0,69,697.6622201759252,0.5561660000239499,19851.726176002558,77.58605423353625
1781300810,84,GET,/api/load/cpu-heavy [GET],14.600000,0.000000,1900,2400,2700,2900,3700,4400,4700,4900,5200,5200,5200,714,0,240.0,1214.163320910306,6.8519169981300365,11217.466963000334,45.0
1781300810,84,GET,/api/load/memory-heavy [GET],6.100000,0.000000,1600,2400,2900,3000,3600,3900,4000,4800,4800,4800,4800,346,0,110.0,926.467816534653,2.7421660015534144,19851.726176002558,52.0
1781300810,84,GET,/api/products [GET],15.000000,0.000000,130,180,200,260,320,380,490,530,530,530,530,758,0,20,122.6852877703635,0.5561660000239499,1304.6104590030154,120.0
1781300810,84,,Aggregated,35.700000,0.000000,780,1600,2000,2300,3100,3700,4400,4700,5200,5200,5200,1818,0,70,704.3266907485621,0.5561660000239499,19851.726176002558,77.6028602860286
1781300811,86,GET,/api/load/cpu-heavy [GET],14.900000,0.000000,1900,2400,2700,2800,3700,4400,4900,5100,5200,5200,5200,718,0,250.0,1229.1143598105255,6.8519169981300365,11217.466963000334,45.0
1781300811,86,GET,/api/load/memory-heavy [GET],6.300000,0.000000,2000,2600,3000,3200,3800,4000,5000,6600,6600,6600,6600,350,0,130.0,971.341811622822,2.7421660015534144,19851.726176002558,52.0
1781300811,86,GET,/api/products [GET],15.300000,0.000000,150,180,230,260,350,420,530,530,580,580,580,763,0,21,123.2177219920626,0.5561660000239499,1304.6104590030154,120.0
1781300811,86,,Aggregated,36.500000,0.000000,920,1700,2100,2400,3200,3900,4700,5100,6600,6600,6600,1831,0,73,718.9999269753636,0.5561660000239499,19851.726176002558,77.59148006553795
1781300812,88,GET,/api/load/cpu-heavy [GET],14.800000,0.000000,2000,2400,2700,3000,3900,4800,5800,5900,6600,6600,6600,724,0,260.0,1258.3987405855692,6.8519169981300365,11217.466963000334,45.0
1781300812,88,GET,/api/load/memory-heavy [GET],6.400000,0.000000,2100,2900,3200,3600,4000,5000,6600,6600,6600,6600,6600,351,0,160.0,982.9828252221869,2.7421660015534144,19851.726176002558,52.0
1781300812,88,GET,/api/products [GET],14.800000,0.000000,150,180,230,260,360,460,530,530,580,580,580,763,0,21,123.2177219920626,0.5561660000239499,1304.6104590030154,120.0
1781300812,88,,Aggregated,36.000000,0.000000,960,1700,2200,2500,3400,4000,5100,5900,6600,6600,6600,1838,0,74,734.5608170385663,0.5561660000239499,19851.726176002558,77.47116430903155
1781300813,90,GET,/api/load/cpu-heavy [GET],12.200000,0.000000,2200,2700,3200,3500,5100,6400,7500,9000,9000,9000,9000,729,0,270.0,1298.3831175513756,6.8519169981300365,11217.466963000334,45.0
1781300813,90,GET,/api/load/memory-heavy [GET],6.000000,0.000000,2600,3500,3900,4000,5000,5300,6600,6600,6600,6600,6600,356,0,180.0,1038.1499658033242,2.7421660015534144,19851.726176002558,52.0
1781300813,90,GET,/api/products [GET],14.500000,0.000000,150,190,260,270,390,530,790,880,1000,1000,1000,768,0,23,126.9565941926345,0.5561660000239499,1304.6104590030154,120.0
1781300813,90,,Aggregated,32.700000,0.000000,880,1700,2400,2700,4000,5100,6600,7000,9000,9000,9000,1853,0,75,762.8739044041452,0.5561660000239499,19851.726176002558,77.42957366432812
1781300814,91,GET,/api/load/cpu-heavy [GET],11.400000,0.000000,2500,3200,3900,4800,5900,7000,7500,9000,9000,9000,9000,733,0,280.0,1324.4823731172587,6.8519169981300365,11217.466963000334,45.0
1781300814,91,GET,/api/load/memory-heavy [GET],5.300000,0.000000,3100,4000,4300,4700,5300,6600,8400,8400,8400,8400,8400,359,0,210.0,1067.7748658244661,2.7421660015534144,19851.726176002558,52.0
1781300814,91,GET,/api/products [GET],12.900000,0.000000,130,170,190,230,320,670,1000,1000,1000,1000,1000,773,0,23,128.12013417198924,0.5561660000239499,1304.6104590030154,120.0
1781300814,91,,Aggregated,29.600000,0.000000,1000,2100,2800,3300,4800,5900,7000,7500,9000,9000,9000,1865,0,78,779.2030134267471,0.5561660000239499,19851.726176002558,77.43324396782842
1781300815,93,GET,/api/load/cpu-heavy [GET],10.700000,0.000000,2700,3500,4900,5400,6600,7500,8800,9000,9000,9000,9000,734,0,280.0,1334.6159219999315,6.8519169981300365,11217.466963000334,45.0
1781300815,93,GET,/api/load/memory-heavy [GET],4.700000,0.000000,3900,4400,5300,5600,6400,8400,8800,8800,8800,8800,8800,364,0,230.0,1142.8981098021557,2.7421660015534144,19851.726176002558,52.0
1781300815,93,GET,/api/products [GET],12.000000,0.000000,150,180,210,270,410,790,1000,1000,1000,1000,1000,776,0,23,128.59252535431037,0.5561660000239499,1304.6104590030154,120.0
1781300815,93,,Aggregated,27.400000,0.000000,1400,2500,3400,4000,5800,6600,8400,8800,9000,9000,9000,1874,0,79,797.9780140826473,0.5561660000239499,19851.726176002558,77.4162219850587
1781300816,95,GET,/api/load/cpu-heavy [GET],8.900000,0.000000,3200,4800,5400,5900,7000,7500,9000,9000,9000,9000,9000,736,0,280.0,1342.4740849197703,6.8519169981300365,11217.466963000334,45.0
1781300816,95,GET,/api/load/memory-heavy [GET],4.600000,0.000000,4200,5100,5800,6300,7100,8800,10000,10000,10000,10000,10000,366,0,300.0,1183.6075111994119,2.7421660015534144,19851.726176002558,52.0
1781300816,95,GET,/api/products [GET],11.900000,0.000000,160,190,290,370,580,880,1000,1000,1000,1000,1000,779,0,25,129.71580997040482,0.5561660000239499,1304.6104590030154,120.0
1781300816,95,,Aggregated,25.400000,0.000000,1600,3200,4200,4900,6300,7100,8800,9000,10000,10000,10000,1881,0,81,809.3088206097196,0.5561660000239499,19851.726176002558,77.42264752791068
1781300817,97,GET,/api/load/cpu-heavy [GET],7.400000,0.000000,4800,5900,6600,7400,8800,9200,11000,11000,11000,11000,11000,745,0,320.0,1419.9801820267808,6.8519169981300365,11217.466963000334,45.0
1781300817,97,GET,/api/load/memory-heavy [GET],3.800000,0.000000,5300,6200,6600,7100,9700,10000,11000,11000,11000,11000,11000,376,0,430.0,1338.7297241834826,2.7421660015534144,19851.726176002558,52.0
1781300817,97,GET,/api/products [GET],9.900000,0.000000,190,360,410,470,880,970,1000,1000,1000,1000,1000,784,0,25,132.13560986473195,0.5561660000239499,1304.6104590030154,120.0
1781300817,97,,Aggregated,21.100000,0.000000,3000,4800,5700,6300,7500,9200,10000,11000,11000,11000,11000,1905,0,85,873.9327716729093,0.5561660000239499,19851.726176002558,77.24776902887139
1781300818,99,GET,/api/load/cpu-heavy [GET],5.900000,0.000000,6200,7400,7900,8800,9200,9600,12000,12000,12000,12000,12000,750,0,340.0,1474.314698170598,6.8519169981300365,11534.284003999346,45.0
1781300818,99,GET,/api/load/memory-heavy [GET],3.800000,0.000000,5800,6600,8100,8800,9900,11000,11000,11000,11000,11000,11000,383,0,450.0,1451.4415940574004,2.7421660015534144,19851.726176002558,52.0
1781300818,99,GET,/api/products [GET],7.800000,0.000000,210,410,580,790,1000,1200,1200,1200,1200,1200,1200,789,0,26,135.07971700880557,0.5561660000239499,1304.6104590030154,120.0
1781300818,99,,Aggregated,17.500000,0.000000,4400,5900,6600,7400,9200,9900,11000,11000,12000,12000,12000,1922,0,87,919.9875394754846,0.5561660000239499,19851.726176002558,77.18314255983351
1781300819,101,GET,/api/load/cpu-heavy [GET],5.600000,0.000000,7000,7600,8800,9100,9600,11000,12000,12000,12000,12000,12000,754,0,340.0,1518.2552803076262,6.8519169981300365,12473.268505000306,45.0
1781300819,101,GET,/api/load/memory-heavy [GET],3.900000,0.000000,6200,6800,8400,9200,10000,11000,11000,11000,11000,11000,11000,386,0,460.0,1497.7705601035973,2.7421660015534144,19851.726176002558,52.0
1781300819,101,GET,/api/products [GET],6.100000,0.000000,220,450,630,790,1000,1200,1200,1400,1400,1400,1400,809,0,32,141.01456151168972,0.5561660000239499,1379.5857920013077,120.0
1781300819,101,,Aggregated,15.600000,0.000000,4300,5900,6800,7500,9400,10000,11000,12000,12000,12000,12000,1949,0,89,942.5267818444827,0.5561660000239499,19851.726176002558,77.51770138532581
1781300820,103,GET,/api/load/cpu-heavy [GET],5.600000,0.000000,7400,8800,9100,9400,11000,12000,12000,12000,12000,12000,12000,758,0,350.0,1557.9583490447885,6.8519169981300365,12473.268505000306,45.0
1781300820,103,GET,/api/load/memory-heavy [GET],3.900000,0.000000,6300,7100,8400,9200,10000,11000,11000,11000,11000,11000,11000,387,0,470.0,1514.5739989121107,2.7421660015534144,19851.726176002558,52.0
1781300820,103,GET,/api/products [GET],6.100000,0.000000,330,460,640,790,1000,1200,1200,1400,1400,1400,1400,813,0,32,141.63467539601183,0.5561660000239499,1379.5857920013077,120.0
1781300820,103,,Aggregated,15.600000,0.000000,4700,6400,7200,8000,9500,11000,12000,12000,12000,12000,12000,1958,0,90,961.2980374115908,0.5561660000239499,19851.726176002558,77.5250255362615
1781300821,105,GET,/api/load/cpu-heavy [GET],4.400000,0.000000,7600,9200,9600,10000,11000,12000,12000,12000,12000,12000,12000,768,0,410.0,1655.810958428323,6.8519169981300365,12473.268505000306,45.0
1781300821,105,GET,/api/load/memory-heavy [GET],4.300000,0.000000,6200,7100,8800,9400,11000,12000,12000,12000,12000,12000,12000,397,0,500.0,1644.3652542568886,2.7421660015534144,19851.726176002558,52.0
1781300821,105,GET,/api/products [GET],5.200000,0.000000,360,610,670,820,1000,1200,1200,1400,1400,1400,1400,821,0,33,145.60698418508886,0.5561660000239499,1379.5857920013077,120.0
1781300821,105,,Aggregated,13.900000,0.000000,5300,6600,7900,8800,10000,11000,12000,12000,12000,12000,12000,1986,0,93,1029.2140765502998,0.5561660000239499,19851.726176002558,77.40382678751259
1781300822,107,GET,/api/load/cpu-heavy [GET],4.600000,0.000000,8000,9200,9800,10000,12000,12000,12000,12000,12000,12000,12000,782,0,590.0,1750.6613896943243,6.8519169981300365,12473.268505000306,45.0
1781300822,107,GET,/api/load/memory-heavy [GET],4.100000,0.000000,6100,7100,8800,9400,11000,12000,12000,12000,12000,12000,12000,406,0,540.0,1712.1330794334565,2.7421660015534144,19851.726176002558,52.0
1781300822,107,GET,/api/products [GET],5.900000,0.000000,380,600,770,860,1000,1200,1400,1500,1500,1500,1500,838,0,36,156.10788243193252,0.5561660000239499,1509.78120900254,120.0
1781300822,107,,Aggregated,14.600000,0.000000,4300,6400,7900,8800,10000,11000,12000,12000,12000,12000,12000,2026,0,100.0,1083.396664594721,0.5561660000239499,19851.726176002558,77.42448173741363
1781300823,109,GET,/api/load/cpu-heavy [GET],5.000000,0.000000,8000,9400,9800,10000,12000,12000,12000,12000,12000,12000,12000,788,0,670.0,1785.2084320101014,6.8519169981300365,12473.268505000306,45.0
1781300823,109,GET,/api/load/memory-heavy [GET],4.800000,0.000000,6200,7100,9200,9700,11000,12000,12000,12000,12000,12000,12000,407,0,540.0,1722.115950046647,2.7421660015534144,19851.726176002558,52.0
1781300823,109,GET,/api/products [GET],6.200000,0.000000,430,610,790,900,1100,1200,1400,1500,1500,1500,1500,842,0,38,159.47119712465724,0.5561660000239499,1509.78120900254,120.0
1781300823,109,,Aggregated,16.000000,0.000000,4400,6400,8000,8800,10000,12000,12000,12000,12000,12000,12000,2037,0,100.0,1100.599010344579,0.5561660000239499,19851.726176002558,77.40009818360333
1781300824,110,GET,/api/load/cpu-heavy [GET],6.000000,0.000000,8200,9500,10000,11000,12000,12000,12000,15000,15000,15000,15000,794,0,710.0,1830.669453802214,6.8519169981300365,14838.383338999847,45.0
1781300824,110,GET,/api/load/memory-heavy [GET],5.000000,0.000000,6200,8000,9200,9700,11000,12000,12000,12000,12000,12000,12000,408,0,540.0,1730.9204889828143,2.7421660015534144,19851.726176002558,52.0
1781300824,110,GET,/api/products [GET],5.900000,0.000000,540,770,950,1100,1200,1300,1500,1500,1500,1500,1500,856,0,40,172.44232499411464,0.5561660000239499,1509.78120900254,120.0
1781300824,110,,Aggregated,16.900000,0.000000,3900,6300,8000,8800,10000,12000,12000,12000,15000,15000,15000,2058,0,110.0,1121.1747988430072,0.5561660000239499,19851.726176002558,77.58309037900875
1781300825,112,GET,/api/load/cpu-heavy [GET],6.000000,0.000000,7400,9400,10000,11000,12000,12000,15000,17000,17000,17000,17000,819,0,890.0,1966.6673671330338,6.8519169981300365,16830.558798999846,45.0
1781300825,112,GET,/api/load/memory-heavy [GET],5.300000,0.000000,5800,7100,8800,9400,11000,12000,12000,12000,12000,12000,12000,424,0,630.0,1872.3668133938415,2.7421660015534144,19851.726176002558,52.0
1781300825,112,GET,/api/products [GET],7.400000,0.000000,560,790,950,1100,1200,1300,1500,1500,1500,1500,1500,856,0,40,172.44232499411464,0.5561660000239499,1509.78120900254,120.0
1781300825,112,,Aggregated,18.700000,0.000000,4400,6200,8000,9100,11000,12000,12000,15000,17000,17000,17000,2099,0,120.0,1215.9098298027181,0.5561660000239499,19851.726176002558,77.0
1781300826,114,GET,/api/load/cpu-heavy [GET],5.900000,0.000000,7400,9100,10000,11000,12000,12000,15000,17000,17000,17000,17000,835,0,1000.0,2048.777817937657,6.8519169981300365,16830.558798999846,45.0
1781300826,114,GET,/api/load/memory-heavy [GET],4.800000,0.000000,5400,6500,7300,8800,11000,12000,12000,12000,12000,12000,12000,429,0,630.0,1872.1705322657215,2.7421660015534144,19851.726176002558,52.0
1781300826,114,GET,/api/products [GET],8.500000,0.000000,610,860,1100,1200,1600,2100,2800,3000,3200,3200,3200,893,0,48,209.90319266737424,0.5561660000239499,3242.513293000229,120.0
1781300826,114,,Aggregated,19.200000,0.000000,3000,5300,6800,8200,10000,12000,12000,15000,17000,17000,17000,2157,0,150.0,1252.3570641501638,0.5561660000239499,19851.726176002558,77.442280945758
1781300827,116,GET,/api/load/cpu-heavy [GET],7.200000,0.000000,6400,8800,9900,10000,12000,12000,15000,17000,17000,17000,17000,847,0,1000.0,2083.493510188834,6.8519169981300365,16830.558798999846,45.0
1781300827,116,GET,/api/load/memory-heavy [GET],5.200000,0.000000,5000,6200,7200,8800,11000,12000,12000,12000,12000,12000,12000,430,0,630.0,1879.306285102313,2.7421660015534144,19851.726176002558,52.0
1781300827,116,GET,/api/products [GET],8.000000,0.000000,470,660,900,1100,1500,1900,2800,3000,3200,3200,3200,928,0,52,211.09644932215784,0.5561660000239499,3242.513293000229,120.0
1781300827,116,,Aggregated,20.400000,0.000000,1500,4600,5800,7200,10000,12000,12000,15000,17000,17000,17000,2205,0,150.0,1255.6545173219502,0.5561660000239499,19851.726176002558,77.9297052154195
1781300828,118,GET,/api/load/cpu-heavy [GET],9.600000,0.000000,5800,8200,9800,10000,12000,12000,15000,15000,17000,17000,17000,855,0,1000.0,2085.154156009284,6.8519169981300365,16830.558798999846,45.0
1781300828,118,GET,/api/load/memory-heavy [GET],6.000000,0.000000,4500,5800,6500,7300,10000,12000,12000,12000,12000,12000,12000,438,0,600.0,1886.8887345387973,2.7421660015534144,19851.726176002558,52.0
1781300828,118,GET,/api/products [GET],10.000000,0.000000,400,610,850,1000,1500,1900,2800,3000,3200,3200,3200,950,0,52,209.3731032136451,0.5561660000239499,3242.513293000229,120.0
1781300828,118,,Aggregated,25.600000,0.000000,1100,4100,5400,6300,9900,11000,12000,15000,17000,17000,17000,2243,0,150.0,1251.9699140298237,0.5561660000239499,19851.726176002558,78.13241194828355
1781300829,120,GET,/api/load/cpu-heavy [GET],9.800000,0.000000,4900,6700,8600,9800,11000,12000,15000,15000,17000,17000,17000,879,0,1000.0,2094.1265275414526,6.8519169981300365,16830.558798999846,45.0
1781300829,120,GET,/api/load/memory-heavy [GET],5.700000,0.000000,4200,5400,6200,6500,10000,12000,12000,12000,12000,12000,12000,446,0,600.0,1891.378688493246,2.7421660015534144,19851.726176002558,52.0
1781300829,120,GET,/api/products [GET],13.500000,0.000000,400,610,860,1000,1500,1900,2800,3000,3200,3200,3200,957,0,52,208.56909714626033,0.5561660000239499,3242.513293000229,120.0
1781300829,120,,Aggregated,29.000000,0.000000,1100,3900,5000,6100,9100,11000,12000,15000,17000,17000,17000,2282,0,150.0,1263.7566778027594,0.5561660000239499,19851.726176002558,77.8207712532866
1781300830,122,GET,/api/load/cpu-heavy [GET],10.400000,0.000000,4600,5800,7400,8600,11000,12000,15000,15000,17000,17000,17000,894,0,1000.0,2109.409663617384,6.8519169981300365,16830.558798999846,45.0
1781300830,122,GET,/api/load/memory-heavy [GET],5.600000,0.000000,3900,4800,6200,6500,8800,11000,12000,12000,12000,12000,12000,451,0,600.0,1885.5349129467616,2.7421660015534144,19851.726176002558,52.0
1781300830,122,GET,/api/products [GET],15.400000,0.000000,390,570,770,940,1500,1900,2800,3000,3200,3200,3200,970,0,53,208.76372943605452,0.5561660000239499,3242.513293000229,120.0
1781300830,122,,Aggregated,31.400000,0.000000,900,3400,4700,5300,8200,11000,12000,15000,17000,17000,17000,2315,0,150.0,1269.4122257304125,0.5561660000239499,19851.726176002558,77.78920086393089
1781300831,124,GET,/api/load/cpu-heavy [GET],11.800000,0.000000,3800,5200,6500,7500,10000,12000,15000,15000,17000,17000,17000,913,0,1000.0,2104.2915559495427,6.8519169981300365,16830.558798999846,45.0
1781300831,124,GET,/api/load/memory-heavy [GET],5.800000,0.000000,3300,4500,5700,6000,7200,9100,10000,12000,12000,12000,12000,458,0,600.0,1888.056173932292,2.7421660015534144,19851.726176002558,52.0
1781300831,124,GET,/api/products [GET],15.500000,0.000000,330,530,710,860,1300,1800,2800,3000,3200,3200,3200,983,0,53,207.9805788107608,0.5561660000239499,3242.513293000229,120.0
1781300831,124,,Aggregated,33.100000,0.000000,570,2400,3900,4800,7200,10000,12000,15000,17000,17000,17000,2354,0,140.0,1270.3452961826265,0.5561660000239499,19851.726176002558,77.68096856414613
1781300832,126,GET,/api/load/cpu-heavy [GET],12.800000,0.000000,3500,4800,6100,6700,10000,12000,15000,15000,17000,17000,17000,927,0,960.0,2097.4339465231246,6.8519169981300365,16830.558798999846,45.0
1781300832,126,GET,/api/load/memory-heavy [GET],6.100000,0.000000,3400,4900,6100,6500,8400,9700,10000,12000,12000,12000,12000,466,0,600.0,1935.2330590386,2.7421660015534144,19851.726176002558,52.0
1781300832,126,GET,/api/products [GET],15.500000,0.000000,220,430,570,720,1300,1900,2800,3000,3200,3200,3200,1000,0,52,205.61261643097896,0.5561660000239499,3242.513293000229,120.0
1781300832,126,,Aggregated,34.400000,0.000000,430,2100,3900,4700,7200,9800,12000,15000,17000,17000,17000,2393,0,140.0,1275.283113401549,0.5561660000239499,19851.726176002558,77.70455495194317
1781300833,127,GET,/api/load/cpu-heavy [GET],13.700000,0.000000,3300,4800,5900,6700,9900,12000,15000,15000,17000,17000,17000,943,0,980.0,2120.445942241715,6.8519169981300365,16830.558798999846,45.0
1781300833,127,GET,/api/load/memory-heavy [GET],6.000000,0.000000,2800,4900,6100,6300,7300,9100,10000,12000,12000,12000,12000,478,0,600.0,1951.2887327091905,2.7421660015534144,19851.726176002558,52.0
1781300833,127,GET,/api/products [GET],15.500000,0.000000,140,390,490,610,1100,1700,2800,3000,3200,3200,3200,1021,0,52,202.50853515179466,0.5561660000239499,3242.513293000229,120.0
1781300833,127,,Aggregated,35.200000,0.000000,280,2100,3900,4800,6800,9700,12000,15000,17000,17000,17000,2442,0,130.0,1285.4454349545115,0.5561660000239499,19851.726176002558,77.72768222768222
1781300834,129,GET,/api/load/cpu-heavy [GET],14.000000,0.000000,2700,4500,5800,6600,9500,11000,12000,15000,17000,17000,17000,962,0,940.0,2144.1279781537837,6.8519169981300365,16830.558798999846,45.0
1781300834,129,GET,/api/load/memory-heavy [GET],6.200000,0.000000,1100,4500,5900,6200,6800,9100,10000,12000,12000,12000,12000,484,0,580.0,1952.8955732417178,2.7421660015534144,19851.726176002558,52.0
1781300834,129,GET,/api/products [GET],17.000000,0.000000,120,270,390,460,850,1800,2800,3000,3200,3200,3200,1033,0,50,201.2209087763695,0.5561660000239499,3242.513293000229,120.0
1781300834,129,,Aggregated,37.200000,0.000000,160,880,3400,4500,6500,9100,11000,12000,17000,17000,17000,2479,0,130.0,1297.1818359011404,0.5561660000239499,19851.726176002558,77.61920129084308
1781300835,131,GET,/api/load/cpu-heavy [GET],15.000000,0.000000,190,3700,4900,5800,7800,9900,12000,13000,15000,15000,15000,981,0,890.0,2146.7562999102206,6.8519169981300365,16830.558798999846,45.0
1781300835,131,GET,/api/load/memory-heavy [GET],7.100000,0.000000,28,3900,6100,6300,7200,9100,9200,9700,9700,9700,9700,493,0,570.0,1969.2498989249307,2.7421660015534144,19851.726176002558,52.0
1781300835,131,GET,/api/products [GET],17.400000,0.000000,67,150,280,350,480,620,850,1700,2800,2800,2800,1049,0,47,198.7040699218167,0.5561660000239499,3242.513293000229,120.0
1781300835,131,,Aggregated,39.500000,0.000000,63,370,1700,3600,6300,8100,9900,12000,15000,15000,15000,2523,0,120.0,1302.119976111736,0.5561660000239499,19851.726176002558,77.5509314308363
1781300836,133,GET,/api/load/cpu-heavy [GET],16.500000,0.000000,52,3300,4600,5800,7800,9600,11000,13000,15000,15000,15000,994,0,860.0,2143.8019100572706,6.8519169981300365,16830.558798999846,45.0
1781300836,133,GET,/api/load/memory-heavy [GET],7.700000,0.000000,14,3400,6000,6300,7200,9100,9200,9700,9700,9700,9700,504,0,520.0,1949.0772887122712,2.7421660015534144,19851.726176002558,52.0
1781300836,133,GET,/api/products [GET],17.100000,0.000000,17,100,160,210,370,480,530,560,580,580,580,1076,0,45,196.18658605854273,0.5561660000239499,3242.513293000229,120.0
1781300836,133,,Aggregated,41.300000,0.000000,27,210,950,3400,6300,8100,9700,11000,15000,15000,15000,2574,0,110.0,1291.5193545869893,0.5561660000239499,19851.726176002558,77.72261072261072
1781300837,135,GET,/api/load/cpu-heavy [GET],16.500000,0.000000,37,3300,4900,5900,7800,10000,11000,13000,15000,15000,15000,1015,0,850.0,2169.723998078744,6.8519169981300365,16830.558798999846,45.0
1781300837,135,GET,/api/load/memory-heavy [GET],7.500000,0.000000,15,3900,6100,6300,8200,9200,10000,13000,13000,13000,13000,514,0,520.0,1989.446252653657,2.7421660015534144,19851.726176002558,52.0
1781300837,135,GET,/api/products [GET],18.900000,0.000000,4,75,150,190,320,450,540,560,580,580,580,1089,0,45,194.3582290468213,0.5561660000239499,3242.513293000229,120.0
1781300837,135,,Aggregated,42.900000,0.000000,15,190,1700,3700,6500,9100,10000,12000,15000,15000,15000,2618,0,110.0,1312.6437522329632,0.5561660000239499,19851.726176002558,77.57181054239878
1781300838,137,GET,/api/load/cpu-heavy [GET],15.800000,0.000000,13,3300,5100,6100,8500,10000,11000,13000,15000,15000,15000,1037,0,790.0,2174.9157770722504,6.8519169981300365,16830.558798999846,45.0
1781300838,137,GET,/api/load/memory-heavy [GET],7.500000,0.000000,7,3800,6000,6300,8300,9700,13000,15000,15000,15000,15000,523,0,500.0,1983.4939026385978,2.7421660015534144,19851.726176002558,52.0
1781300838,137,GET,/api/products [GET],18.400000,0.000000,3,71,140,190,350,480,560,580,760,760,760,1100,0,43,194.05197887817022,0.5561660000239499,3242.513293000229,120.0
1781300838,137,,Aggregated,41.700000,0.000000,12,140,540,3700,6800,9300,11000,13000,15000,15000,15000,2660,0,100.0,1318.124867921016,0.5561660000239499,19851.726176002558,77.39135338345865
1781300839,139,GET,/api/load/cpu-heavy [GET],16.700000,0.000000,13,3500,5800,6800,10000,11000,13000,14000,15000,15000,15000,1075,0,690.0,2233.171161760846,6.8519169981300365,16830.558798999846,45.0
1781300839,139,GET,/api/load/memory-heavy [GET],8.100000,0.000000,8,3800,5900,6300,9100,10000,13000,15000,15000,15000,15000,537,0,510.0,2026.3227230372156,2.7421660015534144,19851.726176002558,52.0
1781300839,139,GET,/api/products [GET],16.700000,0.000000,3,49,130,150,270,370,530,560,760,760,760,1127,0,42,190.8832773735433,0.5561660000239499,3242.513293000229,120.0
1781300839,139,,Aggregated,41.500000,0.000000,11,140,560,4300,7800,10000,12000,13000,15000,15000,15000,2739,0,100.0,1352.289067091596,0.5561660000239499,19851.726176002558,77.23220153340635
1781300840,141,GET,/api/load/cpu-heavy [GET],17.400000,0.000000,16,3200,5900,7200,10000,12000,14000,15000,16000,16000,16000,1102,0,460.0,2237.568659717695,6.8519169981300365,16830.558798999846,45.0
1781300840,141,GET,/api/load/memory-heavy [GET],8.300000,0.000000,9,3800,5900,6500,9200,11000,13000,15000,15000,15000,15000,549,0,500.0,2048.03151471581,2.7421660015534144,19851.726176002558,52.0
1781300840,141,GET,/api/products [GET],15.200000,0.000000,3,49,120,140,270,350,500,560,760,760,760,1151,0,41,188.58776043959782,0.5561660000239499,3242.513293000229,120.0
1781300840,141,,Aggregated,40.900000,0.000000,11,130,350,3900,8200,10000,12000,14000,16000,16000,16000,2802,0,98,1358.756058834354,0.5561660000239499,19851.726176002558,77.17987152034262
1781300841,143,GET,/api/load/cpu-heavy [GET],18.800000,0.000000,47,3600,6100,7700,10000,12000,14000,15000,16000,16000,16000,1133,0,480.0,2278.7181234368013,6.8519169981300365,16830.558798999846,45.0
1781300841,143,GET,/api/load/memory-heavy [GET],8.800000,0.000000,21,3800,6300,8100,10000,13000,14000,14000,15000,15000,15000,567,0,500.0,2148.1223259100275,2.7421660015534144,19851.726176002558,52.0
1781300841,143,GET,/api/products [GET],15.800000,0.000000,2,46,98,130,250,370,720,990,1200,1200,1200,1188,0,39,186.2982044174849,0.5561660000239499,3242.513293000229,120.0
1781300841,143,,Aggregated,43.400000,0.000000,11,120,560,4200,8700,11000,13000,14000,16000,16000,16000,2888,0,95,1392.3460039795214,0.5561660000239499,19851.726176002558,77.22610803324099
1781300842,145,GET,/api/load/cpu-heavy [GET],20.300000,0.000000,30,2700,5700,7200,10000,11000,14000,15000,16000,16000,16000,1159,0,360.0,2254.875280982656,6.8519169981300365,16830.558798999846,45.0
1781300842,145,GET,/api/load/memory-heavy [GET],9.200000,0.000000,8,2900,5900,8300,11000,13000,14000,14000,15000,15000,15000,578,0,470.0,2146.903056318303,2.7421660015534144,19851.726176002558,52.0
1781300842,145,GET,/api/products [GET],17.400000,0.000000,2,45,94,140,240,370,560,760,1200,1200,1200,1226,0,36,181.9708478270583,0.5561660000239499,3242.513293000229,120.0
1781300842,145,,Aggregated,46.900000,0.000000,11,100,290,3000,8700,11000,13000,14000,16000,16000,16000,2963,0,91,1376.1075520239126,0.5561660000239499,19851.726176002558,77.39824502193723
1781300843,146,GET,/api/load/cpu-heavy [GET],21.100000,0.000000,20,200,4900,7200,10000,12000,14000,14000,16000,16000,16000,1190,0,320.0,2260.954757373868,6.8519169981300365,16830.558798999846,45.0
1781300843,146,GET,/api/load/memory-heavy [GET],10.400000,0.000000,7,2900,5300,9200,11000,13000,14000,15000,16000,16000,16000,589,0,460.0,2158.466266595886,2.7421660015534144,19851.726176002558,52.0
1781300843,146,GET,/api/products [GET],18.900000,0.000000,2,25,72,110,240,370,700,760,1200,1200,1200,1253,0,34,178.85226827052782,0.5561660000239499,3242.513293000229,120.0
1781300843,146,,Aggregated,50.400000,0.000000,10,78,210,2200,8800,11000,13000,14000,16000,16000,16000,3032,0,87,1380.5985107001493,0.5561660000239499,19851.726176002558,77.3542216358839
1781300844,148,GET,/api/load/cpu-heavy [GET],22.500000,0.000000,21,2200,5700,7800,10000,12000,14000,16000,17000,17000,17000,1226,0,280.0,2292.1218325455975,6.275957999605453,16838.84742399823,45.0
1781300844,148,GET,/api/load/memory-heavy [GET],11.000000,0.000000,7,3300,6800,8800,11000,13000,15000,15000,16000,16000,16000,608,0,460.0,2197.125219733529,2.6818750011443626,19851.726176002558,52.0
1781300844,148,GET,/api/products [GET],21.600000,0.000000,2,22,67,110,240,390,720,880,1200,1200,1200,1284,0,32,176.4857126004542,0.5561660000239499,3242.513293000229,120.0
1781300844,148,,Aggregated,55.100000,0.000000,10,84,290,2900,9200,11000,14000,15000,17000,17000,17000,3118,0,84,1402.373686747234,0.5561660000239499,19851.726176002558,77.25016035920461
1781300845,150,GET,/api/load/cpu-heavy [GET],24.200000,0.000000,21,210,4700,7400,10000,12000,14000,16000,17000,17000,17000,1258,0,260.0,2288.059830668441,6.275957999605453,16838.84742399823,45.0
1781300845,150,GET,/api/load/memory-heavy [GET],10.700000,0.000000,7,3400,6700,8800,11000,14000,15000,15000,16000,16000,16000,624,0,450.0,2219.8826259262682,2.6818750011443626,19851.726176002558,52.0
1781300845,150,GET,/api/products [GET],22.400000,0.000000,2,21,62,100,200,320,700,880,1200,1200,1200,1322,0,29,172.92158114143655,0.5561660000239499,3242.513293000229,120.0
1781300845,150,,Aggregated,57.300000,0.000000,10,78,230,2700,8800,11000,14000,15000,17000,17000,17000,3204,0,79,1402.056290832669,0.5561660000239499,19851.726176002558,77.30898876404494
1781300846,152,GET,/api/load/cpu-heavy [GET],25.100000,0.000000,12,180,4100,6400,10000,12000,14000,16000,17000,17000,17000,1281,0,230.0,2261.9428029437076,6.275957999605453,16838.84742399823,45.0
1781300846,152,GET,/api/load/memory-heavy [GET],11.100000,0.000000,6,2900,6800,9200,11000,14000,15000,15000,16000,16000,16000,637,0,430.0,2216.7702339843017,2.6360840020061005,19851.726176002558,52.0
1781300846,152,GET,/api/products [GET],24.400000,0.000000,2,24,67,100,230,330,700,880,1200,1200,1200,1359,0,26,169.9941214275114,0.5561660000239499,3242.513293000229,120.0
1781300846,152,,Aggregated,60.600000,0.000000,10,67,200,1600,8700,11000,14000,15000,17000,17000,17000,3277,0,74,1385.6128717237962,0.5561660000239499,19851.726176002558,77.46383887702167
1781300847,154,GET,/api/load/cpu-heavy [GET],27.100000,0.000000,17,200,4100,6400,10000,12000,14000,15000,17000,17000,17000,1328,0,210.0,2260.98661959855,6.275957999605453,16838.84742399823,45.0
1781300847,154,GET,/api/load/memory-heavy [GET],12.800000,0.000000,6,1700,5300,7800,11000,14000,15000,15000,16000,16000,16000,655,0,310.0,2181.995937735877,2.62999999904423,19851.726176002558,52.0
1781300847,154,GET,/api/products [GET],26.600000,0.000000,2,20,62,100,210,320,700,880,1200,1200,1200,1382,0,24,167.37533934658748,0.5561660000239499,3242.513293000229,120.0
1781300847,154,,Aggregated,66.500000,0.000000,9,65,200,1800,8400,11000,14000,15000,17000,17000,17000,3365,0,68,1385.7682879705387,0.5561660000239499,19851.726176002558,77.16493313521545
1781300848,156,GET,/api/load/cpu-heavy [GET],28.300000,0.000000,15,190,3700,5700,9800,12000,14000,15000,17000,17000,17000,1373,0,210.0,2284.544375589844,6.275957999605453,16838.84742399823,45.0
1781300848,156,GET,/api/load/memory-heavy [GET],13.400000,0.000000,6,1600,5200,6700,10000,12000,14000,15000,16000,16000,16000,685,0,210.0,2166.3134340496185,2.5845000018307474,19851.726176002558,52.0
1781300848,156,GET,/api/products [GET],28.000000,0.000000,2,21,66,110,220,330,620,720,1200,1200,1200,1418,0,23,165.61790178137744,0.5561660000239499,3242.513293000229,120.0
1781300848,156,,Aggregated,69.700000,0.000000,9,62,200,1700,7800,10000,13000,15000,17000,17000,17000,3476,0,66,1396.8499179329228,0.5561660000239499,19851.726176002558,76.97497123130034
1781300849,158,GET,/api/load/cpu-heavy [GET],29.400000,0.000000,11,100,3700,5300,9600,11000,14000,15000,17000,17000,17000,1399,0,190.0,2272.2084180363454,6.275957999605453,16838.84742399823,45.0
1781300849,158,GET,/api/load/memory-heavy [GET],13.400000,0.000000,5,39,3400,5500,10000,12000,14000,15000,16000,16000,16000,704,0,110.0,2131.0009611690275,2.5494159999652766,19851.726176002558,52.0
1781300849,158,GET,/api/products [GET],28.500000,0.000000,2,3,62,130,240,340,620,720,1200,1200,1200,1467,0,21,163.49444641581468,0.5561660000239499,3242.513293000229,120.0
1781300849,158,,Aggregated,71.300000,0.000000,9,46,190,700,7000,10000,13000,15000,17000,17000,17000,3570,0,62,1377.8405059909935,0.5561660000239499,19851.726176002558,77.19971988795518
1781300850,160,GET,/api/load/cpu-heavy [GET],32.700000,0.000000,11,80,3700,5300,9600,11000,14000,15000,17000,17000,17000,1433,0,170.0,2267.6765556467867,6.275957999605453,16838.84742399823,45.0
1781300850,160,GET,/api/load/memory-heavy [GET],15.600000,0.000000,4,14,2300,5200,9700,11000,14000,15000,16000,16000,16000,716,0,88,2122.5702798617226,2.5494159999652766,19851.726176002558,52.0
1781300850,160,GET,/api/products [GET],30.400000,0.000000,2,3,54,110,210,340,600,700,1200,1200,1200,1510,0,20,160.09901245893192,0.5561660000239499,3242.513293000229,120.0
1781300850,160,,Aggregated,78.700000,0.000000,9,39,140,460,6500,9900,12000,14000,17000,17000,17000,3659,0,59,1369.52455136262,0.5561660000239499,19851.726176002558,77.32085269199234
1781300851,162,GET,/api/load/cpu-heavy [GET],32.800000,0.000000,10,56,3200,4900,9000,11000,13000,14000,17000,17000,17000,1466,0,140.0,2248.270791477384,6.275957999605453,16838.84742399823,45.0
1781300851,162,GET,/api/load/memory-heavy [GET],16.400000,0.000000,4,14,2300,5200,9100,10000,14000,15000,16000,16000,16000,736,0,88,2126.088577086941,2.5494159999652766,19851.726176002558,52.0
1781300851,162,GET,/api/products [GET],32.800000,0.000000,1,2,53,120,280,400,600,620,880,880,880,1552,0,17,158.7941764787361,0.5561660000239499,3242.513293000229,120.0
1781300851,162,,Aggregated,82.000000,0.000000,8,27,140,390,6200,9600,11000,14000,17000,17000,17000,3754,0,55,1360.4727583742215,0.5561660000239499,19851.726176002558,77.37932871603623
1781300852,164,GET,/api/load/cpu-heavy [GET],32.300000,0.000000,10,72,4000,5400,8900,11000,13000,14000,17000,17000,17000,1511,0,130.0,2262.7572298880405,6.275957999605453,16838.84742399823,45.0
1781300852,164,GET,/api/load/memory-heavy [GET],16.900000,0.000000,4,14,1900,4700,8000,10000,12000,15000,15000,15000,15000,755,0,84,2110.5460326728207,2.4455839993606787,19851.726176002558,52.0
1781300852,164,GET,/api/products [GET],34.500000,0.000000,1,2,66,130,300,500,600,700,880,880,880,1597,0,15,157.9228213481579,0.5561660000239499,3242.513293000229,120.0
1781300852,164,,Aggregated,83.700000,0.000000,8,33,190,570,6200,9500,11000,14000,17000,17000,17000,3863,0,52,1362.8504205855088,0.5561660000239499,19851.726176002558,77.37380274398136
1781300853,165,GET,/api/load/cpu-heavy [GET],33.300000,0.000000,10,62,3900,5000,8500,10000,12000,14000,17000,17000,17000,1540,0,110.0,2246.351623351193,6.275957999605453,16838.84742399823,45.0
1781300853,165,GET,/api/load/memory-heavy [GET],16.500000,0.000000,4,11,1700,3600,7100,10000,12000,14000,15000,15000,15000,773,0,75,2078.914011708893,2.4267080007120967,19851.726176002558,52.0
1781300853,165,GET,/api/products [GET],36.000000,0.000000,1,2,67,120,280,460,600,700,880,880,880,1646,0,12,154.0614107606364,0.5561660000239499,3242.513293000229,120.0
1781300853,165,,Aggregated,85.800000,0.000000,8,28,140,410,5400,8800,11000,12000,17000,17000,17000,3959,0,49,1343.765373357875,0.5561660000239499,19851.726176002558,77.54887597878252
1781300854,167,GET,/api/load/cpu-heavy [GET],34.000000,0.000000,10,55,3200,4700,7900,9700,11000,12000,14000,14000,14000,1581,0,100.0,2210.5766407494198,6.275957999605453,16838.84742399823,45.0
1781300854,167,GET,/api/load/memory-heavy [GET],17.800000,0.000000,4,11,58,1800,6500,9900,10000,12000,12000,12000,12000,787,0,65,2066.777373486635,2.4267080007120967,19851.726176002558,52.0
1781300854,167,GET,/api/products [GET],35.600000,0.000000,1,2,55,120,280,440,600,620,800,800,800,1686,0,9,151.2972143576494,0.5561660000239499,3242.513293000229,120.0
1781300854,167,,Aggregated,87.400000,0.000000,8,24,89,270,5000,8300,10000,11000,14000,14000,14000,4054,0,45,1326.2364492762263,0.5561660000239499,19851.726176002558,77.55032067094228
1781300855,169,GET,/api/load/cpu-heavy [GET],35.300000,0.000000,11,77,3300,5000,7900,9500,11000,12000,14000,14000,14000,1636,0,95,2195.147336023732,6.275957999605453,16838.84742399823,45.0
1781300855,169,GET,/api/load/memory-heavy [GET],17.900000,0.000000,5,31,160,2700,6500,9900,11000,12000,12000,12000,12000,811,0,65,2080.0049858199445,2.4267080007120967,19851.726176002558,52.0
1781300855,169,GET,/api/products [GET],38.200000,0.000000,1,2,53,110,270,450,600,670,800,800,800,1707,0,8,150.0266707615703,0.5561660000239499,3242.513293000229,120.0
1781300855,169,,Aggregated,91.400000,0.000000,8,37,120,290,5400,8300,10000,11000,14000,14000,14000,4154,0,45,1332.2678411711154,0.5561660000239499,19851.726176002558,77.18632643235436
1781300856,171,GET,/api/load/cpu-heavy [GET],35.900000,0.000000,20,93,3900,5000,7400,9500,11000,12000,14000,14000,14000,1676,0,93,2176.090907476024,6.275957999605453,16838.84742399823,45.0
1781300856,171,GET,/api/load/memory-heavy [GET],18.400000,0.000000,5,32,1400,3600,6700,9600,11000,12000,14000,14000,14000,829,0,60,2084.3229411712696,2.4267080007120967,19851.726176002558,52.0
1781300856,171,GET,/api/products [GET],40.000000,0.000000,1,2,56,120,350,540,700,810,1600,1600,1600,1755,0,7,150.2438684170935,0.5561660000239499,3242.513293000229,120.0
1781300856,171,,Aggregated,94.300000,0.000000,8,42,140,420,5500,8200,10000,11000,14000,14000,14000,4260,0,43,1323.6408610875148,0.5561660000239499,19851.726176002558,77.26009389671361
1781300857,173,GET,/api/load/cpu-heavy [GET],36.700000,0.000000,17,72,1900,4700,7200,9300,11000,12000,14000,14000,14000,1727,0,88,2165.337496944293,6.275957999605453,16838.84742399823,45.0
1781300857,173,GET,/api/load/memory-heavy [GET],18.300000,0.000000,5,31,73,3600,7900,9600,11000,12000,14000,14000,14000,846,0,57,2082.6627869845984,2.1712919988203794,19851.726176002558,52.0
1781300857,173,GET,/api/products [GET],38.400000,0.000000,1,6,56,110,290,500,670,800,1600,1600,1600,1797,0,6,147.55269476237763,0.49199999921256676,3242.513293000229,120.0
1781300857,173,,Aggregated,93.400000,0.000000,8,38,98,240,5100,8000,10000,11000,14000,14000,14000,4370,0,41,1319.5933106406794,0.49199999921256676,19851.726176002558,77.19610983981693
1781300858,175,GET,/api/load/cpu-heavy [GET],38.500000,0.000000,12,62,140,4300,7200,9000,11000,12000,15000,15000,15000,1771,0,78,2145.002333404736,6.275957999605453,16838.84742399823,45.0
1781300858,175,GET,/api/load/memory-heavy [GET],18.200000,0.000000,5,24,61,3000,8000,9600,11000,12000,14000,14000,14000,864,0,46,2039.3717362048203,2.0433329991647042,19851.726176002558,52.0
1781300858,175,GET,/api/products [GET],38.100000,0.000000,1,2,33,75,250,500,700,810,1600,1600,1600,1840,0,5,144.68841018260517,0.4282909976609517,3242.513293000229,120.0
1781300858,175,,Aggregated,94.800000,0.000000,8,33,75,140,5000,8000,9900,11000,15000,15000,15000,4475,0,37,1302.1325111232977,0.4282909976609517,19851.726176002558,77.1894972067039
1781300859,177,GET,/api/load/cpu-heavy [GET],40.300000,0.000000,10,50,110,3900,7000,8900,11000,11000,15000,15000,15000,1814,0,70,2106.2391133620613,6.275957999605453,16838.84742399823,45.0
1781300859,177,GET,/api/load/memory-heavy [GET],19.600000,0.000000,5,24,61,3600,7700,9000,11000,12000,14000,14000,14000,884,0,41,2014.7578311255172,2.0399579989316408,19851.726176002558,52.0
1781300859,177,GET,/api/products [GET],40.500000,0.000000,1,2,22,55,200,460,700,810,1600,1600,1600,1880,0,5,142.04693068563844,0.4282909976609517,3242.513293000229,120.0
1781300859,177,,Aggregated,100.400000,0.000000,8,26,65,120,5000,7900,9700,11000,15000,15000,15000,4578,0,33,1281.959786815804,0.4282909976609517,19851.726176002558,77.15115771079074
1781300860,179,GET,/api/load/cpu-heavy [GET],39.300000,0.000000,11,52,120,3700,6700,8600,11000,12000,15000,15000,15000,1865,0,69,2099.43534947173,6.275957999605453,16838.84742399823,45.0
1781300860,179,GET,/api/load/memory-heavy [GET],17.900000,0.000000,5,22,45,1400,6700,9000,11000,12000,14000,14000,14000,906,0,34,1978.5596265308661,2.0399579989316408,19851.726176002558,52.0
1781300860,179,GET,/api/products [GET],41.900000,0.000000,1,2,25,45,200,460,700,810,1600,1600,1600,1921,0,4,139.5896279838585,0.4282909976609517,3242.513293000229,120.0
1781300860,179,,Aggregated,99.100000,0.000000,8,25,65,120,4900,7400,9900,11000,15000,15000,15000,4692,0,30,1273.6942932137151,0.4282909976609517,19851.726176002558,77.0581841432225
1781300861,180,GET,/api/load/cpu-heavy [GET],40.600000,0.000000,11,48,100,2500,6700,8600,11000,14000,15000,15000,15000,1922,0,64,2070.9008577251766,6.275957999605453,16838.84742399823,45.0
1781300861,180,GET,/api/load/memory-heavy [GET],17.600000,0.000000,5,18,39,61,6500,8900,10000,11000,14000,14000,14000,917,0,31,1963.4500335964801,2.0399579989316408,19851.726176002558,52.0
1781300861,180,GET,/api/products [GET],41.400000,0.000000,1,2,22,43,190,400,670,810,1600,1600,1600,1962,0,4,137.33848948064028,0.4282909976609517,3242.513293000229,120.0
1781300861,180,,Aggregated,99.600000,0.000000,8,24,56,95,4300,7400,9900,11000,15000,15000,15000,4801,0,27,1260.198551492772,0.4282909976609517,19851.726176002558,76.98687773380546
1781300862,180,GET,/api/load/cpu-heavy [GET],42.700000,0.000000,15,53,98,160,6400,8500,11000,14000,15000,15000,15000,1971,0,63,2038.7602193367707,6.275957999605453,16838.84742399823,45.0
1781300862,180,GET,/api/load/memory-heavy [GET],18.500000,0.000000,5,23,46,69,7400,9600,12000,14000,14000,14000,14000,934,0,31,1968.4209797815531,2.0399579989316408,19851.726176002558,52.0
1781300862,180,GET,/api/products [GET],41.400000,0.000000,1,1,18,33,150,250,550,810,1600,1600,1600,2004,0,4,135.4337079316344,0.4282909976609517,3242.513293000229,120.0
1781300862,180,,Aggregated,102.600000,0.000000,8,25,56,91,3600,7400,9900,12000,15000,15000,15000,4909,0,27,1248.3827130013776,0.4282909976609517,19851.726176002558,76.9490731309839
1781300863,180,GET,/api/load/cpu-heavy [GET],45.100000,0.000000,13,48,91,130,6300,8400,11000,14000,15000,15000,15000,2018,0,59,1999.0142847223847,6.0001250021741726,16838.84742399823,45.0
1781300863,180,GET,/api/load/memory-heavy [GET],18.800000,0.000000,5,23,45,66,7700,10000,14000,14000,14000,14000,14000,961,0,29,1961.5301264869577,2.0399579989316408,19851.726176002558,52.0
1781300863,180,GET,/api/products [GET],41.500000,0.000000,1,1,7,29,150,240,550,810,1600,1600,1600,2042,0,4,133.09576246081372,0.4282909976609517,3242.513293000229,120.0
1781300863,180,,Aggregated,105.400000,0.000000,8,24,50,82,3300,7400,10000,12000,15000,15000,15000,5021,0,24,1232.9860237141481,0.4282909976609517,19851.726176002558,76.84166500697073
1781300864,180,GET,/api/load/cpu-heavy [GET],46.200000,0.000000,9,41,77,120,6600,8500,11000,14000,15000,15000,15000,2071,0,55,1992.4768822596682,5.967166998743778,16838.84742399823,45.0
1781300864,180,GET,/api/load/memory-heavy [GET],17.300000,0.000000,4,9,31,45,6700,9600,14000,14000,14000,14000,14000,988,0,22,1933.8004370181836,1.9305419991724193,19851.726176002558,52.0
1781300864,180,GET,/api/products [GET],41.700000,0.000000,1,1,2,23,150,240,550,810,1600,1600,1600,2087,0,3,130.79350308671832,0.4057500009366777,3242.513293000229,120.0
1781300864,180,,Aggregated,105.200000,0.000000,7,15,41,66,2500,7300,10000,12000,15000,15000,15000,5146,0,21,1226.1913128402125,0.4057500009366777,19851.726176002558,76.76078507578701
1781300865,180,GET,/api/load/cpu-heavy [GET],46.300000,0.000000,9,33,62,96,7000,9400,12000,14000,15000,15000,15000,2125,0,50,1983.0463557217797,5.967166998743778,16838.84742399823,45.0
1781300865,180,GET,/api/load/memory-heavy [GET],19.000000,0.000000,3,6,20,33,6400,9600,14000,14000,14000,14000,14000,1003,0,20,1913.9659797985637,1.878082999610342,19851.726176002558,52.0
1781300865,180,GET,/api/products [GET],40.000000,0.000000,1,1,1,15,140,210,430,650,1600,1600,1600,2126,0,3,128.52939731513197,0.4057500009366777,3242.513293000229,120.0
1781300865,180,,Aggregated,105.300000,0.000000,7,9,33,53,430,7700,11000,13000,15000,15000,15000,5254,0,19,1219.4394522913447,0.4057500009366777,19851.726176002558,76.68462124095927
1781300866,180,GET,/api/load/cpu-heavy [GET],47.800000,0.000000,8,25,59,90,6400,9400,12000,14000,15000,15000,15000,2167,0,49,1968.1146049136132,5.967166998743778,16838.84742399823,45.0
1781300866,180,GET,/api/load/memory-heavy [GET],19.600000,0.000000,3,5,22,33,6000,9100,14000,14000,14000,14000,14000,1023,0,19,1906.903810854319,1.878082999610342,19851.726176002558,52.0
1781300866,180,GET,/api/products [GET],39.000000,0.000000,1,1,1,2,63,170,240,420,550,550,550,2164,0,3,126.5284120013708,0.4057500009366777,3242.513293000229,120.0
1781300866,180,,Aggregated,106.400000,0.000000,7,9,27,43,200,7400,11000,13000,15000,15000,15000,5354,0,18,1212.0796471652498,0.4057500009366777,19851.726176002558,76.65128875607023
1781300867,180,GET,/api/load/cpu-heavy [GET],48.800000,0.000000,8,21,55,83,6100,9400,12000,13000,15000,15000,15000,2199,0,47,1953.0658706356571,5.967166998743778,16838.84742399823,45.0
1781300867,180,GET,/api/load/memory-heavy [GET],19.400000,0.000000,3,5,21,33,6400,11000,14000,14000,15000,15000,15000,1045,0,17,1912.7866082793942,1.878082999610342,19851.726176002558,52.0
1781300867,180,GET,/api/products [GET],41.000000,0.000000,1,1,1,1,62,180,360,440,550,550,550,2216,0,3,124.41526714394456,0.4057500009366777,3242.513293000229,120.0
1781300867,180,,Aggregated,109.200000,0.000000,7,8,21,40,200,7400,11000,13000,15000,15000,15000,5460,0,17,1203.1791368444635,0.4057500009366777,19851.726176002558,76.77930402930403
1781300868,180,GET,/api/load/cpu-heavy [GET],48.700000,0.000000,8,28,67,94,6600,9600,12000,13000,15000,15000,15000,2244,0,47,1943.8903632931376,5.967166998743778,16838.84742399823,45.0
1781300868,180,GET,/api/load/memory-heavy [GET],19.400000,0.000000,4,15,31,48,6400,12000,14000,14000,15000,15000,15000,1070,0,18,1880.405418216777,1.878082999610342,19851.726176002558,52.0
1781300868,180,GET,/api/products [GET],42.700000,0.000000,1,1,1,2,63,180,370,460,700,700,700,2250,0,3,123.03399749554704,0.4057500009366777,3242.513293000229,120.0
1781300868,180,,Aggregated,110.800000,0.000000,7,9,29,52,190,7700,12000,13000,15000,15000,15000,5564,0,17,1195.3541098286735,0.4057500009366777,19851.726176002558,76.67505391804457
1781300869,180,GET,/api/load/cpu-heavy [GET],47.600000,0.000000,8,28,67,96,6400,9800,12000,13000,15000,15000,15000,2284,0,45,1925.777759833097,5.967166998743778,16838.84742399823,45.0
1781300869,180,GET,/api/load/memory-heavy [GET],19.500000,0.000000,3,15,39,59,7800,12000,14000,15000,16000,16000,16000,1094,0,16,1866.8514231864267,1.878082999610342,19851.726176002558,52.0
1781300869,180,GET,/api/products [GET],41.700000,0.000000,1,1,1,1,51,180,390,460,700,700,700,2296,0,2,120.91365918292757,0.4057500009366777,3242.513293000229,120.0
1781300869,180,,Aggregated,108.800000,0.000000,7,8,29,53,180,7900,12000,14000,15000,16000,16000,5674,0,16,1184.0728977632627,0.4057500009366777,19851.726176002558,76.6986253084244
1781300870,180,GET,/api/load/cpu-heavy [GET],47.500000,0.000000,8,10,54,77,4500,9600,12000,13000,15000,15000,15000,2322,0,41,1894.3885507475477,5.967166998743778,16838.84742399823,45.0
1781300870,180,GET,/api/load/memory-heavy [GET],20.700000,0.000000,3,6,33,59,7900,12000,14000,15000,16000,16000,16000,1111,0,15,1846.6521569252516,1.852500001405133,19851.726176002558,52.0
1781300870,180,GET,/api/products [GET],41.500000,0.000000,1,1,1,1,40,170,370,440,700,700,700,2345,0,2,118.40010594583661,0.38420800046878867,3242.513293000229,120.0
1781300870,180,,Aggregated,109.700000,0.000000,6,8,15,38,160,7800,12000,13000,15000,16000,16000,5778,0,15,1164.4252353102725,0.38420800046878867,19851.726176002558,76.78470058843891
1781300871,180,GET,/api/load/cpu-heavy [GET],47.000000,0.000000,8,9,38,67,4900,9600,12000,13000,17000,17000,17000,2371,0,37,1873.1201965490557,5.965833999653114,17010.022589998698,45.0
1781300871,180,GET,/api/load/memory-heavy [GET],20.800000,0.000000,3,6,39,61,9300,14000,16000,18000,19000,19000,19000,1135,0,13,1903.3641671911444,1.852500001405133,19851.726176002558,52.0
1781300871,180,GET,/api/products [GET],41.600000,0.000000,1,1,1,1,29,150,390,460,700,700,700,2379,0,2,116.71853568725929,0.38420800046878867,3242.513293000229,120.0
1781300871,180,,Aggregated,109.400000,0.000000,6,7,9,30,160,9000,12000,14000,19000,19000,19000,5885,0,14,1168.9311320611307,0.38420800046878867,19851.726176002558,76.66864910790144
1781300872,180,GET,/api/load/cpu-heavy [GET],46.100000,0.000000,7,9,31,62,6600,11000,14000,15000,21000,21000,21000,2414,0,37,1887.8572217364647,5.965833999653114,20743.435092001164,45.0
1781300872,180,GET,/api/load/memory-heavy [GET],21.100000,0.000000,3,5,15,40,9000,14000,16000,18000,19000,19000,19000,1167,0,11,1890.9471749399759,1.852500001405133,19851.726176002558,52.0
1781300872,180,GET,/api/products [GET],41.700000,0.000000,1,1,1,1,12,99,360,410,700,700,700,2423,0,2,114.94338615270019,0.38420800046878867,3242.513293000229,120.0
1781300872,180,,Aggregated,108.900000,0.000000,6,7,8,17,140,9000,14000,16000,19000,21000,21000,6004,0,13,1172.9731031103888,0.38420800046878867,20743.435092001164,76.62791472351765
1781300873,180,GET,/api/load/cpu-heavy [GET],44.800000,0.000000,8,9,39,68,4500,11000,14000,16000,21000,21000,21000,2448,0,36,1869.6721037691295,5.965833999653114,20743.435092001164,45.0
1781300873,180,GET,/api/load/memory-heavy [GET],20.800000,0.000000,3,5,23,48,9500,16000,18000,19000,20000,20000,20000,1189,0,10,1916.8296474103959,1.852500001405133,20183.76954999985,52.0
1781300873,180,GET,/api/products [GET],42.000000,0.000000,1,1,1,1,20,75,360,410,750,750,750,2472,0,2,113.24237369457214,0.38420800046878867,3242.513293000229,120.0
1781300873,180,,Aggregated,107.600000,0.000000,6,7,8,25,110,9300,15000,17000,20000,21000,21000,6109,0,12,1168.1130968359428,0.38420800046878867,20743.435092001164,76.71108201014896
1781300874,180,GET,/api/load/cpu-heavy [GET],44.000000,0.000000,8,9,38,62,2500,12000,15000,16000,21000,21000,21000,2485,0,33,1859.6185684454044,5.965833999653114,20743.435092001164,45.0
1781300874,180,GET,/api/load/memory-heavy [GET],22.400000,0.000000,3,6,40,66,13000,16000,18000,19000,20000,20000,20000,1218,0,10,1950.6906626789528,1.852500001405133,20183.76954999985,52.0
1781300874,180,GET,/api/products [GET],42.000000,0.000000,1,1,1,1,26,71,370,440,750,750,750,2510,0,2,112.03233900517499,0.38420800046878867,3242.513293000229,120.0
1781300874,180,,Aggregated,108.400000,0.000000,6,7,9,27,100,9600,16000,17000,20000,21000,21000,6213,0,12,1171.4621826223702,0.38420800046878867,20743.435092001164,76.67165620473202
1781300875,180,GET,/api/load/cpu-heavy [GET],43.400000,0.000000,8,13,49,74,4900,12000,16000,18000,21000,21000,21000,2531,0,33,1880.128827182463,5.965833999653114,20743.435092001164,45.0
1781300875,180,GET,/api/load/memory-heavy [GET],22.000000,0.000000,3,9,46,73,14000,17000,19000,19000,23000,23000,23000,1239,0,10,1989.7297020871313,1.852500001405133,23475.62417699737,52.0
1781300875,180,GET,/api/products [GET],42.000000,0.000000,1,1,1,1,26,71,360,440,750,750,750,2563,0,2,109.89182682441114,0.38420800046878867,3242.513293000229,120.0
1781300875,180,,Aggregated,107.400000,0.000000,6,8,12,38,120,12000,16000,18000,21000,23000,23000,6333,0,12,1185.1466784518773,0.38420800046878867,23475.62417699737,76.72240644244434
1781300876,180,GET,/api/load/cpu-heavy [GET],41.600000,0.000000,8,31,68,86,6600,13000,16000,18000,21000,21000,21000,2575,0,34,1872.5312453389508,5.965833999653114,20743.435092001164,45.0
1781300876,180,GET,/api/load/memory-heavy [GET],22.900000,0.000000,4,12,66,81,15000,18000,19000,20000,23000,23000,23000,1255,0,10,2026.7432300143103,1.852500001405133,23475.62417699737,52.0
1781300876,180,GET,/api/products [GET],42.400000,0.000000,1,1,1,1,30,71,310,410,750,750,750,2610,0,2,108.47579808044824,0.38420800046878867,3242.513293000229,120.0
1781300876,180,,Aggregated,106.900000,0.000000,6,8,24,47,170,12000,17000,18000,21000,23000,23000,6440,0,11,1187.6479104667285,0.38420800046878867,23475.62417699737,76.76009316770187
1781300877,180,GET,/api/load/cpu-heavy [GET],40.300000,0.000000,8,26,64,83,6800,13000,16000,18000,21000,21000,21000,2618,0,32,1887.7346507531668,5.965833999653114,20743.435092001164,45.0
1781300877,180,GET,/api/load/memory-heavy [GET],23.300000,0.000000,3,6,41,80,15000,18000,19000,20000,23000,23000,23000,1274,0,9,2014.6912937040622,1.852500001405133,23475.62417699737,52.0
1781300877,180,GET,/api/products [GET],42.800000,0.000000,1,1,1,1,40,100,310,410,750,750,750,2669,0,2,106.59449746833565,0.38420800046878867,3242.513293000229,120.0
1781300877,180,,Aggregated,106.400000,0.000000,6,8,21,44,170,13000,17000,18000,21000,23000,23000,6561,0,11,1187.823005272635,0.38420800046878867,23475.62417699737,76.86907483615303
1781300878,180,GET,/api/load/cpu-heavy [GET],40.800000,0.000000,8,11,44,70,7100,13000,16000,18000,21000,21000,21000,2655,0,29,1874.8636858518917,5.965833999653114,20743.435092001164,45.0
1781300878,180,GET,/api/load/memory-heavy [GET],23.400000,0.000000,3,5,12,68,16000,18000,19000,20000,23000,23000,23000,1300,0,8,1998.6841280969004,1.852500001405133,23475.62417699737,52.0
1781300878,180,GET,/api/products [GET],42.900000,0.000000,1,1,1,1,26,100,290,400,750,750,750,2719,0,2,104.90443110040233,0.38420800046878867,3242.513293000229,120.0
1781300878,180,,Aggregated,107.100000,0.000000,5,7,9,25,170,13000,17000,18000,21000,23000,23000,6674,0,10,1177.8974528955262,0.38420800046878867,23475.62417699737,76.9186394965538
1781300879,180,GET,/api/load/cpu-heavy [GET],41.600000,0.000000,8,24,61,83,10000,15000,16000,18000,21000,21000,21000,2696,0,28,1885.950870341904,5.965833999653114,20743.435092001164,45.0
1781300879,180,GET,/api/load/memory-heavy [GET],22.700000,0.000000,3,5,18,66,15000,18000,19000,20000,23000,23000,23000,1329,0,8,1990.8411989909446,1.852500001405133,23475.62417699737,52.0
1781300879,180,GET,/api/products [GET],44.700000,0.000000,1,1,1,1,34,100,310,430,790,790,790,2761,0,2,103.883753997458,0.38420800046878867,3242.513293000229,120.0
1781300879,180,,Aggregated,109.000000,0.000000,5,8,11,35,240,13000,17000,19000,22000,23000,23000,6786,0,10,1181.428609591471,0.38420800046878867,23475.62417699737,76.88594164456234
1781300880,180,GET,/api/load/cpu-heavy [GET],41.000000,0.000000,8,25,67,88,11000,15000,17000,18000,21000,21000,21000,2737,0,26,1871.6764665994808,5.6664999974600505,20743.435092001164,45.0
1781300880,180,GET,/api/load/memory-heavy [GET],22.100000,0.000000,3,5,13,53,15000,18000,19000,20000,23000,23000,23000,1349,0,8,1981.0390155463024,1.8445830028213095,23475.62417699737,52.0
1781300880,180,GET,/api/products [GET],46.500000,0.000000,1,1,1,1,42,130,340,520,790,790,790,2804,0,2,102.75076090334369,0.38420800046878867,3242.513293000229,120.0
1781300880,180,,Aggregated,109.600000,0.000000,5,8,11,39,310,14000,17000,19000,22000,23000,23000,6890,0,10,1173.1949571302928,0.38420800046878867,23475.62417699737,76.89303338171263
1781300881,180,GET,/api/load/cpu-heavy [GET],41.000000,0.000000,8,26,69,91,11000,15000,17000,18000,21000,21000,21000,2775,0,25,1871.9079766763157,5.6664999974600505,20743.435092001164,45.0
1781300881,180,GET,/api/load/memory-heavy [GET],23.300000,0.000000,3,5,13,53,15000,18000,20000,20000,23000,23000,23000,1368,0,8,1982.744840786524,1.8445830028213095,23475.62417699737,52.0
1781300881,180,GET,/api/products [GET],46.100000,0.000000,1,1,1,1,42,170,360,520,790,790,790,2854,0,2,101.34341572880123,0.38420800046878867,3242.513293000229,120.0
1781300881,180,,Aggregated,110.400000,0.000000,5,8,11,39,340,13000,17000,19000,22000,23000,23000,6997,0,9,1171.3839768418945,0.38420800046878867,23475.62417699737,76.96026868657997
1781300882,180,GET,/api/load/cpu-heavy [GET],41.700000,0.000000,8,11,49,81,10000,14000,17000,18000,20000,20000,20000,2812,0,23,1864.586665972891,5.6664999974600505,20743.435092001164,45.0
1781300882,180,GET,/api/load/memory-heavy [GET],23.500000,0.000000,3,5,11,47,15000,18000,20000,20000,23000,23000,23000,1386,0,7,1968.935073378763,1.8445830028213095,23475.62417699737,52.0
1781300882,180,GET,/api/products [GET],45.700000,0.000000,1,1,1,1,56,180,360,690,790,790,790,2901,0,2,100.40023300552676,0.38420800046878867,3242.513293000229,120.0
1781300882,180,,Aggregated,110.900000,0.000000,5,8,9,30,260,12000,17000,19000,22000,23000,23000,7099,0,9,1164.026312490177,0.38420800046878867,23475.62417699737,77.01535427525003
1781300883,180,GET,/api/load/cpu-heavy [GET],40.300000,0.000000,8,10,39,80,10000,14000,17000,18000,20000,20000,20000,2856,0,21,1854.4959951529263,5.6664999974600505,20743.435092001164,45.0
1781300883,180,GET,/api/load/memory-heavy [GET],23.600000,0.000000,3,4,6,29,11000,17000,20000,22000,23000,23000,23000,1403,0,7,1956.8153240669678,1.8445830028213095,23475.62417699737,52.0
1781300883,180,GET,/api/products [GET],46.400000,0.000000,1,1,1,1,55,180,340,520,790,790,790,2943,0,2,99.14954019165718,0.38420800046878867,3242.513293000229,120.0
1781300883,180,,Aggregated,110.300000,0.000000,5,8,9,25,240,11000,16000,19000,22000,23000,23000,7202,0,9,1157.129902611324,0.38420800046878867,23475.62417699737,77.01138572618717
1781300884,180,GET,/api/load/cpu-heavy [GET],40.100000,0.000000,8,9,35,79,9700,14000,17000,18000,20000,20000,20000,2895,0,20,1849.0124412842026,5.6664999974600505,20743.435092001164,45.0
1781300884,180,GET,/api/load/memory-heavy [GET],22.700000,0.000000,3,4,5,18,11000,16000,19000,20000,22000,22000,22000,1419,0,7,1968.0249075771455,1.8445830028213095,23475.62417699737,52.0
1781300884,180,GET,/api/products [GET],46.700000,0.000000,1,1,1,1,50,180,310,480,790,790,790,2994,0,2,97.5715683704197,0.36912499854224734,3242.513293000229,120.0
1781300884,180,,Aggregated,109.500000,0.000000,4,7,8,16,220,11000,16000,18000,20000,22000,22000,7308,0,9,1154.5768523632694,0.36912499854224734,23475.62417699737,77.08579638752053
1781300885,180,GET,/api/load/cpu-heavy [GET],40.200000,0.000000,8,9,13,37,9700,13000,16000,18000,20000,20000,20000,2936,0,19,1844.4558017018983,5.6664999974600505,20743.435092001164,45.0
1781300885,180,GET,/api/load/memory-heavy [GET],21.600000,0.000000,3,4,5,6,13000,18000,22000,22000,23000,23000,23000,1439,0,7,2018.0694383724665,1.8445830028213095,23475.62417699737,52.0
1781300885,180,GET,/api/products [GET],48.200000,0.000000,1,1,1,1,23,170,290,480,790,790,790,3038,0,2,96.28705399343012,0.36912499854224734,3242.513293000229,120.0
1781300885,180,,Aggregated,110.000000,0.000000,3,7,8,9,190,11000,16000,19000,22000,23000,23000,7413,0,9,1161.7218704501267,0.36912499854224734,23475.62417699737,77.09537299338999
1781300886,180,GET,/api/load/cpu-heavy [GET],41.100000,0.000000,8,8,10,20,7700,13000,17000,19000,21000,21000,21000,2980,0,18,1847.2728190851642,5.6664999974600505,21402.589133998845,45.0
1781300886,180,GET,/api/load/memory-heavy [GET],20.400000,0.000000,3,4,5,6,13000,18000,22000,22000,26000,26000,26000,1465,0,6,2054.1676650941813,1.8445830028213095,26381.149302997073,52.0
1781300886,180,GET,/api/products [GET],47.800000,0.000000,1,1,1,1,3,180,350,520,790,790,790,3083,0,1,95.17516212327014,0.36912499854224734,3242.513293000229,120.0
1781300886,180,,Aggregated,109.300000,0.000000,3,7,8,8,180,11000,17000,20000,23000,26000,26000,7528,0,9,1169.9858734142929,0.36912499854224734,26381.149302997073,77.07757704569607
1781300887,180,GET,/api/load/cpu-heavy [GET],41.100000,0.000000,8,8,11,30,8900,13000,17000,19000,21000,21000,21000,3018,0,18,1863.8940091851507,5.6664999974600505,21402.589133998845,45.0
1781300887,180,GET,/api/load/memory-heavy [GET],20.000000,0.000000,2,4,5,6,13000,19000,22000,22000,26000,26000,26000,1488,0,6,2054.002176891784,1.8445830028213095,26381.149302997073,52.0
1781300887,180,GET,/api/products [GET],48.000000,0.000000,1,1,1,1,9,180,360,520,790,790,790,3128,0,1,94.27653649426091,0.36912499854224734,3242.513293000229,120.0
1781300887,180,,Aggregated,109.100000,0.000000,3,7,8,9,210,11000,17000,20000,23000,26000,26000,7634,0,9,1175.85595560516,0.36912499854224734,26381.149302997073,77.09536285040608
1781300888,180,GET,/api/load/cpu-heavy [GET],39.800000,0.000000,8,8,13,39,8800,13000,17000,20000,22000,22000,22000,3065,0,18,1859.3063998387574,5.6664999974600505,21831.385509998654,45.0
1781300888,180,GET,/api/load/memory-heavy [GET],20.000000,0.000000,3,5,5,23,16000,20000,23000,23000,26000,26000,26000,1515,0,6,2102.788368547839,1.8445830028213095,26381.149302997073,52.0
1781300888,180,GET,/api/products [GET],47.400000,0.000000,1,1,1,1,13,190,360,480,690,690,690,3170,0,1,93.54511728077306,0.36912499854224734,3242.513293000229,120.0
1781300888,180,,Aggregated,107.200000,0.000000,4,7,8,9,350,12000,18000,21000,24000,26000,26000,7750,0,8,1184.649872985264,0.36912499854224734,26381.149302997073,77.0458064516129
1781300889,180,GET,/api/load/cpu-heavy [GET],40.200000,0.000000,8,9,13,44,8900,12000,17000,20000,22000,22000,22000,3102,0,18,1850.4173381237258,5.6664999974600505,21831.385509998654,45.0
1781300889,180,GET,/api/load/memory-heavy [GET],21.000000,0.000000,2,4,5,6,15000,20000,23000,24000,26000,26000,26000,1532,0,6,2088.7814687937116,1.8445830028213095,26381.149302997073,52.0
1781300889,180,GET,/api/products [GET],45.800000,0.000000,1,1,1,1,15,190,360,480,690,690,690,3207,0,1,92.57555737108106,0.36912499854224734,3242.513293000229,120.0
1781300889,180,,Aggregated,107.000000,0.000000,4,7,8,9,360,12000,18000,20000,24000,26000,26000,7841,0,8,1178.0254566433857,0.36912499854224734,26381.149302997073,77.04297921183523
1781300890,180,GET,/api/load/cpu-heavy [GET],39.700000,0.000000,8,9,22,57,8800,12000,16000,19000,22000,22000,22000,3147,0,17,1841.2364135452144,5.6664999974600505,21831.385509998654,45.0
1781300890,180,GET,/api/load/memory-heavy [GET],21.100000,0.000000,2,4,5,6,15000,20000,23000,25000,26000,26000,26000,1547,0,6,2084.5592894563447,1.8445830028213095,26381.149302997073,52.0
1781300890,180,GET,/api/products [GET],44.900000,0.000000,1,1,1,1,25,190,350,480,690,690,690,3250,0,1,91.79013502279082,0.36912499854224734,3242.513293000229,120.0
1781300890,180,,Aggregated,105.700000,0.000000,5,7,8,11,350,11000,17000,21000,25000,26000,26000,7944,0,8,1172.8980555186035,0.36912499854224734,26381.149302997073,77.04670191339376
1781300891,180,GET,/api/load/cpu-heavy [GET],40.600000,0.000000,8,9,37,71,9500,13000,16000,17000,22000,22000,22000,3191,0,17,1862.9077908166055,5.6664999974600505,21831.385509998654,45.0
1781300891,180,GET,/api/load/memory-heavy [GET],20.900000,0.000000,3,4,5,8,16000,20000,23000,25000,26000,26000,26000,1566,0,6,2077.2662172279493,1.8445830028213095,26381.149302997073,52.0
1781300891,180,GET,/api/products [GET],45.000000,0.000000,1,1,1,1,36,210,350,450,690,690,690,3289,0,1,91.12741752510154,0.36912499854224734,3242.513293000229,120.0
1781300891,180,,Aggregated,106.500000,0.000000,6,8,9,17,2100,12000,17000,21000,25000,26000,26000,8046,0,8,1180.3698400341505,0.36912499854224734,26381.149302997073,77.02050708426547
1781300892,180,GET,/api/load/cpu-heavy [GET],40.500000,0.000000,8,10,39,79,9200,13000,16000,17000,22000,22000,22000,3238,0,17,1856.64266300797,5.6664999974600505,21831.385509998654,45.0
1781300892,180,GET,/api/load/memory-heavy [GET],20.200000,0.000000,2,4,5,8,16000,20000,23000,24000,26000,26000,26000,1596,0,6,2075.1602098984717,1.811166999686975,26381.149302997073,52.0
1781300892,180,GET,/api/products [GET],44.700000,0.000000,1,1,1,1,36,220,370,520,820,820,820,3328,0,1,90.76858080080443,0.36912499854224734,3242.513293000229,120.0
1781300892,180,,Aggregated,105.400000,0.000000,6,8,9,22,4100,12000,17000,21000,25000,26000,26000,8162,0,8,1179.3485021713798,0.36912499854224734,26381.149302997073,76.94952217593728
1781300893,180,GET,/api/load/cpu-heavy [GET],41.700000,0.000000,8,11,57,100,9700,13000,16000,17000,22000,22000,22000,3274,0,17,1857.4145796993935,5.6664999974600505,21831.385509998654,45.0
1781300893,180,GET,/api/load/memory-heavy [GET],19.600000,0.000000,2,4,6,18,16000,20000,23000,24000,26000,26000,26000,1616,0,6,2087.195647499355,1.811166999686975,26381.149302997073,52.0
1781300893,180,GET,/api/products [GET],44.000000,0.000000,1,1,1,1,50,230,400,520,820,820,820,3368,0,1,89.99694864402295,0.36912499854224734,3242.513293000229,120.0
1781300893,180,,Aggregated,105.300000,0.000000,6,8,9,28,4800,12000,17000,21000,25000,26000,26000,8258,0,8,1181.5443477025665,0.36912499854224734,26381.149302997073,76.95834342455801
1781300894,180,GET,/api/load/cpu-heavy [GET],42.400000,0.000000,8,14,61,130,9100,12000,16000,17000,22000,22000,22000,3318,0,17,1845.1097985219506,5.6664999974600505,21831.385509998654,45.0
1781300894,180,GET,/api/load/memory-heavy [GET],20.100000,0.000000,3,5,8,58,16000,19000,23000,24000,26000,26000,26000,1634,0,6,2104.129779563622,1.811166999686975,26381.149302997073,52.0
1781300894,180,GET,/api/products [GET],43.900000,0.000000,1,1,1,1,78,290,470,570,820,820,820,3401,0,1,89.82403143577439,0.36912499854224734,3242.513293000229,120.0
1781300894,180,,Aggregated,106.400000,0.000000,7,8,13,41,4800,12000,17000,20000,25000,26000,26000,8353,0,8,1181.0982763337486,0.36912499854224734,26381.149302997073,76.90626122351252
1781300895,180,GET,/api/load/cpu-heavy [GET],42.300000,0.000000,8,24,76,2100,9600,12000,16000,17000,22000,22000,22000,3354,0,17,1853.9806821204052,5.6664999974600505,21831.385509998654,45.0
1781300895,180,GET,/api/load/memory-heavy [GET],21.500000,0.000000,3,5,12,47,16000,18000,23000,25000,26000,26000,26000,1657,0,6,2117.125721387416,1.811166999686975,26381.149302997073,52.0
1781300895,180,GET,/api/products [GET],41.600000,0.000000,1,1,1,3,120,300,470,580,820,820,820,3443,0,1,89.20187374094631,0.36912499854224734,3242.513293000229,120.0
1781300895,180,,Aggregated,105.400000,0.000000,7,8,22,61,5700,12000,17000,19000,25000,26000,26000,8454,0,8,1186.8287886752792,0.36912499854224734,26381.149302997073,76.91672581026732
1781300896,180,GET,/api/load/cpu-heavy [GET],42.200000,0.000000,8,14,71,2400,9200,12000,16000,17000,23000,23000,23000,3401,0,16,1868.9811731552022,5.6664999974600505,22546.37088600066,45.0
1781300896,180,GET,/api/load/memory-heavy [GET],21.200000,0.000000,3,5,10,40,15000,18000,23000,24000,25000,25000,25000,1674,0,6,2144.031431452778,1.811166999686975,26381.149302997073,52.0
1781300896,180,GET,/api/products [GET],41.700000,0.000000,1,1,1,2,83,280,470,580,820,820,820,3482,0,1,88.55424986820466,0.36912499854224734,3242.513293000229,120.0
1781300896,180,,Aggregated,105.100000,0.000000,7,8,15,51,5200,12000,17000,19000,25000,25000,25000,8557,0,8,1198.3007460785104,0.36912499854224734,26381.149302997073,76.88827860231389
1781300897,180,GET,/api/load/cpu-heavy [GET],42.100000,0.000000,8,19,79,3100,9200,12000,16000,19000,23000,23000,23000,3431,0,16,1874.5999223447454,5.6664999974600505,22546.37088600066,45.0
1781300897,180,GET,/api/load/memory-heavy [GET],22.000000,0.000000,3,5,10,47,16000,18000,23000,24000,25000,25000,25000,1702,0,6,2144.423805100438,1.811166999686975,26381.149302997073,52.0
1781300897,180,GET,/api/products [GET],40.200000,0.000000,1,1,1,13,180,380,610,830,970,970,970,3524,0,1,89.33749803805297,0.3488340007606894,3242.513293000229,120.0
1781300897,180,,Aggregated,104.300000,0.000000,7,8,25,66,5700,12000,17000,19000,25000,25000,25000,8657,0,8,1200.922605167125,0.3488340007606894,26381.149302997073,76.9064340995726
1781300898,180,GET,/api/load/cpu-heavy [GET],42.100000,0.000000,8,11,78,3200,9300,12000,16000,19000,23000,23000,23000,3463,0,16,1870.0612652566579,5.6664999974600505,22546.37088600066,45.0
1781300898,180,GET,/api/load/memory-heavy [GET],21.800000,0.000000,3,5,6,39,14000,17000,19000,25000,25000,25000,25000,1716,0,6,2126.956105325721,1.811166999686975,26381.149302997073,52.0
1781300898,180,GET,/api/products [GET],40.900000,0.000000,1,1,2,22,160,370,610,830,970,970,970,3576,0,1,88.58454588481862,0.3488340007606894,3242.513293000229,120.0
1781300898,180,,Aggregated,104.800000,0.000000,7,8,22,65,4800,11000,16000,18000,25000,25000,25000,8755,0,8,1192.7649542440656,0.3488340007606894,26381.149302997073,77.00593946316391
1781300899,180,GET,/api/load/cpu-heavy [GET],41.200000,0.000000,9,23,84,3300,9200,12000,16000,19000,23000,23000,23000,3505,0,16,1863.5687856481645,5.6664999974600505,22546.37088600066,45.0
1781300899,180,GET,/api/load/memory-heavy [GET],21.000000,0.000000,3,5,18,47,15000,17000,21000,25000,25000,25000,25000,1727,0,6,2127.1913638523083,1.811166999686975,26381.149302997073,52.0
1781300899,180,GET,/api/products [GET],39.900000,0.000000,1,1,4,34,200,450,610,830,970,970,970,3610,0,1,88.55260970778795,0.3488340007606894,3242.513293000229,120.0
1781300899,180,,Aggregated,102.100000,0.000000,7,9,36,79,4900,11000,17000,19000,25000,25000,25000,8842,0,8,1190.3577245097044,0.3488340007606894,26381.149302997073,76.98812485862926
1781300900,180,GET,/api/load/cpu-heavy [GET],41.400000,0.000000,8,10,66,200,8600,12000,16000,19000,23000,23000,23000,3543,0,15,1863.5300136477038,5.6664999974600505,22546.37088600066,45.0
1781300900,180,GET,/api/load/memory-heavy [GET],21.200000,0.000000,3,5,19,58,15000,17000,21000,24000,25000,25000,25000,1741,0,6,2150.3373970809575,1.811166999686975,26381.149302997073,52.0
1781300900,180,GET,/api/products [GET],40.500000,0.000000,1,1,2,22,180,380,590,830,970,970,970,3648,0,1,87.63711693753525,0.3488340007606894,3242.513293000229,120.0
1781300900,180,,Aggregated,103.100000,0.000000,7,8,23,66,4800,11000,17000,19000,25000,25000,25000,8932,0,8,1194.1249943192822,0.3488340007606894,26381.149302997073,76.99585759068518
1781300901,180,GET,/api/load/cpu-heavy [GET],40.000000,0.000000,8,10,59,130,8500,11000,16000,19000,23000,23000,23000,3566,0,15,1856.0244958821695,5.6664999974600505,22546.37088600066,45.0
1781300901,180,GET,/api/load/memory-heavy [GET],19.800000,0.000000,3,5,25,100,15000,17000,21000,24000,25000,25000,25000,1758,0,6,2152.765164912939,1.811166999686975,26381.149302997073,52.0
1781300901,180,GET,/api/products [GET],40.300000,0.000000,1,1,2,34,190,470,870,1200,1300,1300,1300,3688,0,1,88.6027092044801,0.3488340007606894,3242.513293000229,120.0
1781300901,180,,Aggregated,100.100000,0.000000,7,8,30,72,4300,11000,17000,19000,25000,25000,25000,9012,0,8,1190.624867263517,0.3488340007606894,26381.149302997073,77.05792276964048
1781300902,180,GET,/api/load/cpu-heavy [GET],39.500000,0.000000,8,9,51,100,8600,11000,17000,19000,23000,23000,23000,3599,0,15,1843.5192813128108,5.6664999974600505,22546.37088600066,45.0
1781300902,180,GET,/api/load/memory-heavy [GET],18.800000,0.000000,3,5,39,110,16000,18000,21000,24000,25000,25000,25000,1772,0,5,2143.837323344216,1.811166999686975,26381.149302997073,52.0
1781300902,180,GET,/api/products [GET],40.400000,0.000000,1,1,2,24,180,460,870,1200,1300,1300,1300,3721,0,1,88.04535574123332,0.3488340007606894,3242.513293000229,120.0
1781300902,180,,Aggregated,98.700000,0.000000,7,8,22,66,4100,11000,17000,19000,25000,25000,25000,9092,0,8,1183.6034314918402,0.3488340007606894,26381.149302997073,77.05884293884733
1781300903,180,GET,/api/load/cpu-heavy [GET],38.500000,0.000000,8,9,11,64,8200,11000,17000,19000,23000,23000,23000,3637,0,14,1826.0397941278002,5.6664999974600505,22546.37088600066,45.0
1781300903,180,GET,/api/load/memory-heavy [GET],19.300000,0.000000,3,5,8,47,15000,17000,21000,24000,25000,25000,25000,1789,0,5,2140.116335324737,1.811166999686975,26381.149302997073,52.0
1781300903,180,GET,/api/products [GET],39.300000,0.000000,1,1,1,19,180,470,870,1200,1300,1300,1300,3751,0,1,87.40420354681987,0.3488340007606894,3242.513293000229,120.0
1781300903,180,,Aggregated,97.100000,0.000000,6,8,9,43,950,10000,17000,19000,25000,25000,25000,9177,0,8,1176.6185052460273,0.3488340007606894,26381.149302997073,77.02005012531329
1781300904,180,GET,/api/load/cpu-heavy [GET],36.100000,0.000000,8,9,9,43,7700,10000,16000,18000,23000,23000,23000,3661,0,13,1814.1176895069104,5.6664999974600505,22546.37088600066,45.0
1781300904,180,GET,/api/load/memory-heavy [GET],18.600000,0.000000,2,4,5,7,13000,17000,19000,21000,24000,24000,24000,1804,0,5,2122.3466517144952,1.811166999686975,26381.149302997073,52.0
1781300904,180,GET,/api/products [GET],39.300000,0.000000,1,1,1,2,150,450,930,1200,1400,1400,1400,3782,0,1,87.21049912086767,0.3488340007606894,3242.513293000229,120.0
1781300904,180,,Aggregated,94.000000,0.000000,6,8,8,10,590,8700,16000,18000,24000,24000,24000,9247,0,8,1167.9494245325818,0.3488340007606894,26381.149302997073,77.04044554990809
1781300905,180,GET,/api/load/cpu-heavy [GET],35.500000,0.000000,8,8,9,9,5100,10000,15000,17000,23000,23000,23000,3689,0,13,1800.4032718196802,5.6664999974600505,22546.37088600066,45.0
1781300905,180,GET,/api/load/memory-heavy [GET],17.300000,0.000000,2,4,5,5,11000,16000,19000,21000,24000,24000,24000,1821,0,5,2102.56117354528,1.811166999686975,26381.149302997073,52.0
1781300905,180,GET,/api/products [GET],39.100000,0.000000,1,1,1,1,160,460,950,1200,1400,1400,1400,3812,0,1,86.52901082401097,0.3488340007606894,3242.513293000229,120.0
1781300905,180,,Aggregated,91.900000,0.000000,5,7,8,9,280,8200,15000,17000,24000,24000,24000,9322,0,8,1158.581866126346,0.3488340007606894,26381.149302997073,77.03679467925338
1781300906,180,GET,/api/load/cpu-heavy [GET],35.100000,0.000000,7,8,9,9,77,8300,11000,15000,18000,18000,18000,3721,0,13,1785.0234629445865,5.6664999974600505,22546.37088600066,45.0
1781300906,180,GET,/api/load/memory-heavy [GET],17.300000,0.000000,2,4,5,5,8400,16000,19000,21000,24000,24000,24000,1829,0,5,2093.4094948895336,1.811166999686975,26381.149302997073,52.0
1781300906,180,GET,/api/products [GET],37.900000,0.000000,1,1,1,1,130,460,950,1200,1400,1400,1400,3843,0,1,85.83613290661833,0.3488340007606894,3242.513293000229,120.0
1781300906,180,,Aggregated,90.300000,0.000000,5,7,8,8,120,3700,12000,16000,24000,24000,24000,9393,0,8,1149.8761344117754,0.3488340007606894,26381.149302997073,77.04812094112637
1781300907,180,GET,/api/load/cpu-heavy [GET],34.000000,0.000000,7,8,8,9,51,6300,11000,16000,18000,18000,18000,3746,0,12,1777.401753592316,5.6664999974600505,22546.37088600066,45.0
1781300907,180,GET,/api/load/memory-heavy [GET],16.100000,0.000000,2,4,5,5,64,14000,17000,21000,24000,24000,24000,1842,0,5,2078.654555005946,1.811166999686975,26381.149302997073,52.0
1781300907,180,GET,/api/products [GET],37.400000,0.000000,1,1,1,1,60,220,810,1200,1400,1400,1400,3864,0,1,85.37316657197759,0.3488340007606894,3242.513293000229,120.0
1781300907,180,,Aggregated,87.500000,0.000000,5,7,8,8,57,1200,11000,16000,24000,24000,24000,9452,0,8,1144.4044196902032,0.3488340007606894,26381.149302997073,77.02433347439695
1781300908,180,GET,/api/load/cpu-heavy [GET],33.000000,0.000000,7,8,8,8,48,4900,12000,16000,18000,18000,18000,3763,0,12,1769.406258503009,5.6664999974600505,22546.37088600066,45.0
1781300908,180,GET,/api/load/memory-heavy [GET],15.900000,0.000000,2,3,5,5,64,14000,17000,21000,24000,24000,24000,1857,0,5,2061.8857353866238,1.811166999686975,26381.149302997073,52.0
1781300908,180,GET,/api/products [GET],35.800000,0.000000,1,1,1,1,3,170,810,1200,1400,1400,1400,3893,0,1,84.74190551685741,0.3488340007606894,3242.513293000229,120.0
1781300908,180,,Aggregated,84.700000,0.000000,3,7,7,8,27,590,12000,16000,24000,24000,24000,9513,0,8,1137.08586140406,0.3488340007606894,26381.149302997073,77.05865657521286
1781300909,180,GET,/api/load/cpu-heavy [GET],31.700000,0.000000,7,8,8,8,9,51,8900,16000,16000,16000,16000,3793,0,12,1755.4765724133454,5.6664999974600505,22546.37088600066,45.0
1781300909,180,GET,/api/load/memory-heavy [GET],15.200000,0.000000,2,3,4,5,7,13000,16000,17000,21000,21000,21000,1877,0,5,2039.944214410206,1.7489999991084915,26381.149302997073,52.0
1781300909,180,GET,/api/products [GET],35.300000,0.000000,1,1,1,1,1,100,930,1300,1400,1400,1400,3912,0,1,84.33326794942028,0.3488340007606894,3242.513293000229,120.0
1781300909,180,,Aggregated,82.200000,0.000000,2,7,7,7,9,77,9300,15000,21000,21000,21000,9582,0,8,1128.9302519129444,0.3488340007606894,26381.149302997073,76.99112920058442
1781300910,180,GET,/api/load/cpu-heavy [GET],31.200000,0.000000,7,7,8,8,9,27,4300,8900,16000,16000,16000,3818,0,11,1744.0284522215331,5.6664999974600505,22546.37088600066,45.0
1781300910,180,GET,/api/load/memory-heavy [GET],13.800000,0.000000,2,3,4,4,5,18,15000,16000,16000,16000,16000,1890,0,5,2025.9282871417706,1.7489999991084915,26381.149302997073,52.0
1781300910,180,GET,/api/products [GET],32.500000,0.000000,1,1,1,1,1,60,810,1300,1400,1400,1400,3947,0,1,83.59116966737696,0.3488340007606894,3242.513293000229,120.0
1781300910,180,,Aggregated,77.500000,0.000000,2,7,7,7,8,32,1300,9300,16000,16000,16000,9655,0,8,1120.4183780379926,0.3488340007606894,26381.149302997073,77.03055411703781
1781300911,180,GET,/api/load/cpu-heavy [GET],28.800000,0.000000,7,7,8,8,9,11,45,6200,16000,16000,16000,3841,0,11,1733.6336480626976,5.6664999974600505,22546.37088600066,45.0
1781300911,180,GET,/api/load/memory-heavy [GET],14.400000,0.000000,2,2,3,4,5,5,14000,14000,16000,16000,16000,1901,0,5,2014.221709379774,1.7489999991084915,26381.149302997073,52.0
1781300911,180,GET,/api/products [GET],31.800000,0.000000,1,1,1,1,1,1,1,400,1400,1400,1400,3971,0,1,83.09002349537442,0.3488340007606894,3242.513293000229,120.0
1781300911,180,,Aggregated,75.000000,0.000000,2,7,7,7,8,9,64,1400,16000,16000,16000,9713,0,8,1113.7519607783202,0.3488340007606894,26381.149302997073,77.03253371769793
1781300912,180,GET,/api/load/cpu-heavy [GET],28.400000,0.000000,7,7,8,8,8,9,22,77,16000,16000,16000,3873,0,11,1719.3680179880746,5.6664999974600505,22546.37088600066,45.0
1781300912,180,GET,/api/load/memory-heavy [GET],14.900000,0.000000,2,2,3,4,5,5,9,64,14000,14000,14000,1910,0,5,2004.7411056879337,1.7489999991084915,26381.149302997073,52.0
1781300912,180,GET,/api/products [GET],29.700000,0.000000,1,1,1,1,1,1,1,220,1400,1400,1400,4000,0,1,82.49298906503505,0.3488340007606894,3242.513293000229,120.0
1781300912,180,,Aggregated,73.000000,0.000000,2,6,7,7,8,8,17,90,16000,16000,16000,9783,0,8,1105.8100584474937,0.3488340007606894,26381.149302997073,77.03209649391802
1781300913,180,GET,/api/load/cpu-heavy [GET],27.100000,0.000000,7,7,8,8,8,9,21,77,16000,16000,16000,3901,0,11,1707.076400111717,5.6664999974600505,22546.37088600066,45.0
1781300913,180,GET,/api/load/memory-heavy [GET],14.800000,0.000000,2,2,3,4,5,5,6,9,64,64,64,1920,0,5,1994.3144633848722,1.7489999991084915,26381.149302997073,52.0
1781300913,180,GET,/api/products [GET],29.900000,0.000000,1,1,1,1,1,1,1,110,1400,1400,1400,4033,0,1,81.82360497028236,0.3488340007606894,3242.513293000229,120.0
1781300913,180,,Aggregated,71.800000,0.000000,2,6,7,7,8,8,10,64,16000,16000,16000,9854,0,8,1097.8672016825487,0.3488340007606894,26381.149302997073,77.05956971788106
1781300914,180,GET,/api/load/cpu-heavy [GET],27.700000,0.000000,7,7,8,8,8,9,28,77,16000,16000,16000,3926,0,11,1696.2678199085085,5.6664999974600505,22546.37088600066,45.0
1781300914,180,GET,/api/load/memory-heavy [GET],14.300000,0.000000,2,2,3,3,5,5,6,6,64,64,64,1930,0,5,1983.995485401529,1.7489999991084915,26381.149302997073,52.0
1781300914,180,GET,/api/products [GET],27.500000,0.000000,1,1,1,1,1,1,1,1,3,3,3,4063,0,1,81.22424291659969,0.3488340007606894,3242.513293000229,120.0
1781300914,180,,Aggregated,69.500000,0.000000,2,6,7,7,8,8,10,28,16000,16000,16000,9919,0,8,1090.701970637748,0.3488340007606894,26381.149302997073,77.08337534025607
1781300915,180,GET,/api/load/cpu-heavy [GET],27.300000,0.000000,7,7,8,8,8,9,30,77,16000,16000,16000,3945,0,11,1688.1339307145254,5.6664999974600505,22546.37088600066,45.0
1781300915,180,GET,/api/load/memory-heavy [GET],13.600000,0.000000,2,2,3,3,5,5,6,6,64,64,64,1946,0,5,1967.7049431680073,1.7489999991084915,26381.149302997073,52.0
1781300915,180,GET,/api/products [GET],27.800000,0.000000,1,1,1,1,1,1,1,1,3,3,3,4091,0,1,80.67329394038971,0.3488340007606894,3242.513293000229,120.0
1781300915,180,,Aggregated,68.700000,0.000000,2,6,7,7,8,8,9,28,16000,16000,16000,9982,0,7,1083.8385715872366,0.3488340007606894,26381.149302997073,77.1024844720497
1781300916,180,GET,/api/load/cpu-heavy [GET],26.700000,0.000000,7,7,8,8,8,9,22,30,16000,16000,16000,3964,0,11,1680.076659582692,5.6664999974600505,22546.37088600066,45.0
1781300916,180,GET,/api/load/memory-heavy [GET],12.900000,0.000000,2,2,3,3,4,5,5,5,6,6,6,1960,0,5,1953.6693353055814,1.7489999991084915,26381.149302997073,52.0
1781300916,180,GET,/api/products [GET],28.100000,0.000000,1,1,1,1,1,1,1,1,3,3,3,4121,0,1,80.09126497698128,0.3488340007606894,3242.513293000229,120.0
1781300916,180,,Aggregated,67.700000,0.000000,2,6,7,7,8,8,9,11,16000,16000,16000,10045,0,7,1077.060416003463,0.3488340007606894,26381.149302997073,77.13489298158288
1781300917,180,GET,/api/load/cpu-heavy [GET],25.800000,0.000000,7,7,8,8,8,9,21,28,52,52,52,3995,0,10,1667.093579173913,5.6664999974600505,22546.37088600066,45.0
1781300917,180,GET,/api/load/memory-heavy [GET],12.600000,0.000000,2,2,3,3,5,5,5,5,6,6,6,1972,0,5,1941.797331173906,1.7489999991084915,26381.149302997073,52.0
1781300917,180,GET,/api/products [GET],28.100000,0.000000,1,1,1,1,1,1,1,1,3,3,3,4141,0,1,79.7076434866297,0.3488340007606894,3242.513293000229,120.0
1781300917,180,,Aggregated,66.500000,0.000000,2,6,7,7,8,8,9,10,52,52,52,10108,0,7,1070.3732229474451,0.3488340007606894,26381.149302997073,77.09131381084289
1781300918,180,GET,/api/load/cpu-heavy [GET],24.900000,0.000000,7,7,8,8,8,9,10,28,52,52,52,4024,0,10,1655.1308934537267,5.6664999974600505,22546.37088600066,45.0
1781300918,180,GET,/api/load/memory-heavy [GET],12.700000,0.000000,2,2,2,3,4,5,5,5,6,6,6,1986,0,5,1928.1254567351177,1.7489999991084915,26381.149302997073,52.0
1781300918,180,GET,/api/products [GET],27.500000,0.000000,1,1,1,1,1,1,1,1,3,3,3,4170,0,1,79.15780160242741,0.3488340007606894,3242.513293000229,120.0
1781300918,180,,Aggregated,65.100000,0.000000,2,6,7,7,8,8,9,10,52,52,52,10180,0,7,1062.8282814357342,0.3488340007606894,26381.149302997073,77.0876227897839
1781300919,180,GET,/api/load/cpu-heavy [GET],24.300000,0.000000,7,7,8,8,8,9,10,21,52,52,52,4053,0,10,1643.3378784465294,5.605375001323409,22546.37088600066,45.0
1781300919,180,GET,/api/load/memory-heavy [GET],12.900000,0.000000,2,2,3,3,5,5,5,5,6,6,6,2001,0,5,1913.6925412673343,1.7489999991084915,26381.149302997073,52.0
1781300919,180,GET,/api/products [GET],28.100000,0.000000,1,1,1,1,1,1,1,1,3,3,3,4199,0,1,78.61555640512731,0.3488340007606894,3242.513293000229,120.0
1781300919,180,,Aggregated,65.300000,0.000000,2,6,7,7,7,8,9,9,52,52,52,10253,0,7,1055.2866397897938,0.3488340007606894,26381.149302997073,77.08153711108943
1781300920,180,GET,/api/load/cpu-heavy [GET],24.600000,0.000000,7,7,7,8,8,9,10,21,52,52,52,4079,0,10,1632.9056767717032,5.540292000659974,22546.37088600066,45.0
1781300920,180,GET,/api/load/memory-heavy [GET],13.300000,0.000000,2,2,3,3,4,5,5,5,6,6,6,2016,0,5,1899.4714525837978,1.7489999991084915,26381.149302997073,52.0
1781300920,180,GET,/api/products [GET],27.500000,0.000000,1,1,1,1,1,1,1,1,3,3,3,4221,0,1,78.20990269204752,0.3488340007606894,3242.513293000229,120.0
1781300920,180,,Aggregated,65.400000,0.000000,2,6,7,7,7,8,9,9,52,52,52,10316,0,7,1048.8639689049783,0.3488340007606894,26381.149302997073,77.05573865839473
1781300921,178,GET,/api/load/cpu-heavy [GET],26.300000,0.000000,7,7,7,8,8,9,9,17,52,52,52,4103,0,10,1623.3976979470574,5.540292000659974,22546.37088600066,45.0
1781300921,178,GET,/api/load/memory-heavy [GET],12.800000,0.000000,2,2,3,3,4,5,5,5,6,6,6,2034,0,5,1882.6860031513925,1.7365419989801012,26381.149302997073,52.0
1781300921,178,GET,/api/products [GET],27.200000,0.000000,1,1,1,1,1,1,1,1,3,3,3,4239,0,1,77.8806703168473,0.3488340007606894,3242.513293000229,120.0
1781300921,178,,Aggregated,66.300000,0.000000,2,6,7,7,7,8,9,9,52,52,52,10376,0,7,1042.821920447161,0.3488340007606894,26381.149302997073,77.01262528912876
1781300922,176,GET,/api/load/cpu-heavy [GET],25.700000,0.000000,7,7,7,8,8,9,10,17,52,52,52,4119,0,10,1617.119865240783,5.540292000659974,22546.37088600066,45.0
1781300922,176,GET,/api/load/memory-heavy [GET],12.500000,0.000000,2,2,3,3,4,5,5,36,38,38,38,2047,0,5,1870.779997288682,1.7365419989801012,26381.149302997073,52.0
1781300922,176,GET,/api/products [GET],28.200000,0.000000,1,1,1,1,1,1,1,2,5,5,5,4262,0,1,77.46588469218919,0.3488340007606894,3242.513293000229,120.0
1781300922,176,,Aggregated,66.400000,0.000000,2,6,7,7,7,8,9,10,52,52,52,10428,0,7,1037.6450882177542,0.3488340007606894,26381.149302997073,77.02713847334101
1781300923,174,GET,/api/load/cpu-heavy [GET],26.100000,0.000000,7,7,7,8,8,9,28,79,140,140,140,4140,0,10,1609.0224164383496,5.540292000659974,22546.37088600066,45.0
1781300923,174,GET,/api/load/memory-heavy [GET],12.400000,0.000000,2,2,3,3,4,5,36,38,47,47,47,2059,0,5,1859.913073980054,1.7365419989801012,26381.149302997073,52.0
1781300923,174,GET,/api/products [GET],27.300000,0.000000,1,1,1,1,1,1,1,3,5,5,5,4287,0,1,77.01947713391756,0.3488340007606894,3242.513293000229,120.0
1781300923,174,,Aggregated,65.800000,0.000000,2,6,7,7,7,8,9,36,140,140,140,10486,0,7,1031.9565441400644,0.3488340007606894,26381.149302997073,77.03681098607667
1781300924,172,GET,/api/load/cpu-heavy [GET],25.800000,0.000000,7,7,7,8,8,9,10,79,140,140,140,4169,0,10,1597.8768188944039,5.540292000659974,22546.37088600066,45.0
1781300924,172,GET,/api/load/memory-heavy [GET],13.200000,0.000000,2,2,3,3,4,5,36,38,47,47,47,2068,0,4,1851.830520607317,1.7365419989801012,26381.149302997073,52.0
1781300924,172,GET,/api/products [GET],26.800000,0.000000,1,1,1,1,1,1,1,3,5,5,5,4306,0,1,76.68293048725006,0.3488340007606894,3242.513293000229,120.0
1781300924,172,,Aggregated,65.800000,0.000000,2,6,7,7,7,8,9,17,140,140,140,10543,0,7,1026.3995706406824,0.3488340007606894,26381.149302997073,77.00474248316418
1781300925,170,GET,/api/load/cpu-heavy [GET],24.300000,0.000000,7,7,7,7,8,8,10,79,140,140,140,4197,0,10,1587.2608257616812,5.540292000659974,22546.37088600066,45.0
1781300925,170,GET,/api/load/memory-heavy [GET],13.600000,0.000000,2,2,3,3,4,5,36,38,47,47,47,2085,0,4,1836.7538183021204,1.7365419989801012,26381.149302997073,52.0
1781300925,170,GET,/api/products [GET],26.300000,0.000000,1,1,1,1,1,1,1,3,5,5,5,4324,0,1,76.36697375349287,0.3488340007606894,3242.513293000229,120.0
1781300925,170,,Aggregated,64.200000,0.000000,2,6,7,7,7,8,9,17,140,140,140,10606,0,7,1020.3258713361975,0.3488340007606894,26381.149302997073,76.95313973222704
1781300926,169,GET,/api/load/cpu-heavy [GET],23.800000,0.000000,7,7,7,7,8,8,10,79,140,140,140,4220,0,9,1578.6464743421293,5.540292000659974,22546.37088600066,45.0
1781300926,169,GET,/api/load/memory-heavy [GET],13.900000,0.000000,2,3,3,3,5,5,36,38,47,47,47,2101,0,4,1822.7897839899663,1.7365419989801012,26381.149302997073,52.0
1781300926,169,GET,/api/products [GET],25.100000,0.000000,1,1,1,1,1,1,1,3,5,5,5,4343,0,1,76.03627460144834,0.3488340007606894,3242.513293000229,120.0
1781300926,169,,Aggregated,62.800000,0.000000,3,6,7,7,7,8,9,17,140,140,140,10664,0,7,1014.7969803526539,0.3488340007606894,26381.149302997073,76.92348087021756
1781300927,167,GET,/api/load/cpu-heavy [GET],24.500000,0.000000,7,7,7,7,8,8,17,79,140,140,140,4247,0,9,1568.6627460008908,5.540292000659974,22546.37088600066,45.0
1781300927,167,GET,/api/load/memory-heavy [GET],14.100000,0.000000,2,3,3,3,5,5,36,38,47,47,47,2118,0,4,1808.1859591576554,1.7365419989801012,26381.149302997073,52.0
1781300927,167,GET,/api/products [GET],24.400000,0.000000,1,1,1,1,1,1,1,3,5,5,5,4359,0,1,75.75992183048633,0.3488340007606894,3242.513293000229,120.0
1781300927,167,,Aggregated,63.000000,0.000000,3,6,7,7,7,8,9,36,140,140,140,10724,0,7,1009.1464046084194,0.3488340007606894,26381.149302997073,76.86786646773592
1781300928,165,GET,/api/load/cpu-heavy [GET],25.500000,0.000000,7,7,7,7,8,9,33,79,140,140,140,4265,0,9,1562.0772875478974,5.540292000659974,22546.37088600066,45.0
1781300928,165,GET,/api/load/memory-heavy [GET],13.800000,0.000000,2,3,3,4,5,14,44,44,47,47,47,2130,0,4,1798.0678423891611,1.7365419989801012,26381.149302997073,52.0
1781300928,165,GET,/api/products [GET],23.000000,0.000000,1,1,1,1,1,1,2,5,5,5,5,4377,0,1,75.45156505805024,0.3488340007606894,3242.513293000229,120.0
1781300928,165,,Aggregated,62.300000,0.000000,3,6,7,7,7,8,17,44,140,140,140,10772,0,7,1004.6783917508058,0.3488340007606894,26381.149302997073,76.85898626067582
1781300929,163,GET,/api/load/cpu-heavy [GET],25.700000,0.000000,7,7,7,8,8,9,76,85,140,140,140,4287,0,9,1554.1319343304874,5.540292000659974,22546.37088600066,45.0
1781300929,163,GET,/api/load/memory-heavy [GET],14.000000,0.000000,2,3,3,4,5,36,44,47,72,72,72,2144,0,4,1786.3786225885733,1.7365419989801012,26381.149302997073,52.0
1781300929,163,GET,/api/products [GET],21.700000,0.000000,1,1,1,1,1,1,3,5,24,24,24,4397,0,1,75.11729128021105,0.3488340007606894,3242.513293000229,120.0
1781300929,163,,Aggregated,61.400000,0.000000,3,6,7,7,8,8,36,72,140,140,140,10828,0,7,999.5243903826829,0.3488340007606894,26381.149302997073,76.84179903952715
1781300930,161,GET,/api/load/cpu-heavy [GET],25.000000,0.000000,7,7,7,8,8,9,76,85,140,140,140,4314,0,9,1544.4496156837713,5.540292000659974,22546.37088600066,45.0
1781300930,161,GET,/api/load/memory-heavy [GET],14.400000,0.000000,2,3,3,4,5,36,44,47,72,72,72,2155,0,4,1777.2741764677025,1.7365419989801012,26381.149302997073,52.0
1781300930,161,GET,/api/products [GET],21.300000,0.000000,1,1,1,1,1,1,3,5,24,24,24,4418,0,1,74.76317173338194,0.3488340007606894,3242.513293000229,120.0
1781300930,161,,Aggregated,60.700000,0.000000,3,6,7,7,8,8,36,72,140,140,140,10887,0,7,994.1292537031017,0.3488340007606894,26381.149302997073,76.8209791494443
1781300931,159,GET,/api/load/cpu-heavy [GET],23.900000,0.000000,7,7,7,8,8,9,76,85,140,140,140,4334,0,9,1537.3556505772463,5.540292000659974,22546.37088600066,45.0
1781300931,159,GET,/api/load/memory-heavy [GET],14.300000,0.000000,2,3,4,4,5,36,44,47,72,72,72,2167,0,4,1767.4477980101105,1.7365419989801012,26381.149302997073,52.0
1781300931,159,GET,/api/products [GET],20.700000,0.000000,1,1,1,1,1,1,2,5,24,24,24,4438,0,1,74.42929376229732,0.3488340007606894,3242.513293000229,120.0
1781300931,159,,Aggregated,58.900000,0.000000,3,6,7,7,8,8,37,72,140,140,140,10939,0,7,989.420968425511,0.3488340007606894,26381.149302997073,76.81451686625834
1781300932,157,GET,/api/load/cpu-heavy [GET],23.400000,0.000000,7,7,7,8,8,9,76,85,140,140,140,4359,0,9,1528.5796838868553,5.540292000659974,22546.37088600066,45.0
1781300932,157,GET,/api/load/memory-heavy [GET],14.200000,0.000000,2,3,3,4,5,6,44,47,72,72,72,2174,0,4,1761.7650441186343,1.7365419989801012,26381.149302997073,52.0
1781300932,157,GET,/api/products [GET],19.700000,0.000000,1,1,1,1,1,1,1,5,24,24,24,4457,0,1,74.11539896322256,0.3488340007606894,3242.513293000229,120.0
1781300932,157,,Aggregated,57.300000,0.000000,3,6,7,7,8,8,34,72,140,140,140,10990,0,7,984.8488062926014,0.3488340007606894,26381.149302997073,76.8010009099181
1781300933,155,GET,/api/load/cpu-heavy [GET],23.700000,0.000000,7,7,7,8,8,9,10,34,85,85,85,4381,0,9,1520.9397483019422,5.540292000659974,22546.37088600066,45.0
1781300933,155,GET,/api/load/memory-heavy [GET],13.900000,0.000000,2,3,3,4,5,5,44,44,72,72,72,2188,0,4,1750.5093640104749,1.7365419989801012,26381.149302997073,52.0
1781300933,155,GET,/api/products [GET],19.100000,0.000000,1,1,1,1,1,1,1,1,24,24,24,4478,0,1,73.77116107728533,0.3488340007606894,3242.513293000229,120.0
1781300933,155,,Aggregated,56.700000,0.000000,3,6,7,7,8,8,10,37,85,85,85,11047,0,7,979.786257361248,0.3488340007606894,26381.149302997073,76.78835883045171
1781300934,153,GET,/api/load/cpu-heavy [GET],23.100000,0.000000,7,7,7,8,8,9,10,34,85,85,85,4406,0,9,1512.350500713533,5.540292000659974,22546.37088600066,45.0
1781300934,153,GET,/api/load/memory-heavy [GET],13.300000,0.000000,2,3,3,4,5,5,44,44,72,72,72,2201,0,4,1740.1881802380374,1.7365419989801012,26381.149302997073,52.0
1781300934,153,GET,/api/products [GET],19.800000,0.000000,1,1,1,1,1,1,1,1,24,24,24,4497,0,1,73.46241002603543,0.3488340007606894,3242.513293000229,120.0
1781300934,153,,Aggregated,56.200000,0.000000,3,6,7,7,8,8,10,37,85,85,85,11104,0,7,974.7776430776946,0.3488340007606894,26381.149302997073,76.7617074927954
1781300935,151,GET,/api/load/cpu-heavy [GET],24.100000,0.000000,7,7,8,8,8,9,10,34,85,85,85,4429,0,9,1504.534152831977,5.540292000659974,22546.37088600066,45.0
1781300935,151,GET,/api/load/memory-heavy [GET],12.700000,0.000000,2,3,3,4,5,5,44,44,72,72,72,2210,0,4,1733.111621189105,1.7365419989801012,26381.149302997073,52.0
1781300935,151,GET,/api/products [GET],18.900000,0.000000,1,1,1,1,1,1,1,1,24,24,24,4523,0,1,73.04413384658399,0.3488340007606894,3242.513293000229,120.0
1781300935,151,,Aggregated,55.700000,0.000000,2,7,7,7,8,8,10,37,85,85,85,11162,0,7,969.7309678470473,0.3488340007606894,26381.149302997073,76.77701128829959
1781300936,150,GET,/api/load/cpu-heavy [GET],23.800000,0.000000,7,7,8,8,8,9,10,34,85,85,85,4449,0,9,1497.8026311764038,5.540292000659974,22546.37088600066,45.0
1781300936,150,GET,/api/load/memory-heavy [GET],12.900000,0.000000,2,3,3,4,5,5,44,44,72,72,72,2219,0,4,1726.0937358958645,1.7365419989801012,26381.149302997073,52.0
1781300936,150,GET,/api/products [GET],19.100000,0.000000,1,1,1,1,1,1,1,1,24,24,24,4540,0,1,72.77319158702555,0.3488340007606894,3242.513293000229,120.0
1781300936,150,,Aggregated,55.800000,0.000000,2,7,7,7,8,8,10,37,85,85,85,11208,0,7,965.7669696521885,0.3488340007606894,26381.149302997073,76.76597073518916
1781300937,148,GET,/api/load/cpu-heavy [GET],23.700000,0.000000,7,7,8,8,8,9,10,34,85,85,85,4477,0,9,1488.4793183727556,5.540292000659974,22546.37088600066,45.0
1781300937,148,GET,/api/load/memory-heavy [GET],12.900000,0.000000,2,3,3,4,5,5,44,44,72,72,72,2226,0,4,1720.6742893247626,1.7365419989801012,26381.149302997073,52.0
1781300937,148,GET,/api/products [GET],18.900000,0.000000,1,1,1,1,1,1,1,3,24,24,24,4562,0,1,72.42616323522272,0.3488340007606894,3242.513293000229,120.0
1781300937,148,,Aggregated,55.500000,0.000000,2,7,7,7,8,8,9,37,85,85,85,11265,0,7,960.9011125673081,0.3488340007606894,26381.149302997073,76.7560585885486
1781300938,146,GET,/api/load/cpu-heavy [GET],22.900000,0.000000,7,7,7,8,8,9,10,10,85,85,85,4506,0,9,1478.9453034240626,5.540292000659974,22546.37088600066,45.0
1781300938,146,GET,/api/load/memory-heavy [GET],12.500000,0.000000,2,2,3,4,5,5,6,72,72,72,72,2234,0,4,1714.5223939283426,1.7365419989801012,26381.149302997073,52.0
1781300938,146,GET,/api/products [GET],20.000000,0.000000,1,1,1,1,1,1,1,2,24,24,24,4588,0,1,72.01940177573822,0.3488340007606894,3242.513293000229,120.0
1781300938,146,,Aggregated,55.400000,0.000000,3,7,7,7,8,8,9,10,85,85,85,11328,0,7,955.5787059155832,0.3488340007606894,26381.149302997073,76.75653248587571
1781300939,144,GET,/api/load/cpu-heavy [GET],22.800000,0.000000,7,7,8,8,8,9,9,10,10,10,10,4519,0,9,1474.7126444409878,5.540292000659974,22546.37088600066,45.0
1781300939,144,GET,/api/load/memory-heavy [GET],11.900000,0.000000,2,2,3,4,5,5,5,6,6,6,6,2243,0,4,1707.6547317922086,1.7365419989801012,26381.149302997073,52.0
1781300939,144,GET,/api/products [GET],19.800000,0.000000,1,1,1,1,1,1,1,1,3,3,3,4612,0,1,71.64838977408553,0.3488340007606894,3242.513293000229,120.0
1781300939,144,,Aggregated,54.500000,0.000000,2,7,7,7,8,8,9,9,10,10,10,11374,0,7,951.7266025388363,0.3488340007606894,26381.149302997073,76.7918937928609
1781300940,142,GET,/api/load/cpu-heavy [GET],22.900000,0.000000,7,7,8,8,8,9,9,10,10,10,10,4542,0,9,1467.2817104931335,5.540292000659974,22546.37088600066,45.0
1781300940,142,GET,/api/load/memory-heavy [GET],10.900000,0.000000,2,2,3,4,5,5,5,6,6,6,6,2245,0,4,1706.1352532819262,1.7365419989801012,26381.149302997073,52.0
1781300940,142,GET,/api/products [GET],20.300000,0.000000,1,1,1,1,1,1,1,1,3,3,3,4643,0,1,71.17487242689471,0.3488340007606894,3242.513293000229,120.0
1781300940,142,,Aggregated,54.100000,0.000000,2,7,7,7,8,8,9,9,10,10,10,11430,0,7,947.0806741343572,0.3488340007606894,26381.149302997073,76.84076990376202
1781300941,140,GET,/api/load/cpu-heavy [GET],24.000000,0.000000,7,7,7,8,8,9,9,10,10,10,10,4564,0,9,1460.2421346263832,5.540292000659974,22546.37088600066,45.0
1781300941,140,GET,/api/load/memory-heavy [GET],10.300000,0.000000,2,2,3,4,5,5,5,6,6,6,6,2258,0,4,1696.3280996058152,1.7365419989801012,26381.149302997073,52.0
1781300941,140,GET,/api/products [GET],20.900000,0.000000,1,1,1,1,1,1,1,1,3,3,3,4659,0,1,70.93289928333743,0.3488340007606894,3242.513293000229,120.0
1781300941,140,,Aggregated,55.200000,0.000000,2,7,7,7,8,8,9,9,10,10,10,11481,0,7,942.8908918304767,0.3488340007606894,26381.149302997073,76.8117759777023
1781300942,138,GET,/api/load/cpu-heavy [GET],23.100000,0.000000,7,7,7,8,8,9,9,10,10,10,10,4579,0,9,1455.4816653332175,5.540292000659974,22546.37088600066,45.0
1781300942,138,GET,/api/load/memory-heavy [GET],9.700000,0.000000,2,2,3,3,5,5,5,6,6,6,6,2267,0,4,1689.6040694904843,1.7365419989801012,26381.149302997073,52.0
1781300942,138,GET,/api/products [GET],21.300000,0.000000,1,1,1,1,1,1,1,1,3,3,3,4683,0,1,70.57326787765848,0.3488340007606894,3242.513293000229,120.0
1781300942,138,,Aggregated,54.100000,0.000000,2,6,7,7,7,8,9,9,10,10,10,11529,0,7,938.978019304943,0.3488340007606894,26381.149302997073,76.84092289010322
1781300943,136,GET,/api/load/cpu-heavy [GET],22.600000,0.000000,7,7,7,8,8,8,9,10,10,10,10,4594,0,9,1450.752218024119,5.540292000659974,22546.37088600066,45.0
1781300943,136,GET,/api/load/memory-heavy [GET],8.900000,0.000000,2,2,3,4,5,5,5,6,6,6,6,2283,0,4,1677.7829923131528,1.7365419989801012,26381.149302997073,52.0
1781300943,136,GET,/api/products [GET],22.500000,0.000000,1,1,1,1,1,1,1,1,3,3,3,4701,0,1,70.3057597173107,0.3488340007606894,3242.513293000229,120.0
1781300943,136,,Aggregated,54.000000,0.000000,2,6,7,7,7,8,8,9,10,10,10,11578,0,7,935.0182792783463,0.3488340007606894,26381.149302997073,76.8324408360684
1781300944,134,GET,/api/load/cpu-heavy [GET],22.600000,0.000000,7,7,7,8,8,8,9,10,10,10,10,4613,0,9,1444.8060205622808,5.540292000659974,22546.37088600066,45.0
1781300944,134,GET,/api/load/memory-heavy [GET],9.000000,0.000000,2,2,3,4,5,5,6,6,6,6,6,2294,0,4,1669.7525378678863,1.7365419989801012,26381.149302997073,52.0
1781300944,134,GET,/api/products [GET],22.100000,0.000000,1,1,1,1,1,1,1,1,3,3,3,4719,0,1,70.04010736195606,0.3488340007606894,3242.513293000229,120.0
1781300944,134,,Aggregated,53.700000,0.000000,2,6,7,7,7,8,8,9,10,10,10,11626,0,7,931.1733839122395,0.3488340007606894,26381.149302997073,76.82375709616377
1781300945,133,GET,/api/load/cpu-heavy [GET],21.700000,0.000000,7,7,7,8,8,9,9,10,10,10,10,4631,0,9,1439.2182577689052,5.540292000659974,22546.37088600066,45.0
1781300945,133,GET,/api/load/memory-heavy [GET],9.600000,0.000000,2,2,3,4,5,5,6,6,6,6,6,2297,0,4,1667.5745784327096,1.7365419989801012,26381.149302997073,52.0
1781300945,133,GET,/api/products [GET],23.000000,0.000000,1,1,1,1,1,1,1,1,3,3,3,4751,0,1,69.57297052706186,0.3488340007606894,3242.513293000229,120.0
1781300945,133,,Aggregated,54.300000,0.000000,2,6,7,7,7,8,9,9,10,10,10,11679,0,7,926.9611902869847,0.3488340007606894,26381.149302997073,76.88663412963439
1781300946,131,GET,/api/load/cpu-heavy [GET],21.200000,0.000000,7,7,7,8,8,9,9,10,10,10,10,4646,0,9,1434.5951122334923,5.540292000659974,22546.37088600066,45.0
1781300946,131,GET,/api/load/memory-heavy [GET],9.500000,0.000000,2,3,4,4,5,5,6,6,6,6,6,2307,0,4,1660.3588906740058,1.7365419989801012,26381.149302997073,52.0
1781300946,131,GET,/api/products [GET],22.200000,0.000000,1,1,1,1,1,1,1,1,2,2,2,4770,0,1,69.29861480986648,0.3488340007606894,3242.513293000229,120.0
1781300946,131,,Aggregated,52.900000,0.000000,2,6,7,7,7,8,9,9,10,10,10,11723,0,7,923.4949453949235,0.3488340007606894,26381.149302997073,76.89448093491427
1781300947,129,GET,/api/load/cpu-heavy [GET],20.400000,0.000000,7,7,7,8,8,9,9,10,17,17,17,4666,0,9,1428.479279437381,5.540292000659974,22546.37088600066,45.0
1781300947,129,GET,/api/load/memory-heavy [GET],9.100000,0.000000,2,3,4,4,4,5,5,6,6,6,6,2316,0,4,1653.9181970867598,1.7365419989801012,26381.149302997073,52.0
1781300947,129,GET,/api/products [GET],22.100000,0.000000,1,1,1,1,1,1,1,1,1,1,1,4785,0,1,69.08357261777547,0.3488340007606894,3242.513293000229,120.0
1781300947,129,,Aggregated,51.600000,0.000000,2,6,7,7,7,8,9,9,17,17,17,11767,0,7,920.0581080380465,0.3488340007606894,26381.149302997073,76.87617914506671
1781300948,127,GET,/api/load/cpu-heavy [GET],19.900000,0.000000,7,7,7,8,8,9,9,9,17,17,17,4682,0,9,1423.622655386547,5.540292000659974,22546.37088600066,45.0
1781300948,127,GET,/api/load/memory-heavy [GET],8.600000,0.000000,2,3,4,4,4,5,92,62000,62000,62000,62000,2329,0,4,1671.3453705375439,1.7365419989801012,61970.5653609999,52.0
1781300948,127,GET,/api/products [GET],22.900000,0.000000,1,1,1,1,1,1,1,1,1,1,1,4800,0,1,68.86988447376129,0.3488340007606894,3242.513293000229,120.0
1781300948,127,,Aggregated,51.400000,0.000000,2,6,7,7,7,8,9,9,62000,62000,62000,11811,0,7,921.8982377424171,0.3488340007606894,61970.5653609999,76.86038438743545
1781300949,125,GET,/api/load/cpu-heavy [GET],19.200000,0.000000,7,7,8,8,8,9,120,58000,59000,59000,59000,4699,0,9,1454.4857189940033,5.540292000659974,58968.91931800201,45.0
1781300949,125,GET,/api/load/memory-heavy [GET],8.600000,0.000000,2,3,3,4,4,5,92,62000,62000,62000,62000,2336,0,4,1666.3453244961197,1.7365419989801012,61970.5653609999,52.0
1781300949,125,GET,/api/products [GET],23.000000,0.000000,1,1,1,1,1,1,1,1,1,1,1,4814,0,1,68.67173433736018,0.3488340007606894,3242.513293000229,120.0
1781300949,125,,Aggregated,50.800000,0.000000,2,6,7,7,8,8,9,120,62000,62000,62000,11849,0,7,933.2261626023873,0.3488340007606894,61970.5653609999,76.8509578867415
1781300950,123,GET,/api/load/cpu-heavy [GET],18.800000,0.000000,7,7,8,8,8,9,120,58000,59000,59000,59000,4711,0,9,1450.8012529035896,5.540292000659974,58968.91931800201,45.0
1781300950,123,GET,/api/load/memory-heavy [GET],8.800000,0.000000,2,3,3,4,4,5,6,92,62000,62000,62000,2346,0,4,1659.2539646666414,1.7365419989801012,61970.5653609999,52.0
1781300950,123,GET,/api/products [GET],22.100000,0.000000,1,1,1,1,1,1,1,1,4,4,4,4825,0,1,68.51753894114916,0.3488340007606894,3242.513293000229,120.0
1781300950,123,,Aggregated,49.700000,0.000000,2,6,7,7,7,8,9,120,62000,62000,62000,11882,0,7,930.6456513152389,0.3488340007606894,61970.5653609999,76.83782191550245
1781300951,121,GET,/api/load/cpu-heavy [GET],17.300000,0.000000,7,7,8,8,9,9,120,58000,59000,59000,59000,4726,0,9,1446.2373206493462,5.540292000659974,58968.91931800201,45.0
1781300951,121,GET,/api/load/memory-heavy [GET],9.200000,0.000000,2,3,3,4,4,5,92,62000,62000,62000,62000,2352,0,4,1655.0282854413015,1.7365419989801012,61970.5653609999,52.0
1781300951,121,GET,/api/products [GET],20.900000,0.000000,1,1,1,1,1,1,1,2,4,4,4,4842,0,1,68.27989954544641,0.3488340007606894,3242.513293000229,120.0
1781300951,121,,Aggregated,47.400000,0.000000,2,6,7,7,8,8,15,120,62000,62000,62000,11920,0,7,927.6975988545033,0.3488340007606894,61970.5653609999,76.8468120805369
1781300952,119,GET,/api/load/cpu-heavy [GET],17.700000,0.000000,7,7,8,8,9,9,120,58000,59000,59000,59000,4746,0,9,1440.173635362163,5.540292000659974,58968.91931800201,45.0
1781300952,119,GET,/api/load/memory-heavy [GET],9.500000,0.000000,2,3,4,4,4,5,92,62000,62000,62000,62000,2354,0,4,1653.6247124855317,1.7365419989801012,61970.5653609999,52.0
1781300952,119,GET,/api/products [GET],20.000000,0.000000,1,1,1,1,1,1,1,2,4,4,4,4857,0,1,68.07135730554909,0.3488340007606894,3242.513293000229,120.0
1781300952,119,,Aggregated,47.200000,0.000000,2,7,7,7,8,9,15,120,62000,62000,62000,11957,0,7,924.8406146234589,0.3488340007606894,61970.5653609999,76.84352262273146
1781300953,117,GET,/api/load/cpu-heavy [GET],16.600000,0.000000,7,7,8,8,9,11,52000,59000,59000,59000,59000,4763,0,9,1447.482080026205,5.540292000659974,59166.32744299932,45.0
1781300953,117,GET,/api/load/memory-heavy [GET],10.100000,0.000000,2,3,3,4,4,5,92,62000,62000,62000,62000,2359,0,4,1650.1247175811566,1.7365419989801012,61970.5653609999,52.0
1781300953,117,GET,/api/products [GET],18.100000,0.000000,1,1,1,1,1,1,1,2,4,4,4,4867,0,1,67.93314445429367,0.3488340007606894,3242.513293000229,120.0
1781300953,117,,Aggregated,44.800000,0.000000,2,7,7,7,8,9,17,52000,62000,62000,62000,11989,0,7,927.319373592267,0.3488340007606894,61970.5653609999,76.82400533822671
1781300954,115,GET,/api/load/cpu-heavy [GET],16.100000,0.000000,7,7,8,8,9,13,52000,59000,59000,59000,59000,4781,0,9,1442.0607755264205,5.540292000659974,59166.32744299932,45.0
1781300954,115,GET,/api/load/memory-heavy [GET],9.200000,0.000000,2,3,3,4,4,5,92,62000,62000,62000,62000,2365,0,4,1645.9454635234447,1.7365419989801012,61970.5653609999,52.0
1781300954,115,GET,/api/products [GET],18.300000,0.000000,1,1,1,1,1,1,1,2,4,4,4,4885,0,1,67.68591933061623,0.3488340007606894,3242.513293000229,120.0
1781300954,115,,Aggregated,43.600000,0.000000,2,7,7,7,8,9,92,58000,62000,62000,62000,12031,0,7,924.0960273422586,0.3488340007606894,61970.5653609999,76.8286094256504
1781300955,114,GET,/api/load/cpu-heavy [GET],16.700000,0.000000,7,7,8,8,9,15,52000,59000,59000,59000,59000,4793,0,9,1438.4681603903211,5.540292000659974,59166.32744299932,45.0
1781300955,114,GET,/api/load/memory-heavy [GET],8.300000,0.000000,2,3,3,4,4,5,92,62000,62000,62000,62000,2373,0,4,1640.4090359890197,1.7365419989801012,61970.5653609999,52.0
1781300955,114,GET,/api/products [GET],17.000000,0.000000,1,1,1,1,1,1,2,2,4,4,4,4900,0,1,67.48120040225878,0.3488340007606894,3242.513293000229,120.0
1781300955,114,,Aggregated,42.000000,0.000000,3,7,7,7,8,9,92,58000,62000,62000,62000,12066,0,7,921.4260249563824,0.3488340007606894,61970.5653609999,76.83416210840377
1781300956,112,GET,/api/load/cpu-heavy [GET],16.900000,0.000000,7,7,8,8,9,14,52000,59000,59000,59000,59000,4810,0,9,1433.412317714722,5.540292000659974,59166.32744299932,45.0
1781300956,112,GET,/api/load/memory-heavy [GET],7.500000,0.000000,2,3,3,4,4,5,92,62000,62000,62000,62000,2378,0,4,1636.9657424772656,1.7365419989801012,61970.5653609999,52.0
1781300956,112,GET,/api/products [GET],16.600000,0.000000,1,1,1,1,1,1,2,2,4,4,4,4913,0,1,67.3045952265548,0.3488340007606894,3242.513293000229,120.0
1781300956,112,,Aggregated,41.000000,0.000000,3,7,7,7,8,9,92,58000,62000,62000,62000,12101,0,7,918.7740897584255,0.3488340007606894,61970.5653609999,76.82555160730519
1781300957,110,GET,/api/load/cpu-heavy [GET],16.800000,0.000000,7,8,8,8,9,14,52000,59000,59000,59000,59000,4820,0,9,1430.4539421329482,5.540292000659974,59166.32744299932,45.0
1781300957,110,GET,/api/load/memory-heavy [GET],7.000000,0.000000,2,3,3,3,4,6,92,62000,62000,62000,62000,2383,0,4,1633.5375720666939,1.7365419989801012,61970.5653609999,52.0
1781300957,110,GET,/api/products [GET],16.300000,0.000000,1,1,1,1,1,1,2,2,4,4,4,4930,0,1,67.07543215356263,0.3488340007606894,3242.513293000229,120.0
1781300957,110,,Aggregated,40.100000,0.000000,2,7,7,7,8,9,92,58000,62000,62000,62000,12133,0,7,916.3595084342453,0.3488340007606894,61970.5653609999,76.84958377977416
1781300958,108,GET,/api/load/cpu-heavy [GET],16.400000,0.000000,7,7,8,8,9,14,58000,59000,59000,59000,59000,4831,0,9,1427.213794822772,5.540292000659974,59166.32744299932,45.0
1781300958,108,GET,/api/load/memory-heavy [GET],7.500000,0.000000,2,3,3,3,4,6,6,10,10,10,10,2388,0,4,1630.124383124763,1.7365419989801012,61970.5653609999,52.0
1781300958,108,GET,/api/products [GET],14.700000,0.000000,1,1,1,1,1,1,2,2,4,4,4,4944,0,1,66.88778805462516,0.3488340007606894,3242.513293000229,120.0
1781300958,108,,Aggregated,38.600000,0.000000,3,7,7,7,8,9,15,52000,59000,59000,59000,12163,0,7,914.1083691385927,0.3488340007606894,61970.5653609999,76.86023185069473
1781300959,106,GET,/api/load/cpu-heavy [GET],16.300000,0.000000,7,7,8,8,9,9,14,96,59000,59000,59000,4842,0,9,1423.987762236228,5.540292000659974,59166.32744299932,45.0
1781300959,106,GET,/api/load/memory-heavy [GET],7.100000,0.000000,2,3,3,4,4,6,6,10,10,10,10,2394,0,4,1626.0469967744084,1.7365419989801012,61970.5653609999,52.0
1781300959,106,GET,/api/products [GET],14.300000,0.000000,1,1,1,1,1,1,2,2,4,4,4,4959,0,1,66.68772217525155,0.3488340007606894,3242.513293000229,120.0
1781300959,106,,Aggregated,37.700000,0.000000,2,7,7,7,8,8,10,13,59000,59000,59000,12195,0,7,911.7187100691032,0.3488340007606894,61970.5653609999,76.87232472324723
1781300960,104,GET,/api/load/cpu-heavy [GET],15.400000,0.000000,7,8,8,8,9,10,14,96,59000,59000,59000,4857,0,9,1419.6141788218663,5.540292000659974,59166.32744299932,45.0
1781300960,104,GET,/api/load/memory-heavy [GET],6.800000,0.000000,2,3,3,4,5,6,6,10,10,10,10,2399,0,4,1622.664841403892,1.7365419989801012,61970.5653609999,52.0
1781300960,104,GET,/api/products [GET],14.500000,0.000000,1,1,1,1,1,1,2,2,3,3,3,4970,0,1,66.54230339860558,0.3488340007606894,3242.513293000229,120.0
1781300960,104,,Aggregated,36.700000,0.000000,3,7,7,7,8,8,10,13,59000,59000,59000,12226,0,7,909.4188016486753,0.3488340007606894,61970.5653609999,76.86185179126451
1781300961,102,GET,/api/load/cpu-heavy [GET],15.000000,0.000000,7,8,8,8,9,10,13,14,59000,59000,59000,4867,0,9,1416.712886342881,5.540292000659974,59166.32744299932,45.0
1781300961,102,GET,/api/load/memory-heavy [GET],5.800000,0.000000,3,3,3,4,5,6,6,10,10,10,10,2404,0,4,1619.2954201268462,1.7365419989801012,61970.5653609999,52.0
1781300961,102,GET,/api/products [GET],14.300000,0.000000,1,1,1,1,1,2,2,2,3,3,3,4980,0,1,66.41076951467113,0.3488340007606894,3242.513293000229,120.0
1781300961,102,,Aggregated,35.100000,0.000000,3,7,7,7,8,9,10,11,59000,59000,59000,12251,0,7,907.5710913393758,0.3488340007606894,61970.5653609999,76.86090931352543
1781300962,100,GET,/api/load/cpu-heavy [GET],14.200000,0.000000,7,8,8,8,9,10,13,14,59000,59000,59000,4881,0,9,1412.672086431222,5.540292000659974,59166.32744299932,45.0
1781300962,100,GET,/api/load/memory-heavy [GET],5.600000,0.000000,2,3,3,4,6,6,6,10,10,10,10,2410,0,4,1615.2720818053704,1.7365419989801012,61970.5653609999,52.0
1781300962,100,GET,/api/products [GET],14.700000,0.000000,1,1,1,1,1,2,2,2,3,3,3,4990,0,1,66.27942652285628,0.3488340007606894,3242.513293000229,120.0
1781300962,100,,Aggregated,34.500000,0.000000,3,7,7,7,8,9,10,11,59000,59000,59000,12281,0,7,905.3654026032641,0.3488340007606894,61970.5653609999,76.84756941617132
1781300963,98,GET,/api/load/cpu-heavy [GET],14.400000,0.000000,7,8,8,8,9,9,10,13,14,14,14,4893,0,8,1409.2262370302044,5.540292000659974,59166.32744299932,45.0
1781300963,98,GET,/api/load/memory-heavy [GET],5.300000,0.000000,3,3,3,4,6,6,6,10,10,10,10,2413,0,4,1613.26789127681,1.7365419989801012,61970.5653609999,52.0
1781300963,98,GET,/api/products [GET],14.700000,0.000000,1,1,1,1,1,2,2,2,3,3,3,5005,0,1,66.08335790370937,0.3488340007606894,3242.513293000229,120.0
1781300963,98,,Aggregated,34.400000,0.000000,2,7,7,7,8,9,9,10,14,14,14,12311,0,7,903.1684352000401,0.3488340007606894,61970.5653609999,76.86304930549915
1781300964,97,GET,/api/load/cpu-heavy [GET],14.300000,0.000000,7,8,8,8,9,9,10,11,14,14,14,4909,0,8,1404.658431400652,5.540292000659974,59166.32744299932,45.0
1781300964,97,GET,/api/load/memory-heavy [GET],5.300000,0.000000,3,3,3,4,6,6,6,10,10,10,10,2419,0,4,1609.2734371752567,1.7365419989801012,61970.5653609999,52.0
1781300964,97,GET,/api/products [GET],13.600000,0.000000,1,1,1,1,1,2,2,2,3,3,3,5015,0,1,65.95338356910294,0.3488340007606894,3242.513293000229,120.0
1781300964,97,,Aggregated,33.200000,0.000000,2,7,7,7,8,9,9,10,14,14,14,12343,0,7,900.8390912154011,0.3488340007606894,61970.5653609999,76.84460827999676
1781300965,95,GET,/api/load/cpu-heavy [GET],13.200000,0.000000,7,8,8,8,9,10,10,11,14,14,14,4923,0,8,1400.6869167334562,5.540292000659974,59166.32744299932,45.0
1781300965,95,GET,/api/load/memory-heavy [GET],5.500000,0.000000,2,3,3,4,5,6,6,6,6,6,6,2426,0,4,1604.6392293664267,1.7365419989801012,61970.5653609999,52.0
1781300965,95,GET,/api/products [GET],13.300000,0.000000,1,1,1,1,1,2,2,2,3,3,3,5020,0,1,65.88848698825717,0.3488340007606894,3242.513293000229,120.0
1781300965,95,,Aggregated,32.000000,0.000000,3,7,7,7,8,9,10,10,14,14,14,12369,0,7,898.9568005661499,0.3488340007606894,61970.5653609999,76.81194922790849
1781300966,93,GET,/api/load/cpu-heavy [GET],12.800000,0.000000,7,8,8,8,9,9,10,10,11,11,11,4935,0,8,1397.3006089993514,5.540292000659974,59166.32744299932,45.0
1781300966,93,GET,/api/load/memory-heavy [GET],5.400000,0.000000,3,3,4,4,6,6,6,8,8,8,8,2434,0,4,1599.377508809759,1.7365419989801012,61970.5653609999,52.0
1781300966,93,GET,/api/products [GET],13.500000,0.000000,1,1,1,1,1,2,2,2,3,3,3,5028,0,1,65.7851601310742,0.3488340007606894,3242.513293000229,120.0
1781300966,93,,Aggregated,31.700000,0.000000,3,7,7,8,8,9,10,10,11,11,11,12397,0,7,896.9372547385411,0.3488340007606894,61970.5653609999,76.79301443897717
1781300967,91,GET,/api/load/cpu-heavy [GET],12.700000,0.000000,7,8,8,9,9,10,10,11,13,13,13,4951,0,8,1392.81172625829,5.540292000659974,59166.32744299932,45.0
1781300967,91,GET,/api/load/memory-heavy [GET],5.400000,0.000000,3,3,4,4,5,6,6,8,8,8,8,2437,0,4,1597.4129295859452,1.7365419989801012,61970.5653609999,52.0
1781300967,91,GET,/api/products [GET],13.000000,0.000000,1,1,1,1,2,2,2,2,3,3,3,5039,0,1,65.64368796964575,0.3488340007606894,3242.513293000229,120.0
1781300967,91,,Aggregated,31.100000,0.000000,3,7,7,8,8,9,10,10,13,13,13,12427,0,7,894.7843171951953,0.3488340007606894,61970.5653609999,76.78434054880502
1781300968,89,GET,/api/load/cpu-heavy [GET],12.700000,0.000000,8,8,8,9,9,10,11,11,13,13,13,4961,0,8,1390.0210659888717,5.540292000659974,59166.32744299932,45.0
1781300968,89,GET,/api/load/memory-heavy [GET],5.300000,0.000000,3,3,4,4,5,6,6,8,8,8,8,2439,0,4,1596.1055620069485,1.7365419989801012,61970.5653609999,52.0
1781300968,89,GET,/api/products [GET],11.800000,0.000000,1,1,1,1,2,2,2,2,3,3,3,5051,0,1,65.49044062503454,0.3488340007606894,3242.513293000229,120.0
1781300968,89,,Aggregated,29.800000,0.000000,4,7,7,8,9,9,10,11,13,13,13,12451,0,7,893.0678812707966,0.3488340007606894,61970.5653609999,76.79648221026423
1781300969,87,GET,/api/load/cpu-heavy [GET],12.500000,0.000000,8,8,9,9,10,11,68000,73000,76000,76000,76000,4977,1,8,1429.1788398072747,5.540292000659974,75723.16278400103,45.013662849105884
1781300969,87,GET,/api/load/memory-heavy [GET],5.600000,0.000000,3,4,4,4,5,8,78000,80000,80000,80000,80000,2446,1,4,1656.4906032702133,1.7365419989801012,80476.81641099916,52.026165167620604
1781300969,87,GET,/api/products [GET],11.400000,0.000000,1,1,1,1,2,2,2,2,2,2,2,5061,0,1,65.36322345960313,0.3488340007606894,3242.513293000229,120.0
1781300969,87,,Aggregated,29.500000,0.000000,5,7,8,8,9,10,13,76000,80000,80000,80000,12484,2,7,920.8268483858299,0.3488340007606894,80476.81641099916,76.78700736943287
1781300970,85,GET,/api/load/cpu-heavy [GET],13.000000,0.000000,8,8,9,9,10,13,70000,73000,76000,76000,76000,4992,4,8,1466.4655683975989,5.540292000659974,75723.16278400103,45.05448717948718
1781300970,85,GET,/api/load/memory-heavy [GET],5.200000,0.000000,3,4,4,5,74000,80000,82000,84000,84000,84000,84000,2457,3,4,1809.1381285551251,1.7365419989801012,83818.15182999708,52.07814407814408
1781300970,85,GET,/api/products [GET],10.800000,0.000000,1,1,1,1,2,2,2,2,2,2,2,5073,0,1,65.21148967830655,0.3488340007606894,3242.513293000229,120.0
1781300970,85,,Aggregated,29.000000,0.000000,5,7,8,8,9,12,76000,80000,84000,84000,84000,12522,7,7,966.0171207825192,0.3488340007606894,83818.15182999708,76.79508065804184
1781300971,83,GET,/api/load/cpu-heavy [GET],13.100000,0.000000,8,8,9,9,11,68000,73000,76000,85000,85000,85000,5013,4,8,1491.6883219895897,5.540292000659974,85037.95603799881,45.05425892679035
1781300971,83,GET,/api/load/memory-heavy [GET],5.100000,0.000000,3,4,5,5,77000,80000,82000,84000,84000,84000,84000,2464,3,4,1835.262155885932,1.7365419989801012,83818.15182999708,52.077922077922075
1781300971,83,GET,/api/products [GET],10.800000,0.000000,1,1,1,1,2,2,2,2,2,2,2,5084,0,1,65.0728091996555,0.3488340007606894,3242.513293000229,120.0
1781300971,83,,Aggregated,29.000000,0.000000,6,7,8,8,10,68000,77000,80000,85000,85000,85000,12561,7,7,981.6694269729879,0.3488340007606894,85037.95603799881,76.76594220205398
1781300972,81,GET,/api/load/cpu-heavy [GET],13.500000,0.100000,8,9,9,9,11,70000,76000,79000,85000,85000,85000,5028,4,8,1531.762961446264,5.540292000659974,85037.95603799881,45.05409705648369
1781300972,81,GET,/api/load/memory-heavy [GET],5.300000,0.100000,3,4,5,5,78000,82000,84000,85000,85000,85000,85000,2470,3,4,1865.1188882995684,1.7365419989801012,84742.82183000105,52.077732793522266
1781300972,81,GET,/api/products [GET],10.000000,0.000000,1,1,1,1,2,2,2,2,2,2,2,5102,0,1,64.84734044904647,0.3488340007606894,3242.513293000229,120.0
1781300972,81,,Aggregated,28.800000,0.200000,5,7,8,8,10,71000,79000,82000,85000,85000,85000,12600,7,7,1003.1269012081495,0.3488340007606894,85037.95603799881,76.77809523809523
1781300973,79,GET,/api/load/cpu-heavy [GET],13.700000,0.400000,8,9,9,10,13,73000,78000,79000,85000,85000,85000,5043,4,8,1571.7008596991493,5.540292000659974,85037.95603799881,45.05393614911759
1781300973,79,GET,/api/load/memory-heavy [GET],5.800000,0.300000,3,4,5,7,79000,82000,84000,85000,85000,85000,85000,2481,3,4,1921.5339989782055,1.7365419989801012,84742.82183000105,52.07738814993954
1781300973,79,GET,/api/products [GET],10.000000,0.000000,1,1,1,2,2,2,2,2,2,2,2,5110,0,1,64.7477091430609,0.3488340007606894,3242.513293000229,120.0
1781300973,79,,Aggregated,29.500000,0.700000,6,8,8,9,11,73000,80000,82000,85000,85000,85000,12634,7,7,1030.8907773190344,0.3488340007606894,85037.95603799881,76.74616115244578
1781300974,78,GET,/api/load/cpu-heavy [GET],14.400000,0.400000,9,9,10,11,72000,78000,79000,79000,85000,85000,85000,5059,4,8,1659.4888621942682,5.540292000659974,85037.95603799881,45.05376556631745
1781300974,78,GET,/api/load/memory-heavy [GET],5.900000,0.300000,3,4,5,7,80000,82000,84000,85000,85000,85000,85000,2487,3,4,1949.6282280868236,1.7365419989801012,84742.82183000105,52.07720144752714
1781300974,78,GET,/api/products [GET],10.700000,0.000000,1,1,1,2,2,2,2,2,3,3,3,5119,0,1,64.63626318012244,0.3488340007606894,3242.513293000229,120.0
1781300974,78,,Aggregated,31.000000,0.700000,6,8,9,9,68000,78000,80000,82000,85000,85000,85000,12665,7,7,1071.8478158951189,0.3488340007606894,85037.95603799881,76.7250690880379
1781300975,76,GET,/api/load/cpu-heavy [GET],14.700000,0.400000,9,10,11,11,74000,78000,79000,79000,85000,85000,85000,5074,4,8,1715.1329659497032,5.540292000659974,85037.95603799881,45.05360662199448
1781300975,76,GET,/api/load/memory-heavy [GET],6.300000,0.300000,4,4,6,8,80000,82000,85000,85000,85000,85000,85000,2495,3,4,1977.4958230456627,1.7365419989801012,85100.11945500082,52.07695390781563
1781300975,76,GET,/api/products [GET],11.000000,0.000000,1,1,1,2,2,2,2,3,3,3,3,5133,0,1,64.46375902065847,0.3488340007606894,3242.513293000229,120.0
1781300975,76,,Aggregated,32.000000,0.700000,6,8,9,9,70000,78000,81000,84000,85000,85000,85000,12702,7,7,1099.6165346229466,0.3488340007606894,85100.11945500082,76.71972917650764
1781300976,74,GET,/api/load/cpu-heavy [GET],15.000000,0.400000,9,10,11,12,75000,78000,79000,81000,85000,85000,85000,5087,4,8,1755.7313943223496,5.540292000659974,85037.95603799881,45.05346962846471
1781300976,74,GET,/api/load/memory-heavy [GET],6.800000,0.300000,4,7,78000,79000,82000,85000,85000,85000,85000,85000,85000,2515,3,4,2404.034155748279,1.7365419989801012,85100.11945500082,52.07634194831014
1781300976,74,GET,/api/products [GET],10.500000,0.000000,1,1,1,2,2,2,2,3,3,3,3,5140,0,1,64.37751461810261,0.3488340007606894,3242.513293000229,120.0
1781300976,74,,Aggregated,32.300000,0.700000,7,8,9,10,76000,79000,83000,85000,85000,85000,85000,12742,7,7,1201.4167265548313,0.3488340007606894,85100.11945500082,76.67234343117251
1781300977,72,GET,/api/load/cpu-heavy [GET],15.000000,0.400000,9,10,11,68000,76000,78000,79000,81000,85000,85000,85000,5097,4,9,1797.3217006613286,5.540292000659974,85037.95603799881,45.05336472434765
1781300977,72,GET,/api/load/memory-heavy [GET],6.900000,0.300000,4,73000,78000,79000,82000,84000,85000,85000,85000,85000,85000,2524,3,4,2488.288331080001,1.7365419989801012,85100.11945500082,52.07606973058637
1781300977,72,GET,/api/products [GET],10.300000,0.000000,1,1,1,2,2,2,3,3,3,3,3,5152,0,1,64.23088454562301,0.3488340007606894,3242.513293000229,120.0
1781300977,72,,Aggregated,32.200000,0.700000,7,9,10,11,77000,79000,83000,85000,85000,85000,85000,12773,7,7,1234.816094347112,0.3488340007606894,85100.11945500082,76.67086823768888
1781300978,70,GET,/api/load/cpu-heavy [GET],15.000000,0.400000,9,11,14,70000,77000,78000,79000,81000,85000,85000,85000,5101,4,9,1795.923258058379,5.540292000659974,85037.95603799881,45.05332287786708
1781300978,70,GET,/api/load/memory-heavy [GET],7.100000,0.300000,4,11,77000,79000,81000,84000,85000,85000,85000,85000,85000,2530,3,4,2482.4008618825815,1.7365419989801012,85100.11945500082,52.07588932806324
1781300978,70,GET,/api/products [GET],11.300000,0.000000,1,1,2,2,2,3,5,5,5,5,5,5166,0,1,64.0653267460395,0.3488340007606894,3242.513293000229,120.0
1781300978,70,,Aggregated,33.400000,0.700000,6,9,10,12,77000,79000,83000,85000,85000,85000,85000,12797,7,7,1232.510760169466,0.3488340007606894,85100.11945500082,76.69680393842307
1781300979,68,GET,/api/load/cpu-heavy [GET],15.400000,0.400000,10,12,17,90,77000,78000,79000,81000,85000,85000,85000,5115,4,9,1791.0697233100277,5.540292000659974,85037.95603799881,45.05317693059629
1781300979,68,GET,/api/load/memory-heavy [GET],8.200000,0.300000,5,76,77000,79000,82000,84000,85000,85000,85000,85000,85000,2531,3,4,2481.4501367791117,1.7365419989801012,85100.11945500082,52.07585934413275
1781300979,68,GET,/api/products [GET],11.000000,0.000000,1,2,2,2,3,4,5,5,7,7,7,5172,0,1,63.99433509165495,0.3488340007606894,3242.513293000229,120.0
1781300979,68,,Aggregated,34.600000,0.700000,7,9,11,16,77000,79000,83000,85000,85000,85000,85000,12818,7,7,1230.523531909242,0.3488340007606894,85100.11945500082,76.68052738336714
1781300980,66,GET,/api/load/cpu-heavy [GET],14.500000,0.400000,10,14,17,90,77000,78000,79000,81000,85000,85000,85000,5121,4,9,1789.0035376191754,5.540292000659974,85037.95603799881,45.0531146260496
1781300980,66,GET,/api/load/memory-heavy [GET],8.900000,0.300000,5,9,76000,78000,81000,85000,85000,85000,85000,85000,85000,2537,3,4,2475.601332372459,1.7365419989801012,85100.11945500082,52.07567993693338
1781300980,66,GET,/api/products [GET],11.300000,0.000000,1,2,2,2,3,4,5,5,7,7,7,5180,0,1,63.899123119698494,0.3488340007606894,3242.513293000229,120.0
1781300980,66,,Aggregated,34.700000,0.700000,7,9,11,16,77000,79000,83000,85000,85000,85000,85000,12838,7,7,1228.6247977984629,0.3488340007606894,85100.11945500082,76.68118086929428
1781300981,64,GET,/api/load/cpu-heavy [GET],13.800000,0.400000,11,16,19,90,77000,78000,79000,79000,81000,81000,81000,5131,4,9,1785.5515756959255,5.540292000659974,85037.95603799881,45.053011108945626
1781300981,64,GET,/api/load/memory-heavy [GET],9.100000,0.300000,5,11,76000,79000,81000,85000,85000,85000,85000,85000,85000,2539,3,4,2473.657854330418,1.7365419989801012,85100.11945500082,52.0756203229618
1781300981,64,GET,/api/products [GET],11.400000,0.000000,1,2,2,2,3,4,5,7,7,7,7,5184,0,1,63.851346806141976,0.3488340007606894,3242.513293000229,120.0
1781300981,64,,Aggregated,34.300000,0.700000,7,10,13,17,77000,79000,83000,85000,85000,85000,85000,12854,7,7,1227.1112345482857,0.3488340007606894,85100.11945500082,76.6661739536331
1781300982,62,GET,/api/load/cpu-heavy [GET],13.900000,0.300000,12,16,18,43,77000,78000,79000,79000,81000,81000,81000,5142,4,9,1781.760818281368,5.540292000659974,85037.95603799881,45.05289770517309
1781300982,62,GET,/api/load/memory-heavy [GET],8.500000,0.200000,6,11,76000,78000,81000,83000,85000,85000,85000,85000,85000,2545,3,4,2467.840469326887,1.7365419989801012,85100.11945500082,52.075442043222004
1781300982,62,GET,/api/products [GET],11.000000,0.000000,2,2,2,3,3,5,5,7,7,7,7,5193,0,1,63.744622907381704,0.3488340007606894,3242.513293000229,120.0
1781300982,62,,Aggregated,33.400000,0.500000,7,11,14,16,77000,79000,82000,85000,85000,85000,85000,12880,7,7,1224.6501513041658,0.3488340007606894,85100.11945500082,76.65791925465838
1781300983,60,GET,/api/load/cpu-heavy [GET],12.700000,0.000000,13,16,19,39,77000,78000,79000,79000,81000,81000,81000,5149,4,9,1779.3573266773733,5.540292000659974,85037.95603799881,45.052825791415806
1781300983,60,GET,/api/load/memory-heavy [GET],8.000000,0.000000,6,11,75000,78000,81000,83000,85000,85000,85000,85000,85000,2551,3,4,2462.051449128939,1.7365419989801012,85100.11945500082,52.07526460211682
1781300983,60,GET,/api/products [GET],10.700000,0.000000,2,2,2,3,4,5,5,7,7,7,7,5203,0,1,63.62612480146857,0.3488340007606894,3242.513293000229,120.0
1781300983,60,,Aggregated,31.400000,0.000000,7,11,14,16,76000,79000,81000,85000,85000,85000,85000,12903,7,7,1222.479334196052,0.3488340007606894,85100.11945500082,76.66286910020925
1781300984,59,GET,/api/load/cpu-heavy [GET],11.700000,0.000000,13,16,17,19,73000,77000,77000,81000,81000,81000,81000,5160,4,9,1775.5990884162388,5.540292000659974,85037.95603799881,45.052713178294574
1781300984,59,GET,/api/load/memory-heavy [GET],7.500000,0.000000,6,12,75000,78000,80000,83000,85000,85000,85000,85000,85000,2551,3,4,2462.051449128939,1.7365419989801012,85100.11945500082,52.07526460211682
1781300984,59,GET,/api/products [GET],9.600000,0.000000,2,2,3,3,4,5,5,7,7,7,7,5211,0,1,63.5324824665205,0.3488340007606894,3242.513293000229,120.0
1781300984,59,,Aggregated,28.800000,0.000000,7,12,14,16,75000,78000,81000,85000,85000,85000,85000,12922,7,7,1220.697439180363,0.3488340007606894,85100.11945500082,76.66274570499922
1781300985,57,GET,/api/load/cpu-heavy [GET],11.400000,0.000000,13,15,16,17,44,75000,77000,81000,81000,81000,81000,5166,4,9,1773.5505656656596,5.540292000659974,85037.95603799881,45.05265195509098
1781300985,57,GET,/api/load/memory-heavy [GET],7.200000,0.000000,8,12,74000,76000,80000,83000,83000,85000,85000,85000,85000,2557,3,4,2456.2935445912894,1.7365419989801012,85100.11945500082,52.07508799374267
1781300985,57,GET,/api/products [GET],9.100000,0.000000,2,2,3,3,4,5,5,7,7,7,7,5218,0,1,63.45023627482385,0.3488340007606894,3242.513293000229,120.0
1781300985,57,,Aggregated,27.700000,0.000000,8,12,14,15,76,78000,81000,83000,85000,85000,85000,12941,7,7,1218.9157057901748,0.3488340007606894,85100.11945500082,76.66007263735415
1781300986,55,GET,/api/load/cpu-heavy [GET],10.500000,0.000000,14,15,16,17,24,44,93,76000,76000,76000,76000,5174,4,9,1770.831502106068,5.540292000659974,85037.95603799881,45.05257054503286
1781300986,55,GET,/api/load/memory-heavy [GET],6.900000,0.000000,6,9,10,11,13,76,80000,80000,80000,80000,80000,2560,3,4,2453.4230959390325,1.7365419989801012,85100.11945500082,52.075
1781300986,55,GET,/api/products [GET],9.300000,0.000000,2,3,3,3,4,5,5,7,7,7,7,5225,0,1,63.36795191541382,0.3488340007606894,3242.513293000229,120.0
1781300986,55,,Aggregated,26.700000,0.000000,6,12,13,14,17,24,90,75000,80000,80000,80000,12959,7,7,1217.2345756816617,0.3488340007606894,85100.11945500082,76.65822980168223
1781300987,53,GET,/api/load/cpu-heavy [GET],9.900000,0.000000,14,15,16,17,19,43,90,93,93,93,93,5180,4,9,1768.7980719074899,5.540292000659974,85037.95603799881,45.052509652509656
1781300987,53,GET,/api/load/memory-heavy [GET],6.300000,0.000000,6,9,10,11,12,14,76,76,76,76,76,2565,3,4,2448.6551321711204,1.7365419989801012,85100.11945500082,52.07485380116959
1781300987,53,GET,/api/products [GET],9.100000,0.000000,2,3,3,3,4,5,5,7,7,7,7,5234,0,1,63.262219790225366,0.3488340007606894,3242.513293000229,120.0
1781300987,53,,Aggregated,25.300000,0.000000,7,12,14,14,16,19,44,76,93,93,93,12979,7,7,1215.3701275045585,0.3488340007606894,85100.11945500082,76.66414978041452
1781300988,51,GET,/api/load/cpu-heavy [GET],9.200000,0.000000,14,15,16,17,19,43,90,93,93,93,93,5184,4,9,1767.4447999494214,5.540292000659974,85037.95603799881,45.05246913580247
1781300988,51,GET,/api/load/memory-heavy [GET],6.000000,0.000000,7,9,10,11,12,14,76,76,76,76,76,2566,3,4,2447.7033998838365,1.7365419989801012,85100.11945500082,52.074824629773964
1781300988,51,GET,/api/products [GET],8.500000,0.000000,2,3,3,3,4,5,5,5,5,5,5,5242,0,1,63.17066337715385,0.3488340007606894,3242.513293000229,120.0
1781300988,51,,Aggregated,23.700000,0.000000,9,12,14,14,17,19,56,90,93,93,93,12992,7,7,1214.161128730193,0.3488340007606894,85100.11945500082,76.67918719211822
1781300990,49,GET,/api/load/cpu-heavy [GET],8.400000,0.000000,14,15,16,17,18,19,44,56,56,56,56,5187,4,9,1766.4324225106611,5.540292000659974,85037.95603799881,45.05243878928089
1781300990,49,GET,/api/load/memory-heavy [GET],4.300000,0.000000,6,8,9,9,12,13,14,14,14,14,14,2568,3,4,2445.8010752277737,1.7365419989801012,85100.11945500082,52.074766355140184
1781300990,49,GET,/api/products [GET],8.500000,0.000000,2,3,3,3,4,5,5,5,5,5,5,5250,0,1,63.07764600134067,0.3488340007606894,3242.513293000229,120.0
1781300990,49,,Aggregated,21.200000,0.000000,6,12,13,14,16,17,19,44,56,56,56,13005,7,7,1212.9534623802124,0.3488340007606894,85100.11945500082,76.69473279507882
1781300991,47,GET,/api/load/cpu-heavy [GET],8.300000,0.000000,14,15,16,16,17,18,19,56,56,56,56,5189,4,9,1765.7567214019662,5.540292000659974,85037.95603799881,45.05241857776065
1781300991,47,GET,/api/load/memory-heavy [GET],3.900000,0.000000,6,8,9,9,12,12,14,14,14,14,14,2569,3,4,2444.8520894550097,1.7365419989801012,85100.11945500082,52.074737251848966
1781300991,47,GET,/api/products [GET],8.200000,0.000000,2,3,3,3,4,5,5,5,5,5,5,5257,0,1,62.996552843454424,0.3488340007606894,3242.513293000229,120.0
1781300991,47,,Aggregated,20.400000,0.000000,5,11,13,14,15,17,18,19,56,56,56,13015,7,7,1212.0253187447302,0.3488340007606894,85100.11945500082,76.71125624279678
1781300992,45,GET,/api/load/cpu-heavy [GET],8.300000,0.000000,14,15,16,17,18,19,19,56,56,56,56,5194,4,9,1764.0718299441282,5.540292000659974,85037.95603799881,45.052368117058144
1781300992,45,GET,/api/load/memory-heavy [GET],3.600000,0.000000,6,8,9,9,12,12,14,14,14,14,14,2573,3,4,2441.058305632691,1.7365419989801012,85100.11945500082,52.07462106490478
1781300992,45,GET,/api/products [GET],7.500000,0.000000,2,3,3,3,4,5,5,5,5,5,5,5263,0,1,62.927436404909955,0.3488340007606894,3242.513293000229,120.0
1781300992,45,,Aggregated,19.400000,0.000000,5,11,13,14,16,17,19,19,56,56,56,13030,7,7,1210.6384653048087,0.3488340007606894,85100.11945500082,76.71143514965465
1781300993,43,GET,/api/load/cpu-heavy [GET],7.100000,0.000000,14,15,16,17,18,18,56,56,56,56,56,5197,4,9,1763.0608969158748,5.540292000659974,85037.95603799881,45.05233788724264
1781300993,43,GET,/api/load/memory-heavy [GET],3.600000,0.000000,6,8,9,9,12,12,14,14,14,14,14,2574,3,4,2440.1126623678765,1.7365419989801012,85100.11945500082,52.074592074592076
1781300993,43,GET,/api/products [GET],7.800000,0.000000,2,3,3,3,4,4,5,5,5,5,5,5268,0,1,62.87120542388784,0.3488340007606894,3242.513293000229,120.0
1781300993,43,,Aggregated,18.500000,0.000000,5,11,13,14,16,17,18,19,56,56,56,13039,7,7,1209.8077294562204,0.3488340007606894,85100.11945500082,76.71884346959122
1781300994,41,GET,/api/load/cpu-heavy [GET],6.300000,0.000000,15,16,17,17,18,18,19,19,19,19,19,5203,4,9,1761.046840040516,5.540292000659974,85037.95603799881,45.05227753219297
1781300994,41,GET,/api/load/memory-heavy [GET],3.400000,0.000000,7,8,9,9,12,12,12,12,12,12,12,2575,3,4,2439.1697330007437,1.7365419989801012,85100.11945500082,52.07456310679612
1781300994,41,GET,/api/products [GET],7.900000,0.000000,2,3,3,3,4,4,5,5,5,5,5,5270,0,1,62.848091043271516,0.3488340007606894,3242.513293000229,120.0
1781300994,41,,Aggregated,17.600000,0.000000,5,11,14,14,17,17,18,19,19,19,19,13048,7,7,1208.9820823885393,0.3488340007606894,85100.11945500082,76.70899754751686
1781300995,40,GET,/api/load/cpu-heavy [GET],5.500000,0.000000,15,17,17,17,18,19,19,19,19,19,19,5204,4,9,1760.7108172122987,5.540292000659974,85037.95603799881,45.05226748654881
1781300995,40,GET,/api/load/memory-heavy [GET],2.900000,0.000000,6,7,8,8,9,12,12,12,12,12,12,2578,3,4,2436.3381723630378,1.7365419989801012,85100.11945500082,52.074476338246704
1781300995,40,GET,/api/products [GET],7.500000,0.000000,2,3,3,3,4,4,5,5,5,5,5,5273,0,1,62.81399589209971,0.3488340007606894,3242.513293000229,120.0
1781300995,40,,Aggregated,15.900000,0.000000,4,11,14,14,17,18,18,19,19,19,19,13055,7,7,1208.3368135935393,0.3488340007606894,85100.11945500082,76.71083875909613
1781300996,38,GET,/api/load/cpu-heavy [GET],5.500000,0.000000,16,17,17,18,18,19,19,19,19,19,19,5207,4,9,1759.705768793125,5.540292000659974,85037.95603799881,45.05223737276743
1781300996,38,GET,/api/load/memory-heavy [GET],2.900000,0.000000,7,7,8,9,10,12,12,12,12,12,12,2582,3,4,2432.5759714279275,1.7365419989801012,85100.11945500082,52.07436096049574
1781300996,38,GET,/api/products [GET],7.500000,0.000000,3,3,3,3,4,4,5,5,5,5,5,5276,0,1,62.78004422650501,0.3488340007606894,3242.513293000229,120.0
1781300996,38,,Aggregated,15.900000,0.000000,4,9,13,14,17,18,18,19,19,19,19,13065,7,7,1207.4187990563835,0.3488340007606894,85100.11945500082,76.70593187906621
1781300997,36,GET,/api/load/cpu-heavy [GET],5.200000,0.000000,16,17,17,18,18,19,19,19,19,19,19,5212,4,9,1758.033069235572,5.540292000659974,85037.95603799881,45.05218726016884
1781300997,36,GET,/api/load/memory-heavy [GET],2.400000,0.000000,7,7,8,8,10,12,12,12,12,12,12,2585,3,4,2429.759969204605,1.7365419989801012,85100.11945500082,52.0742746615087
1781300997,36,GET,/api/products [GET],6.700000,0.000000,3,3,3,4,4,4,5,5,5,5,5,5278,0,1,62.7574235519216,0.3488340007606894,3242.513293000229,120.0
1781300997,36,,Aggregated,14.300000,0.000000,5,10,14,15,17,18,19,19,19,19,19,13075,7,7,1206.5033696945811,0.3488340007606894,85100.11945500082,76.69476099426386
1781300998,34,GET,/api/load/cpu-heavy [GET],4.400000,0.000000,16,17,17,18,19,19,19,19,19,19,19,5214,4,9,1757.3657794840428,5.540292000659974,85037.95603799881,45.05216724204066
1781300998,34,GET,/api/load/memory-heavy [GET],2.700000,0.000000,7,7,8,8,9,10,12,12,12,12,12,2587,3,4,2427.88763481558,1.7365419989801012,85100.11945500082,52.07421724004639
1781300998,34,GET,/api/products [GET],6.100000,0.000000,3,3,3,3,4,4,5,5,5,5,5,5280,0,1,62.73448734356784,0.3488340007606894,3242.513293000229,120.0
1781300998,34,,Aggregated,13.200000,0.000000,6,10,14,16,17,18,19,19,19,19,19,13081,7,7,1205.9543290781778,0.3488340007606894,85100.11945500082,76.6927604923171
1781300999,32,GET,/api/load/cpu-heavy [GET],4.100000,0.000000,16,17,17,18,19,19,19,19,19,19,19,5215,4,9,1757.0321399850047,5.540292000659974,85037.95603799881,45.05215723873442
1781300999,32,GET,/api/load/memory-heavy [GET],2.500000,0.000000,7,8,8,9,10,12,12,12,12,12,12,2588,3,4,2426.9525336398406,1.7365419989801012,85100.11945500082,52.074188562596596
1781300999,32,GET,/api/products [GET],5.800000,0.000000,3,3,3,4,4,4,5,5,5,5,5,5283,0,1,62.70033570869532,0.3488340007606894,3242.513293000229,120.0
1781300999,32,,Aggregated,12.400000,0.000000,7,11,14,16,17,18,19,19,19,19,19,13086,7,7,1205.4960752430572,0.3488340007606894,85100.11945500082,76.69837994803606
1781301000,30,GET,/api/load/cpu-heavy [GET],3.800000,0.000000,16,17,17,18,19,19,19,19,19,19,19,5218,4,9,1756.0313769445768,5.540292000659974,85037.95603799881,45.05212725182062
1781301000,30,GET,/api/load/memory-heavy [GET],2.500000,0.000000,7,7,8,8,9,10,12,12,12,12,12,2590,3,4,2425.083101664444,1.7365419989801012,85100.11945500082,52.074131274131275
1781301000,30,GET,/api/products [GET],5.300000,0.000000,3,3,3,4,4,4,4,4,4,4,4,5285,0,1,62.67755307607186,0.3488340007606894,3242.513293000229,120.0
1781301000,30,,Aggregated,11.600000,0.000000,7,13,15,16,17,18,19,19,19,19,19,13093,7,7,1204.8566276800316,0.3488340007606894,85100.11945500082,76.6939586038341
1781301001,28,GET,/api/load/cpu-heavy [GET],3.100000,0.000000,17,17,17,18,18,19,19,19,19,19,19,5221,4,9,1755.031568102625,5.540292000659974,85037.95603799881,45.05209729936794
1781301001,28,GET,/api/load/memory-heavy [GET],2.200000,0.000000,7,8,9,9,12,14,14,14,14,14,14,2591,3,4,2424.152438078312,1.7365419989801012,85100.11945500082,52.07410266306445
1781301001,28,GET,/api/products [GET],4.100000,0.000000,3,3,3,4,4,4,4,4,4,4,4,5285,0,1,62.67755307607186,0.3488340007606894,3242.513293000229,120.0
1781301001,28,,Aggregated,9.400000,0.000000,8,14,16,17,17,18,19,19,19,19,19,13097,7,7,1204.4933688731508,0.3488340007606894,85100.11945500082,76.68481331602658
1781301002,26,GET,/api/load/cpu-heavy [GET],3.100000,0.000000,17,17,18,18,18,19,19,19,19,19,19,5221,4,9,1755.031568102625,5.540292000659974,85037.95603799881,45.05209729936794
1781301002,26,GET,/api/load/memory-heavy [GET],2.200000,0.000000,7,8,9,9,12,14,14,14,14,14,14,2592,3,4,2423.2206808201804,1.7365419989801012,85100.11945500082,52.074074074074076
1781301002,26,GET,/api/products [GET],4.100000,0.000000,3,3,3,3,4,4,4,4,4,4,4,5285,0,1,62.67755307607186,0.3488340007606894,3242.513293000229,120.0
1781301002,26,,Aggregated,9.400000,0.000000,9,14,16,17,18,18,19,19,19,19,19,13098,7,7,1204.4020987751303,0.3488340007606894,85100.11945500082,76.68292869140326
1781301003,24,GET,/api/load/cpu-heavy [GET],3.100000,0.000000,17,17,17,18,18,19,19,19,19,19,19,5222,4,9,1754.6985332370364,5.540292000659974,85037.95603799881,45.0520873228648
1781301003,24,GET,/api/load/memory-heavy [GET],2.200000,0.000000,7,8,9,9,10,14,14,14,14,14,14,2593,3,4,2422.288848413385,1.7365419989801012,85100.11945500082,52.07404550713459
1781301003,24,GET,/api/products [GET],3.500000,0.000000,3,3,3,3,4,4,4,4,4,4,4,5286,0,1,62.666526100083395,0.3488340007606894,3242.513293000229,120.0
1781301003,24,,Aggregated,8.800000,0.000000,8,13,16,17,17,18,18,19,19,19,19,13101,7,7,1204.1283857312158,0.3488340007606894,85100.11945500082,76.68193267689489
1781301004,22,GET,/api/load/cpu-heavy [GET],3.100000,0.000000,17,17,18,18,18,19,19,19,19,19,19,5223,4,9,1754.3659715483066,5.540292000659974,85037.95603799881,45.05207735018189
1781301004,22,GET,/api/load/memory-heavy [GET],2.100000,0.000000,7,9,9,9,10,14,14,14,14,14,14,2594,3,4,2421.3588004764483,1.7365419989801012,85100.11945500082,52.07401696222051
1781301004,22,GET,/api/products [GET],2.800000,0.000000,3,3,3,4,4,4,4,4,4,4,4,5286,0,1,62.666526100083395,0.3488340007606894,3242.513293000229,120.0
1781301004,22,,Aggregated,8.000000,0.000000,9,14,16,17,18,18,19,19,19,19,19,13103,7,7,1203.9466881475737,0.3488340007606894,85100.11945500082,76.67763107685263
1781301005,21,GET,/api/load/cpu-heavy [GET],2.700000,0.000000,17,17,18,18,18,19,19,19,19,19,19,5223,4,9,1754.3659715483066,5.540292000659974,85037.95603799881,45.05207735018189
1781301005,21,GET,/api/load/memory-heavy [GET],1.900000,0.000000,7,8,9,9,10,14,14,14,14,14,14,2595,3,4,2420.427111086285,1.7365419989801012,85100.11945500082,52.07398843930636
1781301005,21,GET,/api/products [GET],2.200000,0.000000,3,3,3,3,4,4,4,4,4,4,4,5286,0,1,62.666526100083395,0.3488340007606894,3242.513293000229,120.0
1781301005,21,,Aggregated,6.800000,0.000000,9,16,16,17,18,18,19,19,19,19,19,13104,7,7,1203.8550884944034,0.3488340007606894,85100.11945500082,76.67574786324786
1781301006,19,GET,/api/load/cpu-heavy [GET],2.500000,0.000000,17,17,18,18,18,19,19,19,19,19,19,5224,4,9,1754.0334341381708,5.540292000659974,85037.95603799881,45.052067381316995
1781301006,19,GET,/api/load/memory-heavy [GET],1.900000,0.000000,8,9,9,10,14,14,14,14,14,14,14,2595,3,4,2420.427111086285,1.7365419989801012,85100.11945500082,52.07398843930636
1781301006,19,GET,/api/products [GET],1.800000,0.000000,3,3,3,3,4,4,4,4,4,4,4,5286,0,1,62.666526100083395,0.3488340007606894,3242.513293000229,120.0
1781301006,19,,Aggregated,6.200000,0.000000,9,16,16,17,18,18,19,19,19,19,19,13105,7,7,1203.7645379757087,0.3488340007606894,85100.11945500082,76.6733307897749
