Timestamp,User Count,Type,Name,Requests/s,Failures/s,50%,66%,75%,80%,90%,95%,98%,99%,99.9%,99.99%,100%,Total Request Count,Total Failure Count,Total Median Response Time,Total Average Response Time,Total Min Response Time,Total Max Response Time,Total Average Content Size
1781461254,0,,Aggregated,0.000000,0.000000,N/A,N/A,N/A,N/A,N/A,N/A,N/A,N/A,N/A,N/A,N/A,0,0,0,0.0,0,0,0
1781461255,2,GET,/api/products [GET],0.000000,0.000000,0,0,0,0,0,0,0,0,0,0,0,1,0,204.6061879991612,204.6061879991612,204.6061879991612,204.6061879991612,120.0
1781461255,2,,Aggregated,0.000000,0.000000,0,0,0,0,0,0,0,0,0,0,0,1,0,204.6061879991612,204.6061879991612,204.6061879991612,204.6061879991612,120.0
1781461256,4,GET,/api/products [GET],0.000000,0.000000,0,0,0,0,0,0,0,0,0,0,0,3,0,190.0,193.0101226662373,187.00016799994046,204.6061879991612,120.0
1781461256,4,GET,/api/products/{id} [GET],0.000000,0.000000,0,0,0,0,0,0,0,0,0,0,0,1,0,286.23601500021323,286.23601500021323,286.23601500021323,286.23601500021323,39.0
1781461256,4,,Aggregated,0.000000,0.000000,200,200,290,290,290,290,290,290,290,290,290,4,0,190.0,216.31659574973128,187.00016799994046,286.23601500021323,99.75
1781461257,6,GET,/api/load/mixed [GET],0.000000,0.000000,0,0,0,0,0,0,0,0,0,0,0,1,0,2190.2827799995066,2190.2827799995066,2190.2827799995066,2190.2827799995066,115.0
1781461257,6,GET,/api/products [GET],0.000000,0.000000,190,190,190,190,190,190,190,190,190,190,190,4,0,190.0,167.89010524962578,92.53005299979122,204.6061879991612,120.0
1781461257,6,GET,/api/products/{id} [GET],0.000000,0.000000,0,0,0,0,0,0,0,0,0,0,0,3,0,180.0,187.8820063332872,94.39486199971725,286.23601500021323,39.0
1781461257,6,,Aggregated,0.000000,0.000000,190,200,290,290,2200,2200,2200,2200,2200,2200,2200,8,0,190.0,428.1861524997339,92.53005299979122,2190.2827799995066,89.0
1781461258,8,GET,/api/load/mixed [GET],0.000000,0.000000,0,0,0,0,0,0,0,0,0,0,0,3,0,1900.0,1931.1580069997945,1694.4886080000288,2190.2827799995066,115.0
1781461258,8,GET,/api/products [GET],0.500000,0.000000,190,190,190,190,480,480,480,480,480,480,480,7,0,190.0,206.6591055711667,92.53005299979122,481.2955970000985,120.0
1781461258,8,GET,/api/products/{id} [GET],0.000000,0.000000,180,180,490,490,490,490,490,490,490,490,490,5,0,180.0,210.85543899989716,2.901332999499573,487.7298430001247,39.0
1781461258,8,,Aggregated,0.500000,0.000000,190,290,490,1700,1900,2200,2200,2200,2200,2200,2200,15,0,190.0,552.9576636664691,2.901332999499573,2190.2827799995066,92.0
1781461259,10,GET,/api/load/mixed [GET],0.000000,0.000000,1900,2000,2000,2000,2000,2000,2000,2000,2000,2000,2000,6,0,1900.0,1944.6484638331942,1694.4886080000288,2190.2827799995066,115.0
1781461259,10,GET,/api/products [GET],1.333333,0.000000,190,190,190,190,190,480,480,480,480,480,480,12,0,190.0,167.66083024981526,3.0011459994057077,481.2955970000985,120.0
1781461259,10,GET,/api/products/{id} [GET],0.666667,0.000000,190,190,490,490,490,490,490,490,490,490,490,6,0,180.0,207.38242999990084,2.901332999499573,487.7298430001247,39.0
1781461259,10,,Aggregated,2.000000,0.000000,190,290,1700,1900,2000,2000,2200,2200,2200,2200,2200,24,0,190.0,621.8381385831814,2.901332999499573,2190.2827799995066,98.5
1781461260,12,GET,/api/load/mixed [GET],0.250000,0.000000,1900,1900,2000,2000,2000,2000,2000,2000,2000,2000,2000,7,0,1900.0,1865.7670707142254,1392.4787120004112,2190.2827799995066,115.0
1781461260,12,GET,/api/products [GET],1.000000,0.000000,190,190,190,190,480,500,500,500,500,500,500,14,0,190.0,179.566784356991,3.0011459994057077,497.9289789998802,120.0
1781461260,12,GET,/api/products/{id} [GET],0.750000,0.000000,180,180,190,190,490,490,490,490,490,490,490,8,0,94,178.75683862496317,2.901332999499573,487.7298430001247,39.0
1781461260,12,,Aggregated,2.000000,0.000000,190,480,500,1700,2000,2000,2200,2200,2200,2200,2200,29,0,190.0,586.357213275764,2.901332999499573,2190.2827799995066,96.44827586206897
1781461261,14,GET,/api/load/mixed [GET],0.600000,0.000000,1600,1900,1900,1900,2000,2000,2000,2000,2000,2000,2000,14,0,1600.0,1630.0150129998526,1003.8830619996588,2190.2827799995066,115.0
1781461261,14,GET,/api/products [GET],1.600000,0.000000,190,190,190,200,280,480,500,500,500,500,500,22,0,190.0,178.83510895440352,3.0011459994057077,497.9289789998802,120.0
1781461261,14,GET,/api/products/{id} [GET],1.000000,0.000000,180,190,390,490,500,500,500,500,500,500,500,12,0,94,195.29627691660303,2.901332999499573,501.92681399948924,39.0
1781461261,14,,Aggregated,3.200000,0.000000,200,490,1200,1500,1900,2000,2200,2200,2200,2200,2200,48,0,190.0,606.2112062915427,2.901332999499573,2190.2827799995066,98.29166666666667
1781461262,16,GET,/api/load/mixed [GET],1.000000,0.000000,1500,1700,1900,1900,2000,2000,2000,2000,2000,2000,2000,17,0,1500.0,1508.542877646933,521.8247679995329,2190.2827799995066,115.0
1781461262,16,GET,/api/products [GET],2.000000,0.000000,98,190,190,190,210,480,500,500,500,500,500,32,0,98,145.8313921249328,3.0011459994057077,497.9289789998802,120.0
1781461262,16,GET,/api/products/{id} [GET],1.333333,0.000000,93,180,190,390,490,500,500,500,500,500,500,15,0,94,179.48292506668318,2.901332999499573,501.92681399948924,39.0
1781461262,16,,Aggregated,4.333333,0.000000,190,390,790,1200,1700,1900,2000,2200,2200,2200,2200,64,0,190.0,515.6887084999369,2.901332999499573,2190.2827799995066,99.6875
1781461263,18,GET,/api/load/mixed [GET],1.285714,0.000000,1400,1500,1700,1900,1900,2000,2000,2000,2000,2000,2000,22,0,1400.0,1315.7304600908487,401.3796570006889,2190.2827799995066,115.0
1781461263,18,GET,/api/products [GET],2.142857,0.000000,94,180,190,190,210,480,500,500,500,500,500,41,0,94,127.43902639023162,3.0011459994057077,497.9289789998802,120.0
1781461263,18,GET,/api/products/{id} [GET],1.142857,0.000000,91,170,180,180,390,490,500,500,500,500,500,23,0,93,152.04537865219723,2.901332999499573,501.92681399948924,39.0
1781461263,18,,Aggregated,4.571429,0.000000,180,210,490,790,1500,1900,2000,2200,2200,2200,2200,86,0,180.0,438.0013245697524,2.901332999499573,2190.2827799995066,97.05813953488372
1781461264,20,GET,/api/load/mixed [GET],1.750000,0.000000,1100,1500,1600,1900,1900,2000,2000,2000,2000,2000,2000,26,0,1100.0,1236.4027947307407,401.3796570006889,2190.2827799995066,115.0
1781461264,20,GET,/api/products [GET],3.250000,0.000000,98,180,190,190,200,280,500,500,500,500,500,48,0,98,131.0898031458502,3.0011459994057077,497.9289789998802,120.0
1781461264,20,GET,/api/products/{id} [GET],1.625000,0.000000,91,180,180,190,390,490,500,500,500,500,500,29,0,93,149.3499996897048,2.901332999499573,501.92681399948924,39.0
1781461264,20,,Aggregated,6.625000,0.000000,180,200,490,780,1500,1900,2000,2000,2200,2200,2200,103,0,180.0,415.24206995147097,2.901332999499573,2190.2827799995066,95.93203883495146
1781461265,20,GET,/api/load/mixed [GET],2.111111,0.000000,1000,1500,1500,1700,1900,2000,2000,2000,2000,2000,2000,30,0,1000.0,1140.7177275666374,401.3796570006889,2190.2827799995066,115.0
1781461265,20,GET,/api/products [GET],4.111111,0.000000,94,160,180,190,200,280,480,500,500,500,500,58,0,94,120.6969367931065,2.680655000403931,497.9289789998802,120.0
1781461265,20,GET,/api/products/{id} [GET],2.000000,0.000000,91,110,180,180,280,490,500,500,500,500,500,40,0,91,127.40962162504275,2.901332999499573,501.92681399948924,39.0
1781461265,20,,Aggregated,8.222222,0.000000,160,190,480,500,1200,1700,2000,2000,2200,2200,2200,128,0,160.0,361.8620236406329,2.680655000403931,2190.2827799995066,93.515625
1781461266,20,GET,/api/load/mixed [GET],2.200000,0.000000,870,1200,1500,1600,1900,2000,2000,2000,2000,2000,2000,36,0,870.0,990.3404687222014,16.43308400070964,2190.2827799995066,115.0
1781461266,20,GET,/api/products [GET],4.100000,0.000000,92,100,180,190,190,210,480,500,500,500,500,66,0,92,110.10577957576419,2.680655000403931,497.9289789998802,120.0
1781461266,20,GET,/api/products/{id} [GET],2.500000,0.000000,89,93,180,180,200,390,500,500,500,500,500,45,0,90,115.52944253334216,2.901332999499573,501.92681399948924,39.0
1781461266,20,,Aggregated,8.800000,0.000000,100,190,390,490,1100,1600,2000,2000,2200,2200,2200,147,0,100.0,327.3337635374155,2.680655000403931,2190.2827799995066,93.9795918367347
1781461267,20,GET,/api/load/mixed [GET],2.600000,0.000000,780,1100,1500,1500,1900,2000,2000,2000,2000,2000,2000,40,0,780.0,904.3899739999915,15.467272000023513,2190.2827799995066,115.0
1781461267,20,GET,/api/products [GET],4.900000,0.000000,85,98,160,180,190,210,480,500,500,500,500,80,0,85,95.8757965250129,2.680655000403931,497.9289789998802,120.0
1781461267,20,GET,/api/products/{id} [GET],3.300000,0.000000,86,91,100,180,200,390,500,500,500,500,500,53,0,88,102.08960162265801,2.901332999499573,501.92681399948924,39.0
1781461267,20,,Aggregated,10.800000,0.000000,91,180,210,400,960,1500,1900,2000,2000,2000,2000,173,0,92,284.7191420115698,2.680655000403931,2190.2827799995066,94.02890173410404
1781461268,20,GET,/api/load/mixed [GET],3.000000,0.000000,520,960,1200,1500,1900,2000,2000,2000,2000,2000,2000,43,0,590.0,846.45544602325,15.467272000023513,2190.2827799995066,115.0
1781461268,20,GET,/api/products [GET],6.000000,0.000000,82,91,100,160,190,200,280,500,500,500,500,88,0,84,89.1559143182018,2.419637000457442,497.9289789998802,120.0
1781461268,20,GET,/api/products/{id} [GET],4.300000,0.000000,86,91,100,110,180,280,390,500,500,500,500,57,0,88,98.51884245615925,2.077965999887965,501.92681399948924,39.0
1781461268,20,,Aggregated,13.300000,0.000000,90,170,190,280,780,1400,1900,2000,2000,2000,2000,188,0,91,265.20680137767334,2.077965999887965,2190.2827799995066,94.29787234042553
1781461269,20,GET,/api/load/mixed [GET],3.700000,0.000000,490,780,960,1100,1500,1500,1900,1900,1900,1900,1900,48,0,500.0,780.2821069791624,15.467272000023513,2190.2827799995066,115.0
1781461269,20,GET,/api/products [GET],6.800000,0.000000,18,85,95,100,180,200,280,500,500,500,500,104,0,73,77.87705703845823,2.0393949998833705,497.9289789998802,120.0
1781461269,20,GET,/api/products/{id} [GET],4.500000,0.000000,84,90,97,100,180,280,390,500,500,500,500,61,0,86,93.8186053279006,2.077965999887965,501.92681399948924,39.0
1781461269,20,,Aggregated,15.000000,0.000000,84,100,180,210,500,1000,1500,1600,1900,1900,1900,213,0,89,240.730938929584,2.0393949998833705,2190.2827799995066,95.67605633802818
1781461270,20,GET,/api/load/mixed [GET],3.900000,0.000000,400,520,790,960,1200,1500,1600,1600,1600,1600,1600,50,0,490.0,750.8920452200073,15.467272000023513,2190.2827799995066,115.0
1781461270,20,GET,/api/products [GET],7.600000,0.000000,13,83,89,98,180,190,200,280,280,280,280,115,0,18,71.3119692782762,2.0393949998833705,497.9289789998802,120.0
1781461270,20,GET,/api/products/{id} [GET],5.000000,0.000000,18,88,91,97,180,200,390,500,500,500,500,69,0,81,83.54645452178322,1.594861000739911,501.92681399948924,39.0
1781461270,20,,Aggregated,16.500000,0.000000,75,91,170,180,480,790,1200,1500,1600,1600,1600,234,0,84,220.12899183762892,1.594861000739911,2190.2827799995066,95.04700854700855
1781461271,20,GET,/api/load/mixed [GET],4.000000,0.000000,290,480,500,590,960,1100,1500,1500,1500,1500,1500,53,0,490.0,712.4436599056626,15.467272000023513,2190.2827799995066,115.0
1781461271,20,GET,/api/products [GET],8.600000,0.000000,8,18,82,85,150,180,190,200,200,200,200,126,0,13,65.76835367461952,2.0393949998833705,497.9289789998802,120.0
1781461271,20,GET,/api/products/{id} [GET],5.200000,0.000000,11,87,90,91,180,180,200,280,280,280,280,72,0,72,80.27110130559676,1.594861000739911,501.92681399948924,39.0
1781461271,20,,Aggregated,17.800000,0.000000,17,87,98,160,290,500,960,1100,1500,1500,1500,251,0,82,206.47747343428344,1.594861000739911,2190.2827799995066,95.70916334661355
1781461272,20,GET,/api/load/mixed [GET],4.300000,0.000000,290,380,480,490,590,960,960,960,960,960,960,58,0,400.0,674.6322370000003,15.467272000023513,2190.2827799995066,115.0
1781461272,20,GET,/api/products [GET],9.300000,0.000000,7,13,69,82,150,180,190,200,200,200,200,132,0,13,63.64915014394986,2.0393949998833705,497.9289789998802,120.0
1781461272,20,GET,/api/products/{id} [GET],5.500000,0.000000,9,82,89,91,110,180,200,280,280,280,280,79,0,16,74.75081277215959,1.594861000739911,501.92681399948924,39.0
1781461272,20,,Aggregated,19.100000,0.000000,13,84,97,160,290,480,590,960,960,960,960,269,0,79,198.6456199777026,1.594861000739911,2190.2827799995066,95.13382899628253
1781461273,20,GET,/api/load/mixed [GET],4.100000,0.000000,200,290,380,490,590,960,960,960,960,960,960,62,0,380.0,639.1077436451709,15.467272000023513,2190.2827799995066,115.0
1781461273,20,GET,/api/products [GET],10.200000,0.000000,6,13,61,74,98,160,180,180,200,200,200,146,0,11,59.83279809589937,2.0393949998833705,497.9289789998802,120.0
1781461273,20,GET,/api/products/{id} [GET],6.100000,0.000000,7,18,87,89,100,180,200,280,280,280,280,83,0,15,71.63643602409839,1.594861000739911,501.92681399948924,39.0
1781461273,20,,Aggregated,20.400000,0.000000,11,73,90,100,200,380,500,780,960,960,960,291,0,72,186.61887566323736,1.594861000739911,2190.2827799995066,95.83161512027492
1781461274,20,GET,/api/load/mixed [GET],3.900000,0.000000,190,280,290,310,390,490,590,590,590,590,590,67,0,360.0,603.5024073134584,15.467272000023513,2190.2827799995066,115.0
1781461274,20,GET,/api/products [GET],10.200000,0.000000,6,10,17,59,82,91,160,170,180,180,180,155,0,10,57.6318373483915,2.0393949998833705,497.9289789998802,120.0
1781461274,20,GET,/api/products/{id} [GET],5.900000,0.000000,6,9,15,72,93,100,100,180,180,180,180,89,0,11,68.17360876403256,1.594861000739911,501.92681399948924,39.0
1781461274,20,,Aggregated,20.000000,0.000000,9,20,82,90,190,290,390,490,590,590,590,311,0,66,178.2477403826408,1.594861000739911,2190.2827799995066,95.7427652733119
1781461275,20,GET,/api/load/mixed [GET],4.000000,0.000000,180,200,280,290,310,380,390,390,390,390,390,72,0,290.0,571.8175375972628,15.467272000023513,2190.2827799995066,115.0
1781461275,20,GET,/api/products [GET],9.800000,0.000000,6,10,15,20,74,84,95,98,150,150,150,165,0,10,56.01452891514782,2.0393949998833705,497.9289789998802,120.0
1781461275,20,GET,/api/products/{id} [GET],6.300000,0.000000,6,9,10,15,90,96,100,100,100,100,100,90,0,11,68.27281891110033,1.594861000739911,501.92681399948924,39.0
1781461275,20,,Aggregated,20.100000,0.000000,9,19,75,88,190,280,360,380,390,390,390,327,0,66,172.95967486238945,1.594861000739911,2190.2827799995066,96.60550458715596
1781461276,20,GET,/api/load/mixed [GET],4.000000,0.000000,180,190,230,280,290,380,380,380,380,380,380,75,0,290.0,555.0284052000401,15.467272000023513,2190.2827799995066,115.0
1781461276,20,GET,/api/products [GET],10.700000,0.000000,6,9,13,18,74,84,95,150,180,180,180,179,0,10,54.772098877078584,2.0393949998833705,497.9289789998802,120.0
1781461276,20,GET,/api/products/{id} [GET],5.800000,0.000000,6,9,12,18,93,97,100,100,100,100,100,97,0,12,65.68688146391426,1.594861000739911,501.92681399948924,39.0
1781461276,20,,Aggregated,20.500000,0.000000,9,18,74,84,180,230,290,380,380,380,380,351,0,61,164.68080795156624,1.594861000739911,2190.2827799995066,96.54700854700855
1781461277,20,GET,/api/load/mixed [GET],4.100000,0.000000,180,190,230,270,290,380,380,380,380,380,380,79,0,280.0,535.3213028861031,15.467272000023513,2190.2827799995066,115.0
1781461277,20,GET,/api/products [GET],10.800000,0.000000,6,9,13,18,74,84,95,150,180,180,180,187,0,9,52.64038730480209,2.0393949998833705,497.9289789998802,120.0
1781461277,20,GET,/api/products/{id} [GET],5.700000,0.000000,6,9,14,18,87,97,100,100,100,100,100,108,0,10,60.89928228704964,1.594861000739911,501.92681399948924,39.0
1781461277,20,,Aggregated,20.600000,0.000000,8,18,71,84,180,200,290,310,380,380,380,374,0,20,156.9819728369024,1.594861000739911,2190.2827799995066,95.55347593582887
1781461278,20,GET,/api/load/mixed [GET],4.300000,0.000000,180,200,230,270,290,380,380,380,380,380,380,81,0,280.0,526.4624919506483,15.467272000023513,2190.2827799995066,115.0
1781461278,20,GET,/api/products [GET],10.800000,0.000000,6,9,12,18,74,84,96,180,180,180,180,193,0,9,51.68510583936733,2.033354000559484,497.9289789998802,120.0
1781461278,20,GET,/api/products/{id} [GET],4.800000,0.000000,6,9,12,16,84,93,96,100,100,100,100,112,0,10,59.57196854464947,1.594861000739911,501.92681399948924,39.0
1781461278,20,,Aggregated,19.900000,0.000000,8,18,75,84,180,230,290,380,380,380,380,386,0,20,153.60297345078018,1.594861000739911,2190.2827799995066,95.44818652849742
1781461279,20,GET,/api/load/mixed [GET],3.800000,0.000000,190,200,270,290,590,700,770,770,770,770,770,87,0,290.0,526.2897590000125,15.1901919998636,2190.2827799995066,115.0
1781461279,20,GET,/api/products [GET],10.700000,0.000000,7,11,19,70,84,95,100,180,180,180,180,206,0,9,52.45991218930833,2.033354000559484,497.9289789998802,120.0
1781461279,20,GET,/api/products/{id} [GET],5.300000,0.000000,6,10,15,18,87,96,100,100,100,100,100,120,0,11,58.36326775833337,1.594861000739911,501.92681399948924,39.0
1781461279,20,,Aggregated,19.800000,0.000000,9,26,84,87,180,270,590,700,770,770,770,413,0,22,153.98920841404023,1.594861000739911,2190.2827799995066,95.41162227602905
1781461280,20,GET,/api/load/mixed [GET],3.900000,0.000000,190,200,270,290,590,700,770,770,770,770,770,89,0,280.0,518.2150599438286,15.1901919998636,2190.2827799995066,115.0
1781461280,20,GET,/api/products [GET],10.800000,0.000000,7,11,26,70,84,96,180,180,180,180,180,217,0,9,50.01122029954559,1.5122780005185632,497.9289789998802,120.0
1781461280,20,GET,/api/products/{id} [GET],5.500000,0.000000,6,11,16,62,87,96,100,100,100,100,100,129,0,10,55.3058825968996,1.594861000739911,501.92681399948924,39.0
1781461280,20,,Aggregated,20.200000,0.000000,9,62,84,87,190,270,590,700,770,770,770,435,0,18,147.37479079310847,1.5122780005185632,2190.2827799995066,94.95632183908046
1781461281,20,GET,/api/load/mixed [GET],3.800000,0.000000,190,230,270,290,590,700,770,770,770,770,770,91,0,280.0,507.2680934505555,15.1901919998636,2190.2827799995066,115.0
1781461281,20,GET,/api/products [GET],10.300000,0.000000,7,9,18,70,84,96,180,180,180,180,180,226,0,8,48.23216272124413,1.5122780005185632,497.9289789998802,120.0
1781461281,20,GET,/api/products/{id} [GET],5.800000,0.000000,6,11,15,18,86,93,100,100,100,100,100,136,0,9,52.7489915294034,1.594861000739911,501.92681399948924,39.0
1781461281,20,,Aggregated,19.900000,0.000000,9,25,84,87,190,270,590,700,770,770,770,453,0,17,141.80072434216464,1.5122780005185632,2190.2827799995066,94.67770419426049
1781461282,20,GET,/api/load/mixed [GET],3.900000,0.000000,180,200,260,270,590,700,770,770,770,770,770,93,0,280.0,497.5054423118299,15.1901919998636,2190.2827799995066,115.0
1781461282,20,GET,/api/products [GET],10.100000,0.000000,6,8,11,18,84,95,100,180,180,180,180,241,0,8,45.54676731121281,1.5122780005185632,497.9289789998802,120.0
1781461282,20,GET,/api/products/{id} [GET],5.900000,0.000000,7,11,16,55,86,96,100,100,100,100,100,140,0,9,51.78976779286261,1.594861000739911,501.92681399948924,39.0
1781461282,20,,Aggregated,19.900000,0.000000,8,18,79,84,180,230,590,700,770,770,770,474,0,15,136.06612773840345,1.5122780005185632,2190.2827799995066,95.09493670886076
1781461283,20,GET,/api/load/mixed [GET],3.900000,0.000000,180,200,230,260,590,700,770,770,770,770,770,99,0,260.0,473.00164893939,14.23472300029971,2190.2827799995066,115.0
1781461283,20,GET,/api/products [GET],10.200000,0.000000,6,8,10,18,84,96,180,180,180,180,180,246,0,8,44.76832311789489,1.5122780005185632,497.9289789998802,120.0
1781461283,20,GET,/api/products/{id} [GET],6.000000,0.000000,7,10,14,24,84,87,100,100,100,100,100,147,0,9,49.727428789120324,1.594861000739911,501.92681399948924,39.0
1781461283,20,,Aggregated,20.100000,0.000000,8,18,77,84,180,230,590,700,770,770,770,492,0,14,132.41890805691554,1.5122780005185632,2190.2827799995066,94.79268292682927
1781461284,20,GET,/api/load/mixed [GET],3.900000,0.000000,180,200,260,270,590,700,770,770,770,770,770,103,0,260.0,466.2645094854314,14.23472300029971,2190.2827799995066,115.0
1781461284,20,GET,/api/products [GET],9.800000,0.000000,6,8,11,18,86,96,180,180,180,180,180,253,0,8,44.6278590751081,1.5122780005185632,497.9289789998802,120.0
1781461284,20,GET,/api/products/{id} [GET],6.600000,0.000000,8,11,16,55,84,87,100,100,100,100,100,149,0,9,49.96214891275333,1.594861000739911,501.92681399948924,39.0
1781461284,20,,Aggregated,20.300000,0.000000,9,20,82,84,180,260,590,700,770,770,770,505,0,15,132.1989168534694,1.5122780005185632,2190.2827799995066,95.08118811881188
1781461285,20,GET,/api/load/mixed [GET],3.500000,0.000000,180,220,290,390,590,700,770,770,770,770,770,106,0,260.0,460.97673952829797,14.23472300029971,2190.2827799995066,115.0
1781461285,20,GET,/api/products [GET],10.600000,0.000000,6,9,12,83,98,180,200,260,260,260,260,264,0,8,47.37568250379464,1.5122780005185632,497.9289789998802,120.0
1781461285,20,GET,/api/products/{id} [GET],5.900000,0.000000,9,14,57,77,87,100,270,280,280,280,280,155,0,10,54.4476093483794,1.594861000739911,501.92681399948924,39.0
1781461285,20,,Aggregated,20.000000,0.000000,9,25,84,96,190,280,590,700,770,770,770,525,0,16,132.97160765714324,1.5122780005185632,2190.2827799995066,95.07619047619048
1781461286,20,GET,/api/load/mixed [GET],3.700000,0.000000,180,260,290,390,590,700,770,770,770,770,770,108,0,260.0,456.6469809351727,14.23472300029971,2190.2827799995066,115.0
1781461286,20,GET,/api/products [GET],9.900000,0.000000,7,9,73,81,96,180,180,200,260,260,260,281,0,8,46.67490449110993,1.5122780005185632,497.9289789998802,120.0
1781461286,20,GET,/api/products/{id} [GET],6.600000,0.000000,9,11,57,77,87,100,270,280,280,280,280,165,0,10,52.85443056363323,1.594861000739911,501.92681399948924,39.0
1781461286,20,,Aggregated,20.200000,0.000000,9,57,83,87,200,280,590,700,770,770,770,554,0,16,128.43773131046947,1.5122780005185632,2190.2827799995066,94.90072202166066
1781461287,20,GET,/api/load/mixed [GET],3.600000,0.000000,180,260,370,400,660,700,770,770,770,770,770,109,0,260.0,453.2543130550339,14.23472300029971,2190.2827799995066,115.0
1781461287,20,GET,/api/products [GET],9.700000,0.000000,7,10,73,81,96,180,180,200,260,260,260,291,0,8,45.41309800000524,1.5122780005185632,497.9289789998802,120.0
1781461287,20,GET,/api/products/{id} [GET],6.000000,0.000000,9,13,57,77,86,100,270,280,280,280,280,169,0,10,51.764836337276755,1.594861000739911,501.92681399948924,39.0
1781461287,20,,Aggregated,19.300000,0.000000,10,55,82,87,180,280,590,700,770,770,770,569,0,15,125.42739715641486,1.5122780005185632,2190.2827799995066,94.9841827768014
1781461288,20,GET,/api/load/mixed [GET],3.300000,0.000000,260,370,390,420,590,700,770,770,770,770,770,116,0,270.0,448.1379961034377,14.23472300029971,2190.2827799995066,115.0
1781461288,20,GET,/api/products [GET],10.100000,0.000000,7,10,17,74,99,180,200,200,260,260,260,303,0,8,45.18127781188668,1.5122780005185632,497.9289789998802,120.0
1781461288,20,GET,/api/products/{id} [GET],6.700000,0.000000,9,11,24,65,84,100,270,280,280,280,280,176,0,10,50.43286822726404,1.594861000739911,501.92681399948924,39.0
1781461288,20,,Aggregated,20.100000,0.000000,10,25,81,90,260,370,480,660,770,770,770,595,0,15,125.29431854285541,1.5122780005185632,2190.2827799995066,95.0655462184874
1781461289,20,GET,/api/load/mixed [GET],3.400000,0.000000,220,280,360,370,420,480,480,480,480,480,480,117,0,270.0,445.9403943846054,14.23472300029971,2190.2827799995066,115.0
1781461289,20,GET,/api/products [GET],10.400000,0.000000,7,10,14,21,83,180,200,200,260,260,260,312,0,8,44.34948575321694,1.5122780005185632,497.9289789998802,120.0
1781461289,20,GET,/api/products/{id} [GET],6.500000,0.000000,10,11,57,77,84,180,270,280,280,280,280,182,0,10,49.888002620868825,1.594861000739911,501.92681399948924,39.0
1781461289,20,,Aggregated,20.300000,0.000000,10,19,76,83,200,280,390,480,480,480,480,611,0,14,122.89964349427282,1.5122780005185632,2190.2827799995066,94.91489361702128
1781461290,20,GET,/api/load/mixed [GET],3.000000,0.000000,270,360,370,380,390,480,480,480,480,480,480,121,0,280.0,443.24835420660344,14.23472300029971,2190.2827799995066,115.0
1781461290,20,GET,/api/products [GET],10.400000,0.000000,8,14,72,76,180,200,200,260,260,260,260,319,0,8,45.750970742960604,1.5122780005185632,497.9289789998802,120.0
1781461290,20,GET,/api/products/{id} [GET],6.200000,0.000000,10,15,65,79,84,180,270,280,280,280,280,184,0,10,49.8556269619465,1.594861000739911,501.92681399948924,39.0
1781461290,20,,Aggregated,19.600000,0.000000,11,72,82,99,260,370,390,480,480,480,480,624,0,15,124.04013763942571,1.5122780005185632,2190.2827799995066,95.14583333333333
1781461291,20,GET,/api/load/mixed [GET],3.500000,0.000000,280,360,370,380,390,480,480,480,480,480,480,124,0,280.0,437.892803088707,14.23472300029971,2190.2827799995066,115.0
1781461291,20,GET,/api/products [GET],10.800000,0.000000,10,14,75,80,99,190,200,200,260,260,260,338,0,9,44.91025623078255,1.5122780005185632,497.9289789998802,120.0
1781461291,20,GET,/api/products/{id} [GET],6.100000,0.000000,10,64,80,82,91,180,270,280,280,280,280,193,0,10,49.81170934715071,1.594861000739911,501.92681399948924,39.0
1781461291,20,,Aggregated,20.400000,0.000000,13,76,84,110,260,370,390,480,480,480,480,655,0,15,120.75119708855622,1.5122780005185632,2190.2827799995066,95.18625954198474
1781461292,20,GET,/api/load/mixed [GET],2.900000,0.000000,270,330,370,380,390,480,480,480,480,480,480,127,0,270.0,428.6027637559012,14.23472300029971,2190.2827799995066,115.0
1781461292,20,GET,/api/products [GET],10.700000,0.000000,11,18,76,81,110,190,200,200,260,260,260,348,0,9,43.8866828850751,1.5122780005185632,497.9289789998802,120.0
1781461292,20,GET,/api/products/{id} [GET],6.000000,0.000000,10,57,79,81,91,180,270,280,280,280,280,198,0,10,48.71691324747143,1.594861000739911,501.92681399948924,39.0
1781461292,20,,Aggregated,19.600000,0.000000,14,77,84,110,260,370,390,480,480,480,480,673,0,14,117.90648657355872,1.5122780005185632,2190.2827799995066,95.2258543833581
1781461293,20,GET,/api/load/mixed [GET],3.200000,0.000000,280,360,370,380,390,480,480,480,480,480,480,131,0,270.0,422.1709950305304,14.23472300029971,2190.2827799995066,115.0
1781461293,20,GET,/api/products [GET],10.600000,0.000000,10,14,75,80,99,190,200,200,260,260,260,359,0,8,42.72248955433175,1.5122780005185632,497.9289789998802,120.0
1781461293,20,GET,/api/products/{id} [GET],6.100000,0.000000,10,15,81,82,95,180,270,280,280,280,280,205,0,10,47.75019618049023,1.594861000739911,501.92681399948924,39.0
1781461293,20,,Aggregated,19.900000,0.000000,13,80,86,120,270,370,390,480,480,480,480,695,0,13,115.72743067051101,1.5122780005185632,2190.2827799995066,95.16546762589928
1781461294,20,GET,/api/load/mixed [GET],3.300000,0.000000,280,330,370,370,380,420,480,480,480,480,480,135,0,260.0,411.95822353333995,14.23472300029971,2190.2827799995066,115.0
1781461294,20,GET,/api/products [GET],11.200000,0.000000,9,14,21,75,99,190,200,200,260,260,260,370,0,8,41.75637422433431,1.5122780005185632,497.9289789998802,120.0
1781461294,20,GET,/api/products/{id} [GET],5.500000,0.000000,10,15,80,82,95,180,270,280,280,280,280,209,0,10,47.304118071777026,1.594861000739911,501.92681399948924,39.0
1781461294,20,,Aggregated,20.000000,0.000000,12,65,83,96,200,330,380,380,480,480,480,714,0,13,113.37644162045669,1.5122780005185632,2190.2827799995066,95.34453781512605
1781461295,20,GET,/api/load/mixed [GET],3.300000,0.000000,190,280,350,370,380,420,480,480,480,480,480,139,0,230.0,402.4406730143991,14.23472300029971,2190.2827799995066,115.0
1781461295,20,GET,/api/products [GET],10.800000,0.000000,8,13,17,19,82,99,200,200,200,200,200,386,0,8,40.511919437838024,1.5122780005185632,497.9289789998802,120.0
1781461295,20,GET,/api/products/{id} [GET],5.800000,0.000000,10,11,20,64,82,91,95,96,96,96,96,212,0,10,46.83668396227455,1.594861000739911,501.92681399948924,39.0
1781461295,20,,Aggregated,19.900000,0.000000,11,19,72,83,190,310,380,380,480,480,480,737,0,13,110.59190156310619,1.5122780005185632,2190.2827799995066,95.75712347354138
1781461296,20,GET,/api/load/mixed [GET],3.200000,0.000000,190,280,350,360,380,420,480,480,480,480,480,142,0,220.0,394.9474548309911,14.23472300029971,2190.2827799995066,115.0
1781461296,20,GET,/api/products [GET],11.200000,0.000000,9,13,17,20,80,86,200,200,200,200,200,391,0,8,40.23911565986045,1.5122780005185632,497.9289789998802,120.0
1781461296,20,GET,/api/products/{id} [GET],5.600000,0.000000,10,15,20,64,82,91,95,96,96,96,96,220,0,10,45.47285187728366,1.594861000739911,501.92681399948924,39.0
1781461296,20,,Aggregated,20.000000,0.000000,12,20,65,82,190,330,380,420,480,480,480,753,0,13,108.65877851528379,1.5122780005185632,2190.2827799995066,95.3917662682603
1781461297,20,GET,/api/load/mixed [GET],3.200000,0.000000,190,280,330,360,380,420,480,480,480,480,480,148,0,220.0,386.3332889054065,14.23472300029971,2190.2827799995066,115.0
1781461297,20,GET,/api/products [GET],11.800000,0.000000,8,12,15,19,80,86,200,200,200,200,200,399,0,8,39.54186248873449,1.5122780005185632,497.9289789998802,120.0
1781461297,20,GET,/api/products/{id} [GET],5.900000,0.000000,9,13,17,21,84,95,96,160,160,160,160,230,0,10,44.44641124349326,1.594861000739911,501.92681399948924,39.0
1781461297,20,,Aggregated,20.900000,0.000000,11,20,72,83,190,310,380,380,480,480,480,777,0,13,107.04916921107949,1.5122780005185632,2190.2827799995066,95.07078507078506
1781461298,20,GET,/api/load/mixed [GET],3.300000,0.000000,97,190,280,300,350,380,380,380,380,380,380,152,0,200.0,377.11389419737435,14.23472300029971,2190.2827799995066,115.0
1781461298,20,GET,/api/products [GET],11.600000,0.000000,8,12,15,18,76,84,200,200,200,200,200,408,0,8,38.886527691187545,1.5122780005185632,497.9289789998802,120.0
1781461298,20,GET,/api/products/{id} [GET],5.400000,0.000000,8,13,16,20,82,95,96,160,160,160,160,236,0,10,43.52318044916732,1.594861000739911,501.92681399948924,39.0
1781461298,20,,Aggregated,20.300000,0.000000,11,18,28,80,160,280,350,380,380,380,380,796,0,13,104.84734397237315,1.5122780005185632,2190.2827799995066,95.03015075376885
1781461300,20,GET,/api/load/mixed [GET],3.300000,0.000000,84,100,180,190,290,310,350,350,350,350,350,157,0,200.0,367.0940480191128,14.23472300029971,2190.2827799995066,115.0
1781461300,20,GET,/api/products [GET],10.800000,0.000000,7,9,11,13,18,22,73,86,86,86,86,417,0,8,38.17163958993667,1.5122780005185632,497.9289789998802,120.0
1781461300,20,GET,/api/products/{id} [GET],5.500000,0.000000,8,10,13,14,20,65,96,160,160,160,160,241,0,9,42.75090655603312,1.594861000739911,501.92681399948924,39.0
1781461300,20,,Aggregated,19.600000,0.000000,8,15,19,23,87,180,290,310,350,350,350,815,0,13,102.88872113866063,1.5122780005185632,2190.2827799995066,95.08466257668712
1781461301,20,GET,/api/load/mixed [GET],3.900000,0.000000,85,160,180,180,290,310,350,350,350,350,350,163,0,190.0,359.67696928835085,14.23472300029971,2190.2827799995066,115.0
1781461301,20,GET,/api/products [GET],10.700000,0.000000,7,9,11,12,18,22,58,73,73,73,73,432,0,8,37.21213762731976,1.2567690000651055,497.9289789998802,120.0
1781461301,20,GET,/api/products/{id} [GET],6.000000,0.000000,7,12,13,16,21,82,160,160,160,160,160,242,0,9,42.91456177274581,1.594861000739911,501.92681399948924,39.0
1781461301,20,,Aggregated,20.600000,0.000000,9,16,20,27,96,180,290,310,350,350,350,837,0,12,101.65867789487203,1.2567690000651055,2190.2827799995066,95.60692951015531
1781461302,20,GET,/api/load/mixed [GET],3.600000,0.000000,84,150,180,180,290,310,350,350,350,350,350,167,0,190.0,352.05714053293644,14.23472300029971,2190.2827799995066,115.0
1781461302,20,GET,/api/products [GET],10.300000,0.000000,7,9,11,12,18,23,65,73,73,73,73,439,0,8,36.88482151709005,1.2567690000651055,497.9289789998802,120.0
1781461302,20,GET,/api/products/{id} [GET],6.000000,0.000000,8,13,15,16,65,83,160,160,160,160,160,247,0,10,42.553205651838724,1.594861000739911,501.92681399948924,39.0
1781461302,20,,Aggregated,19.900000,0.000000,10,16,23,28,97,180,290,310,350,350,350,853,0,12,100.23050517116903,1.2567690000651055,2190.2827799995066,95.5662368112544
1781461303,20,GET,/api/load/mixed [GET],4.000000,0.000000,92,180,190,190,280,300,380,380,380,380,380,174,0,190.0,347.7447571609163,14.23472300029971,2190.2827799995066,115.0
1781461303,20,GET,/api/products [GET],10.400000,0.000000,8,10,11,16,23,65,90,100,100,100,100,448,0,8,36.96616360714903,1.2567690000651055,497.9289789998802,120.0
1781461303,20,GET,/api/products/{id} [GET],5.900000,0.000000,8,13,15,16,21,82,160,160,160,160,160,251,0,9,41.94185681277246,1.594861000739911,501.92681399948924,39.0
1781461303,20,,Aggregated,20.300000,0.000000,11,17,27,65,160,190,290,370,380,380,380,873,0,13,100.33887182360617,1.2567690000651055,2190.2827799995066,95.7147766323024
1781461304,20,GET,/api/load/mixed [GET],4.200000,0.000000,160,190,200,280,310,380,590,590,590,590,590,180,0,190.0,348.2358259222211,14.23472300029971,2190.2827799995066,115.0
1781461304,20,GET,/api/products [GET],10.700000,0.000000,8,10,11,12,58,73,90,100,100,100,100,458,0,8,36.57301229694732,1.2567690000651055,497.9289789998802,120.0
1781461304,20,GET,/api/products/{id} [GET],5.200000,0.000000,7,13,15,16,21,83,160,160,160,160,160,258,0,9,41.27930923258709,1.594861000739911,501.92681399948924,39.0
1781461304,20,,Aggregated,20.100000,0.000000,11,17,31,83,190,280,370,520,590,590,590,896,0,12,100.5390067857246,1.2567690000651055,2190.2827799995066,95.671875
1781461305,20,GET,/api/load/mixed [GET],4.200000,0.000000,180,190,220,280,310,380,590,590,590,590,590,183,0,190.0,344.4753388852494,14.23472300029971,2190.2827799995066,115.0
1781461305,20,GET,/api/products [GET],10.100000,0.000000,7,10,11,15,61,74,90,100,100,100,100,467,0,8,36.27031063382873,1.2567690000651055,497.9289789998802,120.0
1781461305,20,GET,/api/products/{id} [GET],5.400000,0.000000,6,8,13,15,17,83,85,160,160,160,160,263,0,9,40.592995737672666,1.594861000739911,501.92681399948924,39.0
1781461305,20,,Aggregated,19.700000,0.000000,10,17,65,83,190,280,370,520,590,590,590,913,0,12,99.29154431654624,1.2567690000651055,2190.2827799995066,95.66484118291348
1781461306,20,GET,/api/load/mixed [GET],4.700000,0.000000,180,200,280,290,390,480,590,590,590,590,590,189,0,190.0,342.3174745238174,14.23472300029971,2190.2827799995066,115.0
1781461306,20,GET,/api/products [GET],9.900000,0.000000,8,10,12,16,78,89,110,210,210,210,210,479,0,8,36.609930073066536,1.2567690000651055,497.9289789998802,120.0
1781461306,20,GET,/api/products/{id} [GET],5.300000,0.000000,6,7,9,13,17,83,160,160,160,160,160,269,0,9,39.77408519705905,1.594861000739911,501.92681399948924,39.0
1781461306,20,,Aggregated,19.900000,0.000000,10,17,82,89,190,290,470,520,590,590,590,937,0,12,99.18184429883605,1.2567690000651055,2190.2827799995066,95.73745997865528
1781461307,20,GET,/api/load/mixed [GET],4.900000,0.000000,180,190,220,280,390,480,590,590,590,590,590,192,0,190.0,337.3746581510441,14.23472300029971,2190.2827799995066,115.0
1781461307,20,GET,/api/products [GET],9.900000,0.000000,8,10,12,16,74,89,110,210,210,210,210,490,0,8,35.88099686326781,1.2567690000651055,497.9289789998802,120.0
1781461307,20,GET,/api/products/{id} [GET],5.300000,0.000000,6,7,8,13,16,82,85,85,85,85,85,275,0,8,39.01131278185031,1.594861000739911,501.92681399948924,39.0
1781461307,20,,Aggregated,20.100000,0.000000,9,17,74,84,190,280,470,520,590,590,590,957,0,12,97.26826942843333,1.2567690000651055,2190.2827799995066,95.72100313479623
1781461308,20,GET,/api/load/mixed [GET],4.800000,0.000000,160,190,200,280,390,480,590,590,590,590,590,198,0,190.0,328.72961755555195,14.23472300029971,2190.2827799995066,115.0
1781461308,20,GET,/api/products [GET],9.500000,0.000000,8,10,12,16,78,89,110,210,210,210,210,496,0,8,35.82233039113333,1.2567690000651055,497.9289789998802,120.0
1781461308,20,GET,/api/products/{id} [GET],5.400000,0.000000,6,7,9,15,17,82,85,85,85,85,85,281,0,9,38.41817909611253,1.594861000739911,501.92681399948924,39.0
1781461308,20,,Aggregated,19.700000,0.000000,10,20,80,85,190,280,470,520,590,590,590,975,0,12,96.05317792411203,1.2567690000651055,2190.2827799995066,95.64
1781461309,20,GET,/api/load/mixed [GET],5.000000,0.000000,180,190,220,280,390,480,590,590,590,590,590,201,0,190.0,325.0773227562115,14.23472300029971,2190.2827799995066,115.0
1781461309,20,GET,/api/products [GET],9.300000,0.000000,7,10,12,56,79,90,110,210,210,210,210,511,0,8,35.23030844227011,1.2567690000651055,497.9289789998802,120.0
1781461309,20,GET,/api/products/{id} [GET],5.700000,0.000000,6,7,9,15,17,82,85,85,85,85,85,284,0,8,38.06142025002732,1.594861000739911,501.92681399948924,39.0
1781461309,20,,Aggregated,20.000000,0.000000,9,20,78,85,190,280,470,520,590,590,590,996,0,12,94.53079602309894,1.2567690000651055,2190.2827799995066,95.894578313253
1781461310,20,GET,/api/load/mixed [GET],5.000000,0.000000,110,190,220,280,390,480,590,590,590,590,590,205,0,190.0,319.8566338682878,14.23472300029971,2190.2827799995066,115.0
1781461310,20,GET,/api/products [GET],9.900000,0.000000,7,9,16,56,81,90,110,210,210,210,210,518,0,8,34.81330814092625,1.2567690000651055,497.9289789998802,120.0
1781461310,20,GET,/api/products/{id} [GET],5.500000,0.000000,6,7,8,9,17,17,85,85,85,85,85,287,0,8,37.71241455752281,1.594861000739911,501.92681399948924,39.0
1781461310,20,,Aggregated,20.400000,0.000000,8,19,74,84,190,280,470,520,590,590,590,1010,0,11,93.4924421168397,1.2567690000651055,2190.2827799995066,95.96831683168317
1781461311,20,GET,/api/load/mixed [GET],5.000000,0.000000,160,200,310,380,390,480,590,590,590,590,590,212,0,190.0,317.13649629245384,14.23472300029971,2190.2827799995066,115.0
1781461311,20,GET,/api/products [GET],9.700000,0.000000,6,9,16,74,89,100,180,210,210,210,210,528,0,8,35.080893964013946,1.2567690000651055,497.9289789998802,120.0
1781461311,20,GET,/api/products/{id} [GET],5.100000,0.000000,6,7,8,9,17,82,160,160,160,160,160,294,0,8,37.9562722619332,1.594861000739911,501.92681399948924,39.0
1781461311,20,,Aggregated,19.800000,0.000000,8,24,82,89,190,370,470,520,590,590,590,1034,0,12,93.72803991490153,1.2567690000651055,2190.2827799995066,95.94390715667312
1781461312,20,GET,/api/load/mixed [GET],4.900000,0.000000,97,180,280,310,390,480,590,590,590,590,590,219,0,190.0,310.91359473515746,14.23472300029971,2190.2827799995066,115.0
1781461312,20,GET,/api/products [GET],10.300000,0.000000,6,8,12,56,84,98,180,210,210,210,210,538,0,7,34.60768499070545,1.2567690000651055,497.9289789998802,120.0
1781461312,20,GET,/api/products/{id} [GET],4.800000,0.000000,6,7,8,10,17,82,160,160,160,160,160,299,0,8,37.41720733782083,1.594861000739911,501.92681399948924,39.0
1781461312,20,,Aggregated,20.000000,0.000000,7,20,75,85,180,310,470,520,590,590,590,1056,0,11,92.70526208902243,1.2567690000651055,2190.2827799995066,96.0284090909091
1781461313,20,GET,/api/load/mixed [GET],4.800000,0.000000,88,120,180,190,380,390,480,480,480,480,480,225,0,180.0,305.28365111111054,14.23472300029971,2190.2827799995066,115.0
1781461313,20,GET,/api/products [GET],10.100000,0.000000,6,9,11,16,84,98,180,210,210,210,210,548,0,8,34.251663259120654,1.2567690000651055,497.9289789998802,120.0
1781461313,20,GET,/api/products/{id} [GET],4.600000,0.000000,6,7,8,9,17,57,160,160,160,160,160,304,0,8,37.016131335555635,1.5259880001394777,501.92681399948924,39.0
1781461313,20,,Aggregated,19.500000,0.000000,8,20,74,82,120,190,390,470,480,480,480,1077,0,11,91.65425895265287,1.2567690000651055,2190.2827799995066,96.09192200557104
1781461314,20,GET,/api/load/mixed [GET],4.900000,0.000000,85,120,180,190,380,390,480,480,480,480,480,227,0,180.0,303.0253745638751,14.23472300029971,2190.2827799995066,115.0
1781461314,20,GET,/api/products [GET],9.600000,0.000000,6,7,9,11,81,98,180,210,210,210,210,561,0,7,33.641470071299096,1.2567690000651055,497.9289789998802,120.0
1781461314,20,GET,/api/products/{id} [GET],5.200000,0.000000,6,7,8,9,17,57,160,160,160,160,160,309,0,8,36.48502706799022,1.5259880001394777,501.92681399948924,39.0
1781461314,20,,Aggregated,19.700000,0.000000,7,17,58,79,110,190,390,470,480,480,480,1097,0,11,90.18550419326134,1.2567690000651055,2190.2827799995066,96.14949863263446
1781461315,20,GET,/api/load/mixed [GET],5.200000,0.000000,78,97,110,160,270,380,390,390,390,390,390,230,0,180.0,299.7490313565202,14.23472300029971,2190.2827799995066,115.0
1781461315,20,GET,/api/products [GET],9.900000,0.000000,6,7,9,11,58,89,100,180,180,180,180,571,0,7,33.24185041505517,1.2567690000651055,497.9289789998802,120.0
1781461315,20,GET,/api/products/{id} [GET],5.200000,0.000000,6,7,9,10,17,57,160,160,160,160,160,315,0,8,35.89289426669735,1.5259880001394777,501.92681399948924,39.0
1781461315,20,,Aggregated,20.300000,0.000000,7,16,27,73,97,180,310,380,390,390,390,1116,0,11,88.91544399014877,1.2567690000651055,2190.2827799995066,96.10663082437276
1781461316,20,GET,/api/load/mixed [GET],5.100000,0.000000,81,97,120,170,270,380,390,390,390,390,390,234,0,180.0,295.8612003547029,13.727675999689382,2190.2827799995066,115.0
1781461316,20,GET,/api/products [GET],10.000000,0.000000,6,7,10,11,73,89,100,180,180,180,180,577,0,7,32.955675566719485,1.2567690000651055,497.9289789998802,120.0
1781461316,20,GET,/api/products/{id} [GET],5.300000,0.000000,5,7,10,13,17,57,160,160,160,160,160,323,0,8,35.13301456349845,1.5259880001394777,501.92681399948924,39.0
1781461316,20,,Aggregated,20.400000,0.000000,7,16,29,74,98,180,310,380,390,390,390,1134,0,11,87.82619875573883,1.2567690000651055,2190.2827799995066,95.89682539682539
1781461317,20,GET,/api/load/mixed [GET],4.700000,0.000000,85,110,180,180,270,380,390,390,390,390,390,240,0,180.0,291.84319642917364,13.727675999689382,2190.2827799995066,115.0
1781461317,20,GET,/api/products [GET],10.300000,0.000000,5,6,8,9,57,89,100,180,180,180,180,588,0,7,32.488631829926284,1.2567690000651055,497.9289789998802,120.0
1781461317,20,GET,/api/products/{id} [GET],5.100000,0.000000,5,6,8,10,17,57,160,160,160,160,160,326,0,8,34.85134660739422,1.5259880001394777,501.92681399948924,39.0
1781461317,20,,Aggregated,20.100000,0.000000,6,14,33,75,110,180,310,380,390,390,390,1154,0,11,87.094646146455,1.2567690000651055,2190.2827799995066,96.07798960138648
1781461318,20,GET,/api/load/mixed [GET],4.700000,0.000000,93,120,180,180,270,380,390,390,390,390,390,247,0,180.0,286.5157751012272,13.62528299978294,2190.2827799995066,115.0
1781461318,20,GET,/api/products [GET],10.400000,0.000000,4,6,8,9,57,83,100,180,180,180,180,601,0,7,31.969352845250754,1.2567690000651055,497.9289789998802,120.0
1781461318,20,GET,/api/products/{id} [GET],5.200000,0.000000,4,6,7,10,17,57,160,160,160,160,160,329,0,7,34.55531103346792,1.5259880001394777,501.92681399948924,39.0
1781461318,20,,Aggregated,20.300000,0.000000,6,14,33,75,110,180,310,380,390,390,390,1177,0,11,86.11017403569247,1.2567690000651055,2190.2827799995066,96.30926083262531
1781461319,20,GET,/api/load/mixed [GET],4.800000,0.000000,93,120,180,180,270,380,390,390,390,390,390,251,0,180.0,283.08664492431353,13.62528299978294,2190.2827799995066,115.0
1781461319,20,GET,/api/products [GET],9.800000,0.000000,4,6,8,9,57,83,100,180,180,180,180,608,0,7,31.657098177624064,1.2567690000651055,497.9289789998802,120.0
1781461319,20,GET,/api/products/{id} [GET],5.100000,0.000000,4,6,8,10,56,57,160,160,160,160,160,337,0,7,33.97522793771762,1.0493339996173745,501.92681399948924,39.0
1781461319,20,,Aggregated,19.700000,0.000000,6,14,56,76,110,180,310,380,390,390,390,1196,0,10,85.07685232693075,1.0493339996173745,2190.2827799995066,96.12709030100335
1781461320,20,GET,/api/load/mixed [GET],4.800000,0.000000,81,110,170,180,190,210,270,270,270,270,270,255,0,180.0,279.5464960745163,13.62528299978294,2190.2827799995066,115.0
1781461320,20,GET,/api/products [GET],9.800000,0.000000,4,6,7,9,14,57,73,83,83,83,83,617,0,7,31.287907304692336,1.2567690000651055,497.9289789998802,120.0
1781461320,20,GET,/api/products/{id} [GET],5.100000,0.000000,3,5,6,7,10,16,56,57,57,57,57,345,0,7,33.28773204641197,1.0493339996173745,501.92681399948924,39.0
1781461320,20,,Aggregated,19.700000,0.000000,5,10,18,33,93,180,190,250,270,270,270,1217,0,10,83.8728536253157,1.0493339996173745,2190.2827799995066,95.99013968775678
1781461321,20,GET,/api/load/mixed [GET],4.900000,0.000000,81,95,110,170,190,210,250,250,250,250,250,259,0,180.0,276.2781090463369,13.62528299978294,2190.2827799995066,115.0
1781461321,20,GET,/api/products [GET],10.500000,0.000000,4,6,8,9,14,56,73,83,83,83,83,626,0,7,30.923565576671034,1.2567690000651055,497.9289789998802,120.0
1781461321,20,GET,/api/products/{id} [GET],4.800000,0.000000,3,5,7,8,10,56,57,58,58,58,58,351,0,7,32.96096065815149,1.0493339996173745,501.92681399948924,39.0
1781461321,20,,Aggregated,20.200000,0.000000,5,9,16,29,85,120,190,210,250,250,250,1236,0,10,82.91543647654427,1.0493339996173745,2190.2827799995066,95.94983818770227
1781461322,20,GET,/api/load/mixed [GET],4.900000,0.000000,81,95,110,110,190,210,250,250,250,250,250,263,0,180.0,273.4852408745295,13.62528299978294,2190.2827799995066,115.0
1781461322,20,GET,/api/products [GET],9.700000,0.000000,3,5,6,7,10,17,62,83,83,83,83,638,0,7,30.39402178996067,1.058653999280068,497.9289789998802,120.0
1781461322,20,GET,/api/products/{id} [GET],5.300000,0.000000,3,5,7,8,10,56,57,58,58,58,58,355,0,7,32.789715777494486,1.0493339996173745,501.92681399948924,39.0
1781461322,20,,Aggregated,19.900000,0.000000,5,9,14,23,85,110,190,210,250,250,250,1256,0,10,81.97321126831763,1.0493339996173745,2190.2827799995066,96.05891719745223
1781461323,20,GET,/api/load/mixed [GET],5.000000,0.000000,83,95,110,110,180,190,250,250,250,250,250,268,0,170.0,269.76506907835886,13.510831000530743,2190.2827799995066,115.0
1781461323,20,GET,/api/products [GET],9.900000,0.000000,3,5,7,8,11,17,62,83,83,83,83,650,0,7,30.00941527845498,1.058653999280068,497.9289789998802,120.0
1781461323,20,GET,/api/products/{id} [GET],5.800000,0.000000,4,6,7,9,13,56,58,58,58,58,58,359,0,7,32.47387377718685,1.0493339996173745,501.92681399948924,39.0
1781461323,20,,Aggregated,20.700000,0.000000,5,9,16,29,85,110,190,210,250,250,250,1277,0,10,81.01901263117166,1.0493339996173745,2190.2827799995066,96.17932654659357
1781461324,20,GET,/api/load/mixed [GET],4.700000,0.000000,81,94,110,110,180,190,250,250,250,250,250,272,0,170.0,266.0401603639738,13.317253999957757,2190.2827799995066,115.0
1781461324,20,GET,/api/products [GET],9.800000,0.000000,3,4,6,7,10,14,62,83,83,83,83,658,0,7,29.683488901211554,1.058653999280068,497.9289789998802,120.0
1781461324,20,GET,/api/products/{id} [GET],5.700000,0.000000,3,5,7,7,9,56,57,58,58,58,58,367,0,7,31.840497784765727,1.0493339996173745,501.92681399948924,39.0
1781461324,20,,Aggregated,20.200000,0.000000,5,9,14,18,83,110,190,210,250,250,250,1297,0,10,79.861312261378,1.0493339996173745,2190.2827799995066,96.03161141094834
1781461325,20,GET,/api/load/mixed [GET],4.400000,0.000000,81,85,100,110,180,190,250,250,250,250,250,277,0,160.0,261.5120741769,13.317253999957757,2190.2827799995066,115.0
1781461325,20,GET,/api/products [GET],10.000000,0.000000,3,4,5,7,9,14,62,83,83,83,83,669,0,7,29.24169517339025,1.058653999280068,497.9289789998802,120.0
1781461325,20,GET,/api/products/{id} [GET],5.600000,0.000000,4,5,7,7,9,56,58,58,58,58,58,371,0,7,31.548568657704507,1.0493339996173745,501.92681399948924,39.0
1781461325,20,,Aggregated,20.000000,0.000000,4,8,14,16,83,110,190,210,250,250,250,1317,0,9,78.74415914199538,1.0493339996173745,2190.2827799995066,96.13059984813971
1781461326,20,GET,/api/load/mixed [GET],4.300000,0.000000,25,85,86,97,110,180,210,210,210,210,210,281,0,120.0,258.2530248078341,13.317253999957757,2190.2827799995066,115.0
1781461326,20,GET,/api/products [GET],10.200000,0.000000,3,4,6,7,10,14,74,83,83,83,83,679,0,7,28.992717639171797,1.058653999280068,497.9289789998802,120.0
1781461326,20,GET,/api/products/{id} [GET],5.500000,0.000000,4,5,7,8,9,56,58,58,58,58,58,374,0,7,31.340626128364523,1.0493339996173745,501.92681399948924,39.0
1781461326,20,,Aggregated,20.000000,0.000000,5,9,14,16,81,97,180,190,210,210,210,1334,0,9,77.94344034483322,1.0493339996173745,2190.2827799995066,96.2376311844078
1781461327,20,GET,/api/load/mixed [GET],4.500000,0.000000,79,85,86,97,110,180,280,280,280,280,280,288,0,120.0,255.51228813889307,13.317253999957757,2190.2827799995066,115.0
1781461327,20,GET,/api/products [GET],9.700000,0.000000,3,5,7,8,10,17,74,88,88,88,88,689,0,7,28.831518407831986,1.058653999280068,497.9289789998802,120.0
1781461327,20,GET,/api/products/{id} [GET],5.800000,0.000000,4,5,7,8,9,56,57,58,58,58,58,380,0,7,30.925576968447306,1.0493339996173745,501.92681399948924,39.0
1781461327,20,,Aggregated,20.000000,0.000000,5,9,14,16,83,97,180,260,280,280,280,1357,0,9,77.52702609801588,1.0493339996173745,2190.2827799995066,96.25644804716286
1781461328,20,GET,/api/load/mixed [GET],4.700000,0.000000,80,85,97,110,180,200,280,280,280,280,280,292,0,120.0,253.65179049658022,13.317253999957757,2190.2827799995066,115.0
1781461328,20,GET,/api/products [GET],9.800000,0.000000,2,4,6,7,10,17,74,88,88,88,88,701,0,6,28.37371335234679,1.058653999280068,497.9289789998802,120.0
1781461328,20,GET,/api/products/{id} [GET],5.600000,0.000000,3,5,7,7,9,14,58,58,58,58,58,384,0,7,30.62450821616854,1.0493339996173745,501.92681399948924,39.0
1781461328,20,,Aggregated,20.100000,0.000000,5,9,14,16,83,100,180,260,280,280,280,1377,0,9,76.77277199709903,1.0493339996173745,2190.2827799995066,96.3514887436456
1781461329,20,GET,/api/load/mixed [GET],4.700000,0.000000,81,85,95,110,180,260,280,280,280,280,280,294,0,120.0,252.55274378912037,13.317253999957757,2190.2827799995066,115.0
1781461329,20,GET,/api/products [GET],10.200000,0.000000,2,3,6,7,10,61,74,88,88,88,88,715,0,6,27.961965986007552,1.0073519997604308,497.9289789998802,120.0
1781461329,20,GET,/api/products/{id} [GET],5.100000,0.000000,3,5,7,8,9,14,58,58,58,58,58,388,0,7,30.35710930414529,1.0493339996173745,501.92681399948924,39.0
1781461329,20,,Aggregated,20.000000,0.000000,4,8,14,16,83,97,180,260,280,280,280,1397,0,9,75.8925345483216,1.0073519997604308,2190.2827799995066,96.45096635647816
1781461330,20,GET,/api/load/mixed [GET],4.500000,0.000000,81,86,97,110,180,260,280,280,280,280,280,297,0,120.0,250.92402305387688,13.317253999957757,2190.2827799995066,115.0
1781461330,20,GET,/api/products [GET],10.000000,0.000000,2,3,4,7,10,56,62,74,88,88,88,729,0,6,27.55683323318841,0.9717210004964727,497.9289789998802,120.0
1781461330,20,GET,/api/products/{id} [GET],5.500000,0.000000,3,5,6,7,9,14,57,57,57,57,57,391,0,7,30.1656737749576,1.0493339996173745,501.92681399948924,39.0
1781461330,20,,Aggregated,20.000000,0.000000,3,8,14,15,81,97,180,260,280,280,280,1417,0,9,75.09396239943851,0.9717210004964727,2190.2827799995066,96.60127028934369
1781461331,20,GET,/api/load/mixed [GET],4.500000,0.000000,77,84,93,110,180,260,280,280,280,280,280,299,0,110.0,249.59136653512323,13.317253999957757,2190.2827799995066,115.0
1781461331,20,GET,/api/products [GET],10.000000,0.000000,2,3,6,7,13,56,62,74,88,88,88,743,0,6,27.151045893664005,0.9717210004964727,497.9289789998802,120.0
1781461331,20,GET,/api/products/{id} [GET],5.500000,0.000000,3,5,7,8,13,15,81,81,81,81,81,395,0,7,30.13936225824976,1.0493339996173745,501.92681399948924,39.0
1781461331,20,,Aggregated,20.000000,0.000000,3,8,14,15,79,91,180,260,280,280,280,1437,0,9,74.25615433890256,0.9717210004964727,2190.2827799995066,96.69450243562979
1781461332,20,GET,/api/load/mixed [GET],4.400000,0.000000,77,87,93,110,180,260,280,280,280,280,280,302,0,110.0,247.76046113576788,13.317253999957757,2190.2827799995066,115.0
1781461332,20,GET,/api/products [GET],10.700000,0.000000,2,3,6,7,13,56,74,88,88,88,88,750,0,6,26.94525012798719,0.9717210004964727,497.9289789998802,120.0
1781461332,20,GET,/api/products/{id} [GET],5.100000,0.000000,3,6,7,8,14,15,81,81,81,81,81,400,0,7,30.020016220023535,1.0400529999969876,501.92681399948924,39.0
1781461332,20,,Aggregated,20.200000,0.000000,3,8,14,15,79,93,180,260,280,280,280,1452,0,9,73.71942379270101,0.9717210004964727,2190.2827799995066,96.64600550964187
1781461333,20,GET,/api/load/mixed [GET],4.100000,0.000000,81,93,180,180,280,280,360,360,360,360,360,313,0,110.0,244.521950121403,13.317253999957757,2190.2827799995066,115.0
1781461333,20,GET,/api/products [GET],11.200000,0.000000,2,3,6,9,14,61,84,88,98,98,98,761,0,6,26.908557449393324,0.9717210004964727,497.9289789998802,120.0
1781461333,20,GET,/api/products/{id} [GET],4.600000,0.000000,4,6,8,8,15,79,81,81,81,81,81,403,0,7,29.82241275684496,1.0400529999969876,501.92681399948924,39.0
1781461333,20,,Aggregated,19.900000,0.000000,4,12,15,20,88,180,280,290,360,360,360,1477,0,9,73.81937369532575,0.9717210004964727,2190.2827799995066,96.83953960731212
1781461334,20,GET,/api/load/mixed [GET],3.900000,0.000000,87,110,180,200,280,290,360,360,360,360,360,317,0,110.0,242.7636094321731,13.317253999957757,2190.2827799995066,115.0
1781461334,20,GET,/api/products [GET],11.200000,0.000000,2,3,7,9,56,75,88,98,98,98,98,768,0,6,26.87474153123522,0.9717210004964727,497.9289789998802,120.0
1781461334,20,GET,/api/products/{id} [GET],4.500000,0.000000,3,6,12,14,62,81,170,170,170,170,170,411,0,7,29.87490498055854,1.0400529999969876,501.92681399948924,39.0
1781461334,20,,Aggregated,19.600000,0.000000,4,14,18,74,94,190,280,290,360,360,360,1496,0,9,73.44548905949014,0.9717210004964727,2190.2827799995066,96.68716577540107
1781461335,20,GET,/api/load/mixed [GET],4.500000,0.000000,93,150,190,260,280,280,360,360,360,360,360,323,0,110.0,241.26068759442518,13.317253999957757,2190.2827799995066,115.0
1781461335,20,GET,/api/products [GET],11.100000,0.000000,2,3,5,7,15,61,84,88,98,98,98,780,0,6,26.510257885882265,0.9538300000713207,497.9289789998802,120.0
1781461335,20,GET,/api/products/{id} [GET],4.400000,0.000000,3,5,7,12,16,79,170,170,170,170,170,415,0,7,29.60724461206911,1.0400529999969876,501.92681399948924,39.0
1781461335,20,,Aggregated,20.000000,0.000000,3,13,22,78,98,200,280,290,360,360,360,1518,0,9,73.05152157970774,0.9538300000713207,2190.2827799995066,96.79183135704875
1781461336,20,GET,/api/load/mixed [GET],4.300000,0.000000,88,110,180,200,280,290,360,360,360,360,360,325,0,110.0,240.08813664615167,13.317253999957757,2190.2827799995066,115.0
1781461336,20,GET,/api/products [GET],11.000000,0.000000,2,3,4,7,13,61,78,84,98,98,98,790,0,6,26.228397887327354,0.9538300000713207,497.9289789998802,120.0
1781461336,20,GET,/api/products/{id} [GET],4.200000,0.000000,3,5,8,13,57,79,170,170,170,170,170,424,0,6,29.173299997658965,0.9878209993985365,501.92681399948924,39.0
1781461336,20,,Aggregated,19.500000,0.000000,3,12,17,61,93,180,280,290,360,360,360,1539,0,9,72.20179203378527,0.9538300000713207,2190.2827799995066,96.62833008447043
1781461337,20,GET,/api/load/mixed [GET],4.500000,0.000000,87,98,180,280,280,290,360,360,360,360,360,327,0,110.0,238.71605740672584,13.30250299997715,2190.2827799995066,115.0
1781461337,20,GET,/api/products [GET],11.100000,0.000000,2,3,5,7,14,61,84,98,98,98,98,800,0,6,25.928028176238058,0.9538300000713207,497.9289789998802,120.0
1781461337,20,GET,/api/products/{id} [GET],4.300000,0.000000,3,4,6,12,57,79,170,170,170,170,170,432,0,6,28.675497111127815,0.9878209993985365,501.92681399948924,39.0
1781461337,20,,Aggregated,19.900000,0.000000,3,10,16,23,88,170,280,290,360,360,360,1559,0,9,71.32160876523234,0.9538300000713207,2190.2827799995066,96.5060936497755
1781461338,20,GET,/api/load/mixed [GET],4.400000,0.000000,83,97,150,190,280,290,360,360,360,360,360,332,0,100.0,235.90679331626623,13.30250299997715,2190.2827799995066,115.0
1781461338,20,GET,/api/products [GET],10.900000,0.000000,2,3,4,7,13,61,84,98,98,98,98,809,0,6,25.67322583064333,0.9538300000713207,497.9289789998802,120.0
1781461338,20,GET,/api/products/{id} [GET],5.000000,0.000000,3,4,6,12,57,79,170,170,170,170,170,437,0,6,28.404177185371193,0.9878209993985365,501.92681399948924,39.0
1781461338,20,,Aggregated,20.300000,0.000000,3,10,16,23,85,170,280,290,360,360,360,1578,0,9,70.6611663548785,0.9538300000713207,2190.2827799995066,96.51647655259822
1781461339,20,GET,/api/load/mixed [GET],3.900000,0.000000,79,90,110,180,280,280,360,360,360,360,360,338,0,99,232.57858887870213,13.30250299997715,2190.2827799995066,115.0
1781461339,20,GET,/api/products [GET],11.000000,0.000000,2,3,4,6,13,61,84,98,98,98,98,821,0,6,25.399550302057307,0.9538300000713207,497.9289789998802,120.0
1781461339,20,GET,/api/products/{id} [GET],5.100000,0.000000,2,3,5,12,57,79,170,170,170,170,170,440,0,6,28.226875088650807,0.9878209993985365,501.92681399948924,39.0
1781461339,20,,Aggregated,20.000000,0.000000,3,12,17,60,87,170,280,290,360,360,360,1599,0,9,69.97149398248716,0.9538300000713207,2190.2827799995066,96.6541588492808
1781461340,20,GET,/api/load/mixed [GET],3.900000,0.000000,79,90,110,150,280,280,360,360,360,360,360,341,0,99,231.13661441055933,13.30250299997715,2190.2827799995066,115.0
1781461340,20,GET,/api/products [GET],10.800000,0.000000,2,3,4,5,12,64,84,98,98,98,98,831,0,6,25.21171598073343,0.9538300000713207,497.9289789998802,120.0
1781461340,20,GET,/api/products/{id} [GET],5.300000,0.000000,2,3,4,5,16,79,96,170,170,170,170,447,0,6,28.029887637602457,0.9878209993985365,501.92681399948924,39.0
1781461340,20,,Aggregated,20.000000,0.000000,3,10,16,61,88,150,280,290,360,360,360,1619,0,8,69.36249615070955,0.9538300000713207,2190.2827799995066,96.58307597282273
1781461341,20,GET,/api/load/mixed [GET],4.300000,0.000000,76,90,110,150,280,280,360,360,360,360,360,343,0,99,229.8879089008769,13.30250299997715,2190.2827799995066,115.0
1781461341,20,GET,/api/products [GET],10.500000,0.000000,2,3,4,4,10,64,84,98,98,98,98,844,0,5,24.858213958517705,0.9538300000713207,497.9289789998802,120.0
1781461341,20,GET,/api/products/{id} [GET],5.200000,0.000000,2,3,4,4,13,62,96,170,170,170,170,452,0,6,27.748566161524618,0.9878209993985365,501.92681399948924,39.0
1781461341,20,,Aggregated,20.000000,0.000000,3,6,16,23,84,150,280,290,360,360,360,1639,0,8,68.5626828791941,0.9538300000713207,2190.2827799995066,96.6156192800488
1781461342,20,GET,/api/load/mixed [GET],4.400000,0.000000,76,83,97,110,170,280,280,280,280,280,280,346,0,98,228.67004643641508,13.30250299997715,2190.2827799995066,115.0
1781461342,20,GET,/api/products [GET],10.100000,0.000000,2,3,3,4,10,13,75,78,78,78,78,855,0,5,24.60279837659397,0.9538300000713207,497.9289789998802,120.0
1781461342,20,GET,/api/products/{id} [GET],5.400000,0.000000,2,3,4,5,57,66,96,170,170,170,170,457,0,6,27.737829374203557,0.9878209993985365,501.92681399948924,39.0
1781461342,20,,Aggregated,19.900000,0.000000,3,4,13,17,78,97,170,280,280,280,280,1658,0,8,68.05272418757465,0.9538300000713207,2190.2827799995066,96.63027744270205
1781461343,20,GET,/api/load/mixed [GET],4.400000,0.000000,74,83,90,110,170,280,280,280,280,280,280,350,0,97,226.45153937713727,13.30250299997715,2190.2827799995066,115.0
1781461343,20,GET,/api/products [GET],10.000000,0.000000,2,3,3,4,7,12,60,64,64,64,64,864,0,5,24.376459082159524,0.9538300000713207,497.9289789998802,120.0
1781461343,20,GET,/api/products/{id} [GET],5.600000,0.000000,2,3,3,4,13,66,96,170,170,170,170,465,0,6,27.303481176370767,0.9878209993985365,501.92681399948924,39.0
1781461343,20,,Aggregated,20.000000,0.000000,3,4,12,14,76,96,170,280,280,280,280,1679,0,8,67.31114840738331,0.9538300000713207,2190.2827799995066,96.52471709350804
1781461344,20,GET,/api/load/mixed [GET],4.300000,0.000000,21,74,79,80,90,150,170,170,170,170,170,353,0,97,224.67942530311018,13.30250299997715,2190.2827799995066,115.0
1781461344,20,GET,/api/products [GET],10.500000,0.000000,2,3,3,4,7,12,60,64,64,64,64,873,0,5,24.15474136310129,0.9538300000713207,497.9289789998802,120.0
1781461344,20,GET,/api/products/{id} [GET],5.600000,0.000000,2,3,3,3,9,60,66,96,96,96,96,473,0,6,26.874949786495556,0.9878209993985365,501.92681399948924,39.0
1781461344,20,,Aggregated,20.400000,0.000000,3,4,9,13,57,79,96,150,170,170,170,1699,0,8,66.57491323778575,0.9538300000713207,2190.2827799995066,96.41082989994115
1781461345,20,GET,/api/load/mixed [GET],3.700000,0.000000,21,76,80,84,110,190,190,190,190,190,190,357,0,97,223.4775551008346,13.30250299997715,2190.2827799995066,115.0
1781461345,20,GET,/api/products [GET],10.300000,0.000000,2,3,4,5,7,13,64,75,75,75,75,882,0,5,24.094545358263186,0.9538300000713207,497.9289789998802,120.0
1781461345,20,GET,/api/products/{id} [GET],6.000000,0.000000,2,3,3,3,9,60,66,96,96,96,96,478,0,6,26.640477403793643,0.9878209993985365,501.92681399948924,39.0
1781461345,20,,Aggregated,20.000000,0.000000,3,4,9,14,64,80,110,190,190,190,190,1717,0,8,66.25918717297596,0.9538300000713207,2190.2827799995066,96.41059988351776
1781461346,20,GET,/api/load/mixed [GET],3.800000,0.000000,72,80,90,90,180,190,280,280,280,280,280,359,0,97,223.52475587186072,13.30250299997715,2190.2827799995066,115.0
1781461346,20,GET,/api/products [GET],10.400000,0.000000,2,3,4,5,9,60,75,85,85,85,85,894,0,5,23.910162700210176,0.9538300000713207,497.9289789998802,120.0
1781461346,20,GET,/api/products/{id} [GET],6.300000,0.000000,2,3,3,3,9,60,66,96,96,96,96,482,0,6,26.43556640251967,0.9878209993985365,501.92681399948924,39.0
1781461346,20,,Aggregated,20.500000,0.000000,3,5,10,15,72,90,180,190,280,280,280,1735,0,8,65.91528289221941,0.9538300000713207,2190.2827799995066,96.4628242074928
1781461347,20,GET,/api/load/mixed [GET],3.300000,0.000000,23,80,110,180,220,280,280,280,280,280,280,364,0,97,222.61199741483279,13.30250299997715,2190.2827799995066,115.0
1781461347,20,GET,/api/products [GET],10.200000,0.000000,2,3,4,5,9,63,85,86,86,86,86,905,0,5,23.741714588936826,0.9538300000713207,497.9289789998802,120.0
1781461347,20,GET,/api/products/{id} [GET],6.300000,0.000000,2,2,3,3,5,60,66,96,96,96,96,490,0,6,26.043957140847144,0.9878209993985365,501.92681399948924,39.0
1781461347,20,,Aggregated,19.800000,0.000000,3,5,12,15,75,96,220,280,280,280,280,1759,0,8,65.5364171466756,0.9538300000713207,2190.2827799995066,96.4013644115975
1781461348,20,GET,/api/load/mixed [GET],3.300000,0.000000,19,90,170,190,260,280,280,280,280,280,280,366,0,97,221.47689873497157,13.30250299997715,2190.2827799995066,115.0
1781461348,20,GET,/api/products [GET],10.500000,0.000000,3,3,4,5,7,63,85,86,86,86,86,917,0,5,23.46632823444783,0.9538300000713207,497.9289789998802,120.0
1781461348,20,GET,/api/products/{id} [GET],5.800000,0.000000,2,2,3,3,5,60,66,96,96,96,96,496,0,5,25.756681669380917,0.9878209993985365,501.92681399948924,39.0
1781461348,20,,Aggregated,19.600000,0.000000,3,4,6,14,64,96,220,280,280,280,280,1779,0,8,64.84231705227741,0.9538300000713207,2190.2827799995066,96.38785834738617
1781461349,20,GET,/api/load/mixed [GET],3.700000,0.000000,21,110,180,180,220,280,280,280,280,280,280,373,0,97,218.92716179356665,13.30250299997715,2190.2827799995066,115.0
1781461349,20,GET,/api/products [GET],10.500000,0.000000,2,3,4,5,9,58,85,86,86,86,86,923,0,5,23.399475348850267,0.9538300000713207,497.9289789998802,120.0
1781461349,20,GET,/api/products/{id} [GET],5.800000,0.000000,2,3,3,4,11,66,74,96,96,96,96,503,0,5,25.600963343962825,0.9878209993985365,501.92681399948924,39.0
1781461349,20,,Aggregated,20.000000,0.000000,3,5,12,15,75,170,220,280,280,280,280,1799,0,8,64.55521492940674,0.9538300000713207,2190.2827799995066,96.31573096164536
1781461350,20,GET,/api/load/mixed [GET],3.500000,0.000000,25,170,180,180,220,280,280,280,280,280,280,375,0,97,218.01062153066846,13.30250299997715,2190.2827799995066,115.0
1781461350,20,GET,/api/products [GET],10.600000,0.000000,3,4,5,5,12,58,85,86,86,86,86,933,0,5,23.19476057233447,0.9538300000713207,497.9289789998802,120.0
1781461350,20,GET,/api/products/{id} [GET],5.900000,0.000000,2,3,3,4,12,61,66,74,74,74,74,511,0,5,25.365860356187344,0.9878209993985365,501.92681399948924,39.0
1781461350,20,,Aggregated,20.000000,0.000000,3,5,12,14,74,170,220,280,280,280,280,1819,0,7,63.96737181418401,0.9538300000713207,2190.2827799995066,96.21440351841672
1781461351,20,GET,/api/load/mixed [GET],3.300000,0.000000,22,90,180,180,220,280,280,280,280,280,280,378,0,94,216.58672228836366,13.30250299997715,2190.2827799995066,115.0
1781461351,20,GET,/api/products [GET],10.200000,0.000000,3,4,5,6,13,58,85,86,86,86,86,944,0,5,23.055021199140658,0.9538300000713207,497.9289789998802,120.0
1781461351,20,GET,/api/products/{id} [GET],6.200000,0.000000,2,3,3,4,5,12,61,74,74,74,74,517,0,5,25.10969494973433,0.9878209993985365,501.92681399948924,39.0
1781461351,20,,Aggregated,19.700000,0.000000,3,5,12,15,74,170,220,280,280,280,280,1839,0,7,63.41241616422139,0.9538300000713207,2190.2827799995066,96.20065252854812
1781461352,20,GET,/api/load/mixed [GET],3.500000,0.000000,22,170,180,180,220,280,280,280,280,280,280,381,0,94,215.42146884514923,13.30250299997715,2190.2827799995066,115.0
1781461352,20,GET,/api/products [GET],10.300000,0.000000,3,5,6,11,63,81,85,86,86,86,86,957,0,5,23.33277127167086,0.9538300000713207,497.9289789998802,120.0
1781461352,20,GET,/api/products/{id} [GET],6.400000,0.000000,2,3,3,4,11,61,74,80,80,80,80,520,0,5,25.13117253656149,0.9878209993985365,501.92681399948924,39.0
1781461352,20,,Aggregated,20.200000,0.000000,3,6,14,17,80,180,220,280,280,280,280,1858,0,7,63.225646639398875,0.9538300000713207,2190.2827799995066,96.30516684607105
1781461353,20,GET,/api/load/mixed [GET],3.500000,0.000000,22,170,180,180,220,280,280,280,280,280,280,384,0,93,213.85040074740178,13.30250299997715,2190.2827799995066,115.0
1781461353,20,GET,/api/products [GET],10.000000,0.000000,3,4,6,11,75,81,85,86,86,86,86,969,0,5,23.155200558297413,0.9538300000713207,497.9289789998802,120.0
1781461353,20,GET,/api/products/{id} [GET],6.500000,0.000000,2,3,4,5,11,61,74,80,80,80,80,526,0,5,24.876000925875395,0.9878209993985365,501.92681399948924,39.0
1781461353,20,,Aggregated,20.000000,0.000000,3,6,14,16,80,180,220,280,280,280,280,1879,0,7,62.60815312134284,0.9538300000713207,2190.2827799995066,96.30335284725918
1781461354,20,GET,/api/load/mixed [GET],3.500000,0.000000,22,170,180,180,220,280,280,280,280,280,280,390,0,93,211.65581352821306,13.30250299997715,2190.2827799995066,115.0
1781461354,20,GET,/api/products [GET],10.100000,0.000000,3,4,6,9,63,81,85,86,86,86,86,978,0,5,22.98651640387538,0.9538300000713207,497.9289789998802,120.0
1781461354,20,GET,/api/products/{id} [GET],6.400000,0.000000,2,3,4,5,11,61,74,80,80,80,80,531,0,5,24.775369367251397,0.9878209993985365,501.92681399948924,39.0
1781461354,20,,Aggregated,20.000000,0.000000,3,9,14,17,81,180,220,280,280,280,280,1899,0,7,62.23396601000738,0.9538300000713207,2190.2827799995066,96.32385466034755
1781461355,20,GET,/api/load/mixed [GET],3.300000,0.000000,17,80,170,180,180,260,280,280,280,280,280,391,0,93,211.14838050384486,13.2495010002458,2190.2827799995066,115.0
1781461355,20,GET,/api/products [GET],10.400000,0.000000,3,3,6,8,58,81,83,86,86,86,86,989,0,5,22.757074749233148,0.9538300000713207,497.9289789998802,120.0
1781461355,20,GET,/api/products/{id} [GET],6.300000,0.000000,2,3,4,5,11,61,74,80,80,80,80,539,0,5,24.438492808924675,0.9878209993985365,501.92681399948924,39.0
1781461355,20,,Aggregated,20.000000,0.000000,3,6,14,15,80,110,180,260,280,280,280,1919,0,7,61.61444050443232,0.9538300000713207,2190.2827799995066,96.23032829598749
1781461356,20,GET,/api/load/mixed [GET],3.500000,0.000000,20,80,110,170,180,180,180,180,180,180,180,396,0,93,209.70921218434978,13.2495010002458,2190.2827799995066,115.0
1781461356,20,GET,/api/products [GET],10.600000,0.000000,3,4,7,12,58,80,82,83,83,83,83,998,0,5,22.731340155300465,0.9538300000713207,497.9289789998802,120.0
1781461356,20,GET,/api/products/{id} [GET],5.700000,0.000000,2,3,5,5,11,61,74,80,80,80,80,545,0,5,24.216981396347606,0.9878209993985365,501.92681399948924,39.0
1781461356,20,,Aggregated,19.800000,0.000000,3,9,14,16,78,83,180,180,180,180,180,1939,0,7,61.33521421402894,0.9538300000713207,2190.2827799995066,96.21196493037648
1781461357,20,GET,/api/load/mixed [GET],3.600000,0.000000,22,80,110,170,180,180,180,180,180,180,180,398,0,92,208.7509161959879,13.2495010002458,2190.2827799995066,115.0
1781461357,20,GET,/api/products [GET],10.500000,0.000000,3,4,7,12,58,80,82,83,83,83,83,1009,0,5,22.521894319116026,0.9538300000713207,497.9289789998802,120.0
1781461357,20,GET,/api/products/{id} [GET],6.200000,0.000000,2,4,5,6,12,61,74,80,80,80,80,551,0,5,24.013207319436802,0.9878209993985365,501.92681399948924,39.0
1781461357,20,,Aggregated,20.300000,0.000000,4,10,14,16,78,83,180,180,180,180,180,1958,0,7,60.79608439581269,0.9538300000713207,2190.2827799995066,96.18947906026558
1781461358,20,GET,/api/load/mixed [GET],3.600000,0.000000,34,80,110,170,180,180,180,180,180,180,180,402,0,91,207.14317805970902,13.2495010002458,2190.2827799995066,115.0
1781461358,20,GET,/api/products [GET],10.400000,0.000000,3,6,12,14,63,81,83,110,110,110,110,1017,0,5,22.539703562426705,0.9538300000713207,497.9289789998802,120.0
1781461358,20,GET,/api/products/{id} [GET],6.200000,0.000000,2,3,5,9,12,58,61,80,80,80,80,555,0,5,23.946711284700108,0.9878209993985365,501.92681399948924,39.0
1781461358,20,,Aggregated,20.200000,0.000000,4,12,15,20,80,110,180,180,180,180,180,1974,0,7,60.52931148226945,0.9538300000713207,2190.2827799995066,96.2082066869301
1781461359,20,GET,/api/load/mixed [GET],3.400000,0.000000,34,78,110,170,180,180,1800,1800,1800,1800,1800,405,0,92,210.94913070370964,13.2495010002458,2190.2827799995066,115.0
1781461359,20,GET,/api/products [GET],10.400000,0.000000,4,9,14,16,77,82,110,300,300,300,300,1027,0,5,22.816765667954126,0.9538300000713207,497.9289789998802,120.0
1781461359,20,GET,/api/products/{id} [GET],6.200000,0.000000,3,5,6,9,13,58,80,80,80,80,80,559,0,5,23.9417577459889,0.9878209993985365,501.92681399948924,39.0
1781461359,20,,Aggregated,20.000000,0.000000,5,13,16,24,80,110,180,300,1800,1800,1800,1991,0,7,61.40163679357079,0.9538300000713207,2190.2827799995066,96.24108488196886
1781461360,20,GET,/api/load/mixed [GET],3.500000,0.000000,68,170,180,180,630,1800,2500,2500,2500,2500,2500,413,0,93,220.54944527603516,13.2495010002458,2511.467815999822,115.0
1781461360,20,GET,/api/products [GET],10.200000,0.000000,4,10,15,22,77,82,110,300,300,300,300,1039,0,5,22.706112427323372,0.9538300000713207,497.9289789998802,120.0
1781461360,20,GET,/api/products/{id} [GET],5.700000,0.000000,3,5,7,10,13,58,80,80,80,80,80,561,0,5,23.884438340478393,0.9878209993985365,501.92681399948924,39.0
1781461360,20,,Aggregated,19.400000,0.000000,6,14,23,36,83,180,630,1800,2500,2500,2500,2013,0,7,63.62530631892709,0.9538300000713207,2511.467815999822,96.40039741679085
1781461361,20,GET,/api/load/mixed [GET],3.200000,0.000000,82,170,180,220,690,1800,2500,2500,2500,2500,2500,415,0,93,221.21033485060934,13.2495010002458,2511.467815999822,115.0
1781461361,20,GET,/api/products [GET],10.400000,0.000000,5,10,14,16,56,110,210,300,300,300,300,1049,0,5,23.114963998082,0.9538300000713207,497.9289789998802,120.0
1781461361,20,GET,/api/products/{id} [GET],5.600000,0.000000,3,5,9,10,15,58,90,90,90,90,90,570,0,5,23.737377624579572,0.9878209993985365,501.92681399948924,39.0
1781461361,20,,Aggregated,19.200000,0.000000,6,14,22,33,110,210,690,1800,2500,2500,2500,2034,0,7,63.707075439037176,0.9538300000713207,2511.467815999822,96.28072763028516
1781461362,20,GET,/api/load/mixed [GET],3.800000,0.000000,82,170,180,260,690,1800,2500,2500,2500,2500,2500,417,0,93,221.15663650600246,13.2495010002458,2511.467815999822,115.0
1781461362,20,GET,/api/products [GET],10.500000,0.000000,6,11,14,16,56,110,210,300,300,300,300,1062,0,5,23.006240158181466,0.9538300000713207,497.9289789998802,120.0
1781461362,20,GET,/api/products/{id} [GET],5.200000,0.000000,4,6,9,11,17,58,90,90,90,90,90,575,0,5,23.577382146107517,0.9878209993985365,501.92681399948924,39.0
1781461362,20,,Aggregated,19.500000,0.000000,7,14,23,33,110,220,690,1800,2500,2500,2500,2054,0,7,63.39432288461728,0.9538300000713207,2511.467815999822,96.30963972736124
1781461363,20,GET,/api/load/mixed [GET],3.700000,0.000000,83,180,220,260,690,1800,2500,2500,2500,2500,2500,419,0,93,220.6286855966666,13.2495010002458,2511.467815999822,115.0
1781461363,20,GET,/api/products [GET],10.500000,0.000000,6,12,15,21,79,110,210,300,300,300,300,1073,0,5,22.91746183316579,0.9522700001980411,497.9289789998802,120.0
1781461363,20,GET,/api/products/{id} [GET],5.300000,0.000000,4,5,10,11,17,60,74,90,90,90,90,580,0,5,23.536217887950162,0.9878209993985365,501.92681399948924,39.0
1781461363,20,,Aggregated,19.500000,0.000000,8,15,23,34,120,220,690,1800,2500,2500,2500,2072,0,7,63.071844684846354,0.9522700001980411,2511.467815999822,96.31515444015444
1781461364,20,GET,/api/load/mixed [GET],3.700000,0.000000,170,220,390,500,690,1800,2500,2500,2500,2500,2500,425,0,93,221.67135126118364,13.2495010002458,2511.467815999822,115.0
1781461364,20,GET,/api/products [GET],10.500000,0.000000,7,12,15,22,79,110,210,300,300,300,300,1084,0,5,22.780818056259715,0.9522700001980411,497.9289789998802,120.0
1781461364,20,GET,/api/products/{id} [GET],5.500000,0.000000,5,9,10,12,23,60,90,90,90,90,90,587,0,5,23.321830686560208,0.9878209993985365,501.92681399948924,39.0
1781461364,20,,Aggregated,19.700000,0.000000,9,17,27,55,180,390,690,1800,2500,2500,2500,2096,0,7,63.26080423282432,0.9522700001980411,2511.467815999822,96.30152671755725
1781461365,20,GET,/api/load/mixed [GET],3.600000,0.000000,170,220,390,500,690,1800,2500,2500,2500,2500,2500,427,0,93,221.35588515925795,13.2495010002458,2511.467815999822,115.0
1781461365,20,GET,/api/products [GET],10.500000,0.000000,7,12,15,22,35,110,210,300,300,300,300,1092,0,5,22.682696119035104,0.9522700001980411,497.9289789998802,120.0
1781461365,20,GET,/api/products/{id} [GET],5.200000,0.000000,6,10,12,13,33,74,77,90,90,90,90,595,0,5,23.34751499833559,0.9878209993985365,501.92681399948924,39.0
1781461365,20,,Aggregated,19.300000,0.000000,10,19,27,60,180,390,690,1800,2500,2500,2500,2114,0,7,62.999166768684695,0.9522700001980411,2511.467815999822,96.19205298013244
1781461366,20,GET,/api/load/mixed [GET],3.600000,0.000000,180,290,390,500,690,1800,2500,2500,2500,2500,2500,429,0,93,221.04787921212886,13.2495010002458,2511.467815999822,115.0
1781461366,20,GET,/api/products [GET],10.500000,0.000000,9,12,19,22,79,110,210,300,300,300,300,1103,0,5,22.651066464176793,0.9522700001980411,497.9289789998802,120.0
1781461366,20,GET,/api/products/{id} [GET],5.700000,0.000000,6,9,10,12,33,74,77,90,90,90,90,604,0,5,23.064590849353348,0.9878209993985365,501.92681399948924,39.0
1781461366,20,,Aggregated,19.800000,0.000000,10,19,31,67,190,390,690,1800,2500,2500,2500,2136,0,7,62.614550264513106,0.9522700001980411,2511.467815999822,96.09129213483146
1781461367,20,GET,/api/load/mixed [GET],3.500000,0.000000,200,290,390,500,690,1800,2500,2500,2500,2500,2500,432,0,93,220.4782412708382,13.2495010002458,2511.467815999822,115.0
1781461367,20,GET,/api/products [GET],10.400000,0.000000,7,12,18,22,67,110,210,300,300,300,300,1110,0,5,22.55312457296191,0.9522700001980411,497.9289789998802,120.0
1781461367,20,GET,/api/products/{id} [GET],5.400000,0.000000,6,9,11,17,69,77,90,99,99,99,99,611,0,5,23.164104589211647,0.9878209993985365,501.92681399948924,39.0
1781461367,20,,Aggregated,19.300000,0.000000,9,19,27,69,190,300,690,1800,2500,2500,2500,2153,0,7,62.44023985554964,0.9522700001980411,2511.467815999822,96.00975383186251
1781461368,20,GET,/api/load/mixed [GET],3.500000,0.000000,190,260,390,400,690,1800,2500,2500,2500,2500,2500,439,0,94,219.13929023690937,13.2495010002458,2511.467815999822,115.0
1781461368,20,GET,/api/products [GET],10.500000,0.000000,7,12,18,22,33,93,190,210,210,210,210,1119,0,5,22.47630821267853,0.9522700001980411,497.9289789998802,120.0
1781461368,20,GET,/api/products/{id} [GET],5.900000,0.000000,6,9,15,23,71,86,90,99,99,99,99,618,0,5,23.278044016194784,0.9878209993985365,501.92681399948924,39.0
1781461368,20,,Aggregated,19.900000,0.000000,10,23,33,75,190,390,690,1800,2500,2500,2500,2176,0,7,62.38004067371285,0.9522700001980411,2511.467815999822,95.98667279411765
1781461369,20,GET,/api/load/mixed [GET],3.200000,0.000000,190,200,290,390,500,530,690,690,690,690,690,441,0,94,218.5838787392389,13.2495010002458,2511.467815999822,115.0
1781461369,20,GET,/api/products [GET],10.200000,0.000000,7,12,17,19,35,93,190,210,210,210,210,1130,0,5,22.393633508837627,0.9522700001980411,497.9289789998802,120.0
1781461369,20,GET,/api/products/{id} [GET],5.900000,0.000000,6,8,11,19,69,77,90,99,99,99,99,625,0,5,23.071606992011947,0.9878209993985365,501.92681399948924,39.0
1781461369,20,,Aggregated,19.300000,0.000000,8,18,25,36,100,200,400,530,690,690,690,2196,0,7,61.985451165299914,0.9522700001980411,2511.467815999822,95.94262295081967
1781461370,20,GET,/api/load/mixed [GET],3.700000,0.000000,110,200,290,290,400,500,530,530,530,530,530,442,0,94,218.13765528055248,13.2495010002458,2511.467815999822,115.0
1781461370,20,GET,/api/products [GET],10.100000,0.000000,6,10,13,18,25,68,100,120,120,120,120,1140,0,5,22.262834785076272,0.9522700001980411,497.9289789998802,120.0
1781461370,20,GET,/api/products/{id} [GET],6.400000,0.000000,6,8,10,17,60,75,86,99,99,99,99,631,0,5,22.896642375606394,0.9878209993985365,501.92681399948924,39.0
1781461370,20,,Aggregated,20.200000,0.000000,7,14,23,27,96,200,390,500,530,530,530,2213,0,7,61.56541194215957,0.9522700001980411,2511.467815999822,95.90555806597379
1781461371,20,GET,/api/load/mixed [GET],3.900000,0.000000,110,200,220,290,400,500,530,530,530,530,530,447,0,94,216.91883207830787,13.2495010002458,2511.467815999822,115.0
1781461371,20,GET,/api/products [GET],10.300000,0.000000,6,9,12,14,22,35,87,93,93,93,93,1154,0,5,22.068210982656378,0.9522700001980411,497.9289789998802,120.0
1781461371,20,GET,/api/products/{id} [GET],6.600000,0.000000,6,8,10,23,71,86,90,99,99,99,99,635,0,5,22.910972363793615,0.9878209993985365,501.92681399948924,39.0
1781461371,20,,Aggregated,20.800000,0.000000,7,14,23,27,95,200,390,500,530,530,530,2236,0,7,61.26024188908691,0.9522700001980411,2511.467815999822,95.99731663685152
1781461372,20,GET,/api/load/mixed [GET],2.900000,0.000000,96,200,220,280,390,500,530,530,530,530,530,451,0,93,215.13747206874365,13.122887999998056,2511.467815999822,115.0
1781461372,20,GET,/api/products [GET],10.100000,0.000000,6,8,12,13,19,25,68,93,93,93,93,1165,0,5,21.90585403432241,0.9522700001980411,497.9289789998802,120.0
1781461372,20,GET,/api/products/{id} [GET],7.000000,0.000000,6,8,10,19,69,77,90,99,99,99,99,640,0,5,22.78000441719996,0.9878209993985365,501.92681399948924,39.0
1781461372,20,,Aggregated,20.000000,0.000000,7,13,19,25,93,200,390,500,530,530,530,2256,0,7,60.78303310283567,0.9522700001980411,2511.467815999822,96.02171985815603
1781461373,20,GET,/api/load/mixed [GET],3.100000,0.000000,96,140,190,200,220,290,400,400,400,400,400,456,0,93,213.9902715307073,13.122887999998056,2511.467815999822,115.0
1781461373,20,GET,/api/products [GET],10.500000,0.000000,6,9,12,14,25,67,93,96,96,96,96,1172,0,5,21.96596039930569,0.9522700001980411,497.9289789998802,120.0
1781461373,20,GET,/api/products/{id} [GET],6.600000,0.000000,6,8,11,19,75,86,90,99,99,99,99,646,0,5,22.754240921064817,0.9878209993985365,501.92681399948924,39.0
1781461373,20,,Aggregated,20.200000,0.000000,7,14,20,25,95,190,220,290,400,400,400,2274,0,7,60.69609016754482,0.9522700001980411,2511.467815999822,95.9868073878628
1781461374,20,GET,/api/load/mixed [GET],3.300000,0.000000,95,110,190,200,280,290,400,400,400,400,400,462,0,93,212.6091083549815,13.122887999998056,2511.467815999822,115.0
1781461374,20,GET,/api/products [GET],10.300000,0.000000,6,9,12,14,24,67,93,96,96,96,96,1185,0,5,21.80045278648844,0.9522700001980411,497.9289789998802,120.0
1781461374,20,GET,/api/products/{id} [GET],6.500000,0.000000,6,8,11,13,75,86,90,99,99,99,99,649,0,5,22.702567272738342,0.9878209993985365,501.92681399948924,39.0
1781461374,20,,Aggregated,20.100000,0.000000,7,15,20,25,96,190,280,290,400,400,400,2296,0,7,60.4498740296157,0.9522700001980411,2511.467815999822,96.09799651567944
1781461375,20,GET,/api/load/mixed [GET],3.400000,0.000000,82,98,190,190,220,280,400,400,400,400,400,469,0,93,210.34619782303307,13.122887999998056,2511.467815999822,115.0
1781461375,20,GET,/api/products [GET],9.700000,0.000000,6,9,12,15,25,28,91,96,96,96,96,1192,0,5,21.77363200166761,0.9522700001980411,497.9289789998802,120.0
1781461375,20,GET,/api/products/{id} [GET],6.700000,0.000000,6,10,16,27,71,86,90,99,99,99,99,655,0,5,22.61701659237643,0.9878209993985365,501.92681399948924,39.0
1781461375,20,,Aggregated,19.800000,0.000000,8,17,25,28,95,190,220,280,400,400,400,2316,0,7,60.1989127776326,0.9522700001980411,2511.467815999822,96.07944732297064
1781461376,20,GET,/api/load/mixed [GET],3.700000,0.000000,78,97,110,190,220,280,400,400,400,400,400,477,0,91,207.71763965618962,13.122887999998056,2511.467815999822,115.0
1781461376,20,GET,/api/products [GET],10.100000,0.000000,6,10,14,17,25,28,91,96,96,96,96,1198,0,5,21.729691735382314,0.9522700001980411,497.9289789998802,120.0
1781461376,20,GET,/api/products/{id} [GET],6.200000,0.000000,6,10,14,16,34,86,90,99,99,99,99,661,0,5,22.48341317247646,0.9878209993985365,501.92681399948924,39.0
1781461376,20,,Aggregated,20.000000,0.000000,10,18,25,29,96,190,220,280,400,400,400,2336,0,7,59.92081375085514,0.9522700001980411,2511.467815999822,96.05907534246575
1781461377,20,GET,/api/load/mixed [GET],4.000000,0.000000,75,96,100,120,190,220,280,280,280,280,280,482,0,91,206.33058234233135,13.122887999998056,2511.467815999822,115.0
1781461377,20,GET,/api/products [GET],10.100000,0.000000,6,9,12,14,25,29,91,96,96,96,96,1205,0,5,21.69511776181599,0.9522700001980411,497.9289789998802,120.0
1781461377,20,GET,/api/products/{id} [GET],6.100000,0.000000,5,8,11,13,24,33,86,90,90,90,90,669,0,5,22.268149880427643,0.9878209993985365,501.92681399948924,39.0
1781461377,20,,Aggregated,20.200000,0.000000,8,16,21,26,91,110,220,280,280,280,280,2356,0,7,59.631302997452586,0.9522700001980411,2511.467815999822,95.97665534804754
1781461378,20,GET,/api/load/mixed [GET],4.600000,0.000000,29,89,98,110,190,220,280,280,280,280,280,486,0,90,204.94573202058527,13.122887999998056,2511.467815999822,115.0
1781461378,20,GET,/api/products [GET],9.500000,0.000000,6,8,11,12,24,28,91,96,96,96,96,1218,0,5,21.52773181690468,0.9522700001980411,497.9289789998802,120.0
1781461378,20,GET,/api/products/{id} [GET],5.800000,0.000000,4,8,13,14,24,28,90,90,90,90,90,672,0,5,22.219960681556337,0.9878209993985365,501.92681399948924,39.0
1781461378,20,,Aggregated,19.900000,0.000000,8,15,20,24,89,100,220,280,280,280,280,2376,0,7,59.24083194149847,0.9522700001980411,2511.467815999822,96.06818181818181
1781461379,20,GET,/api/load/mixed [GET],4.900000,0.000000,29,90,99,110,190,220,280,280,280,280,280,491,0,90,203.4033927006181,13.122887999998056,2511.467815999822,115.0
1781461379,20,GET,/api/products [GET],9.400000,0.000000,6,9,11,13,25,29,91,96,96,96,96,1229,0,5,21.460359681032095,0.9522700001980411,497.9289789998802,120.0
1781461379,20,GET,/api/products/{id} [GET],5.900000,0.000000,6,11,14,16,27,32,90,90,90,90,90,676,0,5,22.17568524409044,0.9878209993985365,501.92681399948924,39.0
1781461379,20,,Aggregated,20.200000,0.000000,10,17,22,26,90,110,220,280,280,280,280,2396,0,8,58.94683267487362,0.9522700001980411,2511.467815999822,96.12228714524207
1781461380,20,GET,/api/load/mixed [GET],4.700000,0.000000,26,82,98,100,140,190,280,280,280,280,280,494,0,89,202.26533788057608,13.122887999998056,2511.467815999822,115.0
1781461380,20,GET,/api/products [GET],9.900000,0.000000,5,8,10,13,25,29,91,96,96,96,96,1242,0,5,21.281593662630865,0.9522700001980411,497.9289789998802,120.0
1781461380,20,GET,/api/products/{id} [GET],5.500000,0.000000,6,11,13,16,24,28,86,86,86,86,86,680,0,5,22.08979518971399,0.9878209993985365,501.92681399948924,39.0
1781461380,20,,Aggregated,20.100000,0.000000,10,16,21,25,86,100,190,220,280,280,280,2416,0,7,58.51484973965139,0.9522700001980411,2511.467815999822,96.17963576158941
1781461381,20,GET,/api/load/mixed [GET],4.800000,0.000000,29,89,98,100,140,190,280,280,280,280,280,498,0,89,200.9695945220955,13.122887999998056,2511.467815999822,115.0
1781461381,20,GET,/api/products [GET],9.900000,0.000000,5,9,11,14,25,29,91,96,96,96,96,1253,0,5,21.16713677093931,0.9522700001980411,497.9289789998802,120.0
1781461381,20,GET,/api/products/{id} [GET],5.100000,0.000000,6,11,15,16,24,28,86,86,86,86,86,685,0,5,21.997096106579658,0.9878209993985365,501.92681399948924,39.0
1781461381,20,,Aggregated,19.800000,0.000000,10,17,22,25,89,100,190,220,280,280,280,2436,0,8,58.15816554967065,0.9522700001980411,2511.467815999822,96.20073891625616
1781461382,20,GET,/api/load/mixed [GET],5.100000,0.000000,26,81,91,98,120,190,220,280,280,280,280,504,0,88,198.82286194445166,13.122887999998056,2511.467815999822,115.0
1781461382,20,GET,/api/products [GET],10.200000,0.000000,5,8,11,12,23,28,77,96,96,96,96,1262,0,5,21.044522028516003,0.9522700001980411,497.9289789998802,120.0
1781461382,20,GET,/api/products/{id} [GET],4.900000,0.000000,6,11,14,16,21,27,32,32,32,32,32,690,0,5,21.89116537102445,0.9878209993985365,501.92681399948924,39.0
1781461382,20,,Aggregated,20.200000,0.000000,10,16,21,24,81,99,190,220,280,280,280,2456,0,7,57.76458197312616,0.9522700001980411,2511.467815999822,96.21742671009773
1781461383,20,GET,/api/load/mixed [GET],5.200000,0.000000,26,78,90,91,100,110,190,190,190,190,190,505,0,89,198.6103218415905,13.122887999998056,2511.467815999822,115.0
1781461383,20,GET,/api/products [GET],9.900000,0.000000,5,8,10,11,21,25,74,77,77,77,77,1273,0,5,20.90977965984967,0.9489310004937579,497.9289789998802,120.0
1781461383,20,GET,/api/products/{id} [GET],4.900000,0.000000,4,8,11,15,21,27,32,32,32,32,32,698,0,5,21.679739359608885,0.9878209993985365,501.92681399948924,39.0
1781461383,20,,Aggregated,20.000000,0.000000,8,15,18,22,42,90,110,120,190,190,190,2476,0,7,57.370282758481,0.9489310004937579,2511.467815999822,96.14579967689822
1781461384,20,GET,/api/load/mixed [GET],5.200000,0.000000,24,78,91,98,110,190,200,200,200,200,200,510,0,89,197.68217797647915,13.122887999998056,2511.467815999822,115.0
1781461384,20,GET,/api/products [GET],9.700000,0.000000,5,7,10,11,15,21,74,77,77,77,77,1284,0,5,20.786813452481812,0.9489310004937579,497.9289789998802,120.0
1781461384,20,GET,/api/products/{id} [GET],5.000000,0.000000,4,6,10,11,17,21,32,32,32,32,32,702,0,5,21.576936873229496,0.9878209993985365,501.92681399948924,39.0
1781461384,20,,Aggregated,19.900000,0.000000,7,13,16,20,42,91,120,190,200,200,200,2496,0,7,57.15352120432624,0.9489310004937579,2511.467815999822,96.19711538461539
1781461385,20,GET,/api/load/mixed [GET],5.200000,0.000000,22,42,90,100,120,190,200,200,200,200,200,513,0,88,196.7820584873356,13.122887999998056,2511.467815999822,115.0
1781461385,20,GET,/api/products [GET],10.200000,0.000000,5,7,9,10,13,16,74,77,77,77,77,1293,0,5,20.686768373538495,0.9422799994354136,497.9289789998802,120.0
1781461385,20,GET,/api/products/{id} [GET],5.200000,0.000000,4,6,9,11,17,21,32,32,32,32,32,710,0,5,21.404355349304623,0.9878209993985365,501.92681399948924,39.0
1781461385,20,,Aggregated,20.600000,0.000000,6,11,15,17,29,90,120,190,200,200,200,2516,0,7,56.79422885890102,0.9422799994354136,2511.467815999822,96.12281399046105
1781461386,20,GET,/api/load/mixed [GET],4.600000,0.000000,22,29,90,91,120,190,200,200,200,200,200,515,0,88,196.07638886214258,13.122887999998056,2511.467815999822,115.0
1781461386,20,GET,/api/products [GET],9.900000,0.000000,4,7,8,10,12,16,23,77,77,77,77,1299,0,5,20.607942371042412,0.9422799994354136,497.9289789998802,120.0
1781461386,20,GET,/api/products/{id} [GET],5.300000,0.000000,4,7,8,10,16,21,22,32,32,32,32,722,0,5,21.131209513859933,0.9878209993985365,501.92681399948924,39.0
1781461386,20,,Aggregated,19.800000,0.000000,6,10,15,16,23,90,120,190,200,200,200,2536,0,7,56.39029600670135,0.9422799994354136,2511.467815999822,95.92389589905363
1781461387,20,GET,/api/load/mixed [GET],4.600000,0.000000,20,26,42,90,100,190,200,200,200,200,200,518,0,88,195.05354461776756,13.122887999998056,2511.467815999822,115.0
1781461387,20,GET,/api/products [GET],10.100000,0.000000,4,6,7,9,11,16,23,77,77,77,77,1312,0,5,20.437441055627815,0.9422799994354136,497.9289789998802,120.0
1781461387,20,GET,/api/products/{id} [GET],5.500000,0.000000,4,6,8,9,16,22,32,65,65,65,65,726,0,5,21.11950882370105,0.9878209993985365,501.92681399948924,39.0
1781461387,20,,Aggregated,20.200000,0.000000,5,9,13,16,22,65,100,190,200,200,200,2556,0,7,56.01894451603853,0.9422799994354136,2511.467815999822,95.97965571205008
1781461388,20,GET,/api/load/mixed [GET],3.900000,0.000000,20,29,86,91,100,190,200,200,200,200,200,519,0,88,194.87917679769433,13.122887999998056,2511.467815999822,115.0
1781461388,20,GET,/api/products [GET],10.100000,0.000000,4,6,7,8,11,15,17,23,23,23,23,1326,0,5,20.291860263183633,0.9422799994354136,497.9289789998802,120.0
1781461388,20,GET,/api/products/{id} [GET],6.100000,0.000000,5,6,8,9,18,22,32,65,65,65,65,731,0,5,21.048564443237794,0.9878209993985365,501.92681399948924,39.0
1781461388,20,,Aggregated,20.100000,0.000000,5,8,12,15,22,42,100,190,200,200,200,2576,0,7,55.681599407993744,0.9422799994354136,2511.467815999822,96.00698757763975
1781461389,20,GET,/api/load/mixed [GET],3.800000,0.000000,21,29,90,100,100,190,200,200,200,200,200,523,0,88,193.85589793308316,13.122887999998056,2511.467815999822,115.0
1781461389,20,GET,/api/products [GET],10.700000,0.000000,4,6,8,9,11,16,23,86,86,86,86,1333,0,5,20.269275331569737,0.9422799994354136,497.9289789998802,120.0
1781461389,20,GET,/api/products/{id} [GET],5.700000,0.000000,5,6,7,9,18,22,22,65,65,65,65,740,0,5,20.878138922979986,0.9878209993985365,501.92681399948924,39.0
1781461389,20,,Aggregated,20.200000,0.000000,5,9,13,16,22,86,100,190,200,200,200,2596,0,7,55.4142532507667,0.9422799994354136,2511.467815999822,95.903312788906
1781461390,20,GET,/api/load/mixed [GET],3.300000,0.000000,21,29,91,100,100,190,200,200,200,200,200,525,0,88,193.31217415238606,13.122887999998056,2511.467815999822,115.0
1781461390,20,GET,/api/products [GET],10.800000,0.000000,3,6,8,10,12,15,26,86,86,86,86,1347,0,5,20.13983880993704,0.9422799994354136,497.9289789998802,120.0
1781461390,20,GET,/api/products/{id} [GET],5.900000,0.000000,4,6,7,8,14,22,22,65,65,65,65,744,0,5,20.786462081996287,0.9878209993985365,501.92681399948924,39.0
1781461390,20,,Aggregated,20.000000,0.000000,5,8,11,15,21,82,100,190,200,200,200,2616,0,7,55.0773631865418,0.9422799994354136,2511.467815999822,95.9598623853211
1781461391,20,GET,/api/load/mixed [GET],3.000000,0.000000,29,91,100,100,200,200,270,270,270,270,270,530,0,88,192.82201309245653,13.122887999998056,2511.467815999822,115.0
1781461391,20,GET,/api/products [GET],10.500000,0.000000,4,7,9,11,13,17,86,87,87,87,87,1356,0,5,20.15652214748244,0.9422799994354136,497.9289789998802,120.0
1781461391,20,GET,/api/products/{id} [GET],6.500000,0.000000,3,5,7,7,14,22,22,65,65,65,65,750,0,5,20.647983881339314,0.9878209993985365,501.92681399948924,39.0
1781461391,20,,Aggregated,20.000000,0.000000,5,8,12,15,26,91,190,200,270,270,270,2636,0,7,55.01285997040702,0.9422799994354136,2511.467815999822,95.94840667678301
1781461392,20,GET,/api/load/mixed [GET],3.100000,0.000000,29,100,100,100,200,200,270,270,270,270,270,531,0,88,192.487336570626,13.122887999998056,2511.467815999822,115.0
1781461392,20,GET,/api/products [GET],10.500000,0.000000,4,6,9,10,13,17,86,87,87,87,87,1370,0,5,19.997034711669073,0.9422799994354136,497.9289789998802,120.0
1781461392,20,GET,/api/products/{id} [GET],6.300000,0.000000,4,6,7,7,14,22,22,65,65,65,65,755,0,5,20.54145990198999,0.9878209993985365,501.92681399948924,39.0
1781461392,20,,Aggregated,19.900000,0.000000,5,8,11,15,22,87,190,200,270,270,270,2656,0,7,54.63686577559931,0.9422799994354136,2511.467815999822,95.97515060240964
1781461393,20,GET,/api/load/mixed [GET],2.900000,0.000000,29,82,100,100,200,200,270,270,270,270,270,537,0,87,190.59615443017435,13.122887999998056,2511.467815999822,115.0
1781461393,20,GET,/api/products [GET],10.200000,0.000000,4,6,9,10,13,17,86,87,87,87,87,1378,0,5,19.912531132790726,0.9422799994354136,497.9289789998802,120.0
1781461393,20,GET,/api/products/{id} [GET],6.600000,0.000000,4,5,7,8,17,22,22,65,65,65,65,761,0,5,20.43659827595715,0.9878209993985365,501.92681399948924,39.0
1781461393,20,,Aggregated,19.700000,0.000000,5,9,13,16,29,87,190,200,270,270,270,2676,0,7,54.313099446185696,0.9422799994354136,2511.467815999822,95.96188340807174
1781461394,20,GET,/api/load/mixed [GET],2.900000,0.000000,20,34,93,100,100,200,270,270,270,270,270,544,0,87,188.65311016912256,12.954261000231782,2511.467815999822,115.0
1781461394,20,GET,/api/products [GET],10.800000,0.000000,4,7,9,11,13,17,86,87,87,87,87,1386,0,5,19.845986900422673,0.9422799994354136,497.9289789998802,120.0
1781461394,20,GET,/api/products/{id} [GET],6.400000,0.000000,4,6,7,8,16,19,22,65,65,65,65,766,0,5,20.343637275463372,0.9878209993985365,501.92681399948924,39.0
1781461394,20,,Aggregated,20.100000,0.000000,5,10,13,15,22,86,100,200,270,270,270,2696,0,7,54.04935308938937,0.9422799994354136,2511.467815999822,95.97700296735906
1781461395,20,GET,/api/load/mixed [GET],3.100000,0.000000,22,48,100,100,190,200,270,270,270,270,270,547,0,87,188.2487007056705,12.954261000231782,2511.467815999822,115.0
1781461395,20,GET,/api/products [GET],10.500000,0.000000,4,7,9,11,13,17,66,86,87,87,87,1399,0,5,19.715286887050397,0.9422799994354136,497.9289789998802,120.0
1781461395,20,GET,/api/products/{id} [GET],6.300000,0.000000,4,5,7,8,17,19,65,65,65,65,65,770,0,5,20.25463880909701,0.9878209993985365,501.92681399948924,39.0
1781461395,20,,Aggregated,19.900000,0.000000,5,10,14,17,30,93,190,200,270,270,270,2716,0,7,53.810676555224696,0.9422799994354136,2511.467815999822,96.02908689248895
1781461396,20,GET,/api/load/mixed [GET],3.600000,0.000000,24,48,100,100,190,200,270,270,270,270,270,552,0,86,186.74359295471442,12.954261000231782,2511.467815999822,115.0
1781461396,20,GET,/api/products [GET],10.200000,0.000000,3,7,10,11,13,22,86,87,87,87,87,1406,0,5,19.631269785194117,0.9422799994354136,497.9289789998802,120.0
1781461396,20,GET,/api/products/{id} [GET],6.400000,0.000000,4,5,7,8,14,18,19,22,22,22,22,778,0,5,20.106909438308435,0.9878209993985365,501.92681399948924,39.0
1781461396,20,,Aggregated,20.200000,0.000000,6,11,14,17,30,93,190,200,270,270,270,2736,0,7,53.48216526754005,0.9422799994354136,2511.467815999822,95.95833333333333
1781461397,20,GET,/api/load/mixed [GET],3.300000,0.000000,26,48,100,100,190,200,270,270,270,270,270,557,0,86,185.60026980969948,12.954261000231782,2511.467815999822,115.0
1781461397,20,GET,/api/products [GET],10.400000,0.000000,4,8,11,12,15,25,86,87,87,87,87,1416,0,5,19.568321745044155,0.9422799994354136,497.9289789998802,120.0
1781461397,20,GET,/api/products/{id} [GET],6.100000,0.000000,3,5,7,7,16,19,87,88,88,88,88,783,0,5,20.209332301410342,0.9878209993985365,501.92681399948924,39.0
1781461397,20,,Aggregated,19.800000,0.000000,6,13,16,18,48,100,190,200,270,270,270,2756,0,7,53.30624131603402,0.9422799994354136,2511.467815999822,95.9767779390421
1781461398,20,GET,/api/load/mixed [GET],3.700000,0.000000,26,48,100,100,130,190,270,270,270,270,270,562,0,85,184.40727741281594,12.954261000231782,2511.467815999822,115.0
1781461398,20,GET,/api/products [GET],10.800000,0.000000,4,8,10,11,15,22,66,87,87,87,87,1427,0,5,19.45531048281931,0.9422799994354136,497.9289789998802,120.0
1781461398,20,GET,/api/products/{id} [GET],5.500000,0.000000,3,5,7,7,16,22,88,88,88,88,88,787,0,5,20.15265370267369,0.9878209993985365,501.92681399948924,39.0
1781461398,20,,Aggregated,20.000000,0.000000,7,13,16,19,48,100,190,200,270,270,270,2776,0,7,53.04746269055846,0.9422799994354136,2511.467815999822,96.02413544668588
1781461399,20,GET,/api/load/mixed [GET],3.800000,0.000000,27,48,93,100,180,190,270,270,270,270,270,567,0,85,183.41743977425412,12.954261000231782,2511.467815999822,115.0
1781461399,20,GET,/api/products [GET],10.300000,0.000000,3,6,9,11,15,21,66,87,87,87,87,1435,0,5,19.376633539359446,0.9422799994354136,497.9289789998802,120.0
1781461399,20,GET,/api/products/{id} [GET],5.700000,0.000000,4,7,9,13,21,87,87,88,88,88,88,794,0,5,20.18161910957582,0.9878209993985365,501.92681399948924,39.0
1781461399,20,,Aggregated,19.800000,0.000000,6,13,17,20,66,100,190,200,270,270,270,2796,0,7,52.87101682903664,0.9422799994354136,2511.467815999822,95.98390557939913
1781461400,20,GET,/api/load/mixed [GET],4.300000,0.000000,30,57,93,100,180,190,270,270,270,270,270,571,0,85,182.44247959720403,12.954261000231782,2511.467815999822,115.0
1781461400,20,GET,/api/products [GET],10.100000,0.000000,3,6,9,10,15,17,25,87,87,87,87,1443,0,5,19.295747336784853,0.9422799994354136,497.9289789998802,120.0
1781461400,20,GET,/api/products/{id} [GET],5.500000,0.000000,5,7,10,13,21,87,87,88,88,88,88,802,0,5,20.039590003744976,0.9878209993985365,501.92681399948924,39.0
1781461400,20,,Aggregated,19.900000,0.000000,6,13,17,20,57,100,190,200,270,270,270,2816,0,7,52.58883893465481,0.9422799994354136,2511.467815999822,95.91725852272727
1781461401,20,GET,/api/load/mixed [GET],4.600000,0.000000,27,45,90,93,100,130,190,190,190,190,190,575,0,85,181.4444298608767,12.954261000231782,2511.467815999822,115.0
1781461401,20,GET,/api/products [GET],10.100000,0.000000,3,5,8,10,15,17,25,70,70,70,70,1452,0,5,19.241790688003185,0.9422799994354136,497.9289789998802,120.0
1781461401,20,GET,/api/products/{id} [GET],5.200000,0.000000,5,7,10,13,21,87,87,88,88,88,88,809,0,5,19.908852742895036,0.9878209993985365,501.92681399948924,39.0
1781461401,20,,Aggregated,19.900000,0.000000,6,13,17,19,45,92,110,180,190,190,190,2836,0,7,52.318719717202825,0.9422799994354136,2511.467815999822,95.88011283497885
1781461402,20,GET,/api/load/mixed [GET],4.600000,0.000000,26,45,90,93,100,130,190,190,190,190,190,578,0,85,180.60339091869275,12.954261000231782,2511.467815999822,115.0
1781461402,20,GET,/api/products [GET],9.500000,0.000000,3,4,7,9,15,17,25,70,70,70,70,1462,0,5,19.136015916540682,0.9422799994354136,497.9289789998802,120.0
1781461402,20,GET,/api/products/{id} [GET],5.900000,0.000000,4,6,10,10,21,87,87,88,88,88,88,816,0,5,19.77212411274681,0.9878209993985365,501.92681399948924,39.0
1781461402,20,,Aggregated,20.000000,0.000000,5,13,16,18,45,92,110,180,190,190,190,2856,0,7,51.99568224684478,0.9422799994354136,2511.467815999822,95.8452380952381
1781461403,20,GET,/api/load/mixed [GET],4.700000,0.000000,37,90,100,110,180,190,200,200,200,200,200,583,0,85,180.3237598387724,12.954261000231782,2511.467815999822,115.0
1781461403,20,GET,/api/products [GET],9.800000,0.000000,3,4,7,7,15,17,25,70,70,70,70,1469,0,5,19.070741810062714,0.9422799994354136,497.9289789998802,120.0
1781461403,20,GET,/api/products/{id} [GET],5.800000,0.000000,4,6,10,13,22,87,87,88,88,88,88,824,0,5,19.71191926820533,0.9878209993985365,501.92681399948924,39.0
1781461403,20,,Aggregated,20.300000,0.000000,5,12,17,21,70,100,180,190,200,200,200,2876,0,7,51.94238288664395,0.9422799994354136,2511.467815999822,95.77920723226704
1781461404,20,GET,/api/load/mixed [GET],4.700000,0.000000,33,72,100,110,170,190,200,200,200,200,200,587,0,85,179.40793335435168,12.954261000231782,2511.467815999822,115.0
1781461404,20,GET,/api/products [GET],9.200000,0.000000,3,4,7,10,16,17,25,70,70,70,70,1482,0,5,18.97906559310465,0.9422799994354136,497.9289789998802,120.0
1781461404,20,GET,/api/products/{id} [GET],6.100000,0.000000,4,7,10,13,22,87,87,88,88,88,88,827,0,5,19.6714640556246,0.9878209993985365,501.92681399948924,39.0
1781461404,20,,Aggregated,20.000000,0.000000,5,14,17,22,70,100,180,190,200,200,200,2896,0,7,51.69465913742661,0.9422799994354136,2511.467815999822,95.85566298342542
1781461405,20,GET,/api/load/mixed [GET],4.300000,0.000000,34,90,100,110,170,190,200,200,200,200,200,589,0,85,179.00649561970147,12.954261000231782,2511.467815999822,115.0
1781461405,20,GET,/api/products [GET],9.200000,0.000000,3,6,10,11,17,21,35,70,70,70,70,1493,0,5,18.92002137373026,0.9422799994354136,497.9289789998802,120.0
1781461405,20,GET,/api/products/{id} [GET],6.100000,0.000000,4,7,10,11,22,87,87,88,88,88,88,834,0,5,19.546631884895543,0.9878209993985365,501.92681399948924,39.0
1781461405,20,,Aggregated,19.600000,0.000000,6,14,17,22,59,100,170,190,200,200,200,2916,0,7,51.43494815603111,0.9422799994354136,2511.467815999822,95.82338820301783
1781461406,20,GET,/api/load/mixed [GET],4.400000,0.000000,37,90,100,110,170,190,200,200,200,200,200,593,0,85,178.15410041822,12.954261000231782,2511.467815999822,115.0
1781461406,20,GET,/api/products [GET],9.500000,0.000000,3,6,10,11,19,35,180,200,200,200,200,1501,0,5,19.146828929365636,0.9422799994354136,497.9289789998802,120.0
1781461406,20,GET,/api/products/{id} [GET],6.200000,0.000000,5,9,11,13,22,59,87,90,90,90,90,839,0,5,19.6047686662717,0.9878209993985365,501.92681399948924,39.0
1781461406,20,,Aggregated,20.100000,0.000000,6,14,18,24,72,110,180,200,200,200,200,2933,0,7,51.42624366927537,0.9422799994354136,2511.467815999822,95.81861575178998
1781461407,20,GET,/api/load/mixed [GET],4.300000,0.000000,50,93,110,120,190,390,500,500,500,500,500,604,0,85,178.0987572897415,12.954261000231782,2511.467815999822,115.0
1781461407,20,GET,/api/products [GET],9.500000,0.000000,4,7,10,11,19,70,180,200,200,200,200,1505,0,5,19.114907038523857,0.9422799994354136,497.9289789998802,120.0
1781461407,20,GET,/api/products/{id} [GET],6.200000,0.000000,4,7,10,11,21,26,87,90,90,90,90,847,0,5,19.47367122432339,0.9878209993985365,501.92681399948924,39.0
1781461407,20,,Aggregated,20.000000,0.000000,7,15,22,27,90,140,200,480,500,500,500,2956,0,7,51.70290393199751,0.9422799994354136,2511.467815999822,95.76894451962112
1781461408,20,GET,/api/load/mixed [GET],4.100000,0.000000,57,96,110,120,190,390,500,500,500,500,500,607,0,85,177.5695831153272,12.954261000231782,2511.467815999822,115.0
1781461408,20,GET,/api/products [GET],9.300000,0.000000,4,7,10,11,18,70,180,200,200,200,200,1516,0,5,19.056121514497118,0.9422799994354136,497.9289789998802,120.0
1781461408,20,GET,/api/products/{id} [GET],6.000000,0.000000,4,6,10,11,22,32,87,90,90,90,90,853,0,5,19.394955345842018,0.9878209993985365,501.92681399948924,39.0
1781461408,20,,Aggregated,19.400000,0.000000,6,15,22,32,90,140,200,480,500,500,500,2976,0,7,51.48444693447075,0.9422799994354136,2511.467815999822,95.76344086021506
1781461409,20,GET,/api/load/mixed [GET],4.700000,0.000000,50,96,110,120,200,480,500,500,500,500,500,610,0,84,176.7850950721367,12.954261000231782,2511.467815999822,115.0
1781461409,20,GET,/api/products [GET],9.000000,0.000000,4,6,7,10,18,70,180,200,200,200,200,1530,0,5,18.910597308482476,0.9314299995821784,497.9289789998802,120.0
1781461409,20,GET,/api/products/{id} [GET],6.300000,0.000000,4,6,9,11,21,32,59,90,90,90,90,856,0,5,19.34585789252804,0.9878209993985365,501.92681399948924,39.0
1781461409,20,,Aggregated,20.000000,0.000000,5,13,19,26,90,120,200,480,500,500,500,2996,0,7,51.178964029367854,0.9314299995821784,2511.467815999822,95.83911882510013
1781461410,20,GET,/api/load/mixed [GET],4.400000,0.000000,50,93,110,120,200,480,500,500,500,500,500,614,0,84,176.01566754072343,12.954261000231782,2511.467815999822,115.0
1781461410,20,GET,/api/products [GET],8.900000,0.000000,4,6,9,11,18,35,180,200,200,200,200,1542,0,5,18.81104899998641,0.9314299995821784,497.9289789998802,120.0
1781461410,20,GET,/api/products/{id} [GET],6.600000,0.000000,3,6,10,11,21,32,59,90,90,90,90,860,0,5,19.295983248842507,0.9878209993985365,501.92681399948924,39.0
1781461410,20,,Aggregated,19.900000,0.000000,6,15,19,25,90,120,200,480,500,500,500,3016,0,7,50.95318402585817,0.9314299995821784,2511.467815999822,95.88527851458886
1781461411,20,GET,/api/load/mixed [GET],4.400000,0.000000,50,93,110,120,200,480,500,500,500,500,500,617,0,84,175.24697622367245,12.954261000231782,2511.467815999822,115.0
1781461411,20,GET,/api/products [GET],9.500000,0.000000,4,6,9,11,18,35,180,200,200,200,200,1551,0,5,18.72410376658841,0.9314299995821784,497.9289789998802,120.0
1781461411,20,GET,/api/products/{id} [GET],6.400000,0.000000,3,6,10,11,21,32,59,90,90,90,90,868,0,5,19.16138375115585,0.9878209993985365,501.92681399948924,39.0
1781461411,20,,Aggregated,20.300000,0.000000,6,14,19,24,90,120,200,480,500,500,500,3036,0,7,50.658942808955324,0.9314299995821784,2511.467815999822,95.82575757575758
1781461412,20,GET,/api/load/mixed [GET],4.300000,0.000000,49,94,110,120,200,390,500,500,500,500,500,622,0,84,174.46164516721004,12.954261000231782,2511.467815999822,115.0
1781461412,20,GET,/api/products [GET],10.000000,0.000000,4,6,10,12,24,73,180,200,200,200,200,1558,0,5,18.740231335031776,0.9314299995821784,497.9289789998802,120.0
1781461412,20,GET,/api/products/{id} [GET],5.800000,0.000000,4,7,10,11,19,32,59,90,90,90,90,874,0,5,19.07881981465206,0.9878209993985365,501.92681399948924,39.0
1781461412,20,,Aggregated,20.100000,0.000000,6,15,21,32,93,140,200,480,500,500,500,3054,0,7,50.55249254485613,0.9314299995821784,2511.467815999822,95.80091683038638
1781461413,20,GET,/api/load/mixed [GET],4.300000,0.000000,77,90,96,100,200,390,500,500,500,500,500,629,0,84,173.81764413990908,12.954261000231782,2511.467815999822,115.0
1781461413,20,GET,/api/products [GET],9.800000,0.000000,4,6,7,11,30,87,190,200,200,200,200,1570,0,5,18.74793062100652,0.9314299995821784,497.9289789998802,120.0
1781461413,20,GET,/api/products/{id} [GET],5.900000,0.000000,4,7,10,11,18,26,90,90,90,90,90,877,0,5,19.03648000798897,0.9878209993985365,501.92681399948924,39.0
1781461413,20,,Aggregated,20.000000,0.000000,6,14,20,32,90,120,370,480,500,500,500,3076,0,7,50.53983816839725,0.9314299995821784,2511.467815999822,95.88361508452536
1781461414,20,GET,/api/load/mixed [GET],4.300000,0.000000,77,93,96,100,200,390,500,500,500,500,500,636,0,84,172.58217297484566,12.954261000231782,2511.467815999822,115.0
1781461414,20,GET,/api/products [GET],9.700000,0.000000,3,5,7,11,30,87,190,200,200,200,200,1579,0,5,18.69019530587738,0.9314299995821784,497.9289789998802,120.0
1781461414,20,GET,/api/products/{id} [GET],5.800000,0.000000,5,9,11,14,19,31,90,90,90,90,90,881,0,5,19.024224454035206,0.9878209993985365,501.92681399948924,39.0
1781461414,20,,Aggregated,19.800000,0.000000,7,15,27,38,93,120,370,480,500,500,500,3096,0,7,50.39871516278677,0.9314299995821784,2511.467815999822,95.9234496124031
1781461415,20,GET,/api/load/mixed [GET],4.900000,0.000000,75,93,96,99,200,390,500,500,500,500,500,639,0,84,171.8792798810653,12.954261000231782,2511.467815999822,115.0
1781461415,20,GET,/api/products [GET],10.000000,0.000000,3,5,6,7,21,73,190,200,200,200,200,1589,0,5,18.593338306469317,0.9314299995821784,497.9289789998802,120.0
1781461415,20,GET,/api/products/{id} [GET],5.500000,0.000000,3,7,10,11,18,26,31,32,32,32,32,888,0,5,18.90521713626841,0.9878209993985365,501.92681399948924,39.0
1781461415,20,,Aggregated,20.400000,0.000000,6,14,21,31,93,120,370,480,500,500,500,3116,0,7,50.11665828946966,0.9314299995821784,2511.467815999822,95.89120667522465
1781461416,20,GET,/api/load/mixed [GET],4.600000,0.000000,65,93,95,96,110,120,370,370,370,370,370,643,0,84,171.29838647122966,12.954261000231782,2511.467815999822,115.0
1781461416,20,GET,/api/products [GET],9.800000,0.000000,3,5,5,6,17,30,87,190,190,190,190,1598,0,5,18.510812990600417,0.9314299995821784,497.9289789998802,120.0
1781461416,20,GET,/api/products/{id} [GET],5.400000,0.000000,4,7,9,11,18,24,32,32,32,32,32,895,0,5,18.817519137438115,0.9878209993985365,501.92681399948924,39.0
1781461416,20,,Aggregated,19.800000,0.000000,5,11,18,24,87,96,120,200,370,370,370,3136,0,7,49.92564454336352,0.9314299995821784,2511.467815999822,95.8577806122449
1781461417,20,GET,/api/load/mixed [GET],5.100000,0.000000,38,89,95,96,100,110,370,370,370,370,370,647,0,83,170.3973973663079,12.954261000231782,2511.467815999822,115.0
1781461417,20,GET,/api/products [GET],9.500000,0.000000,3,5,6,6,17,24,87,190,190,190,190,1609,0,5,18.43046394405058,0.9314299995821784,497.9289789998802,120.0
1781461417,20,GET,/api/products/{id} [GET],5.600000,0.000000,5,7,10,11,18,24,32,32,32,32,32,900,0,5,18.742837358896494,0.9878209993985365,501.92681399948924,39.0
1781461417,20,,Aggregated,20.200000,0.000000,5,13,18,21,80,96,110,200,370,370,370,3156,0,7,49.67372820183341,0.9314299995821784,2511.467815999822,95.87610899873258
1781461418,20,GET,/api/load/mixed [GET],5.000000,0.000000,38,89,95,96,200,280,370,370,370,370,370,654,0,83,169.95959278287683,12.954261000231782,2511.467815999822,115.0
1781461418,20,GET,/api/products [GET],9.800000,0.000000,3,5,6,8,20,30,89,190,190,190,190,1617,0,5,18.41614500988104,0.9314299995821784,497.9289789998802,120.0
1781461418,20,GET,/api/products/{id} [GET],5.800000,0.000000,6,8,10,11,19,24,110,110,110,110,110,905,0,5,18.80721084089098,0.9878209993985365,501.92681399948924,39.0
1781461418,20,,Aggregated,20.600000,0.000000,6,14,19,27,89,99,200,300,370,370,370,3176,0,7,49.73331422291758,0.9314299995821784,2511.467815999822,95.88948362720403
1781461419,20,GET,/api/load/mixed [GET],4.400000,0.000000,38,88,95,96,200,280,370,370,370,370,370,656,0,83,169.54458510975843,12.954261000231782,2511.467815999822,115.0
1781461419,20,GET,/api/products [GET],10.400000,0.000000,3,5,6,7,19,30,89,190,190,190,190,1629,0,5,18.307830467144115,0.9314299995821784,497.9289789998802,120.0
1781461419,20,GET,/api/products/{id} [GET],5.400000,0.000000,5,7,10,11,15,24,31,110,110,110,110,911,0,5,18.711808116362796,0.9878209993985365,501.92681399948924,39.0
1781461419,20,,Aggregated,20.200000,0.000000,5,14,19,24,87,99,200,300,370,370,370,3196,0,7,49.46531941707965,0.9314299995821784,2511.467815999822,95.8851689612015
1781461420,20,GET,/api/load/mixed [GET],4.400000,0.000000,38,88,95,96,200,280,370,370,370,370,370,659,0,83,168.89934061456842,12.954261000231782,2511.467815999822,115.0
1781461420,20,GET,/api/products [GET],10.100000,0.000000,3,5,6,8,19,30,89,190,190,190,190,1640,0,5,18.21705480425552,0.9314299995821784,497.9289789998802,120.0
1781461420,20,GET,/api/products/{id} [GET],5.200000,0.000000,6,7,10,11,18,24,110,110,110,110,110,917,0,5,18.63149287023584,0.9878209993985365,501.92681399948924,39.0
1781461420,20,,Aggregated,19.700000,0.000000,6,14,19,27,87,99,200,300,370,370,370,3216,0,7,49.21197584141376,0.9314299995821784,2511.467815999822,95.87935323383084
1781461421,20,GET,/api/load/mixed [GET],4.600000,0.000000,38,80,95,96,200,280,370,370,370,370,370,663,0,83,168.12118438310765,12.954261000231782,2511.467815999822,115.0
1781461421,20,GET,/api/products [GET],9.900000,0.000000,3,5,8,9,19,34,89,190,190,190,190,1653,0,5,18.198646989703,0.9314299995821784,497.9289789998802,120.0
1781461421,20,GET,/api/products/{id} [GET],5.400000,0.000000,6,7,10,11,21,24,110,110,110,110,110,920,0,5,18.601080369571918,0.9878209993985365,501.92681399948924,39.0
1781461421,20,,Aggregated,19.900000,0.000000,6,14,20,27,77,99,200,300,370,370,370,3236,0,7,49.0295743695879,0.9314299995821784,2511.467815999822,95.94715698393078
1781461422,20,GET,/api/load/mixed [GET],4.600000,0.000000,36,62,95,96,200,280,300,300,300,300,300,667,0,83,167.661906088457,12.954261000231782,2511.467815999822,115.0
1781461422,20,GET,/api/products [GET],9.800000,0.000000,3,5,8,9,20,64,87,89,89,89,89,1662,0,5,18.25302202044503,0.9314299995821784,497.9289789998802,120.0
1781461422,20,GET,/api/products/{id} [GET],5.600000,0.000000,6,8,11,15,23,90,93,110,110,110,110,927,0,5,18.70760618447156,0.9878209993985365,501.92681399948924,39.0
1781461422,20,,Aggregated,20.000000,0.000000,6,14,21,28,75,95,200,280,300,300,300,3256,0,7,48.98923983169115,0.9314299995821784,2511.467815999822,95.91461916461917
1781461423,20,GET,/api/load/mixed [GET],4.500000,0.000000,36,57,96,99,200,280,300,300,300,300,300,669,0,83,167.48377198206447,12.954261000231782,2511.467815999822,115.0
1781461423,20,GET,/api/products [GET],10.100000,0.000000,3,6,9,10,21,79,89,92,92,92,92,1670,0,5,18.303152242502282,0.9314299995821784,497.9289789998802,120.0
1781461423,20,GET,/api/products/{id} [GET],5.300000,0.000000,6,7,11,11,24,90,93,110,110,110,110,937,0,5,18.710907393816033,0.9878209993985365,501.92681399948924,39.0
1781461423,20,,Aggregated,19.900000,0.000000,6,13,21,30,83,96,200,280,300,300,300,3276,0,7,48.88431865964173,0.9314299995821784,2511.467815999822,95.81135531135531
1781461424,20,GET,/api/load/mixed [GET],4.500000,0.000000,36,83,96,100,200,280,300,300,300,300,300,676,0,83,166.48122494970409,12.954261000231782,2511.467815999822,115.0
1781461424,20,GET,/api/products [GET],10.300000,0.000000,3,6,9,11,21,79,89,92,92,92,92,1679,0,5,18.229247252518206,0.9314299995821784,497.9289789998802,120.0
1781461424,20,GET,/api/products/{id} [GET],5.300000,0.000000,6,8,11,12,24,90,93,110,110,110,110,941,0,5,18.663379931992296,0.9878209993985365,501.92681399948924,39.0
1781461424,20,,Aggregated,20.100000,0.000000,7,14,21,34,85,98,200,280,300,300,300,3296,0,7,48.759239902604214,0.9314299995821784,2511.467815999822,95.84921116504854
1781461425,20,GET,/api/load/mixed [GET],4.000000,0.000000,35,49,90,100,200,280,300,300,300,300,300,681,0,83,165.55337591483234,12.954261000231782,2511.467815999822,115.0
1781461425,20,GET,/api/products [GET],10.000000,0.000000,3,7,9,11,21,79,89,92,92,92,92,1688,0,5,18.157318811597793,0.9314299995821784,497.9289789998802,120.0
1781461425,20,GET,/api/products/{id} [GET],6.000000,0.000000,6,8,11,11,23,90,93,110,110,110,110,947,0,5,18.582602621969645,0.9878209993985365,501.92681399948924,39.0
1781461425,20,,Aggregated,20.000000,0.000000,7,14,21,33,83,98,200,280,300,300,300,3316,0,7,48.549194160127826,0.9314299995821784,2511.467815999822,95.84077201447528
1781461426,20,GET,/api/load/mixed [GET],4.000000,0.000000,36,62,90,100,200,280,300,300,300,300,300,683,0,82,165.2573392503676,12.954261000231782,2511.467815999822,115.0
1781461426,20,GET,/api/products [GET],10.000000,0.000000,3,7,9,10,33,79,89,92,92,92,92,1699,0,5,18.0919832171724,0.9314299995821784,497.9289789998802,120.0
1781461426,20,GET,/api/products/{id} [GET],6.000000,0.000000,6,9,11,15,36,90,93,110,110,110,110,954,0,5,18.53152616457818,0.9878209993985365,501.92681399948924,39.0
1781461426,20,,Aggregated,20.000000,0.000000,7,14,23,34,83,98,200,280,300,300,300,3336,0,7,48.34775724070301,0.9314299995821784,2511.467815999822,95.81264988009592
1781461427,20,GET,/api/load/mixed [GET],4.000000,0.000000,45,70,98,100,200,280,300,300,300,300,300,685,0,82,164.9244931649654,12.954261000231782,2511.467815999822,115.0
1781461427,20,GET,/api/products [GET],10.100000,0.000000,3,6,9,10,33,79,89,92,92,92,92,1711,0,5,17.991267855626877,0.9314299995821784,497.9289789998802,120.0
1781461427,20,GET,/api/products/{id} [GET],5.900000,0.000000,5,8,11,11,36,90,93,110,110,110,110,960,0,5,18.443002786465474,0.9878209993985365,501.92681399948924,39.0
1781461427,20,,Aggregated,20.000000,0.000000,6,11,21,34,83,98,200,280,300,300,300,3356,0,7,48.1113289016646,0.9314299995821784,2511.467815999822,95.80899880810489
1781461428,20,GET,/api/load/mixed [GET],4.100000,0.000000,36,58,83,90,100,200,220,220,220,220,220,689,0,82,164.077181017419,12.954261000231782,2511.467815999822,115.0
1781461428,20,GET,/api/products [GET],10.000000,0.000000,3,7,9,10,31,72,87,92,92,92,92,1723,0,5,17.899662356341743,0.9314299995821784,497.9289789998802,120.0
1781461428,20,GET,/api/products/{id} [GET],5.900000,0.000000,6,8,11,12,23,85,90,93,93,93,93,964,0,5,18.40920137552583,0.9878209993985365,501.92681399948924,39.0
1781461428,20,,Aggregated,20.000000,0.000000,6,11,20,26,70,90,100,200,220,220,220,3376,0,7,47.878189006808675,0.9314299995821784,2511.467815999822,95.85041469194313
1781461429,20,GET,/api/load/mixed [GET],3.900000,0.000000,49,83,98,100,200,210,220,220,220,220,220,697,0,82,163.39134377618325,12.954261000231782,2511.467815999822,115.0
1781461429,20,GET,/api/products [GET],10.100000,0.000000,3,6,9,10,33,72,87,92,92,92,92,1727,0,4,17.865613763159185,0.9314299995821784,497.9289789998802,120.0
1781461429,20,GET,/api/products/{id} [GET],6.000000,0.000000,7,11,12,21,72,85,90,93,93,93,93,972,0,5,18.495860174903754,0.9878209993985365,501.92681399948924,39.0
1781461429,20,,Aggregated,20.000000,0.000000,8,15,22,34,83,98,200,210,220,220,220,3396,0,7,47.91391568639069,0.9314299995821784,2511.467815999822,95.79004711425206
1781461430,20,GET,/api/load/mixed [GET],3.800000,0.000000,62,90,100,100,180,210,220,220,220,220,220,703,0,82,162.82006885206167,12.954261000231782,2511.467815999822,115.0
1781461430,20,GET,/api/products [GET],10.700000,0.000000,3,6,8,9,26,72,87,92,92,92,92,1737,0,4,17.824117224511483,0.9314299995821784,497.9289789998802,120.0
1781461430,20,GET,/api/products/{id} [GET],5.900000,0.000000,6,10,12,20,72,85,90,93,93,93,93,976,0,5,18.428664598367444,0.9878209993985365,501.92681399948924,39.0
1781461430,20,,Aggregated,20.400000,0.000000,7,14,24,34,87,100,200,210,220,220,220,3416,0,7,47.83646858020584,0.9314299995821784,2511.467815999822,95.82816159250585
1781461431,20,GET,/api/load/mixed [GET],3.800000,0.000000,80,90,100,100,180,210,220,220,220,220,220,708,0,82,162.11191450988312,12.954261000231782,2511.467815999822,115.0
1781461431,20,GET,/api/products [GET],9.900000,0.000000,3,6,8,9,14,32,83,92,92,92,92,1746,0,4,17.785321096779263,0.9314299995821784,497.9289789998802,120.0
1781461431,20,GET,/api/products/{id} [GET],6.000000,0.000000,5,9,11,12,23,73,84,85,85,85,85,982,0,5,18.360194517319908,0.9878209993985365,501.92681399948924,39.0
1781461431,20,,Aggregated,19.700000,0.000000,7,13,21,32,88,100,200,210,220,220,220,3436,0,7,47.68862547263757,0.9314299995821784,2511.467815999822,95.82013969732247
1781461432,20,GET,/api/load/mixed [GET],4.100000,0.000000,80,90,98,100,170,200,210,210,210,210,210,714,0,82,161.2103655112017,12.954261000231782,2511.467815999822,115.0
1781461432,20,GET,/api/products [GET],9.600000,0.000000,3,6,7,8,13,26,33,58,58,58,58,1754,0,4,17.725565164182274,0.9314299995821784,497.9289789998802,120.0
1781461432,20,GET,/api/products/{id} [GET],6.000000,0.000000,7,10,12,13,22,73,84,85,85,85,85,988,0,5,18.307133442317443,0.9878209993985365,501.92681399948924,39.0
1781461432,20,,Aggregated,19.700000,0.000000,7,14,21,32,86,100,180,210,210,210,210,3456,0,7,47.53538487094447,0.9314299995821784,2511.467815999822,95.81076388888889
1781461433,20,GET,/api/load/mixed [GET],4.400000,0.000000,70,88,94,100,120,180,210,210,210,210,210,719,0,82,160.3093430973553,12.954261000231782,2511.467815999822,115.0
1781461433,20,GET,/api/products [GET],9.200000,0.000000,2,4,6,8,13,26,33,58,58,58,58,1765,0,4,17.64314543398095,0.9314299995821784,497.9289789998802,120.0
1781461433,20,GET,/api/products/{id} [GET],6.200000,0.000000,5,10,11,12,21,36,73,84,84,84,84,992,0,5,18.25542030948668,0.9878209993985365,501.92681399948924,39.0
1781461433,20,,Aggregated,19.800000,0.000000,6,13,21,26,84,100,170,210,210,210,210,3476,0,7,47.327947734460984,0.9314299995821784,2511.467815999822,95.84953970080552
1781461434,20,GET,/api/load/mixed [GET],4.800000,0.000000,35,86,90,94,110,180,210,210,210,210,210,722,0,82,159.7100741177265,12.954261000231782,2511.467815999822,115.0
1781461434,20,GET,/api/products [GET],9.200000,0.000000,3,4,6,7,13,26,33,58,58,58,58,1775,0,4,17.56067168224112,0.9314299995821784,497.9289789998802,120.0
1781461434,20,GET,/api/products/{id} [GET],6.100000,0.000000,5,9,11,12,21,36,73,84,84,84,84,999,0,5,18.142747256268255,0.9878209993985365,501.92681399948924,39.0
1781461434,20,,Aggregated,20.100000,0.000000,5,13,18,23,80,92,170,210,210,210,210,3496,0,7,47.08394458180472,0.9314299995821784,2511.467815999822,95.82122425629291
1781461435,20,GET,/api/load/mixed [GET],5.000000,0.000000,35,83,88,92,110,180,210,210,210,210,210,727,0,81,158.90941881292815,12.954261000231782,2511.467815999822,115.0
1781461435,20,GET,/api/products [GET],9.500000,0.000000,3,4,7,8,16,24,32,58,58,58,58,1783,0,4,17.522964568690895,0.9314299995821784,497.9289789998802,120.0
1781461435,20,GET,/api/products/{id} [GET],5.600000,0.000000,4,8,10,11,20,23,73,84,84,84,84,1006,0,5,18.05092434394769,0.9878209993985365,501.92681399948924,39.0
1781461435,20,,Aggregated,20.100000,0.000000,5,13,17,21,80,90,170,210,210,210,210,3516,0,7,46.908368371156676,0.9314299995821784,2511.467815999822,95.79038680318544
1781461436,20,GET,/api/load/mixed [GET],4.800000,0.000000,33,82,88,90,110,180,210,210,210,210,210,731,0,81,158.26376383310304,12.954261000231782,2511.467815999822,115.0
1781461436,20,GET,/api/products [GET],9.600000,0.000000,3,4,7,9,16,23,32,58,58,58,58,1793,0,4,17.460451173439797,0.9314299995821784,497.9289789998802,120.0
1781461436,20,GET,/api/products/{id} [GET],5.800000,0.000000,4,9,11,11,20,23,73,84,84,84,84,1012,0,5,17.975267666019057,0.9878209993985365,501.92681399948924,39.0
1781461436,20,,Aggregated,20.200000,0.000000,6,14,18,22,80,90,170,210,210,210,210,3536,0,7,46.71616832409163,0.9314299995821784,2511.467815999822,95.78421945701358
1781461437,20,GET,/api/load/mixed [GET],4.800000,0.000000,40,88,92,100,180,210,300,300,300,300,300,736,0,81,158.23018891576058,12.954261000231782,2511.467815999822,115.0
1781461437,20,GET,/api/products [GET],9.300000,0.000000,3,4,7,10,16,24,58,68,68,68,68,1804,0,4,17.421121716172955,0.9314299995821784,497.9289789998802,120.0
1781461437,20,GET,/api/products/{id} [GET],5.900000,0.000000,4,7,11,11,21,73,84,93,93,93,93,1016,0,5,18.023431683081444,0.9878209993985365,501.92681399948924,39.0
1781461437,20,,Aggregated,20.000000,0.000000,7,15,21,27,86,100,210,240,300,300,300,3556,0,7,46.737044209220294,0.9314299995821784,2511.467815999822,95.822272215973
1781461438,20,GET,/api/load/mixed [GET],4.800000,0.000000,40,88,90,100,180,210,300,300,300,300,300,742,0,81,157.2638484285721,12.954261000231782,2511.467815999822,115.0
1781461438,20,GET,/api/products [GET],9.400000,0.000000,3,6,10,14,21,26,68,85,85,85,85,1813,0,4,17.431177031976784,0.9314299995821784,497.9289789998802,120.0
1781461438,20,GET,/api/products/{id} [GET],5.800000,0.000000,3,7,10,11,15,21,23,93,93,93,93,1021,0,5,17.971457158677435,0.9878209993985365,501.92681399948924,39.0
1781461438,20,,Aggregated,20.000000,0.000000,7,15,21,26,86,100,210,240,300,300,300,3576,0,7,46.59993211744542,0.9314299995821784,2511.467815999822,95.83585011185683
1781461439,20,GET,/api/load/mixed [GET],4.800000,0.000000,33,86,89,92,120,180,300,300,300,300,300,744,0,81,156.99683689516147,12.954261000231782,2511.467815999822,115.0
1781461439,20,GET,/api/products [GET],9.400000,0.000000,3,4,10,11,18,23,70,85,85,85,85,1824,0,4,17.391948614020517,0.9314299995821784,497.9289789998802,120.0
1781461439,20,GET,/api/products/{id} [GET],5.400000,0.000000,3,6,10,11,13,18,21,93,93,93,93,1028,0,5,17.865528625497266,0.9878209993985365,501.92681399948924,39.0
1781461439,20,,Aggregated,19.600000,0.000000,5,14,16,21,74,92,170,240,300,300,300,3596,0,7,46.41110243297706,0.9314299995821784,2511.467815999822,95.80978865406007
1781461440,20,GET,/api/load/mixed [GET],5.400000,0.000000,28,74,88,89,100,240,300,300,300,300,300,746,0,81,156.61399719034912,12.954261000231782,2511.467815999822,115.0
1781461440,20,GET,/api/products [GET],9.000000,0.000000,3,4,10,11,16,23,70,85,85,85,85,1834,0,4,17.312401850586305,0.9314299995821784,497.9289789998802,120.0
1781461440,20,GET,/api/products/{id} [GET],5.700000,0.000000,3,4,7,10,13,16,21,93,93,93,93,1036,0,5,17.74895243437479,0.9878209993985365,501.92681399948924,39.0
1781461440,20,,Aggregated,20.100000,0.000000,4,13,15,18,68,88,100,240,300,300,300,3616,0,7,46.176134297563294,0.9314299995821784,2511.467815999822,95.76161504424779
1781461441,20,GET,/api/load/mixed [GET],5.100000,0.000000,22,40,74,88,94,240,300,300,300,300,300,748,0,81,156.2374973676471,12.954261000231782,2511.467815999822,115.0
1781461441,20,GET,/api/products [GET],9.700000,0.000000,3,4,5,10,16,22,70,85,85,85,85,1849,0,4,17.195864850716173,0.9314299995821784,497.9289789998802,120.0
1781461441,20,GET,/api/products/{id} [GET],5.600000,0.000000,3,4,5,6,11,15,16,93,93,93,93,1039,0,5,17.702719949000898,0.9878209993985365,501.92681399948924,39.0
1781461441,20,,Aggregated,20.400000,0.000000,3,10,14,15,27,85,94,240,300,300,300,3636,0,7,45.944424688390306,0.9314299995821784,2511.467815999822,95.82535753575358
1781461442,20,GET,/api/load/mixed [GET],4.500000,0.000000,18,33,74,86,94,240,300,300,300,300,300,752,0,80,155.49130425664828,12.954261000231782,2511.467815999822,115.0
1781461442,20,GET,/api/products [GET],9.800000,0.000000,3,4,5,10,15,21,70,85,85,85,85,1861,0,4,17.112752558288182,0.9314299995821784,497.9289789998802,120.0
1781461442,20,GET,/api/products/{id} [GET],6.000000,0.000000,3,4,6,6,11,15,16,93,93,93,93,1043,0,5,17.65325756377018,0.9878209993985365,501.92681399948924,39.0
1781461442,20,,Aggregated,20.300000,0.000000,4,10,14,15,22,74,94,240,300,300,300,3656,0,7,45.729934614602584,0.9314299995821784,2511.467815999822,95.86351203501094
1781461443,20,GET,/api/load/mixed [GET],4.200000,0.000000,21,33,74,86,94,240,300,300,300,300,300,756,0,80,154.78098205555568,12.954261000231782,2511.467815999822,115.0
1781461443,20,GET,/api/products [GET],10.400000,0.000000,3,4,6,10,15,21,70,85,85,85,85,1872,0,4,17.03064253096861,0.9314299995821784,497.9289789998802,120.0
1781461443,20,GET,/api/products/{id} [GET],5.700000,0.000000,3,4,6,7,11,15,93,93,93,93,93,1048,0,5,17.586673785317302,0.9878209993985365,501.92681399948924,39.0
1781461443,20,,Aggregated,20.300000,0.000000,4,10,14,16,26,74,94,240,300,300,300,3676,0,7,45.51866686044255,0.9314299995821784,2511.467815999822,95.87921653971708
1781461444,20,GET,/api/load/mixed [GET],3.700000,0.000000,20,27,67,86,94,240,300,300,300,300,300,758,0,80,154.41341408707297,12.954261000231782,2511.467815999822,115.0
1781461444,20,GET,/api/products [GET],10.700000,0.000000,3,4,5,7,14,18,68,70,85,85,85,1882,0,4,16.96338961475827,0.9314299995821784,497.9289789998802,120.0
1781461444,20,GET,/api/products/{id} [GET],5.600000,0.000000,3,5,6,7,11,15,93,93,93,93,93,1056,0,5,17.49138850569514,0.9878209993985365,501.92681399948924,39.0
1781461444,20,,Aggregated,20.000000,0.000000,4,7,13,15,22,70,94,240,300,300,300,3696,0,7,45.30340189258424,0.9314299995821784,2511.467815999822,95.83170995670996
1781461445,20,GET,/api/load/mixed [GET],3.700000,0.000000,20,26,86,90,120,240,300,300,300,300,300,761,0,80,154.06214173193348,12.954261000231782,2511.467815999822,115.0
1781461445,20,GET,/api/products [GET],10.800000,0.000000,3,4,5,7,14,18,68,70,85,85,85,1894,0,4,16.888079167358264,0.9314299995821784,497.9289789998802,120.0
1781461445,20,GET,/api/products/{id} [GET],5.500000,0.000000,2,4,5,7,10,15,93,93,93,93,93,1061,0,5,17.41964707070248,0.9878209993985365,501.92681399948924,39.0
1781461445,20,,Aggregated,20.000000,0.000000,4,6,11,15,22,85,94,240,300,300,300,3716,0,7,45.131743095531256,0.9314299995821784,2511.467815999822,95.84876210979547
1781461446,20,GET,/api/load/mixed [GET],3.700000,0.000000,20,27,67,86,94,240,300,300,300,300,300,765,0,80,153.38434394248492,12.954261000231782,2511.467815999822,115.0
1781461446,20,GET,/api/products [GET],10.700000,0.000000,3,4,5,6,11,15,23,70,85,85,85,1904,0,4,16.821996199566165,0.9314299995821784,497.9289789998802,120.0
1781461446,20,GET,/api/products/{id} [GET],5.600000,0.000000,2,4,5,7,10,13,16,93,93,93,93,1067,0,5,17.350864123725955,0.9878209993985365,501.92681399948924,39.0
1781461446,20,,Aggregated,20.000000,0.000000,4,6,11,14,22,70,94,240,300,300,300,3736,0,7,44.93615521948378,0.9314299995821784,2511.467815999822,95.84261241970022
1781461447,20,GET,/api/load/mixed [GET],3.400000,0.000000,20,25,29,32,90,94,94,94,94,94,94,770,0,80,152.71008695194888,12.954261000231782,2511.467815999822,115.0
1781461447,20,GET,/api/products [GET],11.200000,0.000000,3,4,5,5,9,11,24,70,70,70,70,1913,0,4,16.769486734957415,0.9314299995821784,497.9289789998802,120.0
1781461447,20,GET,/api/products/{id} [GET],5.400000,0.000000,2,4,5,6,8,10,11,21,21,21,21,1073,0,5,17.29364721157089,0.9878209993985365,501.92681399948924,39.0
1781461447,20,,Aggregated,20.000000,0.000000,3,5,8,11,20,26,86,94,94,94,94,3756,0,7,44.78777383785694,0.9314299995821784,2511.467815999822,95.83519701810437
1781461448,20,GET,/api/load/mixed [GET],3.400000,0.000000,20,29,45,84,94,190,290,290,290,290,290,777,0,80,152.27164539511088,12.954261000231782,2511.467815999822,115.0
1781461448,20,GET,/api/products [GET],11.100000,0.000000,3,4,5,5,9,23,84,90,90,90,90,1922,0,4,16.828754415699102,0.9314299995821784,497.9289789998802,120.0
1781461448,20,GET,/api/products/{id} [GET],5.500000,0.000000,3,4,6,7,10,12,14,21,21,21,21,1078,0,5,17.24926645641523,0.9878209993985365,501.92681399948924,39.0
1781461448,20,,Aggregated,20.000000,0.000000,3,6,10,14,23,71,94,190,290,290,290,3777,0,7,44.81192578739512,0.9314299995821784,2511.467815999822,95.85305798252581
1781461449,20,GET,/api/load/mixed [GET],3.700000,0.000000,22,29,45,84,94,190,290,290,290,290,290,778,0,80,152.10383447686553,12.954261000231782,2511.467815999822,115.0
1781461449,20,GET,/api/products [GET],10.800000,0.000000,3,4,5,6,10,23,84,90,90,90,90,1933,0,4,16.759058584570102,0.9314299995821784,497.9289789998802,120.0
1781461449,20,GET,/api/products/{id} [GET],5.900000,0.000000,3,5,6,7,10,12,21,21,21,21,21,1086,0,5,17.14005986925868,0.9878209993985365,501.92681399948924,39.0
1781461449,20,,Aggregated,20.400000,0.000000,4,7,10,14,23,71,94,190,290,290,290,3797,0,7,44.59998643270774,0.9314299995821784,2511.467815999822,95.80826968659468
1781461450,20,GET,/api/load/mixed [GET],3.200000,0.000000,22,32,61,86,94,190,290,290,290,290,290,781,0,80,151.68353529705806,12.954261000231782,2511.467815999822,115.0
1781461450,20,GET,/api/products [GET],10.600000,0.000000,3,4,5,7,10,23,84,90,90,90,90,1941,0,4,16.704858388960847,0.9314299995821784,497.9289789998802,120.0
1781461450,20,GET,/api/products/{id} [GET],5.800000,0.000000,3,4,6,7,10,14,21,69,69,69,69,1095,0,5,17.08151828859785,0.9878209993985365,501.92681399948924,39.0
1781461450,20,,Aggregated,19.600000,0.000000,4,7,11,15,25,84,94,190,290,290,290,3817,0,7,44.43102796069975,0.9314299995821784,2511.467815999822,95.74011003405816
1781461451,20,GET,/api/load/mixed [GET],3.400000,0.000000,26,32,66,86,94,190,290,290,290,290,290,785,0,79,151.08393219618193,12.954261000231782,2511.467815999822,115.0
1781461451,20,GET,/api/products [GET],10.700000,0.000000,3,4,5,7,10,23,84,90,90,90,90,1954,0,4,16.61700441656682,0.9314299995821784,497.9289789998802,120.0
1781461451,20,GET,/api/products/{id} [GET],5.900000,0.000000,3,4,6,7,11,14,21,69,69,69,69,1098,0,5,17.050320898009844,0.9878209993985365,501.92681399948924,39.0
1781461451,20,,Aggregated,20.000000,0.000000,3,7,11,15,29,84,94,190,290,290,290,3837,0,7,44.25117689600992,0.9314299995821784,2511.467815999822,95.79801928590044
1781461452,20,GET,/api/load/mixed [GET],3.500000,0.000000,27,45,84,86,94,190,290,290,290,290,290,786,0,79,150.90967492748428,12.954261000231782,2511.467815999822,115.0
1781461452,20,GET,/api/products [GET],10.800000,0.000000,3,4,5,7,10,23,84,90,90,90,90,1966,0,4,16.531305753800652,0.9314299995821784,497.9289789998802,120.0
1781461452,20,GET,/api/products/{id} [GET],5.700000,0.000000,3,4,6,7,11,14,21,69,69,69,69,1105,0,5,16.969682151144436,0.9878209993985365,501.92681399948924,39.0
1781461452,20,,Aggregated,20.000000,0.000000,3,6,10,14,29,84,94,190,290,290,290,3857,0,6,44.04123681150899,0.9314299995821784,2511.467815999822,95.775213896811
1781461453,20,GET,/api/load/mixed [GET],3.700000,0.000000,29,61,86,90,94,190,290,290,290,290,290,789,0,79,150.5139672027914,12.954261000231782,2511.467815999822,115.0
1781461453,20,GET,/api/products [GET],10.500000,0.000000,3,4,5,6,10,23,84,90,90,90,90,1976,0,4,16.469118987333417,0.9314299995821784,497.9289789998802,120.0
1781461453,20,GET,/api/products/{id} [GET],5.800000,0.000000,3,4,5,6,11,14,21,69,69,69,69,1112,0,5,16.888706116918808,0.9878209993985365,501.92681399948924,39.0
1781461453,20,,Aggregated,20.000000,0.000000,3,6,10,14,31,84,94,190,290,290,290,3877,0,6,43.86864597471958,0.9314299995821784,2511.467815999822,95.75006448284756
1781461454,20,GET,/api/load/mixed [GET],3.500000,0.000000,29,45,84,89,94,190,290,290,290,290,290,793,0,79,149.95167950693693,12.954261000231782,2511.467815999822,115.0
1781461454,20,GET,/api/products [GET],10.400000,0.000000,3,4,5,6,10,11,84,90,90,90,90,1986,0,4,16.407248957688406,0.9314299995821784,497.9289789998802,120.0
1781461454,20,GET,/api/products/{id} [GET],6.100000,0.000000,3,4,6,6,11,14,21,69,69,69,69,1118,0,5,16.82036787568317,0.9878209993985365,501.92681399948924,39.0
1781461454,20,,Aggregated,20.000000,0.000000,3,6,10,14,31,84,94,190,290,290,290,3897,0,6,43.700705559144154,0.9314299995821784,2511.467815999822,95.74467539132667
1781461455,20,GET,/api/load/mixed [GET],3.200000,0.000000,31,66,92,92,94,190,290,290,290,290,290,796,0,79,149.63679677512633,12.954261000231782,2511.467815999822,115.0
1781461455,20,GET,/api/products [GET],10.300000,0.000000,3,4,5,6,10,11,84,90,90,90,90,1996,0,4,16.339380527038678,0.9314299995821784,497.9289789998802,120.0
1781461455,20,GET,/api/products/{id} [GET],6.400000,0.000000,3,4,5,6,12,14,21,69,69,69,69,1125,0,5,16.745443980456102,0.9878209993985365,501.92681399948924,39.0
1781461455,20,,Aggregated,19.900000,0.000000,3,6,10,14,32,89,94,190,290,290,290,3917,0,6,43.54427323027409,0.9314299995821784,2511.467815999822,95.71993872861884
1781461456,20,GET,/api/load/mixed [GET],3.300000,0.000000,27,45,89,92,100,190,290,290,290,290,290,800,0,79,148.9770314887504,12.954261000231782,2511.467815999822,115.0
1781461456,20,GET,/api/products [GET],10.500000,0.000000,2,4,5,6,9,11,84,90,90,90,90,2002,0,4,16.30042846651789,0.9314299995821784,497.9289789998802,120.0
1781461456,20,GET,/api/products/{id} [GET],6.200000,0.000000,2,4,5,6,12,13,14,69,69,69,69,1135,0,5,16.648633814987075,0.9878209993985365,501.92681399948924,39.0
1781461456,20,,Aggregated,20.000000,0.000000,3,6,10,13,27,84,92,190,290,290,290,3937,0,6,43.36075244119383,0.9314299995821784,2511.467815999822,95.63246126492253
1781461457,20,GET,/api/load/mixed [GET],3.500000,0.000000,27,66,92,92,93,190,290,290,290,290,290,804,0,78,148.48847066044706,12.954261000231782,2511.467815999822,115.0
1781461457,20,GET,/api/products [GET],10.000000,0.000000,2,4,5,6,9,11,26,90,90,90,90,2012,0,4,16.254417112807896,0.9314299995821784,497.9289789998802,120.0
1781461457,20,GET,/api/products/{id} [GET],6.500000,0.000000,3,5,6,7,13,15,69,90,90,90,90,1141,0,5,16.683351063988496,0.9878209993985365,501.92681399948924,39.0
1781461457,20,,Aggregated,20.000000,0.000000,3,6,11,14,27,90,93,190,290,290,290,3957,0,6,43.24597452766753,0.9314299995821784,2511.467815999822,95.62774829416225
1781461458,20,GET,/api/load/mixed [GET],3.400000,0.000000,27,31,66,89,92,92,93,93,93,93,93,807,0,78,148.04395233085538,12.954261000231782,2511.467815999822,115.0
1781461458,20,GET,/api/products [GET],10.000000,0.000000,2,4,5,5,7,10,15,26,26,26,26,2024,0,4,16.178334239610216,0.9314299995821784,497.9289789998802,120.0
1781461458,20,GET,/api/products/{id} [GET],6.600000,0.000000,3,5,6,7,13,15,69,90,90,90,90,1146,0,4,16.621076691110975,0.9878209993985365,501.92681399948924,39.0
1781461458,20,,Aggregated,20.000000,0.000000,3,5,10,13,26,66,92,92,93,93,93,3977,0,6,43.063659019357594,0.9314299995821784,2511.467815999822,95.64470706562736
1781461459,20,GET,/api/load/mixed [GET],3.400000,0.000000,27,29,32,66,92,92,93,93,93,93,93,811,0,77,147.42511231072828,12.954261000231782,2511.467815999822,115.0
1781461459,20,GET,/api/products [GET],9.900000,0.000000,2,4,5,6,9,14,21,26,26,26,26,2036,0,4,16.119557629159686,0.9314299995821784,497.9289789998802,120.0
1781461459,20,GET,/api/products/{id} [GET],6.700000,0.000000,3,5,7,11,15,16,17,90,90,90,90,1150,0,5,16.608323260880635,0.9878209993985365,501.92681399948924,39.0
1781461459,20,,Aggregated,20.000000,0.000000,3,6,13,15,26,31,92,92,93,93,93,3997,0,6,42.9023660662955,0.9314299995821784,2511.467815999822,95.68051038278709
1781461460,20,GET,/api/load/mixed [GET],3.400000,0.000000,28,48,84,86,92,92,93,93,93,93,93,817,0,77,146.81547505630553,12.954261000231782,2511.467815999822,115.0
1781461460,20,GET,/api/products [GET],10.400000,0.000000,2,3,5,6,9,14,21,26,26,26,26,2045,0,4,16.065728222968602,0.9314299995821784,497.9289789998802,120.0
1781461460,20,GET,/api/products/{id} [GET],6.600000,0.000000,4,6,7,10,15,16,17,90,90,90,90,1155,0,5,16.563330329015677,0.9878209993985365,501.92681399948924,39.0
1781461460,20,,Aggregated,20.400000,0.000000,4,7,13,15,27,70,92,92,93,93,93,4017,0,6,42.8014199320354,0.9314299995821784,2511.467815999822,95.69330346029375
1781461461,20,GET,/api/load/mixed [GET],3.200000,0.000000,28,48,84,88,92,93,96,96,96,96,96,821,0,77,146.2913323203436,12.954261000231782,2511.467815999822,115.0
1781461461,20,GET,/api/products [GET],10.300000,0.000000,2,4,6,6,9,14,21,26,26,26,26,2058,0,4,15.987052458683205,0.9314299995821784,497.9289789998802,120.0
1781461461,20,GET,/api/products/{id} [GET],6.500000,0.000000,3,6,10,11,15,16,17,90,90,90,90,1158,0,5,16.531462829027394,0.9878209993985365,501.92681399948924,39.0
1781461461,20,,Aggregated,20.000000,0.000000,4,7,14,15,28,84,92,93,96,96,96,4037,0,6,42.64304477359093,0.9314299995821784,2511.467815999822,95.7485756750062
1781461462,20,GET,/api/load/mixed [GET],3.600000,0.000000,25,31,70,86,92,93,96,96,96,96,96,826,0,76,145.51390963317598,12.954261000231782,2511.467815999822,115.0
1781461462,20,GET,/api/products [GET],10.200000,0.000000,2,4,5,6,9,14,21,26,26,26,26,2065,0,4,15.943631213544364,0.9314299995821784,497.9289789998802,120.0
1781461462,20,GET,/api/products/{id} [GET],6.100000,0.000000,3,7,10,13,15,17,69,90,90,90,90,1166,0,5,16.505532263305543,0.9878209993985365,501.92681399948924,39.0
1781461462,20,,Aggregated,19.900000,0.000000,4,9,15,16,28,84,92,93,96,96,96,4057,0,6,42.48546670741619,0.9314299995821784,2511.467815999822,95.70224303672664
1781461463,20,GET,/api/load/mixed [GET],3.500000,0.000000,25,31,70,86,92,96,100,100,100,100,100,831,0,76,144.98377455596003,12.954261000231782,2511.467815999822,115.0
1781461463,20,GET,/api/products [GET],10.300000,0.000000,2,4,6,7,10,14,21,26,26,26,26,2074,0,4,15.896788659580807,0.9314299995821784,497.9289789998802,120.0
1781461463,20,GET,/api/products/{id} [GET],6.100000,0.000000,4,7,10,13,16,30,69,90,90,90,90,1172,0,5,16.459153566565192,0.9878209993985365,501.92681399948924,39.0
1781461463,20,,Aggregated,19.900000,0.000000,5,10,15,17,28,84,92,96,100,100,100,4077,0,6,42.36977785528291,0.9314299995821784,2511.467815999822,95.69610007358352
1781461464,20,GET,/api/load/mixed [GET],3.900000,0.000000,24,28,62,70,86,93,100,100,100,100,100,838,0,75,143.9936951396224,12.954261000231782,2511.467815999822,115.0
1781461464,20,GET,/api/products [GET],9.900000,0.000000,2,4,6,7,10,14,21,26,26,26,26,2082,0,4,15.849651033607307,0.9314299995821784,497.9289789998802,120.0
1781461464,20,GET,/api/products/{id} [GET],6.200000,0.000000,3,7,11,13,16,30,69,90,90,90,90,1177,0,4,16.40667048599203,0.9878209993985365,501.92681399948924,39.0
1781461464,20,,Aggregated,20.000000,0.000000,5,11,15,17,28,70,90,96,100,100,100,4097,0,6,42.22024435952822,0.9314299995821784,2511.467815999822,95.7073468391506
1781461465,20,GET,/api/load/mixed [GET],4.100000,0.000000,27,39,70,84,93,100,130,130,130,130,130,845,0,75,143.31209088402855,12.954261000231782,2511.467815999822,115.0
1781461465,20,GET,/api/products [GET],9.800000,0.000000,2,4,6,7,13,14,21,26,26,26,26,2089,0,4,15.816839588783898,0.9314299995821784,497.9289789998802,120.0
1781461465,20,GET,/api/products/{id} [GET],5.900000,0.000000,3,7,10,13,17,30,90,90,90,90,90,1183,0,4,16.349933913787968,0.9878209993985365,501.92681399948924,39.0
1781461465,20,,Aggregated,19.800000,0.000000,5,13,16,18,34,86,96,100,130,130,130,4117,0,6,42.13798069419125,0.9314299995821784,2511.467815999822,95.69880981297061
1781461466,20,GET,/api/load/mixed [GET],4.400000,0.000000,28,39,84,86,98,100,130,130,130,130,130,852,0,75,142.58775157981822,12.954261000231782,2511.467815999822,115.0
1781461466,20,GET,/api/products [GET],9.500000,0.000000,2,4,6,7,13,14,21,21,21,21,21,2098,0,4,15.777397834590097,0.9314299995821784,497.9289789998802,120.0
1781461466,20,GET,/api/products/{id} [GET],6.000000,0.000000,3,5,7,10,16,21,69,69,69,69,69,1187,0,4,16.311823318460004,0.9878209993985365,501.92681399948924,39.0
1781461466,20,,Aggregated,19.900000,0.000000,5,13,16,19,34,86,100,110,130,130,130,4137,0,6,42.04686470437216,0.9314299995821784,2511.467815999822,95.72951414068166
1781461467,20,GET,/api/load/mixed [GET],4.700000,0.000000,28,66,87,96,110,200,200,280,280,280,280,861,0,75,142.31581482694818,12.954261000231782,2511.467815999822,115.0
1781461467,20,GET,/api/products [GET],9.400000,0.000000,2,4,6,7,13,14,21,21,21,21,21,2104,0,4,15.740333207684467,0.9314299995821784,497.9289789998802,120.0
1781461467,20,GET,/api/products/{id} [GET],5.700000,0.000000,3,5,9,11,16,21,69,69,69,69,69,1192,0,4,16.261278755881897,0.9878209993985365,501.92681399948924,39.0
1781461467,20,,Aggregated,19.800000,0.000000,6,14,17,21,69,98,190,200,280,280,280,4157,0,6,42.106091390902606,0.9314299995821784,2511.467815999822,95.7380322347847
1781461468,20,GET,/api/load/mixed [GET],4.900000,0.000000,24,66,87,96,110,200,200,280,280,280,280,865,0,75,141.73875924508948,12.954261000231782,2511.467815999822,115.0
1781461468,20,GET,/api/products [GET],9.400000,0.000000,2,4,6,7,10,13,14,21,21,21,21,2116,0,4,15.67393554204593,0.9314299995821784,497.9289789998802,120.0
1781461468,20,GET,/api/products/{id} [GET],5.400000,0.000000,2,5,7,8,13,21,69,69,69,69,69,1196,0,4,16.223071181447384,0.9878209993985365,501.92681399948924,39.0
1781461468,20,,Aggregated,19.700000,0.000000,5,13,16,20,69,98,190,200,280,280,280,4177,0,6,41.937483238444585,0.9314299995821784,2511.467815999822,95.77184582236055
1781461469,20,GET,/api/load/mixed [GET],5.100000,0.000000,24,39,87,96,110,200,200,280,280,280,280,867,0,75,141.45866084083306,12.954261000231782,2511.467815999822,115.0
1781461469,20,GET,/api/products [GET],9.300000,0.000000,2,3,6,7,11,13,14,21,21,21,21,2129,0,4,15.6051732104126,0.9314299995821784,497.9289789998802,120.0
1781461469,20,GET,/api/products/{id} [GET],5.200000,0.000000,2,4,6,7,13,21,69,69,69,69,69,1201,0,4,16.170145313914208,0.9878209993985365,501.92681399948924,39.0
1781461469,20,,Aggregated,19.600000,0.000000,5,12,15,18,39,98,190,200,280,280,280,4197,0,6,41.765169701210894,0.9314299995821784,2511.467815999822,95.78842030021444
1781461470,20,GET,/api/load/mixed [GET],5.700000,0.000000,23,32,86,93,110,200,200,280,280,280,280,871,0,74,140.89244666131245,12.954261000231782,2511.467815999822,115.0
1781461470,20,GET,/api/products [GET],9.200000,0.000000,2,3,6,7,11,13,14,21,21,21,21,2139,0,4,15.545878151458538,0.9314299995821784,497.9289789998802,120.0
1781461470,20,GET,/api/products/{id} [GET],5.100000,0.000000,2,5,7,8,13,21,69,69,69,69,69,1207,0,4,16.119611243587713,0.9878209993985365,501.92681399948924,39.0
1781461470,20,,Aggregated,20.000000,0.000000,5,12,15,17,32,98,190,200,280,280,280,4217,0,6,41.59979254896462,0.9314299995821784,2511.467815999822,95.7832582404553
1781461471,20,GET,/api/load/mixed [GET],5.600000,0.000000,24,39,87,93,110,200,200,280,280,280,280,876,0,74,140.34686506849656,12.954261000231782,2511.467815999822,115.0
1781461471,20,GET,/api/products [GET],9.300000,0.000000,2,3,6,7,11,13,21,69,69,69,69,2146,0,4,15.535999312195035,0.9314299995821784,497.9289789998802,120.0
1781461471,20,GET,/api/products/{id} [GET],5.100000,0.000000,2,4,5,7,11,15,30,30,30,30,30,1215,0,4,16.034989566265093,0.9878209993985365,501.92681399948924,39.0
1781461471,20,,Aggregated,20.000000,0.000000,4,12,15,17,39,98,190,200,280,280,280,4237,0,6,41.48374336723769,0.9314299995821784,2511.467815999822,95.73873023365589
1781461472,20,GET,/api/load/mixed [GET],5.300000,0.000000,24,62,93,99,130,200,200,280,280,280,280,882,0,74,139.91975844104522,12.954261000231782,2511.467815999822,115.0
1781461472,20,GET,/api/products [GET],9.500000,0.000000,2,3,5,7,11,13,21,69,69,69,69,2155,0,4,15.487138589777274,0.9314299995821784,497.9289789998802,120.0
1781461472,20,GET,/api/products/{id} [GET],5.300000,0.000000,2,3,5,7,11,13,21,21,21,21,21,1220,0,4,15.982839056567203,0.9878209993985365,501.92681399948924,39.0
1781461472,20,,Aggregated,20.100000,0.000000,4,12,15,17,69,100,190,200,280,280,280,4257,0,6,41.41016543457469,0.9314299995821784,2511.467815999822,95.75052854122622
1781461473,20,GET,/api/load/mixed [GET],5.500000,0.000000,25,87,93,99,190,200,280,280,280,280,280,885,0,74,139.66588524181012,12.954261000231782,2511.467815999822,115.0
1781461473,20,GET,/api/products [GET],9.000000,0.000000,2,3,5,6,11,13,21,69,69,69,69,2167,0,4,15.415061104277736,0.9314299995821784,497.9289789998802,120.0
1781461473,20,GET,/api/products/{id} [GET],5.600000,0.000000,2,3,5,7,10,13,21,21,21,21,21,1225,0,4,15.92653905878548,0.9878209993985365,501.92681399948924,39.0
1781461473,20,,Aggregated,20.100000,0.000000,3,11,15,17,81,99,190,200,280,280,280,4277,0,6,41.27162875823815,0.9314299995821784,2511.467815999822,95.76572363806406
1781461474,20,GET,/api/load/mixed [GET],5.500000,0.000000,25,89,93,99,190,200,280,280,280,280,280,889,0,74,139.217597763782,12.954261000231782,2511.467815999822,115.0
1781461474,20,GET,/api/products [GET],9.100000,0.000000,2,3,4,6,11,14,21,69,69,69,69,2176,0,4,15.37253035016933,0.9314299995821784,497.9289789998802,120.0
1781461474,20,GET,/api/products/{id} [GET],5.200000,0.000000,2,3,5,6,8,11,15,15,15,15,15,1232,0,4,15.850156582802084,0.9878209993985365,501.92681399948924,39.0
1781461474,20,,Aggregated,19.800000,0.000000,3,8,14,16,69,99,190,200,280,280,280,4297,0,6,41.131594918311244,0.9314299995821784,2511.467815999822,95.741912962532
1781461475,20,GET,/api/load/mixed [GET],5.700000,0.000000,27,89,93,94,190,200,280,280,280,280,280,894,0,74,138.79475369910898,12.954261000231782,2511.467815999822,115.0
1781461475,20,GET,/api/products [GET],9.300000,0.000000,2,3,5,6,10,11,21,69,69,69,69,2183,0,4,15.34186807419557,0.9314299995821784,497.9289789998802,120.0
1781461475,20,GET,/api/products/{id} [GET],5.300000,0.000000,2,3,5,6,7,10,11,13,13,13,13,1240,0,4,15.767528601621404,0.9878209993985365,501.92681399948924,39.0
1781461475,20,,Aggregated,20.300000,0.000000,3,7,14,16,78,94,190,200,280,280,280,4317,0,6,41.02977606647751,0.9314299995821784,2511.467815999822,95.69840166782488
1781461476,20,GET,/api/load/mixed [GET],5.400000,0.000000,25,88,91,93,190,200,280,280,280,280,280,896,0,74,138.60175584486998,12.954261000231782,2511.467815999822,115.0
1781461476,20,GET,/api/products [GET],9.400000,0.000000,2,3,5,6,10,13,21,69,69,69,69,2196,0,4,15.27730343987548,0.9314299995821784,497.9289789998802,120.0
1781461476,20,GET,/api/products/{id} [GET],5.300000,0.000000,2,3,5,6,7,8,10,11,11,11,11,1245,0,4,15.717403893983597,0.9878209993985365,501.92681399948924,39.0
1781461476,20,,Aggregated,20.100000,0.000000,3,7,11,15,38,93,190,200,280,280,280,4337,0,6,40.881784514406306,0.9314299995821784,2511.467815999822,95.71477980170624
1781461477,20,GET,/api/load/mixed [GET],5.000000,0.000000,27,88,90,93,100,190,190,190,190,190,190,901,0,74,138.31044450943799,12.954261000231782,2511.467815999822,115.0
1781461477,20,GET,/api/products [GET],9.400000,0.000000,2,3,5,7,11,17,23,69,69,69,69,2205,0,4,15.248389602705684,0.9314299995821784,497.9289789998802,120.0
1781461477,20,GET,/api/products/{id} [GET],5.700000,0.000000,2,3,4,5,7,10,11,11,11,11,11,1251,0,4,15.658191633100405,0.9878209993985365,501.92681399948924,39.0
1781461477,20,,Aggregated,20.100000,0.000000,3,7,11,15,33,90,100,190,190,190,190,4357,0,6,40.814507071374514,0.9314299995821784,2511.467815999822,95.70897406472344
1781461478,20,GET,/api/load/mixed [GET],4.800000,0.000000,25,87,90,93,100,190,190,190,190,190,190,905,0,74,137.78280273370652,12.954261000231782,2511.467815999822,115.0
1781461478,20,GET,/api/products [GET],9.800000,0.000000,2,3,5,6,11,17,23,69,69,69,69,2213,0,4,15.205860286021466,0.9314299995821784,497.9289789998802,120.0
1781461478,20,GET,/api/products/{id} [GET],5.700000,0.000000,2,3,5,6,8,11,11,11,11,11,11,1259,0,4,15.588775010330732,0.9878209993985365,501.92681399948924,39.0
1781461478,20,,Aggregated,20.300000,0.000000,3,7,12,15,33,90,100,190,190,190,190,4377,0,6,40.6603319682378,0.9314299995821784,2511.467815999822,95.66735206762623
1781461479,20,GET,/api/load/mixed [GET],4.400000,0.000000,33,87,90,93,100,190,190,190,190,190,190,909,0,74,137.40081835204037,12.954261000231782,2511.467815999822,115.0
1781461479,20,GET,/api/products [GET],10.100000,0.000000,2,3,5,6,11,17,23,69,69,69,69,2225,0,4,15.139375452568713,0.9314299995821784,497.9289789998802,120.0
1781461479,20,GET,/api/products/{id} [GET],5.700000,0.000000,2,2,4,5,7,10,11,11,11,11,11,1263,0,4,15.548643142523021,0.9878209993985365,501.92681399948924,39.0
1781461479,20,,Aggregated,20.200000,0.000000,3,7,14,16,38,90,100,190,190,190,190,4397,0,6,40.532269855123324,0.9314299995821784,2511.467815999822,95.6997953149875
1781461480,20,GET,/api/load/mixed [GET],4.100000,0.000000,33,87,89,91,100,190,190,190,190,190,190,912,0,73,137.05330653947905,12.954261000231782,2511.467815999822,115.0
1781461480,20,GET,/api/products [GET],9.600000,0.000000,2,3,4,5,10,15,21,23,23,23,23,2238,0,4,15.067988569689312,0.9314299995821784,497.9289789998802,120.0
1781461480,20,GET,/api/products/{id} [GET],6.300000,0.000000,2,2,3,5,7,8,11,11,11,11,11,1267,0,4,15.507935751386903,0.9878209993985365,501.92681399948924,39.0
1781461480,20,,Aggregated,20.000000,0.000000,2,6,11,15,33,89,100,190,190,190,190,4417,0,6,40.3811022368072,0.9314299995821784,2511.467815999822,95.7330767489246
1781461481,20,GET,/api/load/mixed [GET],4.200000,0.000000,33,87,90,93,100,190,190,190,190,190,190,913,0,73,136.91895492990724,12.954261000231782,2511.467815999822,115.0
1781461481,20,GET,/api/products [GET],9.600000,0.000000,2,3,4,5,8,15,21,23,23,23,23,2250,0,4,15.002616899095706,0.9314299995821784,497.9289789998802,120.0
1781461481,20,GET,/api/products/{id} [GET],6.200000,0.000000,2,2,3,5,7,8,11,11,11,11,11,1274,0,4,15.440375321827167,0.9878209993985365,501.92681399948924,39.0
1781461481,20,,Aggregated,20.000000,0.000000,2,5,7,14,30,89,100,190,190,190,190,4437,0,6,40.21499482397545,0.9314299995821784,2511.467815999822,95.71354518819022
1781461482,20,GET,/api/load/mixed [GET],4.200000,0.000000,32,74,87,89,94,100,190,190,190,190,190,914,0,72,136.80410806127463,12.954261000231782,2511.467815999822,115.0
1781461482,20,GET,/api/products [GET],9.800000,0.000000,2,3,5,5,9,15,21,23,23,23,23,2261,0,4,14.94470970630894,0.9314299995821784,497.9289789998802,120.0
1781461482,20,GET,/api/products/{id} [GET],5.900000,0.000000,2,3,5,7,11,13,14,21,21,21,21,1282,0,4,15.401132243376724,0.9878209993985365,501.92681399948924,39.0
1781461482,20,,Aggregated,19.900000,0.000000,2,5,8,13,23,74,93,100,190,190,190,4457,0,6,40.06578302669488,0.9314299995821784,2511.467815999822,95.67601525689926
1781461483,20,GET,/api/load/mixed [GET],3.700000,0.000000,32,78,88,93,190,190,190,190,190,190,190,918,0,72,136.66440533007085,12.954261000231782,2511.467815999822,115.0
1781461483,20,GET,/api/products [GET],10.300000,0.000000,2,3,4,5,9,15,21,23,23,23,23,2270,0,4,14.902086504389043,0.9314299995821784,497.9289789998802,120.0
1781461483,20,GET,/api/products/{id} [GET],6.000000,0.000000,2,5,7,7,12,21,68,83,83,83,83,1289,0,4,15.450838434450912,0.9878209993985365,501.92681399948924,39.0
1781461483,20,,Aggregated,20.000000,0.000000,2,6,10,14,30,83,100,190,190,190,190,4477,0,6,40.02720375250748,0.9314299995821784,2511.467815999822,95.65356265356266
1781461484,20,GET,/api/load/mixed [GET],3.400000,0.000000,32,74,88,92,190,190,190,190,190,190,190,923,0,72,136.16953370098227,12.954261000231782,2511.467815999822,115.0
1781461484,20,GET,/api/products [GET],10.500000,0.000000,2,3,4,5,9,15,23,70,70,70,70,2279,0,4,14.883359957860593,0.9314299995821784,497.9289789998802,120.0
1781461484,20,GET,/api/products/{id} [GET],6.300000,0.000000,2,4,7,7,12,21,68,83,83,83,83,1295,0,4,15.390442481087799,0.9878209993985365,501.92681399948924,39.0
1781461484,20,,Aggregated,20.200000,0.000000,3,5,10,14,30,83,100,190,190,190,190,4497,0,6,39.92312207315549,0.9314299995821784,2511.467815999822,95.64820991772292
1781461485,20,GET,/api/load/mixed [GET],3.100000,0.000000,32,87,92,93,100,190,190,190,190,190,190,928,0,72,135.77963304957558,12.954261000231782,2511.467815999822,115.0
1781461485,20,GET,/api/products [GET],10.100000,0.000000,2,3,4,5,9,15,23,70,70,70,70,2288,0,4,14.846495281453095,0.9314299995821784,497.9289789998802,120.0
1781461485,20,GET,/api/products/{id} [GET],6.600000,0.000000,2,5,7,7,14,21,68,83,83,83,83,1301,0,4,15.353494335901523,0.9878209993985365,501.92681399948924,39.0
1781461485,20,,Aggregated,19.800000,0.000000,3,6,12,14,32,88,100,190,190,190,190,4517,0,6,39.83776329532418,0.9314299995821784,2511.467815999822,95.64290458268762
1781461486,20,GET,/api/load/mixed [GET],3.200000,0.000000,29,74,92,92,100,190,190,190,190,190,190,930,0,72,135.517208919362,12.954261000231782,2511.467815999822,115.0
1781461486,20,GET,/api/products [GET],10.200000,0.000000,2,3,4,5,6,10,20,70,70,70,70,2300,0,4,14.782895064332953,0.9314299995821784,497.9289789998802,120.0
1781461486,20,GET,/api/products/{id} [GET],6.500000,0.000000,2,4,6,7,14,21,68,83,83,83,83,1308,0,4,15.286913210252143,0.9878209993985365,501.92681399948924,39.0
1781461486,20,,Aggregated,19.900000,0.000000,3,5,8,14,29,87,100,190,190,190,190,4538,0,6,39.67098841383493,0.9314299995821784,2511.467815999822,95.62847069193478
1781461487,20,GET,/api/load/mixed [GET],3.300000,0.000000,29,34,88,92,98,190,190,190,190,190,190,933,0,72,135.15915092390892,12.954261000231782,2511.467815999822,115.0
1781461487,20,GET,/api/products [GET],10.500000,0.000000,2,3,4,5,8,11,20,70,70,70,70,2310,0,4,14.739210602582522,0.9314299995821784,497.9289789998802,120.0
1781461487,20,GET,/api/products/{id} [GET],6.100000,0.000000,2,4,5,7,14,21,68,83,83,83,83,1316,0,4,15.212480283441844,0.9878209993985365,501.92681399948924,39.0
1781461487,20,,Aggregated,19.900000,0.000000,2,5,8,13,27,74,98,190,190,190,190,4559,0,6,39.51978248672576,0.9314299995821784,2511.467815999822,95.5953059881553
1781461488,20,GET,/api/load/mixed [GET],3.400000,0.000000,27,34,92,92,98,190,190,190,190,190,190,941,0,70,134.42642373539553,12.954261000231782,2511.467815999822,115.0
1781461488,20,GET,/api/products [GET],10.300000,0.000000,2,3,4,5,9,15,25,70,70,70,70,2315,0,4,14.729782537350284,0.9314299995821784,497.9289789998802,120.0
1781461488,20,GET,/api/products/{id} [GET],6.300000,0.000000,2,4,5,7,14,21,68,83,83,83,83,1322,0,4,15.157761933441842,0.9878209993985365,501.92681399948924,39.0
1781461488,20,,Aggregated,20.000000,0.000000,3,5,12,14,29,88,98,190,190,190,190,4578,0,6,39.45680921471907,0.9314299995821784,2511.467815999822,95.58169506334644
1781461489,20,GET,/api/load/mixed [GET],3.400000,0.000000,29,42,92,94,98,190,190,190,190,190,190,945,0,70,134.05210394392245,12.954261000231782,2511.467815999822,115.0
1781461489,20,GET,/api/products [GET],10.300000,0.000000,2,3,5,5,11,20,25,70,70,70,70,2323,0,4,14.705405118796792,0.9314299995821784,497.9289789998802,120.0
1781461489,20,GET,/api/products/{id} [GET],6.500000,0.000000,2,4,5,7,14,19,68,83,83,83,83,1331,0,4,15.08621019234417,0.9878209993985365,501.92681399948924,39.0
1781461489,20,,Aggregated,20.200000,0.000000,3,7,14,15,32,92,98,190,190,190,190,4599,0,6,39.338908476621526,0.9314299995821784,2511.467815999822,95.53033268101761
1781461490,20,GET,/api/load/mixed [GET],3.100000,0.000000,22,39,92,92,98,190,190,190,190,190,190,948,0,67,133.68638122469076,12.954261000231782,2511.467815999822,115.0
1781461490,20,GET,/api/products [GET],10.300000,0.000000,2,3,5,6,11,20,25,70,70,70,70,2332,0,4,14.660411532575015,0.9314299995821784,497.9289789998802,120.0
1781461490,20,GET,/api/products/{id} [GET],6.400000,0.000000,2,4,5,7,14,19,68,83,83,83,83,1338,0,4,15.022491272055495,0.9878209993985365,501.92681399948924,39.0
1781461490,20,,Aggregated,19.800000,0.000000,3,8,14,16,29,92,98,190,190,190,190,4618,0,6,39.19940719293691,0.9314299995821784,2511.467815999822,95.50498051104374
1781461491,20,GET,/api/load/mixed [GET],3.700000,0.000000,22,88,92,92,98,190,190,190,190,190,190,952,0,67,133.34868856618263,12.954261000231782,2511.467815999822,115.0
1781461491,20,GET,/api/products [GET],9.900000,0.000000,2,3,5,6,14,20,25,70,70,70,70,2341,0,4,14.625800137532272,0.9314299995821784,497.9289789998802,120.0
1781461491,20,GET,/api/products/{id} [GET],6.400000,0.000000,2,3,4,5,14,16,68,83,83,83,83,1346,0,4,14.965204051271774,0.9878209993985365,501.92681399948924,39.0
1781461491,20,,Aggregated,20.000000,0.000000,3,8,14,16,34,92,98,190,190,190,190,4639,0,6,39.088190189692035,0.9314299995821784,2511.467815999822,95.47186893727097
1781461492,20,GET,/api/load/mixed [GET],3.700000,0.000000,29,92,92,96,100,180,190,190,190,190,190,957,0,68,133.1039559299956,12.954261000231782,2511.467815999822,115.0
1781461492,20,GET,/api/products [GET],9.300000,0.000000,2,3,5,6,12,20,25,70,70,70,70,2351,0,4,14.578854161617722,0.9314299995821784,497.9289789998802,120.0
1781461492,20,GET,/api/products/{id} [GET],7.100000,0.000000,2,3,4,4,11,15,16,19,19,19,19,1351,0,4,14.925941038498335,0.9878209993985365,501.92681399948924,39.0
1781461492,20,,Aggregated,20.100000,0.000000,3,8,14,16,39,94,110,190,190,190,190,4659,0,6,39.0256102816014,0.9314299995821784,2511.467815999822,95.48486799742435
1781461493,20,GET,/api/load/mixed [GET],3.900000,0.000000,29,86,92,94,98,110,180,180,180,180,180,961,0,68,132.7580594641063,12.954261000231782,2511.467815999822,115.0
1781461493,20,GET,/api/products [GET],9.100000,0.000000,2,4,5,7,17,20,24,25,25,25,25,2362,0,4,14.541568154514634,0.9314299995821784,497.9289789998802,120.0
1781461493,20,GET,/api/products/{id} [GET],7.000000,0.000000,2,3,4,5,14,16,17,19,19,19,19,1356,0,4,14.900028111365549,0.9878209993985365,501.92681399948924,39.0
1781461493,20,,Aggregated,20.000000,0.000000,3,10,15,17,30,92,98,110,180,180,180,4679,0,6,38.925436470395816,0.9314299995821784,2511.467815999822,95.49882453515708
1781461494,20,GET,/api/load/mixed [GET],4.100000,0.000000,30,91,92,96,100,110,180,180,180,180,180,963,0,70,132.6811135534852,12.954261000231782,2511.467815999822,115.0
1781461494,20,GET,/api/products [GET],9.000000,0.000000,2,3,5,7,17,20,25,31,31,31,31,2374,0,4,14.498724037473131,0.9314299995821784,497.9289789998802,120.0
1781461494,20,GET,/api/products/{id} [GET],6.800000,0.000000,2,3,4,5,11,15,17,17,17,17,17,1362,0,4,14.849381906763599,0.9878209993985365,501.92681399948924,39.0
1781461494,20,,Aggregated,19.900000,0.000000,3,7,14,16,31,92,100,110,180,180,180,4699,0,6,38.82033227792724,0.9314299995821784,2511.467815999822,95.49755267078102
1781461495,20,GET,/api/load/mixed [GET],4.400000,0.000000,34,89,91,92,100,110,180,180,180,180,180,968,0,68,132.2734421890565,12.954261000231782,2511.467815999822,115.0
1781461495,20,GET,/api/products [GET],9.200000,0.000000,2,3,5,7,17,20,25,31,31,31,31,2383,0,4,14.455512271070464,0.9314299995821784,497.9289789998802,120.0
1781461495,20,GET,/api/products/{id} [GET],6.600000,0.000000,2,2,3,5,11,15,17,17,17,17,17,1368,0,4,14.79341895980381,0.9878209993985365,501.92681399948924,39.0
1781461495,20,,Aggregated,20.200000,0.000000,3,8,14,17,34,91,100,110,180,180,180,4719,0,6,38.72124918795928,0.9314299995821784,2511.467815999822,95.4931129476584
1781461496,20,GET,/api/load/mixed [GET],4.100000,0.000000,34,89,91,92,100,110,180,180,180,180,180,970,0,67,132.03661401856357,12.954261000231782,2511.467815999822,115.0
1781461496,20,GET,/api/products [GET],9.500000,0.000000,2,3,5,6,17,20,25,31,31,31,31,2392,0,4,14.412324337358251,0.9314299995821784,497.9289789998802,120.0
1781461496,20,GET,/api/products/{id} [GET],6.300000,0.000000,2,3,4,5,11,15,17,17,17,17,17,1377,0,4,14.718418590421335,0.9878209993985365,501.92681399948924,39.0
1781461496,20,,Aggregated,19.900000,0.000000,3,7,14,17,34,91,100,110,180,180,180,4739,0,6,38.57713817513787,0.9314299995821784,2511.467815999822,95.44059928254906
1781461497,20,GET,/api/load/mixed [GET],4.000000,0.000000,30,86,91,92,100,110,180,180,180,180,180,973,0,66,131.68130269476438,12.954261000231782,2511.467815999822,115.0
1781461497,20,GET,/api/products [GET],9.500000,0.000000,2,4,5,6,12,18,24,31,31,31,31,2404,0,4,14.357768405975117,0.9314299995821784,497.9289789998802,120.0
1781461497,20,GET,/api/products/{id} [GET],6.500000,0.000000,2,3,4,5,11,16,17,17,17,17,17,1382,0,4,14.674207690312594,0.9878209993985365,501.92681399948924,39.0
1781461497,20,,Aggregated,20.000000,0.000000,3,6,14,16,31,91,100,110,180,180,180,4759,0,6,38.43701151460024,0.9314299995821784,2511.467815999822,95.45555789031309
1781461498,20,GET,/api/load/mixed [GET],3.900000,0.000000,29,71,89,91,100,110,180,180,180,180,180,975,0,66,131.44667466974965,12.954261000231782,2511.467815999822,115.0
1781461498,20,GET,/api/products [GET],9.300000,0.000000,2,4,5,5,7,17,24,31,31,31,31,2415,0,4,14.307756348638836,0.9314299995821784,497.9289789998802,120.0
1781461498,20,GET,/api/products/{id} [GET],6.800000,0.000000,2,3,4,5,7,14,17,17,17,17,17,1389,0,4,14.613046366459374,0.9878209993985365,501.92681399948924,39.0
1781461498,20,,Aggregated,20.000000,0.000000,3,5,7,14,22,86,96,110,180,180,180,4779,0,6,38.29488612428989,0.9314299995821784,2511.467815999822,95.4375392341494
1781461499,20,GET,/api/load/mixed [GET],3.900000,0.000000,32,89,92,98,100,110,180,180,180,180,180,983,0,66,130.8925412522945,12.954261000231782,2511.467815999822,115.0
1781461499,20,GET,/api/products [GET],9.500000,0.000000,2,4,5,5,9,18,24,31,31,31,31,2424,0,4,14.276974899324252,0.9314299995821784,497.9289789998802,120.0
1781461499,20,GET,/api/products/{id} [GET],6.600000,0.000000,2,3,5,5,11,16,17,17,17,17,17,1392,0,4,14.597769979175233,0.9878209993985365,501.92681399948924,39.0
1781461499,20,,Aggregated,20.000000,0.000000,3,6,13,15,31,91,100,110,180,180,180,4799,0,6,38.256897482388005,0.9314299995821784,2511.467815999822,95.4809335278183
1781461500,20,GET,/api/load/mixed [GET],3.800000,0.000000,29,86,91,98,100,110,180,180,180,180,180,986,0,62,130.54239624747012,12.954261000231782,2511.467815999822,115.0
1781461500,20,GET,/api/products [GET],9.900000,0.000000,2,4,5,5,8,17,24,31,31,31,31,2436,0,4,14.22397215310486,0.9314299995821784,497.9289789998802,120.0
1781461500,20,GET,/api/products/{id} [GET],6.500000,0.000000,2,3,4,5,7,16,17,17,17,17,17,1397,0,4,14.555811700795877,0.9878209993985365,501.92681399948924,39.0
1781461500,20,,Aggregated,20.200000,0.000000,3,5,9,15,29,89,100,110,180,180,180,4819,0,6,38.11970695392851,0.9314299995821784,2511.467815999822,95.49553849346337
1781461501,20,GET,/api/load/mixed [GET],3.300000,0.000000,28,71,89,98,100,110,180,180,180,180,180,989,0,62,130.21436803539598,12.954261000231782,2511.467815999822,115.0
1781461501,20,GET,/api/products [GET],9.800000,0.000000,2,4,5,5,7,17,24,31,31,31,31,2442,0,4,14.195330586798793,0.9314299995821784,497.9289789998802,120.0
1781461501,20,GET,/api/products/{id} [GET],6.500000,0.000000,2,3,4,5,7,16,17,17,17,17,17,1408,0,4,14.470240216629096,0.9878209993985365,501.92681399948924,39.0
1781461501,20,,Aggregated,19.600000,0.000000,3,5,8,14,26,89,100,110,180,180,180,4839,0,6,37.987415892743066,0.9314299995821784,2511.467815999822,95.40958875800786
1781461502,20,GET,/api/load/mixed [GET],3.600000,0.000000,26,89,95,98,100,120,120,120,120,120,120,995,0,62,129.9329000894566,12.954261000231782,2511.467815999822,115.0
1781461502,20,GET,/api/products [GET],10.400000,0.000000,2,4,5,5,7,9,24,31,31,31,31,2449,0,4,14.17206728091607,0.9314299995821784,497.9289789998802,120.0
1781461502,20,GET,/api/products/{id} [GET],6.000000,0.000000,2,3,4,5,7,13,16,26,26,26,26,1415,0,4,14.429783819797956,0.9878209993985365,501.92681399948924,39.0
1781461502,20,,Aggregated,20.000000,0.000000,3,5,8,14,26,91,100,120,120,120,120,4859,0,6,37.9520009189108,0.9314299995821784,2511.467815999822,95.38793990533031
1781461503,20,GET,/api/load/mixed [GET],3.800000,0.000000,26,46,95,98,100,120,120,120,120,120,120,995,0,62,129.9329000894566,12.954261000231782,2511.467815999822,115.0
1781461503,20,GET,/api/products [GET],10.200000,0.000000,2,3,4,5,6,9,24,31,31,31,31,2464,0,4,14.100997375391431,0.9314299995821784,497.9289789998802,120.0
1781461503,20,GET,/api/products/{id} [GET],6.000000,0.000000,2,3,3,4,6,8,16,26,26,26,26,1420,0,4,14.387096634516663,0.9878209993985365,501.92681399948924,39.0
1781461503,20,,Aggregated,20.000000,0.000000,3,5,7,14,26,89,100,120,120,120,120,4879,0,6,37.80647065853415,0.9314299995821784,2511.467815999822,95.40582086493134
1781461504,20,GET,/api/load/mixed [GET],3.700000,0.000000,26,46,95,97,100,120,120,120,120,120,120,997,0,62,129.7932423520663,12.954261000231782,2511.467815999822,115.0
1781461504,20,GET,/api/products [GET],9.700000,0.000000,2,3,4,5,6,9,24,24,24,24,24,2475,0,4,14.05393743109641,0.9314299995821784,497.9289789998802,120.0
1781461504,20,GET,/api/products/{id} [GET],6.400000,0.000000,2,3,5,5,7,13,26,26,26,26,26,1427,0,4,14.353109713394847,0.9878209993985365,501.92681399948924,39.0
1781461504,20,,Aggregated,19.800000,0.000000,2,5,7,13,25,89,100,120,120,120,120,4899,0,6,37.69529400448841,0.9314299995821784,2511.467815999822,95.38844662175954
1781461505,20,GET,/api/load/mixed [GET],3.500000,0.000000,26,46,95,98,110,120,120,120,120,120,120,999,0,62,129.62048012313338,12.954261000231782,2511.467815999822,115.0
1781461505,20,GET,/api/products [GET],10.000000,0.000000,2,4,4,5,8,11,24,24,24,24,24,2485,0,4,14.022260542037154,0.9314299995821784,497.9289789998802,120.0
1781461505,20,GET,/api/products/{id} [GET],6.500000,0.000000,2,3,5,5,8,16,26,26,26,26,26,1434,0,4,14.299541648545995,0.9878209993985365,501.92681399948924,39.0
1781461505,20,,Aggregated,20.000000,0.000000,3,5,8,14,24,72,100,120,120,120,120,4918,0,6,37.58473359373488,0.9314299995821784,2511.467815999822,95.36620577470516
1781461506,20,GET,/api/load/mixed [GET],3.500000,0.000000,46,97,100,100,120,180,290,290,290,290,290,1004,0,65,129.70515135558713,12.954261000231782,2511.467815999822,115.0
1781461506,20,GET,/api/products [GET],9.900000,0.000000,2,4,5,6,11,15,24,93,93,93,93,2494,0,4,14.035289640321361,0.9314299995821784,497.9289789998802,120.0
1781461506,20,GET,/api/products/{id} [GET],6.800000,0.000000,2,4,5,7,12,15,26,26,26,26,26,1441,0,4,14.278448556567616,0.9878209993985365,501.92681399948924,39.0
1781461506,20,,Aggregated,20.200000,0.000000,3,6,12,15,28,98,120,180,290,290,290,4939,0,6,37.61960491880653,0.9314299995821784,2511.467815999822,95.35108321522576
1781461507,20,GET,/api/load/mixed [GET],3.300000,0.000000,43,95,99,100,120,180,290,290,290,290,290,1008,0,62,129.27005771429555,12.954261000231782,2511.467815999822,115.0
1781461507,20,GET,/api/products [GET],10.200000,0.000000,2,4,5,6,11,15,24,93,93,93,93,2507,0,4,13.977930942545553,0.9314299995821784,497.9289789998802,120.0
1781461507,20,GET,/api/products/{id} [GET],6.700000,0.000000,2,5,6,8,13,16,26,26,26,26,26,1444,0,4,14.259493956380256,0.9878209993985365,501.92681399948924,39.0
1781461507,20,,Aggregated,20.200000,0.000000,3,7,13,15,28,98,120,180,290,290,290,4959,0,6,37.494978891305756,0.9314299995821784,2511.467815999822,95.39745916515426
1781461508,20,GET,/api/load/mixed [GET],3.100000,0.000000,55,98,100,110,180,190,290,290,290,290,290,1014,0,62,129.10970823176328,12.954261000231782,2511.467815999822,115.0
1781461508,20,GET,/api/products [GET],10.100000,0.000000,2,3,4,6,9,14,24,93,93,93,93,2515,0,4,13.94168097851387,0.9314299995821784,497.9289789998802,120.0
1781461508,20,GET,/api/products/{id} [GET],6.400000,0.000000,3,5,6,7,12,15,26,26,26,26,26,1450,0,4,14.214985263457994,0.9878209993985365,501.92681399948924,39.0
1781461508,20,,Aggregated,19.600000,0.000000,3,6,12,15,55,100,180,190,290,290,290,4979,0,6,37.47585869451396,0.9314299995821784,2511.467815999822,95.39264912633058
1781461509,20,GET,/api/load/mixed [GET],3.600000,0.000000,28,95,99,110,180,190,290,290,290,290,290,1019,0,62,128.6455957095273,12.954261000231782,2511.467815999822,115.0
1781461509,20,GET,/api/products [GET],10.100000,0.000000,2,3,5,6,9,15,67,93,93,93,93,2526,0,4,13.92308425612213,0.9314299995821784,497.9289789998802,120.0
1781461509,20,GET,/api/products/{id} [GET],6.300000,0.000000,2,5,6,7,12,15,26,26,26,26,26,1454,0,4,14.187680376901167,0.9878209993985365,501.92681399948924,39.0
1781461509,20,,Aggregated,20.000000,0.000000,3,7,13,15,46,98,180,190,290,290,290,4999,0,6,37.38516905920938,0.9314299995821784,2511.467815999822,95.42128425685137
1781461510,20,GET,/api/load/mixed [GET],3.500000,0.000000,46,95,99,110,180,190,290,290,290,290,290,1022,0,58,128.33690804208229,12.954261000231782,2511.467815999822,115.0
1781461510,20,GET,/api/products [GET],10.000000,0.000000,2,4,6,7,11,15,67,93,93,93,93,2539,0,4,13.8815525533541,0.9314299995821784,497.9289789998802,120.0
1781461510,20,GET,/api/products/{id} [GET],6.100000,0.000000,3,5,6,8,12,15,26,26,26,26,26,1458,0,4,14.162826481491164,0.9878209993985365,501.92681399948924,39.0
1781461510,20,,Aggregated,19.600000,0.000000,3,8,12,15,46,98,180,190,290,290,290,5019,0,6,37.269372975092416,0.9314299995821784,2511.467815999822,95.45168360231122
1781461511,20,GET,/api/load/mixed [GET],3.900000,0.000000,29,95,99,110,180,190,290,290,290,290,290,1026,0,57,127.9215581286624,12.954261000231782,2511.467815999822,115.0
1781461511,20,GET,/api/products [GET],10.400000,0.000000,2,4,5,6,11,14,67,93,93,93,93,2546,0,4,13.85054722425987,0.9314299995821784,497.9289789998802,120.0
1781461511,20,GET,/api/products/{id} [GET],6.100000,0.000000,3,5,6,7,11,14,15,26,26,26,26,1467,0,4,14.097024788013131,0.9878209993985365,501.92681399948924,39.0
1781461511,20,,Aggregated,20.400000,0.000000,3,7,12,14,29,98,180,190,290,290,290,5039,0,6,37.14851106112108,0.9314299995821784,2511.467815999822,95.40047628497717
1781461512,20,GET,/api/load/mixed [GET],3.800000,0.000000,28,55,95,99,180,190,290,290,290,290,290,1028,0,55,127.7137897023421,12.954261000231782,2511.467815999822,115.0
1781461512,20,GET,/api/products [GET],10.200000,0.000000,2,3,6,7,11,14,67,93,93,93,93,2557,0,4,13.804541895566619,0.9314299995821784,497.9289789998802,120.0
1781461512,20,GET,/api/products/{id} [GET],6.000000,0.000000,4,6,7,8,11,14,15,26,26,26,26,1474,0,4,14.058252369753111,0.9878209993985365,501.92681399948924,39.0
1781461512,20,,Aggregated,20.000000,0.000000,4,8,11,14,28,93,180,190,290,290,290,5059,0,6,37.02507480410914,0.9314299995821784,2511.467815999822,95.38367266258153
1781461513,20,GET,/api/load/mixed [GET],3.600000,0.000000,28,72,94,99,180,190,290,290,290,290,290,1031,0,57,127.53750950340206,12.954261000231782,2511.467815999822,115.0
1781461513,20,GET,/api/products [GET],10.300000,0.000000,2,4,6,8,11,15,67,93,93,93,93,2566,0,3,13.776423909572175,0.9314299995821784,497.9289789998802,120.0
1781461513,20,GET,/api/products/{id} [GET],6.100000,0.000000,4,6,7,8,11,12,14,15,15,15,15,1482,0,4,14.001022260469632,0.9878209993985365,501.92681399948924,39.0
1781461513,20,,Aggregated,20.000000,0.000000,4,8,12,14,28,93,180,190,290,290,290,5079,0,6,36.93463103760311,0.9314299995821784,2511.467815999822,95.350068911203
1781461514,20,GET,/api/load/mixed [GET],3.500000,0.000000,28,55,94,99,180,190,290,290,290,290,290,1033,0,55,127.31956143175944,12.954261000231782,2511.467815999822,115.0
1781461514,20,GET,/api/products [GET],10.900000,0.000000,2,4,6,7,11,15,67,93,93,93,93,2578,0,3,13.730406119458477,0.9314299995821784,497.9289789998802,120.0
1781461514,20,GET,/api/products/{id} [GET],5.900000,0.000000,3,6,7,8,11,14,15,23,23,23,23,1488,0,4,13.973060381730921,0.9878209993985365,501.92681399948924,39.0
1781461514,20,,Aggregated,20.300000,0.000000,4,8,12,14,28,93,180,190,290,290,290,5099,0,6,36.81310213433763,0.9314299995821784,2511.467815999822,95.34948029025298
1781461515,20,GET,/api/load/mixed [GET],3.500000,0.000000,25,31,92,98,180,190,290,290,290,290,290,1035,0,55,127.1088666869642,12.954261000231782,2511.467815999822,115.0
1781461515,20,GET,/api/products [GET],10.500000,0.000000,2,3,5,6,9,12,67,93,93,93,93,2590,0,3,13.679277654425968,0.9314299995821784,497.9289789998802,120.0
1781461515,20,GET,/api/products/{id} [GET],6.000000,0.000000,3,4,6,7,9,11,11,23,23,23,23,1494,0,4,13.928817297198977,0.9878209993985365,501.92681399948924,39.0
1781461515,20,,Aggregated,20.000000,0.000000,3,6,10,14,26,92,180,190,290,290,290,5119,0,6,36.68620027114417,0.9314299995821784,2511.467815999822,95.3488962688025
1781461516,20,GET,/api/load/mixed [GET],3.500000,0.000000,19,28,31,91,98,180,190,190,190,190,190,1039,0,49,126.67884496824692,12.954261000231782,2511.467815999822,115.0
1781461516,20,GET,/api/products [GET],10.400000,0.000000,2,3,4,5,8,11,14,24,67,67,67,2605,0,3,13.614463743556763,0.9314299995821784,497.9289789998802,120.0
1781461516,20,GET,/api/products/{id} [GET],6.100000,0.000000,3,4,6,6,9,11,11,23,23,23,23,1495,0,4,13.921636745160193,0.9878209993985365,501.92681399948924,39.0
1781461516,20,,Aggregated,20.000000,0.000000,3,6,9,11,19,29,98,180,190,190,190,5139,0,6,36.563114401243226,0.9314299995821784,2511.467815999822,95.4251799961082
1781461517,20,GET,/api/load/mixed [GET],3.600000,0.000000,25,31,92,98,190,290,290,290,290,290,290,1047,0,49,126.71549457402831,12.954261000231782,2511.467815999822,115.0
1781461517,20,GET,/api/products [GET],10.200000,0.000000,2,3,5,5,9,11,24,67,67,67,67,2611,0,3,13.590895868619262,0.9314299995821784,497.9289789998802,120.0
1781461517,20,GET,/api/products/{id} [GET],6.200000,0.000000,3,4,6,7,11,23,74,100,100,100,100,1501,0,4,13.9950799567068,0.9878209993985365,501.92681399948924,39.0
1781461517,20,,Aggregated,20.000000,0.000000,3,7,11,14,28,94,190,290,290,290,290,5159,0,6,36.66671194940686,0.9314299995821784,2511.467815999822,95.4184919558054
1781461518,20,GET,/api/load/mixed [GET],3.800000,0.000000,24,29,92,94,200,290,290,290,290,290,290,1049,0,50,126.91444935176953,12.954261000231782,2511.467815999822,115.0
1781461518,20,GET,/api/products [GET],11.000000,0.000000,2,3,4,5,10,12,66,83,83,83,83,2623,0,3,13.5968119126813,0.9314299995821784,497.9289789998802,120.0
1781461518,20,GET,/api/products/{id} [GET],5.600000,0.000000,3,5,7,8,11,23,74,100,100,100,100,1507,0,4,13.963443007310296,0.9878209993985365,501.92681399948924,39.0
1781461518,20,,Aggregated,20.400000,0.000000,3,7,10,14,25,83,200,290,290,290,290,5179,0,6,36.65584159663766,0.9314299995821784,2511.467815999822,95.41764819463216
1781461519,20,GET,/api/load/mixed [GET],3.300000,0.000000,21,28,92,190,270,290,290,290,290,290,290,1052,0,49,126.61615417490967,12.954261000231782,2511.467815999822,115.0
1781461519,20,GET,/api/products [GET],10.700000,0.000000,2,3,4,5,7,10,66,83,83,83,83,2633,0,3,13.556262462955774,0.9314299995821784,497.9289789998802,120.0
1781461519,20,GET,/api/products/{id} [GET],5.600000,0.000000,3,5,7,8,11,23,74,100,100,100,100,1514,0,4,13.918291597104984,0.9878209993985365,501.92681399948924,39.0
1781461519,20,,Aggregated,19.600000,0.000000,3,5,8,11,24,83,200,290,290,290,290,5199,0,6,36.53897417483843,0.9314299995821784,2511.467815999822,95.40026928255433
1781461520,20,GET,/api/load/mixed [GET],3.800000,0.000000,27,100,190,200,270,290,290,290,290,290,290,1060,0,55,126.86506978019362,12.954261000231782,2511.467815999822,115.0
1781461520,20,GET,/api/products [GET],10.600000,0.000000,2,3,4,5,8,20,83,90,90,90,90,2643,0,3,13.559333332185318,0.9314299995821784,497.9289789998802,120.0
1781461520,20,GET,/api/products/{id} [GET],5.800000,0.000000,3,5,7,8,10,23,74,100,100,100,100,1516,0,4,13.905297543546098,0.9878209993985365,501.92681399948924,39.0
1781461520,20,,Aggregated,20.200000,0.000000,3,7,10,14,74,190,270,290,290,290,290,5219,0,6,36.67268117263603,0.9314299995821784,2511.467815999822,95.45583445104427
1781461521,20,GET,/api/load/mixed [GET],3.300000,0.000000,27,93,190,200,270,290,290,290,290,290,290,1066,0,50,126.40263789775378,12.954261000231782,2511.467815999822,115.0
1781461521,20,GET,/api/products [GET],10.700000,0.000000,2,3,4,5,8,20,83,90,90,90,90,2654,0,3,13.520463647312159,0.9314299995821784,497.9289789998802,120.0
1781461521,20,GET,/api/products/{id} [GET],6.000000,0.000000,3,5,7,7,11,28,100,100,100,100,100,1519,0,4,13.898800874269217,0.9878209993985365,501.92681399948924,39.0
1781461521,20,,Aggregated,20.000000,0.000000,3,7,14,16,88,190,270,290,290,290,290,5239,0,6,36.59874041744367,0.9314299995821784,2511.467815999822,95.49742317236114
1781461522,20,GET,/api/load/mixed [GET],3.100000,0.000000,25,93,190,200,270,290,290,290,290,290,290,1068,0,49,126.19276841854503,12.954261000231782,2511.467815999822,115.0
1781461522,20,GET,/api/products [GET],10.400000,0.000000,2,3,4,5,7,16,83,90,90,90,90,2664,0,3,13.48192312498732,0.9314299995821784,497.9289789998802,120.0
1781461522,20,GET,/api/products/{id} [GET],5.900000,0.000000,3,4,7,7,11,28,100,100,100,100,100,1527,0,4,13.84004385724546,0.9878209993985365,501.92681399948924,39.0
1781461522,20,,Aggregated,19.400000,0.000000,3,6,14,15,74,190,270,290,290,290,290,5259,0,6,36.47527416732964,0.9314299995821784,2511.467815999822,95.4654877353109
1781461523,20,GET,/api/load/mixed [GET],4.000000,0.000000,32,150,190,190,200,290,290,290,290,290,290,1073,0,50,126.13033619944677,12.954261000231782,2511.467815999822,115.0
1781461523,20,GET,/api/products [GET],10.700000,0.000000,2,3,4,5,10,16,83,90,90,90,90,2672,0,3,13.462977395197631,0.9314299995821784,497.9289789998802,120.0
1781461523,20,GET,/api/products/{id} [GET],5.300000,0.000000,2,4,6,7,11,28,100,100,100,100,100,1535,0,4,13.784876936165569,0.9878209993985365,501.92681399948924,39.0
1781461523,20,,Aggregated,20.000000,0.000000,3,7,14,16,90,190,270,290,290,290,290,5280,0,6,36.45278644677823,0.9314299995821784,2511.467815999822,95.43560606060606
1781461524,20,GET,/api/load/mixed [GET],4.100000,0.000000,37,150,190,200,270,290,290,290,290,290,290,1074,0,49,126.02566595810599,12.954261000231782,2511.467815999822,115.0
1781461524,20,GET,/api/products [GET],10.600000,0.000000,2,3,4,5,8,15,66,83,90,90,90,2687,0,3,13.403381056556894,0.9314299995821784,497.9289789998802,120.0
1781461524,20,GET,/api/products/{id} [GET],5.300000,0.000000,2,4,7,7,11,28,100,100,100,100,100,1538,0,4,13.762819462297223,0.9878209993985365,501.92681399948924,39.0
1781461524,20,,Aggregated,20.000000,0.000000,3,6,14,16,90,190,270,290,290,290,290,5299,0,5,36.33396234591202,0.9314299995821784,2511.467815999822,95.4768824306473
1781461525,20,GET,/api/load/mixed [GET],4.000000,0.000000,37,150,190,200,270,290,290,290,290,290,290,1078,0,48,125.64690582189819,12.954261000231782,2511.467815999822,115.0
1781461525,20,GET,/api/products [GET],10.500000,0.000000,2,3,4,5,10,16,83,90,90,90,90,2698,0,3,13.361156199766086,0.9314299995821784,497.9289789998802,120.0
1781461525,20,GET,/api/products/{id} [GET],5.200000,0.000000,2,4,6,7,11,28,100,100,100,100,100,1544,0,4,13.723390591329107,0.9878209993985365,501.92681399948924,39.0
1781461525,20,,Aggregated,19.700000,0.000000,3,7,14,16,90,190,270,290,290,290,290,5320,0,5,36.21892461954656,0.9314299995821784,2511.467815999822,95.47857142857143
1781461526,20,GET,/api/load/mixed [GET],4.200000,0.000000,42,170,190,200,270,290,290,290,290,290,290,1078,0,48,125.64690582189819,12.954261000231782,2511.467815999822,115.0
1781461526,20,GET,/api/products [GET],10.700000,0.000000,2,4,4,5,10,16,83,90,90,90,90,2709,0,3,13.316912657427373,0.9314299995821784,497.9289789998802,120.0
1781461526,20,GET,/api/products/{id} [GET],5.100000,0.000000,2,3,5,6,8,13,28,100,100,100,100,1553,0,4,13.65728700902243,0.9878209993985365,501.92681399948924,39.0
1781461526,20,,Aggregated,20.000000,0.000000,3,6,13,15,90,190,270,290,290,290,290,5340,0,5,36.09225610299425,0.9314299995821784,2511.467815999822,95.43389513108615
1781461527,20,GET,/api/load/mixed [GET],4.300000,0.000000,42,95,170,190,200,270,290,290,290,290,290,1081,0,49,125.49969042738802,12.954261000231782,2511.467815999822,115.0
1781461527,20,GET,/api/products [GET],10.700000,0.000000,2,3,4,4,7,14,16,20,90,90,90,2720,0,3,13.273186167636782,0.9314299995821784,497.9289789998802,120.0
1781461527,20,GET,/api/products/{id} [GET],5.000000,0.000000,2,2,3,4,6,11,13,28,28,28,28,1559,0,4,13.613984127012097,0.9878209993985365,501.92681399948924,39.0
1781461527,20,,Aggregated,20.000000,0.000000,3,4,7,14,37,150,200,270,290,290,290,5360,0,5,36.0060509294759,0.9314299995821784,2511.467815999822,95.4320895522388
1781461528,20,GET,/api/load/mixed [GET],4.000000,0.000000,42,93,100,170,200,200,290,290,290,290,290,1084,0,49,125.35321979520768,12.954261000231782,2511.467815999822,115.0
1781461528,20,GET,/api/products [GET],10.500000,0.000000,2,3,4,5,13,16,23,90,90,90,90,2729,0,3,13.258056777197071,0.9314299995821784,497.9289789998802,120.0
1781461528,20,GET,/api/products/{id} [GET],5.500000,0.000000,2,2,3,4,7,13,15,28,28,28,28,1567,0,4,13.564437779841647,0.9878209993985365,501.92681399948924,39.0
1781461528,20,,Aggregated,20.000000,0.000000,2,5,13,14,37,95,200,200,290,290,290,5380,0,5,35.933011376206,0.9314299995821784,2511.467815999822,95.40018587360595
1781461529,20,GET,/api/load/mixed [GET],3.900000,0.000000,35,92,95,170,200,200,290,290,290,290,290,1088,0,48,124.98418021783561,12.954261000231782,2511.467815999822,115.0
1781461529,20,GET,/api/products [GET],10.500000,0.000000,2,3,4,5,13,16,23,90,90,90,90,2739,0,3,13.224367870745679,0.9314299995821784,497.9289789998802,120.0
1781461529,20,GET,/api/products/{id} [GET],5.900000,0.000000,2,2,3,3,6,13,15,28,28,28,28,1573,0,4,13.522787677692556,0.9878209993985365,501.92681399948924,39.0
1781461529,20,,Aggregated,20.300000,0.000000,2,4,13,14,33,93,200,200,290,290,290,5400,0,5,35.82882901703489,0.9314299995821784,2511.467815999822,95.39759259259259
1781461530,20,GET,/api/load/mixed [GET],3.700000,0.000000,31,35,88,92,150,170,190,190,190,190,190,1091,0,47,124.68933220990411,12.954261000231782,2511.467815999822,115.0
1781461530,20,GET,/api/products [GET],10.800000,0.000000,2,3,3,4,7,14,18,19,23,23,23,2752,0,3,13.17234237753381,0.9314299995821784,497.9289789998802,120.0
1781461530,20,GET,/api/products/{id} [GET],5.700000,0.000000,2,2,3,3,6,8,13,15,15,15,15,1577,0,4,13.49427879899264,0.9878209993985365,501.92681399948924,39.0
1781461530,20,,Aggregated,20.200000,0.000000,2,3,5,8,18,33,95,170,190,190,190,5420,0,5,35.71343640774729,0.9314299995821784,2511.467815999822,95.42583025830258
1781461531,20,GET,/api/load/mixed [GET],3.700000,0.000000,31,37,93,95,170,190,190,190,190,190,190,1096,0,46,124.4258099042023,12.954261000231782,2511.467815999822,115.0
1781461531,20,GET,/api/products [GET],10.500000,0.000000,2,3,4,4,9,15,23,28,28,28,28,2760,0,3,13.153047282961767,0.9314299995821784,497.9289789998802,120.0
1781461531,20,GET,/api/products/{id} [GET],5.800000,0.000000,2,2,3,4,6,8,13,15,15,15,15,1584,0,4,13.450606930563128,0.9878209993985365,501.92681399948924,39.0
1781461531,20,,Aggregated,20.000000,0.000000,2,4,6,13,23,37,150,190,190,190,190,5440,0,5,35.657878590807485,0.9314299995821784,2511.467815999822,95.40735294117647
1781461532,20,GET,/api/load/mixed [GET],3.600000,0.000000,28,33,92,95,170,190,190,190,190,190,190,1100,0,45,124.03077932909649,12.954261000231782,2511.467815999822,115.0
1781461532,20,GET,/api/products [GET],10.900000,0.000000,2,3,4,4,7,14,23,28,28,28,28,2768,0,3,13.127680857288551,0.9314299995821784,497.9289789998802,120.0
1781461532,20,GET,/api/products/{id} [GET],6.100000,0.000000,2,2,3,4,6,6,8,15,15,15,15,1592,0,4,13.395819952895875,0.9878209993985365,501.92681399948924,39.0
1781461532,20,,Aggregated,20.600000,0.000000,2,4,6,9,22,35,150,190,190,190,190,5460,0,5,35.54897861538308,0.9314299995821784,2511.467815999822,95.37509157509157
1781461533,20,GET,/api/load/mixed [GET],2.800000,0.000000,28,33,82,90,95,96,190,190,190,190,190,1104,0,45,123.81869670924415,12.954261000231782,2511.467815999822,115.0
1781461533,20,GET,/api/products [GET],10.800000,0.000000,2,3,4,5,7,18,25,28,28,28,28,2780,0,3,13.091404142437405,0.9314299995821784,497.9289789998802,120.0
1781461533,20,GET,/api/products/{id} [GET],6.200000,0.000000,2,2,3,4,6,6,8,15,15,15,15,1597,0,4,13.363114291803079,0.9878209993985365,501.92681399948924,39.0
1781461533,20,,Aggregated,19.800000,0.000000,2,4,6,13,23,35,93,96,190,190,190,5481,0,5,35.47360667888917,0.9314299995821784,2511.467815999822,95.39189928845101
1781461534,20,GET,/api/load/mixed [GET],3.000000,0.000000,22,31,76,88,93,96,190,190,190,190,190,1107,0,45,123.52980670280571,12.954261000231782,2511.467815999822,115.0
1781461534,20,GET,/api/products [GET],10.600000,0.000000,2,3,4,4,7,18,25,28,28,28,28,2791,0,3,13.049469836608806,0.9314299995821784,497.9289789998802,120.0
1781461534,20,GET,/api/products/{id} [GET],6.400000,0.000000,2,2,3,4,5,6,6,15,15,15,15,1603,0,4,13.324223099820074,0.9878209993985365,501.92681399948924,39.0
1781461534,20,,Aggregated,20.000000,0.000000,2,4,6,7,21,35,93,96,190,190,190,5501,0,5,35.362169780584104,0.9314299995821784,2511.467815999822,95.39029267405927
1781461535,20,GET,/api/load/mixed [GET],3.300000,0.000000,20,31,76,88,93,96,190,190,190,190,190,1111,0,45,123.14337582358672,12.954261000231782,2511.467815999822,115.0
1781461535,20,GET,/api/products [GET],10.700000,0.000000,2,3,4,5,7,18,25,28,28,28,28,2800,0,3,13.016377590347474,0.9314299995821784,497.9289789998802,120.0
1781461535,20,GET,/api/products/{id} [GET],6.300000,0.000000,2,2,4,4,5,6,6,15,15,15,15,1610,0,4,13.277218204976911,0.9878209993985365,501.92681399948924,39.0
1781461535,20,,Aggregated,20.300000,0.000000,2,4,6,14,21,35,93,96,190,190,190,5521,0,5,35.25348109092395,0.9314299995821784,2511.467815999822,95.37312081144721
1781461536,20,GET,/api/load/mixed [GET],3.100000,0.000000,20,28,82,90,96,100,190,190,190,190,190,1116,0,43,122.81463079211919,12.954261000231782,2511.467815999822,115.0
1781461536,20,GET,/api/products [GET],10.600000,0.000000,2,3,4,5,9,19,28,72,72,72,72,2811,0,3,13.004538954099424,0.9314299995821784,497.9289789998802,120.0
1781461536,20,GET,/api/products/{id} [GET],6.300000,0.000000,2,3,4,4,5,6,6,15,15,15,15,1614,0,4,13.251826045237156,0.9878209993985365,501.92681399948924,39.0
1781461536,20,,Aggregated,20.000000,0.000000,3,5,9,14,22,76,96,100,190,190,190,5541,0,5,35.19316625175813,0.9314299995821784,2511.467815999822,95.39902544667028
1781461537,20,GET,/api/load/mixed [GET],3.100000,0.000000,18,22,31,82,98,100,190,190,190,190,190,1121,0,43,122.48511258251978,12.954261000231782,2511.467815999822,115.0
1781461537,20,GET,/api/products [GET],10.400000,0.000000,2,3,4,5,7,19,28,72,72,72,72,2822,0,3,12.973875517354408,0.9314299995821784,497.9289789998802,120.0
1781461537,20,GET,/api/products/{id} [GET],6.500000,0.000000,2,3,4,4,5,6,6,8,8,8,8,1618,0,4,13.228101435731352,0.9878209993985365,501.92681399948924,39.0
1781461537,20,,Aggregated,20.000000,0.000000,3,5,7,14,21,72,98,100,190,190,190,5561,0,5,35.123387167414606,0.9314299995821784,2511.467815999822,95.4247437511239
1781461538,20,GET,/api/load/mixed [GET],3.300000,0.000000,17,22,29,82,98,100,190,190,190,190,190,1124,0,42,122.21971249555494,12.954261000231782,2511.467815999822,115.0
1781461538,20,GET,/api/products [GET],10.100000,0.000000,2,3,4,5,7,10,28,72,72,72,72,2834,0,3,12.931005239228854,0.9314299995821784,497.9289789998802,120.0
1781461538,20,GET,/api/products/{id} [GET],6.300000,0.000000,2,3,4,5,5,6,6,8,8,8,8,1623,0,4,13.197234659897923,0.9878209993985365,501.92681399948924,39.0
1781461538,20,,Aggregated,19.700000,0.000000,3,5,7,14,20,72,98,100,190,190,190,5581,0,5,35.01891014979272,0.9314299995821784,2511.467815999822,95.43755599354954
1781461539,20,GET,/api/load/mixed [GET],3.800000,0.000000,18,22,32,82,98,100,190,190,190,190,190,1128,0,41,121.86773835727388,12.954261000231782,2511.467815999822,115.0
1781461539,20,GET,/api/products [GET],10.300000,0.000000,2,4,5,5,7,11,28,72,72,72,72,2848,0,3,12.88380123032779,0.9314299995821784,497.9289789998802,120.0
1781461539,20,GET,/api/products/{id} [GET],5.900000,0.000000,2,3,4,5,5,6,8,8,8,8,8,1625,0,4,13.183269194470576,0.9878209993985365,501.92681399948924,39.0
1781461539,20,,Aggregated,20.000000,0.000000,3,5,8,14,22,72,98,100,190,190,190,5601,0,5,34.91924427994888,0.9314299995821784,2511.467815999822,95.49276914836636
1781461540,20,GET,/api/load/mixed [GET],4.000000,0.000000,19,29,82,89,100,110,190,190,190,190,190,1134,0,42,121.67117835450094,12.954261000231782,2511.467815999822,115.0
1781461540,20,GET,/api/products [GET],10.100000,0.000000,2,4,4,5,7,10,25,72,72,72,72,2855,0,3,12.86038599578723,0.9314299995821784,497.9289789998802,120.0
1781461540,20,GET,/api/products/{id} [GET],5.900000,0.000000,2,3,4,4,5,8,11,21,21,21,21,1632,0,4,13.154360874396202,0.9878209993985365,501.92681399948924,39.0
1781461540,20,,Aggregated,20.000000,0.000000,3,5,10,14,25,86,100,180,190,190,190,5621,0,5,34.89760455772848,0.9314299995821784,2511.467815999822,95.47375911759474
1781461541,20,GET,/api/load/mixed [GET],4.000000,0.000000,21,32,89,92,110,180,220,220,220,220,220,1138,0,42,121.58418505185023,12.954261000231782,2511.467815999822,115.0
1781461541,20,GET,/api/products [GET],10.600000,0.000000,2,3,4,5,7,11,25,72,72,72,72,2865,0,3,12.831640662818442,0.9314299995821784,497.9289789998802,120.0
1781461541,20,GET,/api/products/{id} [GET],5.400000,0.000000,2,4,4,4,5,11,90,90,90,90,90,1638,0,4,13.16898190416018,0.9878209993985365,501.92681399948924,39.0
1781461541,20,,Aggregated,20.000000,0.000000,3,5,11,16,28,90,110,180,220,220,220,5641,0,5,34.86903837032359,0.9314299995821784,2511.467815999822,95.47101577734445
1781461542,20,GET,/api/load/mixed [GET],4.200000,0.000000,20,28,86,92,110,180,220,220,220,220,220,1142,0,40,121.23354825131787,12.954261000231782,2511.467815999822,115.0
1781461542,20,GET,/api/products [GET],10.400000,0.000000,2,3,4,4,7,10,24,72,72,72,72,2871,0,3,12.810093333672645,0.9314299995821784,497.9289789998802,120.0
1781461542,20,GET,/api/products/{id} [GET],5.100000,0.000000,2,3,4,4,5,11,21,90,90,90,90,1648,0,4,13.104789938115594,0.9878209993985365,501.92681399948924,39.0
1781461542,20,,Aggregated,19.700000,0.000000,3,5,10,14,26,89,110,180,220,220,220,5661,0,5,34.76827130930829,0.9314299995821784,2511.467815999822,95.41105811694047
1781461543,20,GET,/api/load/mixed [GET],4.200000,0.000000,20,28,86,92,110,180,220,220,220,220,220,1145,0,39,120.95633334934942,12.954261000231782,2511.467815999822,115.0
1781461543,20,GET,/api/products [GET],10.200000,0.000000,2,3,4,4,7,10,24,72,72,72,72,2877,0,3,12.788442636070371,0.9314299995821784,497.9289789998802,120.0
1781461543,20,GET,/api/products/{id} [GET],5.600000,0.000000,2,3,4,4,5,11,21,90,90,90,90,1659,0,4,13.033355884880526,0.9878209993985365,501.92681399948924,39.0
1781461543,20,,Aggregated,20.000000,0.000000,3,4,11,15,26,89,110,180,220,220,220,5681,0,5,34.66109638479086,0.9314299995821784,2511.467815999822,95.33814469283577
1781461544,20,GET,/api/load/mixed [GET],4.200000,0.000000,19,28,86,92,110,180,220,220,220,220,220,1148,0,38,120.6790640940815,12.954261000231782,2511.467815999822,115.0
1781461544,20,GET,/api/products [GET],10.400000,0.000000,2,3,4,5,7,10,24,72,72,72,72,2886,0,3,12.759282798674466,0.9314299995821784,497.9289789998802,120.0
1781461544,20,GET,/api/products/{id} [GET],5.400000,0.000000,2,3,4,4,6,11,21,90,90,90,90,1667,0,4,12.984454101391057,0.9878209993985365,501.92681399948924,39.0
1781461544,20,,Aggregated,20.000000,0.000000,3,5,10,14,26,89,110,180,220,220,220,5701,0,5,34.55673403332741,0.9314299995821784,2511.467815999822,95.30836695316611
1781461545,20,GET,/api/load/mixed [GET],4.200000,0.000000,26,32,90,95,100,130,220,220,220,220,220,1155,0,39,120.32279757403033,12.954261000231782,2511.467815999822,115.0
1781461545,20,GET,/api/products [GET],9.700000,0.000000,2,3,4,5,7,8,22,24,24,24,24,2893,0,3,12.737701451771416,0.9314299995821784,497.9289789998802,120.0
1781461545,20,GET,/api/products/{id} [GET],6.100000,0.000000,2,3,4,5,7,21,21,90,90,90,90,1673,0,4,12.95952539630503,0.9878209993985365,501.92681399948924,39.0
1781461545,20,,Aggregated,20.000000,0.000000,3,5,13,17,28,92,110,180,220,220,220,5721,0,5,34.52268615381902,0.9314299995821784,2511.467815999822,95.30361824855794
1781461546,20,GET,/api/load/mixed [GET],4.100000,0.000000,26,31,86,89,100,130,220,220,220,220,220,1159,0,38,120.05008442968489,12.954261000231782,2511.467815999822,115.0
1781461546,20,GET,/api/products [GET],9.600000,0.000000,2,3,4,5,7,11,22,23,23,23,23,2906,0,3,12.711092886089514,0.9314299995821784,497.9289789998802,120.0
1781461546,20,GET,/api/products/{id} [GET],6.300000,0.000000,2,2,4,4,6,21,21,90,90,90,90,1676,0,3,12.939234237481001,0.9878209993985365,501.92681399948924,39.0
1781461546,20,,Aggregated,20.000000,0.000000,3,5,14,17,28,89,110,180,220,220,220,5741,0,5,34.44742037327985,0.9314299995821784,2511.467815999822,95.34384253614353
1781461547,20,GET,/api/load/mixed [GET],4.200000,0.000000,24,31,86,89,110,180,220,220,220,220,220,1162,0,38,119.78000886058932,12.954261000231782,2511.467815999822,115.0
1781461547,20,GET,/api/products [GET],9.500000,0.000000,2,3,4,5,6,11,22,23,23,23,23,2917,0,3,12.672842086040372,0.9314299995821784,497.9289789998802,120.0
1781461547,20,GET,/api/products/{id} [GET],6.300000,0.000000,2,2,4,4,6,21,21,90,90,90,90,1682,0,3,12.901960183720842,0.9878209993985365,501.92681399948924,39.0
1781461547,20,,Aggregated,20.000000,0.000000,3,5,11,14,26,89,110,180,220,220,220,5761,0,5,34.343368805763504,0.9314299995821784,2511.467815999822,95.34247526471098
1781461548,20,GET,/api/load/mixed [GET],4.600000,0.000000,26,34,89,90,110,180,220,220,220,220,220,1165,0,38,119.60354472532576,12.954261000231782,2511.467815999822,115.0
1781461548,20,GET,/api/products [GET],9.500000,0.000000,2,3,4,5,6,8,22,23,23,23,23,2925,0,3,12.644451100847625,0.9314299995821784,497.9289789998802,120.0
1781461548,20,GET,/api/products/{id} [GET],6.000000,0.000000,2,3,4,4,5,11,21,90,90,90,90,1690,0,3,12.855273872199543,0.9878209993985365,501.92681399948924,39.0
1781461548,20,,Aggregated,20.100000,0.000000,3,5,8,15,26,89,110,180,220,220,220,5780,0,5,34.26445707941203,0.9314299995821784,2511.467815999822,95.30882352941177
1781461549,20,GET,/api/load/mixed [GET],4.300000,0.000000,26,34,90,93,130,190,220,220,220,220,220,1170,0,38,119.40971838120156,12.954261000231782,2511.467815999822,115.0
1781461549,20,GET,/api/products [GET],9.600000,0.000000,2,3,5,5,8,18,23,88,88,88,88,2936,0,3,12.643949850129184,0.9314299995821784,497.9289789998802,120.0
1781461549,20,GET,/api/products/{id} [GET],6.200000,0.000000,2,3,4,4,6,10,65,90,90,90,90,1695,0,3,12.868243662548183,0.9878209993985365,501.92681399948924,39.0
1781461549,20,,Aggregated,20.100000,0.000000,3,5,13,17,28,90,130,190,220,220,220,5801,0,5,34.24300642544471,0.9314299995821784,2511.467815999822,95.32408205481813
1781461550,20,GET,/api/load/mixed [GET],3.900000,0.000000,24,31,86,90,99,190,220,220,220,220,220,1172,0,38,119.23450144369045,12.954261000231782,2511.467815999822,115.0
1781461550,20,GET,/api/products [GET],9.400000,0.000000,2,3,4,5,6,14,23,88,88,88,88,2946,0,3,12.612171947378638,0.9314299995821784,497.9289789998802,120.0
1781461550,20,GET,/api/products/{id} [GET],6.700000,0.000000,2,3,4,4,6,10,65,90,90,90,90,1703,0,3,12.816925974174332,0.9878209993985365,501.92681399948924,39.0
1781461550,20,,Aggregated,20.000000,0.000000,2,5,10,14,26,89,99,190,220,220,220,5821,0,5,34.1394123317303,0.9314299995821784,2511.467815999822,95.29582545954304
1781461551,20,GET,/api/load/mixed [GET],3.900000,0.000000,20,31,62,89,93,99,190,190,190,190,190,1178,0,37,118.79356292699913,12.954261000231782,2511.467815999822,115.0
1781461551,20,GET,/api/products [GET],9.000000,0.000000,2,3,5,5,8,14,23,88,88,88,88,2954,0,3,12.588221264041511,0.9314299995821784,497.9289789998802,120.0
1781461551,20,GET,/api/products/{id} [GET],6.900000,0.000000,2,2,3,4,7,13,21,65,65,65,65,1709,0,3,12.795732667652441,0.9878209993985365,501.92681399948924,39.0
1781461551,20,,Aggregated,19.800000,0.000000,3,5,13,14,24,86,93,99,190,190,190,5841,0,5,34.0681954923818,0.9314299995821784,2511.467815999822,95.29207327512412
1781461552,20,GET,/api/load/mixed [GET],4.000000,0.000000,24,32,89,90,98,99,190,190,190,190,190,1184,0,37,118.42066624577998,12.954261000231782,2511.467815999822,115.0
1781461552,20,GET,/api/products [GET],9.100000,0.000000,2,3,5,5,11,14,23,88,88,88,88,2963,0,3,12.56427796151822,0.9314299995821784,497.9289789998802,120.0
1781461552,20,GET,/api/products/{id} [GET],7.200000,0.000000,2,3,4,5,10,19,21,65,65,65,65,1714,0,3,12.772251507594923,0.9878209993985365,501.92681399948924,39.0
1781461552,20,,Aggregated,20.300000,0.000000,3,5,14,15,27,89,98,99,190,190,190,5861,0,5,34.009497273332215,0.9314299995821784,2511.467815999822,95.30216686572257
1781461553,20,GET,/api/load/mixed [GET],4.000000,0.000000,27,86,91,95,100,190,200,200,200,200,200,1191,0,38,118.44570783207509,12.954261000231782,2511.467815999822,115.0
1781461553,20,GET,/api/products [GET],9.000000,0.000000,2,3,5,5,12,18,24,88,88,88,88,2971,0,3,12.546593512614239,0.9314299995821784,497.9289789998802,120.0
1781461553,20,GET,/api/products/{id} [GET],7.100000,0.000000,2,3,4,5,10,19,21,65,65,65,65,1719,0,3,12.741920812691816,0.9878209993985365,501.92681399948924,39.0
1781461553,20,,Aggregated,20.100000,0.000000,3,8,14,18,62,93,190,200,200,200,200,5881,0,5,34.05001347236796,0.9314299995821784,2511.467815999822,95.31134160856998
1781461554,20,GET,/api/load/mixed [GET],3.900000,0.000000,30,89,93,99,190,190,200,200,200,200,200,1194,0,38,118.5381452328327,12.954261000231782,2511.467815999822,115.0
1781461554,20,GET,/api/products [GET],8.900000,0.000000,2,3,4,5,12,18,24,88,88,88,88,2981,0,3,12.514186981877176,0.9314299995821784,497.9289789998802,120.0
1781461554,20,GET,/api/products/{id} [GET],7.000000,0.000000,2,3,3,4,10,19,65,170,170,170,170,1726,0,3,12.795361991898815,0.9878209993985365,501.92681399948924,39.0
1781461554,20,,Aggregated,19.800000,0.000000,3,6,14,18,65,99,190,200,200,200,200,5901,0,5,34.04916651397999,0.9314299995821784,2511.467815999822,95.29639044229792
1781461555,20,GET,/api/load/mixed [GET],4.000000,0.000000,32,91,95,98,190,190,200,200,200,200,200,1199,0,38,118.24148254712614,12.954261000231782,2511.467815999822,115.0
1781461555,20,GET,/api/products [GET],9.500000,0.000000,2,3,4,5,11,14,71,88,88,88,88,2992,0,3,12.500688097585217,0.9314299995821784,497.9289789998802,120.0
1781461555,20,GET,/api/products/{id} [GET],6.000000,0.000000,2,3,3,4,10,19,65,170,170,170,170,1730,0,3,12.773559852033458,0.9878209993985365,501.92681399948924,39.0
1781461555,20,,Aggregated,19.500000,0.000000,3,5,14,16,86,98,190,200,200,200,200,5921,0,5,33.992882098631576,0.9314299995821784,2511.467815999822,95.32089174125993
1781461556,20,GET,/api/load/mixed [GET],4.600000,0.000000,34,91,96,99,190,200,200,200,200,200,200,1201,0,38,118.13854655620663,12.954261000231782,2511.467815999822,115.0
1781461556,20,GET,/api/products [GET],9.300000,0.000000,2,3,4,4,10,14,71,88,88,88,88,3007,0,3,12.452664638834493,0.9314299995821784,497.9289789998802,120.0
1781461556,20,GET,/api/products/{id} [GET],5.800000,0.000000,2,3,3,4,10,19,65,170,170,170,170,1733,0,3,12.755133870177657,0.9878209993985365,501.92681399948924,39.0
1781461556,20,,Aggregated,19.700000,0.000000,3,5,14,16,88,98,190,200,200,200,200,5941,0,5,33.905774108735535,0.9314299995821784,2511.467815999822,95.36138697189025
1781461557,20,GET,/api/load/mixed [GET],4.500000,0.000000,34,91,95,98,190,190,200,200,200,200,200,1205,0,38,117.85233778838587,12.954261000231782,2511.467815999822,115.0
1781461557,20,GET,/api/products [GET],9.600000,0.000000,2,3,4,5,10,14,71,88,88,88,88,3019,0,3,12.415491703867936,0.9314299995821784,497.9289789998802,120.0
1781461557,20,GET,/api/products/{id} [GET],5.800000,0.000000,2,3,3,3,13,19,170,170,170,170,170,1737,0,3,12.730957308013629,0.9878209993985365,501.92681399948924,39.0
1781461557,20,,Aggregated,19.900000,0.000000,3,6,14,17,88,98,190,200,200,200,200,5961,0,5,33.82118928585848,0.9314299995821784,2511.467815999822,95.38634457305821
1781461558,20,GET,/api/load/mixed [GET],4.200000,0.000000,26,91,95,98,190,190,200,200,200,200,200,1207,0,37,117.6799383794571,12.954261000231782,2511.467815999822,115.0
1781461558,20,GET,/api/products [GET],10.200000,0.000000,2,3,4,4,6,12,24,71,71,71,71,3030,0,3,12.3788762640192,0.9157690001302399,497.9289789998802,120.0
1781461558,20,GET,/api/products/{id} [GET],5.800000,0.000000,2,3,3,3,6,13,170,170,170,170,170,1744,0,3,12.690848196685993,0.9878209993985365,501.92681399948924,39.0
1781461558,20,,Aggregated,20.200000,0.000000,3,4,13,15,62,98,190,200,200,200,200,5981,0,5,33.720200628490836,0.9157690001302399,2511.467815999822,95.37217856545728
1781461559,20,GET,/api/load/mixed [GET],4.200000,0.000000,22,89,95,98,190,190,200,200,200,200,200,1213,0,37,117.24601358780355,12.954261000231782,2511.467815999822,115.0
1781461559,20,GET,/api/products [GET],10.100000,0.000000,2,3,3,4,7,14,70,71,71,71,71,3039,0,3,12.373979057248484,0.9157690001302399,497.9289789998802,120.0
1781461559,20,GET,/api/products/{id} [GET],5.700000,0.000000,2,3,3,3,11,13,170,170,170,170,170,1749,0,3,12.67124832191017,0.9878209993985365,501.92681399948924,39.0
1781461559,20,,Aggregated,20.000000,0.000000,3,5,13,15,69,98,190,200,200,200,200,6001,0,5,33.65871523946095,0.9157690001302399,2511.467815999822,95.38176970504915
1781461560,20,GET,/api/load/mixed [GET],4.200000,0.000000,22,89,95,98,190,190,200,200,200,200,200,1217,0,37,116.98802691290398,12.88557999941986,2511.467815999822,115.0
1781461560,20,GET,/api/products [GET],10.400000,0.000000,2,3,3,4,6,12,70,71,71,71,71,3046,0,3,12.351316810563802,0.9157690001302399,497.9289789998802,120.0
1781461560,20,GET,/api/products/{id} [GET],5.400000,0.000000,2,3,3,3,10,13,66,170,170,170,170,1758,0,3,12.659608466451113,0.9878209993985365,501.92681399948924,39.0
1781461560,20,,Aggregated,20.000000,0.000000,3,5,13,15,70,98,190,200,200,200,200,6021,0,5,33.591119654875094,0.9157690001302399,2511.467815999822,95.3391463212091
1781461561,20,GET,/api/load/mixed [GET],4.200000,0.000000,22,69,91,98,190,190,200,200,200,200,200,1224,0,36,116.45182663317308,12.88557999941986,2511.467815999822,115.0
1781461561,20,GET,/api/products [GET],10.400000,0.000000,2,3,3,4,6,21,70,71,71,71,71,3056,0,3,12.332195194691625,0.9157690001302399,497.9289789998802,120.0
1781461561,20,GET,/api/products/{id} [GET],5.400000,0.000000,2,3,3,3,10,11,170,170,170,170,170,1761,0,3,12.642652607621578,0.9878209993985365,501.92681399948924,39.0
1781461561,20,,Aggregated,20.000000,0.000000,3,5,13,16,69,98,190,200,200,200,200,6041,0,5,33.518943147823784,0.9157690001302399,2511.467815999822,95.37477238867737
1781461562,20,GET,/api/load/mixed [GET],4.500000,0.000000,21,39,91,95,190,190,200,200,200,200,200,1227,0,36,116.20750446129107,12.88557999941986,2511.467815999822,115.0
1781461562,20,GET,/api/products [GET],9.900000,0.000000,2,3,3,4,6,10,70,71,71,71,71,3065,0,3,12.302020944527797,0.9157690001302399,497.9289789998802,120.0
1781461562,20,GET,/api/products/{id} [GET],5.600000,0.000000,2,3,3,3,6,11,66,170,170,170,170,1769,0,3,12.599661508209186,0.9878209993985365,501.92681399948924,39.0
1781461562,20,,Aggregated,20.000000,0.000000,3,4,13,15,37,95,190,200,200,200,200,6061,0,5,33.423709516087165,0.9157690001302399,2511.467815999822,95.34664246823957
1781461563,20,GET,/api/load/mixed [GET],4.500000,0.000000,21,36,69,91,190,190,190,190,190,190,190,1233,0,36,116.15769640794996,12.88557999941986,2511.467815999822,115.0
1781461563,20,GET,/api/products [GET],10.300000,0.000000,2,3,3,4,8,18,70,71,71,71,71,3074,0,3,12.28574982497665,0.9157690001302399,497.9289789998802,120.0
1781461563,20,GET,/api/products/{id} [GET],5.300000,0.000000,2,3,3,5,10,27,66,170,170,170,170,1774,0,3,12.58407130384504,0.9878209993985365,501.92681399948924,39.0
1781461563,20,,Aggregated,20.100000,0.000000,3,5,13,16,28,91,190,190,190,190,190,6081,0,5,33.43413536030291,0.9157690001302399,2511.467815999822,95.35619141588555
1781461564,20,GET,/api/load/mixed [GET],4.800000,0.000000,18,22,37,69,100,190,190,190,190,190,190,1235,0,36,115.99824885587219,12.88557999941986,2511.467815999822,115.0
1781461564,20,GET,/api/products [GET],10.100000,0.000000,2,3,3,4,7,13,24,70,70,70,70,3086,0,3,12.248949435831967,0.9157690001302399,497.9289789998802,120.0
1781461564,20,GET,/api/products/{id} [GET],5.300000,0.000000,2,3,3,4,10,11,66,66,66,66,66,1780,0,3,12.548837494393176,0.9878209993985365,501.92681399948924,39.0
1781461564,20,,Aggregated,20.200000,0.000000,3,5,11,14,22,66,100,190,190,190,190,6101,0,5,33.337981648254356,0.9157690001302399,2511.467815999822,95.3556793968202
1781461565,20,GET,/api/load/mixed [GET],4.300000,0.000000,18,26,37,69,100,190,190,190,190,190,190,1239,0,36,115.74470977481934,12.88557999941986,2511.467815999822,115.0
1781461565,20,GET,/api/products [GET],10.400000,0.000000,2,3,4,5,10,21,65,70,70,70,70,3097,0,3,12.245908027438457,0.9157690001302399,497.9289789998802,120.0
1781461565,20,GET,/api/products/{id} [GET],5.600000,0.000000,2,3,3,4,8,11,27,66,66,66,66,1785,0,3,12.52343717872206,0.9878209993985365,501.92681399948924,39.0
1781461565,20,,Aggregated,20.300000,0.000000,3,6,13,16,24,66,100,190,190,190,190,6121,0,5,33.27685148439753,0.9157690001302399,2511.467815999822,95.36677013559876
1781461566,20,GET,/api/load/mixed [GET],4.200000,0.000000,18,21,28,37,100,190,190,190,190,190,190,1242,0,36,115.50342895571677,12.88557999941986,2511.467815999822,115.0
1781461566,20,GET,/api/products [GET],10.500000,0.000000,2,3,4,4,9,21,65,70,70,70,70,3109,0,3,12.207708272427116,0.9157690001302399,497.9289789998802,120.0
1781461566,20,GET,/api/products/{id} [GET],5.600000,0.000000,2,3,3,4,8,11,27,66,66,66,66,1790,0,3,12.495078034088332,0.9878209993985365,501.92681399948924,39.0
1781461566,20,,Aggregated,20.300000,0.000000,3,5,13,14,21,39,100,190,190,190,190,6141,0,5,33.18274115990793,0.9157690001302399,2511.467815999822,95.37860283341476
1781461567,20,GET,/api/load/mixed [GET],4.300000,0.000000,18,21,28,37,100,190,190,190,190,190,190,1242,0,36,115.50342895571677,12.88557999941986,2511.467815999822,115.0
1781461567,20,GET,/api/products [GET],10.600000,0.000000,2,3,4,4,9,21,65,70,70,70,70,3120,0,3,12.171889938133809,0.9157690001302399,497.9289789998802,120.0
1781461567,20,GET,/api/products/{id} [GET],5.200000,0.000000,2,3,4,4,8,11,27,66,66,66,66,1799,0,3,12.445164515852293,0.9878209993985365,501.92681399948924,39.0
1781461567,20,,Aggregated,20.100000,0.000000,3,5,11,14,21,39,100,190,190,190,190,6161,0,5,33.082357788345455,0.9157690001302399,2511.467815999822,95.3402045122545
1781461568,20,GET,/api/load/mixed [GET],4.200000,0.000000,18,26,36,39,100,190,190,190,190,190,190,1243,0,36,115.43013791472247,12.88557999941986,2511.467815999822,115.0
1781461568,20,GET,/api/products [GET],10.100000,0.000000,2,3,4,4,9,21,24,65,65,65,65,3130,0,3,12.147345544721416,0.9157690001302399,497.9289789998802,120.0
1781461568,20,GET,/api/products/{id} [GET],5.700000,0.000000,2,3,3,4,5,11,27,66,66,66,66,1808,0,3,12.396249676448075,0.9878209993985365,501.92681399948924,39.0
1781461568,20,,Aggregated,20.000000,0.000000,3,4,9,14,21,37,100,190,190,190,190,6181,0,5,32.99033690308954,0.9157690001302399,2511.467815999822,95.30124575311439
1781461569,20,GET,/api/load/mixed [GET],3.900000,0.000000,18,24,27,36,190,190,190,190,190,190,190,1246,0,35,115.20101582905208,12.88557999941986,2511.467815999822,115.0
1781461569,20,GET,/api/products [GET],10.200000,0.000000,2,3,4,4,9,21,24,65,65,65,65,3137,0,3,12.12508159323539,0.9157690001302399,497.9289789998802,120.0
1781461569,20,GET,/api/products/{id} [GET],5.900000,0.000000,2,3,3,4,5,5,8,27,27,27,27,1818,0,3,12.344539417502899,0.9878209993985365,501.92681399948924,39.0
1781461569,20,,Aggregated,20.000000,0.000000,2,4,5,13,21,27,92,190,190,190,190,6201,0,5,32.901019084341065,0.9157690001302399,2511.467815999822,95.24786324786325
1781461570,20,GET,/api/load/mixed [GET],3.700000,0.000000,18,23,26,28,190,190,190,190,190,190,190,1249,0,35,114.97594468694767,12.88557999941986,2511.467815999822,115.0
1781461570,20,GET,/api/products [GET],9.800000,0.000000,2,3,4,4,7,13,22,65,65,65,65,3151,0,3,12.084532368130208,0.9157690001302399,497.9289789998802,120.0
1781461570,20,GET,/api/products/{id} [GET],6.400000,0.000000,2,3,3,4,5,5,8,27,27,27,27,1821,0,3,12.328706498088847,0.9878209993985365,501.92681399948924,39.0
1781461570,20,,Aggregated,19.900000,0.000000,2,4,5,9,18,26,92,190,190,190,190,6221,0,5,32.81367801623472,0.9157690001302399,2511.467815999822,95.28596688635268
1781461571,20,GET,/api/load/mixed [GET],3.800000,0.000000,22,27,31,62,190,190,190,190,190,190,190,1257,0,34,114.47152168973635,12.88557999941986,2511.467815999822,115.0
1781461571,20,GET,/api/products [GET],9.800000,0.000000,2,3,4,5,9,18,28,65,65,65,65,3160,0,3,12.071394620562687,0.9157690001302399,497.9289789998802,120.0
1781461571,20,GET,/api/products/{id} [GET],6.600000,0.000000,2,3,3,4,5,8,9,27,27,27,27,1824,0,3,12.315329580603244,0.9878209993985365,501.92681399948924,39.0
1781461571,20,,Aggregated,20.200000,0.000000,2,4,7,13,22,28,92,190,190,190,190,6241,0,5,32.76709997115805,0.9157690001302399,2511.467815999822,95.31982054157987
1781461572,20,GET,/api/load/mixed [GET],3.300000,0.000000,19,24,28,34,92,190,190,190,190,190,190,1262,0,34,114.07709456893595,12.88557999941986,2511.467815999822,115.0
1781461572,20,GET,/api/products [GET],10.300000,0.000000,2,3,4,4,7,17,28,65,65,65,65,3168,0,3,12.048472510093745,0.9157690001302399,497.9289789998802,120.0
1781461572,20,GET,/api/products/{id} [GET],6.400000,0.000000,2,3,3,4,5,5,8,9,9,9,9,1831,0,3,12.279927282370155,0.984951000646106,501.92681399948924,39.0
1781461572,20,,Aggregated,20.000000,0.000000,3,4,6,14,21,28,92,190,190,190,190,6261,0,5,32.68158458904238,0.9157690001302399,2511.467815999822,95.30410477559495
1781461573,20,GET,/api/load/mixed [GET],3.300000,0.000000,19,24,28,31,62,91,92,92,92,92,92,1265,0,34,113.9201497146216,12.88557999941986,2511.467815999822,115.0
1781461573,20,GET,/api/products [GET],10.200000,0.000000,2,3,4,4,7,17,28,65,65,65,65,3179,0,3,12.018029515249799,0.9157690001302399,497.9289789998802,120.0
1781461573,20,GET,/api/products/{id} [GET],6.300000,0.000000,2,3,4,4,5,8,9,83,83,83,83,1836,0,3,12.299054625283512,0.984951000646106,501.92681399948924,39.0
1781461573,20,,Aggregated,19.800000,0.000000,3,4,6,11,21,28,83,91,92,92,92,6280,0,5,32.6266511958593,0.9157690001302399,2511.467815999822,95.31194267515923
1781461574,20,GET,/api/load/mixed [GET],3.300000,0.000000,20,23,28,31,62,89,91,91,91,91,91,1266,0,34,113.84666084754795,12.88557999941986,2511.467815999822,115.0
1781461574,20,GET,/api/products [GET],10.400000,0.000000,2,3,4,4,7,17,80,150,150,150,150,3191,0,3,12.056136846749592,0.9157690001302399,497.9289789998802,120.0
1781461574,20,GET,/api/products/{id} [GET],6.300000,0.000000,2,3,3,4,5,5,79,83,83,83,83,1844,0,3,12.298212013025703,0.984951000646106,501.92681399948924,39.0
1781461574,20,,Aggregated,20.000000,0.000000,2,4,5,7,21,31,83,91,150,150,150,6301,0,5,32.57878245722797,0.9157690001302399,2511.467815999822,95.2905887954293
1781461575,20,GET,/api/load/mixed [GET],3.500000,0.000000,22,28,34,36,89,130,190,190,190,190,190,1272,0,34,113.6800625825452,12.88557999941986,2511.467815999822,115.0
1781461575,20,GET,/api/products [GET],10.400000,0.000000,2,3,4,5,7,22,80,150,150,150,150,3200,0,3,12.050753903742475,0.9157690001302399,497.9289789998802,120.0
1781461575,20,GET,/api/products/{id} [GET],6.300000,0.000000,2,3,3,4,5,9,79,83,83,83,83,1849,0,3,12.282434201740834,0.984951000646106,501.92681399948924,39.0
1781461575,20,,Aggregated,20.200000,0.000000,3,4,7,14,24,69,91,150,190,190,190,6321,0,5,32.56979480082149,0.9157690001302399,2511.467815999822,95.2999525391552
1781461576,20,GET,/api/load/mixed [GET],3.200000,0.000000,21,27,31,36,89,130,190,190,190,190,190,1275,0,34,113.44470450666441,12.88557999941986,2511.467815999822,115.0
1781461576,20,GET,/api/products [GET],10.600000,0.000000,2,4,4,5,8,22,80,150,150,150,150,3210,0,3,12.023910067281891,0.9157690001302399,497.9289789998802,120.0
1781461576,20,GET,/api/products/{id} [GET],6.200000,0.000000,2,3,5,5,6,11,79,83,83,83,83,1856,0,3,12.256148226842454,0.984951000646106,501.92681399948924,39.0
1781461576,20,,Aggregated,20.000000,0.000000,3,5,9,14,24,69,91,150,190,190,190,6341,0,5,32.48480691862356,0.9157690001302399,2511.467815999822,95.28607475161647
1781461577,20,GET,/api/load/mixed [GET],2.900000,0.000000,21,27,31,36,91,130,190,190,190,190,190,1279,0,34,113.2031101485512,12.88557999941986,2511.467815999822,115.0
1781461577,20,GET,/api/products [GET],10.200000,0.000000,2,4,5,6,9,28,80,150,150,150,150,3219,0,3,12.023297948113013,0.9157690001302399,497.9289789998802,120.0
1781461577,20,GET,/api/products/{id} [GET],6.700000,0.000000,2,3,5,5,9,22,79,83,83,83,83,1863,0,3,12.21911959260423,0.984951000646106,501.92681399948924,39.0
1781461577,20,,Aggregated,19.800000,0.000000,3,5,13,14,28,79,91,150,190,190,190,6361,0,5,32.4247750001564,0.9157690001302399,2511.467815999822,95.27149819210815
1781461578,20,GET,/api/load/mixed [GET],3.300000,0.000000,22,31,62,89,91,130,190,190,190,190,190,1284,0,34,113.02699619781669,12.88557999941986,2511.467815999822,115.0
1781461578,20,GET,/api/products [GET],10.000000,0.000000,2,4,5,6,9,28,80,150,150,150,150,3229,0,3,11.99837650665091,0.9157690001302399,497.9289789998802,120.0
1781461578,20,GET,/api/products/{id} [GET],6.700000,0.000000,2,3,4,5,9,22,79,83,83,83,83,1868,0,3,12.191842309968465,0.984951000646106,501.92681399948924,39.0
1781461578,20,,Aggregated,20.000000,0.000000,3,6,13,14,31,85,130,150,190,190,190,6381,0,5,32.38423167105374,0.9157690001302399,2511.467815999822,95.28161730136343
1781461579,20,GET,/api/load/mixed [GET],3.600000,0.000000,21,31,62,89,91,130,190,190,190,190,190,1287,0,34,112.79757112043143,12.88557999941986,2511.467815999822,115.0
1781461579,20,GET,/api/products [GET],9.800000,0.000000,2,4,5,7,9,28,80,150,150,150,150,3239,0,3,11.97407271811564,0.9157690001302399,497.9289789998802,120.0
1781461579,20,GET,/api/products/{id} [GET],6.600000,0.000000,2,4,5,5,9,22,79,83,83,83,83,1875,0,3,12.161199366944492,0.984951000646106,501.92681399948924,39.0
1781461579,20,,Aggregated,20.000000,0.000000,4,7,13,14,31,85,130,150,190,190,190,6401,0,5,32.30069432572928,0.9157690001302399,2511.467815999822,95.267926886424
1781461580,20,GET,/api/load/mixed [GET],4.000000,0.000000,21,36,85,89,93,130,190,190,190,190,190,1290,0,34,112.66119406356299,12.88557999941986,2511.467815999822,115.0
1781461580,20,GET,/api/products [GET],10.000000,0.000000,2,4,5,6,9,20,80,150,150,150,150,3249,0,3,11.94885169866876,0.9157690001302399,497.9289789998802,120.0
1781461580,20,GET,/api/products/{id} [GET],6.000000,0.000000,2,4,5,5,12,22,79,83,83,83,83,1882,0,3,12.1398436323173,0.984951000646106,501.92681399948924,39.0
1781461580,20,,Aggregated,20.000000,0.000000,3,6,13,14,36,89,130,150,190,190,190,6421,0,5,32.23827211135222,0.9157690001302399,2511.467815999822,95.2543217567357
1781461581,20,GET,/api/load/mixed [GET],3.900000,0.000000,21,32,85,91,93,130,190,190,190,190,190,1294,0,34,112.35668497217603,12.88557999941986,2511.467815999822,115.0
1781461581,20,GET,/api/products [GET],10.200000,0.000000,2,4,5,6,9,20,80,150,150,150,150,3259,0,3,11.921006889222559,0.9157690001302399,497.9289789998802,120.0
1781461581,20,GET,/api/products/{id} [GET],5.900000,0.000000,2,4,5,6,12,22,79,83,83,83,83,1888,0,3,12.11145161494717,0.984951000646106,501.92681399948924,39.0
1781461581,20,,Aggregated,20.000000,0.000000,3,6,12,14,31,85,130,150,190,190,190,6441,0,5,32.15440652926452,0.9157690001302399,2511.467815999822,95.25260052786834
1781461582,20,GET,/api/load/mixed [GET],4.000000,0.000000,18,32,85,91,93,130,190,190,190,190,190,1296,0,34,112.20945676928656,12.88557999941986,2511.467815999822,115.0
1781461582,20,GET,/api/products [GET],9.900000,0.000000,2,4,5,5,9,20,80,150,150,150,150,3267,0,3,11.898077802869583,0.9157690001302399,497.9289789998802,120.0
1781461582,20,GET,/api/products/{id} [GET],6.000000,0.000000,2,3,5,5,11,13,79,83,83,83,83,1898,0,3,12.059657714973307,0.984951000646106,501.92681399948924,39.0
1781461582,20,,Aggregated,19.900000,0.000000,3,5,12,14,25,85,130,150,190,190,190,6461,0,5,32.06681728803437,0.9157690001302399,2511.467815999822,95.2022906670794
1781461583,20,GET,/api/load/mixed [GET],4.000000,0.000000,17,32,85,89,93,130,190,190,190,190,190,1298,0,33,112.06153112634442,12.88557999941986,2511.467815999822,115.0
1781461583,20,GET,/api/products [GET],9.800000,0.000000,2,3,4,5,8,12,66,69,69,69,69,3278,0,3,11.867282197368288,0.9157690001302399,497.9289789998802,120.0
1781461583,20,GET,/api/products/{id} [GET],6.400000,0.000000,2,3,4,5,7,12,13,22,22,22,22,1905,0,3,12.027688955391554,0.984951000646106,501.92681399948924,39.0
1781461583,20,,Aggregated,20.200000,0.000000,3,5,8,13,18,66,93,130,190,190,190,6481,0,5,31.981108764849505,0.9157690001302399,2511.467815999822,95.18978552692485
1781461584,20,GET,/api/load/mixed [GET],3.500000,0.000000,16,22,32,38,93,130,190,190,190,190,190,1304,0,33,111.62773913803285,12.88557999941986,2511.467815999822,115.0
1781461584,20,GET,/api/products [GET],10.000000,0.000000,2,3,4,5,8,12,20,66,66,66,66,3287,0,3,11.848611234856376,0.9157690001302399,497.9289789998802,120.0
1781461584,20,GET,/api/products/{id} [GET],6.500000,0.000000,2,4,5,6,10,12,13,13,13,13,13,1910,0,3,12.017853597916993,0.984951000646106,501.92681399948924,39.0
1781461584,20,,Aggregated,20.000000,0.000000,3,5,11,13,17,32,93,130,190,190,190,6501,0,5,31.912483823564006,0.9157690001302399,2511.467815999822,95.19920012305799
1781461585,20,GET,/api/load/mixed [GET],3.500000,0.000000,17,22,30,32,91,93,130,130,130,130,130,1306,0,33,111.4842470796277,12.88557999941986,2511.467815999822,115.0
1781461585,20,GET,/api/products [GET],9.700000,0.000000,2,3,4,5,7,12,20,66,66,66,66,3297,0,3,11.819484341211146,0.9157690001302399,497.9289789998802,120.0
1781461585,20,GET,/api/products/{id} [GET],6.800000,0.000000,2,4,5,5,7,12,13,13,13,13,13,1918,0,3,11.983157660074278,0.984951000646106,501.92681399948924,39.0
1781461585,20,,Aggregated,20.000000,0.000000,3,5,8,13,17,25,91,93,130,130,130,6521,0,5,31.828088169144277,0.9157690001302399,2511.467815999822,95.17435976077289
1781461586,20,GET,/api/load/mixed [GET],3.500000,0.000000,16,18,25,32,91,93,130,130,130,130,130,1308,0,33,111.33563878745653,12.88557999941986,2511.467815999822,115.0
1781461586,20,GET,/api/products [GET],9.500000,0.000000,2,2,3,4,6,9,18,20,20,20,20,3310,0,3,11.781551657393479,0.9157690001302399,497.9289789998802,120.0
1781461586,20,GET,/api/products/{id} [GET],7.000000,0.000000,2,4,5,5,7,12,13,13,13,13,13,1923,0,3,11.959992226740594,0.984951000646106,501.92681399948924,39.0
1781461586,20,,Aggregated,20.000000,0.000000,2,5,6,12,15,20,85,93,130,130,130,6541,0,5,31.74178513560436,0.9157690001302399,2511.467815999822,95.18682158691331
1781461587,20,GET,/api/load/mixed [GET],3.800000,0.000000,16,18,30,32,93,130,130,130,130,130,130,1313,0,33,111.14014988346845,12.88557999941986,2511.467815999822,115.0
1781461587,20,GET,/api/products [GET],9.800000,0.000000,2,2,4,4,7,12,20,26,26,26,26,3318,0,3,11.772460948152501,0.9157690001302399,497.9289789998802,120.0
1781461587,20,GET,/api/products/{id} [GET],6.600000,0.000000,3,4,5,6,12,13,13,17,17,17,17,1930,0,3,11.939179397420844,0.984951000646106,501.92681399948924,39.0
1781461587,20,,Aggregated,20.200000,0.000000,3,5,8,13,16,22,93,130,130,130,130,6561,0,5,31.707157210789017,0.9157690001302399,2511.467815999822,95.17222984301173
1781461588,20,GET,/api/load/mixed [GET],3.400000,0.000000,17,20,23,30,38,100,130,130,130,130,130,1316,0,33,110.93616522339957,12.88557999941986,2511.467815999822,115.0
1781461588,20,GET,/api/products [GET],10.000000,0.000000,2,3,4,4,5,12,20,26,26,26,26,3331,0,3,11.738343444001616,0.9118890002355329,497.9289789998802,120.0
1781461588,20,GET,/api/products/{id} [GET],6.600000,0.000000,2,4,5,5,12,13,13,17,17,17,17,1934,0,3,11.91948592296899,0.984951000646106,501.92681399948924,39.0
1781461588,20,,Aggregated,20.000000,0.000000,2,5,7,13,17,22,38,100,130,130,130,6581,0,5,31.62812661008747,0.9118890002355329,2511.467815999822,95.19617079471205
1781461589,20,GET,/api/load/mixed [GET],3.200000,0.000000,17,20,23,30,38,100,130,130,130,130,130,1321,0,33,110.63998401134971,12.88557999941986,2511.467815999822,115.0
1781461589,20,GET,/api/products [GET],10.000000,0.000000,2,3,4,4,5,14,26,67,67,67,67,3337,0,3,11.744966657168026,0.9118890002355329,497.9289789998802,120.0
1781461589,20,GET,/api/products/{id} [GET],6.600000,0.000000,2,4,5,5,12,16,21,75,75,75,75,1943,0,3,11.928021577983268,0.984951000646106,501.92681399948924,39.0
1781461589,20,,Aggregated,19.800000,0.000000,3,5,9,13,18,26,75,100,130,130,130,6601,0,5,31.58983768216704,0.9118890002355329,2511.467815999822,95.15709740948341
1781461590,20,GET,/api/load/mixed [GET],3.200000,0.000000,18,22,27,31,83,100,130,130,130,130,130,1328,0,32,110.21672758132,12.88557999941986,2511.467815999822,115.0
1781461590,20,GET,/api/products [GET],10.300000,0.000000,2,3,4,5,7,14,26,67,67,67,67,3347,0,3,11.723457440385838,0.9118890002355329,497.9289789998802,120.0
1781461590,20,GET,/api/products/{id} [GET],6.600000,0.000000,2,4,5,6,12,17,21,75,75,75,75,1946,0,3,11.917557964040254,0.984951000646106,501.92681399948924,39.0
1781461590,20,,Aggregated,20.100000,0.000000,3,5,13,14,20,30,83,100,130,130,130,6621,0,5,31.535688578611563,0.9118890002355329,2511.467815999822,95.19015254493279
1781461591,20,GET,/api/load/mixed [GET],3.400000,0.000000,18,23,30,34,86,100,130,130,130,130,130,1330,0,32,110.14118404886689,12.88557999941986,2511.467815999822,115.0
1781461591,20,GET,/api/products [GET],10.100000,0.000000,2,3,4,5,13,15,26,67,67,67,67,3359,0,3,11.700743111333496,0.9118890002355329,497.9289789998802,120.0
1781461591,20,GET,/api/products/{id} [GET],6.500000,0.000000,2,4,5,7,13,21,21,75,75,75,75,1952,0,3,11.897159290995075,0.984951000646106,501.92681399948924,39.0
1781461591,20,,Aggregated,20.000000,0.000000,3,6,13,14,21,31,86,100,130,130,130,6641,0,5,31.473245871402657,0.9118890002355329,2511.467815999822,95.19018220147568
1781461592,20,GET,/api/load/mixed [GET],3.500000,0.000000,18,23,30,31,86,100,130,130,130,130,130,1334,0,32,109.85580691828554,12.88557999941986,2511.467815999822,115.0
1781461592,20,GET,/api/products [GET],10.100000,0.000000,2,3,4,5,13,15,26,67,67,67,67,3366,0,3,11.682234761130921,0.9118890002355329,497.9289789998802,120.0
1781461592,20,GET,/api/products/{id} [GET],6.500000,0.000000,2,5,5,7,13,21,21,75,75,75,75,1961,0,3,11.860554523214281,0.984951000646106,501.92681399948924,39.0
1781461592,20,,Aggregated,20.100000,0.000000,3,6,13,14,21,31,86,100,130,130,130,6661,0,5,31.395975987837144,0.9118890002355329,2511.467815999822,95.15222939498574
1781461593,20,GET,/api/load/mixed [GET],3.700000,0.000000,18,22,27,31,86,100,130,130,130,130,130,1338,0,32,109.57700640432994,12.88557999941986,2511.467815999822,115.0
1781461593,20,GET,/api/products [GET],10.000000,0.000000,2,2,4,5,9,15,26,67,67,67,67,3377,0,3,11.651592159303007,0.9118890002355329,497.9289789998802,120.0
1781461593,20,GET,/api/products/{id} [GET],6.300000,0.000000,2,4,5,6,12,21,21,75,75,75,75,1966,0,3,11.838661849960106,0.984951000646106,501.92681399948924,39.0
1781461593,20,,Aggregated,20.000000,0.000000,3,5,13,14,21,31,86,100,130,130,130,6681,0,5,31.31810664391284,0.9118890002355329,2511.467815999822,95.16299955096542
1781461594,20,GET,/api/load/mixed [GET],3.700000,0.000000,17,23,30,34,86,100,130,130,130,130,130,1341,0,32,109.37177712154605,12.88557999941986,2511.467815999822,115.0
1781461594,20,GET,/api/products [GET],9.900000,0.000000,2,3,4,4,9,15,26,67,67,67,67,3389,0,3,11.618311469450425,0.9118890002355329,497.9289789998802,120.0
1781461594,20,GET,/api/products/{id} [GET],6.400000,0.000000,2,4,5,6,12,21,21,75,75,75,75,1972,0,3,11.813000104472865,0.984951000646106,501.92681399948924,39.0
1781461594,20,,Aggregated,20.000000,0.000000,2,5,13,14,21,31,86,100,130,130,130,6702,0,5,31.235041315425494,0.9118890002355329,2511.467815999822,95.16606982990152
1781461595,20,GET,/api/load/mixed [GET],3.800000,0.000000,21,23,31,35,86,100,130,130,130,130,130,1342,0,32,109.32967847242405,12.88557999941986,2511.467815999822,115.0
1781461595,20,GET,/api/products [GET],10.000000,0.000000,2,3,4,5,9,15,26,67,67,67,67,3401,0,3,11.587386615397499,0.9118890002355329,497.9289789998802,120.0
1781461595,20,GET,/api/products/{id} [GET],6.200000,0.000000,2,4,5,6,12,21,21,75,75,75,75,1979,0,3,11.781727380506357,0.984951000646106,501.92681399948924,39.0
1781461595,20,,Aggregated,20.000000,0.000000,3,5,13,14,22,34,86,100,130,130,130,6722,0,5,31.15816258181828,0.9118890002355329,2511.467815999822,95.15486462362392
1781461596,20,GET,/api/load/mixed [GET],3.700000,0.000000,20,22,30,31,86,100,130,130,130,130,130,1346,0,32,109.05071456463169,12.88557999941986,2511.467815999822,115.0
1781461596,20,GET,/api/products [GET],10.400000,0.000000,2,3,4,5,7,13,17,67,67,67,67,3411,0,3,11.562898618577083,0.9118890002355329,497.9289789998802,120.0
1781461596,20,GET,/api/products/{id} [GET],5.900000,0.000000,2,4,5,7,10,21,21,75,75,75,75,1985,0,3,11.764933175325574,0.984951000646106,501.92681399948924,39.0
1781461596,20,,Aggregated,20.000000,0.000000,3,6,10,14,21,31,86,100,130,130,130,6742,0,5,31.085241967514442,0.9118890002355329,2511.467815999822,95.15351527736577
1781461597,20,GET,/api/load/mixed [GET],3.500000,0.000000,17,22,30,34,86,90,92,92,92,92,92,1349,0,32,108.9522252357262,12.88557999941986,2511.467815999822,115.0
1781461597,20,GET,/api/products [GET],10.200000,0.000000,2,3,4,5,8,15,67,68,68,68,68,3417,0,3,11.56792295316556,0.9118890002355329,497.9289789998802,120.0
1781461597,20,GET,/api/products/{id} [GET],6.300000,0.000000,2,4,5,7,10,20,21,75,75,75,75,1996,0,3,11.72358278708424,0.984951000646106,501.92681399948924,39.0
1781461597,20,,Aggregated,20.000000,0.000000,3,6,13,14,21,34,86,90,92,92,92,6762,0,5,31.041765131171545,0.9118890002355329,2511.467815999822,95.0930198166223
1781461598,20,GET,/api/load/mixed [GET],3.500000,0.000000,17,22,27,30,83,90,92,92,92,92,92,1350,0,32,108.8826940170331,12.88557999941986,2511.467815999822,115.0
1781461598,20,GET,/api/products [GET],10.200000,0.000000,2,2,4,4,7,13,17,68,68,68,68,3429,0,3,11.534033576251215,0.9118890002355329,497.9289789998802,120.0
1781461598,20,GET,/api/products/{id} [GET],6.300000,0.000000,2,4,4,5,7,10,20,21,21,21,21,2003,0,3,11.691804918632362,0.984951000646106,501.92681399948924,39.0
1781461598,20,,Aggregated,20.000000,0.000000,2,5,7,13,17,23,83,90,92,92,92,6782,0,5,30.958496506632446,0.9118890002355329,2511.467815999822,95.08212916543792
1781461599,20,GET,/api/load/mixed [GET],3.800000,0.000000,17,21,25,30,83,90,92,92,92,92,92,1358,0,32,108.39937058836175,12.88557999941986,2511.467815999822,115.0
1781461599,20,GET,/api/products [GET],9.900000,0.000000,2,2,3,4,7,13,34,68,68,68,68,3436,0,3,11.526047735438524,0.9118890002355329,497.9289789998802,120.0
1781461599,20,GET,/api/products/{id} [GET],6.500000,0.000000,2,4,5,5,7,10,20,21,21,21,21,2008,0,3,11.674732012459597,0.984951000646106,501.92681399948924,39.0
1781461599,20,,Aggregated,20.200000,0.000000,3,5,8,13,18,26,83,90,92,92,92,6802,0,5,30.91042445736274,0.9118890002355329,2511.467815999822,95.08997353719494
1781461600,20,GET,/api/load/mixed [GET],3.600000,0.000000,15,21,22,25,53,89,92,92,92,92,92,1362,0,32,108.13193151614887,12.88557999941986,2511.467815999822,115.0
1781461600,20,GET,/api/products [GET],9.500000,0.000000,2,2,3,4,6,8,34,68,68,68,68,3446,0,3,11.503023161337222,0.9118890002355329,497.9289789998802,120.0
1781461600,20,GET,/api/products/{id} [GET],6.900000,0.000000,2,4,5,5,7,9,11,20,20,20,20,2014,0,3,11.648789259194947,0.984951000646106,501.92681399948924,39.0
1781461600,20,,Aggregated,20.000000,0.000000,2,4,7,9,15,22,68,89,92,92,92,6822,0,5,30.837843756520364,0.9118890002355329,2511.467815999822,95.08883025505716
1781461601,20,GET,/api/load/mixed [GET],3.500000,0.000000,17,21,22,25,53,89,92,92,92,92,92,1364,0,32,107.99754717228383,12.88557999941986,2511.467815999822,115.0
1781461601,20,GET,/api/products [GET],9.500000,0.000000,2,3,4,4,6,8,34,68,68,68,68,3458,0,3,11.47303638720888,0.9118890002355329,497.9289789998802,120.0
1781461601,20,GET,/api/products/{id} [GET],6.800000,0.000000,2,4,4,5,7,8,11,20,20,20,20,2020,0,3,11.622685898523606,0.984951000646106,501.92681399948924,39.0
1781461601,20,,Aggregated,19.800000,0.000000,3,4,7,8,17,22,68,89,92,92,92,6842,0,5,30.760046723908445,0.9118890002355329,2511.467815999822,95.08915521777259
1781461602,20,GET,/api/load/mixed [GET],3.600000,0.000000,17,22,27,82,89,130,290,290,290,290,290,1369,0,32,108.03720122570928,12.88557999941986,2511.467815999822,115.0
1781461602,20,GET,/api/products [GET],9.800000,0.000000,2,3,4,4,7,8,34,68,68,68,68,3466,0,3,11.45623118723836,0.9118890002355329,497.9289789998802,120.0
1781461602,20,GET,/api/products/{id} [GET],6.600000,0.000000,2,4,5,5,7,8,11,20,20,20,20,2027,0,3,11.595289456348628,0.984951000646106,501.92681399948924,39.0
1781461602,20,,Aggregated,20.000000,0.000000,3,5,7,10,17,34,89,130,290,290,290,6862,0,5,30.765648134797907,0.9118890002355329,2511.467815999822,95.07548819586127
1781461603,20,GET,/api/load/mixed [GET],3.200000,0.000000,16,21,26,53,89,130,290,290,290,290,290,1375,0,31,107.63168624872444,12.88557999941986,2511.467815999822,115.0
1781461603,20,GET,/api/products [GET],10.000000,0.000000,2,3,4,5,7,8,34,68,68,68,68,3475,0,3,11.434137663588228,0.9118890002355329,497.9289789998802,120.0
1781461603,20,GET,/api/products/{id} [GET],6.800000,0.000000,2,4,5,5,7,8,11,20,20,20,20,2032,0,3,11.572594313986249,0.984951000646106,501.92681399948924,39.0
1781461603,20,,Aggregated,20.000000,0.000000,3,5,8,14,18,34,89,130,290,290,290,6882,0,5,30.69495911348237,0.9118890002355329,2511.467815999822,95.08471374600407
1781461604,20,GET,/api/load/mixed [GET],3.200000,0.000000,18,27,83,89,190,270,290,290,290,290,290,1381,0,32,107.88241465387068,12.88557999941986,2511.467815999822,115.0
1781461604,20,GET,/api/products [GET],9.800000,0.000000,2,3,4,4,7,8,34,68,68,68,68,3483,0,3,11.413427997408009,0.9118890002355329,497.9289789998802,120.0
1781461604,20,GET,/api/products/{id} [GET],6.900000,0.000000,2,4,5,6,8,11,20,86,86,86,86,2038,0,3,11.58697452748799,0.984951000646106,501.92681399948924,39.0
1781461604,20,,Aggregated,19.900000,0.000000,3,6,9,14,25,86,190,270,290,290,290,6902,0,5,30.766855757604826,0.9118890002355329,2511.467815999822,95.08215010141988
1781461605,20,GET,/api/load/mixed [GET],3.500000,0.000000,17,27,83,89,190,230,290,290,290,290,290,1384,0,32,107.75553667991034,12.88557999941986,2511.467815999822,115.0
1781461605,20,GET,/api/products [GET],10.000000,0.000000,2,3,4,5,7,10,68,68,68,68,68,3492,0,3,11.41508554037021,0.9118890002355329,497.9289789998802,120.0
1781461605,20,GET,/api/products/{id} [GET],6.500000,0.000000,2,3,4,5,6,8,20,86,86,86,86,2046,0,3,11.55303024292355,0.984951000646106,501.92681399948924,39.0
1781461605,20,,Aggregated,20.000000,0.000000,3,5,13,14,26,89,190,270,290,290,290,6922,0,5,30.7183821654133,0.9118890002355329,2511.467815999822,95.0583646344987
1781461606,20,GET,/api/load/mixed [GET],3.800000,0.000000,16,25,82,89,190,270,290,290,290,290,290,1387,0,31,107.55386802234811,12.88557999941986,2511.467815999822,115.0
1781461606,20,GET,/api/products [GET],9.200000,0.000000,2,3,4,4,6,8,34,68,68,68,68,3502,0,3,11.388932005988716,0.9118890002355329,497.9289789998802,120.0
1781461606,20,GET,/api/products/{id} [GET],6.600000,0.000000,2,3,4,4,6,7,9,86,86,86,86,2053,0,3,11.521072878724032,0.984951000646106,501.92681399948924,39.0
1781461606,20,,Aggregated,19.600000,0.000000,3,5,8,14,20,83,190,270,290,290,290,6942,0,5,30.641604357820565,0.9118890002355329,2511.467815999822,95.0463843272832
1781461607,20,GET,/api/load/mixed [GET],4.000000,0.000000,17,25,82,89,190,270,290,290,290,290,290,1390,0,31,107.3561812366879,12.88557999941986,2511.467815999822,115.0
1781461607,20,GET,/api/products [GET],9.300000,0.000000,2,3,4,4,6,8,34,68,68,68,68,3512,0,3,11.364783949024222,0.9118890002355329,497.9289789998802,120.0
1781461607,20,GET,/api/products/{id} [GET],6.600000,0.000000,2,3,4,4,6,8,9,86,86,86,86,2060,0,3,11.489583559718596,0.984951000646106,501.92681399948924,39.0
1781461607,20,,Aggregated,19.900000,0.000000,3,5,8,14,20,83,190,270,290,290,290,6962,0,5,30.56689963817728,0.9118890002355329,2511.467815999822,95.03447285262855
1781461608,20,GET,/api/load/mixed [GET],4.200000,0.000000,16,82,93,120,190,270,290,290,290,290,290,1393,0,31,107.39801291887754,12.88557999941986,2511.467815999822,115.0
1781461608,20,GET,/api/products [GET],9.100000,0.000000,2,3,4,4,6,10,34,68,68,68,68,3522,0,3,11.342321197323688,0.9118890002355329,497.9289789998802,120.0
1781461608,20,GET,/api/products/{id} [GET],6.700000,0.000000,2,3,3,4,5,7,20,86,86,86,86,2067,0,3,11.466706679738827,0.984951000646106,501.92681399948924,39.0
1781461608,20,,Aggregated,20.000000,0.000000,3,5,8,14,20,93,190,270,290,290,290,6982,0,5,30.54350758521788,0.9118890002355329,2511.467815999822,95.02262961902034
1781461609,20,GET,/api/load/mixed [GET],4.100000,0.000000,20,93,99,130,190,230,290,290,290,290,290,1401,0,32,107.3312105753016,12.88557999941986,2511.467815999822,115.0
1781461609,20,GET,/api/products [GET],9.400000,0.000000,2,3,4,4,6,10,68,70,70,70,70,3527,0,3,11.347947984965451,0.9118890002355329,497.9289789998802,120.0
1781461609,20,GET,/api/products/{id} [GET],6.500000,0.000000,2,3,4,4,5,7,20,86,86,86,86,2074,0,3,11.441813229517937,0.984951000646106,501.92681399948924,39.0
1781461609,20,,Aggregated,20.000000,0.000000,3,5,13,14,82,120,220,270,290,290,290,7002,0,5,30.58062827720531,0.9118890002355329,2511.467815999822,95.00728363324764
1781461610,20,GET,/api/load/mixed [GET],4.100000,0.000000,21,93,120,190,220,270,290,290,290,290,290,1402,0,32,107.26978396647506,12.88557999941986,2511.467815999822,115.0
1781461610,20,GET,/api/products [GET],9.400000,0.000000,2,3,3,4,6,10,68,70,70,70,70,3544,0,3,11.303095212463921,0.9118890002355329,497.9289789998802,120.0
1781461610,20,GET,/api/products/{id} [GET],6.300000,0.000000,2,3,4,4,6,8,20,86,86,86,86,2076,0,3,11.433700785173396,0.984951000646106,501.92681399948924,39.0
1781461610,20,,Aggregated,19.800000,0.000000,3,5,10,14,82,120,220,270,290,290,290,7022,0,5,30.502245711192096,0.9118890002355329,2511.467815999822,95.05468527485047
1781461611,20,GET,/api/load/mixed [GET],4.200000,0.000000,82,93,120,190,220,270,290,290,290,290,290,1404,0,32,107.24003663675036,12.88557999941986,2511.467815999822,115.0
1781461611,20,GET,/api/products [GET],9.200000,0.000000,2,3,3,4,6,13,68,70,70,70,70,3555,0,3,11.286872302664534,0.9118890002355329,497.9289789998802,120.0
1781461611,20,GET,/api/products/{id} [GET],6.600000,0.000000,2,3,4,4,8,25,65,86,86,86,86,2083,0,3,11.4512997714932,0.984951000646106,501.92681399948924,39.0
1781461611,20,,Aggregated,20.000000,0.000000,3,4,13,16,84,120,220,270,290,290,290,7042,0,5,30.466188568303185,0.9118890002355329,2511.467815999822,95.0435955694405
1781461612,20,GET,/api/load/mixed [GET],4.200000,0.000000,41,89,97,120,190,230,270,270,270,270,270,1408,0,32,107.08020152911807,12.88557999941986,2511.467815999822,115.0
1781461612,20,GET,/api/products [GET],9.400000,0.000000,2,3,3,4,7,20,68,70,70,70,70,3566,0,3,11.267420176100243,0.9118890002355329,497.9289789998802,120.0
1781461612,20,GET,/api/products/{id} [GET],6.400000,0.000000,2,3,4,4,11,25,65,86,86,86,86,2088,0,3,11.434517506235773,0.984951000646106,501.92681399948924,39.0
1781461612,20,,Aggregated,20.000000,0.000000,3,5,13,16,83,97,190,230,270,270,270,7062,0,5,30.41968516765687,0.9118890002355329,2511.467815999822,95.05409232512037
1781461613,20,GET,/api/load/mixed [GET],4.200000,0.000000,41,89,99,120,190,230,270,270,270,270,270,1412,0,31,106.82013078399261,12.88557999941986,2511.467815999822,115.0
1781461613,20,GET,/api/products [GET],9.600000,0.000000,2,3,3,4,7,20,68,70,70,70,70,3575,0,3,11.244927341530794,0.9118890002355329,497.9289789998802,120.0
1781461613,20,GET,/api/products/{id} [GET],6.200000,0.000000,2,3,4,4,11,25,65,86,86,86,86,2095,0,3,11.405431136526701,0.9793810004339321,501.92681399948924,39.0
1781461613,20,,Aggregated,20.000000,0.000000,3,4,12,15,68,97,190,230,270,270,270,7082,0,5,30.34806808020254,0.9118890002355329,2511.467815999822,95.04165489974584
1781461614,20,GET,/api/load/mixed [GET],4.200000,0.000000,20,84,89,94,120,190,220,220,220,220,220,1415,0,31,106.62977805158873,12.88557999941986,2511.467815999822,115.0
1781461614,20,GET,/api/products [GET],9.800000,0.000000,2,2,3,4,6,12,25,70,70,70,70,3586,0,3,11.219036747621884,0.9118890002355329,497.9289789998802,120.0
1781461614,20,GET,/api/products/{id} [GET],6.000000,0.000000,2,3,4,4,8,20,25,65,65,65,65,2101,0,3,11.379465227521544,0.9793810004339321,501.92681399948924,39.0
1781461614,20,,Aggregated,20.000000,0.000000,2,4,7,14,24,88,120,190,220,220,220,7102,0,4,30.27609943156768,0.9118890002355329,2511.467815999822,95.04139678963672
1781461615,20,GET,/api/load/mixed [GET],3.900000,0.000000,21,83,88,93,99,190,220,220,220,220,220,1419,0,31,106.38849773150014,12.88557999941986,2511.467815999822,115.0
1781461615,20,GET,/api/products [GET],9.800000,0.000000,2,2,4,4,6,12,25,70,70,70,70,3593,0,3,11.20251864903162,0.9118890002355329,497.9289789998802,120.0
1781461615,20,GET,/api/products/{id} [GET],6.300000,0.000000,2,3,4,4,8,20,25,65,65,65,65,2110,0,3,11.342536990532306,0.9793810004339321,501.92681399948924,39.0
1781461615,20,,Aggregated,20.000000,0.000000,2,4,7,14,25,87,99,190,220,220,220,7122,0,4,30.20902567214171,0.9118890002355329,2511.467815999822,95.00631844987363
1781461616,20,GET,/api/load/mixed [GET],3.700000,0.000000,26,83,88,93,99,190,220,220,220,220,220,1422,0,31,106.21883054078722,12.88557999941986,2511.467815999822,115.0
1781461616,20,GET,/api/products [GET],10.400000,0.000000,2,2,3,4,7,13,25,70,70,70,70,3607,0,3,11.173483332955831,0.9118890002355329,497.9289789998802,120.0
1781461616,20,GET,/api/products/{id} [GET],6.300000,0.000000,2,4,4,4,11,20,25,65,65,65,65,2113,0,3,11.338662466172885,0.9793810004339321,501.92681399948924,39.0
1781461616,20,,Aggregated,20.400000,0.000000,2,4,11,14,26,87,99,190,220,220,220,7142,0,4,30.14625107840873,0.9118890002355329,2511.467815999822,95.04018482217866
1781461617,20,GET,/api/load/mixed [GET],3.600000,0.000000,21,34,87,88,99,190,220,220,220,220,220,1427,0,31,105.89935587245839,12.88557999941986,2511.467815999822,115.0
1781461617,20,GET,/api/products [GET],10.200000,0.000000,2,2,3,4,6,12,24,25,70,70,70,3618,0,3,11.15041233940622,0.9118890002355329,497.9289789998802,120.0
1781461617,20,GET,/api/products/{id} [GET],6.300000,0.000000,3,4,4,4,11,20,25,65,65,65,65,2117,0,3,11.322443193680837,0.9793810004339321,501.92681399948924,39.0
1781461617,20,,Aggregated,20.100000,0.000000,2,4,11,14,25,84,99,190,220,220,220,7162,0,4,30.07961252652791,0.9118890002355329,2511.467815999822,95.06115610164758
1781461618,20,GET,/api/load/mixed [GET],3.600000,0.000000,19,27,83,88,120,190,220,220,220,220,220,1433,0,31,105.76818804675372,12.88557999941986,2511.467815999822,115.0
1781461618,20,GET,/api/products [GET],10.200000,0.000000,2,2,3,4,7,12,19,24,25,25,25,3627,0,3,11.133330113584286,0.9118890002355329,497.9289789998802,120.0
1781461618,20,GET,/api/products/{id} [GET],6.200000,0.000000,2,4,4,4,11,20,65,65,65,65,65,2122,0,3,11.30392026438384,0.9793810004339321,501.92681399948924,39.0
1781461618,20,,Aggregated,20.000000,0.000000,2,4,11,14,23,83,120,190,220,220,220,7182,0,4,30.065903730714503,0.9118890002355329,2511.467815999822,95.07003620161515
1781461619,20,GET,/api/load/mixed [GET],3.500000,0.000000,18,27,83,88,96,120,180,180,180,180,180,1437,0,31,105.62767378775067,12.88557999941986,2511.467815999822,115.0
1781461619,20,GET,/api/products [GET],10.700000,0.000000,2,3,4,4,9,12,24,25,25,25,25,3637,0,3,11.11212134368101,0.9118890002355329,497.9289789998802,120.0
1781461619,20,GET,/api/products/{id} [GET],5.800000,0.000000,2,4,4,5,12,27,65,74,74,74,74,2128,0,3,11.324611823318323,0.9793810004339321,501.92681399948924,39.0
1781461619,20,,Aggregated,20.000000,0.000000,3,4,12,14,24,74,96,120,180,180,180,7202,0,4,30.033397184113802,0.9118890002355329,2511.467815999822,95.0690086087198
1781461620,20,GET,/api/load/mixed [GET],3.700000,0.000000,18,23,34,83,96,120,180,180,180,180,180,1440,0,31,105.4989187937481,12.88557999941986,2511.467815999822,115.0
1781461620,20,GET,/api/products [GET],10.800000,0.000000,2,3,3,4,8,18,25,68,68,68,68,3650,0,3,11.10418517368986,0.9118890002355329,497.9289789998802,120.0
1781461620,20,GET,/api/products/{id} [GET],5.400000,0.000000,2,3,4,4,10,12,27,74,74,74,74,2132,0,3,11.307058297851812,0.9793810004339321,501.92681399948924,39.0
1781461620,20,,Aggregated,19.900000,0.000000,3,4,11,14,21,68,96,120,180,180,180,7222,0,4,29.985511941011627,0.9118890002355329,2511.467815999822,95.09111049570755
1781461621,20,GET,/api/load/mixed [GET],3.700000,0.000000,18,23,29,83,96,120,180,180,180,180,180,1440,0,31,105.4989187937481,12.88557999941986,2511.467815999822,115.0
1781461621,20,GET,/api/products [GET],10.900000,0.000000,2,2,3,3,5,12,19,21,68,68,68,3663,0,3,11.071269961499064,0.9118890002355329,497.9289789998802,120.0
1781461621,20,GET,/api/products/{id} [GET],5.400000,0.000000,2,3,4,4,5,12,27,74,74,74,74,2139,0,3,11.27853794671334,0.9793810004339321,501.92681399948924,39.0
1781461621,20,,Aggregated,20.000000,0.000000,2,4,8,13,19,34,96,120,180,180,180,7242,0,4,29.908491797844356,0.9118890002355329,2511.467815999822,95.08160729080365
1781461622,20,GET,/api/load/mixed [GET],3.600000,0.000000,18,23,27,34,96,120,180,180,180,180,180,1443,0,31,105.31976877200087,12.88557999941986,2511.467815999822,115.0
1781461622,20,GET,/api/products [GET],10.800000,0.000000,2,2,3,4,8,12,21,68,68,68,68,3670,0,3,11.055632896449614,0.9118890002355329,497.9289789998802,120.0
1781461622,20,GET,/api/products/{id} [GET],5.500000,0.000000,2,3,4,4,7,12,27,74,74,74,74,2149,0,3,11.241164217785363,0.9793810004339321,501.92681399948924,39.0
1781461622,20,,Aggregated,19.900000,0.000000,2,4,8,13,19,29,96,120,180,180,180,7262,0,4,29.841346870282106,0.9118890002355329,2511.467815999822,95.03662902781603
1781461623,20,GET,/api/load/mixed [GET],3.600000,0.000000,21,26,34,90,96,120,180,180,180,180,180,1447,0,31,105.17418232618977,12.88557999941986,2511.467815999822,115.0
1781461623,20,GET,/api/products [GET],10.800000,0.000000,2,2,3,4,8,18,26,68,68,68,68,3678,0,3,11.042267433651794,0.9118890002355329,497.9289789998802,120.0
1781461623,20,GET,/api/products/{id} [GET],5.600000,0.000000,2,3,4,4,7,12,27,74,74,74,74,2157,0,3,11.20806154938326,0.9793810004339321,501.92681399948924,39.0
1781461623,20,,Aggregated,20.000000,0.000000,2,4,10,14,22,68,96,120,180,180,180,7282,0,4,29.796249685387004,0.9118890002355329,2511.467815999822,95.0134578412524
1781461624,20,GET,/api/load/mixed [GET],3.600000,0.000000,21,26,34,90,96,120,180,180,180,180,180,1450,0,31,105.00734960482562,12.88557999941986,2511.467815999822,115.0
1781461624,20,GET,/api/products [GET],10.600000,0.000000,2,2,3,3,9,18,26,68,68,68,68,3686,0,3,11.026789767762619,0.9118890002355329,497.9289789998802,120.0
1781461624,20,GET,/api/products/{id} [GET],5.900000,0.000000,2,3,4,4,7,12,27,74,74,74,74,2166,0,3,11.173631919214808,0.9793810004339321,501.92681399948924,39.0
1781461624,20,,Aggregated,20.100000,0.000000,2,4,9,14,22,68,96,120,180,180,180,7302,0,4,29.732606237741706,0.9118890002355329,2511.467815999822,94.98000547795125
1781461625,20,GET,/api/load/mixed [GET],3.400000,0.000000,21,29,90,92,97,170,180,180,180,180,180,1453,0,31,104.92955878939887,12.88557999941986,2511.467815999822,115.0
1781461625,20,GET,/api/products [GET],10.300000,0.000000,2,2,3,3,8,19,27,68,68,68,68,3698,0,3,11.004474533794205,0.9118890002355329,497.9289789998802,120.0
1781461625,20,GET,/api/products/{id} [GET],6.100000,0.000000,2,3,4,4,7,10,27,74,74,74,74,2171,0,3,11.156362971910665,0.9793810004339321,501.92681399948924,39.0
1781461625,20,,Aggregated,19.800000,0.000000,2,4,7,13,22,74,97,170,180,180,180,7322,0,4,29.688290051759907,0.9118890002355329,2511.467815999822,94.99098606937996
1781461626,20,GET,/api/load/mixed [GET],3.600000,0.000000,22,31,86,92,97,170,180,180,180,180,180,1457,0,31,104.75099837679859,12.88557999941986,2511.467815999822,115.0
1781461626,20,GET,/api/products [GET],9.900000,0.000000,2,3,3,5,11,20,27,68,68,68,68,3711,0,3,10.986943468598529,0.9118890002355329,497.9289789998802,120.0
1781461626,20,GET,/api/products/{id} [GET],6.500000,0.000000,2,3,4,4,7,10,27,74,74,74,74,2174,0,3,11.147035336715346,0.9793810004339321,501.92681399948924,39.0
1781461626,20,,Aggregated,20.000000,0.000000,2,4,10,14,26,85,97,170,180,180,180,7342,0,4,29.641569963086937,0.9118890002355329,2511.467815999822,95.02329065649687
1781461627,20,GET,/api/load/mixed [GET],3.400000,0.000000,21,31,86,92,97,170,180,180,180,180,180,1462,0,31,104.44745741928651,12.88557999941986,2511.467815999822,115.0
1781461627,20,GET,/api/products [GET],10.300000,0.000000,2,2,3,4,11,20,27,68,68,68,68,3719,0,3,10.96931467678652,0.9118890002355329,497.9289789998802,120.0
1781461627,20,GET,/api/products/{id} [GET],6.200000,0.000000,2,3,4,4,6,7,27,74,74,74,74,2181,0,3,11.119001824859472,0.9793810004339321,501.92681399948924,39.0
1781461627,20,,Aggregated,19.900000,0.000000,2,4,9,14,23,85,97,170,180,180,180,7362,0,4,29.577235399345945,0.9118890002355329,2511.467815999822,95.01073077967943
1781461628,20,GET,/api/load/mixed [GET],3.500000,0.000000,22,29,83,85,92,96,170,170,170,170,170,1466,0,31,104.3116202251003,12.88557999941986,2511.467815999822,115.0
1781461628,20,GET,/api/products [GET],10.500000,0.000000,2,2,3,4,9,20,27,68,68,68,68,3729,0,3,10.94893070902911,0.9118890002355329,497.9289789998802,120.0
1781461628,20,GET,/api/products/{id} [GET],6.000000,0.000000,2,3,4,4,6,7,9,20,20,20,20,2188,0,3,11.101554210246093,0.9793810004339321,501.92681399948924,39.0
1781461628,20,,Aggregated,20.000000,0.000000,2,4,7,13,22,68,92,96,170,170,170,7383,0,4,29.53265589543348,0.9118890002355329,2511.467815999822,95.00230258702425
1781461629,20,GET,/api/load/mixed [GET],3.600000,0.000000,23,29,83,85,90,92,170,170,170,170,170,1469,0,31,104.18571668345581,12.88557999941986,2511.467815999822,115.0
1781461629,20,GET,/api/products [GET],10.100000,0.000000,2,2,4,5,8,11,27,67,67,67,67,3742,0,3,10.938813337244932,0.9118890002355329,497.9289789998802,120.0
1781461629,20,GET,/api/products/{id} [GET],6.300000,0.000000,2,3,4,4,7,7,20,20,20,20,20,2192,0,3,11.093143242709111,0.9793810004339321,501.92681399948924,39.0
1781461629,20,,Aggregated,20.000000,0.000000,2,4,7,11,23,32,90,92,170,170,170,7403,0,4,29.487778914492207,0.9118890002355329,2511.467815999822,95.02404430636228
1781461630,20,GET,/api/load/mixed [GET],3.600000,0.000000,24,32,85,90,170,190,280,280,280,280,280,1477,0,31,104.22665142924588,12.88557999941986,2511.467815999822,115.0
1781461630,20,GET,/api/products [GET],10.100000,0.000000,2,3,5,6,11,15,27,67,67,67,67,3750,0,3,10.92878214292529,0.9118890002355329,497.9289789998802,120.0
1781461630,20,GET,/api/products/{id} [GET],6.600000,0.000000,2,3,4,4,7,20,20,30,30,30,30,2196,0,3,11.089158424872531,0.9793810004339321,501.92681399948924,39.0
1781461630,20,,Aggregated,20.300000,0.000000,3,6,11,14,27,85,170,190,280,280,280,7423,0,4,29.54027874147735,0.9118890002355329,2511.467815999822,95.0423009564866
1781461631,20,GET,/api/load/mixed [GET],3.500000,0.000000,27,83,90,96,170,190,280,280,280,280,280,1481,0,31,104.11542333828145,12.88557999941986,2511.467815999822,115.0
1781461631,20,GET,/api/products [GET],10.200000,0.000000,2,4,5,6,11,20,27,67,67,67,67,3761,0,3,10.911316491084483,0.9118890002355329,497.9289789998802,120.0
1781461631,20,GET,/api/products/{id} [GET],6.500000,0.000000,2,3,4,4,9,21,30,73,73,73,73,2202,0,3,11.106437219809493,0.9793810004339321,501.92681399948924,39.0
1781461631,20,,Aggregated,20.200000,0.000000,3,7,13,16,31,90,170,190,280,280,280,7444,0,4,29.512194793791554,0.9118890002355329,2511.467815999822,95.04473401397098
1781461632,20,GET,/api/load/mixed [GET],3.100000,0.000000,27,83,90,96,170,190,280,280,280,280,280,1482,0,31,104.05419605262811,12.88557999941986,2511.467815999822,115.0
1781461632,20,GET,/api/products [GET],10.200000,0.000000,2,4,5,6,11,15,27,67,67,67,67,3771,0,3,10.88934343886734,0.9118890002355329,497.9289789998802,120.0
1781461632,20,GET,/api/products/{id} [GET],6.200000,0.000000,2,4,4,5,9,21,30,73,73,73,73,2211,0,3,11.07315486477635,0.9793810004339321,501.92681399948924,39.0
1781461632,20,,Aggregated,19.500000,0.000000,3,6,13,14,29,90,170,190,280,280,280,7464,0,4,29.44195847588215,0.9118890002355329,2511.467815999822,95.01326366559485
1781461633,20,GET,/api/load/mixed [GET],3.800000,0.000000,24,83,90,98,170,190,280,280,280,280,280,1489,0,31,103.79307635728343,12.88557999941986,2511.467815999822,115.0
1781461633,20,GET,/api/products [GET],9.700000,0.000000,2,4,5,6,11,15,27,67,67,67,67,3780,0,3,10.875678241262225,0.9118890002355329,497.9289789998802,120.0
1781461633,20,GET,/api/products/{id} [GET],6.300000,0.000000,2,4,5,7,20,21,30,73,73,73,73,2220,0,3,11.064916421180175,0.9793810004339321,501.92681399948924,39.0
1781461633,20,,Aggregated,19.800000,0.000000,3,7,14,16,30,90,170,190,280,280,280,7489,0,4,29.40607142515509,0.9118890002355329,2511.467815999822,94.994658832955
1781461634,20,GET,/api/load/mixed [GET],4.000000,0.000000,24,83,90,98,110,170,280,280,280,280,280,1493,0,31,103.6200792337549,12.88557999941986,2511.467815999822,115.0
1781461634,20,GET,/api/products [GET],9.900000,0.000000,2,4,5,7,11,20,67,70,70,70,70,3792,0,3,10.873610319085836,0.9118890002355329,497.9289789998802,120.0
1781461634,20,GET,/api/products/{id} [GET],6.100000,0.000000,2,4,5,7,20,21,30,73,73,73,73,2225,0,3,11.046907271919011,0.9793810004339321,501.92681399948924,39.0
1781461634,20,,Aggregated,20.000000,0.000000,4,9,14,17,37,96,170,190,280,280,280,7510,0,4,29.363099508121113,0.9118890002355329,2511.467815999822,95.00798934753662
1781461635,20,GET,/api/load/mixed [GET],4.100000,0.000000,23,37,86,96,100,170,280,280,280,280,280,1498,0,30,103.33790187583188,12.88557999941986,2511.467815999822,115.0
1781461635,20,GET,/api/products [GET],9.800000,0.000000,2,4,5,5,9,15,67,70,70,70,70,3801,0,3,10.853943228880212,0.9118890002355329,497.9289789998802,120.0
1781461635,20,GET,/api/products/{id} [GET],6.200000,0.000000,2,4,5,7,20,21,30,73,73,73,73,2233,0,3,11.020953405741617,0.9793810004339321,501.92681399948924,39.0
1781461635,20,,Aggregated,20.100000,0.000000,4,7,14,16,27,90,110,190,280,280,280,7532,0,4,29.29710623712043,0.9118890002355329,2511.467815999822,94.99163568773234
1781461636,20,GET,/api/load/mixed [GET],4.100000,0.000000,23,75,86,96,100,170,280,280,280,280,280,1501,0,30,103.15890416655326,12.88557999941986,2511.467815999822,115.0
1781461636,20,GET,/api/products [GET],10.100000,0.000000,2,4,5,6,9,15,67,70,70,70,70,3810,0,3,10.834485136476165,0.9118890002355329,497.9289789998802,120.0
1781461636,20,GET,/api/products/{id} [GET],5.700000,0.000000,2,4,5,6,17,20,30,73,73,73,73,2239,0,3,10.997225876293223,0.9727999995448045,501.92681399948924,39.0
1781461636,20,,Aggregated,19.900000,0.000000,4,7,14,15,27,90,110,190,280,280,280,7550,0,4,29.23757513390614,0.9118890002355329,2511.467815999822,94.98490066225166
1781461637,20,GET,/api/load/mixed [GET],4.400000,0.000000,23,75,86,96,100,170,280,280,280,280,280,1505,0,30,102.94267225116066,12.88557999941986,2511.467815999822,115.0
1781461637,20,GET,/api/products [GET],10.000000,0.000000,2,3,5,5,9,15,67,70,70,70,70,3820,0,3,10.811670765962168,0.9118890002355329,497.9289789998802,120.0
1781461637,20,GET,/api/products/{id} [GET],5.700000,0.000000,2,4,5,5,15,20,30,73,73,73,73,2247,0,3,10.968410121949555,0.9727999995448045,501.92681399948924,39.0
1781461637,20,,Aggregated,20.100000,0.000000,3,6,14,15,30,90,110,190,280,280,280,7572,0,4,29.170010777600794,0.9118890002355329,2511.467815999822,94.96936080295826
1781461638,20,GET,/api/load/mixed [GET],4.400000,0.000000,19,29,75,96,100,170,280,280,280,280,280,1509,0,30,102.71435173293337,12.88557999941986,2511.467815999822,115.0
1781461638,20,GET,/api/products [GET],9.600000,0.000000,2,2,4,5,11,15,23,70,70,70,70,3831,0,3,10.791577812836163,0.9118890002355329,497.9289789998802,120.0
1781461638,20,GET,/api/products/{id} [GET],6.000000,0.000000,3,4,5,6,15,21,30,73,73,73,73,2251,0,3,10.955318353629666,0.9727999995448045,501.92681399948924,39.0
1781461638,20,,Aggregated,20.000000,0.000000,3,6,14,14,24,86,110,190,280,280,280,7591,0,4,29.113280592806277,0.9118890002355329,2511.467815999822,94.98669477012251
1781461639,20,GET,/api/load/mixed [GET],4.300000,0.000000,22,29,75,96,100,170,280,280,280,280,280,1512,0,30,102.55439984523562,12.88557999941986,2511.467815999822,115.0
1781461639,20,GET,/api/products [GET],9.600000,0.000000,2,2,4,5,8,14,23,70,70,70,70,3840,0,3,10.774693642701768,0.9118890002355329,497.9289789998802,120.0
1781461639,20,GET,/api/products/{id} [GET],6.100000,0.000000,3,4,5,5,14,20,30,73,73,73,73,2260,0,3,10.924543499124283,0.9727999995448045,501.92681399948924,39.0
1781461639,20,,Aggregated,20.000000,0.000000,3,6,14,14,24,75,100,170,280,280,280,7612,0,4,29.049729960850264,0.9118890002355329,2511.467815999822,94.95796111403048
1781461640,20,GET,/api/load/mixed [GET],4.300000,0.000000,19,25,29,30,98,100,110,110,110,110,110,1514,0,30,102.45336138374927,12.88557999941986,2511.467815999822,115.0
1781461640,20,GET,/api/products [GET],9.500000,0.000000,2,2,4,4,7,12,23,70,70,70,70,3851,0,3,10.750667615417916,0.9118890002355329,497.9289789998802,120.0
1781461640,20,GET,/api/products/{id} [GET],6.200000,0.000000,3,4,4,5,6,14,17,20,20,20,20,2267,0,3,10.897826976189394,0.9727999995448045,501.92681399948924,39.0
1781461640,20,,Aggregated,20.000000,0.000000,3,5,7,14,20,29,98,100,110,110,110,7632,0,4,28.985925560402585,0.9118890002355329,2511.467815999822,94.94798218029351
1781461641,20,GET,/api/load/mixed [GET],4.200000,0.000000,19,23,26,29,75,98,110,110,110,110,110,1516,0,30,102.3375949221615,12.88557999941986,2511.467815999822,115.0
1781461641,20,GET,/api/products [GET],9.700000,0.000000,2,2,3,4,7,12,23,70,70,70,70,3861,0,3,10.727229103334771,0.9118890002355329,497.9289789998802,120.0
1781461641,20,GET,/api/products/{id} [GET],6.100000,0.000000,3,4,4,5,6,14,17,20,20,20,20,2275,0,3,10.870120173196963,0.9727999995448045,501.92681399948924,39.0
1781461641,20,,Aggregated,20.000000,0.000000,2,4,7,14,19,26,75,98,110,110,110,7652,0,4,28.91938693988445,0.9118890002355329,2511.467815999822,94.92746994249869
1781461642,20,GET,/api/load/mixed [GET],4.300000,0.000000,17,22,25,26,30,98,110,110,110,110,110,1517,0,30,102.27958980751279,12.88557999941986,2511.467815999822,115.0
1781461642,20,GET,/api/products [GET],9.300000,0.000000,2,2,3,4,5,8,14,23,70,70,70,3875,0,3,10.696218364897152,0.8901890005290625,497.9289789998802,120.0
1781461642,20,GET,/api/products/{id} [GET],7.000000,0.000000,3,3,4,4,5,6,7,7,7,7,7,2280,0,3,10.851334013168206,0.9727999995448045,501.92681399948924,39.0
1781461642,20,,Aggregated,20.600000,0.000000,2,4,5,7,14,25,31,98,110,110,110,7672,0,4,28.85128068978066,0.8901890005290625,2511.467815999822,94.93938998957248
1781461643,20,GET,/api/load/mixed [GET],3.600000,0.000000,15,22,25,27,30,31,98,98,98,98,98,1520,0,29,102.1153700782878,12.88557999941986,2511.467815999822,115.0
1781461643,20,GET,/api/products [GET],9.700000,0.000000,2,2,3,3,5,7,10,11,14,14,14,3887,0,3,10.672982056335364,0.8901890005290625,497.9289789998802,120.0
1781461643,20,GET,/api/products/{id} [GET],6.900000,0.000000,3,3,4,4,5,6,6,7,7,7,7,2282,0,3,10.845354222621847,0.9727999995448045,501.92681399948924,39.0
1781461643,20,,Aggregated,20.200000,0.000000,2,4,5,7,14,23,29,31,98,98,98,7689,0,4,28.800928873455117,0.8901890005290625,2511.467815999822,94.97177786448172
1781461644,20,GET,/api/load/mixed [GET],3.500000,0.000000,15,25,27,29,88,88,190,190,190,190,190,1524,0,29,102.0976968280822,12.88557999941986,2511.467815999822,115.0
1781461644,20,GET,/api/products [GET],9.700000,0.000000,2,2,3,4,7,8,14,21,67,67,67,3901,0,3,10.667819740572906,0.8901890005290625,497.9289789998802,120.0
1781461644,20,GET,/api/products/{id} [GET],6.800000,0.000000,3,4,4,5,5,7,7,8,8,8,8,2287,0,3,10.832654598173159,0.9727999995448045,501.92681399948924,39.0
1781461644,20,,Aggregated,20.000000,0.000000,2,4,5,7,14,26,67,88,190,190,190,7712,0,4,28.78453524896194,0.8901890005290625,2511.467815999822,94.9913122406639
1781461645,20,GET,/api/load/mixed [GET],3.300000,0.000000,16,26,29,31,88,88,190,190,190,190,190,1530,0,29,101.79007005882254,12.88557999941986,2511.467815999822,115.0
1781461645,20,GET,/api/products [GET],10.400000,0.000000,2,2,3,4,7,8,14,21,67,67,67,3906,0,3,10.656454393746843,0.8901890005290625,497.9289789998802,120.0
1781461645,20,GET,/api/products/{id} [GET],6.400000,0.000000,3,3,4,5,5,7,7,8,8,8,8,2288,0,3,10.828706989957322,0.9727999995448045,501.92681399948924,39.0
1781461645,20,,Aggregated,20.100000,0.000000,2,4,5,8,15,29,67,88,190,190,190,7724,0,4,28.7595804822626,0.8901890005290625,2511.467815999822,95.01579492490937
1781461646,20,GET,/api/load/mixed [GET],3.100000,0.000000,22,35,88,98,200,390,390,390,390,390,390,1540,0,30,102.27234657272666,12.88557999941986,2511.467815999822,115.0
1781461646,20,GET,/api/products [GET],10.700000,0.000000,2,2,3,4,7,11,67,67,120,120,120,3921,0,3,10.671969545772994,0.8901890005290625,497.9289789998802,120.0
1781461646,20,GET,/api/products/{id} [GET],6.200000,0.000000,3,3,4,5,5,7,7,8,8,8,8,2291,0,3,10.817207763868431,0.9727999995448045,501.92681399948924,39.0
1781461646,20,,Aggregated,20.000000,0.000000,3,4,7,13,26,88,200,390,390,390,390,7752,0,4,28.91207808281705,0.8901890005290625,2511.467815999822,95.06824045407637
1781461647,20,GET,/api/load/mixed [GET],2.900000,0.000000,26,48,88,190,200,390,390,390,390,390,390,1541,0,30,102.21732564503492,12.88557999941986,2511.467815999822,115.0
1781461647,20,GET,/api/products [GET],11.000000,0.000000,2,3,4,4,8,11,67,67,120,120,120,3933,0,3,10.652869875406857,0.8901890005290625,497.9289789998802,120.0
1781461647,20,GET,/api/products/{id} [GET],6.100000,0.000000,3,3,4,5,7,7,10,10,10,10,10,2297,0,3,10.799336245547684,0.9727999995448045,501.92681399948924,39.0
1781461647,20,,Aggregated,20.000000,0.000000,3,5,7,11,26,88,200,390,390,390,390,7771,0,4,28.85352096190931,0.8901890005290625,2511.467815999822,95.06601466992664
1781461648,20,GET,/api/load/mixed [GET],3.100000,0.000000,25,58,88,98,200,390,390,390,390,390,390,1547,0,30,101.95649700064527,12.88557999941986,2511.467815999822,115.0
1781461648,20,GET,/api/products [GET],10.700000,0.000000,2,3,4,5,8,10,67,67,120,120,120,3939,0,3,10.642654687223612,0.8901890005290625,497.9289789998802,120.0
1781461648,20,GET,/api/products/{id} [GET],5.500000,0.000000,2,3,5,5,7,8,9,10,10,10,10,2304,0,3,10.77779304775264,0.9727999995448045,501.92681399948924,39.0
1781461648,20,,Aggregated,19.300000,0.000000,3,5,8,13,27,88,200,390,390,390,390,7790,0,4,28.81645094415845,0.8901890005290625,2511.467815999822,95.05019255455713
1781461649,20,GET,/api/load/mixed [GET],3.700000,0.000000,26,58,88,98,200,390,390,390,390,390,390,1551,0,29,101.79778218504093,12.88557999941986,2511.467815999822,115.0
1781461649,20,GET,/api/products [GET],11.100000,0.000000,2,3,4,5,8,21,67,71,120,120,120,3952,0,3,10.639363866390646,0.8901890005290625,497.9289789998802,120.0
1781461649,20,GET,/api/products/{id} [GET],5.200000,0.000000,2,3,4,5,7,9,11,11,11,11,11,2309,0,3,10.762204348212613,0.9727999995448045,501.92681399948924,39.0
1781461649,20,,Aggregated,20.000000,0.000000,3,5,10,14,35,94,200,390,390,390,390,7812,0,4,28.77432872619015,0.8901890005290625,2511.467815999822,95.06605222734255
1781461650,20,GET,/api/load/mixed [GET],3.500000,0.000000,25,58,88,98,200,390,390,390,390,390,390,1554,0,29,101.63541958043574,12.88557999941986,2511.467815999822,115.0
1781461650,20,GET,/api/products [GET],11.300000,0.000000,2,3,4,5,8,21,67,71,120,120,120,3963,0,3,10.61995433635481,0.8901890005290625,497.9289789998802,120.0
1781461650,20,GET,/api/products/{id} [GET],5.000000,0.000000,2,3,4,5,8,9,11,11,11,11,11,2315,0,3,10.741530458757195,0.9727999995448045,501.92681399948924,39.0
1781461650,20,,Aggregated,19.800000,0.000000,3,6,10,14,35,94,200,390,390,390,390,7832,0,4,28.71488305349774,0.8901890005290625,2511.467815999822,95.06575587334014
1781461651,20,GET,/api/load/mixed [GET],3.800000,0.000000,27,58,88,98,200,390,390,390,390,390,390,1557,0,29,101.48727541489866,12.88557999941986,2511.467815999822,115.0
1781461651,20,GET,/api/products [GET],11.000000,0.000000,2,4,5,6,10,21,67,71,120,120,120,3975,0,3,10.605795419364567,0.8901890005290625,497.9289789998802,120.0
1781461651,20,GET,/api/products/{id} [GET],5.200000,0.000000,2,3,3,6,8,9,11,11,11,11,11,2320,0,3,10.722588992250778,0.9692209996501333,501.92681399948924,39.0
1781461651,20,,Aggregated,20.000000,0.000000,3,7,11,15,35,94,200,390,390,390,390,7852,0,4,28.661504212301736,0.8901890005290625,2511.467815999822,95.07577687213448
1781461652,20,GET,/api/load/mixed [GET],3.900000,0.000000,26,58,88,94,190,200,390,390,390,390,390,1559,0,29,101.37995782937614,12.88557999941986,2511.467815999822,115.0
1781461652,20,GET,/api/products [GET],11.300000,0.000000,2,4,5,6,11,21,67,71,120,120,120,3986,0,3,10.58539042046548,0.8901890005290625,497.9289789998802,120.0
1781461652,20,GET,/api/products/{id} [GET],4.800000,0.000000,2,3,6,7,8,9,11,11,11,11,11,2327,0,3,10.703248693175787,0.9692209996501333,501.92681399948924,39.0
1781461652,20,,Aggregated,20.000000,0.000000,4,7,13,16,35,94,200,390,390,390,390,7872,0,4,28.601521872585483,0.8901890005290625,2511.467815999822,95.06580284552845
1781461653,20,GET,/api/load/mixed [GET],4.000000,0.000000,25,35,77,94,190,200,390,390,390,390,390,1565,0,29,101.07058887220283,12.88557999941986,2511.467815999822,115.0
1781461653,20,GET,/api/products [GET],11.200000,0.000000,2,4,5,6,10,16,67,71,120,120,120,3993,0,3,10.576203430246998,0.8901890005290625,497.9289789998802,120.0
1781461653,20,GET,/api/products/{id} [GET],4.800000,0.000000,2,2,6,7,8,10,10,11,11,11,11,2333,0,3,10.683982650673427,0.9692209996501333,501.92681399948924,39.0
1781461653,20,,Aggregated,20.000000,0.000000,4,7,13,15,32,94,200,390,390,390,390,7891,0,4,28.555567533391816,0.8901890005290625,2511.467815999822,95.06044861234318
1781461654,20,GET,/api/load/mixed [GET],4.000000,0.000000,24,32,58,88,190,200,390,390,390,390,390,1569,0,29,100.90428728298075,12.88557999941986,2511.467815999822,115.0
1781461654,20,GET,/api/products [GET],11.500000,0.000000,2,4,5,6,10,16,67,71,120,120,120,4005,0,3,10.552049874151747,0.8901890005290625,497.9289789998802,120.0
1781461654,20,GET,/api/products/{id} [GET],4.500000,0.000000,2,2,3,6,8,10,11,20,20,20,20,2339,0,3,10.669368454904244,0.9692209996501333,501.92681399948924,39.0
1781461654,20,,Aggregated,20.000000,0.000000,3,8,14,16,28,88,200,390,390,390,390,7913,0,4,28.50188794502661,0.8901890005290625,2511.467815999822,95.06584102110452
1781461655,20,GET,/api/load/mixed [GET],4.200000,0.000000,24,28,76,94,200,390,390,390,390,390,390,1570,0,29,100.85042248152648,12.88557999941986,2511.467815999822,115.0
1781461655,20,GET,/api/products [GET],11.000000,0.000000,2,4,5,6,9,13,24,71,120,120,120,4013,0,3,10.536277706448272,0.8901890005290625,497.9289789998802,120.0
1781461655,20,GET,/api/products/{id} [GET],4.800000,0.000000,2,2,3,5,8,10,11,20,20,20,20,2346,0,3,10.645073737008172,0.9692209996501333,501.92681399948924,39.0
1781461655,20,,Aggregated,20.000000,0.000000,3,6,10,14,25,76,190,200,390,390,390,7929,0,4,28.451329135955937,0.8901890005290625,2511.467815999822,95.0440156387943
1781461656,20,GET,/api/load/mixed [GET],4.600000,0.000000,20,26,28,32,87,88,94,94,94,94,94,1573,0,29,100.77860948251512,12.88557999941986,2511.467815999822,115.0
1781461656,20,GET,/api/products [GET],10.300000,0.000000,2,4,5,6,10,16,24,66,71,71,71,4032,0,3,10.518948546125296,0.8901890005290625,497.9289789998802,120.0
1781461656,20,GET,/api/products/{id} [GET],5.200000,0.000000,2,2,3,5,8,10,11,20,20,20,20,2349,0,3,10.63430126820778,0.9692209996501333,501.92681399948924,39.0
1781461656,20,,Aggregated,20.100000,0.000000,3,5,9,13,21,32,87,88,94,94,94,7954,0,4,28.402957874402002,0.8901890005290625,2511.467815999822,95.09001760120694
1781461657,20,GET,/api/load/mixed [GET],4.500000,0.000000,23,26,32,34,87,88,94,94,94,94,94,1578,0,29,100.55175871039056,12.88557999941986,2511.467815999822,115.0
1781461657,20,GET,/api/products [GET],10.300000,0.000000,2,4,5,5,9,16,24,66,71,71,71,4041,0,3,10.501189325903706,0.8901890005290625,497.9289789998802,120.0
1781461657,20,GET,/api/products/{id} [GET],5.200000,0.000000,2,2,3,5,8,11,14,20,20,20,20,2355,0,3,10.619439487057413,0.9692209996501333,501.92681399948924,39.0
1781461657,20,,Aggregated,20.000000,0.000000,3,5,9,14,23,32,71,88,94,94,94,7974,0,4,28.356503800224907,0.8901890005290625,2511.467815999822,95.08841234010534
1781461658,20,GET,/api/load/mixed [GET],4.100000,0.000000,23,26,32,34,87,88,88,88,88,88,88,1578,0,29,100.55175871039056,12.88557999941986,2511.467815999822,115.0
1781461658,20,GET,/api/products [GET],10.800000,0.000000,2,4,4,5,9,16,19,21,66,66,66,4049,0,3,10.493502759934982,0.8901890005290625,497.9289789998802,120.0
1781461658,20,GET,/api/products/{id} [GET],5.800000,0.000000,2,2,3,4,8,11,14,20,20,20,20,2364,0,3,10.588950778773295,0.9692209996501333,501.92681399948924,39.0
1781461658,20,,Aggregated,20.700000,0.000000,3,4,7,11,19,28,66,88,88,88,88,7991,0,4,28.305737399698806,0.8901890005290625,2511.467815999822,95.05018145413591
1781461659,20,GET,/api/load/mixed [GET],3.300000,0.000000,21,27,34,36,88,90,95,95,95,95,95,1583,0,29,100.38917185028204,12.88557999941986,2511.467815999822,115.0
1781461659,20,GET,/api/products [GET],10.900000,0.000000,2,4,5,5,10,19,25,66,67,67,67,4064,0,3,10.49410619315375,0.8901890005290625,497.9289789998802,120.0
1781461659,20,GET,/api/products/{id} [GET],5.800000,0.000000,2,3,3,3,8,10,14,20,20,20,20,2366,0,3,10.582091410828376,0.9692209996501333,501.92681399948924,39.0
1781461659,20,,Aggregated,20.000000,0.000000,3,5,8,14,21,34,88,90,95,95,95,8013,0,4,28.27921313939765,0.8901890005290625,2511.467815999822,95.09534506427056
1781461660,20,GET,/api/load/mixed [GET],3.600000,0.000000,23,32,36,42,88,92,95,95,95,95,95,1585,0,29,100.33728702775743,12.88557999941986,2511.467815999822,115.0
1781461660,20,GET,/api/products [GET],10.800000,0.000000,2,4,5,5,9,19,25,66,67,67,67,4078,0,3,10.47048518905799,0.8901890005290625,497.9289789998802,120.0
1781461660,20,GET,/api/products/{id} [GET],5.800000,0.000000,2,3,4,5,8,20,20,68,68,68,68,2371,0,3,10.60087044623411,0.9692209996501333,501.92681399948924,39.0
1781461660,20,,Aggregated,20.200000,0.000000,3,5,8,14,24,66,88,92,95,95,95,8034,0,4,28.238474280308097,0.8901890005290625,2511.467815999822,95.10878765247698
1781461662,20,GET,/api/load/mixed [GET],3.200000,0.000000,23,32,42,87,90,92,95,95,95,95,95,1587,0,29,100.22994199936761,12.88557999941986,2511.467815999822,115.0
1781461662,20,GET,/api/products [GET],10.800000,0.000000,2,4,5,5,9,19,25,66,67,67,67,4088,0,3,10.451451362030072,0.8901890005290625,497.9289789998802,120.0
1781461662,20,GET,/api/products/{id} [GET],6.000000,0.000000,2,3,3,4,7,20,20,68,68,68,68,2379,0,3,10.573558919723084,0.9692209996501333,501.92681399948924,39.0
1781461662,20,,Aggregated,20.000000,0.000000,3,5,7,14,24,66,88,92,95,95,95,8054,0,4,28.177917530543414,0.8901890005290625,2511.467815999822,95.08889992550286
1781461663,20,GET,/api/load/mixed [GET],3.300000,0.000000,21,33,36,87,90,92,95,95,95,95,95,1592,0,29,99.98405352763567,12.88557999941986,2511.467815999822,115.0
1781461663,20,GET,/api/products [GET],11.100000,0.000000,2,4,5,5,9,19,25,66,67,67,67,4098,0,3,10.436691483645664,0.8901890005290625,497.9289789998802,120.0
1781461663,20,GET,/api/products/{id} [GET],5.600000,0.000000,2,3,3,4,7,14,68,68,68,68,68,2383,0,3,10.562909080159745,0.9692209996501333,501.92681399948924,39.0
1781461663,20,,Aggregated,20.000000,0.000000,3,5,6,12,21,42,88,92,95,95,95,8073,0,4,28.132737179982254,0.8901890005290625,2511.467815999822,95.10429827821132
1781461664,20,GET,/api/load/mixed [GET],3.100000,0.000000,19,32,36,42,90,92,95,95,95,95,95,1596,0,29,99.7788614047602,12.88557999941986,2511.467815999822,115.0
1781461664,20,GET,/api/products [GET],11.400000,0.000000,2,4,5,5,9,19,25,66,67,67,67,4108,0,3,10.41595310856373,0.8901890005290625,497.9289789998802,120.0
1781461664,20,GET,/api/products/{id} [GET],5.500000,0.000000,3,3,4,5,6,14,20,68,68,68,68,2390,0,3,10.543710943105504,0.9692209996501333,501.92681399948924,39.0
1781461664,20,,Aggregated,20.000000,0.000000,3,5,7,14,21,42,88,92,95,95,95,8094,0,4,28.074532657029824,0.8901890005290625,2511.467815999822,95.09636767976279
1781461665,20,GET,/api/load/mixed [GET],3.200000,0.000000,19,32,36,36,92,95,97,97,97,97,97,1600,0,29,99.6294514831237,12.88557999941986,2511.467815999822,115.0
1781461665,20,GET,/api/products [GET],11.200000,0.000000,2,3,4,5,8,17,25,67,67,67,67,4114,0,3,10.403341479820103,0.8901890005290625,497.9289789998802,120.0
1781461665,20,GET,/api/products/{id} [GET],5.500000,0.000000,3,4,5,6,8,14,20,68,68,68,68,2400,0,3,10.521415352092921,0.9692209996501333,501.92681399948924,39.0
1781461665,20,,Aggregated,19.900000,0.000000,3,5,7,13,20,36,90,95,97,97,97,8114,0,4,28.032766337934554,0.8901890005290625,2511.467815999822,95.05545969928518
1781461666,20,GET,/api/load/mixed [GET],2.900000,0.000000,21,33,36,88,92,95,97,97,97,97,97,1606,0,29,99.46858837422127,12.88557999941986,2511.467815999822,115.0
1781461666,20,GET,/api/products [GET],11.500000,0.000000,2,4,5,5,8,17,25,67,67,67,67,4123,0,3,10.387733943482631,0.8901890005290625,497.9289789998802,120.0
1781461666,20,GET,/api/products/{id} [GET],5.600000,0.000000,3,5,6,6,8,14,20,68,68,68,68,2404,0,3,10.512017980874495,0.9692209996501333,501.92681399948924,39.0
1781461666,20,,Aggregated,20.000000,0.000000,3,6,10,14,25,67,92,95,97,97,97,8133,0,4,28.015009369728343,0.8901890005290625,2511.467815999822,95.07020779540144
1781461667,20,GET,/api/load/mixed [GET],2.900000,0.000000,19,32,36,90,94,97,110,110,110,110,110,1611,0,29,99.2679406617014,12.88557999941986,2511.467815999822,115.0
1781461667,20,GET,/api/products [GET],11.500000,0.000000,2,4,5,7,10,17,25,67,67,67,67,4135,0,3,10.372969240623915,0.8901890005290625,497.9289789998802,120.0
1781461667,20,GET,/api/products/{id} [GET],5.600000,0.000000,3,4,6,6,7,10,20,68,68,68,68,2408,0,3,10.499672340540618,0.9692209996501333,501.92681399948924,39.0
1781461667,20,,Aggregated,20.000000,0.000000,4,6,10,14,24,68,94,97,110,110,110,8154,0,4,27.97352111994147,0.8901890005290625,2511.467815999822,95.0916114790287
1781461668,20,GET,/api/load/mixed [GET],3.000000,0.000000,19,26,33,36,92,97,110,110,110,110,110,1618,0,29,98.96339238195361,12.771364999935031,2511.467815999822,115.0
1781461668,20,GET,/api/products [GET],10.800000,0.000000,2,4,5,6,9,12,24,67,67,67,67,4143,0,3,10.360568200091734,0.8901890005290625,497.9289789998802,120.0
1781461668,20,GET,/api/products/{id} [GET],6.100000,0.000000,3,5,6,6,8,10,68,68,68,68,68,2413,0,3,10.486159203490567,0.9692209996501333,501.92681399948924,39.0
1781461668,20,,Aggregated,19.900000,0.000000,4,7,12,14,21,67,92,97,110,110,110,8174,0,4,27.93610289760262,0.8901890005290625,2511.467815999822,95.09872767310986
1781461669,20,GET,/api/load/mixed [GET],3.300000,0.000000,19,29,33,36,92,97,110,110,110,110,110,1622,0,29,98.79398685265103,12.771364999935031,2511.467815999822,115.0
1781461669,20,GET,/api/products [GET],10.700000,0.000000,2,4,5,6,9,12,13,22,22,22,22,4151,0,3,10.354698582264596,0.8901890005290625,497.9289789998802,120.0
1781461669,20,GET,/api/products/{id} [GET],5.800000,0.000000,4,5,6,6,10,23,63,68,68,68,68,2421,0,3,10.494795398604683,0.9692209996501333,501.92681399948924,39.0
1781461669,20,,Aggregated,19.800000,0.000000,4,7,13,14,26,37,92,97,110,110,110,8194,0,4,27.902623889431577,0.8901890005290625,2511.467815999822,95.0779838906517
1781461670,20,GET,/api/load/mixed [GET],3.800000,0.000000,17,27,33,36,92,97,110,110,110,110,110,1625,0,29,98.64065982584555,12.771364999935031,2511.467815999822,115.0
1781461670,20,GET,/api/products [GET],10.300000,0.000000,2,3,5,6,8,12,13,22,22,22,22,4164,0,3,10.330352286498835,0.8901890005290625,497.9289789998802,120.0
1781461670,20,GET,/api/products/{id} [GET],5.900000,0.000000,3,5,6,6,7,10,23,63,63,63,63,2425,0,3,10.48007281980297,0.9692209996501333,501.92681399948924,39.0
1781461670,20,,Aggregated,20.000000,0.000000,4,6,13,14,23,36,92,97,110,110,110,8214,0,4,27.845244183832783,0.8901890005290625,2511.467815999822,95.09739469198928
1781461671,20,GET,/api/load/mixed [GET],4.000000,0.000000,18,27,33,36,90,94,110,110,110,110,110,1629,0,29,98.4762177010428,12.771364999935031,2511.467815999822,115.0
1781461671,20,GET,/api/products [GET],10.200000,0.000000,2,3,4,5,8,12,13,22,22,22,22,4177,0,3,10.30546460856652,0.8901890005290625,497.9289789998802,120.0
1781461671,20,GET,/api/products/{id} [GET],5.800000,0.000000,3,5,6,6,8,10,63,63,63,63,63,2428,0,3,10.470089200173563,0.9692209996501333,501.92681399948924,39.0
1781461671,20,,Aggregated,20.000000,0.000000,4,7,13,15,24,37,92,97,110,110,110,8234,0,4,27.797554151445553,0.8901890005290625,2511.467815999822,95.12594121933446
1781461672,20,GET,/api/load/mixed [GET],4.200000,0.000000,18,27,33,37,92,97,110,110,110,110,110,1630,0,29,98.42533079693122,12.771364999935031,2511.467815999822,115.0
1781461672,20,GET,/api/products [GET],10.100000,0.000000,2,3,4,5,7,11,13,22,22,22,22,4188,0,3,10.284709080941793,0.8901890005290625,497.9289789998802,120.0
1781461672,20,GET,/api/products/{id} [GET],5.700000,0.000000,3,5,5,6,7,10,23,63,63,63,63,2436,0,3,10.444157071026869,0.9692209996501333,501.92681399948924,39.0
1781461672,20,,Aggregated,20.000000,0.000000,3,6,10,14,22,36,92,97,110,110,110,8254,0,4,27.73777773867261,0.8901890005290625,2511.467815999822,95.10709958807851
1781461673,20,GET,/api/load/mixed [GET],4.400000,0.000000,21,29,33,37,92,97,110,110,110,110,110,1634,0,29,98.25003373316909,12.771364999935031,2511.467815999822,115.0
1781461673,20,GET,/api/products [GET],9.900000,0.000000,2,3,4,5,7,11,13,22,22,22,22,4198,0,3,10.26706267674667,0.8901890005290625,497.9289789998802,120.0
1781461673,20,GET,/api/products/{id} [GET],5.700000,0.000000,3,5,6,6,9,21,23,63,63,63,63,2442,0,3,10.435497746938031,0.9692209996501333,501.92681399948924,39.0
1781461673,20,,Aggregated,20.000000,0.000000,3,6,12,15,26,37,92,97,110,110,110,8274,0,4,27.6921887521155,0.8901890005290625,2511.467815999822,95.10611554266377
1781461674,20,GET,/api/load/mixed [GET],4.300000,0.000000,26,33,48,88,94,99,110,110,110,110,110,1639,0,29,98.12818233251846,12.771364999935031,2511.467815999822,115.0
1781461674,20,GET,/api/products [GET],10.000000,0.000000,2,4,5,6,10,12,22,22,22,22,22,4208,0,3,10.259295471716122,0.8901890005290625,497.9289789998802,120.0
1781461674,20,GET,/api/products/{id} [GET],5.700000,0.000000,2,5,5,6,9,23,63,63,63,63,63,2447,0,3,10.427031731924707,0.9692209996501333,501.92681399948924,39.0
1781461674,20,,Aggregated,20.000000,0.000000,4,6,13,16,28,63,94,99,110,110,110,8294,0,4,27.672793927658446,0.8901890005290625,2511.467815999822,95.11429949360983
1781461675,20,GET,/api/load/mixed [GET],4.300000,0.000000,23,29,37,48,88,99,110,110,110,110,110,1643,0,29,98.00855425319422,12.771364999935031,2511.467815999822,115.0
1781461675,20,GET,/api/products [GET],10.000000,0.000000,2,4,5,6,10,12,22,22,22,22,22,4216,0,3,10.24603109937827,0.8901890005290625,497.9289789998802,120.0
1781461675,20,GET,/api/products/{id} [GET],5.700000,0.000000,2,4,5,5,9,23,63,63,63,63,63,2454,0,3,10.407870017937515,0.9692209996501333,501.92681399948924,39.0
1781461675,20,,Aggregated,20.000000,0.000000,3,6,13,15,26,44,88,99,110,110,110,8313,0,4,27.639388280644262,0.8901890005290625,2511.467815999822,95.10056537952605
1781461676,20,GET,/api/load/mixed [GET],4.100000,0.000000,23,29,44,73,83,92,99,99,99,99,99,1646,0,29,97.89940702672983,12.771364999935031,2511.467815999822,115.0
1781461676,20,GET,/api/products [GET],10.000000,0.000000,2,4,4,5,6,11,22,22,22,22,22,4227,0,3,10.227139831317052,0.8901890005290625,497.9289789998802,120.0
1781461676,20,GET,/api/products/{id} [GET],5.900000,0.000000,2,3,5,5,9,23,24,63,63,63,63,2461,0,3,10.384729357179642,0.9692209996501333,501.92681399948924,39.0
1781461676,20,,Aggregated,20.000000,0.000000,3,5,11,15,26,48,83,92,99,99,99,8334,0,4,27.58931641240626,0.8901890005290625,2511.467815999822,95.09347252219823
1781461677,20,GET,/api/load/mixed [GET],4.200000,0.000000,25,29,44,48,81,88,99,99,99,99,99,1650,0,29,97.70701755454425,12.771364999935031,2511.467815999822,115.0
1781461677,20,GET,/api/products [GET],10.000000,0.000000,2,3,4,5,7,11,22,22,22,22,22,4238,0,3,10.208484200325385,0.8901890005290625,497.9289789998802,120.0
1781461677,20,GET,/api/products/{id} [GET],5.700000,0.000000,2,3,4,5,9,23,24,63,63,63,63,2466,0,3,10.3683493528059,0.9692209996501333,501.92681399948924,39.0
1781461677,20,,Aggregated,19.900000,0.000000,3,5,8,14,24,44,81,88,99,99,99,8354,0,4,27.53752507900366,0.8901890005290625,2511.467815999822,95.10222647833373
1781461678,20,GET,/api/load/mixed [GET],4.400000,0.000000,20,29,44,73,81,88,99,99,99,99,99,1655,0,29,97.51411571661647,12.771364999935031,2511.467815999822,115.0
1781461678,20,GET,/api/products [GET],10.200000,0.000000,2,3,4,5,7,10,22,22,22,22,22,4246,0,3,10.20312241002804,0.8901890005290625,497.9289789998802,120.0
1781461678,20,GET,/api/products/{id} [GET],5.400000,0.000000,2,2,3,3,5,9,21,24,24,24,24,2473,0,3,10.344539058236801,0.9692209996501333,501.92681399948924,39.0
1781461678,20,,Aggregated,20.000000,0.000000,2,5,7,13,22,44,81,88,99,99,99,8374,0,4,27.50064059648903,0.8901890005290625,2511.467815999822,95.09099593981371
1781461679,20,GET,/api/load/mixed [GET],4.100000,0.000000,20,29,44,73,81,88,99,99,99,99,99,1658,0,29,97.36671899396953,12.771364999935031,2511.467815999822,115.0
1781461679,20,GET,/api/products [GET],10.400000,0.000000,2,4,4,5,7,10,22,22,22,22,22,4256,0,3,10.184855127814876,0.8901890005290625,497.9289789998802,120.0
1781461679,20,GET,/api/products/{id} [GET],5.700000,0.000000,2,3,3,5,6,9,21,24,24,24,24,2480,0,3,10.324572043958641,0.9692209996501333,501.92681399948924,39.0
1781461679,20,,Aggregated,20.200000,0.000000,2,5,7,13,22,44,81,88,99,99,99,8394,0,4,27.446473931975124,0.8901890005290625,2511.467815999822,95.0810102454134
1781461680,20,GET,/api/load/mixed [GET],3.900000,0.000000,20,30,35,48,81,88,99,99,99,99,99,1664,0,29,97.0921747487999,12.771364999935031,2511.467815999822,115.0
1781461680,20,GET,/api/products [GET],10.300000,0.000000,2,4,5,5,7,11,22,22,22,22,22,4264,0,3,10.17335724342895,0.8901890005290625,497.9289789998802,120.0
1781461680,20,GET,/api/products/{id} [GET],5.800000,0.000000,2,3,4,5,6,12,21,24,24,24,24,2486,0,3,10.30931236605719,0.9692209996501333,501.92681399948924,39.0
1781461680,20,,Aggregated,20.000000,0.000000,3,5,10,14,23,35,81,88,99,99,99,8414,0,4,27.403081127882388,0.8901890005290625,2511.467815999822,95.07891609222725
1781461681,20,GET,/api/load/mixed [GET],3.700000,0.000000,20,29,33,44,81,88,99,99,99,99,99,1667,0,29,96.94690205878973,12.771364999935031,2511.467815999822,115.0
1781461681,20,GET,/api/products [GET],10.300000,0.000000,2,4,5,6,10,11,22,22,22,22,22,4275,0,3,10.160184276954817,0.8901890005290625,497.9289789998802,120.0
1781461681,20,GET,/api/products/{id} [GET],6.000000,0.000000,2,3,5,5,9,21,22,24,24,24,24,2492,0,3,10.299902365175418,0.9692209996501333,501.92681399948924,39.0
1781461681,20,,Aggregated,20.000000,0.000000,3,6,11,14,23,35,81,88,99,99,99,8434,0,4,27.355066422812616,0.8901890005290625,2511.467815999822,95.07861038653071
1781461682,20,GET,/api/load/mixed [GET],3.600000,0.000000,20,31,36,44,81,88,99,99,99,99,99,1673,0,29,96.69185928452036,12.771364999935031,2511.467815999822,115.0
1781461682,20,GET,/api/products [GET],10.500000,0.000000,2,4,5,6,10,11,22,22,22,22,22,4285,0,3,10.144300534184548,0.8901890005290625,497.9289789998802,120.0
1781461682,20,GET,/api/products/{id} [GET],5.900000,0.000000,2,3,4,5,6,12,22,24,24,24,24,2496,0,3,10.288732743195904,0.9692209996501333,501.92681399948924,39.0
1781461682,20,,Aggregated,20.000000,0.000000,4,6,12,14,23,36,81,88,99,99,99,8454,0,4,27.314228211379273,0.8901890005290625,2511.467815999822,95.09569434587178
1781461683,20,GET,/api/load/mixed [GET],3.900000,0.000000,20,26,31,35,79,83,99,99,99,99,99,1678,0,28,96.47097441776098,12.771364999935031,2511.467815999822,115.0
1781461683,20,GET,/api/products [GET],10.000000,0.000000,2,4,5,6,8,11,13,22,22,22,22,4297,0,3,10.126522739348296,0.8901890005290625,497.9289789998802,120.0
1781461683,20,GET,/api/products/{id} [GET],6.100000,0.000000,2,3,4,5,6,9,12,22,22,22,22,2499,0,3,10.278589656670245,0.9692209996501333,501.92681399948924,39.0
1781461683,20,,Aggregated,20.000000,0.000000,3,6,11,14,22,31,79,83,99,99,99,8474,0,4,27.269077039886888,0.8901890005290625,2511.467815999822,95.12284635355203
1781461684,20,GET,/api/load/mixed [GET],4.300000,0.000000,19,22,26,26,35,39,83,83,83,83,83,1685,0,28,96.14394701958716,12.771364999935031,2511.467815999822,115.0
1781461684,20,GET,/api/products [GET],9.700000,0.000000,2,4,5,7,9,11,13,22,22,22,22,4308,0,3,10.113087946606436,0.8901890005290625,497.9289789998802,120.0
1781461684,20,GET,/api/products/{id} [GET],6.000000,0.000000,2,2,4,5,6,9,22,22,22,22,22,2501,0,3,10.274592874057747,0.9692209996501333,501.92681399948924,39.0
1781461684,20,,Aggregated,20.000000,0.000000,4,7,12,14,21,26,36,74,83,83,83,8494,0,4,27.22704148575504,0.8901890005290625,2511.467815999822,95.15822933835649
1781461685,20,GET,/api/load/mixed [GET],4.500000,0.000000,19,22,26,26,32,36,74,74,74,74,74,1689,0,28,95.9631542563674,12.771364999935031,2511.467815999822,115.0
1781461685,20,GET,/api/products [GET],9.900000,0.000000,2,4,5,7,9,11,13,22,22,22,22,4317,0,3,10.096765049103935,0.8901890005290625,497.9289789998802,120.0
1781461685,20,GET,/api/products/{id} [GET],5.700000,0.000000,2,3,5,5,7,9,22,22,22,22,22,2508,0,3,10.256126521140146,0.9692209996501333,501.92681399948924,39.0
1781461685,20,,Aggregated,20.100000,0.000000,4,7,13,14,22,26,35,39,74,74,74,8514,0,4,27.177809204957217,0.8901890005290625,2511.467815999822,95.14763918252291
1781461686,20,GET,/api/load/mixed [GET],4.600000,0.000000,21,26,30,32,39,50,94,94,94,94,94,1693,0,28,95.86929406084096,12.771364999935031,2511.467815999822,115.0
1781461686,20,GET,/api/products [GET],10.000000,0.000000,2,4,7,7,10,13,22,70,70,70,70,4325,0,3,10.104738463117275,0.8901890005290625,497.9289789998802,120.0
1781461686,20,GET,/api/products/{id} [GET],5.400000,0.000000,2,2,5,5,7,9,22,22,22,22,22,2514,0,3,10.23589267900524,0.9692209996501333,501.92681399948924,39.0
1781461686,20,,Aggregated,20.000000,0.000000,4,8,14,14,23,35,50,74,94,94,94,8532,0,4,27.16159668225565,0.8901890005290625,2511.467815999822,95.14076418190342
1781461687,20,GET,/api/load/mixed [GET],4.500000,0.000000,21,26,33,36,94,110,190,190,190,190,190,1699,0,28,95.90560469982552,12.771364999935031,2511.467815999822,115.0
1781461687,20,GET,/api/products [GET],10.100000,0.000000,2,4,6,7,10,14,20,70,70,70,70,4337,0,3,10.094554391050087,0.8901890005290625,497.9289789998802,120.0
1781461687,20,GET,/api/products/{id} [GET],5.400000,0.000000,2,3,5,5,7,9,22,22,22,22,22,2518,0,3,10.22402553892784,0.9692209996501333,501.92681399948924,39.0
1781461687,20,,Aggregated,20.000000,0.000000,4,9,14,15,26,39,100,190,190,190,190,8554,0,4,27.176502348142165,0.8901890005290625,2511.467815999822,95.16331540799627
1781461688,20,GET,/api/load/mixed [GET],4.500000,0.000000,22,27,32,36,94,110,190,190,190,190,190,1703,0,28,95.73198933822908,12.771364999935031,2511.467815999822,115.0
1781461688,20,GET,/api/products [GET],10.100000,0.000000,2,5,7,8,11,14,20,70,70,70,70,4347,0,3,10.080746664822765,0.8901890005290625,497.9289789998802,120.0
1781461688,20,GET,/api/products/{id} [GET],5.400000,0.000000,2,3,4,5,7,9,22,22,22,22,22,2524,0,3,10.204727530911422,0.9692209996501333,501.92681399948924,39.0
1781461688,20,,Aggregated,20.000000,0.000000,4,9,14,17,26,39,100,190,190,190,190,8574,0,4,27.129614635293816,0.8901890005290625,2511.467815999822,95.16223466293445
1781461689,20,GET,/api/load/mixed [GET],4.700000,0.000000,21,26,33,36,98,110,190,190,190,190,190,1711,0,28,95.41467455406367,12.771364999935031,2511.467815999822,115.0
1781461689,20,GET,/api/products [GET],9.900000,0.000000,3,5,7,9,11,17,68,70,70,70,70,4352,0,3,10.09035904962876,0.8901890005290625,497.9289789998802,120.0
1781461689,20,GET,/api/products/{id} [GET],5.200000,0.000000,2,2,4,5,7,8,22,22,22,22,22,2531,0,3,10.184401107474804,0.9692209996501333,501.92681399948924,39.0
1781461689,20,,Aggregated,19.800000,0.000000,5,9,14,18,26,50,100,190,190,190,190,8594,0,4,27.105477071096825,0.8901890005290625,2511.467815999822,95.14940656271817
1781461690,20,GET,/api/load/mixed [GET],4.800000,0.000000,21,27,35,39,99,110,190,190,190,190,190,1718,0,28,95.20190501106114,12.771364999935031,2511.467815999822,115.0
1781461690,20,GET,/api/products [GET],10.100000,0.000000,3,5,7,9,12,17,68,70,70,70,70,4359,0,3,10.083539654503959,0.8901890005290625,497.9289789998802,120.0
1781461690,20,GET,/api/products/{id} [GET],5.100000,0.000000,2,2,3,5,7,8,10,10,10,10,10,2537,0,3,10.169467391414754,0.9692209996501333,501.92681399948924,39.0
1781461690,20,,Aggregated,20.000000,0.000000,5,11,15,19,31,70,100,190,190,190,190,8614,0,4,27.085089497910978,0.8901890005290625,2511.467815999822,95.14662177850012
1781461691,20,GET,/api/load/mixed [GET],4.800000,0.000000,21,26,35,47,99,110,190,190,190,190,190,1726,0,28,94.8857256013906,12.771364999935031,2511.467815999822,115.0
1781461691,20,GET,/api/products [GET],10.100000,0.000000,2,5,8,9,13,17,68,70,70,70,70,4367,0,3,10.075158879088951,0.8901890005290625,497.9289789998802,120.0
1781461691,20,GET,/api/products/{id} [GET],5.100000,0.000000,2,2,3,4,7,8,10,10,10,10,10,2541,0,3,10.158641547036183,0.9692209996501333,501.92681399948924,39.0
1781461691,20,,Aggregated,20.000000,0.000000,5,13,15,19,33,71,100,190,190,190,190,8634,0,4,27.053983018763113,0.8901890005290625,2511.467815999822,95.16203381978225
1781461692,20,GET,/api/load/mixed [GET],5.100000,0.000000,20,29,35,50,100,110,190,190,190,190,190,1728,0,28,94.79444984664404,12.771364999935031,2511.467815999822,115.0
1781461692,20,GET,/api/products [GET],9.600000,0.000000,2,5,7,9,13,17,68,70,70,70,70,4378,0,3,10.056532907031073,0.8901890005290625,497.9289789998802,120.0
1781461692,20,GET,/api/products/{id} [GET],5.100000,0.000000,2,3,3,4,7,9,10,10,10,10,10,2548,0,3,10.138912379913593,0.9692209996501333,501.92681399948924,39.0
1781461692,20,,Aggregated,19.800000,0.000000,4,11,14,17,33,71,100,190,190,190,190,8654,0,4,27.000954373238148,0.8901890005290625,2511.467815999822,95.15276172868037
1781461693,20,GET,/api/load/mixed [GET],5.900000,0.000000,25,35,47,71,100,110,190,190,190,190,190,1731,0,28,94.72654970132952,12.771364999935031,2511.467815999822,115.0
1781461693,20,GET,/api/products [GET],9.200000,0.000000,2,4,6,9,14,20,68,70,70,70,70,4388,0,3,10.04448147128122,0.8901890005290625,497.9289789998802,120.0
1781461693,20,GET,/api/products/{id} [GET],4.900000,0.000000,2,2,3,4,6,8,9,10,10,10,10,2553,0,3,10.12356411751697,0.9692209996501333,501.92681399948924,39.0
1781461693,20,,Aggregated,20.000000,0.000000,4,10,14,18,35,94,100,190,190,190,190,8672,0,4,26.970975717366745,0.8901890005290625,2511.467815999822,95.1559040590406
1781461694,20,GET,/api/load/mixed [GET],5.900000,0.000000,28,35,71,95,110,190,190,190,190,190,190,1736,0,28,94.71202741244333,12.771364999935031,2511.467815999822,115.0
1781461694,20,GET,/api/products [GET],9.200000,0.000000,2,5,6,10,14,20,68,70,70,70,70,4402,0,3,10.027207826211763,0.8901890005290625,497.9289789998802,120.0
1781461694,20,GET,/api/products/{id} [GET],4.900000,0.000000,2,2,3,4,6,9,63,63,63,63,63,2556,0,3,10.13904495227759,0.9692209996501333,501.92681399948924,39.0
1781461694,20,,Aggregated,20.000000,0.000000,4,11,15,19,36,95,180,190,190,190,190,8694,0,4,26.96977770151916,0.8901890005290625,2511.467815999822,95.18794570968484
1781461695,20,GET,/api/load/mixed [GET],5.500000,0.000000,27,35,75,93,100,190,190,190,190,190,190,1745,0,28,94.46548507335444,12.771364999935031,2511.467815999822,115.0
1781461695,20,GET,/api/products [GET],9.300000,0.000000,2,4,6,8,13,20,27,68,68,68,68,4411,0,3,10.01415724393178,0.8901890005290625,497.9289789998802,120.0
1781461695,20,GET,/api/products/{id} [GET],5.200000,0.000000,2,3,4,4,6,9,63,63,63,63,63,2558,0,3,10.133536522291033,0.9692209996501333,501.92681399948924,39.0
1781461695,20,,Aggregated,20.000000,0.000000,4,13,16,19,36,95,180,190,190,190,190,8714,0,4,26.960787867799787,0.8901890005290625,2511.467815999822,95.22113839798025
1781461696,20,GET,/api/load/mixed [GET],5.200000,0.000000,19,30,37,76,99,110,180,190,190,190,190,1750,0,28,94.24360903943108,12.771364999935031,2511.467815999822,115.0
1781461696,20,GET,/api/products [GET],9.100000,0.000000,2,4,5,6,11,14,27,68,68,68,68,4422,0,3,9.996093892578862,0.8901890005290625,497.9289789998802,120.0
1781461696,20,GET,/api/products/{id} [GET],5.400000,0.000000,2,3,4,4,6,9,63,63,63,63,63,2562,0,3,10.121453035917597,0.9692209996501333,501.92681399948924,39.0
1781461696,20,,Aggregated,19.700000,0.000000,4,11,15,17,35,87,100,180,190,190,190,8734,0,4,26.913236282345917,0.8901890005290625,2511.467815999822,95.23792076940691
1781461697,20,GET,/api/load/mixed [GET],5.200000,0.000000,19,34,71,87,97,100,180,190,190,190,190,1757,0,28,94.0683266471281,12.771364999935031,2511.467815999822,115.0
1781461697,20,GET,/api/products [GET],9.400000,0.000000,2,3,5,6,11,15,27,68,68,68,68,4430,0,3,9.98926538690383,0.8901890005290625,497.9289789998802,120.0
1781461697,20,GET,/api/products/{id} [GET],5.500000,0.000000,2,3,4,5,10,13,63,63,63,63,63,2567,0,3,10.118057067012115,0.9692209996501333,501.92681399948924,39.0
1781461697,20,,Aggregated,20.100000,0.000000,4,13,15,17,36,93,99,180,190,190,190,8754,0,4,26.902392971671055,0.8901890005290625,2511.467815999822,95.24423120859036
1781461698,20,GET,/api/load/mixed [GET],5.800000,0.000000,22,35,75,88,98,100,190,190,190,190,190,1759,0,28,93.97985510119645,12.771364999935031,2511.467815999822,115.0
1781461698,20,GET,/api/products [GET],9.700000,0.000000,2,3,4,4,10,13,23,27,27,27,27,4444,0,3,9.965023248196548,0.8901890005290625,497.9289789998802,120.0
1781461698,20,GET,/api/products/{id} [GET],4.800000,0.000000,2,4,4,4,10,13,63,63,63,63,63,2572,0,3,10.102434079323897,0.9692209996501333,501.92681399948924,39.0
1781461698,20,,Aggregated,20.300000,0.000000,3,10,14,17,35,88,99,180,190,190,190,8775,0,4,26.84656283646853,0.8901890005290625,2511.467815999822,95.25618233618233
1781461699,20,GET,/api/load/mixed [GET],6.000000,0.000000,27,36,76,87,97,100,190,190,190,190,190,1762,0,28,93.89540552043333,12.771364999935031,2511.467815999822,115.0
1781461699,20,GET,/api/products [GET],9.300000,0.000000,2,3,4,5,10,13,23,27,27,27,27,4453,0,3,9.95407777138685,0.8901890005290625,497.9289789998802,120.0
1781461699,20,GET,/api/products/{id} [GET],4.900000,0.000000,2,3,4,4,11,14,67,67,67,67,67,2580,0,3,10.10600302171296,0.9692209996501333,501.92681399948924,39.0
1781461699,20,,Aggregated,20.200000,0.000000,3,9,14,17,35,87,99,180,190,190,190,8795,0,4,26.81554299477076,0.8901890005290625,2511.467815999822,95.23706651506538
1781461700,20,GET,/api/load/mixed [GET],5.600000,0.000000,22,35,76,87,96,180,190,190,190,190,190,1763,0,28,93.85000866024018,12.771364999935031,2511.467815999822,115.0
1781461700,20,GET,/api/products [GET],9.600000,0.000000,2,3,3,4,8,11,23,27,27,27,27,4464,0,3,9.934980203850273,0.8901890005290625,497.9289789998802,120.0
1781461700,20,GET,/api/products/{id} [GET],4.800000,0.000000,2,3,4,4,11,14,67,67,67,67,67,2588,0,3,10.08060441577276,0.9692209996501333,501.92681399948924,39.0
1781461700,20,,Aggregated,20.000000,0.000000,3,4,11,14,27,76,96,180,190,190,190,8815,0,4,26.760739776064803,0.8901890005290625,2511.467815999822,95.21917186613726
1781461701,20,GET,/api/load/mixed [GET],5.300000,0.000000,27,36,76,87,96,180,190,190,190,190,190,1768,0,28,93.66429266289789,12.771364999935031,2511.467815999822,115.0
1781461701,20,GET,/api/products [GET],10.100000,0.000000,2,3,4,5,9,14,23,27,27,27,27,4476,0,3,9.924002713580578,0.8901890005290625,497.9289789998802,120.0
1781461701,20,GET,/api/products/{id} [GET],4.800000,0.000000,2,3,4,4,13,22,67,67,67,67,67,2591,0,3,10.079212159791288,0.9692209996501333,501.92681399948924,39.0
1781461701,20,,Aggregated,20.200000,0.000000,3,7,13,16,30,76,96,180,190,190,190,8835,0,4,26.727056511602676,0.8901890005290625,2511.467815999822,95.24493491794001
1781461702,20,GET,/api/load/mixed [GET],4.700000,0.000000,22,34,75,85,96,180,190,190,190,190,190,1769,0,28,93.61992565913181,12.771364999935031,2511.467815999822,115.0
1781461702,20,GET,/api/products [GET],10.400000,0.000000,2,3,4,4,8,13,21,23,23,23,23,4487,0,3,9.906138346330595,0.8901890005290625,497.9289789998802,120.0
1781461702,20,GET,/api/products/{id} [GET],5.100000,0.000000,2,3,4,4,13,22,67,67,67,67,67,2599,0,3,10.057744262031415,0.9692209996501333,501.92681399948924,39.0
1781461702,20,,Aggregated,20.200000,0.000000,3,5,13,14,28,75,96,180,190,190,190,8855,0,4,26.674485441898305,0.8901890005290625,2511.467815999822,95.22710333145116
1781461703,20,GET,/api/load/mixed [GET],4.200000,0.000000,17,27,36,75,88,96,97,97,97,97,97,1774,0,28,93.40340711048717,12.771364999935031,2511.467815999822,115.0
1781461703,20,GET,/api/products [GET],10.800000,0.000000,2,3,4,4,8,13,14,23,23,23,23,4496,0,3,9.893550726197601,0.8901890005290625,497.9289789998802,120.0
1781461703,20,GET,/api/products/{id} [GET],5.000000,0.000000,2,3,4,5,13,16,67,67,67,67,67,2606,0,3,10.042077601312403,0.9692209996501333,501.92681399948924,39.0
1781461703,20,,Aggregated,20.000000,0.000000,3,5,13,14,22,45,88,96,97,97,97,8876,0,4,26.627839399279967,0.8901890005290625,2511.467815999822,95.21901757548446
1781461704,20,GET,/api/load/mixed [GET],4.100000,0.000000,17,17,27,34,85,96,97,97,97,97,97,1778,0,28,93.22497738864085,12.673771999288874,2511.467815999822,115.0
1781461704,20,GET,/api/products [GET],10.900000,0.000000,2,3,4,4,7,13,14,23,23,23,23,4503,0,3,9.882126742612758,0.8901890005290625,497.9289789998802,120.0
1781461704,20,GET,/api/products/{id} [GET],5.000000,0.000000,2,2,3,4,11,16,22,67,67,67,67,2615,0,3,10.01453628069572,0.9692209996501333,501.92681399948924,39.0
1781461704,20,,Aggregated,20.000000,0.000000,3,4,10,13,17,27,85,96,97,97,97,8896,0,4,26.578376674124126,0.8901890005290625,2511.467815999822,95.19053507194245
1781461705,20,GET,/api/load/mixed [GET],4.300000,0.000000,17,27,34,36,88,96,97,97,97,97,97,1782,0,28,93.09884458586076,12.673771999288874,2511.467815999822,115.0
1781461705,20,GET,/api/products [GET],10.700000,0.000000,2,3,4,4,8,13,14,23,23,23,23,4510,0,3,9.870045634143187,0.8901890005290625,497.9289789998802,120.0
1781461705,20,GET,/api/products/{id} [GET],5.300000,0.000000,2,2,3,4,11,14,22,67,67,67,67,2624,0,3,9.987947580419231,0.9692209996501333,501.92681399948924,39.0
1781461705,20,,Aggregated,20.300000,0.000000,3,4,10,13,17,30,88,96,97,97,97,8916,0,4,26.539302525012328,0.8901890005290625,2511.467815999822,95.16218034993271
1781461706,20,GET,/api/load/mixed [GET],4.200000,0.000000,17,23,27,30,45,85,92,92,92,92,92,1783,0,28,93.0601205143039,12.673771999288874,2511.467815999822,115.0
1781461706,20,GET,/api/products [GET],10.100000,0.000000,2,3,4,4,5,10,14,14,14,14,14,4522,0,3,9.851562955989657,0.8901890005290625,497.9289789998802,120.0
1781461706,20,GET,/api/products/{id} [GET],5.700000,0.000000,2,2,3,3,5,11,22,67,67,67,67,2631,0,3,9.967394649570837,0.9692209996501333,501.92681399948924,39.0
1781461706,20,,Aggregated,20.000000,0.000000,2,3,5,8,16,23,45,85,92,92,92,8936,0,4,26.488269682968912,0.8901890005290625,2511.467815999822,95.15376007162041
1781461707,20,GET,/api/load/mixed [GET],3.700000,0.000000,17,24,28,30,45,85,92,92,92,92,92,1786,0,28,92.94537585162672,12.673771999288874,2511.467815999822,115.0
1781461707,20,GET,/api/products [GET],9.800000,0.000000,2,3,4,4,7,10,14,14,14,14,14,4531,0,3,9.838082951442185,0.8901890005290625,497.9289789998802,120.0
1781461707,20,GET,/api/products/{id} [GET],6.500000,0.000000,2,2,3,4,6,11,22,67,67,67,67,2639,0,3,9.950422933315963,0.9692209996501333,501.92681399948924,39.0
1781461707,20,,Aggregated,20.000000,0.000000,2,4,6,10,16,27,45,85,92,92,92,8956,0,4,26.44439049185025,0.8901890005290625,2511.467815999822,95.13521661456006
1781461708,20,GET,/api/load/mixed [GET],3.300000,0.000000,17,23,27,28,45,90,92,92,92,92,92,1789,0,28,92.85842233259153,12.673771999288874,2511.467815999822,115.0
1781461708,20,GET,/api/products [GET],9.900000,0.000000,2,3,4,4,6,9,13,14,14,14,14,4542,0,3,9.82072633531182,0.8901890005290625,497.9289789998802,120.0
1781461708,20,GET,/api/products/{id} [GET],6.800000,0.000000,2,2,3,4,5,9,16,22,22,22,22,2645,0,3,9.933820859743326,0.9692209996501333,501.92681399948924,39.0
1781461708,20,,Aggregated,20.000000,0.000000,2,4,5,7,16,23,36,90,92,92,92,8976,0,4,26.40423493115127,0.8901890005290625,2511.467815999822,95.13480392156863
1781461709,20,GET,/api/load/mixed [GET],2.900000,0.000000,17,24,28,28,45,92,97,97,97,97,97,1794,0,27,92.69646013433967,12.495657999352261,2511.467815999822,115.0
1781461709,20,GET,/api/products [GET],10.000000,0.000000,2,4,4,5,7,10,14,30,30,30,30,4551,0,3,9.815982469564329,0.8901890005290625,497.9289789998802,120.0
1781461709,20,GET,/api/products/{id} [GET],7.100000,0.000000,2,3,4,5,9,12,18,22,22,22,22,2651,0,3,9.928442796688659,0.9692209996501333,501.92681399948924,39.0
1781461709,20,,Aggregated,20.000000,0.000000,2,5,7,13,17,27,45,92,97,97,97,8996,0,4,26.37731075522615,0.8901890005290625,2511.467815999822,95.13328145842597
1781461710,20,GET,/api/load/mixed [GET],2.900000,0.000000,18,24,27,28,90,92,97,97,97,97,97,1797,0,27,92.59028065999269,12.495657999352261,2511.467815999822,115.0
1781461710,20,GET,/api/products [GET],9.800000,0.000000,2,3,4,5,7,13,23,30,30,30,30,4562,0,3,9.810995880751095,0.8901890005290625,497.9289789998802,120.0
1781461710,20,GET,/api/products/{id} [GET],7.200000,0.000000,2,2,4,5,9,12,18,19,19,19,19,2656,0,3,9.919599644210066,0.9692209996501333,501.92681399948924,39.0
1781461710,20,,Aggregated,19.900000,0.000000,2,4,6,12,19,24,39,92,97,97,97,9015,0,4,26.34375531991298,0.8901890005290625,2511.467815999822,95.13910149750416
1781461711,20,GET,/api/load/mixed [GET],3.100000,0.000000,19,24,27,28,84,92,97,97,97,97,97,1801,0,27,92.46087677068651,12.495657999352261,2511.467815999822,115.0
1781461711,20,GET,/api/products [GET],9.600000,0.000000,2,3,4,5,7,13,23,30,30,30,30,4571,0,3,9.796223071754186,0.8297470003526541,497.9289789998802,120.0
1781461711,20,GET,/api/products/{id} [GET],7.000000,0.000000,2,2,3,4,9,12,18,19,19,19,19,2664,0,3,9.896407044302729,0.9692209996501333,501.92681399948924,39.0
1781461711,20,,Aggregated,19.700000,0.000000,2,4,7,13,19,27,84,92,97,97,97,9036,0,4,26.30197024026311,0.8297470003526541,2511.467815999822,95.12295263390881
1781461712,20,GET,/api/load/mixed [GET],3.300000,0.000000,22,27,28,30,90,92,97,97,97,97,97,1803,0,27,92.3911958557991,12.495657999352261,2511.467815999822,115.0
1781461712,20,GET,/api/products [GET],9.900000,0.000000,2,3,4,5,7,13,23,30,30,30,30,4580,0,3,9.786999441045566,0.8297470003526541,497.9289789998802,120.0
1781461712,20,GET,/api/products/{id} [GET],6.800000,0.000000,2,2,3,3,6,11,18,19,19,19,19,2673,0,3,9.869972263757095,0.9692209996501333,501.92681399948924,39.0
1781461712,20,,Aggregated,20.000000,0.000000,2,4,7,12,21,28,84,92,97,97,97,9056,0,4,26.257533064158274,0.8297470003526541,2511.467815999822,95.09628975265018
1781461713,20,GET,/api/load/mixed [GET],3.200000,0.000000,24,28,32,39,92,92,97,97,97,97,97,1806,0,27,92.31544491694692,12.495657999352261,2511.467815999822,115.0
1781461713,20,GET,/api/products [GET],9.500000,0.000000,2,3,5,5,12,21,30,73,73,73,73,4594,0,3,9.790734961904356,0.8297470003526541,497.9289789998802,120.0
1781461713,20,GET,/api/products/{id} [GET],7.300000,0.000000,2,2,3,3,6,11,18,19,19,19,19,2676,0,3,9.860777784014736,0.9692209996501333,501.92681399948924,39.0
1781461713,20,,Aggregated,20.000000,0.000000,2,4,7,14,23,30,90,92,97,97,97,9076,0,4,26.23267643069836,0.8297470003526541,2511.467815999822,95.12274129572499
1781461714,20,GET,/api/load/mixed [GET],3.400000,0.000000,24,28,30,32,90,92,97,97,97,97,97,1809,0,27,92.18757306302204,12.495657999352261,2511.467815999822,115.0
1781461714,20,GET,/api/products [GET],9.200000,0.000000,2,3,5,5,12,21,30,73,73,73,73,4604,0,3,9.774526917026156,0.8297470003526541,497.9289789998802,120.0
1781461714,20,GET,/api/products/{id} [GET],7.400000,0.000000,2,2,3,3,9,12,18,19,19,19,19,2683,0,3,9.839707863221292,0.9692209996501333,501.92681399948924,39.0
1781461714,20,,Aggregated,20.000000,0.000000,2,4,7,13,22,29,84,92,97,97,97,9096,0,4,26.18394654727553,0.8297470003526541,2511.467815999822,95.11345646437995
1781461715,20,GET,/api/load/mixed [GET],3.300000,0.000000,23,28,31,32,84,92,97,97,97,97,97,1814,0,27,91.9992823583278,12.495657999352261,2511.467815999822,115.0
1781461715,20,GET,/api/products [GET],9.800000,0.000000,2,3,5,7,13,21,30,73,73,73,73,4614,0,3,9.764985044860985,0.8297470003526541,497.9289789998802,120.0
1781461715,20,GET,/api/products/{id} [GET],6.900000,0.000000,2,2,3,4,9,12,18,19,19,19,19,2688,0,3,9.828296014889236,0.9692209996501333,501.92681399948924,39.0
1781461715,20,,Aggregated,20.000000,0.000000,3,5,11,16,23,30,84,92,97,97,97,9116,0,4,26.147520719944893,0.8297470003526541,2511.467815999822,95.12088635366389
1781461716,20,GET,/api/load/mixed [GET],3.100000,0.000000,28,32,77,84,97,100,130,130,130,130,130,1823,0,28,91.91634414646526,12.495657999352261,2511.467815999822,115.0
1781461716,20,GET,/api/products [GET],9.900000,0.000000,2,3,5,7,16,21,30,73,73,73,73,4623,0,3,9.756524468524661,0.8297470003526541,497.9289789998802,120.0
1781461716,20,GET,/api/products/{id} [GET],7.000000,0.000000,2,2,3,3,5,12,18,19,19,19,19,2690,0,3,9.822319982164476,0.9692209996501333,501.92681399948924,39.0
1781461716,20,,Aggregated,20.000000,0.000000,3,7,14,17,29,77,97,100,130,130,130,9136,0,4,26.170090712458222,0.8297470003526541,2511.467815999822,95.15269264448337
1781461717,20,GET,/api/load/mixed [GET],3.200000,0.000000,28,32,82,84,97,100,130,130,130,130,130,1824,0,28,91.87501490954273,12.495657999352261,2511.467815999822,115.0
1781461717,20,GET,/api/products [GET],10.500000,0.000000,2,3,5,7,16,21,30,73,73,73,73,4630,0,3,9.74577518963074,0.8297470003526541,497.9289789998802,120.0
1781461717,20,GET,/api/products/{id} [GET],6.300000,0.000000,2,2,3,4,6,12,18,19,19,19,19,2702,0,3,9.791027850119237,0.9692209996501333,501.92681399948924,39.0
1781461717,20,,Aggregated,20.000000,0.000000,3,6,14,17,29,77,97,100,130,130,130,9156,0,4,26.12039357514402,0.8297470003526541,2511.467815999822,95.10026212319791
1781461718,20,GET,/api/load/mixed [GET],3.700000,0.000000,29,39,84,86,97,100,130,130,130,130,130,1829,0,28,91.74593481520331,12.495657999352261,2511.467815999822,115.0
1781461718,20,GET,/api/products [GET],10.100000,0.000000,2,3,5,8,16,22,66,73,73,73,73,4641,0,3,9.745655877610893,0.8297470003526541,497.9289789998802,120.0
1781461718,20,GET,/api/products/{id} [GET],5.900000,0.000000,2,2,3,4,6,9,18,19,19,19,19,2706,0,3,9.78462624317188,0.9692209996501333,501.92681399948924,39.0
1781461718,20,,Aggregated,19.700000,0.000000,3,7,14,17,30,82,97,100,130,130,130,9176,0,4,26.10179842186381,0.8297470003526541,2511.467815999822,95.11649956408021
1781461719,20,GET,/api/load/mixed [GET],3.800000,0.000000,29,33,77,84,95,100,130,130,130,130,130,1833,0,28,91.62837547027131,12.495657999352261,2511.467815999822,115.0
1781461719,20,GET,/api/products [GET],10.000000,0.000000,2,3,4,7,13,18,66,73,73,73,73,4652,0,3,9.72802376590538,0.8297470003526541,497.9289789998802,120.0
1781461719,20,GET,/api/products/{id} [GET],6.200000,0.000000,2,2,3,4,5,7,9,9,9,9,9,2711,0,3,9.771944074519618,0.9692209996501333,501.92681399948924,39.0
1781461719,20,,Aggregated,20.000000,0.000000,3,5,13,16,30,77,95,100,130,130,130,9196,0,4,26.065824182473037,0.8297470003526541,2511.467815999822,95.1244019138756
1781461720,20,GET,/api/load/mixed [GET],4.000000,0.000000,30,33,75,82,95,100,130,130,130,130,130,1837,0,28,91.50003720359643,12.495657999352261,2511.467815999822,115.0
1781461720,20,GET,/api/products [GET],10.000000,0.000000,2,4,5,8,13,20,66,73,73,73,73,4664,0,3,9.717760648797553,0.8297470003526541,497.9289789998802,120.0
1781461720,20,GET,/api/products/{id} [GET],6.100000,0.000000,2,2,3,4,5,7,9,9,9,9,9,2715,0,3,9.760663766122299,0.9692209996501333,501.92681399948924,39.0
1781461720,20,,Aggregated,20.100000,0.000000,3,7,13,16,31,75,95,100,130,130,130,9216,0,4,26.031836603083846,0.8297470003526541,2511.467815999822,95.14105902777777
1781461721,20,GET,/api/load/mixed [GET],4.000000,0.000000,31,56,82,87,100,120,130,130,130,130,130,1842,0,28,91.40946493865725,12.495657999352261,2511.467815999822,115.0
1781461721,20,GET,/api/products [GET],10.100000,0.000000,2,4,5,7,14,20,66,73,73,73,73,4674,0,3,9.706027698115312,0.8297470003526541,497.9289789998802,120.0
1781461721,20,GET,/api/products/{id} [GET],6.200000,0.000000,2,2,4,4,5,7,9,9,9,9,9,2720,0,3,9.746759898537421,0.9692209996501333,501.92681399948924,39.0
1781461721,20,,Aggregated,20.300000,0.000000,3,7,14,16,32,82,100,120,130,130,130,9236,0,4,26.012710567563843,0.8297470003526541,2511.467815999822,95.14833261152013
1781461722,20,GET,/api/load/mixed [GET],4.000000,0.000000,30,56,77,86,100,120,130,130,130,130,130,1844,0,28,91.33263055586045,12.495657999352261,2511.467815999822,115.0
1781461722,20,GET,/api/products [GET],10.200000,0.000000,2,4,5,7,13,16,21,66,66,66,66,4684,0,3,9.70190406383231,0.8297470003526541,497.9289789998802,120.0
1781461722,20,GET,/api/products/{id} [GET],5.800000,0.000000,2,2,4,4,9,14,14,14,14,14,14,2728,0,3,9.739236781166333,0.9692209996501333,501.92681399948924,39.0
1781461722,20,,Aggregated,20.000000,0.000000,3,8,14,14,31,77,100,120,130,130,130,9256,0,4,25.975553945442865,0.8297470003526541,2511.467815999822,95.13094209161625
1781461723,20,GET,/api/load/mixed [GET],3.900000,0.000000,31,56,77,86,100,120,130,130,130,130,130,1847,0,28,91.2255998549032,12.495657999352261,2511.467815999822,115.0
1781461723,20,GET,/api/products [GET],10.300000,0.000000,2,4,5,8,14,18,29,66,66,66,66,4691,0,3,9.696366919204987,0.8297470003526541,497.9289789998802,120.0
1781461723,20,GET,/api/products/{id} [GET],5.600000,0.000000,2,4,5,6,9,14,14,32,32,32,32,2738,0,3,9.726877523382742,0.9692209996501333,501.92681399948924,39.0
1781461723,20,,Aggregated,19.800000,0.000000,4,9,14,15,31,77,100,120,130,130,130,9276,0,4,25.939147348967104,0.8297470003526541,2511.467815999822,95.09562311341095
1781461724,20,GET,/api/load/mixed [GET],4.100000,0.000000,31,73,77,86,100,120,130,130,130,130,130,1852,0,28,91.06852724622416,12.495657999352261,2511.467815999822,115.0
1781461724,20,GET,/api/products [GET],10.500000,0.000000,2,4,5,7,14,18,29,66,66,66,66,4698,0,3,9.685718077265038,0.8297470003526541,497.9289789998802,120.0
1781461724,20,GET,/api/products/{id} [GET],5.400000,0.000000,2,4,5,6,9,14,14,32,32,32,32,2746,0,3,9.707118419162816,0.9692209996501333,501.92681399948924,39.0
1781461724,20,,Aggregated,20.000000,0.000000,4,7,14,14,32,77,100,120,130,130,130,9296,0,4,25.905568326809327,0.8297470003526541,2511.467815999822,95.07680722891567
1781461725,20,GET,/api/load/mixed [GET],4.000000,0.000000,31,36,86,86,100,120,130,130,130,130,130,1856,0,28,90.99427443049912,12.495657999352261,2511.467815999822,115.0
1781461725,20,GET,/api/products [GET],9.700000,0.000000,2,4,5,7,13,21,66,73,73,73,73,4707,0,3,9.68719145761459,0.8297470003526541,497.9289789998802,120.0
1781461725,20,GET,/api/products/{id} [GET],6.300000,0.000000,2,4,5,5,9,14,14,32,32,32,32,2753,0,3,9.688881857254323,0.9692209996501333,501.92681399948924,39.0
1781461725,20,,Aggregated,20.000000,0.000000,3,6,13,14,31,75,100,120,130,130,130,9316,0,4,25.88626827898449,0.8297470003526541,2511.467815999822,95.06730356376127
1781461726,20,GET,/api/load/mixed [GET],4.200000,0.000000,31,36,75,85,96,120,120,120,120,120,120,1861,0,28,90.92239244116412,12.495657999352261,2511.467815999822,115.0
1781461726,20,GET,/api/products [GET],9.600000,0.000000,2,3,5,7,15,21,66,73,73,73,73,4716,0,3,9.679379653094083,0.8297470003526541,497.9289789998802,120.0
1781461726,20,GET,/api/products/{id} [GET],6.200000,0.000000,2,3,5,5,9,14,14,32,32,32,32,2759,0,3,9.67227219428088,0.9692209996501333,501.92681399948924,39.0
1781461726,20,,Aggregated,20.000000,0.000000,3,7,14,14,32,75,96,120,120,120,120,9336,0,4,25.871928637641297,0.8297470003526541,2511.467815999822,95.06598114824335
1781461727,20,GET,/api/load/mixed [GET],4.100000,0.000000,31,34,73,75,96,120,120,120,120,120,120,1863,0,28,90.84186081803844,12.495657999352261,2511.467815999822,115.0
1781461727,20,GET,/api/products [GET],9.300000,0.000000,2,3,5,5,14,20,29,73,73,73,73,4725,0,3,9.663907024336964,0.8297470003526541,497.9289789998802,120.0
1781461727,20,GET,/api/products/{id} [GET],6.600000,0.000000,2,4,4,5,6,14,14,32,32,32,32,2768,0,3,9.650667543722369,0.9692209996501333,501.92681399948924,39.0
1781461727,20,,Aggregated,20.000000,0.000000,2,5,13,14,31,73,96,120,120,120,120,9356,0,4,25.824433000750464,0.8297470003526541,2511.467815999822,95.04029499786233
1781461728,20,GET,/api/load/mixed [GET],3.900000,0.000000,27,33,46,75,100,120,120,120,120,120,120,1870,0,28,90.61780814064474,12.495657999352261,2511.467815999822,115.0
1781461728,20,GET,/api/products [GET],9.400000,0.000000,2,3,5,7,14,20,29,73,73,73,73,4731,0,3,9.658066365459913,0.8297470003526541,497.9289789998802,120.0
1781461728,20,GET,/api/products/{id} [GET],6.800000,0.000000,2,4,5,6,10,14,14,32,32,32,32,2775,0,3,9.643616640008789,0.9692209996501333,501.92681399948924,39.0
1781461728,20,,Aggregated,20.100000,0.000000,3,7,13,14,31,73,100,120,120,120,120,9376,0,4,25.800837177263325,0.8297470003526541,2511.467815999822,95.02933020477816
1781461729,20,GET,/api/load/mixed [GET],3.800000,0.000000,27,33,75,86,110,120,120,120,120,120,120,1876,0,28,90.48575649040772,12.495657999352261,2511.467815999822,115.0
1781461729,20,GET,/api/products [GET],9.400000,0.000000,2,3,5,7,15,21,29,73,73,73,73,4740,0,3,9.653528825947433,0.8297470003526541,497.9289789998802,120.0
1781461729,20,GET,/api/products/{id} [GET],6.800000,0.000000,2,4,5,6,10,14,14,32,32,32,32,2778,0,3,9.635528347741047,0.9692209996501333,501.92681399948924,39.0
1781461729,20,,Aggregated,20.000000,0.000000,3,8,14,15,31,85,110,120,120,120,120,9394,0,4,25.79055818192681,0.8297470003526541,2511.467815999822,95.04811581860763
1781461730,20,GET,/api/load/mixed [GET],4.000000,0.000000,31,38,79,96,120,120,300,300,300,300,300,1884,0,28,90.50747143949289,12.495657999352261,2511.467815999822,115.0
1781461730,20,GET,/api/products [GET],9.000000,0.000000,2,3,5,8,15,21,29,73,73,73,73,4750,0,3,9.641789897050714,0.8297470003526541,497.9289789998802,120.0
1781461730,20,GET,/api/products/{id} [GET],6.900000,0.000000,2,4,5,6,10,14,14,32,32,32,32,2782,0,3,9.624873509355037,0.9692209996501333,501.92681399948924,39.0
1781461730,20,,Aggregated,19.900000,0.000000,3,11,14,16,34,86,120,220,300,300,300,9416,0,4,25.816798673111858,0.8297470003526541,2511.467815999822,95.0677570093458
1781461731,20,GET,/api/load/mixed [GET],4.000000,0.000000,31,38,79,86,110,120,300,300,300,300,300,1888,0,28,90.39363846928222,12.495657999352261,2511.467815999822,115.0
1781461731,20,GET,/api/products [GET],8.900000,0.000000,2,3,4,6,11,20,29,73,73,73,73,4758,0,3,9.63182309142296,0.8297470003526541,497.9289789998802,120.0
1781461731,20,GET,/api/products/{id} [GET],6.700000,0.000000,2,4,5,5,7,10,11,32,32,32,32,2790,0,3,9.609916141586403,0.9692209996501333,501.92681399948924,39.0
1781461731,20,,Aggregated,19.600000,0.000000,3,8,14,16,33,85,120,220,300,300,300,9436,0,4,25.784555927725872,0.8297470003526541,2511.467815999822,95.0498092412039
1781461732,20,GET,/api/load/mixed [GET],4.600000,0.000000,31,46,79,86,110,120,300,300,300,300,300,1892,0,28,90.31757944133416,12.495657999352261,2511.467815999822,115.0
1781461732,20,GET,/api/products [GET],8.600000,0.000000,2,3,5,8,12,24,64,73,73,73,73,4768,0,3,9.63880977810186,0.8297470003526541,497.9289789998802,120.0
1781461732,20,GET,/api/products/{id} [GET],6.800000,0.000000,2,4,5,5,7,11,11,14,14,14,14,2796,0,3,9.597137893786226,0.9692209996501333,501.92681399948924,39.0
1781461732,20,,Aggregated,20.000000,0.000000,3,9,14,17,43,86,120,220,300,300,300,9456,0,4,25.7690675630309,0.8297470003526541,2511.467815999822,95.04906937394247
1781461733,20,GET,/api/load/mixed [GET],4.800000,0.000000,31,46,85,93,110,120,300,300,300,300,300,1893,0,28,90.27797560486226,12.495657999352261,2511.467815999822,115.0
1781461733,20,GET,/api/products [GET],8.400000,0.000000,2,3,5,8,12,24,64,73,73,73,73,4777,0,3,9.625003182329714,0.8297470003526541,497.9289789998802,120.0
1781461733,20,GET,/api/products/{id} [GET],6.900000,0.000000,2,3,4,5,7,10,11,14,14,14,14,2806,0,3,9.571581751256971,0.9692209996501333,501.92681399948924,39.0
1781461733,20,,Aggregated,20.100000,0.000000,3,8,14,16,38,86,120,220,300,300,300,9476,0,4,25.721053864079817,0.8297470003526541,2511.467815999822,95.01572393414943
1781461734,20,GET,/api/load/mixed [GET],4.800000,0.000000,31,46,79,93,110,120,300,300,300,300,300,1899,0,28,90.12750688731127,12.495657999352261,2511.467815999822,115.0
1781461734,20,GET,/api/products [GET],8.300000,0.000000,2,3,6,8,19,21,28,64,64,64,64,4786,0,3,9.622326310277206,0.8297470003526541,497.9289789998802,120.0
1781461734,20,GET,/api/products/{id} [GET],6.900000,0.000000,2,4,5,5,11,19,19,21,21,21,21,2811,0,3,9.577042492360757,0.9692209996501333,501.92681399948924,39.0
1781461734,20,,Aggregated,20.000000,0.000000,4,11,15,18,34,85,120,220,300,300,300,9496,0,4,25.708261978308435,0.8297470003526541,2511.467815999822,95.02253580454928
1781461735,20,GET,/api/load/mixed [GET],4.700000,0.000000,26,42,79,93,110,120,300,300,300,300,300,1903,0,28,89.99665797004954,12.495657999352261,2511.467815999822,115.0
1781461735,20,GET,/api/products [GET],8.600000,0.000000,2,3,5,7,12,21,28,64,64,64,64,4794,0,3,9.609906795158494,0.8297470003526541,497.9289789998802,120.0
1781461735,20,GET,/api/products/{id} [GET],6.700000,0.000000,2,4,5,5,10,14,19,21,21,21,21,2819,0,3,9.559947017036352,0.9692209996501333,501.92681399948924,39.0
1781461735,20,,Aggregated,20.000000,0.000000,4,9,15,18,32,79,120,220,300,300,300,9516,0,4,25.67076754245688,0.8297470003526541,2511.467815999822,95.00483396385036
1781461736,20,GET,/api/load/mixed [GET],4.800000,0.000000,27,42,79,82,110,120,300,300,300,300,300,1909,0,28,89.85994733944699,12.495657999352261,2511.467815999822,115.0
1781461736,20,GET,/api/products [GET],8.600000,0.000000,2,3,6,8,12,21,28,64,64,64,64,4801,0,3,9.60014795188282,0.8297470003526541,497.9289789998802,120.0
1781461736,20,GET,/api/products/{id} [GET],6.600000,0.000000,2,4,5,6,11,19,19,21,21,21,21,2826,0,3,9.54343474063197,0.9692209996501333,501.92681399948924,39.0
1781461736,20,,Aggregated,20.000000,0.000000,4,11,16,19,36,82,110,220,300,300,300,9536,0,4,25.650450541633777,0.8297470003526541,2511.467815999822,94.99465184563758
1781461737,20,GET,/api/load/mixed [GET],4.700000,0.000000,31,49,82,89,110,120,300,300,300,300,300,1912,0,28,89.78058641213616,12.495657999352261,2511.467815999822,115.0
1781461737,20,GET,/api/products [GET],8.600000,0.000000,2,3,4,6,11,21,28,64,64,64,64,4812,0,3,9.584270495634087,0.8297470003526541,497.9289789998802,120.0
1781461737,20,GET,/api/products/{id} [GET],6.700000,0.000000,2,3,4,5,7,19,19,21,21,21,21,2832,0,3,9.528848087579924,0.9692209996501333,501.92681399948924,39.0
1781461737,20,,Aggregated,20.000000,0.000000,3,7,16,19,38,87,110,220,300,300,300,9556,0,4,25.613822585707613,0.8297470003526541,2511.467815999822,94.9945583926329
1781461738,20,GET,/api/load/mixed [GET],4.900000,0.000000,32,68,80,87,98,110,300,300,300,300,300,1914,0,28,89.73595982497626,12.495657999352261,2511.467815999822,115.0
1781461738,20,GET,/api/products [GET],8.400000,0.000000,2,3,4,4,11,19,24,64,64,64,64,4824,0,3,9.566502507667774,0.8297470003526541,497.9289789998802,120.0
1781461738,20,GET,/api/products/{id} [GET],6.900000,0.000000,2,3,4,5,7,19,19,21,21,21,21,2838,0,3,9.512660289649377,0.9692209996501333,501.92681399948924,39.0
1781461738,20,,Aggregated,20.200000,0.000000,3,6,15,18,38,82,110,220,300,300,300,9576,0,4,25.57439067502286,0.8297470003526541,2511.467815999822,94.99498746867168
1781461739,20,GET,/api/load/mixed [GET],4.900000,0.000000,28,43,68,82,93,95,98,98,98,98,98,1919,0,28,89.6377018655579,12.495657999352261,2511.467815999822,115.0
1781461739,20,GET,/api/products [GET],8.600000,0.000000,2,3,4,6,19,24,64,67,67,67,67,4833,0,3,9.579570824123774,0.8297470003526541,497.9289789998802,120.0
1781461739,20,GET,/api/products/{id} [GET],6.400000,0.000000,2,4,5,5,11,19,21,21,21,21,21,2844,0,3,9.511660291499732,0.9692209996501333,501.92681399948924,39.0
1781461739,20,,Aggregated,19.900000,0.000000,3,6,15,18,32,68,93,95,98,98,98,9596,0,4,25.56940157795135,0.8297470003526541,2511.467815999822,94.99385160483534
1781461740,20,GET,/api/load/mixed [GET],4.600000,0.000000,32,43,82,87,94,98,130,130,130,130,130,1923,0,28,89.5559223827388,12.495657999352261,2511.467815999822,115.0
1781461740,20,GET,/api/products [GET],9.200000,0.000000,2,3,4,7,21,28,67,86,86,86,86,4843,0,3,9.595078218251524,0.8297470003526541,497.9289789998802,120.0
1781461740,20,GET,/api/products/{id} [GET],6.300000,0.000000,2,4,5,7,19,21,32,63,63,63,63,2850,0,3,9.540141751938535,0.9692209996501333,501.92681399948924,39.0
1781461740,20,,Aggregated,20.100000,0.000000,3,8,18,21,42,82,94,98,130,130,130,9616,0,4,25.569301845468356,0.8297470003526541,2511.467815999822,94.99324043261231
1781461741,20,GET,/api/load/mixed [GET],4.600000,0.000000,26,36,68,82,93,95,130,130,130,130,130,1926,0,28,89.44378443198669,12.495657999352261,2511.467815999822,115.0
1781461741,20,GET,/api/products [GET],9.300000,0.000000,2,3,4,5,19,25,67,86,86,86,86,4854,0,3,9.580452377213378,0.8297470003526541,497.9289789998802,120.0
1781461741,20,GET,/api/products/{id} [GET],6.500000,0.000000,3,4,5,6,19,21,32,63,63,63,63,2856,0,3,9.525201962894196,0.9692209996501333,501.92681399948924,39.0
1781461741,20,,Aggregated,20.400000,0.000000,3,6,15,19,28,68,93,95,130,130,130,9636,0,4,25.5267975779396,0.8297470003526541,2511.467815999822,94.9931506849315
1781461742,20,GET,/api/load/mixed [GET],4.100000,0.000000,25,32,43,80,93,95,130,130,130,130,130,1930,0,27,89.28963173212753,12.495657999352261,2511.467815999822,115.0
1781461742,20,GET,/api/products [GET],9.200000,0.000000,2,3,4,5,19,25,67,86,86,86,86,4863,0,3,9.567343227429992,0.8297470003526541,497.9289789998802,120.0
1781461742,20,GET,/api/products/{id} [GET],6.700000,0.000000,3,4,5,7,19,21,32,63,63,63,63,2863,0,3,9.507877054846722,0.9692209996501333,501.92681399948924,39.0
1781461742,20,,Aggregated,20.000000,0.000000,3,7,16,19,28,68,93,95,130,130,130,9656,0,4,25.48426174047477,0.8297470003526541,2511.467815999822,94.98415492957747
1781461743,20,GET,/api/load/mixed [GET],3.800000,0.000000,24,36,70,82,93,97,130,130,130,130,130,1934,0,27,89.21127076112003,12.495657999352261,2511.467815999822,115.0
1781461743,20,GET,/api/products [GET],9.600000,0.000000,2,3,4,5,8,25,67,86,86,86,86,4874,0,3,9.553420694705144,0.8297470003526541,497.9289789998802,120.0
1781461743,20,GET,/api/products/{id} [GET],6.700000,0.000000,3,4,5,5,11,21,32,63,63,63,63,2868,0,3,9.496032154472283,0.9692209996501333,501.92681399948924,39.0
1781461743,20,,Aggregated,20.100000,0.000000,3,5,13,17,28,70,93,97,130,130,130,9676,0,4,25.45810152304935,0.8297470003526541,2511.467815999822,94.99193881769327
1781461744,20,GET,/api/load/mixed [GET],3.700000,0.000000,20,32,80,87,93,97,130,130,130,130,130,1941,0,27,89.03300548480473,12.495657999352261,2511.467815999822,115.0
1781461744,20,GET,/api/products [GET],9.600000,0.000000,2,3,4,5,8,25,67,86,86,86,86,4883,0,3,9.540774814251499,0.8297470003526541,497.9289789998802,120.0
1781461744,20,GET,/api/products/{id} [GET],6.700000,0.000000,2,4,5,5,11,21,32,63,63,63,63,2872,0,3,9.487855954048403,0.9692209996501333,501.92681399948924,39.0
1781461744,20,,Aggregated,20.000000,0.000000,3,6,14,17,31,82,93,97,130,130,130,9696,0,4,25.438303358500725,0.8297470003526541,2511.467815999822,95.00649752475248
1781461745,20,GET,/api/load/mixed [GET],4.000000,0.000000,18,25,70,87,93,97,130,130,130,130,130,1943,0,27,88.95746642975053,12.495657999352261,2511.467815999822,115.0
1781461745,20,GET,/api/products [GET],9.700000,0.000000,2,3,4,5,7,25,67,86,86,86,86,4893,0,3,9.525610039442448,0.8297470003526541,497.9289789998802,120.0
1781461745,20,GET,/api/products/{id} [GET],6.200000,0.000000,2,3,4,5,11,21,32,63,63,63,63,2880,0,3,9.467155985078712,0.9692209996501333,501.92681399948924,39.0
1781461745,20,,Aggregated,19.900000,0.000000,3,5,13,16,25,70,93,97,130,130,130,9716,0,4,25.39301939409467,0.8297470003526541,2511.467815999822,94.99022231370934
1781461746,20,GET,/api/load/mixed [GET],4.200000,0.000000,19,25,70,80,93,97,130,130,130,130,130,1947,0,27,88.81696405855433,12.495657999352261,2511.467815999822,115.0
1781461746,20,GET,/api/products [GET],9.700000,0.000000,2,3,4,5,7,25,67,86,86,86,86,4901,0,3,9.51341182921688,0.8297470003526541,497.9289789998802,120.0
1781461746,20,GET,/api/products/{id} [GET],6.100000,0.000000,2,4,5,5,11,21,32,63,63,63,63,2888,0,3,9.45042801940009,0.9569610001562978,501.92681399948924,39.0
1781461746,20,,Aggregated,20.000000,0.000000,3,5,13,16,25,70,93,97,130,130,130,9736,0,4,25.35381024209374,0.8297470003526541,2511.467815999822,94.972986852917
1781461747,20,GET,/api/load/mixed [GET],4.100000,0.000000,19,25,43,90,95,97,130,130,130,130,130,1952,0,27,88.71151004610931,12.495657999352261,2511.467815999822,115.0
1781461747,20,GET,/api/products [GET],9.900000,0.000000,2,3,4,5,8,25,67,86,86,86,86,4908,0,3,9.502417213731098,0.8297470003526541,497.9289789998802,120.0
1781461747,20,GET,/api/products/{id} [GET],6.000000,0.000000,3,4,5,7,14,22,32,63,63,63,63,2896,0,3,9.44704931527205,0.9569610001562978,501.92681399948924,39.0
1781461747,20,,Aggregated,20.000000,0.000000,3,7,14,17,25,70,95,97,130,130,130,9756,0,4,25.3342954194368,0.8297470003526541,2511.467815999822,94.95530955309553
1781461748,20,GET,/api/load/mixed [GET],3.900000,0.000000,18,25,32,79,93,97,130,130,130,130,130,1957,0,27,88.59040313643581,12.495657999352261,2511.467815999822,115.0
1781461748,20,GET,/api/products [GET],9.900000,0.000000,2,3,4,4,6,10,25,86,86,86,86,4918,0,3,9.49017758438284,0.8297470003526541,497.9289789998802,120.0
1781461748,20,GET,/api/products/{id} [GET],6.200000,0.000000,3,4,5,5,12,22,32,63,63,63,63,2901,0,3,9.435652860747707,0.9569610001562978,501.92681399948924,39.0
1781461748,20,,Aggregated,20.000000,0.000000,3,5,13,16,23,70,93,97,130,130,130,9776,0,4,25.30860691970425,0.8297470003526541,2511.467815999822,94.96256137479541
1781461749,20,GET,/api/load/mixed [GET],4.000000,0.000000,18,23,32,70,92,95,97,97,97,97,97,1959,0,27,88.52420239357069,12.495657999352261,2511.467815999822,115.0
1781461749,20,GET,/api/products [GET],9.700000,0.000000,2,3,4,4,7,10,16,18,18,18,18,4929,0,3,9.485898181374386,0.8297470003526541,497.9289789998802,120.0
1781461749,20,GET,/api/products/{id} [GET],6.400000,0.000000,2,3,4,5,11,14,21,22,22,22,22,2908,0,3,9.424686235910551,0.9569610001562978,501.92681399948924,39.0
1781461749,20,,Aggregated,20.100000,0.000000,3,5,11,14,18,29,92,95,97,97,97,9796,0,4,25.27377421386557,0.8297470003526541,2511.467815999822,94.95477746018783
1781461750,20,GET,/api/load/mixed [GET],4.100000,0.000000,18,23,29,70,92,95,97,97,97,97,97,1962,0,27,88.4129091493402,12.495657999352261,2511.467815999822,115.0
1781461750,20,GET,/api/products [GET],9.500000,0.000000,2,2,3,4,7,10,16,18,18,18,18,4938,0,3,9.474379727013847,0.8297470003526541,497.9289789998802,120.0
1781461750,20,GET,/api/products/{id} [GET],6.400000,0.000000,2,3,4,5,11,12,14,22,22,22,22,2916,0,3,9.40700300446758,0.9569610001562978,501.92681399948924,39.0
1781461750,20,,Aggregated,20.000000,0.000000,2,5,11,14,18,29,92,95,97,97,97,9816,0,4,25.23242009005982,0.8297470003526541,2511.467815999822,94.9382640586797
1781461751,20,GET,/api/load/mixed [GET],4.000000,0.000000,19,27,32,79,92,95,97,97,97,97,97,1964,0,27,88.35041440988029,12.495657999352261,2511.467815999822,115.0
1781461751,20,GET,/api/products [GET],9.500000,0.000000,2,3,4,4,7,10,16,18,18,18,18,4950,0,3,9.457912037372752,0.8297470003526541,497.9289789998802,120.0
1781461751,20,GET,/api/products/{id} [GET],6.500000,0.000000,2,3,4,5,11,12,14,22,22,22,22,2922,0,3,9.391152318284552,0.9569610001562978,501.92681399948924,39.0
1781461751,20,,Aggregated,20.000000,0.000000,2,5,10,13,19,29,92,95,97,97,97,9836,0,4,25.190913538026365,0.8297470003526541,2511.467815999822,94.93879625864173
1781461752,20,GET,/api/load/mixed [GET],3.800000,0.000000,18,25,28,32,90,93,95,95,95,95,95,1966,0,27,88.27667172838493,12.495657999352261,2511.467815999822,115.0
1781461752,20,GET,/api/products [GET],9.500000,0.000000,2,2,3,4,7,10,16,18,18,18,18,4960,0,3,9.443560019958715,0.8297470003526541,497.9289789998802,120.0
1781461752,20,GET,/api/products/{id} [GET],6.700000,0.000000,2,3,4,4,7,12,14,22,22,22,22,2930,0,3,9.371714519122502,0.9569610001562978,501.92681399948924,39.0
1781461752,20,,Aggregated,20.000000,0.000000,2,4,9,13,18,27,90,93,95,95,95,9856,0,4,25.147231925530527,0.8297470003526541,2511.467815999822,94.9228896103896
1781461753,20,GET,/api/load/mixed [GET],3.900000,0.000000,17,23,26,28,80,90,95,95,95,95,95,1970,0,27,88.12848364162694,12.495657999352261,2511.467815999822,115.0
1781461753,20,GET,/api/products [GET],9.600000,0.000000,2,2,3,4,7,10,16,18,18,18,18,4971,0,3,9.427573956345968,0.8297470003526541,497.9289789998802,120.0
1781461753,20,GET,/api/products/{id} [GET],6.500000,0.000000,2,3,3,4,7,12,14,22,22,22,22,2935,0,3,9.358694693706589,0.9569610001562978,501.92681399948924,39.0
1781461753,20,,Aggregated,20.000000,0.000000,2,4,6,11,16,23,79,90,95,95,95,9876,0,4,25.10584769512249,0.8297470003526541,2511.467815999822,94.93063993519644
1781461754,20,GET,/api/load/mixed [GET],3.700000,0.000000,18,26,28,29,80,93,95,95,95,95,95,1975,0,27,87.99827949721812,12.495657999352261,2511.467815999822,115.0
1781461754,20,GET,/api/products [GET],9.600000,0.000000,2,3,4,4,7,10,16,18,18,18,18,4980,0,3,9.414945392770377,0.8297470003526541,497.9289789998802,120.0
1781461754,20,GET,/api/products/{id} [GET],6.700000,0.000000,2,3,4,5,11,12,14,22,22,22,22,2941,0,3,9.34945364672874,0.9569610001562978,501.92681399948924,39.0
1781461754,20,,Aggregated,20.000000,0.000000,2,4,9,13,18,27,80,93,95,95,95,9896,0,4,25.078796810633744,0.8297470003526541,2511.467815999822,94.92966855295069
1781461755,20,GET,/api/load/mixed [GET],3.600000,0.000000,18,27,32,36,90,95,95,95,95,95,95,1978,0,27,87.93719346309678,12.495657999352261,2511.467815999822,115.0
1781461755,20,GET,/api/products [GET],9.800000,0.000000,2,2,3,4,5,10,16,18,18,18,18,4991,0,3,9.398782817870726,0.8297470003526541,497.9289789998802,120.0
1781461755,20,GET,/api/products/{id} [GET],6.700000,0.000000,2,2,3,4,11,14,14,22,22,22,22,2947,0,3,9.33384982559507,0.9569610001562978,501.92681399948924,39.0
1781461755,20,,Aggregated,20.100000,0.000000,2,4,8,13,18,28,90,95,95,95,95,9916,0,4,25.04598115671913,0.8297470003526541,2511.467815999822,94.92970956030658
1781461756,20,GET,/api/load/mixed [GET],3.300000,0.000000,18,26,29,36,92,93,95,95,95,95,95,1981,0,27,87.86807044725194,12.495657999352261,2511.467815999822,115.0
1781461756,20,GET,/api/products [GET],9.700000,0.000000,2,3,4,4,7,11,18,22,22,22,22,5003,0,3,9.387348837496312,0.8297470003526541,497.9289789998802,120.0
1781461756,20,GET,/api/products/{id} [GET],6.900000,0.000000,2,2,3,4,6,11,14,14,14,14,14,2952,0,3,9.327279184291546,0.9569610001562978,501.92681399948924,39.0
1781461756,20,,Aggregated,19.900000,0.000000,2,4,7,11,17,27,80,93,95,95,95,9936,0,4,25.01667491365024,0.8297470003526541,2511.467815999822,94.93790257648953
1781461757,20,GET,/api/load/mixed [GET],3.500000,0.000000,18,26,29,31,89,93,95,95,95,95,95,1990,0,27,87.5953637693493,12.495657999352261,2511.467815999822,115.0
1781461757,20,GET,/api/products [GET],9.800000,0.000000,2,3,4,4,7,11,18,22,22,22,22,5010,0,3,9.379435783631596,0.8297470003526541,497.9289789998802,120.0
1781461757,20,GET,/api/products/{id} [GET],6.700000,0.000000,2,2,3,4,5,11,14,14,14,14,14,2956,0,3,9.317643759143946,0.9569610001562978,501.92681399948924,39.0
1781461757,20,,Aggregated,20.000000,0.000000,2,5,9,14,18,28,89,93,95,95,95,9956,0,4,24.99484754208808,0.8297470003526541,2511.467815999822,94.95118521494577
1781461758,20,GET,/api/load/mixed [GET],3.400000,0.000000,18,19,29,31,92,95,170,170,170,170,170,1995,0,27,87.4937694556423,12.495657999352261,2511.467815999822,115.0
1781461758,20,GET,/api/products [GET],10.200000,0.000000,2,3,4,4,6,7,22,72,72,72,72,5022,0,3,9.379155848465698,0.8297470003526541,497.9289789998802,120.0
1781461758,20,GET,/api/products/{id} [GET],6.400000,0.000000,2,2,3,4,5,10,14,74,74,74,74,2959,0,3,9.336549314305467,0.9569610001562978,501.92681399948924,39.0
1781461758,20,,Aggregated,20.000000,0.000000,2,5,7,14,18,31,92,95,170,170,170,9976,0,4,24.987874915400063,0.8297470003526541,2511.467815999822,94.97453889334403
1781461759,20,GET,/api/load/mixed [GET],3.600000,0.000000,17,20,28,31,92,95,170,170,170,170,170,1998,0,27,87.38874793293627,12.495657999352261,2511.467815999822,115.0
1781461759,20,GET,/api/products [GET],10.300000,0.000000,2,3,3,4,5,7,22,72,72,72,72,5034,0,3,9.362234972585396,0.8297470003526541,497.9289789998802,120.0
1781461759,20,GET,/api/products/{id} [GET],6.000000,0.000000,2,3,3,4,5,10,74,74,74,74,74,2964,0,3,9.326040703451342,0.9569610001562978,501.92681399948924,39.0
1781461759,20,,Aggregated,19.900000,0.000000,3,4,7,14,18,31,92,95,170,170,170,9996,0,4,24.947438362047954,0.8297470003526541,2511.467815999822,94.98259303721488
1781461760,20,GET,/api/load/mixed [GET],3.800000,0.000000,17,20,29,32,92,95,170,170,170,170,170,2001,0,27,87.31640167166776,12.495657999352261,2511.467815999822,115.0
1781461760,20,GET,/api/products [GET],10.300000,0.000000,2,3,3,4,5,7,22,72,72,72,72,5045,0,3,9.34769730505401,0.8297470003526541,497.9289789998802,120.0
1781461760,20,GET,/api/products/{id} [GET],5.800000,0.000000,2,3,4,5,8,10,74,74,74,74,74,2970,0,3,9.316301862972763,0.9569610001562978,501.92681399948924,39.0
1781461760,20,,Aggregated,19.900000,0.000000,3,5,7,14,18,32,92,95,170,170,170,10016,0,4,24.91500291354172,0.8297470003526541,2511.467815999822,94.98252795527156
1781461761,20,GET,/api/load/mixed [GET],3.900000,0.000000,18,20,27,31,89,93,170,170,170,170,170,2007,0,27,87.10606998455762,12.495657999352261,2511.467815999822,115.0
1781461761,20,GET,/api/products [GET],10.500000,0.000000,2,3,3,4,6,7,22,72,72,72,72,5051,0,3,9.341501262917957,0.8297470003526541,497.9289789998802,120.0
1781461761,20,GET,/api/products/{id} [GET],5.600000,0.000000,2,4,5,5,9,11,74,74,74,74,74,2978,0,3,9.303561485570297,0.9569610001562978,501.92681399948924,39.0
1781461761,20,,Aggregated,20.000000,0.000000,3,5,12,14,19,32,92,95,170,170,170,10036,0,4,24.881607357715637,0.8297470003526541,2511.467815999822,94.96482662415305
1781461762,20,GET,/api/load/mixed [GET],4.000000,0.000000,18,20,27,31,89,93,170,170,170,170,170,2013,0,27,86.89997529806658,12.495657999352261,2511.467815999822,115.0
1781461762,20,GET,/api/products [GET],10.600000,0.000000,2,3,3,5,7,8,22,72,72,72,72,5061,0,3,9.329789236514431,0.8297470003526541,497.9289789998802,120.0
1781461762,20,GET,/api/products/{id} [GET],5.400000,0.000000,3,4,5,6,9,11,74,74,74,74,74,2982,0,3,9.296770420532543,0.9569610001562978,501.92681399948924,39.0
1781461762,20,,Aggregated,20.000000,0.000000,3,6,13,14,20,32,92,95,170,170,170,10056,0,4,24.847919947795905,0.8297470003526541,2511.467815999822,94.97941527446301
1781461763,20,GET,/api/load/mixed [GET],4.100000,0.000000,18,21,29,32,89,92,170,170,170,170,170,2015,0,27,86.90281579851549,12.495657999352261,2511.467815999822,115.0
1781461763,20,GET,/api/products [GET],10.200000,0.000000,2,3,4,5,7,8,22,72,72,72,72,5074,0,3,9.313963418998839,0.8297470003526541,497.9289789998802,120.0
1781461763,20,GET,/api/products/{id} [GET],5.600000,0.000000,3,4,5,6,8,10,74,74,74,74,74,2987,0,3,9.2861123903672,0.9569610001562978,501.92681399948924,39.0
1781461763,20,,Aggregated,19.900000,0.000000,3,6,12,14,20,36,91,95,170,170,170,10076,0,4,24.821937468443398,0.8297470003526541,2511.467815999822,94.98789202064312
1781461764,20,GET,/api/load/mixed [GET],4.600000,0.000000,18,20,24,29,89,92,170,170,170,170,170,2016,0,27,86.86769259177022,12.495657999352261,2511.467815999822,115.0
1781461764,20,GET,/api/products [GET],10.100000,0.000000,2,3,4,5,7,8,22,72,72,72,72,5088,0,3,9.294041904678066,0.8297470003526541,497.9289789998802,120.0
1781461764,20,GET,/api/products/{id} [GET],5.200000,0.000000,3,4,5,6,8,10,74,74,74,74,74,2992,0,3,9.274561012040994,0.9569610001562978,501.92681399948924,39.0
1781461764,20,,Aggregated,19.900000,0.000000,3,6,9,14,19,29,89,92,170,170,170,10096,0,4,24.77841125436187,0.8297470003526541,2511.467815999822,94.99683042789223
1781461765,20,GET,/api/load/mixed [GET],4.600000,0.000000,19,21,29,39,91,94,170,170,170,170,170,2023,0,27,86.75556723233225,12.495657999352261,2511.467815999822,115.0
1781461765,20,GET,/api/products [GET],10.200000,0.000000,2,3,4,5,7,9,31,72,72,72,72,5094,0,3,9.294539930703136,0.8297470003526541,497.9289789998802,120.0
1781461765,20,GET,/api/products/{id} [GET],5.200000,0.000000,2,4,5,6,8,10,74,74,74,74,74,2999,0,3,9.260149345123835,0.9569610001562978,501.92681399948924,39.0
1781461765,20,,Aggregated,20.000000,0.000000,3,6,12,14,20,72,93,100,170,170,170,10116,0,4,24.77501846619576,0.8297470003526541,2511.467815999822,94.98675365757217
1781461766,20,GET,/api/load/mixed [GET],4.200000,0.000000,19,20,26,78,93,100,170,170,170,170,170,2027,0,27,86.61774310903226,12.495657999352261,2511.467815999822,115.0
1781461766,20,GET,/api/products [GET],10.900000,0.000000,2,2,3,4,7,9,31,72,72,72,72,5108,0,3,9.274865628425951,0.8297470003526541,497.9289789998802,120.0
1781461766,20,GET,/api/products/{id} [GET],5.000000,0.000000,2,4,5,6,8,10,74,74,74,74,74,3001,0,3,9.255124416869918,0.9569610001562978,501.92681399948924,39.0
1781461766,20,,Aggregated,20.100000,0.000000,3,6,11,14,19,72,93,100,170,170,170,10136,0,4,24.73607017433255,0.8297470003526541,2511.467815999822,95.01815311760063
1781461767,20,GET,/api/load/mixed [GET],4.200000,0.000000,19,26,35,78,93,100,170,170,170,170,170,2033,0,27,86.46160326955642,12.495657999352261,2511.467815999822,115.0
1781461767,20,GET,/api/products [GET],10.400000,0.000000,2,2,3,4,8,12,22,31,31,31,31,5116,0,3,9.271568861415142,0.8297470003526541,497.9289789998802,120.0
1781461767,20,GET,/api/products/{id} [GET],5.200000,0.000000,2,3,5,5,7,10,14,14,14,14,14,3007,0,3,9.245562789500363,0.9569610001562978,501.92681399948924,39.0
1781461767,20,,Aggregated,19.800000,0.000000,2,6,12,14,20,35,93,100,170,170,170,10156,0,4,24.71555662170497,0.8297470003526541,2511.467815999822,95.01654194564789
1781461768,20,GET,/api/load/mixed [GET],4.400000,0.000000,19,26,39,81,93,95,100,100,100,100,100,2037,0,27,86.39743920618925,12.495657999352261,2511.467815999822,115.0
1781461768,20,GET,/api/products [GET],10.700000,0.000000,2,2,3,4,8,13,31,75,75,75,75,5124,0,3,9.274499539617329,0.8297470003526541,497.9289789998802,120.0
1781461768,20,GET,/api/products/{id} [GET],4.900000,0.000000,2,3,4,5,7,10,11,14,14,14,14,3015,0,3,9.22589304312683,0.9569610001562978,501.92681399948924,39.0
1781461768,20,,Aggregated,20.000000,0.000000,2,6,12,14,22,75,93,95,100,100,100,10176,0,4,24.698328108199096,0.8297470003526541,2511.467815999822,95.0
1781461769,20,GET,/api/load/mixed [GET],4.500000,0.000000,19,26,35,81,93,95,100,100,100,100,100,2039,0,27,86.32654771996471,12.495657999352261,2511.467815999822,115.0
1781461769,20,GET,/api/products [GET],10.500000,0.000000,2,2,3,3,8,13,31,75,75,75,75,5137,0,3,9.256388924858662,0.8297470003526541,497.9289789998802,120.0
1781461769,20,GET,/api/products/{id} [GET],5.100000,0.000000,2,3,4,4,7,10,14,14,14,14,14,3020,0,3,9.214188996366943,0.9569610001562978,501.92681399948924,39.0
1781461769,20,,Aggregated,20.100000,0.000000,2,5,12,14,20,39,93,95,100,100,100,10196,0,4,24.65640952109014,0.8297470003526541,2511.467815999822,95.00833660258925
1781461770,20,GET,/api/load/mixed [GET],4.300000,0.000000,19,29,35,81,93,95,100,100,100,100,100,2042,0,27,86.23518720127738,12.495657999352261,2511.467815999822,115.0
1781461770,20,GET,/api/products [GET],10.100000,0.000000,2,2,3,4,8,13,31,75,75,75,75,5148,0,3,9.242934656759928,0.8297470003526541,497.9289789998802,120.0
1781461770,20,GET,/api/products/{id} [GET],5.600000,0.000000,2,2,3,4,6,8,14,14,14,14,14,3026,0,3,9.202081484477262,0.9569610001562978,501.92681399948924,39.0
1781461770,20,,Aggregated,20.000000,0.000000,2,4,9,14,22,39,93,95,100,100,100,10216,0,4,24.62024064702786,0.8297470003526541,2511.467815999822,95.0082223962412
1781461771,20,GET,/api/load/mixed [GET],4.100000,0.000000,19,29,81,91,93,95,100,100,100,100,100,2045,0,27,86.17067935746152,12.495657999352261,2511.467815999822,115.0
1781461771,20,GET,/api/products [GET],10.400000,0.000000,2,2,3,3,6,13,31,75,75,75,75,5157,0,3,9.230851211169412,0.8297470003526541,497.9289789998802,120.0
1781461771,20,GET,/api/products/{id} [GET],5.500000,0.000000,2,2,3,4,6,9,10,14,14,14,14,3034,0,3,9.188165632507447,0.9569610001562978,501.92681399948924,39.0
1781461771,20,,Aggregated,20.000000,0.000000,2,4,7,13,22,75,93,95,100,100,100,10236,0,4,24.589628127299427,0.8297470003526541,2511.467815999822,94.9922821414615
1781461772,20,GET,/api/load/mixed [GET],4.100000,0.000000,19,29,35,81,93,95,100,100,100,100,100,2048,0,27,86.07041818310954,12.495657999352261,2511.467815999822,115.0
1781461772,20,GET,/api/products [GET],10.400000,0.000000,2,2,3,3,6,13,31,75,75,75,75,5170,0,3,9.214178924564752,0.8297470003526541,497.9289789998802,120.0
1781461772,20,GET,/api/products/{id} [GET],5.500000,0.000000,2,2,4,4,6,9,10,14,14,14,14,3038,0,3,9.181660397967931,0.9569610001562978,501.92681399948924,39.0
1781461772,20,,Aggregated,20.000000,0.000000,2,4,7,13,19,35,93,95,100,100,100,10256,0,4,24.551814134948767,0.8297470003526541,2511.467815999822,95.00799531981279
1781461773,20,GET,/api/load/mixed [GET],4.000000,0.000000,18,27,29,39,93,95,100,100,100,100,100,2055,0,27,85.8388017776195,12.495657999352261,2511.467815999822,115.0
1781461773,20,GET,/api/products [GET],10.400000,0.000000,2,2,3,4,7,13,31,75,75,75,75,5176,0,3,9.206816029173348,0.8297470003526541,497.9289789998802,120.0
1781461773,20,GET,/api/products/{id} [GET],5.700000,0.000000,2,3,4,4,7,9,10,14,14,14,14,3045,0,3,9.167826638103387,0.9569610001562978,501.92681399948924,39.0
1781461773,20,,Aggregated,20.100000,0.000000,2,5,10,14,22,35,93,95,100,100,100,10276,0,4,24.520168308002532,0.8297470003526541,2511.467815999822,94.99805371739977
1781461774,20,GET,/api/load/mixed [GET],3.500000,0.000000,17,22,27,29,93,94,100,100,100,100,100,2061,0,27,85.63812949345403,12.495657999352261,2511.467815999822,115.0
1781461774,20,GET,/api/products [GET],10.900000,0.000000,2,2,3,3,5,7,22,75,75,75,75,5188,0,3,9.190656644371828,0.8297470003526541,497.9289789998802,120.0
1781461774,20,GET,/api/products/{id} [GET],5.700000,0.000000,2,3,4,4,7,8,14,14,14,14,14,3047,0,3,9.163310980973359,0.9569610001562978,501.92681399948924,39.0
1781461774,20,,Aggregated,20.100000,0.000000,2,4,13,14,19,29,93,95,100,100,100,10296,0,4,24.485423476693427,0.8297470003526541,2511.467815999822,95.02797202797203
1781461775,20,GET,/api/load/mixed [GET],3.900000,0.000000,18,26,29,35,91,93,95,95,95,95,95,2067,0,27,85.53428477020253,12.495657999352261,2511.467815999822,115.0
1781461775,20,GET,/api/products [GET],10.200000,0.000000,2,2,3,3,6,11,22,75,75,75,75,5200,0,3,9.17605088326914,0.8297470003526541,497.9289789998802,120.0
1781461775,20,GET,/api/products/{id} [GET],5.900000,0.000000,2,3,4,4,7,8,14,14,14,14,14,3049,0,3,9.15864698262566,0.9569610001562978,501.92681399948924,39.0
1781461775,20,,Aggregated,20.000000,0.000000,2,5,13,14,22,35,91,93,95,95,95,10316,0,4,24.470681064660113,0.8297470003526541,2511.467815999822,95.0577743311361
1781461776,20,GET,/api/load/mixed [GET],4.500000,0.000000,17,22,28,29,91,93,95,95,95,95,95,2071,0,27,85.40967019073399,12.495657999352261,2511.467815999822,115.0
1781461776,20,GET,/api/products [GET],10.000000,0.000000,2,2,3,3,5,7,11,75,75,75,75,5209,0,3,9.164798814551459,0.8297470003526541,497.9289789998802,120.0
1781461776,20,GET,/api/products/{id} [GET],5.500000,0.000000,2,3,3,4,6,8,9,9,9,9,9,3056,0,3,9.143908150204851,0.9569610001562978,501.92681399948924,39.0
1781461776,20,,Aggregated,20.000000,0.000000,2,4,7,14,19,29,91,93,95,95,95,10336,0,4,24.435627640966963,0.8297470003526541,2511.467815999822,95.04924535603715
1781461777,20,GET,/api/load/mixed [GET],4.700000,0.000000,17,22,26,28,45,91,95,95,95,95,95,2077,0,27,85.20909851469018,12.495657999352261,2511.467815999822,115.0
1781461777,20,GET,/api/products [GET],10.400000,0.000000,2,2,3,3,5,6,7,11,11,11,11,5216,0,3,9.155748582246714,0.8297470003526541,497.9289789998802,120.0
1781461777,20,GET,/api/products/{id} [GET],5.100000,0.000000,2,3,4,4,6,8,9,9,9,9,9,3063,0,3,9.127192567426787,0.9569610001562978,501.92681399948924,39.0
1781461777,20,,Aggregated,20.200000,0.000000,2,4,7,14,17,27,91,93,95,95,95,10356,0,4,24.400567116071695,0.8297470003526541,2511.467815999822,95.03978370027038
1781461778,20,GET,/api/load/mixed [GET],4.600000,0.000000,17,22,27,27,44,91,93,93,93,93,93,2081,0,27,85.08615704037074,12.495657999352261,2511.467815999822,115.0
1781461778,20,GET,/api/products [GET],10.000000,0.000000,2,3,3,3,5,7,11,12,12,12,12,5225,0,3,9.146117410335085,0.8297470003526541,497.9289789998802,120.0
1781461778,20,GET,/api/products/{id} [GET],5.400000,0.000000,2,3,4,4,6,8,9,10,10,10,10,3070,0,3,9.113608889260194,0.9569610001562978,501.92681399948924,39.0
1781461778,20,,Aggregated,20.000000,0.000000,3,5,9,14,18,27,45,91,93,93,93,10376,0,4,24.366956010027078,0.8297470003526541,2511.467815999822,95.03132228218966
1781461779,20,GET,/api/load/mixed [GET],4.300000,0.000000,17,22,27,27,44,91,93,93,93,93,93,2083,0,27,85.03240674124436,12.495657999352261,2511.467815999822,115.0
1781461779,20,GET,/api/products [GET],10.100000,0.000000,2,3,3,4,5,7,12,20,20,20,20,5237,0,3,9.135152667939423,0.8297470003526541,497.9289789998802,120.0
1781461779,20,GET,/api/products/{id} [GET],5.600000,0.000000,2,3,4,4,6,8,9,10,10,10,10,3076,0,3,9.101485303324841,0.9569610001562978,501.92681399948924,39.0
1781461779,20,,Aggregated,20.000000,0.000000,3,5,9,14,19,27,45,91,93,93,93,10396,0,4,24.332384239807404,0.8297470003526541,2511.467815999822,95.03164678722585
1781461780,20,GET,/api/load/mixed [GET],4.500000,0.000000,17,22,26,27,29,45,91,91,91,91,91,2086,0,27,84.93100748754166,12.495657999352261,2511.467815999822,115.0
1781461780,20,GET,/api/products [GET],10.300000,0.000000,2,3,3,3,5,7,12,20,20,20,20,5249,0,3,9.119357094494044,0.8297470003526541,497.9289789998802,120.0
1781461780,20,GET,/api/products/{id} [GET],5.300000,0.000000,2,3,3,4,6,7,10,10,10,10,10,3081,0,3,9.090233254471812,0.9569610001562978,501.92681399948924,39.0
1781461780,20,,Aggregated,20.100000,0.000000,2,4,8,14,17,27,44,91,91,91,91,10416,0,4,24.293451964769442,0.8297470003526541,2511.467815999822,95.03926651305683
1781461781,20,GET,/api/load/mixed [GET],4.400000,0.000000,17,22,26,27,29,45,91,91,91,91,91,2089,0,27,84.84312919818609,12.495657999352261,2511.467815999822,115.0
1781461781,20,GET,/api/products [GET],9.900000,0.000000,2,3,3,3,4,7,12,20,20,20,20,5261,0,3,9.103807725716843,0.8297470003526541,497.9289789998802,120.0
1781461781,20,GET,/api/products/{id} [GET],5.700000,0.000000,2,2,3,3,5,6,10,10,10,10,10,3086,0,3,9.079478738829502,0.9569610001562978,501.92681399948924,39.0
1781461781,20,,Aggregated,20.000000,0.000000,2,4,10,14,19,27,44,91,91,91,91,10436,0,4,24.257541273288098,0.8297470003526541,2511.467815999822,95.04685703334611
1781461782,20,GET,/api/load/mixed [GET],4.400000,0.000000,17,22,26,27,44,91,91,91,91,91,91,2092,0,27,84.74493513671621,12.495657999352261,2511.467815999822,115.0
1781461782,20,GET,/api/products [GET],10.100000,0.000000,2,3,3,3,4,6,12,20,20,20,20,5274,0,3,9.087502055365327,0.8297470003526541,497.9289789998802,120.0
1781461782,20,GET,/api/products/{id} [GET],5.500000,0.000000,2,2,3,3,5,6,10,10,10,10,10,3090,0,3,9.071220709394124,0.9569610001562978,501.92681399948924,39.0
1781461782,20,,Aggregated,20.000000,0.000000,2,4,6,13,18,26,44,91,91,91,91,10456,0,4,24.219965774486845,0.8297470003526541,2511.467815999822,95.06216526396328
1781461783,20,GET,/api/load/mixed [GET],4.400000,0.000000,18,23,27,28,44,91,91,91,91,91,91,2093,0,27,84.71213948304344,12.495657999352261,2511.467815999822,115.0
1781461783,20,GET,/api/products [GET],10.400000,0.000000,2,3,3,3,4,6,12,20,20,20,20,5284,0,3,9.073867876418934,0.8297470003526541,497.9289789998802,120.0
1781461783,20,GET,/api/products/{id} [GET],5.200000,0.000000,2,2,3,3,4,6,6,10,10,10,10,3099,0,3,9.052228740893012,0.9569610001562978,501.92681399948924,39.0
1781461783,20,,Aggregated,20.000000,0.000000,2,3,5,8,17,26,44,91,91,91,91,10476,0,4,24.1792366041461,0.8297470003526541,2511.467815999822,95.03970981290568
1781461784,20,GET,/api/load/mixed [GET],4.500000,0.000000,18,23,26,27,29,36,38,38,38,38,38,2097,0,27,84.60361379924154,12.495657999352261,2511.467815999822,115.0
1781461784,20,GET,/api/products [GET],10.300000,0.000000,2,3,3,3,4,8,12,20,20,20,20,5295,0,3,9.062551338243583,0.8297470003526541,497.9289789998802,120.0
1781461784,20,GET,/api/products/{id} [GET],5.200000,0.000000,2,2,3,4,5,10,12,14,14,14,14,3104,0,3,9.04770036405539,0.9569610001562978,501.92681399948924,39.0
1781461784,20,,Aggregated,20.000000,0.000000,2,3,5,10,16,23,29,36,38,38,38,10496,0,4,24.150538243429565,0.8297470003526541,2511.467815999822,95.04677972560975
1781461785,20,GET,/api/load/mixed [GET],3.900000,0.000000,17,23,27,27,30,38,76,76,76,76,76,2102,0,27,84.47864421218381,12.495657999352261,2511.467815999822,115.0
1781461785,20,GET,/api/products [GET],10.700000,0.000000,2,3,3,3,4,8,12,20,20,20,20,5305,0,3,9.049400198115121,0.8297470003526541,497.9289789998802,120.0
1781461785,20,GET,/api/products/{id} [GET],5.400000,0.000000,2,2,3,4,5,10,12,14,14,14,14,3109,0,3,9.03747233162641,0.9569610001562978,501.92681399948924,39.0
1781461785,20,,Aggregated,20.000000,0.000000,2,3,4,10,16,24,30,38,76,76,76,10516,0,4,24.12311522100011,0.8297470003526541,2511.467815999822,95.05334728033473
1781461786,20,GET,/api/load/mixed [GET],3.600000,0.000000,22,27,29,31,76,87,87,87,87,87,87,2108,0,27,84.39254640323168,12.495657999352261,2511.467815999822,115.0
1781461786,20,GET,/api/products [GET],10.600000,0.000000,2,3,3,3,5,12,20,36,36,36,36,5314,0,3,9.046851808618262,0.8297470003526541,497.9289789998802,120.0
1781461786,20,GET,/api/products/{id} [GET],5.800000,0.000000,2,3,4,4,5,10,12,14,14,14,14,3114,0,3,9.027729445095256,0.9569610001562978,501.92681399948924,39.0
1781461786,20,,Aggregated,20.000000,0.000000,2,4,5,14,21,29,76,87,87,87,87,10536,0,4,24.11605996782801,0.8297470003526541,2511.467815999822,95.05941533788913
1781461787,20,GET,/api/load/mixed [GET],3.500000,0.000000,23,29,30,36,85,87,87,87,87,87,87,2110,0,27,84.33004684929486,12.495657999352261,2511.467815999822,115.0
1781461787,20,GET,/api/products [GET],10.500000,0.000000,2,2,3,3,5,10,20,36,36,36,36,5323,0,3,9.035984807438739,0.8297470003526541,497.9289789998802,120.0
1781461787,20,GET,/api/products/{id} [GET],6.000000,0.000000,2,3,4,4,6,10,12,14,14,14,14,3123,0,3,9.014688530587975,0.9569610001562978,501.92681399948924,39.0
1781461787,20,,Aggregated,20.000000,0.000000,2,3,5,10,20,29,76,87,87,87,87,10556,0,4,24.07993731176907,0.8297470003526541,2511.467815999822,95.03666161424782
1781461788,20,GET,/api/load/mixed [GET],3.700000,0.000000,23,26,31,36,85,87,170,170,170,170,170,2115,0,27,84.2533901177365,12.495657999352261,2511.467815999822,115.0
1781461788,20,GET,/api/products [GET],10.400000,0.000000,2,2,3,3,4,8,18,36,36,36,36,5333,0,3,9.024841024000962,0.8297470003526541,497.9289789998802,120.0
1781461788,20,GET,/api/products/{id} [GET],5.900000,0.000000,2,3,4,4,6,10,12,14,14,14,14,3128,0,3,9.00366299809046,0.9569610001562978,501.92681399948924,39.0
1781461788,20,,Aggregated,20.000000,0.000000,2,3,5,12,21,30,85,87,170,170,170,10576,0,4,24.062864517590416,0.8297470003526541,2511.467815999822,95.04321104387292
1781461789,20,GET,/api/load/mixed [GET],3.500000,0.000000,23,29,31,38,87,87,170,170,170,170,170,2115,0,27,84.2533901177365,12.495657999352261,2511.467815999822,115.0
1781461789,20,GET,/api/products [GET],10.700000,0.000000,2,2,3,3,4,8,18,36,36,36,36,5348,0,3,9.005019172400148,0.8297470003526541,497.9289789998802,120.0
1781461789,20,GET,/api/products/{id} [GET],5.800000,0.000000,2,3,4,4,6,10,12,14,14,14,14,3133,0,3,8.992571920212914,0.9569610001562978,501.92681399948924,39.0
1781461789,20,,Aggregated,20.000000,0.000000,2,3,4,8,21,30,85,87,170,170,170,10596,0,4,24.021186340037296,0.8297470003526541,2511.467815999822,95.05209513023783
1781461790,20,GET,/api/load/mixed [GET],3.300000,0.000000,21,26,31,38,87,87,170,170,170,170,170,2119,0,27,84.12284260831157,12.495657999352261,2511.467815999822,115.0
1781461790,20,GET,/api/products [GET],10.800000,0.000000,2,2,3,3,4,8,18,36,36,36,36,5359,0,3,8.991222846426016,0.8297470003526541,497.9289789998802,120.0
1781461790,20,GET,/api/products/{id} [GET],5.900000,0.000000,2,3,4,4,6,10,12,14,14,14,14,3138,0,3,8.982161732640861,0.9569610001562978,501.92681399948924,39.0
1781461790,20,,Aggregated,20.000000,0.000000,2,3,5,10,18,30,85,87,170,170,170,10616,0,4,23.985144144502232,0.8297470003526541,2511.467815999822,95.05906179351922
1781461791,20,GET,/api/load/mixed [GET],3.200000,0.000000,24,31,38,76,87,110,170,170,170,170,170,2125,0,27,84.04408464800571,12.495657999352261,2511.467815999822,115.0
1781461791,20,GET,/api/products [GET],11.100000,0.000000,2,2,3,3,4,8,18,36,36,36,36,5370,0,3,8.977851243016156,0.8297470003526541,497.9289789998802,120.0
1781461791,20,GET,/api/products/{id} [GET],5.700000,0.000000,2,3,4,4,7,10,12,14,14,14,14,3141,0,3,8.97890636677079,0.9569610001562978,501.92681399948924,39.0
1781461791,20,,Aggregated,20.000000,0.000000,2,3,7,12,23,36,87,110,170,170,170,10636,0,4,23.97588246991683,0.8297470003526541,2511.467815999822,95.08029334336217
1781461792,20,GET,/api/load/mixed [GET],3.300000,0.000000,24,31,74,74,87,110,170,170,170,170,170,2129,0,27,83.94379352137652,12.495657999352261,2511.467815999822,115.0
1781461792,20,GET,/api/products [GET],11.000000,0.000000,2,2,3,3,4,8,18,36,36,36,36,5380,0,3,8.965798927508693,0.8297470003526541,497.9289789998802,120.0
1781461792,20,GET,/api/products/{id} [GET],5.700000,0.000000,2,3,4,6,8,10,14,14,14,14,14,3147,0,3,8.96876969082515,0.9569610001562978,501.92681399948924,39.0
1781461792,20,,Aggregated,20.000000,0.000000,2,4,8,13,24,38,87,110,170,170,170,10656,0,4,23.94679550056622,0.8297470003526541,2511.467815999822,95.07957957957957
1781461793,20,GET,/api/load/mixed [GET],3.400000,0.000000,24,31,74,74,87,110,170,170,170,170,170,2133,0,27,83.83058459775523,12.495657999352261,2511.467815999822,115.0
1781461793,20,GET,/api/products [GET],10.900000,0.000000,2,2,3,3,4,5,18,36,36,36,36,5390,0,3,8.954750279962337,0.8297470003526541,497.9289789998802,120.0
1781461793,20,GET,/api/products/{id} [GET],5.500000,0.000000,2,3,4,4,7,8,10,10,10,10,10,3153,0,3,8.955350423097805,0.9569610001562978,501.92681399948924,39.0
1781461793,20,,Aggregated,19.800000,0.000000,2,4,7,13,24,36,87,110,170,170,170,10676,0,4,23.914664747099646,0.8297470003526541,2511.467815999822,95.07886849007119
1781461794,20,GET,/api/load/mixed [GET],3.700000,0.000000,21,29,36,74,87,110,170,170,170,170,170,2138,0,26,83.67476339663841,12.495657999352261,2511.467815999822,115.0
1781461794,20,GET,/api/products [GET],10.700000,0.000000,2,3,3,4,5,7,18,36,36,36,36,5401,0,3,8.94358815182336,0.8297470003526541,497.9289789998802,120.0
1781461794,20,GET,/api/products/{id} [GET],5.600000,0.000000,2,2,3,4,7,8,10,10,10,10,10,3157,0,3,8.946239305995729,0.9569610001562978,501.92681399948924,39.0
1781461794,20,,Aggregated,20.000000,0.000000,2,4,7,13,21,36,87,110,170,170,170,10696,0,4,23.882221507015608,0.8297470003526541,2511.467815999822,95.09283844427823
1781461795,20,GET,/api/load/mixed [GET],3.900000,0.000000,20,28,33,74,91,110,170,170,170,170,170,2142,0,26,83.61897674463683,12.495657999352261,2511.467815999822,115.0
1781461795,20,GET,/api/products [GET],10.800000,0.000000,2,3,3,4,5,5,8,73,73,73,73,5411,0,3,8.945285181666945,0.8297470003526541,497.9289789998802,120.0
1781461795,20,GET,/api/products/{id} [GET],5.300000,0.000000,2,2,3,4,7,7,10,10,10,10,10,3163,0,3,8.933348460015564,0.9569610001562978,501.92681399948924,39.0
1781461795,20,,Aggregated,20.000000,0.000000,2,4,5,8,19,33,91,110,170,170,170,10716,0,4,23.868138063087038,0.8297470003526541,2511.467815999822,95.09210526315789
1781461796,20,GET,/api/load/mixed [GET],3.900000,0.000000,19,28,36,74,95,110,170,170,170,170,170,2149,0,26,83.46944547557554,12.495657999352261,2511.467815999822,115.0
1781461796,20,GET,/api/products [GET],10.800000,0.000000,2,3,4,4,5,5,8,73,73,73,73,5421,0,3,8.933881943921914,0.8297470003526541,497.9289789998802,120.0
1781461796,20,GET,/api/products/{id} [GET],5.300000,0.000000,2,2,2,3,5,7,7,7,7,7,7,3166,0,3,8.926708626983281,0.9569610001562978,501.92681399948924,39.0
1781461796,20,,Aggregated,20.000000,0.000000,2,4,7,13,21,73,95,110,170,170,170,10736,0,4,23.851375918222917,0.8297470003526541,2511.467815999822,95.11261177347242
1781461797,20,GET,/api/load/mixed [GET],4.000000,0.000000,18,32,36,74,86,95,110,110,110,110,110,2155,0,26,83.351967217175,12.495657999352261,2511.467815999822,115.0
1781461797,20,GET,/api/products [GET],10.700000,0.000000,2,3,4,4,5,5,7,73,73,73,73,5431,0,3,8.921379793592328,0.8297470003526541,497.9289789998802,120.0
1781461797,20,GET,/api/products/{id} [GET],5.300000,0.000000,2,2,3,3,5,7,7,7,7,7,7,3170,0,3,8.919226587706408,0.9569610001562978,501.92681399948924,39.0
1781461797,20,,Aggregated,20.000000,0.000000,2,4,7,14,20,74,91,97,110,110,110,10756,0,4,23.83315835766465,0.8297470003526541,2511.467815999822,95.12597619933061
1781461798,20,GET,/api/load/mixed [GET],3.900000,0.000000,18,29,35,74,86,95,110,110,110,110,110,2160,0,26,83.20532500741287,12.495657999352261,2511.467815999822,115.0
1781461798,20,GET,/api/products [GET],10.800000,0.000000,2,3,4,4,5,5,8,73,73,73,73,5439,0,3,8.913688710976325,0.8297470003526541,497.9289789998802,120.0
1781461798,20,GET,/api/products/{id} [GET],5.100000,0.000000,2,2,3,4,5,7,7,7,7,7,7,3177,0,3,8.904996830037389,0.9569610001562978,501.92681399948924,39.0
1781461798,20,,Aggregated,19.800000,0.000000,3,5,13,14,24,74,91,97,110,110,110,10776,0,4,23.8025454569451,0.8297470003526541,2511.467815999822,95.11720489977728
1781461799,20,GET,/api/load/mixed [GET],4.400000,0.000000,19,30,36,74,86,95,110,110,110,110,110,2162,0,26,83.1405054255374,12.495657999352261,2511.467815999822,115.0
1781461799,20,GET,/api/products [GET],10.700000,0.000000,2,3,4,4,5,5,8,73,73,73,73,5450,0,3,8.899455552110265,0.8297470003526541,497.9289789998802,120.0
1781461799,20,GET,/api/products/{id} [GET],4.900000,0.000000,2,2,3,4,5,7,7,7,7,7,7,3185,0,3,8.888671293572779,0.9569610001562978,501.92681399948924,39.0
1781461799,20,,Aggregated,20.000000,0.000000,3,5,7,14,24,74,91,97,110,110,110,10797,0,4,23.762362096790007,0.8297470003526541,2511.467815999822,95.10465870149116
1781461800,20,GET,/api/load/mixed [GET],4.600000,0.000000,18,29,35,74,90,95,110,110,110,110,110,2168,0,26,83.01053886624135,12.495657999352261,2511.467815999822,115.0
1781461800,20,GET,/api/products [GET],10.400000,0.000000,2,3,4,4,5,7,9,73,73,73,73,5459,0,3,8.890940129144763,0.8297470003526541,497.9289789998802,120.0
1781461800,20,GET,/api/products/{id} [GET],5.000000,0.000000,2,2,3,4,4,7,10,10,10,10,10,3190,0,3,8.88039851505621,0.9569610001562978,501.92681399948924,39.0
1781461800,20,,Aggregated,20.000000,0.000000,3,5,10,14,24,73,91,97,110,110,110,10817,0,4,23.743270933719284,0.8297470003526541,2511.467815999822,95.11047425348988
1781461801,20,GET,/api/load/mixed [GET],4.600000,0.000000,19,30,35,38,86,91,97,97,97,97,97,2173,0,26,82.88454278647612,12.495657999352261,2511.467815999822,115.0
1781461801,20,GET,/api/products [GET],10.300000,0.000000,2,3,4,5,5,8,31,73,73,73,73,5467,0,3,8.88631211121285,0.8297470003526541,497.9289789998802,120.0
1781461801,20,GET,/api/products/{id} [GET],5.100000,0.000000,2,2,3,3,4,5,10,13,13,13,13,3197,0,3,8.868832766039583,0.9569610001562978,501.92681399948924,39.0
1781461801,20,,Aggregated,20.000000,0.000000,2,5,13,14,29,38,90,95,97,97,97,10837,0,4,23.719040153182753,0.8297470003526541,2511.467815999822,95.10178093568331
1781461802,20,GET,/api/load/mixed [GET],4.800000,0.000000,18,29,35,38,86,91,97,97,97,97,97,2176,0,26,82.79142208548397,12.495657999352261,2511.467815999822,115.0
1781461802,20,GET,/api/products [GET],9.900000,0.000000,2,3,4,4,5,8,31,73,73,73,73,5478,0,3,8.873822396129983,0.8297470003526541,497.9289789998802,120.0
1781461802,20,GET,/api/products/{id} [GET],5.300000,0.000000,2,2,3,3,4,5,10,13,13,13,13,3203,0,3,8.855626877935775,0.9569610001562978,501.92681399948924,39.0
1781461802,20,,Aggregated,20.000000,0.000000,2,4,13,14,23,38,90,95,97,97,97,10857,0,4,23.6832924780364,0.8297470003526541,2511.467815999822,95.10150133554389
1781461803,20,GET,/api/load/mixed [GET],4.900000,0.000000,18,29,35,38,86,91,97,97,97,97,97,2177,0,26,82.76118039780114,12.495657999352261,2511.467815999822,115.0
1781461803,20,GET,/api/products [GET],9.800000,0.000000,2,2,3,4,5,8,31,73,73,73,73,5491,0,3,8.857013888544888,0.8297470003526541,497.9289789998802,120.0
1781461803,20,GET,/api/products/{id} [GET],5.500000,0.000000,2,2,3,3,4,5,10,13,13,13,13,3209,0,3,8.842270875047536,0.9569610001562978,501.92681399948924,39.0
1781461803,20,,Aggregated,20.200000,0.000000,2,4,9,14,23,38,90,95,97,97,97,10877,0,4,23.644368872486925,0.8297470003526541,2511.467815999822,95.10214213477981
1781461804,20,GET,/api/load/mixed [GET],4.700000,0.000000,17,27,30,35,76,86,97,97,97,97,97,2183,0,26,82.5874281804921,12.495657999352261,2511.467815999822,115.0
1781461804,20,GET,/api/products [GET],9.800000,0.000000,2,2,3,4,5,8,10,31,31,31,31,5496,0,3,8.852773049490747,0.8297470003526541,497.9289789998802,120.0
1781461804,20,GET,/api/products/{id} [GET],5.500000,0.000000,2,2,3,4,4,10,10,13,13,13,13,3218,0,3,8.826541905539932,0.9569610001562978,501.92681399948924,39.0
1781461804,20,,Aggregated,20.000000,0.000000,2,4,10,14,19,34,82,90,97,97,97,10897,0,4,23.616317174455588,0.8297470003526541,2511.467815999822,95.07818665687805
1781461805,20,GET,/api/load/mixed [GET],4.500000,0.000000,17,27,34,37,82,90,97,97,97,97,97,2187,0,26,82.46472197531463,12.495657999352261,2511.467815999822,115.0
1781461805,20,GET,/api/products [GET],9.800000,0.000000,2,2,3,4,5,8,13,31,31,31,31,5505,0,3,8.844243934786816,0.8297470003526541,497.9289789998802,120.0
1781461805,20,GET,/api/products/{id} [GET],5.700000,0.000000,2,2,3,4,5,10,10,13,13,13,13,3225,0,3,8.813050493652188,0.9569610001562978,501.92681399948924,39.0
1781461805,20,,Aggregated,20.000000,0.000000,2,4,9,14,18,34,82,90,97,97,97,10917,0,4,23.58340181945978,0.8297470003526541,2511.467815999822,95.07007419620776
1781461806,20,GET,/api/load/mixed [GET],4.500000,0.000000,17,26,30,34,43,170,170,170,170,170,170,2190,0,26,82.52873378859032,12.495657999352261,2511.467815999822,115.0
1781461806,20,GET,/api/products [GET],9.500000,0.000000,2,3,4,4,8,10,31,35,35,35,35,5514,0,3,8.843534649982239,0.8297470003526541,497.9289789998802,120.0
1781461806,20,GET,/api/products/{id} [GET],6.000000,0.000000,2,3,4,4,6,10,13,13,13,13,13,3233,0,3,8.805720514082532,0.9569610001562978,501.92681399948924,39.0
1781461806,20,,Aggregated,20.000000,0.000000,2,4,10,13,17,31,43,170,170,170,170,10937,0,4,23.586913365552096,0.8297470003526541,2511.467815999822,95.0550425162293
1781461807,20,GET,/api/load/mixed [GET],4.500000,0.000000,17,29,37,40,76,170,170,170,170,170,170,2195,0,26,82.42664911754596,12.495657999352261,2511.467815999822,115.0
1781461807,20,GET,/api/products [GET],9.300000,0.000000,2,3,4,4,8,12,31,35,35,35,35,5522,0,3,8.837255450380978,0.8297470003526541,497.9289789998802,120.0
1781461807,20,GET,/api/products/{id} [GET],6.200000,0.000000,2,3,4,5,10,11,13,14,14,14,14,3240,0,3,8.79831166297197,0.9569610001562978,501.92681399948924,39.0
1781461807,20,,Aggregated,20.000000,0.000000,2,4,10,13,18,36,76,170,170,170,170,10957,0,4,23.56779676901031,0.8297470003526541,2511.467815999822,95.0465455872958
1781461808,20,GET,/api/load/mixed [GET],4.200000,0.000000,17,27,36,38,76,170,170,170,170,170,170,2198,0,26,82.33504171247202,12.495657999352261,2511.467815999822,115.0
1781461808,20,GET,/api/products [GET],9.400000,0.000000,2,3,4,5,8,12,31,35,35,35,35,5531,0,3,8.829277642741829,0.8297470003526541,497.9289789998802,120.0
1781461808,20,GET,/api/products/{id} [GET],6.500000,0.000000,2,3,4,5,10,11,13,14,14,14,14,3248,0,3,8.78300299108069,0.9569610001562978,501.92681399948924,39.0
1781461808,20,,Aggregated,20.100000,0.000000,3,5,11,14,18,36,76,170,170,170,170,10977,0,4,23.53414867824071,0.8297470003526541,2511.467815999822,95.03161155142571
1781461809,20,GET,/api/load/mixed [GET],4.000000,0.000000,17,23,29,36,43,170,170,170,170,170,170,2200,0,26,82.27218187000635,12.495657999352261,2511.467815999822,115.0
1781461809,20,GET,/api/products [GET],9.200000,0.000000,2,3,4,4,7,12,31,35,35,35,35,5539,0,3,8.819702781911086,0.8297470003526541,497.9289789998802,120.0
1781461809,20,GET,/api/products/{id} [GET],6.800000,0.000000,2,2,3,5,7,11,13,14,14,14,14,3258,0,3,8.76238539350248,0.9569610001562978,501.92681399948924,39.0
1781461809,20,,Aggregated,20.000000,0.000000,2,5,9,13,17,31,43,170,170,170,170,10997,0,4,23.497225191875078,0.8297470003526541,2511.467815999822,95.00245521505865
1781461810,20,GET,/api/load/mixed [GET],3.800000,0.000000,17,22,27,36,76,170,170,170,170,170,170,2205,0,26,82.17122730476778,12.495657999352261,2511.467815999822,115.0
1781461810,20,GET,/api/products [GET],9.200000,0.000000,2,3,4,4,8,11,13,35,35,35,35,5550,0,3,8.80952911495639,0.8297470003526541,497.9289789998802,120.0
1781461810,20,GET,/api/products/{id} [GET],7.000000,0.000000,2,2,3,4,6,11,13,14,14,14,14,3262,0,3,8.753836035876747,0.9569610001562978,501.92681399948924,39.0
1781461810,20,,Aggregated,20.000000,0.000000,2,4,9,13,17,27,76,170,170,170,170,11017,0,4,23.476033034769046,0.8297470003526541,2511.467815999822,95.01615684850685
1781461811,20,GET,/api/load/mixed [GET],3.800000,0.000000,17,26,29,40,100,170,170,170,170,170,170,2206,0,26,82.1418676432513,12.495657999352261,2511.467815999822,115.0
1781461811,20,GET,/api/products [GET],9.000000,0.000000,2,3,4,5,8,11,13,35,35,35,35,5563,0,3,8.79452195290455,0.8297470003526541,497.9289789998802,120.0
1781461811,20,GET,/api/products/{id} [GET],7.200000,0.000000,2,2,3,5,7,11,13,14,14,14,14,3268,0,3,8.743378807536518,0.9569610001562978,501.92681399948924,39.0
1781461811,20,,Aggregated,20.000000,0.000000,2,4,7,11,17,27,76,170,170,170,170,11037,0,4,23.43954404168247,0.8297470003526541,2511.467815999822,95.01694300987587
1781461812,20,GET,/api/load/mixed [GET],3.600000,0.000000,22,29,40,43,94,170,170,170,170,170,170,2212,0,26,82.0546654480164,12.495657999352261,2511.467815999822,115.0
1781461812,20,GET,/api/products [GET],9.000000,0.000000,2,3,4,5,9,11,13,35,35,35,35,5574,0,3,8.782866455688767,0.8297470003526541,497.9289789998802,120.0
1781461812,20,GET,/api/products/{id} [GET],7.200000,0.000000,2,3,4,5,7,11,13,14,14,14,14,3271,0,3,8.73677895140006,0.9569610001562978,501.92681399948924,39.0
1781461812,20,,Aggregated,19.800000,0.000000,3,5,10,13,22,38,94,170,170,170,170,11057,0,4,23.427568196169915,0.8297470003526541,2511.467815999822,95.03744234421633
1781461813,20,GET,/api/load/mixed [GET],3.400000,0.000000,22,29,40,43,94,170,170,170,170,170,170,2217,0,26,81.9139561465995,12.495657999352261,2511.467815999822,115.0
1781461813,20,GET,/api/products [GET],9.500000,0.000000,2,3,4,5,8,11,13,35,35,35,35,5582,0,3,8.773602062882143,0.8297470003526541,497.9289789998802,120.0
1781461813,20,GET,/api/products/{id} [GET],7.100000,0.000000,2,2,3,5,7,11,13,14,14,14,14,3278,0,3,8.723765423437815,0.9569610001562978,501.92681399948924,39.0
1781461813,20,,Aggregated,20.000000,0.000000,2,5,10,13,22,38,94,170,170,170,170,11077,0,4,23.397489442091544,0.8297470003526541,2511.467815999822,95.0290692425747
1781461814,20,GET,/api/load/mixed [GET],3.500000,0.000000,24,29,40,43,94,170,170,170,170,170,170,2220,0,26,81.82382394550044,12.495657999352261,2511.467815999822,115.0
1781461814,20,GET,/api/products [GET],9.600000,0.000000,2,3,4,5,8,11,13,35,35,35,35,5593,0,3,8.760083491687086,0.8297470003526541,497.9289789998802,120.0
1781461814,20,GET,/api/products/{id} [GET],6.800000,0.000000,2,2,3,5,7,11,13,14,14,14,14,3284,0,3,8.711970463468317,0.9569610001562978,501.92681399948924,39.0
1781461814,20,,Aggregated,19.900000,0.000000,2,5,8,13,22,38,94,170,170,170,170,11097,0,4,23.362543672167835,0.8297470003526541,2511.467815999822,95.02892673695594
1781461815,20,GET,/api/load/mixed [GET],3.900000,0.000000,18,26,29,38,76,100,170,170,170,170,170,2226,0,26,81.64838689398495,12.495657999352261,2511.467815999822,115.0
1781461815,20,GET,/api/products [GET],9.200000,0.000000,2,2,3,4,6,9,11,12,12,12,12,5600,0,3,8.751999442501333,0.8297470003526541,497.9289789998802,120.0
1781461815,20,GET,/api/products/{id} [GET],6.900000,0.000000,2,2,2,3,5,7,11,14,14,14,14,3291,0,3,8.69917286084212,0.9569610001562978,501.92681399948924,39.0
1781461815,20,,Aggregated,20.000000,0.000000,2,4,7,13,18,29,76,100,170,170,170,11117,0,4,23.33268723477998,0.8297470003526541,2511.467815999822,95.02014932085994
1781461816,20,GET,/api/load/mixed [GET],3.900000,0.000000,17,24,26,29,89,98,100,100,100,100,100,2231,0,26,81.57182134469346,12.495657999352261,2511.467815999822,115.0
1781461816,20,GET,/api/products [GET],9.600000,0.000000,2,2,3,4,6,7,11,69,69,69,69,5607,0,3,8.75581533743665,0.8297470003526541,497.9289789998802,120.0
1781461816,20,GET,/api/products/{id} [GET],6.500000,0.000000,2,2,2,3,4,6,8,12,12,12,12,3299,0,3,8.685514764180422,0.9569610001562978,501.92681399948924,39.0
1781461816,20,,Aggregated,20.000000,0.000000,2,4,6,13,18,29,89,98,100,100,100,11137,0,4,23.321729660056498,0.8297470003526541,2511.467815999822,95.00457933016072
1781461817,20,GET,/api/load/mixed [GET],3.600000,0.000000,17,20,26,29,89,98,100,100,100,100,100,2238,0,26,81.36233721850448,12.495657999352261,2511.467815999822,115.0
1781461817,20,GET,/api/products [GET],9.700000,0.000000,2,2,3,3,4,7,11,69,69,69,69,5614,0,3,8.748331429998043,0.8297470003526541,497.9289789998802,120.0
1781461817,20,GET,/api/products/{id} [GET],6.700000,0.000000,2,2,2,3,4,7,8,12,12,12,12,3305,0,3,8.673520059011175,0.9569610001562978,501.92681399948924,39.0
1781461817,20,,Aggregated,20.000000,0.000000,2,4,8,13,18,29,89,98,100,100,100,11157,0,4,23.291926784803582,0.8297470003526541,2511.467815999822,95.0026888948642
1781461818,20,GET,/api/load/mixed [GET],4.000000,0.000000,18,25,29,38,75,94,100,100,100,100,100,2241,0,26,81.30709027220564,12.495657999352261,2511.467815999822,115.0
1781461818,20,GET,/api/products [GET],9.200000,0.000000,2,2,3,4,5,7,11,69,69,69,69,5625,0,3,8.735675821156958,0.8297470003526541,497.9289789998802,120.0
1781461818,20,GET,/api/products/{id} [GET],6.800000,0.000000,2,2,2,3,4,7,8,12,12,12,12,3311,0,3,8.661862781948258,0.9569610001562978,501.92681399948924,39.0
1781461818,20,,Aggregated,20.000000,0.000000,2,4,10,14,20,38,89,98,100,100,100,11177,0,4,23.264453204352776,0.8297470003526541,2511.467815999822,95.00259461393934
1781461819,20,GET,/api/load/mixed [GET],4.200000,0.000000,20,28,38,43,75,94,100,100,100,100,100,2245,0,26,81.23969190735596,12.495657999352261,2511.467815999822,115.0
1781461819,20,GET,/api/products [GET],9.200000,0.000000,2,2,3,3,5,7,10,69,69,69,69,5637,0,3,8.724252261310573,0.8297470003526541,497.9289789998802,120.0
1781461819,20,GET,/api/products/{id} [GET],6.600000,0.000000,2,2,2,3,4,8,8,12,12,12,12,3315,0,3,8.65538207512211,0.9569610001562978,501.92681399948924,39.0
1781461819,20,,Aggregated,20.000000,0.000000,2,4,9,14,25,43,89,98,100,100,100,11197,0,4,23.24321781799154,0.8297470003526541,2511.467815999822,95.01652228275431
1781461820,20,GET,/api/load/mixed [GET],4.300000,0.000000,18,26,37,38,68,89,98,98,98,98,98,2249,0,26,81.1230513521626,12.495657999352261,2511.467815999822,115.0
1781461820,20,GET,/api/products [GET],9.400000,0.000000,2,2,3,4,4,8,10,69,69,69,69,5648,0,3,8.713097093485661,0.8297470003526541,497.9289789998802,120.0
1781461820,20,GET,/api/products/{id} [GET],6.300000,0.000000,2,2,2,3,4,8,8,12,12,12,12,3320,0,3,8.647063049406496,0.9569610001562978,501.92681399948924,39.0
1781461820,20,,Aggregated,20.000000,0.000000,2,4,10,14,20,38,75,94,98,98,98,11217,0,4,23.21169334038066,0.8297470003526541,2511.467815999822,95.02317910314702
1781461821,20,GET,/api/load/mixed [GET],4.600000,0.000000,17,20,29,37,68,94,98,98,98,98,98,2250,0,26,81.094116511117,12.495657999352261,2511.467815999822,115.0
1781461821,20,GET,/api/products [GET],9.600000,0.000000,2,2,3,3,4,6,10,69,69,69,69,5660,0,3,8.69888247314588,0.8297470003526541,497.9289789998802,120.0
1781461821,20,GET,/api/products/{id} [GET],5.800000,0.000000,2,2,3,3,4,8,8,12,12,12,12,3327,0,3,8.6338915344245,0.9569610001562978,501.92681399948924,39.0
1781461821,20,,Aggregated,20.000000,0.000000,2,4,8,13,18,35,69,94,98,98,98,11237,0,4,23.175437757679884,0.8297470003526541,2511.467815999822,95.0167304440687
1781461822,20,GET,/api/load/mixed [GET],4.500000,0.000000,18,21,35,38,89,94,98,98,98,98,98,2255,0,26,81.02660493215679,12.495657999352261,2511.467815999822,115.0
1781461822,20,GET,/api/products [GET],9.900000,0.000000,2,2,3,3,4,7,10,69,69,69,69,5669,0,3,8.689442128947729,0.8297470003526541,497.9289789998802,120.0
1781461822,20,GET,/api/products/{id} [GET],5.800000,0.000000,2,2,3,3,4,8,8,12,12,12,12,3333,0,3,8.621591691278308,0.9569610001562978,501.92681399948924,39.0
1781461822,20,,Aggregated,20.200000,0.000000,2,3,8,14,19,37,89,94,98,98,98,11257,0,4,23.159918864533036,0.8297470003526541,2511.467815999822,95.01572354979125
1781461823,20,GET,/api/load/mixed [GET],4.400000,0.000000,19,23,35,38,89,94,98,98,98,98,98,2257,0,26,80.97779795392697,12.495657999352261,2511.467815999822,115.0
1781461823,20,GET,/api/products [GET],9.700000,0.000000,2,3,3,4,7,10,12,69,69,69,69,5678,0,3,8.68429112610135,0.8297470003526541,497.9289789998802,120.0
1781461823,20,GET,/api/products/{id} [GET],5.900000,0.000000,2,2,3,3,6,10,10,12,12,12,12,3342,0,3,8.60797315590362,0.9569610001562978,501.92681399948924,39.0
1781461823,20,,Aggregated,20.000000,0.000000,2,4,10,13,20,37,89,94,98,98,98,11277,0,4,23.130632374128414,0.8297470003526541,2511.467815999822,94.99450208388755
1781461824,20,GET,/api/load/mixed [GET],4.400000,0.000000,19,23,35,38,89,94,98,98,98,98,98,2262,0,26,80.83399827409993,12.495657999352261,2511.467815999822,115.0
1781461824,20,GET,/api/products [GET],9.500000,0.000000,2,3,3,4,7,10,12,69,69,69,69,5685,0,3,8.67637517572625,0.8297470003526541,497.9289789998802,120.0
1781461824,20,GET,/api/products/{id} [GET],6.200000,0.000000,2,2,3,3,6,10,10,12,12,12,12,3350,0,3,8.595666748366709,0.9569610001562978,501.92681399948924,39.0
1781461824,20,,Aggregated,20.100000,0.000000,2,4,10,14,20,37,89,94,98,98,98,11297,0,4,23.100573654691136,0.8297470003526541,2511.467815999822,94.9791980171727
1781461825,20,GET,/api/load/mixed [GET],4.100000,0.000000,20,28,37,43,76,94,98,98,98,98,98,2269,0,26,80.69677298854778,12.495657999352261,2511.467815999822,115.0
1781461825,20,GET,/api/products [GET],9.700000,0.000000,2,3,3,4,7,10,12,20,20,20,20,5693,0,3,8.671474279818163,0.8297470003526541,497.9289789998802,120.0
1781461825,20,GET,/api/products/{id} [GET],6.200000,0.000000,2,2,3,4,6,9,10,10,10,10,10,3355,0,3,8.589357728771368,0.9569610001562978,501.92681399948924,39.0
1781461825,20,,Aggregated,20.000000,0.000000,2,4,10,14,21,37,76,94,98,98,98,11317,0,4,23.087830358403043,0.8297470003526541,2511.467815999822,94.98453653795175
1781461826,20,GET,/api/load/mixed [GET],4.100000,0.000000,21,29,37,43,76,93,94,94,94,94,94,2274,0,26,80.58428223351552,12.495657999352261,2511.467815999822,115.0
1781461826,20,GET,/api/products [GET],9.100000,0.000000,2,3,3,4,10,12,15,20,20,20,20,5703,0,3,8.666042321235517,0.8297470003526541,497.9289789998802,120.0
1781461826,20,GET,/api/products/{id} [GET],6.800000,0.000000,2,2,3,4,8,10,10,14,14,14,14,3360,0,3,8.58286753661527,0.9569610001562978,501.92681399948924,39.0
1781461826,20,,Aggregated,20.000000,0.000000,2,5,10,14,21,37,76,93,94,94,94,11337,0,4,23.066907654586508,0.8297470003526541,2511.467815999822,94.99073829055305
1781461827,20,GET,/api/load/mixed [GET],4.500000,0.000000,21,29,35,39,76,93,94,94,94,94,94,2278,0,26,80.49859544469462,12.495657999352261,2511.467815999822,115.0
1781461827,20,GET,/api/products [GET],9.100000,0.000000,2,3,3,4,10,12,15,20,20,20,20,5708,0,3,8.660310348108881,0.8297470003526541,497.9289789998802,120.0
1781461827,20,GET,/api/products/{id} [GET],6.300000,0.000000,2,3,3,5,8,10,12,14,14,14,14,3371,0,3,8.56721003441952,0.9569610001562978,501.92681399948924,39.0
1781461827,20,,Aggregated,19.900000,0.000000,2,5,10,14,21,35,76,93,94,94,94,11357,0,4,23.042081264070394,0.8297470003526541,2511.467815999822,94.95456546623228
1781461828,20,GET,/api/load/mixed [GET],4.400000,0.000000,17,23,34,37,76,93,94,94,94,94,94,2280,0,26,80.4399723469361,12.495657999352261,2511.467815999822,115.0
1781461828,20,GET,/api/products [GET],9.600000,0.000000,2,3,3,4,8,12,15,20,20,20,20,5721,0,3,8.646010056109926,0.8297470003526541,497.9289789998802,120.0
1781461828,20,GET,/api/products/{id} [GET],6.100000,0.000000,2,3,3,4,8,10,12,14,14,14,14,3376,0,3,8.558304076134004,0.9569610001562978,501.92681399948924,39.0
1781461828,20,,Aggregated,20.100000,0.000000,2,4,10,13,17,29,76,93,94,94,94,11377,0,4,23.007804785360555,0.8297470003526541,2511.467815999822,94.9621165509361
1781461829,20,GET,/api/load/mixed [GET],4.200000,0.000000,17,23,34,37,76,93,94,94,94,94,94,2283,0,26,80.35585511958591,12.495657999352261,2511.467815999822,115.0
1781461829,20,GET,/api/products [GET],9.400000,0.000000,2,3,4,4,7,12,15,20,20,20,20,5730,0,3,8.637391557418233,0.8297470003526541,497.9289789998802,120.0
1781461829,20,GET,/api/products/{id} [GET],6.400000,0.000000,2,3,3,4,6,10,12,14,14,14,14,3384,0,3,8.5430491885428,0.9569610001562978,501.92681399948924,39.0
1781461829,20,,Aggregated,20.000000,0.000000,2,4,10,13,17,29,76,93,94,94,94,11397,0,4,22.975726008252117,0.8297470003526541,2511.467815999822,94.9478810213214
1781461830,20,GET,/api/load/mixed [GET],3.900000,0.000000,21,34,38,72,93,100,180,180,180,180,180,2288,0,26,80.36483684091576,12.495657999352261,2511.467815999822,115.0
1781461830,20,GET,/api/products [GET],9.500000,0.000000,2,3,4,4,10,12,15,20,20,20,20,5743,0,3,8.625692641129845,0.8297470003526541,497.9289789998802,120.0
1781461830,20,GET,/api/products/{id} [GET],6.600000,0.000000,2,2,4,4,9,10,13,14,14,14,14,3387,0,3,8.540074903758304,0.9569610001562978,501.92681399948924,39.0
1781461830,20,,Aggregated,20.000000,0.000000,2,5,12,14,21,38,93,100,180,180,180,11418,0,4,22.97576924409291,0.8297470003526541,2511.467815999822,94.9704851988089
1781461831,20,GET,/api/load/mixed [GET],3.800000,0.000000,17,25,35,38,88,100,180,180,180,180,180,2293,0,26,80.22408407545375,12.495657999352261,2511.467815999822,115.0
1781461831,20,GET,/api/products [GET],9.500000,0.000000,2,3,4,4,10,12,15,20,20,20,20,5754,0,3,8.613106484707622,0.8297470003526541,497.9289789998802,120.0
1781461831,20,GET,/api/products/{id} [GET],6.700000,0.000000,2,3,4,4,9,10,13,14,14,14,14,3392,0,3,8.531486073121803,0.9569610001562978,501.92681399948924,39.0
1781461831,20,,Aggregated,20.000000,0.000000,2,5,12,14,18,35,88,100,180,180,180,11439,0,4,22.943652439728265,0.8297470003526541,2511.467815999822,94.97884430457208
1781461832,20,GET,/api/load/mixed [GET],3.800000,0.000000,16,18,34,37,76,93,180,180,180,180,180,2298,0,26,80.08097732072042,12.495657999352261,2511.467815999822,115.0
1781461832,20,GET,/api/products [GET],9.400000,0.000000,2,3,4,4,6,12,15,20,20,20,20,5764,0,3,8.603228600105233,0.8297470003526541,497.9289789998802,120.0
1781461832,20,GET,/api/products/{id} [GET],6.600000,0.000000,2,3,4,5,6,12,13,14,14,14,14,3396,0,3,8.5252315550738,0.9569610001562978,501.92681399948924,39.0
1781461832,20,,Aggregated,19.800000,0.000000,3,5,13,14,17,35,88,100,180,180,180,11458,0,4,22.915585782427303,0.8297470003526541,2511.467815999822,94.989876069122
1781461833,20,GET,/api/load/mixed [GET],4.300000,0.000000,16,18,35,38,88,100,180,180,180,180,180,2300,0,26,80.02600992435414,12.495657999352261,2511.467815999822,115.0
1781461833,20,GET,/api/products [GET],9.200000,0.000000,2,3,4,4,6,12,15,20,20,20,20,5776,0,3,8.59094476229331,0.8297470003526541,497.9289789998802,120.0
1781461833,20,GET,/api/products/{id} [GET],6.500000,0.000000,2,3,4,4,6,12,13,14,14,14,14,3403,0,3,8.512793706444459,0.9569610001562978,501.92681399948924,39.0
1781461833,20,,Aggregated,20.000000,0.000000,2,4,12,14,17,35,88,100,180,180,180,11479,0,4,22.88092662741097,0.8297470003526541,2511.467815999822,94.98536457879607
1781461834,20,GET,/api/load/mixed [GET],4.100000,0.000000,17,18,38,39,88,100,180,180,180,180,180,2304,0,26,79.9800454166727,12.495657999352261,2511.467815999822,115.0
1781461834,20,GET,/api/products [GET],9.500000,0.000000,2,3,4,4,6,12,15,15,15,15,15,5788,0,3,8.581775537146765,0.8297470003526541,497.9289789998802,120.0
1781461834,20,GET,/api/products/{id} [GET],6.400000,0.000000,2,2,4,4,5,12,13,14,14,14,14,3407,0,3,8.50530866012046,0.9569610001562978,501.92681399948924,39.0
1781461834,20,,Aggregated,20.000000,0.000000,2,4,8,13,16,37,88,100,180,180,180,11499,0,4,22.86485155700923,0.8297470003526541,2511.467815999822,94.998956430994
1781461835,20,GET,/api/load/mixed [GET],4.300000,0.000000,17,33,38,39,86,100,180,180,180,180,180,2308,0,26,79.89340894627973,12.495657999352261,2511.467815999822,115.0
1781461835,20,GET,/api/products [GET],9.600000,0.000000,2,2,4,4,5,8,13,15,15,15,15,5798,0,3,8.57114973956635,0.8297470003526541,497.9289789998802,120.0
1781461835,20,GET,/api/products/{id} [GET],6.100000,0.000000,2,3,4,4,5,10,12,13,13,13,13,3413,0,3,8.498551645188902,0.9569610001562978,501.92681399948924,39.0
1781461835,20,,Aggregated,20.000000,0.000000,2,4,6,13,17,37,86,100,180,180,180,11519,0,4,22.840096432246582,0.8297470003526541,2511.467815999822,94.99843736435454
1781461836,20,GET,/api/load/mixed [GET],4.200000,0.000000,17,18,33,38,86,100,180,180,180,180,180,2311,0,26,79.81044206923981,12.495657999352261,2511.467815999822,115.0
1781461836,20,GET,/api/products [GET],10.200000,0.000000,2,3,4,4,5,8,13,15,15,15,15,5807,0,3,8.561870518168396,0.8297470003526541,497.9289789998802,120.0
1781461836,20,GET,/api/products/{id} [GET],5.600000,0.000000,2,3,4,4,5,7,9,13,13,13,13,3421,0,3,8.485401539617,0.9569610001562978,501.92681399948924,39.0
1781461836,20,,Aggregated,20.000000,0.000000,2,4,5,12,16,28,86,100,180,180,180,11539,0,4,22.808672535579007,0.8297470003526541,2511.467815999822,94.98431406534361
1781461837,20,GET,/api/load/mixed [GET],3.900000,0.000000,17,18,33,38,86,100,180,180,180,180,180,2313,0,26,79.75405169953021,12.495657999352261,2511.467815999822,115.0
1781461837,20,GET,/api/products [GET],10.300000,0.000000,2,2,4,4,5,8,13,15,15,15,15,5818,0,3,8.549773452389992,0.8297470003526541,497.9289789998802,120.0
1781461837,20,GET,/api/products/{id} [GET],5.900000,0.000000,2,3,4,4,5,7,9,13,13,13,13,3428,0,3,8.473089645282725,0.9569610001562978,501.92681399948924,39.0
1781461837,20,,Aggregated,20.100000,0.000000,2,4,5,12,16,28,86,100,180,180,180,11559,0,4,22.775279421320782,0.8297470003526541,2511.467815999822,94.97767973008045
1781461838,20,GET,/api/load/mixed [GET],3.700000,0.000000,17,28,38,41,86,100,180,180,180,180,180,2315,0,26,79.7279828095091,12.495657999352261,2511.467815999822,115.0
1781461838,20,GET,/api/products [GET],10.200000,0.000000,2,3,4,4,5,8,13,15,15,15,15,5829,0,3,8.540542630811938,0.8297470003526541,497.9289789998802,120.0
1781461838,20,GET,/api/products/{id} [GET],6.100000,0.000000,2,3,4,4,5,9,10,13,13,13,13,3435,0,3,8.461688286762902,0.9569610001562978,501.92681399948924,39.0
1781461838,20,,Aggregated,20.000000,0.000000,2,4,5,10,16,33,86,100,180,180,180,11579,0,4,22.749719532260674,0.8297470003526541,2511.467815999822,94.97106831332584
1781461839,20,GET,/api/load/mixed [GET],3.400000,0.000000,17,24,37,38,86,120,180,180,180,180,180,2322,0,26,79.59470350689617,12.495657999352261,2511.467815999822,115.0
1781461839,20,GET,/api/products [GET],10.800000,0.000000,2,3,4,4,6,8,10,15,15,15,15,5838,0,3,8.533998042823336,0.8297470003526541,497.9289789998802,120.0
1781461839,20,GET,/api/products/{id} [GET],5.800000,0.000000,2,3,4,4,5,8,9,10,10,10,10,3439,0,3,8.455769549877777,0.9569610001562978,501.92681399948924,39.0
1781461839,20,,Aggregated,20.000000,0.000000,3,4,7,10,16,33,86,120,180,180,180,11599,0,4,22.73642327778642,0.8297470003526541,2511.467815999822,94.98327442020864
1781461840,20,GET,/api/load/mixed [GET],3.500000,0.000000,17,28,32,37,75,86,120,120,120,120,120,2326,0,26,79.49829738048726,12.495657999352261,2511.467815999822,115.0
1781461840,20,GET,/api/products [GET],11.000000,0.000000,2,3,4,4,6,8,10,15,15,15,15,5849,0,3,8.522842359720064,0.8297470003526541,497.9289789998802,120.0
1781461840,20,GET,/api/products/{id} [GET],5.500000,0.000000,2,3,4,5,5,8,9,10,10,10,10,3444,0,3,8.450633749718678,0.9569610001562978,501.92681399948924,39.0
1781461840,20,,Aggregated,20.000000,0.000000,2,4,7,10,16,31,75,86,120,120,120,11619,0,4,22.709968784150686,0.8297470003526541,2511.467815999822,94.98975815474654
1781461841,20,GET,/api/load/mixed [GET],3.700000,0.000000,17,28,32,37,75,86,120,120,120,120,120,2330,0,26,79.3856158708215,12.495657999352261,2511.467815999822,115.0
1781461841,20,GET,/api/products [GET],10.500000,0.000000,2,3,4,4,6,8,10,15,15,15,15,5862,0,3,8.509946556124788,0.8297470003526541,497.9289789998802,120.0
1781461841,20,GET,/api/products/{id} [GET],5.700000,0.000000,2,3,4,4,5,8,9,10,10,10,10,3447,0,3,8.445517124465063,0.9569610001562978,501.92681399948924,39.0
1781461841,20,,Aggregated,19.900000,0.000000,3,4,7,10,16,31,75,86,120,120,120,11639,0,4,22.67939592912178,0.8297470003526541,2511.467815999822,95.01013832803505
1781461842,20,GET,/api/load/mixed [GET],3.900000,0.000000,17,31,33,38,81,96,120,120,120,120,120,2335,0,26,79.29465822141944,12.495657999352261,2511.467815999822,115.0
1781461842,20,GET,/api/products [GET],10.600000,0.000000,2,3,4,4,8,10,14,15,15,15,15,5873,0,3,8.501431858675861,0.8297470003526541,497.9289789998802,120.0
1781461842,20,GET,/api/products/{id} [GET],5.700000,0.000000,2,3,4,5,7,8,10,10,10,10,10,3451,0,3,8.43892922342287,0.9569610001562978,501.92681399948924,39.0
1781461842,20,,Aggregated,20.200000,0.000000,2,5,8,13,17,32,81,96,120,120,120,11659,0,4,22.661007033454833,0.8297470003526541,2511.467815999822,95.02307230465735
1781461843,20,GET,/api/load/mixed [GET],3.500000,0.000000,17,31,33,38,88,96,120,120,120,120,120,2341,0,26,79.21722907775126,12.495657999352261,2511.467815999822,115.0
1781461843,20,GET,/api/products [GET],10.900000,0.000000,2,2,4,4,8,13,16,16,16,16,16,5883,0,3,8.498919291178344,0.8297470003526541,497.9289789998802,120.0
1781461843,20,GET,/api/products/{id} [GET],5.600000,0.000000,2,3,4,5,7,8,10,10,10,10,10,3455,0,3,8.431259108837276,0.9569610001562978,501.92681399948924,39.0
1781461843,20,,Aggregated,20.000000,0.000000,2,5,10,14,17,33,88,96,120,120,120,11679,0,4,22.65405220327516,0.8297470003526541,2511.467815999822,95.0355338642007
1781461844,20,GET,/api/load/mixed [GET],3.600000,0.000000,18,32,49,79,91,120,190,190,190,190,190,2349,0,26,79.23882941763077,12.495657999352261,2511.467815999822,115.0
1781461844,20,GET,/api/products [GET],10.700000,0.000000,2,3,4,5,9,13,16,16,16,16,16,5890,0,3,8.49360464923627,0.8297470003526541,497.9289789998802,120.0
1781461844,20,GET,/api/products/{id} [GET],5.500000,0.000000,2,3,4,4,7,10,14,14,14,14,14,3460,0,3,8.428323005789862,0.9569610001562978,501.92681399948924,39.0
1781461844,20,,Aggregated,19.800000,0.000000,3,5,13,14,25,75,96,170,190,190,190,11699,0,4,22.678975919826403,0.8297470003526541,2511.467815999822,95.0401743738781
1781461845,20,GET,/api/load/mixed [GET],3.800000,0.000000,25,33,49,81,91,120,190,190,190,190,190,2355,0,26,79.12887378684285,12.495657999352261,2511.467815999822,115.0
1781461845,20,GET,/api/products [GET],10.800000,0.000000,2,3,4,4,9,13,16,16,16,16,16,5899,0,3,8.484288053568935,0.8297470003526541,497.9289789998802,120.0
1781461845,20,GET,/api/products/{id} [GET],5.300000,0.000000,2,3,3,4,7,10,14,14,14,14,14,3465,0,3,8.419265475911331,0.9569610001562978,501.92681399948924,39.0
1781461845,20,,Aggregated,19.900000,0.000000,3,7,14,15,31,79,96,170,190,190,190,11719,0,4,22.661495679669823,0.8297470003526541,2511.467815999822,95.04565235941634
1781461846,20,GET,/api/load/mixed [GET],4.300000,0.000000,25,33,49,79,91,120,190,190,190,190,190,2359,0,26,79.02802748241437,12.495657999352261,2511.467815999822,115.0
1781461846,20,GET,/api/products [GET],10.300000,0.000000,2,2,4,4,9,13,16,16,16,16,16,5909,0,3,8.472946719411889,0.8297470003526541,497.9289789998802,120.0
1781461846,20,GET,/api/products/{id} [GET],5.200000,0.000000,2,3,4,5,8,10,14,14,14,14,14,3471,0,3,8.410242329021068,0.9569610001562978,501.92681399948924,39.0
1781461846,20,,Aggregated,19.800000,0.000000,3,8,14,16,31,79,96,170,190,190,190,11739,0,4,22.632737892499556,0.8297470003526541,2511.467815999822,95.04506346366811
1781461847,20,GET,/api/load/mixed [GET],4.600000,0.000000,25,32,43,79,91,120,190,190,190,190,190,2361,0,26,78.97250233757552,12.495657999352261,2511.467815999822,115.0
1781461847,20,GET,/api/products [GET],10.300000,0.000000,2,2,3,4,8,13,16,16,16,16,16,5919,0,3,8.462597841021152,0.8297470003526541,497.9289789998802,120.0
1781461847,20,GET,/api/products/{id} [GET],5.100000,0.000000,2,3,4,4,7,8,14,14,14,14,14,3479,0,3,8.396323013806226,0.9569610001562978,501.92681399948924,39.0
1781461847,20,,Aggregated,20.000000,0.000000,2,6,14,15,28,79,96,170,190,190,190,11759,0,4,22.6001362705206,0.8297470003526541,2511.467815999822,95.03155030189642
1781461848,20,GET,/api/load/mixed [GET],4.800000,0.000000,22,31,43,81,91,120,190,190,190,190,190,2365,0,26,78.86609326554552,12.495657999352261,2511.467815999822,115.0
1781461848,20,GET,/api/products [GET],10.200000,0.000000,2,2,3,3,5,13,16,16,16,16,16,5929,0,3,8.452740206443707,0.8297470003526541,497.9289789998802,120.0
1781461848,20,GET,/api/products/{id} [GET],5.000000,0.000000,2,3,4,4,5,8,14,14,14,14,14,3485,0,3,8.385915301300198,0.9569610001562978,501.92681399948924,39.0
1781461848,20,,Aggregated,20.000000,0.000000,2,5,14,15,25,79,96,170,190,190,190,11779,0,4,22.570636054168514,0.8297470003526541,2511.467815999822,95.0309873503693
1781461849,20,GET,/api/load/mixed [GET],4.800000,0.000000,19,26,43,79,89,96,190,190,190,190,190,2368,0,25,78.78883251183056,12.495657999352261,2511.467815999822,115.0
1781461849,20,GET,/api/products [GET],10.000000,0.000000,2,2,3,4,5,13,16,16,16,16,16,5940,0,3,8.44123175168408,0.8297470003526541,497.9289789998802,120.0
1781461849,20,GET,/api/products/{id} [GET],5.200000,0.000000,2,3,3,4,7,8,14,14,14,14,14,3491,0,3,8.37913321799737,0.9569610001562978,501.92681399948924,39.0
1781461849,20,,Aggregated,20.000000,0.000000,2,4,13,14,24,49,91,170,190,190,190,11799,0,4,22.541268417412226,0.8297470003526541,2511.467815999822,95.03085007204001
1781461850,20,GET,/api/load/mixed [GET],4.800000,0.000000,19,25,39,79,89,96,190,190,190,190,190,2373,0,25,78.65545480110221,12.495657999352261,2511.467815999822,115.0
1781461850,20,GET,/api/products [GET],10.000000,0.000000,2,2,3,4,6,13,16,16,16,16,16,5951,0,3,8.431217324484086,0.8297470003526541,497.9289789998802,120.0
1781461850,20,GET,/api/products/{id} [GET],5.200000,0.000000,2,3,3,4,7,8,14,14,14,14,14,3495,0,3,8.372994591424785,0.9569610001562978,501.92681399948924,39.0
1781461850,20,,Aggregated,20.000000,0.000000,2,5,14,15,24,49,91,170,190,190,190,11819,0,4,22.51351084169978,0.8297470003526541,2511.467815999822,95.04357390642187
1781461851,20,GET,/api/load/mixed [GET],4.700000,0.000000,19,25,43,79,89,96,190,190,190,190,190,2377,0,25,78.57414937400674,12.495657999352261,2511.467815999822,115.0
1781461851,20,GET,/api/products [GET],10.200000,0.000000,2,2,3,4,6,11,16,16,16,16,16,5958,0,3,8.425267458376236,0.8297470003526541,497.9289789998802,120.0
1781461851,20,GET,/api/products/{id} [GET],5.200000,0.000000,2,3,3,4,7,8,13,14,14,14,14,3504,0,3,8.358595559084185,0.9569610001562978,501.92681399948924,39.0
1781461851,20,,Aggregated,20.100000,0.000000,2,5,13,14,22,73,91,170,190,190,190,11839,0,4,22.48982307779798,0.8297470003526541,2511.467815999822,95.02246811386097
1781461852,20,GET,/api/load/mixed [GET],4.700000,0.000000,17,22,25,39,81,89,190,190,190,190,190,2385,0,25,78.36745710273085,12.495657999352261,2511.467815999822,115.0
1781461852,20,GET,/api/products [GET],10.100000,0.000000,2,2,3,4,5,6,11,12,12,12,12,5965,0,3,8.420977181727737,0.8297470003526541,497.9289789998802,120.0
1781461852,20,GET,/api/products/{id} [GET],5.200000,0.000000,2,3,4,4,8,10,13,14,14,14,14,3509,0,3,8.353654355665824,0.9569610001562978,501.92681399948924,39.0
1781461852,20,,Aggregated,20.000000,0.000000,3,6,13,14,21,39,89,170,190,190,190,11859,0,4,22.468208720216722,0.8297470003526541,2511.467815999822,95.0270680495826
1781461853,20,GET,/api/load/mixed [GET],4.700000,0.000000,16,21,22,24,39,89,190,190,190,190,190,2387,0,25,78.31499451320215,12.495657999352261,2511.467815999822,115.0
1781461853,20,GET,/api/products [GET],9.800000,0.000000,2,2,3,4,5,6,8,12,12,12,12,5975,0,3,8.411242763013204,0.8297470003526541,497.9289789998802,120.0
1781461853,20,GET,/api/products/{id} [GET],5.500000,0.000000,2,3,4,4,7,8,8,10,10,10,10,3517,0,3,8.34149648621859,0.9569610001562978,501.92681399948924,39.0
1781461853,20,,Aggregated,20.000000,0.000000,2,4,8,13,17,24,73,170,190,190,190,11879,0,4,22.437251498783404,0.8297470003526541,2511.467815999822,95.01372169374527
1781461854,20,GET,/api/load/mixed [GET],5.100000,0.000000,16,17,21,21,24,26,73,73,73,73,73,2392,0,25,78.18664316597598,12.495657999352261,2511.467815999822,115.0
1781461854,20,GET,/api/products [GET],9.300000,0.000000,2,2,4,4,5,6,8,12,12,12,12,5983,0,3,8.404122101788868,0.8297470003526541,497.9289789998802,120.0
1781461854,20,GET,/api/products/{id} [GET],5.800000,0.000000,2,3,4,5,7,8,8,10,10,10,10,3523,0,3,8.332501347439887,0.9569610001562978,501.92681399948924,39.0
1781461854,20,,Aggregated,20.200000,0.000000,3,5,8,13,16,21,24,26,73,73,73,11898,0,4,22.41214617877357,0.8297470003526541,2511.467815999822,95.01067406286771
1781461855,20,GET,/api/load/mixed [GET],4.800000,0.000000,16,19,21,24,82,87,90,90,90,90,90,2398,0,25,78.1967783436256,12.495657999352261,2511.467815999822,115.0
1781461855,20,GET,/api/products [GET],9.000000,0.000000,2,3,4,4,6,6,8,12,12,12,12,5993,0,3,8.395903150342502,0.8297470003526541,497.9289789998802,120.0
1781461855,20,GET,/api/products/{id} [GET],6.300000,0.000000,2,3,4,5,7,8,10,10,10,10,10,3528,0,3,8.32655397223097,0.9569610001562978,501.92681399948924,39.0
1781461855,20,,Aggregated,20.100000,0.000000,3,5,8,14,16,21,82,87,90,90,90,11919,0,4,22.418709997654812,0.8297470003526541,2511.467815999822,95.01820622535448
1781461856,20,GET,/api/load/mixed [GET],4.400000,0.000000,16,19,21,24,82,87,90,90,90,90,90,2400,0,25,78.14331907542258,12.495657999352261,2511.467815999822,115.0
1781461856,20,GET,/api/products [GET],9.400000,0.000000,2,3,4,4,5,6,8,12,12,12,12,6007,0,3,8.381412908274209,0.8297470003526541,497.9289789998802,120.0
1781461856,20,GET,/api/products/{id} [GET],6.400000,0.000000,2,3,4,5,7,8,10,10,10,10,10,3532,0,3,8.319767633077824,0.9569610001562978,501.92681399948924,39.0
1781461856,20,,Aggregated,20.200000,0.000000,3,5,8,14,16,21,82,87,90,90,90,11939,0,4,22.386844157889964,0.8297470003526541,2511.467815999822,95.03207973867158
1781461857,20,GET,/api/load/mixed [GET],4.500000,0.000000,16,21,23,73,83,87,95,95,95,95,95,2405,0,25,78.07617119501651,12.495657999352261,2511.467815999822,115.0
1781461857,20,GET,/api/products [GET],9.200000,0.000000,2,3,4,4,6,7,8,12,12,12,12,6017,0,3,8.373099557753495,0.8297470003526541,497.9289789998802,120.0
1781461857,20,GET,/api/products/{id} [GET],6.300000,0.000000,2,3,5,6,7,8,10,10,10,10,10,3537,0,3,8.312770386777403,0.9569610001562978,501.92681399948924,39.0
1781461857,20,,Aggregated,20.000000,0.000000,3,6,8,14,17,24,84,90,95,95,95,11959,0,4,22.37280714282542,0.8297470003526541,2511.467815999822,95.0378794213563
1781461858,20,GET,/api/load/mixed [GET],4.200000,0.000000,17,21,29,74,84,90,95,95,95,95,95,2411,0,25,77.96036330236981,12.495657999352261,2511.467815999822,115.0
1781461858,20,GET,/api/products [GET],9.600000,0.000000,2,4,4,5,6,7,8,12,12,12,12,6025,0,3,8.366015134440103,0.8297470003526541,497.9289789998802,120.0
1781461858,20,GET,/api/products/{id} [GET],6.200000,0.000000,2,4,5,6,7,10,10,12,12,12,12,3543,0,3,8.308684079602573,0.9569610001562978,501.92681399948924,39.0
1781461858,20,,Aggregated,20.000000,0.000000,4,6,10,14,17,73,87,90,95,95,95,11979,0,4,22.3562354788419,0.8297470003526541,2511.467815999822,95.03648050755488
1781461859,20,GET,/api/load/mixed [GET],4.200000,0.000000,17,21,29,74,84,90,95,95,95,95,95,2416,0,25,77.83138782285337,12.495657999352261,2511.467815999822,115.0
1781461859,20,GET,/api/products [GET],9.900000,0.000000,2,4,4,5,6,7,8,12,12,12,12,6034,0,3,8.35868928869752,0.8297470003526541,497.9289789998802,120.0
1781461859,20,GET,/api/products/{id} [GET],5.700000,0.000000,2,4,5,6,7,10,10,12,12,12,12,3549,0,3,8.29905083827333,0.9569610001562978,501.92681399948924,39.0
1781461859,20,,Aggregated,19.800000,0.000000,4,6,10,14,18,73,87,90,95,95,95,11999,0,4,22.32938541320499,0.8297470003526541,2511.467815999822,95.03550295857988
1781461860,20,GET,/api/load/mixed [GET],4.700000,0.000000,17,21,24,74,84,90,95,95,95,95,95,2417,0,25,77.80497970004717,12.495657999352261,2511.467815999822,115.0
1781461860,20,GET,/api/products [GET],9.400000,0.000000,2,3,4,5,6,6,8,12,12,12,12,6042,0,3,8.350548642998845,0.8297470003526541,497.9289789998802,120.0
1781461860,20,GET,/api/products/{id} [GET],5.900000,0.000000,2,5,6,6,8,10,10,12,12,12,12,3560,0,3,8.286251257312655,0.9569610001562978,501.92681399948924,39.0
1781461860,20,,Aggregated,20.000000,0.000000,4,6,8,14,17,29,87,90,95,95,95,12019,0,4,22.298669216411195,0.8297470003526541,2511.467815999822,95.00249604792413
1781461861,20,GET,/api/load/mixed [GET],4.600000,0.000000,17,21,29,77,87,90,95,95,95,95,95,2421,0,25,77.70302687072049,12.495657999352261,2511.467815999822,115.0
1781461861,20,GET,/api/products [GET],9.600000,0.000000,2,3,4,5,5,7,10,10,10,10,10,6056,0,3,8.339389783685235,0.8297470003526541,497.9289789998802,120.0
1781461861,20,GET,/api/products/{id} [GET],5.800000,0.000000,2,5,5,6,6,8,10,12,12,12,12,3562,0,3,8.282586843917409,0.9569610001562978,501.92681399948924,39.0
1781461861,20,,Aggregated,20.000000,0.000000,3,5,8,14,17,29,87,90,95,95,95,12039,0,4,22.27136364499095,0.8297470003526541,2511.467815999822,95.0289060553202
1781461862,20,GET,/api/load/mixed [GET],4.500000,0.000000,17,23,33,77,87,90,95,95,95,95,95,2426,0,25,77.5860212135264,12.495657999352261,2511.467815999822,115.0
1781461862,20,GET,/api/products [GET],9.200000,0.000000,2,3,5,5,7,8,10,21,21,21,21,6065,0,3,8.337342277328746,0.8297470003526541,497.9289789998802,120.0
1781461862,20,GET,/api/products/{id} [GET],6.300000,0.000000,2,5,6,6,6,8,10,12,12,12,12,3568,0,3,8.272983441994326,0.9569610001562978,501.92681399948924,39.0
1781461862,20,,Aggregated,20.000000,0.000000,3,6,8,14,18,33,87,90,95,95,95,12059,0,4,22.249579011282016,0.8297470003526541,2511.467815999822,95.02794593249855
1781461863,20,GET,/api/load/mixed [GET],4.300000,0.000000,17,23,33,77,87,90,95,95,95,95,95,2427,0,25,77.55949324846091,12.495657999352261,2511.467815999822,115.0
1781461863,20,GET,/api/products [GET],9.700000,0.000000,2,3,4,5,7,8,10,21,21,21,21,6075,0,3,8.326552201151909,0.8297470003526541,497.9289789998802,120.0
1781461863,20,GET,/api/products/{id} [GET],6.000000,0.000000,2,3,5,6,6,8,10,12,12,12,12,3577,0,3,8.257816282369218,0.9569610001562978,501.92681399948924,39.0
1781461863,20,,Aggregated,20.000000,0.000000,3,6,8,14,18,33,87,90,95,95,95,12079,0,4,22.216980178661103,0.8297470003526541,2511.467815999822,95.00852719595993
1781461864,20,GET,/api/load/mixed [GET],4.100000,0.000000,16,19,23,29,83,90,95,95,95,95,95,2430,0,25,77.51184992264034,12.495657999352261,2511.467815999822,115.0
1781461864,20,GET,/api/products [GET],10.100000,0.000000,2,3,5,5,7,10,10,21,21,21,21,6087,0,3,8.319135923114322,0.8297470003526541,497.9289789998802,120.0
1781461864,20,GET,/api/products/{id} [GET],5.800000,0.000000,2,4,6,6,6,8,12,69,69,69,69,3582,0,3,8.269803805705372,0.9569610001562978,501.92681399948924,39.0
1781461864,20,,Aggregated,20.000000,0.000000,3,5,7,10,14,21,83,90,95,95,95,12099,0,4,22.201406141668723,0.8297470003526541,2511.467815999822,95.01512521696007
1781461865,20,GET,/api/load/mixed [GET],4.000000,0.000000,16,19,23,29,83,90,95,95,95,95,95,2432,0,25,77.46097929934864,12.495657999352261,2511.467815999822,115.0
1781461865,20,GET,/api/products [GET],10.100000,0.000000,2,3,5,5,7,10,10,21,21,21,21,6101,0,3,8.304625927224656,0.8297470003526541,497.9289789998802,120.0
1781461865,20,GET,/api/products/{id} [GET],5.900000,0.000000,2,4,6,6,6,8,12,69,69,69,69,3587,0,3,8.26118236466037,0.9569610001562978,501.92681399948924,39.0
1781461865,20,,Aggregated,20.000000,0.000000,3,5,7,10,16,21,83,90,95,95,95,12120,0,4,22.168686929047077,0.8297470003526541,2511.467815999822,95.02417491749175
1781461866,20,GET,/api/load/mixed [GET],3.900000,0.000000,16,19,21,29,83,90,95,95,95,95,95,2433,0,25,77.43674569380036,12.495657999352261,2511.467815999822,115.0
1781461866,20,GET,/api/products [GET],10.100000,0.000000,2,3,5,5,7,10,10,21,21,21,21,6113,0,3,8.29347610174987,0.8297470003526541,497.9289789998802,120.0
1781461866,20,GET,/api/products/{id} [GET],6.000000,0.000000,2,3,5,6,8,8,12,69,69,69,69,3594,0,3,8.251529300789043,0.9569610001562978,501.92681399948924,39.0
1781461866,20,,Aggregated,20.000000,0.000000,3,5,7,10,16,21,83,90,95,95,95,12140,0,4,22.13818929077837,0.8297470003526541,2511.467815999822,95.01820428336079
1781461867,20,GET,/api/load/mixed [GET],3.400000,0.000000,16,17,19,19,30,33,89,89,89,89,89,2434,0,25,77.41468577157629,12.495657999352261,2511.467815999822,115.0
1781461867,20,GET,/api/products [GET],10.800000,0.000000,2,3,4,5,7,8,10,10,21,21,21,6125,0,3,8.282707165387235,0.8297470003526541,497.9289789998802,120.0
1781461867,20,GET,/api/products/{id} [GET],5.800000,0.000000,2,3,4,6,7,8,8,69,69,69,69,3601,0,3,8.241245741748417,0.9569610001562978,501.92681399948924,39.0
1781461867,20,,Aggregated,20.000000,0.000000,2,4,6,7,14,18,30,69,89,89,89,12160,0,4,22.108195104609358,0.8297470003526541,2511.467815999822,95.01225328947369
1781461868,20,GET,/api/load/mixed [GET],3.300000,0.000000,16,19,22,24,33,77,89,89,89,89,89,2437,0,25,77.36524771564096,12.495657999352261,2511.467815999822,115.0
1781461868,20,GET,/api/products [GET],10.700000,0.000000,2,3,4,5,7,10,21,76,77,77,77,6138,0,3,8.29662269175574,0.8297470003526541,497.9289789998802,120.0
1781461868,20,GET,/api/products/{id} [GET],6.000000,0.000000,2,3,4,6,8,8,69,73,73,73,73,3605,0,3,8.253957235516866,0.9569610001562978,501.92681399948924,39.0
1781461868,20,,Aggregated,20.000000,0.000000,2,4,7,8,15,22,76,77,89,89,89,12180,0,4,22.10339036117015,0.8297470003526541,2511.467815999822,95.02545155993433
1781461869,20,GET,/api/load/mixed [GET],3.200000,0.000000,16,19,22,24,33,77,89,89,89,89,89,2438,0,25,77.34069881912104,12.495657999352261,2511.467815999822,115.0
1781461869,20,GET,/api/products [GET],10.700000,0.000000,2,3,4,5,7,10,21,76,77,77,77,6152,0,3,8.282504472365888,0.8297470003526541,497.9289789998802,120.0
1781461869,20,GET,/api/products/{id} [GET],6.300000,0.000000,2,2,3,3,7,8,69,73,73,73,73,3610,0,3,8.245088899179299,0.9569610001562978,501.92681399948924,39.0
1781461869,20,,Aggregated,20.200000,0.000000,2,3,6,7,15,22,76,77,89,89,89,12200,0,4,22.071750996807356,0.8297470003526541,2511.467815999822,95.0327868852459
1781461870,20,GET,/api/load/mixed [GET],2.600000,0.000000,16,17,22,22,33,77,89,89,89,89,89,2445,0,25,77.16465677751194,12.495657999352261,2511.467815999822,115.0
1781461870,20,GET,/api/products [GET],11.300000,0.000000,2,3,4,6,7,10,21,76,77,77,77,6162,0,3,8.275672208048528,0.8297470003526541,497.9289789998802,120.0
1781461870,20,GET,/api/products/{id} [GET],6.100000,0.000000,2,2,3,3,7,8,69,73,73,73,73,3613,0,3,8.239989946591914,0.9569610001562978,501.92681399948924,39.0
1781461870,20,,Aggregated,20.000000,0.000000,2,4,7,8,16,22,76,77,89,89,89,12220,0,4,22.04855659934931,0.8297470003526541,2511.467815999822,95.05090016366613
1781461871,20,GET,/api/load/mixed [GET],2.500000,0.000000,16,19,22,27,77,85,89,89,89,89,89,2449,0,25,77.10315180441614,12.495657999352261,2511.467815999822,115.0
1781461871,20,GET,/api/products [GET],11.500000,0.000000,2,3,4,5,6,7,18,76,77,77,77,6170,0,3,8.269752627065783,0.8297470003526541,497.9289789998802,120.0
1781461871,20,GET,/api/products/{id} [GET],6.000000,0.000000,2,2,3,3,7,12,69,73,73,73,73,3621,0,3,8.23005238332972,0.9569610001562978,501.92681399948924,39.0
1781461871,20,,Aggregated,20.000000,0.000000,2,3,6,7,16,24,77,85,89,89,89,12240,0,4,22.030311450820932,0.8297470003526541,2511.467815999822,95.03709150326797
1781461872,20,GET,/api/load/mixed [GET],2.600000,0.000000,17,22,24,28,77,85,89,89,89,89,89,2455,0,25,76.96807142037285,12.495657999352261,2511.467815999822,115.0
1781461872,20,GET,/api/products [GET],12.000000,0.000000,2,3,4,5,7,10,18,76,77,77,77,6180,0,3,8.262450707766117,0.8297470003526541,497.9289789998802,120.0
1781461872,20,GET,/api/products/{id} [GET],5.400000,0.000000,2,2,3,4,8,12,73,73,73,73,73,3625,0,3,8.223577564423662,0.9569610001562978,501.92681399948924,39.0
1781461872,20,,Aggregated,20.000000,0.000000,2,4,7,10,17,28,77,85,89,89,89,12260,0,4,22.008893098046173,0.8297470003526541,2511.467815999822,95.0489396411093
1781461873,20,GET,/api/load/mixed [GET],3.000000,0.000000,17,22,24,27,34,77,85,85,85,85,85,2459,0,25,76.87441201098615,12.495657999352261,2511.467815999822,115.0
1781461873,20,GET,/api/products [GET],11.400000,0.000000,2,2,3,4,6,9,18,76,77,77,77,6191,0,3,8.252264335001543,0.8297470003526541,497.9289789998802,120.0
1781461873,20,GET,/api/products/{id} [GET],5.600000,0.000000,2,2,3,3,8,10,73,73,73,73,73,3630,0,3,8.217746861992957,0.9569610001562978,501.92681399948924,39.0
1781461873,20,,Aggregated,20.000000,0.000000,2,3,6,10,17,27,76,77,85,85,85,12280,0,4,21.983254783554102,0.8297470003526541,2511.467815999822,95.05496742671009
1781461874,20,GET,/api/load/mixed [GET],2.900000,0.000000,22,28,36,77,88,110,180,180,180,180,180,2467,0,25,76.89766323632537,12.495657999352261,2511.467815999822,115.0
1781461874,20,GET,/api/products [GET],11.300000,0.000000,2,3,4,5,9,13,77,84,88,88,88,6199,0,3,8.273853010807434,0.8297470003526541,497.9289789998802,120.0
1781461874,20,GET,/api/products/{id} [GET],5.800000,0.000000,2,2,3,3,8,10,73,73,73,73,73,3634,0,3,8.210295573207366,0.9569610001562978,501.92681399948924,39.0
1781461874,20,,Aggregated,20.000000,0.000000,2,5,10,14,27,77,88,110,180,180,180,12300,0,4,22.01889139276796,0.8297470003526541,2511.467815999822,95.06593495934959
1781461875,20,GET,/api/load/mixed [GET],3.200000,0.000000,22,27,36,52,88,110,180,180,180,180,180,2469,0,25,76.84912333495951,12.495657999352261,2511.467815999822,115.0
1781461875,20,GET,/api/products [GET],11.400000,0.000000,2,3,3,5,9,13,77,84,88,88,88,6211,0,3,8.26263135984465,0.8297470003526541,497.9289789998802,120.0
1781461875,20,GET,/api/products/{id} [GET],5.400000,0.000000,2,2,2,3,7,10,73,73,73,73,73,3641,0,3,8.19917054930949,0.9569610001562978,501.92681399948924,39.0
1781461875,20,,Aggregated,20.000000,0.000000,2,5,11,14,27,77,88,110,180,180,180,12321,0,4,21.987896182131838,0.8297470003526541,2511.467815999822,95.06160214268323
1781461876,20,GET,/api/load/mixed [GET],3.400000,0.000000,22,28,34,52,88,110,180,180,180,180,180,2473,0,25,76.76507499394044,12.495657999352261,2511.467815999822,115.0
1781461876,20,GET,/api/products [GET],11.200000,0.000000,2,3,4,5,10,18,84,88,88,88,88,6221,0,2,8.255251818517088,0.8297470003526541,497.9289789998802,120.0
1781461876,20,GET,/api/products/{id} [GET],4.900000,0.000000,2,2,3,4,7,10,73,73,73,73,73,3647,0,3,8.19165036003119,0.9559909995005,501.92681399948924,39.0
1781461876,20,,Aggregated,19.500000,0.000000,2,6,12,14,28,77,88,110,180,180,180,12341,0,4,21.96506773244013,0.8297470003526541,2511.467815999822,95.06101612511142
1781461877,20,GET,/api/load/mixed [GET],3.700000,0.000000,23,30,36,84,100,110,180,180,180,180,180,2478,0,25,76.74554345844051,12.495657999352261,2511.467815999822,115.0
1781461877,20,GET,/api/products [GET],11.000000,0.000000,2,3,4,4,9,11,84,88,88,88,88,6231,0,2,8.247192735033591,0.8297470003526541,497.9289789998802,120.0
1781461877,20,GET,/api/products/{id} [GET],5.300000,0.000000,2,2,3,5,8,9,12,12,12,12,12,3652,0,3,8.18639138472997,0.9559909995005,501.92681399948924,39.0
1781461877,20,,Aggregated,20.000000,0.000000,2,6,11,14,28,84,100,110,180,180,180,12361,0,4,21.961040041990444,0.8297470003526541,2511.467815999822,95.06658037375617
1781461878,20,GET,/api/load/mixed [GET],3.900000,0.000000,23,30,36,84,100,110,180,180,180,180,180,2482,0,25,76.6561270128988,12.495657999352261,2511.467815999822,115.0
1781461878,20,GET,/api/products [GET],10.900000,0.000000,2,3,4,6,9,11,84,88,88,88,88,6241,0,2,8.240510780322948,0.8297470003526541,497.9289789998802,120.0
1781461878,20,GET,/api/products/{id} [GET],5.200000,0.000000,2,2,3,5,8,9,12,12,12,12,12,3658,0,3,8.175779060971458,0.9559909995005,501.92681399948924,39.0
1781461878,20,,Aggregated,20.000000,0.000000,3,7,13,14,29,84,100,110,180,180,180,12381,0,4,21.936558826511938,0.8297470003526541,2511.467815999822,95.06598820773766
1781461879,20,GET,/api/load/mixed [GET],4.200000,0.000000,27,34,52,85,100,110,180,180,180,180,180,2484,0,25,76.64615891103678,12.495657999352261,2511.467815999822,115.0
1781461879,20,GET,/api/products [GET],10.400000,0.000000,2,3,4,6,10,11,84,88,88,88,88,6248,0,2,8.236346032009484,0.8297470003526541,497.9289789998802,120.0
1781461879,20,GET,/api/products/{id} [GET],5.200000,0.000000,2,2,4,5,8,9,10,12,12,12,12,3669,0,3,8.162516887443942,0.9559909995005,501.92681399948924,39.0
1781461879,20,,Aggregated,19.800000,0.000000,2,7,11,14,30,85,100,110,180,180,180,12401,0,4,21.917427885093367,0.8297470003526541,2511.467815999822,95.03354568179985
1781461880,20,GET,/api/load/mixed [GET],4.500000,0.000000,27,34,52,86,100,110,180,180,180,180,180,2486,0,25,76.59772695897652,12.495657999352261,2511.467815999822,115.0
1781461880,20,GET,/api/products [GET],10.300000,0.000000,2,3,4,5,9,11,84,88,88,88,88,6260,0,2,8.22483885367343,0.8297470003526541,497.9289789998802,120.0
1781461880,20,GET,/api/products/{id} [GET],5.200000,0.000000,2,2,3,5,7,9,9,10,10,10,10,3675,0,3,8.152659021505402,0.9559909995005,501.92681399948924,39.0
1781461880,20,,Aggregated,20.000000,0.000000,2,5,10,14,29,84,100,110,180,180,180,12421,0,4,21.887968951617758,0.8297470003526541,2511.467815999822,95.03381370260044
1781461881,20,GET,/api/load/mixed [GET],4.600000,0.000000,27,36,84,88,110,110,180,180,180,180,180,2492,0,25,76.53055568580122,12.495657999352261,2511.467815999822,115.0
1781461881,20,GET,/api/products [GET],9.700000,0.000000,2,3,4,5,9,11,84,88,88,88,88,6266,0,2,8.220051634056286,0.8297470003526541,497.9289789998802,120.0
1781461881,20,GET,/api/products/{id} [GET],5.700000,0.000000,2,2,4,5,8,9,10,12,12,12,12,3683,0,3,8.141907990234053,0.9559909995005,501.92681399948924,39.0
1781461881,20,,Aggregated,20.000000,0.000000,2,5,10,14,33,86,110,110,180,180,180,12441,0,4,21.8798838868295,0.8297470003526541,2511.467815999822,95.01945181255526
1781461882,20,GET,/api/load/mixed [GET],4.200000,0.000000,29,36,84,88,110,110,180,180,180,180,180,2495,0,25,76.45940765812306,12.495657999352261,2511.467815999822,115.0
1781461882,20,GET,/api/products [GET],9.600000,0.000000,2,3,4,5,8,11,84,88,88,88,88,6277,0,2,8.210136432689907,0.8297470003526541,497.9289789998802,120.0
1781461882,20,GET,/api/products/{id} [GET],6.200000,0.000000,2,2,5,5,8,9,9,12,12,12,12,3689,0,3,8.136179219037901,0.9559909995005,501.92681399948924,39.0
1781461882,20,,Aggregated,20.000000,0.000000,2,5,9,14,33,86,110,110,180,180,180,12461,0,4,21.853431797932984,0.8297470003526541,2511.467815999822,95.01934034186662
1781461883,20,GET,/api/load/mixed [GET],4.000000,0.000000,26,34,79,92,110,110,180,180,180,180,180,2500,0,25,76.37002106320622,12.495657999352261,2511.467815999822,115.0
1781461883,20,GET,/api/products [GET],9.600000,0.000000,2,3,4,4,6,10,22,84,84,84,84,6290,0,2,8.200697941652177,0.8297470003526541,497.9289789998802,120.0
1781461883,20,GET,/api/products/{id} [GET],6.200000,0.000000,2,2,5,5,8,9,9,12,12,12,12,3691,0,3,8.13391752154722,0.9559909995005,501.92681399948924,39.0
1781461883,20,,Aggregated,19.800000,0.000000,2,5,8,13,26,84,110,110,180,180,180,12481,0,4,21.83556864698655,0.8297470003526541,2511.467815999822,95.0443874689528
1781461884,20,GET,/api/load/mixed [GET],4.000000,0.000000,23,29,34,79,94,100,110,110,110,110,110,2502,0,25,76.31978332814394,12.495657999352261,2511.467815999822,115.0
1781461884,20,GET,/api/products [GET],9.500000,0.000000,2,3,4,4,6,10,12,22,22,22,22,6303,0,2,8.18872934269267,0.8297470003526541,497.9289789998802,120.0
1781461884,20,GET,/api/products/{id} [GET],6.500000,0.000000,2,3,5,5,8,9,9,12,12,12,12,3696,0,3,8.126124071706965,0.9559909995005,501.92681399948924,39.0
1781461884,20,,Aggregated,20.000000,0.000000,2,5,7,10,22,34,94,100,110,110,110,12501,0,4,21.806240580996526,0.8297470003526541,2511.467815999822,95.05111591072715
1781461885,20,GET,/api/load/mixed [GET],4.000000,0.000000,21,27,34,79,94,100,110,110,110,110,110,2506,0,25,76.22563872027771,12.495657999352261,2511.467815999822,115.0
1781461885,20,GET,/api/products [GET],9.900000,0.000000,2,3,4,4,5,9,12,22,22,22,22,6310,0,2,8.182787961646774,0.8297470003526541,497.9289789998802,120.0
1781461885,20,GET,/api/products/{id} [GET],6.100000,0.000000,2,2,4,5,8,9,10,12,12,12,12,3705,0,3,8.115291851019876,0.9559909995005,501.92681399948924,39.0
1781461885,20,,Aggregated,20.000000,0.000000,2,4,8,11,20,33,94,100,110,110,110,12521,0,4,21.781167556827434,0.8297470003526541,2511.467815999822,95.03114767191119
1781461886,20,GET,/api/load/mixed [GET],3.700000,0.000000,21,29,34,79,94,100,110,110,110,110,110,2513,0,25,76.12665756546554,12.495657999352261,2511.467815999822,115.0
1781461886,20,GET,/api/products [GET],10.400000,0.000000,2,3,4,4,5,9,16,22,22,22,22,6320,0,2,8.175958821201347,0.8297470003526541,497.9289789998802,120.0
1781461886,20,GET,/api/products/{id} [GET],6.400000,0.000000,2,2,4,5,8,9,10,12,12,12,12,3708,0,3,8.110644874333678,0.9559909995005,501.92681399948924,39.0
1781461886,20,,Aggregated,20.500000,0.000000,2,4,8,13,22,34,94,100,110,110,110,12541,0,4,21.772794945063154,0.8297470003526541,2511.467815999822,95.04879993620924
1781461887,20,GET,/api/load/mixed [GET],3.500000,0.000000,20,27,33,36,89,94,110,110,110,110,110,2516,0,25,76.0640521172559,12.495657999352261,2511.467815999822,115.0
1781461887,20,GET,/api/products [GET],10.100000,0.000000,2,3,3,4,5,10,16,22,22,22,22,6334,0,2,8.164841060939441,0.8297470003526541,497.9289789998802,120.0
1781461887,20,GET,/api/products/{id} [GET],6.400000,0.000000,2,3,4,5,8,9,10,12,12,12,12,3711,0,3,8.105754780929365,0.9559909995005,501.92681399948924,39.0
1781461887,20,,Aggregated,20.000000,0.000000,2,4,8,12,20,32,89,94,110,110,110,12561,0,4,21.74776804386875,0.8297470003526541,2511.467815999822,95.06798821749861
1781461888,20,GET,/api/load/mixed [GET],3.700000,0.000000,20,26,31,32,87,92,110,110,110,110,110,2520,0,25,75.97883644603755,12.495657999352261,2511.467815999822,115.0
1781461888,20,GET,/api/products [GET],9.800000,0.000000,2,3,3,4,5,10,16,22,22,22,22,6345,0,2,8.156839432937762,0.8297470003526541,497.9289789998802,120.0
1781461888,20,GET,/api/products/{id} [GET],6.300000,0.000000,2,2,4,4,6,8,10,12,12,12,12,3716,0,3,8.098458409587733,0.9559909995005,501.92681399948924,39.0
1781461888,20,,Aggregated,19.800000,0.000000,2,4,6,13,20,30,87,92,110,110,110,12581,0,4,21.72448020793521,0.8297470003526541,2511.467815999822,95.07384150703442
1781461889,20,GET,/api/load/mixed [GET],3.900000,0.000000,20,27,32,36,87,92,110,110,110,110,110,2524,0,25,75.9316465586433,12.495657999352261,2511.467815999822,115.0
1781461889,20,GET,/api/products [GET],10.300000,0.000000,2,3,3,4,5,10,12,16,22,22,22,6356,0,2,8.148096211137222,0.8297470003526541,497.9289789998802,120.0
1781461889,20,GET,/api/products/{id} [GET],6.000000,0.000000,2,4,4,5,8,10,12,12,12,12,12,3721,0,3,8.093518036556745,0.9559909995005,501.92681399948924,39.0
1781461889,20,,Aggregated,20.200000,0.000000,3,4,10,13,22,32,87,92,110,110,110,12601,0,4,21.709130707565404,0.8297470003526541,2511.467815999822,95.07967621617333
1781461890,20,GET,/api/load/mixed [GET],3.700000,0.000000,19,25,31,36,87,92,110,110,110,110,110,2527,0,25,75.86110699169635,12.495657999352261,2511.467815999822,115.0
1781461890,20,GET,/api/products [GET],10.200000,0.000000,2,3,3,4,4,10,16,22,22,22,22,6364,0,2,8.140648551538012,0.8297470003526541,497.9289789998802,120.0
1781461890,20,GET,/api/products/{id} [GET],6.100000,0.000000,2,4,5,5,8,8,10,10,10,10,10,3730,0,3,8.080719101616312,0.9559909995005,501.92681399948924,39.0
1781461890,20,,Aggregated,20.000000,0.000000,2,4,8,13,21,31,87,92,110,110,110,12621,0,4,21.6820526898846,0.8297470003526541,2511.467815999822,95.06021709848665
1781461891,20,GET,/api/load/mixed [GET],3.900000,0.000000,17,28,32,36,87,89,92,92,92,92,92,2532,0,25,75.80701459992702,12.495657999352261,2511.467815999822,115.0
1781461891,20,GET,/api/products [GET],10.600000,0.000000,2,3,3,4,6,11,13,16,22,22,22,6374,0,2,8.134894208501372,0.8297470003526541,497.9289789998802,120.0
1781461891,20,GET,/api/products/{id} [GET],5.500000,0.000000,2,3,4,4,6,8,10,10,10,10,10,3735,0,3,8.072366064532316,0.9559909995005,501.92681399948924,39.0
1781461891,20,,Aggregated,20.000000,0.000000,2,4,10,13,21,32,87,89,92,92,92,12641,0,4,21.67118613266604,0.8297470003526541,2511.467815999822,95.06565936239221
1781461892,20,GET,/api/load/mixed [GET],4.100000,0.000000,17,27,31,33,81,87,89,89,89,89,89,2537,0,25,75.69594631533909,12.495657999352261,2511.467815999822,115.0
1781461892,20,GET,/api/products [GET],10.800000,0.000000,2,3,3,4,8,11,13,16,16,16,16,6383,0,2,8.128191963338091,0.8297470003526541,497.9289789998802,120.0
1781461892,20,GET,/api/products/{id} [GET],5.100000,0.000000,2,2,4,4,6,8,10,10,10,10,10,3741,0,3,8.062714427700909,0.9559909995005,501.92681399948924,39.0
1781461892,20,,Aggregated,20.000000,0.000000,2,4,10,13,19,31,81,87,89,89,89,12661,0,4,21.648011987839162,0.8297470003526541,2511.467815999822,95.06468683358345
1781461893,20,GET,/api/load/mixed [GET],4.400000,0.000000,17,27,31,33,81,87,89,89,89,89,89,2539,0,25,75.64683474636306,12.495657999352261,2511.467815999822,115.0
1781461893,20,GET,/api/products [GET],10.600000,0.000000,2,3,3,4,8,11,13,16,16,16,16,6394,0,2,8.11741278964448,0.8297470003526541,497.9289789998802,120.0
1781461893,20,GET,/api/products/{id} [GET],5.200000,0.000000,2,2,3,4,5,8,10,10,10,10,10,3748,0,3,8.05133328789459,0.9559909995005,501.92681399948924,39.0
1781461893,20,,Aggregated,20.200000,0.000000,2,4,10,13,19,31,81,87,89,89,89,12681,0,4,21.61867738829996,0.8297470003526541,2511.467815999822,95.05851273558868
1781461894,20,GET,/api/load/mixed [GET],4.100000,0.000000,18,28,31,33,81,87,89,89,89,89,89,2542,0,25,75.57683552360936,12.495657999352261,2511.467815999822,115.0
1781461894,20,GET,/api/products [GET],10.800000,0.000000,2,2,3,4,8,11,13,16,16,16,16,6403,0,2,8.10950514180664,0.8297470003526541,497.9289789998802,120.0
1781461894,20,GET,/api/products/{id} [GET],5.100000,0.000000,2,2,3,3,4,6,8,10,10,10,10,3756,0,3,8.03848180139205,0.9559909995005,501.92681399948924,39.0
1781461894,20,,Aggregated,20.000000,0.000000,2,4,10,13,18,31,81,87,89,89,89,12701,0,4,21.59152940477378,0.8297470003526541,2511.467815999822,95.04558696165657
1781461895,20,GET,/api/load/mixed [GET],4.000000,0.000000,18,27,30,32,78,87,87,87,87,87,87,2545,0,25,75.50633055088991,12.495657999352261,2511.467815999822,115.0
1781461895,20,GET,/api/products [GET],10.500000,0.000000,2,3,3,4,8,10,13,13,13,13,13,6415,0,2,8.100807153856161,0.8297470003526541,497.9289789998802,120.0
1781461895,20,GET,/api/products/{id} [GET],5.500000,0.000000,2,2,2,3,4,6,8,10,10,10,10,3761,0,2,8.030356841804968,0.9559909995005,501.92681399948924,39.0
1781461895,20,,Aggregated,20.000000,0.000000,2,4,8,13,17,30,78,87,87,87,87,12721,0,4,21.56532200503348,0.8297470003526541,2511.467815999822,95.05180410345099
1781461896,20,GET,/api/load/mixed [GET],4.100000,0.000000,17,24,27,30,74,81,87,87,87,87,87,2549,0,25,75.4192344947097,12.495657999352261,2511.467815999822,115.0
1781461896,20,GET,/api/products [GET],10.100000,0.000000,2,3,3,4,6,10,13,13,13,13,13,6424,0,2,8.092513386672818,0.8297470003526541,497.9289789998802,120.0
1781461896,20,GET,/api/products/{id} [GET],5.800000,0.000000,2,2,3,3,4,6,8,10,10,10,10,3768,0,2,8.020233306536529,0.9559909995005,501.92681399948924,39.0
1781461896,20,,Aggregated,20.000000,0.000000,2,4,6,10,16,27,74,81,87,87,87,12741,0,4,21.540709035556958,0.8297470003526541,2511.467815999822,95.04489443528766
1781461897,20,GET,/api/load/mixed [GET],4.000000,0.000000,16,21,27,33,76,81,87,87,87,87,87,2557,0,25,75.28778675362263,12.495657999352261,2511.467815999822,115.0
1781461897,20,GET,/api/products [GET],10.300000,0.000000,2,3,3,4,8,10,13,15,15,15,15,6433,0,2,8.08978805611459,0.8297470003526541,497.9289789998802,120.0
1781461897,20,GET,/api/products/{id} [GET],5.700000,0.000000,2,2,3,3,5,8,10,12,12,12,12,3771,0,2,8.018482377096268,0.9559909995005,501.92681399948924,39.0
1781461897,20,,Aggregated,20.000000,0.000000,2,4,10,13,17,27,76,81,87,87,87,12761,0,4,21.533592534913303,0.8297470003526541,2511.467815999822,95.06182901026565
1781461898,20,GET,/api/load/mixed [GET],3.900000,0.000000,16,24,27,28,76,81,87,87,87,87,87,2560,0,25,75.2271771507865,12.495657999352261,2511.467815999822,115.0
1781461898,20,GET,/api/products [GET],10.500000,0.000000,2,3,4,4,8,13,15,16,16,16,16,6444,0,2,8.084187829451295,0.8297470003526541,497.9289789998802,120.0
1781461898,20,GET,/api/products/{id} [GET],5.800000,0.000000,2,2,2,3,4,5,6,12,12,12,12,3777,0,2,8.008916553886973,0.9559909995005,501.92681399948924,39.0
1781461898,20,,Aggregated,20.200000,0.000000,2,4,8,13,16,27,76,81,87,87,87,12781,0,4,21.510504475630157,0.8297470003526541,2511.467815999822,95.0616540176825
1781461899,20,GET,/api/load/mixed [GET],3.800000,0.000000,17,24,27,28,76,81,87,87,87,87,87,2562,0,25,75.1808401311528,12.495657999352261,2511.467815999822,115.0
1781461899,20,GET,/api/products [GET],10.200000,0.000000,2,3,4,5,8,13,15,16,16,16,16,6457,0,2,8.073224109491045,0.8297470003526541,497.9289789998802,120.0
1781461899,20,GET,/api/products/{id} [GET],6.000000,0.000000,2,2,2,3,4,5,6,12,12,12,12,3782,0,2,8.002542367009902,0.9559909995005,501.92681399948924,39.0
1781461899,20,,Aggregated,20.000000,0.000000,2,4,8,13,16,27,76,81,87,87,87,12801,0,4,21.4833009704733,0.8297470003526541,2511.467815999822,95.0681977970471
1781461900,20,GET,/api/load/mixed [GET],4.100000,0.000000,17,24,27,31,76,190,200,200,200,200,200,2566,0,25,75.29385737568724,12.495657999352261,2511.467815999822,115.0
1781461900,20,GET,/api/products [GET],10.000000,0.000000,2,3,4,4,8,13,16,77,77,77,77,6467,0,2,8.077721151535957,0.8297470003526541,497.9289789998802,120.0
1781461900,20,GET,/api/products/{id} [GET],5.900000,0.000000,2,2,3,3,4,10,12,16,16,16,16,3788,0,2,7.998595993144624,0.9559909995005,501.92681399948924,39.0
1781461900,20,,Aggregated,20.000000,0.000000,2,4,8,13,16,27,77,190,200,200,200,12821,0,4,21.507007435849648,0.8297470003526541,2511.467815999822,95.06762343030965
1781461901,20,GET,/api/load/mixed [GET],3.800000,0.000000,17,24,38,42,83,190,200,200,200,200,200,2570,0,25,75.25718593735922,12.495657999352261,2511.467815999822,115.0
1781461901,20,GET,/api/products [GET],10.100000,0.000000,2,3,3,4,8,13,16,77,77,77,77,6476,0,2,8.069004634493874,0.8297470003526541,497.9289789998802,120.0
1781461901,20,GET,/api/products/{id} [GET],6.100000,0.000000,2,2,3,4,6,12,16,24,24,24,24,3795,0,2,7.995187795265609,0.9559909995005,501.92681399948924,39.0
1781461901,20,,Aggregated,20.000000,0.000000,2,4,10,13,18,38,83,190,200,200,200,12841,0,4,21.4942434043321,0.8297470003526541,2511.467815999822,95.0607429327934
1781461902,20,GET,/api/load/mixed [GET],3.700000,0.000000,18,27,73,76,170,190,200,200,200,200,200,2577,0,25,75.2204109243353,12.495657999352261,2511.467815999822,115.0
1781461902,20,GET,/api/products [GET],10.000000,0.000000,2,3,4,5,8,13,16,77,77,77,77,6484,0,2,8.063358889880057,0.8297470003526541,497.9289789998802,120.0
1781461902,20,GET,/api/products/{id} [GET],6.000000,0.000000,2,2,4,4,6,16,16,24,24,24,24,3800,0,2,7.991721114745384,0.9559909995005,501.92681399948924,39.0
1781461902,20,,Aggregated,19.700000,0.000000,2,5,13,14,21,76,170,190,200,200,200,12861,0,4,21.498667151078976,0.8297470003526541,2511.467815999822,95.06531373921158
1781461903,20,GET,/api/load/mixed [GET],3.700000,0.000000,21,31,73,76,99,180,200,200,200,200,200,2582,0,25,75.1434638512828,12.495657999352261,2511.467815999822,115.0
1781461903,20,GET,/api/products [GET],10.100000,0.000000,2,3,5,5,8,14,20,77,77,77,77,6496,0,2,8.056523461357946,0.8297470003526541,497.9289789998802,120.0
1781461903,20,GET,/api/products/{id} [GET],6.200000,0.000000,2,3,4,5,10,16,24,24,24,24,24,3803,0,2,7.988744769400988,0.9559909995005,501.92681399948924,39.0
1781461903,20,,Aggregated,20.000000,0.000000,3,6,13,15,24,76,170,190,200,200,200,12881,0,4,21.4841080992955,0.8297470003526541,2511.467815999822,95.08322335222421
1781461904,20,GET,/api/load/mixed [GET],3.900000,0.000000,21,30,73,76,99,180,200,200,200,200,200,2587,0,25,75.03467842830027,12.495657999352261,2511.467815999822,115.0
1781461904,20,GET,/api/products [GET],10.200000,0.000000,2,3,4,5,8,14,20,77,77,77,77,6503,0,2,8.051431304933425,0.8297470003526541,497.9289789998802,120.0
1781461904,20,GET,/api/products/{id} [GET],5.700000,0.000000,2,4,5,5,8,16,16,24,24,24,24,3811,0,2,7.979243582007444,0.9559909995005,501.92681399948924,39.0
1781461904,20,,Aggregated,19.800000,0.000000,3,6,14,15,26,76,170,190,200,200,200,12901,0,4,21.46206248825867,0.8297470003526541,2511.467815999822,95.0696845205798
1781461905,20,GET,/api/load/mixed [GET],4.200000,0.000000,21,31,76,83,170,190,200,200,200,200,200,2588,0,25,75.01253642117959,12.495657999352261,2511.467815999822,115.0
1781461905,20,GET,/api/products [GET],10.100000,0.000000,2,3,4,5,8,14,20,77,77,77,77,6517,0,2,8.038111446982576,0.8297470003526541,497.9289789998802,120.0
1781461905,20,GET,/api/products/{id} [GET],5.600000,0.000000,2,4,5,5,8,16,16,24,24,24,24,3816,0,2,7.972166041150631,0.9559909995005,501.92681399948924,39.0
1781461905,20,,Aggregated,19.900000,0.000000,3,6,13,15,24,76,170,190,200,200,200,12921,0,4,21.433217411270714,0.8297470003526541,2511.467815999822,95.0765420633078
1781461906,20,GET,/api/load/mixed [GET],4.400000,0.000000,21,27,38,83,170,190,200,200,200,200,200,2590,0,25,74.974978500777,12.495657999352261,2511.467815999822,115.0
1781461906,20,GET,/api/products [GET],10.000000,0.000000,2,3,4,5,6,10,20,77,77,77,77,6522,0,2,8.033755528056677,0.8297470003526541,497.9289789998802,120.0
1781461906,20,GET,/api/products/{id} [GET],5.600000,0.000000,2,4,5,5,8,16,16,24,24,24,24,3829,0,2,7.955567045450414,0.9559909995005,501.92681399948924,39.0
1781461906,20,,Aggregated,20.000000,0.000000,3,5,9,14,24,73,170,190,200,200,200,12941,0,4,21.408176654665606,0.8297470003526541,2511.467815999822,95.03291863070861
1781461907,20,GET,/api/load/mixed [GET],4.400000,0.000000,21,27,73,93,170,190,200,200,200,200,200,2592,0,25,74.93047416590015,12.495657999352261,2511.467815999822,115.0
1781461907,20,GET,/api/products [GET],9.900000,0.000000,2,2,3,4,5,7,20,77,77,77,77,6531,0,2,8.025664358288635,0.8297470003526541,497.9289789998802,120.0
1781461907,20,GET,/api/products/{id} [GET],5.700000,0.000000,2,4,5,5,8,10,16,24,24,24,24,3838,0,2,7.941350937996615,0.9559909995005,501.92681399948924,39.0
1781461907,20,,Aggregated,20.000000,0.000000,2,5,6,14,21,73,170,190,200,200,200,12961,0,4,21.380627101460316,0.8297470003526541,2511.467815999822,95.01442789908187
1781461908,20,GET,/api/load/mixed [GET],4.200000,0.000000,23,30,83,94,170,190,200,200,200,200,200,2599,0,25,74.84037307464857,12.495657999352261,2511.467815999822,115.0
1781461908,20,GET,/api/products [GET],9.900000,0.000000,2,2,4,5,5,8,20,77,77,77,77,6541,0,2,8.018543116187395,0.8297470003526541,497.9289789998802,120.0
1781461908,20,GET,/api/products/{id} [GET],5.900000,0.000000,2,4,5,5,8,16,16,24,24,24,24,3841,0,2,7.939195772983826,0.9559909995005,501.92681399948924,39.0
1781461908,20,,Aggregated,20.000000,0.000000,2,5,9,14,24,83,170,190,200,200,200,12981,0,4,21.373844165166332,0.8297470003526541,2511.467815999822,95.03150758801326
1781461909,20,GET,/api/load/mixed [GET],3.800000,0.000000,24,30,83,94,170,190,200,200,200,200,200,2603,0,25,74.75906386631227,12.495657999352261,2511.467815999822,115.0
1781461909,20,GET,/api/products [GET],9.500000,0.000000,2,2,4,5,6,8,12,20,20,20,20,6552,0,2,8.014047375760658,0.8297470003526541,497.9289789998802,120.0
1781461909,20,GET,/api/products/{id} [GET],6.700000,0.000000,2,3,4,5,6,8,16,24,24,24,24,3846,0,2,7.932149549149801,0.9559909995005,501.92681399948924,39.0
1781461909,20,,Aggregated,20.000000,0.000000,2,5,8,14,26,83,170,190,200,200,200,13001,0,4,21.353198124453865,0.8297470003526541,2511.467815999822,95.03722790554573
1781461910,20,GET,/api/load/mixed [GET],3.600000,0.000000,21,27,30,30,99,110,170,170,170,170,170,2609,0,25,74.66915588271844,12.495657999352261,2511.467815999822,115.0
1781461910,20,GET,/api/products [GET],9.800000,0.000000,2,3,4,5,6,8,12,20,20,20,20,6556,0,2,8.010136261437394,0.8297470003526541,497.9289789998802,120.0
1781461910,20,GET,/api/products/{id} [GET],6.500000,0.000000,2,3,4,5,6,8,12,16,16,16,16,3856,0,2,7.9217050741775275,0.9559909995005,501.92681399948924,39.0
1781461910,20,,Aggregated,19.900000,0.000000,3,5,8,14,22,30,99,110,170,170,170,13021,0,4,21.340325304817174,0.8297470003526541,2511.467815999822,95.01105905844405
1781461911,20,GET,/api/load/mixed [GET],4.100000,0.000000,24,28,30,42,95,100,170,170,170,170,170,2615,0,25,74.58323233308249,12.495657999352261,2511.467815999822,115.0
1781461911,20,GET,/api/products [GET],9.800000,0.000000,2,3,4,5,7,8,12,20,20,20,20,6565,0,2,8.00375566473506,0.8297470003526541,497.9289789998802,120.0
1781461911,20,GET,/api/products/{id} [GET],6.100000,0.000000,2,3,4,5,6,8,11,12,12,12,12,3861,0,2,7.915614420364904,0.9559909995005,501.92681399948924,39.0
1781461911,20,,Aggregated,20.000000,0.000000,3,5,8,14,26,31,99,110,170,170,170,13041,0,4,21.328272047160894,0.8297470003526541,2511.467815999822,95.01602637834522
1781461912,20,GET,/api/load/mixed [GET],4.200000,0.000000,22,27,29,30,94,100,110,110,110,110,110,2620,0,25,74.47688955687428,12.495657999352261,2511.467815999822,115.0
1781461912,20,GET,/api/products [GET],9.100000,0.000000,2,2,4,5,7,8,12,12,12,12,12,6575,0,2,7.996756984180432,0.8297470003526541,497.9289789998802,120.0
1781461912,20,GET,/api/products/{id} [GET],6.800000,0.000000,2,4,4,5,6,8,11,12,12,12,12,3866,0,2,7.911624117182631,0.9559909995005,501.92681399948924,39.0
1781461912,20,,Aggregated,20.100000,0.000000,2,5,8,14,23,29,94,100,110,110,110,13061,0,4,21.307286321646508,0.8297470003526541,2511.467815999822,95.02136130464743
1781461913,20,GET,/api/load/mixed [GET],4.300000,0.000000,20,27,28,30,94,100,110,110,110,110,110,2623,0,24,74.41164198399196,12.495657999352261,2511.467815999822,115.0
1781461913,20,GET,/api/products [GET],9.000000,0.000000,2,2,4,5,7,8,12,12,12,12,12,6586,0,2,7.988411078194022,0.8297470003526541,497.9289789998802,120.0
1781461913,20,GET,/api/products/{id} [GET],6.500000,0.000000,2,3,4,4,6,8,11,12,12,12,12,3872,0,2,7.902501493550171,0.9559909995005,501.92681399948924,39.0
1781461913,20,,Aggregated,19.800000,0.000000,2,5,8,13,20,28,94,100,110,110,110,13081,0,4,21.28215717972808,0.8297470003526541,2511.467815999822,95.0212521978442
1781461914,20,GET,/api/load/mixed [GET],4.400000,0.000000,22,27,29,30,94,100,110,110,110,110,110,2628,0,24,74.31106397336819,12.495657999352261,2511.467815999822,115.0
1781461914,20,GET,/api/products [GET],9.100000,0.000000,2,2,4,5,7,8,12,12,12,12,12,6593,0,2,7.982452479900495,0.8297470003526541,497.9289789998802,120.0
1781461914,20,GET,/api/products/{id} [GET],6.700000,0.000000,2,3,4,4,6,8,11,12,12,12,12,3880,0,2,7.890641564439338,0.9559909995005,501.92681399948924,39.0
1781461914,20,,Aggregated,20.200000,0.000000,2,5,8,13,23,29,94,100,110,110,110,13101,0,4,21.260474360126732,0.8297470003526541,2511.467815999822,95.00801465536982
1781461915,20,GET,/api/load/mixed [GET],4.200000,0.000000,20,26,29,30,94,100,110,110,110,110,110,2630,0,24,74.26579356730507,12.495657999352261,2511.467815999822,115.0
1781461915,20,GET,/api/products [GET],9.000000,0.000000,2,3,4,5,7,8,12,12,12,12,12,6606,0,2,7.972971396303837,0.8297470003526541,497.9289789998802,120.0
1781461915,20,GET,/api/products/{id} [GET],6.900000,0.000000,2,2,3,4,5,7,11,12,12,12,12,3885,0,2,7.883491375296018,0.9559909995005,501.92681399948924,39.0
1781461915,20,,Aggregated,20.100000,0.000000,2,5,8,13,21,29,94,100,110,110,110,13121,0,3,21.234345714428827,0.8297470003526541,2511.467815999822,95.01448060361253
1781461916,20,GET,/api/load/mixed [GET],4.200000,0.000000,19,24,28,30,42,95,110,110,110,110,110,2633,0,24,74.19921223775614,12.495657999352261,2511.467815999822,115.0
1781461916,20,GET,/api/products [GET],8.900000,0.000000,2,3,4,5,7,8,12,12,12,12,12,6615,0,2,7.96507411745777,0.8297470003526541,497.9289789998802,120.0
1781461916,20,GET,/api/products/{id} [GET],6.900000,0.000000,2,3,4,4,6,11,11,12,12,12,12,3893,0,2,7.873005915752479,0.9559909995005,501.92681399948924,39.0
1781461916,20,,Aggregated,20.000000,0.000000,3,5,11,14,20,29,94,100,110,110,110,13141,0,3,21.208819963398497,0.8297470003526541,2511.467815999822,95.00205463815539
1781461917,20,GET,/api/load/mixed [GET],4.100000,0.000000,19,27,30,31,43,95,110,110,110,110,110,2638,0,24,74.12785320887504,12.495657999352261,2511.467815999822,115.0
1781461917,20,GET,/api/products [GET],9.200000,0.000000,2,3,4,5,8,12,14,16,16,16,16,6624,0,2,7.962611589218323,0.8297470003526541,497.9289789998802,120.0
1781461917,20,GET,/api/products/{id} [GET],6.700000,0.000000,2,3,3,4,5,7,11,11,11,11,11,3899,0,2,7.863226242889115,0.9559909995005,501.92681399948924,39.0
1781461917,20,,Aggregated,20.000000,0.000000,3,5,12,14,22,30,75,100,110,110,110,13161,0,3,21.195375355445595,0.8297470003526541,2511.467815999822,95.00121571309171
1781461918,20,GET,/api/load/mixed [GET],4.100000,0.000000,18,24,28,31,43,95,110,110,110,110,110,2639,0,24,74.10668885411626,12.495657999352261,2511.467815999822,115.0
1781461918,20,GET,/api/products [GET],9.200000,0.000000,2,3,4,4,6,8,14,16,16,16,16,6639,0,2,7.95072890992336,0.8297470003526541,497.9289789998802,120.0
1781461918,20,GET,/api/products/{id} [GET],6.700000,0.000000,2,2,3,4,5,6,11,11,11,11,11,3903,0,2,7.856907173206265,0.9559909995005,501.92681399948924,39.0
1781461918,20,,Aggregated,20.000000,0.000000,2,4,7,13,18,28,43,95,110,110,110,13181,0,3,21.168192839391413,0.8297470003526541,2511.467815999822,95.0141870874744
1781461919,20,GET,/api/load/mixed [GET],4.600000,0.000000,18,24,27,33,75,95,110,110,110,110,110,2644,0,24,74.02195936044411,12.495657999352261,2511.467815999822,115.0
1781461919,20,GET,/api/products [GET],9.500000,0.000000,2,3,4,4,6,11,14,16,16,16,16,6650,0,2,7.94275675473406,0.8297470003526541,497.9289789998802,120.0
1781461919,20,GET,/api/products/{id} [GET],5.900000,0.000000,2,2,3,4,4,5,7,11,11,11,11,3907,0,2,7.851737489896061,0.9559909995005,501.92681399948924,39.0
1781461919,20,,Aggregated,20.000000,0.000000,2,4,7,13,18,27,75,95,110,110,110,13201,0,3,21.150680353080823,0.8297470003526541,2511.467815999822,95.02560412089993
1781461920,20,GET,/api/load/mixed [GET],4.400000,0.000000,18,22,26,27,43,77,95,95,95,95,95,2648,0,24,73.93640033988444,12.495657999352261,2511.467815999822,115.0
1781461920,20,GET,/api/products [GET],9.600000,0.000000,2,3,4,4,6,11,14,16,16,16,16,6657,0,2,7.937909565867643,0.8297470003526541,497.9289789998802,120.0
1781461920,20,GET,/api/products/{id} [GET],6.100000,0.000000,2,3,4,4,4,6,11,67,67,67,67,3916,0,2,7.857552174418957,0.8969890004664194,501.92681399948924,39.0
1781461920,20,,Aggregated,20.100000,0.000000,2,4,6,13,18,26,67,77,95,95,95,13221,0,3,21.13277561417591,0.8297470003526541,2511.467815999822,95.00673171469631
1781461921,20,GET,/api/load/mixed [GET],4.000000,0.000000,18,23,26,33,39,75,77,77,77,77,77,2655,0,24,73.81151572316955,12.495657999352261,2511.467815999822,115.0
1781461921,20,GET,/api/products [GET],9.600000,0.000000,2,3,4,4,6,12,16,17,17,17,17,6667,0,2,7.933380321730906,0.8297470003526541,497.9289789998802,120.0
1781461921,20,GET,/api/products/{id} [GET],6.400000,0.000000,2,2,3,4,4,6,10,67,67,67,67,3919,0,2,7.855035011744126,0.8969890004664194,501.92681399948924,39.0
1781461921,20,,Aggregated,20.000000,0.000000,2,4,10,14,18,27,43,75,77,77,77,13241,0,3,21.11965131493244,0.8297470003526541,2511.467815999822,95.02348765199002
1781461922,20,GET,/api/load/mixed [GET],4.100000,0.000000,18,24,33,34,43,77,100,100,100,100,100,2661,0,24,73.72643734761952,12.495657999352261,2511.467815999822,115.0
1781461922,20,GET,/api/products [GET],10.100000,0.000000,2,3,4,4,6,12,16,17,17,17,17,6675,0,2,7.928110161045835,0.8297470003526541,497.9289789998802,120.0
1781461922,20,GET,/api/products/{id} [GET],6.000000,0.000000,2,3,4,4,5,10,18,67,67,67,67,3925,0,2,7.850667863700889,0.8969890004664194,501.92681399948924,39.0
1781461922,20,,Aggregated,20.200000,0.000000,3,4,11,14,21,34,67,77,100,100,100,13261,0,3,21.108517945254704,0.8297470003526541,2511.467815999822,95.02224568282935
1781461923,20,GET,/api/load/mixed [GET],4.100000,0.000000,19,27,34,38,75,82,100,100,100,100,100,2665,0,24,73.68918981801669,12.495657999352261,2511.467815999822,115.0
1781461923,20,GET,/api/products [GET],10.200000,0.000000,2,3,4,4,8,14,16,17,17,17,17,6688,0,2,7.920346378884768,0.8297470003526541,497.9289789998802,120.0
1781461923,20,GET,/api/products/{id} [GET],5.900000,0.000000,2,3,4,4,6,10,67,67,67,67,67,3928,0,2,7.846236596238648,0.8969890004664194,501.92681399948924,39.0
1781461923,20,,Aggregated,20.200000,0.000000,3,4,12,14,21,36,75,82,100,100,100,13281,0,3,21.095774775771506,0.8297470003526541,2511.467815999822,95.04005722460658
1781461924,20,GET,/api/load/mixed [GET],4.200000,0.000000,19,27,34,38,75,82,100,100,100,100,100,2667,0,24,73.64722986277243,12.495657999352261,2511.467815999822,115.0
1781461924,20,GET,/api/products [GET],10.000000,0.000000,2,3,4,4,8,14,16,17,17,17,17,6702,0,2,7.90841199208877,0.8297470003526541,497.9289789998802,120.0
1781461924,20,GET,/api/products/{id} [GET],5.600000,0.000000,2,3,4,4,6,10,67,67,67,67,67,3932,0,2,7.840316390646925,0.8969890004664194,501.92681399948924,39.0
1781461924,20,,Aggregated,19.800000,0.000000,2,4,12,14,21,36,75,82,100,100,100,13301,0,3,21.069653654839247,0.8297470003526541,2511.467815999822,95.05247725734907
1781461925,20,GET,/api/load/mixed [GET],4.200000,0.000000,21,28,35,38,75,82,100,100,100,100,100,2671,0,24,73.57541101161101,12.495657999352261,2511.467815999822,115.0
1781461925,20,GET,/api/products [GET],10.100000,0.000000,2,3,4,4,8,14,16,17,17,17,17,6712,0,2,7.9025729097108,0.8297470003526541,497.9289789998802,120.0
1781461925,20,GET,/api/products/{id} [GET],5.700000,0.000000,2,2,4,4,6,10,67,67,67,67,67,3938,0,2,7.83214054647648,0.8969890004664194,501.92681399948924,39.0
1781461925,20,,Aggregated,20.000000,0.000000,3,5,13,15,23,36,75,82,100,100,100,13321,0,3,21.049843229038085,0.8297470003526541,2511.467815999822,95.05194805194805
1781461926,20,GET,/api/load/mixed [GET],3.900000,0.000000,20,27,34,36,73,82,100,100,100,100,100,2672,0,24,73.55388007934589,12.495657999352261,2511.467815999822,115.0
1781461926,20,GET,/api/products [GET],11.000000,0.000000,2,3,3,4,6,11,15,15,17,17,17,6724,0,2,7.891759669092818,0.8297470003526541,497.9289789998802,120.0
1781461926,20,GET,/api/products/{id} [GET],5.100000,0.000000,2,2,3,4,6,10,67,67,67,67,67,3945,0,2,7.821696061856241,0.8969890004664194,501.92681399948924,39.0
1781461926,20,,Aggregated,20.000000,0.000000,2,4,8,14,20,34,73,82,100,100,100,13341,0,3,21.0221685444131,0.8297470003526541,2511.467815999822,95.04647327786523
1781461927,20,GET,/api/load/mixed [GET],4.000000,0.000000,22,27,34,36,73,82,100,100,100,100,100,2673,0,24,73.53493471044239,12.495657999352261,2511.467815999822,115.0
1781461927,20,GET,/api/products [GET],10.700000,0.000000,2,3,3,4,7,11,15,15,17,17,17,6735,0,2,7.883982291162546,0.8297470003526541,497.9289789998802,120.0
1781461927,20,GET,/api/products/{id} [GET],5.300000,0.000000,2,2,4,4,6,10,18,67,67,67,67,3953,0,2,7.810837477870932,0.8969890004664194,501.92681399948924,39.0
1781461927,20,,Aggregated,20.000000,0.000000,2,4,7,14,21,34,73,82,100,100,100,13361,0,3,20.99646297148537,0.8297470003526541,2511.467815999822,95.03495247361724
1781461928,20,GET,/api/load/mixed [GET],4.100000,0.000000,20,27,31,35,39,82,100,100,100,100,100,2676,0,24,73.46999248954087,12.495657999352261,2511.467815999822,115.0
1781461928,20,GET,/api/products [GET],10.700000,0.000000,2,3,3,4,6,8,15,15,17,17,17,6749,0,2,7.872295847529724,0.8297470003526541,497.9289789998802,120.0
1781461928,20,GET,/api/products/{id} [GET],5.200000,0.000000,2,2,4,4,6,10,67,67,67,67,67,3956,0,2,7.806895146366135,0.8969890004664194,501.92681399948924,39.0
1781461928,20,,Aggregated,20.000000,0.000000,2,4,7,14,19,31,67,82,100,100,100,13381,0,3,20.97151945116313,0.8297470003526541,2511.467815999822,95.05298557656378
1781461929,20,GET,/api/load/mixed [GET],3.600000,0.000000,20,28,35,38,82,96,100,100,100,100,100,2681,0,24,73.41952879597572,12.495657999352261,2511.467815999822,115.0
1781461929,20,GET,/api/products [GET],11.000000,0.000000,2,3,3,4,7,11,15,15,17,17,17,6760,0,2,7.865918162570569,0.8297470003526541,497.9289789998802,120.0
1781461929,20,GET,/api/products/{id} [GET],5.400000,0.000000,2,2,3,3,5,7,18,18,18,18,18,3960,0,2,7.802023383339814,0.8969890004664194,501.92681399948924,39.0
1781461929,20,,Aggregated,20.000000,0.000000,2,4,7,14,19,34,82,96,100,100,100,13401,0,3,20.96167271688781,0.8297470003526541,2511.467815999822,95.0641743153496
1781461930,20,GET,/api/load/mixed [GET],3.500000,0.000000,20,27,31,35,82,96,100,100,100,100,100,2684,0,24,73.36301702049593,12.495657999352261,2511.467815999822,115.0
1781461930,20,GET,/api/products [GET],11.100000,0.000000,2,3,3,4,6,8,15,15,15,15,15,6771,0,2,7.858654338203677,0.8297470003526541,497.9289789998802,120.0
1781461930,20,GET,/api/products/{id} [GET],5.400000,0.000000,2,2,3,3,5,6,18,18,18,18,18,3966,0,2,7.792987803334659,0.8969890004664194,501.92681399948924,39.0
1781461930,20,,Aggregated,20.000000,0.000000,2,4,6,8,17,28,82,96,100,100,100,13421,0,3,20.939145803964934,0.8297470003526541,2511.467815999822,95.06400417256538
1781461931,20,GET,/api/load/mixed [GET],3.700000,0.000000,23,30,73,82,90,96,100,100,100,100,100,2686,0,24,73.37304883805352,12.495657999352261,2511.467815999822,115.0
1781461931,20,GET,/api/products [GET],11.000000,0.000000,2,3,3,4,6,8,15,15,67,67,67,6781,0,2,7.859402989968753,0.8297470003526541,497.9289789998802,120.0
1781461931,20,GET,/api/products/{id} [GET],5.200000,0.000000,2,2,3,3,4,7,9,18,18,18,18,3974,0,2,7.7838179723266165,0.8969890004664194,501.92681399948924,39.0
1781461931,20,,Aggregated,19.900000,0.000000,2,3,4,7,17,31,84,96,100,100,100,13441,0,3,20.929061340377633,0.8297470003526541,2511.467815999822,95.05215385759988
1781461932,20,GET,/api/load/mixed [GET],3.700000,0.000000,19,26,31,35,84,90,96,96,96,96,96,2687,0,24,73.35223722925635,12.495657999352261,2511.467815999822,115.0
1781461932,20,GET,/api/products [GET],11.400000,0.000000,2,2,3,4,6,8,10,15,67,67,67,6795,0,2,7.849380888738679,0.8297470003526541,497.9289789998802,120.0
1781461932,20,GET,/api/products/{id} [GET],4.900000,0.000000,2,2,3,4,5,6,7,9,9,9,9,3979,0,2,7.778889277714738,0.8969890004664194,501.92681399948924,39.0
1781461932,20,,Aggregated,20.000000,0.000000,2,3,5,6,16,25,82,90,96,96,96,13461,0,3,20.903811381770897,0.8297470003526541,2511.467815999822,95.05876235049402
1781461933,20,GET,/api/load/mixed [GET],3.300000,0.000000,23,30,32,35,84,90,96,96,96,96,96,2689,0,24,73.32000242915993,12.495657999352261,2511.467815999822,115.0
1781461933,20,GET,/api/products [GET],11.400000,0.000000,2,3,3,4,7,8,15,15,67,67,67,6804,0,2,7.8447456000851545,0.8297470003526541,497.9289789998802,120.0
1781461933,20,GET,/api/products/{id} [GET],5.300000,0.000000,2,2,3,4,5,9,14,15,15,15,15,3988,0,2,7.772165355823679,0.8969890004664194,501.92681399948924,39.0
1781461933,20,,Aggregated,20.000000,0.000000,2,3,5,7,16,28,82,90,96,96,96,13481,0,3,20.88335665262333,0.8297470003526541,2511.467815999822,95.04094651732068
1781461934,20,GET,/api/load/mixed [GET],2.800000,0.000000,25,32,82,89,96,110,120,120,120,120,120,2698,0,24,73.27217748777366,12.495657999352261,2511.467815999822,115.0
1781461934,20,GET,/api/products [GET],11.700000,0.000000,2,3,3,4,6,8,15,15,67,67,67,6811,0,2,7.8401726034322605,0.8297470003526541,497.9289789998802,120.0
1781461934,20,GET,/api/products/{id} [GET],5.700000,0.000000,2,2,3,4,5,9,14,15,15,15,15,3992,0,2,7.766131472952062,0.8969890004664194,501.92681399948924,39.0
1781461934,20,,Aggregated,20.200000,0.000000,2,4,6,8,17,47,95,110,120,120,120,13501,0,3,20.894018761870594,0.8297470003526541,2511.467815999822,95.05058884527072
1781461935,20,GET,/api/load/mixed [GET],2.500000,0.000000,26,47,88,89,96,120,190,190,190,190,190,2704,0,24,73.235475439354,12.495657999352261,2511.467815999822,115.0
1781461935,20,GET,/api/products [GET],11.800000,0.000000,2,3,4,4,6,8,15,15,67,67,67,6821,0,2,7.833138277375226,0.8297470003526541,497.9289789998802,120.0
1781461935,20,GET,/api/products/{id} [GET],5.700000,0.000000,2,3,4,4,6,9,14,15,15,15,15,3996,0,2,7.763490936442624,0.8969890004664194,501.92681399948924,39.0
1781461935,20,,Aggregated,20.000000,0.000000,2,4,6,10,23,82,96,120,190,190,190,13521,0,3,20.89205469713883,0.8297470003526541,2511.467815999822,95.06131203313365
1781461936,20,GET,/api/load/mixed [GET],2.800000,0.000000,23,30,84,89,96,120,190,190,190,190,190,2712,0,24,73.09616502729087,12.495657999352261,2511.467815999822,115.0
1781461936,20,GET,/api/products [GET],11.000000,0.000000,2,3,4,4,7,13,20,67,67,67,67,6829,0,2,7.8306083427995485,0.8297470003526541,497.9289789998802,120.0
1781461936,20,GET,/api/products/{id} [GET],5.900000,0.000000,2,3,4,5,9,14,15,70,70,70,70,4001,0,2,7.775469385659801,0.8969890004664194,501.92681399948924,39.0
1781461936,20,,Aggregated,19.700000,0.000000,3,5,13,14,27,84,96,120,190,190,190,13542,0,3,20.884778979398572,0.8297470003526541,2511.467815999822,95.06712450155074
1781461937,20,GET,/api/load/mixed [GET],3.000000,0.000000,26,47,86,89,96,110,190,190,190,190,190,2719,0,24,73.065074292024,12.495657999352261,2511.467815999822,115.0
1781461937,20,GET,/api/products [GET],11.000000,0.000000,2,3,4,5,8,15,35,67,67,67,67,6837,0,2,7.831914911361365,0.8297470003526541,497.9289789998802,120.0
1781461937,20,GET,/api/products/{id} [GET],5.800000,0.000000,2,3,5,5,12,15,21,70,70,70,70,4006,0,2,7.775767637549911,0.8969890004664194,501.92681399948924,39.0
1781461937,20,,Aggregated,19.800000,0.000000,3,8,14,15,47,88,99,120,190,190,190,13562,0,3,20.89370774259074,0.8297470003526541,2511.467815999822,95.07144963869636
1781461938,20,GET,/api/load/mixed [GET],3.700000,0.000000,25,47,86,88,95,110,190,190,190,190,190,2722,0,24,73.00355922667643,12.495657999352261,2511.467815999822,115.0
1781461938,20,GET,/api/products [GET],10.700000,0.000000,2,3,4,5,8,15,35,67,67,67,67,6849,0,2,7.821587986856488,0.8297470003526541,497.9289789998802,120.0
1781461938,20,GET,/api/products/{id} [GET],5.600000,0.000000,2,3,4,5,12,15,21,70,70,70,70,4011,0,2,7.7684554899089635,0.8969890004664194,501.92681399948924,39.0
1781461938,20,,Aggregated,20.000000,0.000000,3,6,14,15,35,87,99,120,190,190,190,13582,0,3,20.86916649293313,0.8297470003526541,2511.467815999822,95.07723457517302
1781461939,20,GET,/api/load/mixed [GET],4.200000,0.000000,25,47,86,88,95,110,190,190,190,190,190,2724,0,24,72.97063240345572,12.495657999352261,2511.467815999822,115.0
1781461939,20,GET,/api/products [GET],10.200000,0.000000,2,3,4,4,8,15,35,67,67,67,67,6861,0,2,7.81211371694796,0.8297470003526541,497.9289789998802,120.0
1781461939,20,GET,/api/products/{id} [GET],5.400000,0.000000,2,3,4,5,12,15,21,70,70,70,70,4017,0,2,7.760529835455745,0.8969890004664194,501.92681399948924,39.0
1781461939,20,,Aggregated,19.800000,0.000000,3,6,14,15,32,87,99,120,190,190,190,13602,0,3,20.845828791943735,0.8297470003526541,2511.467815999822,95.07741508601676
1781461940,20,GET,/api/load/mixed [GET],4.600000,0.000000,24,36,86,88,95,110,190,190,190,190,190,2729,0,24,72.9014438028625,12.495657999352261,2511.467815999822,115.0
1781461940,20,GET,/api/products [GET],9.800000,0.000000,2,3,4,5,8,13,20,35,35,35,35,6868,0,2,7.808531646618768,0.8297470003526541,497.9289789998802,120.0
1781461940,20,GET,/api/products/{id} [GET],5.600000,0.000000,2,3,4,5,13,21,67,70,70,70,70,4025,0,2,7.766003089944783,0.8969890004664194,501.92681399948924,39.0
1781461940,20,,Aggregated,20.000000,0.000000,3,6,14,15,32,87,99,120,190,190,190,13622,0,3,20.836528991632417,0.8297470003526541,2511.467815999822,95.0646013801204
1781461941,20,GET,/api/load/mixed [GET],4.500000,0.000000,25,34,77,87,95,110,190,190,190,190,190,2733,0,24,72.82971155068152,12.495657999352261,2511.467815999822,115.0
1781461941,20,GET,/api/products [GET],10.000000,0.000000,2,3,4,5,9,15,20,35,35,35,35,6878,0,2,7.804231152802812,0.8297470003526541,497.9289789998802,120.0
1781461941,20,GET,/api/products/{id} [GET],5.600000,0.000000,2,3,4,5,13,21,67,70,70,70,70,4031,0,2,7.759544753170048,0.8969890004664194,501.92681399948924,39.0
1781461941,20,,Aggregated,20.100000,0.000000,3,9,14,15,34,87,99,120,190,190,190,13642,0,3,20.818049291674132,0.8297470003526541,2511.467815999822,95.06406685236769
1781461942,20,GET,/api/load/mixed [GET],4.500000,0.000000,24,34,83,87,95,110,120,190,190,190,190,2740,0,24,72.7461562164284,12.495657999352261,2511.467815999822,115.0
1781461942,20,GET,/api/products [GET],9.500000,0.000000,2,3,4,5,10,13,20,35,35,35,35,6886,0,2,7.800858522651542,0.8297470003526541,497.9289789998802,120.0
1781461942,20,GET,/api/products/{id} [GET],6.000000,0.000000,2,3,4,4,9,21,67,70,70,70,70,4036,0,2,7.75403485530925,0.8969890004664194,501.92681399948924,39.0
1781461942,20,,Aggregated,20.000000,0.000000,3,10,15,16,36,88,99,120,190,190,190,13662,0,3,20.812213767824648,0.8297470003526541,2511.467815999822,95.06836480749524
1781461943,20,GET,/api/load/mixed [GET],4.700000,0.000000,24,32,68,86,98,110,190,190,190,190,190,2744,0,24,72.68656156232275,12.495657999352261,2511.467815999822,115.0
1781461943,20,GET,/api/products [GET],9.400000,0.000000,2,2,4,5,10,13,20,35,35,35,35,6895,0,2,7.795515619721203,0.8297470003526541,497.9289789998802,120.0
1781461943,20,GET,/api/products/{id} [GET],5.900000,0.000000,2,4,6,8,12,21,67,70,70,70,70,4043,0,2,7.754082015589487,0.8969890004664194,501.92681399948924,39.0
1781461943,20,,Aggregated,20.000000,0.000000,3,11,14,16,32,86,99,120,190,190,190,13682,0,3,20.79752658339567,0.8297470003526541,2511.467815999822,95.06190615407104
1781461944,20,GET,/api/load/mixed [GET],5.000000,0.000000,20,32,36,77,88,98,190,190,190,190,190,2749,0,24,72.59518165369745,12.495657999352261,2511.467815999822,115.0
1781461944,20,GET,/api/products [GET],9.200000,0.000000,2,2,4,6,11,13,20,35,35,35,35,6902,0,2,7.791228022888832,0.8297470003526541,497.9289789998802,120.0
1781461944,20,GET,/api/products/{id} [GET],5.700000,0.000000,2,4,5,7,13,21,67,70,70,70,70,4051,0,2,7.747825762781487,0.8969890004664194,501.92681399948924,39.0
1781461944,20,,Aggregated,19.900000,0.000000,3,12,15,16,32,77,94,99,190,190,190,13702,0,3,20.779860775435747,0.8297470003526541,2511.467815999822,95.04918989928477
1781461945,20,GET,/api/load/mixed [GET],5.400000,0.000000,17,29,33,47,86,88,99,99,99,99,99,2754,0,24,72.49020428686089,12.495657999352261,2511.467815999822,115.0
1781461945,20,GET,/api/products [GET],8.900000,0.000000,2,2,3,4,10,12,20,35,35,35,35,6915,0,2,7.781000346490287,0.8297470003526541,497.9289789998802,120.0
1781461945,20,GET,/api/products/{id} [GET],5.700000,0.000000,2,3,5,6,11,20,21,67,67,67,67,4053,0,2,7.744875429812051,0.8969890004664194,501.92681399948924,39.0
1781461945,20,,Aggregated,20.000000,0.000000,2,9,14,15,27,47,87,98,99,99,99,13722,0,3,20.757442072512994,0.8297470003526541,2511.467815999822,95.07192829033669
1781461946,20,GET,/api/load/mixed [GET],5.400000,0.000000,17,25,32,33,77,88,99,99,99,99,99,2758,0,24,72.40802130167332,12.495657999352261,2511.467815999822,115.0
1781461946,20,GET,/api/products [GET],9.000000,0.000000,2,2,3,4,9,11,13,19,19,19,19,6925,0,2,7.772838215592718,0.8297470003526541,497.9289789998802,120.0
1781461946,20,GET,/api/products/{id} [GET],5.900000,0.000000,2,3,5,6,9,14,20,67,67,67,67,4059,0,2,7.73846905839547,0.8969890004664194,501.92681399948924,39.0
1781461946,20,,Aggregated,20.300000,0.000000,2,6,13,14,21,33,83,98,99,99,99,13742,0,3,20.734876531874658,0.8297470003526541,2511.467815999822,95.07138698879348
1781461947,20,GET,/api/load/mixed [GET],5.200000,0.000000,17,25,29,32,36,83,98,98,98,98,98,2761,0,24,72.34982450851716,12.495657999352261,2511.467815999822,115.0
1781461947,20,GET,/api/products [GET],9.200000,0.000000,2,2,3,4,9,11,13,19,19,19,19,6933,0,2,7.767022939417227,0.8297470003526541,497.9289789998802,120.0
1781461947,20,GET,/api/products/{id} [GET],5.800000,0.000000,2,4,5,6,9,14,20,67,67,67,67,4068,0,2,7.728362842927256,0.8969890004664194,501.92681399948924,39.0
1781461947,20,,Aggregated,20.200000,0.000000,2,6,12,14,20,32,68,88,98,98,98,13762,0,3,20.71251384624497,0.8297470003526541,2511.467815999822,95.05355326260718
1781461948,20,GET,/api/load/mixed [GET],4.600000,0.000000,17,24,29,32,68,88,98,98,98,98,98,2761,0,24,72.34982450851716,12.495657999352261,2511.467815999822,115.0
1781461948,20,GET,/api/products [GET],9.500000,0.000000,2,2,3,3,9,11,13,19,19,19,19,6945,0,2,7.756910925987021,0.8297470003526541,497.9289789998802,120.0
1781461948,20,GET,/api/products/{id} [GET],5.900000,0.000000,2,3,5,5,8,11,20,67,67,67,67,4076,0,2,7.717812859182472,0.8969890004664194,501.92681399948924,39.0
1781461948,20,,Aggregated,20.000000,0.000000,2,5,10,14,19,31,68,88,98,98,98,13782,0,3,20.685489556161887,0.8297470003526541,2511.467815999822,95.04273690320709
1781461949,20,GET,/api/load/mixed [GET],4.400000,0.000000,17,21,27,31,34,83,98,98,98,98,98,2763,0,24,72.31080899819626,12.495657999352261,2511.467815999822,115.0
1781461949,20,GET,/api/products [GET],9.700000,0.000000,2,2,3,4,7,11,19,68,68,68,68,6955,0,2,7.759915583749871,0.8297470003526541,497.9289789998802,120.0
1781461949,20,GET,/api/products/{id} [GET],6.100000,0.000000,2,3,5,6,8,9,14,20,20,20,20,4084,0,2,7.708709038939492,0.8969890004664194,501.92681399948924,39.0
1781461949,20,,Aggregated,20.200000,0.000000,2,5,9,13,17,27,68,83,98,98,98,13802,0,3,20.667102294017173,0.8297470003526541,2511.467815999822,95.03122735835386
1781461950,20,GET,/api/load/mixed [GET],4.100000,0.000000,17,21,27,30,33,83,98,98,98,98,98,2768,0,24,72.21775083418241,12.495657999352261,2511.467815999822,115.0
1781461950,20,GET,/api/products [GET],9.600000,0.000000,2,2,3,4,7,10,12,68,68,68,68,6967,0,2,7.752897573270968,0.8297470003526541,497.9289789998802,120.0
1781461950,20,GET,/api/products/{id} [GET],6.300000,0.000000,2,4,5,6,8,11,14,20,20,20,20,4087,0,2,7.707582122835814,0.8969890004664194,501.92681399948924,39.0
1781461950,20,,Aggregated,20.000000,0.000000,2,5,9,13,17,27,68,83,98,98,98,13822,0,3,20.64925914035779,0.8297470003526541,2511.467815999822,95.04796700911591
1781461951,20,GET,/api/load/mixed [GET],3.900000,0.000000,17,20,25,31,68,91,94,94,94,94,94,2771,0,24,72.21211979177865,12.495657999352261,2511.467815999822,115.0
1781461951,20,GET,/api/products [GET],9.600000,0.000000,2,3,4,4,7,10,12,68,68,68,68,6974,0,2,7.75061796558356,0.8297470003526541,497.9289789998802,120.0
1781461951,20,GET,/api/products/{id} [GET],6.500000,0.000000,2,4,6,7,9,11,20,69,69,69,69,4097,0,2,7.714466442770204,0.8969890004664194,501.92681399948924,39.0
1781461951,20,,Aggregated,20.000000,0.000000,2,6,9,13,17,30,69,91,94,94,94,13842,0,3,20.644326155976565,0.8297470003526541,2511.467815999822,95.02441843664211
1781461952,20,GET,/api/load/mixed [GET],3.800000,0.000000,17,19,28,30,33,92,94,94,94,94,94,2775,0,24,72.162784337304,12.495657999352261,2511.467815999822,115.0
1781461952,20,GET,/api/products [GET],9.800000,0.000000,2,3,4,4,7,9,11,68,68,68,68,6985,0,2,7.742425365065063,0.8297470003526541,497.9289789998802,120.0
1781461952,20,GET,/api/products/{id} [GET],6.400000,0.000000,2,4,5,6,8,10,20,69,69,69,69,4102,0,2,7.710719294010086,0.8969890004664194,501.92681399948924,39.0
1781461952,20,,Aggregated,20.000000,0.000000,2,5,7,10,17,28,69,92,94,94,94,13862,0,3,20.629197681072522,0.8297470003526541,2511.467815999822,95.02979368056558
1781461953,20,GET,/api/load/mixed [GET],3.700000,0.000000,16,18,21,24,32,92,94,94,94,94,94,2779,0,24,72.08046755344368,12.495657999352261,2511.467815999822,115.0
1781461953,20,GET,/api/products [GET],10.000000,0.000000,2,3,3,4,6,8,10,68,68,68,68,6991,0,2,7.7379790738063665,0.8297470003526541,497.9289789998802,120.0
1781461953,20,GET,/api/products/{id} [GET],6.300000,0.000000,2,3,4,5,7,9,10,69,69,69,69,4112,0,2,7.697361648597074,0.8969890004664194,501.92681399948924,39.0
1781461953,20,,Aggregated,20.000000,0.000000,2,5,7,9,16,21,69,92,94,94,94,13882,0,3,20.60649633590487,0.8297470003526541,2511.467815999822,95.00597896556692
1781461954,20,GET,/api/load/mixed [GET],3.700000,0.000000,16,18,19,24,32,92,94,94,94,94,94,2784,0,24,71.97737429418865,12.495657999352261,2511.467815999822,115.0
1781461954,20,GET,/api/products [GET],9.700000,0.000000,2,3,3,4,7,8,10,68,68,68,68,7000,0,2,7.7304363744258024,0.8297470003526541,497.9289789998802,120.0
1781461954,20,GET,/api/products/{id} [GET],6.700000,0.000000,2,3,4,5,7,9,10,69,69,69,69,4118,0,2,7.688620830993589,0.8969890004664194,501.92681399948924,39.0
1781461954,20,,Aggregated,20.100000,0.000000,2,5,7,10,16,21,69,92,94,94,94,13902,0,3,20.58407461070589,0.8297470003526541,2511.467815999822,95.00517911091929
1781461955,20,GET,/api/load/mixed [GET],3.400000,0.000000,16,18,24,25,32,92,94,94,94,94,94,2787,0,24,71.92045262218221,12.495657999352261,2511.467815999822,115.0
1781461955,20,GET,/api/products [GET],10.100000,0.000000,2,3,4,4,7,8,10,68,68,68,68,7009,0,2,7.724436274358589,0.8297470003526541,497.9289789998802,120.0
1781461955,20,GET,/api/products/{id} [GET],6.500000,0.000000,2,3,4,5,7,9,10,69,69,69,69,4126,0,2,7.678839579261578,0.8969890004664194,501.92681399948924,39.0
1781461955,20,,Aggregated,20.000000,0.000000,2,4,7,9,16,24,69,92,94,94,94,13922,0,3,20.562115170883082,0.8297470003526541,2511.467815999822,94.99346358281856
1781461956,20,GET,/api/load/mixed [GET],3.200000,0.000000,16,18,19,25,32,92,94,94,94,94,94,2790,0,24,71.85914943011551,12.495657999352261,2511.467815999822,115.0
1781461956,20,GET,/api/products [GET],9.700000,0.000000,2,3,3,4,6,8,10,68,68,68,68,7019,0,2,7.716607525855634,0.8297470003526541,497.9289789998802,120.0
1781461956,20,GET,/api/products/{id} [GET],7.100000,0.000000,2,2,3,4,7,9,10,69,69,69,69,4133,0,2,7.669091152197568,0.8969890004664194,501.92681399948924,39.0
1781461956,20,,Aggregated,20.000000,0.000000,2,4,7,9,16,19,69,92,94,94,94,13942,0,3,20.53839111074704,0.8297470003526541,2511.467815999822,94.98759145029408
1781461957,20,GET,/api/load/mixed [GET],3.500000,0.000000,16,18,25,28,91,94,97,97,97,97,97,2792,0,24,71.85047636139743,12.495657999352261,2511.467815999822,115.0
1781461957,20,GET,/api/products [GET],9.600000,0.000000,2,3,4,5,7,8,10,68,68,68,68,7029,0,2,7.710326560247615,0.8297470003526541,497.9289789998802,120.0
1781461957,20,GET,/api/products/{id} [GET],6.900000,0.000000,2,2,4,4,7,9,10,69,69,69,69,4141,0,2,7.659152387112295,0.8969890004664194,501.92681399948924,39.0
1781461957,20,,Aggregated,20.000000,0.000000,2,4,7,9,16,25,91,94,97,97,97,13962,0,3,20.52134117089485,0.8297470003526541,2511.467815999822,94.97629279472855
1781461958,20,GET,/api/load/mixed [GET],3.400000,0.000000,16,18,26,28,91,94,97,97,97,97,97,2796,0,24,71.77852790236798,12.495657999352261,2511.467815999822,115.0
1781461958,20,GET,/api/products [GET],9.500000,0.000000,2,3,4,5,6,8,9,10,10,10,10,7035,0,2,7.7073953147094825,0.8297470003526541,497.9289789998802,120.0
1781461958,20,GET,/api/products/{id} [GET],7.100000,0.000000,2,2,4,4,7,9,10,69,69,69,69,4151,0,2,7.64921852542297,0.8969890004664194,501.92681399948924,39.0
1781461958,20,,Aggregated,20.000000,0.000000,2,5,7,9,16,26,91,94,97,97,97,13982,0,3,20.502517247391822,0.8297470003526541,2511.467815999822,94.9527249320555
1781461959,20,GET,/api/load/mixed [GET],3.100000,0.000000,16,18,25,26,91,94,97,97,97,97,97,2798,0,24,71.73684141530443,12.495657999352261,2511.467815999822,115.0
1781461959,20,GET,/api/products [GET],9.600000,0.000000,2,3,4,5,6,7,9,10,10,10,10,7046,0,2,7.7005954347119285,0.8297470003526541,497.9289789998802,120.0
1781461959,20,GET,/api/products/{id} [GET],7.300000,0.000000,2,3,4,4,6,8,10,69,69,69,69,4158,0,2,7.641619806886198,0.8969890004664194,501.92681399948924,39.0
1781461959,20,,Aggregated,20.000000,0.000000,2,5,6,9,15,22,91,94,97,97,97,14002,0,3,20.479355297102874,0.8297470003526541,2511.467815999822,94.94729324382232
1781461960,20,GET,/api/load/mixed [GET],3.300000,0.000000,17,22,26,28,48,97,110,110,110,110,110,2804,0,24,71.68141284130621,12.495657999352261,2511.467815999822,115.0
1781461960,20,GET,/api/products [GET],9.400000,0.000000,2,3,4,5,6,9,18,32,32,32,32,7056,0,2,7.70279465844403,0.8297470003526541,497.9289789998802,120.0
1781461960,20,GET,/api/products/{id} [GET],7.300000,0.000000,2,2,3,4,5,6,7,8,8,8,8,4162,0,2,7.636531956999566,0.8969890004664194,501.92681399948924,39.0
1781461960,20,,Aggregated,20.000000,0.000000,2,4,6,12,17,26,48,97,110,110,110,14022,0,3,20.477025154901973,0.8297470003526541,2511.467815999822,94.95778063043788
1781461961,20,GET,/api/load/mixed [GET],3.400000,0.000000,16,18,25,26,46,97,110,110,110,110,110,2807,0,24,71.62091596901422,12.495657999352261,2511.467815999822,115.0
1781461961,20,GET,/api/products [GET],9.000000,0.000000,2,3,4,5,6,9,18,32,32,32,32,7066,0,2,7.695492739595212,0.8297470003526541,497.9289789998802,120.0
1781461961,20,GET,/api/products/{id} [GET],7.600000,0.000000,2,2,3,4,5,7,9,9,9,9,9,4169,0,2,7.63076358815823,0.8969890004664194,501.92681399948924,39.0
1781461961,20,,Aggregated,20.000000,0.000000,2,4,6,9,16,25,46,97,110,110,110,14042,0,3,20.454986200116362,0.8297470003526541,2511.467815999822,94.95200113943882
1781461962,20,GET,/api/load/mixed [GET],3.500000,0.000000,18,25,28,40,110,120,120,120,120,120,120,2814,0,24,71.6034205771225,12.495657999352261,2511.467815999822,115.0
1781461962,20,GET,/api/products [GET],8.800000,0.000000,2,3,5,5,12,18,23,32,32,32,32,7077,0,2,7.697693617773371,0.8297470003526541,497.9289789998802,120.0
1781461962,20,GET,/api/products/{id} [GET],7.400000,0.000000,2,2,3,4,6,8,9,19,19,19,19,4171,0,2,7.632110933117023,0.8969890004664194,501.92681399948924,39.0
1781461962,20,,Aggregated,19.700000,0.000000,3,5,12,14,20,32,110,120,120,120,120,14062,0,3,20.466657512376294,0.8297470003526541,2511.467815999822,94.97361683970986
1781461963,20,GET,/api/load/mixed [GET],3.500000,0.000000,18,25,28,40,110,120,120,120,120,120,120,2817,0,24,71.5449477880805,12.495657999352261,2511.467815999822,115.0
1781461963,20,GET,/api/products [GET],9.100000,0.000000,2,3,5,5,9,18,23,32,32,32,32,7092,0,2,7.686644030031121,0.8297470003526541,497.9289789998802,120.0
1781461963,20,GET,/api/products/{id} [GET],7.400000,0.000000,2,3,4,4,6,9,9,19,19,19,19,4173,0,2,7.629424536551859,0.8969890004664194,501.92681399948924,39.0
1781461963,20,,Aggregated,20.000000,0.000000,3,5,12,14,20,32,110,120,120,120,120,14082,0,3,20.444069448305214,0.8297470003526541,2511.467815999822,94.996591393268
1781461964,20,GET,/api/load/mixed [GET],3.500000,0.000000,19,28,40,46,110,120,120,120,120,120,120,2822,0,24,71.48566670376368,12.495657999352261,2511.467815999822,115.0
1781461964,20,GET,/api/products [GET],9.300000,0.000000,2,3,5,5,12,18,23,32,32,32,32,7099,0,2,7.682842595151611,0.8297470003526541,497.9289789998802,120.0
1781461964,20,GET,/api/products/{id} [GET],6.900000,0.000000,2,3,4,5,9,14,15,19,19,19,19,4181,0,2,7.628747063867586,0.8969890004664194,501.92681399948924,39.0
1781461964,20,,Aggregated,19.700000,0.000000,3,5,13,14,22,34,110,120,120,120,120,14102,0,3,20.434608033969116,0.8297470003526541,2511.467815999822,94.98432846404765
1781461965,20,GET,/api/load/mixed [GET],3.800000,0.000000,25,32,40,48,110,120,120,120,120,120,120,2827,0,24,71.41277458225014,12.495657999352261,2511.467815999822,115.0
1781461965,20,GET,/api/products [GET],9.600000,0.000000,2,4,4,5,12,18,23,32,32,32,32,7109,0,2,7.675277242647513,0.8297470003526541,497.9289789998802,120.0
1781461965,20,GET,/api/products/{id} [GET],6.600000,0.000000,2,3,4,5,9,14,15,19,19,19,19,4186,0,2,7.622585496184782,0.8969890004664194,501.92681399948924,39.0
1781461965,20,,Aggregated,20.000000,0.000000,3,6,13,14,26,40,110,120,120,120,120,14122,0,3,20.41889268864406,0.8297470003526541,2511.467815999822,94.98930746353207
1781461966,20,GET,/api/load/mixed [GET],4.000000,0.000000,25,32,40,48,110,120,120,120,120,120,120,2828,0,24,71.39235825601894,12.495657999352261,2511.467815999822,115.0
1781461966,20,GET,/api/products [GET],10.000000,0.000000,2,4,4,5,12,18,23,32,32,32,32,7121,0,2,7.666483128350059,0.8297470003526541,497.9289789998802,120.0
1781461966,20,GET,/api/products/{id} [GET],5.900000,0.000000,2,4,5,6,9,14,15,19,19,19,19,4193,0,2,7.615390590038481,0.8969890004664194,501.92681399948924,39.0
1781461966,20,,Aggregated,19.900000,0.000000,3,6,13,14,26,40,110,120,120,120,120,14142,0,3,20.394707131171916,0.8297470003526541,2511.467815999822,94.98423136755763
1781461967,20,GET,/api/load/mixed [GET],3.900000,0.000000,25,33,40,48,110,120,120,120,120,120,120,2831,0,24,71.36999170859137,12.495657999352261,2511.467815999822,115.0
1781461967,20,GET,/api/products [GET],9.700000,0.000000,2,4,4,5,12,18,20,23,32,32,32,7134,0,2,7.6625057394143905,0.8297470003526541,497.9289789998802,120.0
1781461967,20,GET,/api/products/{id} [GET],6.300000,0.000000,2,3,5,6,10,14,19,19,19,19,19,4197,0,2,7.610094175847615,0.8969890004664194,501.92681399948924,39.0
1781461967,20,,Aggregated,19.900000,0.000000,3,6,13,14,27,40,110,120,120,120,120,14162,0,3,20.38217255529138,0.8297470003526541,2511.467815999822,94.9956220872758
1781461968,20,GET,/api/load/mixed [GET],3.800000,0.000000,30,40,88,94,110,120,120,120,120,120,120,2836,0,24,71.39049420945807,12.495657999352261,2511.467815999822,115.0
1781461968,20,GET,/api/products [GET],10.100000,0.000000,2,4,4,7,12,20,23,32,80,80,80,7146,0,2,7.667861926529771,0.8297470003526541,497.9289789998802,120.0
1781461968,20,GET,/api/products/{id} [GET],6.100000,0.000000,2,4,5,6,13,15,51,51,51,51,51,4201,0,2,7.6182622911289215,0.8969890004664194,501.92681399948924,39.0
1781461968,20,,Aggregated,20.000000,0.000000,3,9,14,17,34,88,110,120,120,120,120,14183,0,3,20.39500125432116,0.8297470003526541,2511.467815999822,95.00803779172249
1781461969,20,GET,/api/load/mixed [GET],4.100000,0.000000,33,88,95,97,110,120,190,190,190,190,190,2845,0,24,71.41461013322396,12.495657999352261,2511.467815999822,115.0
1781461969,20,GET,/api/products [GET],10.200000,0.000000,2,4,4,6,12,20,20,23,80,80,80,7154,0,2,7.667883053254637,0.8297470003526541,497.9289789998802,120.0
1781461969,20,GET,/api/products/{id} [GET],5.700000,0.000000,2,5,6,9,14,15,51,51,51,51,51,4204,0,2,7.617694706477674,0.8969890004664194,501.92681399948924,39.0
1781461969,20,,Aggregated,20.000000,0.000000,4,10,14,19,40,95,120,130,190,190,190,14203,0,3,20.42212136436229,0.8297470003526541,2511.467815999822,95.02295289727522
1781461970,20,GET,/api/load/mixed [GET],4.000000,0.000000,32,88,94,95,110,120,190,190,190,190,190,2846,0,24,71.39569090548926,12.495657999352261,2511.467815999822,115.0
1781461970,20,GET,/api/products [GET],10.800000,0.000000,2,3,4,5,11,20,20,23,80,80,80,7169,0,2,7.655807569533185,0.8297470003526541,497.9289789998802,120.0
1781461970,20,GET,/api/products/{id} [GET],5.100000,0.000000,2,3,6,10,14,19,51,51,51,51,51,4207,0,2,7.613627632049437,0.8969890004664194,501.92681399948924,39.0
1781461970,20,,Aggregated,19.900000,0.000000,3,10,14,18,40,95,120,130,190,190,190,14222,0,3,20.398477867461498,0.8297470003526541,2511.467815999822,95.03888342005344
1781461971,20,GET,/api/load/mixed [GET],4.100000,0.000000,34,93,97,100,120,130,190,190,190,190,190,2854,0,24,71.40332058865522,12.495657999352261,2511.467815999822,115.0
1781461971,20,GET,/api/products [GET],10.700000,0.000000,2,3,4,4,10,15,20,20,80,80,80,7178,0,2,7.6534588317056,0.8297470003526541,497.9289789998802,120.0
1781461971,20,GET,/api/products/{id} [GET],4.700000,0.000000,2,4,5,6,13,14,51,51,51,51,51,4211,0,2,7.611180702453918,0.8969890004664194,501.92681399948924,39.0
1781461971,20,,Aggregated,19.600000,0.000000,3,9,14,18,80,98,120,130,190,190,190,14243,0,3,20.41510120003074,0.8297470003526541,2511.467815999822,95.05012988836621
1781461972,20,GET,/api/load/mixed [GET],4.400000,0.000000,32,89,95,97,110,130,190,190,190,190,190,2859,0,24,71.3062575313123,12.495657999352261,2511.467815999822,115.0
1781461972,20,GET,/api/products [GET],11.200000,0.000000,2,3,4,6,11,19,20,80,80,80,80,7185,0,2,7.6493453164902405,0.8297470003526541,497.9289789998802,120.0
1781461972,20,GET,/api/products/{id} [GET],4.700000,0.000000,2,4,6,6,13,14,51,51,51,51,51,4220,0,2,7.601467728207319,0.8969890004664194,501.92681399948924,39.0
1781461972,20,,Aggregated,20.300000,0.000000,3,9,14,16,51,95,120,130,190,190,190,14264,0,3,20.39423234674976,0.8297470003526541,2511.467815999822,95.03400168255749
1781461973,20,GET,/api/load/mixed [GET],4.300000,0.000000,29,88,95,97,110,130,190,190,190,190,190,2863,0,24,71.22835785819818,12.495657999352261,2511.467815999822,115.0
1781461973,20,GET,/api/products [GET],11.100000,0.000000,2,3,4,5,10,19,20,80,80,80,80,7194,0,2,7.642933468443495,0.8297470003526541,497.9289789998802,120.0
1781461973,20,GET,/api/products/{id} [GET],4.200000,0.000000,2,3,5,5,7,12,51,51,51,51,51,4227,0,2,7.593467021536515,0.8969890004664194,501.92681399948924,39.0
1781461973,20,,Aggregated,19.600000,0.000000,3,6,13,15,37,95,120,130,190,190,190,14284,0,3,20.37297934892454,0.8297470003526541,2511.467815999822,95.02786334360123
1781461974,20,GET,/api/load/mixed [GET],4.800000,0.000000,30,88,95,97,110,130,190,190,190,190,190,2867,0,24,71.18037766551136,12.495657999352261,2511.467815999822,115.0
1781461974,20,GET,/api/products [GET],11.000000,0.000000,2,3,5,6,11,19,20,20,80,80,80,7207,0,2,7.639918743580133,0.8297470003526541,497.9289789998802,120.0
1781461974,20,GET,/api/products/{id} [GET],4.500000,0.000000,2,3,5,5,10,12,51,51,51,51,51,4231,0,2,7.590604370369673,0.8969890004664194,501.92681399948924,39.0
1781461974,20,,Aggregated,20.300000,0.000000,3,7,14,15,49,95,120,130,190,190,190,14305,0,3,20.36007579468973,0.8297470003526541,2511.467815999822,95.04047535826633
1781461975,20,GET,/api/load/mixed [GET],4.500000,0.000000,30,89,95,97,110,130,190,190,190,190,190,2871,0,24,71.14361853257434,12.495657999352261,2511.467815999822,115.0
1781461975,20,GET,/api/products [GET],10.200000,0.000000,2,4,5,8,14,20,24,24,80,80,80,7222,0,2,7.638406175572099,0.8297470003526541,497.9289789998802,120.0
1781461975,20,GET,/api/products/{id} [GET],5.300000,0.000000,2,3,5,5,11,14,51,51,51,51,51,4236,0,2,7.5910941232373705,0.8969890004664194,501.92681399948924,39.0
1781461975,20,,Aggregated,20.000000,0.000000,3,10,14,18,51,97,120,130,190,190,190,14329,0,3,20.34850812429588,0.8297470003526541,2511.467815999822,95.0526205597041
1781461976,20,GET,/api/load/mixed [GET],4.600000,0.000000,27,89,95,97,110,130,190,190,190,190,190,2875,0,24,71.07542571861556,12.495657999352261,2511.467815999822,115.0
1781461976,20,GET,/api/products [GET],10.300000,0.000000,2,3,5,7,14,20,24,24,80,80,80,7231,0,2,7.634356738346234,0.8297470003526541,497.9289789998802,120.0
1781461976,20,GET,/api/products/{id} [GET],5.200000,0.000000,2,3,5,7,11,14,51,51,51,51,51,4243,0,2,7.584169489284345,0.8969890004664194,501.92681399948924,39.0
1781461976,20,,Aggregated,20.100000,0.000000,3,9,14,18,37,97,120,130,190,190,190,14349,0,3,20.330720862710592,0.8297470003526541,2511.467815999822,95.04648407554534
1781461977,20,GET,/api/load/mixed [GET],4.300000,0.000000,20,51,93,97,110,130,190,190,190,190,190,2884,0,24,70.96471751283555,12.495657999352261,2511.467815999822,115.0
1781461977,20,GET,/api/products [GET],10.700000,0.000000,2,3,4,6,14,20,24,80,80,80,80,7241,0,2,7.628411398423063,0.8297470003526541,497.9289789998802,120.0
1781461977,20,GET,/api/products/{id} [GET],4.900000,0.000000,2,3,5,6,11,14,51,51,51,51,51,4247,0,2,7.578955451856047,0.8969890004664194,501.92681399948924,39.0
1781461977,20,,Aggregated,19.900000,0.000000,3,11,14,18,34,97,120,130,190,190,190,14372,0,3,20.323364601101527,0.8297470003526541,2511.467815999822,95.0607431116059
1781461978,20,GET,/api/load/mixed [GET],4.700000,0.000000,19,28,88,97,110,130,190,190,190,190,190,2887,0,24,70.90782837756055,12.495657999352261,2511.467815999822,115.0
1781461978,20,GET,/api/products [GET],10.600000,0.000000,2,3,4,4,12,19,23,24,24,24,24,7251,0,2,7.620280802645391,0.8297470003526541,497.9289789998802,120.0
1781461978,20,GET,/api/products/{id} [GET],4.700000,0.000000,2,3,4,5,7,11,12,25,25,25,25,4254,0,2,7.57062022661802,0.8969890004664194,501.92681399948924,39.0
1781461978,20,,Aggregated,20.000000,0.000000,3,7,14,15,24,89,110,130,190,190,190,14392,0,3,20.30092934060808,0.8297470003526541,2511.467815999822,95.05496108949416
1781461979,20,GET,/api/load/mixed [GET],4.700000,0.000000,18,24,29,88,98,110,130,130,130,130,130,2890,0,24,70.85031438581892,12.495657999352261,2511.467815999822,115.0
1781461979,20,GET,/api/products [GET],10.400000,0.000000,2,3,4,4,12,20,24,24,24,24,24,7261,0,2,7.612682415642608,0.8297470003526541,497.9289789998802,120.0
1781461979,20,GET,/api/products/{id} [GET],4.800000,0.000000,2,3,3,4,7,11,12,25,25,25,25,4261,0,2,7.56186794509103,0.8969890004664194,501.92681399948924,39.0
1781461979,20,,Aggregated,19.900000,0.000000,3,6,13,14,23,34,100,120,130,130,130,14412,0,3,20.278532813560226,0.8297470003526541,2511.467815999822,95.04919511518179
1781461980,20,GET,/api/load/mixed [GET],5.000000,0.000000,18,27,31,37,98,110,130,130,130,130,130,2892,0,24,70.81905824205255,12.495657999352261,2511.467815999822,115.0
1781461980,20,GET,/api/products [GET],10.100000,0.000000,2,3,4,4,7,15,24,24,24,24,24,7267,0,2,7.608608787942923,0.8297470003526541,497.9289789998802,120.0
1781461980,20,GET,/api/products/{id} [GET],4.900000,0.000000,2,3,3,4,7,11,13,25,25,25,25,4270,0,2,7.55518952038293,0.8969890004664194,501.92681399948924,39.0
1781461980,20,,Aggregated,20.000000,0.000000,3,5,13,14,23,34,100,120,130,130,130,14429,0,3,20.26205112967161,0.8297470003526541,2511.467815999822,95.02737542449235
1781461981,20,GET,/api/load/mixed [GET],5.100000,0.000000,18,27,31,37,98,100,110,110,110,110,110,2896,0,24,70.8317699057372,12.495657999352261,2511.467815999822,115.0
1781461981,20,GET,/api/products [GET],10.200000,0.000000,2,3,3,4,8,15,24,24,24,24,24,7277,0,2,7.601891600794638,0.8297470003526541,497.9289789998802,120.0
1781461981,20,GET,/api/products/{id} [GET],5.200000,0.000000,2,3,3,5,9,13,25,60,60,60,60,4276,0,2,7.567205885882765,0.8969890004664194,501.92681399948924,39.0
1781461981,20,,Aggregated,20.400000,0.000000,3,5,13,14,23,34,98,100,110,110,110,14449,0,3,20.26473411267435,0.8297470003526541,2511.467815999822,95.02692227835837
1781461982,20,GET,/api/load/mixed [GET],4.500000,0.000000,20,34,87,91,100,110,180,180,180,180,180,2901,0,24,70.93230235850194,12.495657999352261,2511.467815999822,115.0
1781461982,20,GET,/api/products [GET],10.000000,0.000000,2,3,4,4,12,20,24,68,68,68,68,7288,0,2,7.605843838361932,0.8297470003526541,497.9289789998802,120.0
1781461982,20,GET,/api/products/{id} [GET],5.500000,0.000000,2,3,5,7,13,52,60,83,83,83,83,4282,0,2,7.591035144800107,0.8969890004664194,501.92681399948924,39.0
1781461982,20,,Aggregated,20.000000,0.000000,3,7,14,16,29,88,110,180,180,180,180,14471,0,3,20.296511058394678,0.8297470003526541,2511.467815999822,95.02957639416765
1781461983,20,GET,/api/load/mixed [GET],4.500000,0.000000,21,37,91,94,100,110,180,180,180,180,180,2907,0,24,70.87355235638596,12.495657999352261,2511.467815999822,115.0
1781461983,20,GET,/api/products [GET],9.400000,0.000000,2,3,3,4,7,20,24,68,68,68,68,7297,0,2,7.599567773602888,0.8297470003526541,497.9289789998802,120.0
1781461983,20,GET,/api/products/{id} [GET],6.300000,0.000000,2,3,5,9,25,60,83,83,83,83,83,4288,0,2,7.614233326733741,0.8969890004664194,501.92681399948924,39.0
1781461983,20,,Aggregated,20.200000,0.000000,3,5,14,17,37,92,110,180,180,180,180,14492,0,3,20.29625277732735,0.8297470003526541,2511.467815999822,95.03015456803753
1781461984,20,GET,/api/load/mixed [GET],4.100000,0.000000,21,31,87,92,100,110,180,180,180,180,180,2914,0,24,70.75288860604466,12.495657999352261,2511.467815999822,115.0
1781461984,20,GET,/api/products [GET],9.700000,0.000000,2,3,3,4,6,8,19,68,68,68,68,7303,0,2,7.595809589481163,0.8297470003526541,497.9289789998802,120.0
1781461984,20,GET,/api/products/{id} [GET],6.100000,0.000000,2,3,4,6,13,52,83,83,83,83,83,4295,0,2,7.608357864734197,0.8969890004664194,501.92681399948924,39.0
1781461984,20,,Aggregated,19.900000,0.000000,3,6,13,17,37,92,110,180,180,180,180,14512,0,3,20.28142308841152,0.8297470003526541,2511.467815999822,95.02308434399119
1781461985,20,GET,/api/load/mixed [GET],4.200000,0.000000,20,34,87,92,99,110,180,180,180,180,180,2918,0,24,70.68845661069712,12.495657999352261,2511.467815999822,115.0
1781461985,20,GET,/api/products [GET],10.100000,0.000000,2,3,3,4,7,8,19,68,68,68,68,7312,0,2,7.590705403580638,0.8297470003526541,497.9289789998802,120.0
1781461985,20,GET,/api/products/{id} [GET],5.700000,0.000000,2,3,5,9,20,52,83,83,83,83,83,4301,0,2,7.607638194148827,0.8969890004664194,501.92681399948924,39.0
1781461985,20,,Aggregated,20.000000,0.000000,3,6,14,16,37,91,110,180,180,180,180,14531,0,3,20.26650651531412,0.8297470003526541,2511.467815999822,95.02092079003509
1781461986,20,GET,/api/load/mixed [GET],4.100000,0.000000,19,31,84,92,99,110,180,180,180,180,180,2925,0,24,70.59204896718455,12.495657999352261,2511.467815999822,115.0
1781461986,20,GET,/api/products [GET],9.800000,0.000000,2,3,3,4,6,8,21,68,68,68,68,7320,0,2,7.5884699471284405,0.8297470003526541,497.9289789998802,120.0
1781461986,20,GET,/api/products/{id} [GET],6.000000,0.000000,2,3,4,6,20,52,83,83,83,83,83,4307,0,2,7.600346808459421,0.8969890004664194,501.92681399948924,39.0
1781461986,20,,Aggregated,19.900000,0.000000,3,6,14,16,37,92,110,180,180,180,180,14552,0,3,20.255912379468743,0.8297470003526541,2511.467815999822,95.02116547553601
1781461987,20,GET,/api/load/mixed [GET],4.600000,0.000000,19,30,37,92,99,110,180,180,180,180,180,2929,0,24,70.51455403278074,12.495657999352261,2511.467815999822,115.0
1781461987,20,GET,/api/products [GET],9.400000,0.000000,2,3,3,4,6,8,21,68,68,68,68,7325,0,2,7.584940552488713,0.8297470003526541,497.9289789998802,120.0
1781461987,20,GET,/api/products/{id} [GET],6.200000,0.000000,3,4,5,8,20,52,83,83,83,83,83,4316,0,2,7.596467860758569,0.8969890004664194,501.92681399948924,39.0
1781461987,20,,Aggregated,20.200000,0.000000,3,7,14,16,32,87,110,180,180,180,180,14570,0,3,20.23906476293946,0.8297470003526541,2511.467815999822,95.00061770761839
1781461988,20,GET,/api/load/mixed [GET],4.500000,0.000000,21,32,87,92,99,110,180,180,180,180,180,2935,0,24,70.45514104054973,12.495657999352261,2511.467815999822,115.0
1781461988,20,GET,/api/products [GET],9.100000,0.000000,2,3,3,4,6,8,21,68,68,68,68,7334,0,2,7.5782259085054715,0.8297470003526541,497.9289789998802,120.0
1781461988,20,GET,/api/products/{id} [GET],6.400000,0.000000,2,4,5,8,20,52,83,83,83,83,83,4323,0,2,7.586923143426349,0.8969890004664194,501.92681399948924,39.0
1781461988,20,,Aggregated,20.000000,0.000000,3,7,14,16,37,92,110,180,180,180,180,14592,0,3,20.227714947644202,0.8297470003526541,2511.467815999822,94.99739583333333
1781461989,20,GET,/api/load/mixed [GET],4.700000,0.000000,20,32,87,92,99,110,180,180,180,180,180,2937,0,24,70.41683224276949,12.495657999352261,2511.467815999822,115.0
1781461989,20,GET,/api/products [GET],8.800000,0.000000,2,3,3,4,6,8,21,68,68,68,68,7343,0,2,7.571360885057936,0.8297470003526541,497.9289789998802,120.0
1781461989,20,GET,/api/products/{id} [GET],6.600000,0.000000,3,4,5,8,20,52,83,83,83,83,83,4332,0,2,7.577409113581094,0.8969890004664194,501.92681399948924,39.0
1781461989,20,,Aggregated,20.100000,0.000000,3,7,14,16,37,92,110,180,180,180,180,14612,0,3,20.205042126747,0.8297470003526541,2511.467815999822,94.98104297837394
1781461990,20,GET,/api/load/mixed [GET],4.600000,0.000000,18,27,37,90,99,110,180,180,180,180,180,2942,0,24,70.32855498096986,12.495657999352261,2511.467815999822,115.0
1781461990,20,GET,/api/products [GET],8.300000,0.000000,2,3,3,4,5,8,21,68,68,68,68,7350,0,2,7.566552826119856,0.8297470003526541,497.9289789998802,120.0
1781461990,20,GET,/api/products/{id} [GET],7.000000,0.000000,2,3,4,5,20,52,83,83,83,83,83,4339,0,2,7.5683844300606244,0.8969890004664194,501.92681399948924,39.0
1781461990,20,,Aggregated,19.900000,0.000000,3,6,14,17,32,90,110,180,180,180,180,14631,0,3,20.187273055021993,0.8297470003526541,2511.467815999822,94.9730708769052
1781461991,20,GET,/api/load/mixed [GET],4.600000,0.000000,18,26,32,90,98,110,180,180,180,180,180,2948,0,24,70.28197968351915,12.495657999352261,2511.467815999822,115.0
1781461991,20,GET,/api/products [GET],8.500000,0.000000,2,3,3,4,6,14,21,25,25,25,25,7359,0,2,7.56506127163769,0.8297470003526541,497.9289789998802,120.0
1781461991,20,GET,/api/products/{id} [GET],6.900000,0.000000,2,3,4,5,16,52,83,83,83,83,83,4343,0,2,7.5663631745413085,0.8969890004664194,501.92681399948924,39.0
1781461991,20,,Aggregated,20.000000,0.000000,3,7,14,16,27,90,98,180,180,180,180,14650,0,3,20.185889233585574,0.8297470003526541,2511.467815999822,94.98136518771331
1781461992,20,GET,/api/load/mixed [GET],4.800000,0.000000,18,25,31,37,92,97,99,99,99,99,99,2950,0,24,70.29827539593703,12.495657999352261,2511.467815999822,115.0
1781461992,20,GET,/api/products [GET],8.100000,0.000000,2,3,3,4,8,14,21,25,25,25,25,7367,0,2,7.56188771290652,0.8297470003526541,497.9289789998802,120.0
1781461992,20,GET,/api/products/{id} [GET],7.000000,0.000000,2,3,4,5,13,20,52,83,83,83,83,4349,0,2,7.563117197294007,0.8969890004664194,501.92681399948924,39.0
1781461992,20,,Aggregated,19.900000,0.000000,3,8,14,16,25,52,93,98,99,99,99,14666,0,3,20.18139478317385,0.8297470003526541,2511.467815999822,94.97483976544389
1781461993,20,GET,/api/load/mixed [GET],5.000000,0.000000,20,31,87,90,98,220,270,290,290,290,290,2958,0,24,70.53035545132332,12.495657999352261,2511.467815999822,115.0
1781461993,20,GET,/api/products [GET],8.300000,0.000000,2,3,3,4,8,19,21,25,25,25,25,7376,0,2,7.557513538229662,0.8297470003526541,497.9289789998802,120.0
1781461993,20,GET,/api/products/{id} [GET],6.800000,0.000000,2,3,3,4,7,16,20,21,21,21,21,4360,0,2,7.548430266061845,0.8969890004664194,501.92681399948924,39.0
1781461993,20,,Aggregated,20.100000,0.000000,3,6,14,16,26,90,99,220,290,290,290,14694,0,3,20.231670562340106,0.8297470003526541,2511.467815999822,94.95916700694161
1781461994,20,GET,/api/load/mixed [GET],5.100000,0.000000,18,32,87,92,99,220,290,290,290,290,290,2963,0,24,70.43590594398117,12.495657999352261,2511.467815999822,115.0
1781461994,20,GET,/api/products [GET],8.200000,0.000000,2,3,3,4,8,19,21,25,25,25,25,7385,0,2,7.550983433578932,0.8297470003526541,497.9289789998802,120.0
1781461994,20,GET,/api/products/{id} [GET],6.700000,0.000000,2,2,3,3,7,16,20,21,21,21,21,4366,0,2,7.540597289058551,0.8969890004664194,501.92681399948924,39.0
1781461994,20,,Aggregated,20.000000,0.000000,3,5,14,15,25,92,190,270,290,290,290,14714,0,3,20.211217189956887,0.8297470003526541,2511.467815999822,94.95847492184315
1781461995,20,GET,/api/load/mixed [GET],5.100000,0.000000,18,30,87,90,99,220,290,290,290,290,290,2965,0,24,70.4072718016918,12.495657999352261,2511.467815999822,115.0
1781461995,20,GET,/api/products [GET],7.900000,0.000000,2,2,3,3,5,8,20,25,25,25,25,7397,0,2,7.542156897658559,0.8297470003526541,497.9289789998802,120.0
1781461995,20,GET,/api/products/{id} [GET],6.600000,0.000000,2,2,3,3,5,11,16,20,20,20,20,4372,0,2,7.533443384727559,0.8969890004664194,501.92681399948924,39.0
1781461995,20,,Aggregated,19.600000,0.000000,2,4,13,14,25,90,190,270,290,290,290,14734,0,3,20.190247722412437,0.8297470003526541,2511.467815999822,94.95880276910547
1781461996,20,GET,/api/load/mixed [GET],5.100000,0.000000,18,30,90,92,99,220,290,290,290,290,290,2967,0,24,70.36932298652381,12.495657999352261,2511.467815999822,115.0
1781461996,20,GET,/api/products [GET],7.900000,0.000000,2,2,3,3,4,8,20,25,25,25,25,7409,0,2,7.532805445536469,0.8297470003526541,497.9289789998802,120.0
1781461996,20,GET,/api/products/{id} [GET],7.100000,0.000000,2,2,3,3,4,8,13,16,16,16,16,4378,0,2,7.525529737786438,0.8969890004664194,501.92681399948924,39.0
1781461996,20,,Aggregated,20.100000,0.000000,2,3,8,14,20,90,190,270,290,290,290,14754,0,3,20.16694496672254,0.8297470003526541,2511.467815999822,94.95912972753152
1781461997,20,GET,/api/load/mixed [GET],4.900000,0.000000,18,30,90,97,190,270,290,290,290,290,290,2969,0,24,70.3336452670988,12.495657999352261,2511.467815999822,115.0
1781461997,20,GET,/api/products [GET],8.000000,0.000000,2,2,3,3,4,8,20,25,25,25,25,7416,0,2,7.527119902909754,0.8297470003526541,497.9289789998802,120.0
1781461997,20,GET,/api/products/{id} [GET],7.100000,0.000000,2,2,3,3,4,5,13,16,16,16,16,4389,0,2,7.513893868997293,0.8969890004664194,501.92681399948924,39.0
1781461997,20,,Aggregated,20.000000,0.000000,2,3,5,13,20,87,99,220,290,290,290,14774,0,3,20.144862203128724,0.8297470003526541,2511.467815999822,94.93204277785298
1781461998,20,GET,/api/load/mixed [GET],4.600000,0.000000,18,30,87,92,190,270,290,290,290,290,290,2972,0,24,70.27907856057108,12.495657999352261,2511.467815999822,115.0
1781461998,20,GET,/api/products [GET],8.300000,0.000000,2,2,2,3,4,8,20,25,25,25,25,7426,0,2,7.519731922970185,0.8297470003526541,497.9289789998802,120.0
1781461998,20,GET,/api/products/{id} [GET],7.100000,0.000000,2,3,3,3,4,5,13,16,16,16,16,4396,0,2,7.505696798687221,0.8969890004664194,501.92681399948924,39.0
1781461998,20,,Aggregated,20.000000,0.000000,2,3,5,14,20,87,190,270,290,290,290,14794,0,3,20.12342800250253,0.8297470003526541,2511.467815999822,94.9265918615655
1781461999,20,GET,/api/load/mixed [GET],4.200000,0.000000,21,38,90,97,190,270,290,290,290,290,290,2975,0,24,70.22408521513155,12.495657999352261,2511.467815999822,115.0
1781461999,20,GET,/api/products [GET],8.900000,0.000000,2,2,2,3,4,8,20,25,25,25,25,7437,0,2,7.511141204783439,0.8297470003526541,497.9289789998802,120.0
1781461999,20,GET,/api/products/{id} [GET],6.900000,0.000000,2,3,3,3,4,5,13,16,16,16,16,4402,0,2,7.498868260569883,0.8969890004664194,501.92681399948924,39.0
1781461999,20,,Aggregated,20.000000,0.000000,2,3,4,13,19,84,190,270,290,290,290,14814,0,3,20.1017300349682,0.8297470003526541,2511.467815999822,94.92662346429053
1781462001,20,GET,/api/load/mixed [GET],3.900000,0.000000,16,26,87,97,220,270,290,290,290,290,290,2976,0,24,70.20481126176625,12.495657999352261,2511.467815999822,115.0
1781462001,20,GET,/api/products [GET],9.100000,0.000000,2,2,2,3,3,4,19,51,51,51,51,7450,0,2,7.508783000667614,0.8297470003526541,497.9289789998802,120.0
1781462001,20,GET,/api/products/{id} [GET],7.200000,0.000000,2,2,3,3,4,5,11,13,13,13,13,4408,0,2,7.490950166068271,0.8969890004664194,501.92681399948924,39.0
1781462001,20,,Aggregated,20.200000,0.000000,2,3,3,4,15,30,190,270,290,290,290,14834,0,3,20.08157341256698,0.8297470003526541,2511.467815999822,94.9273291088041
1781462002,20,GET,/api/load/mixed [GET],3.700000,0.000000,16,21,30,84,220,270,290,290,290,290,290,2980,0,24,70.18608774899829,12.495657999352261,2511.467815999822,115.0
1781462002,20,GET,/api/products [GET],9.000000,0.000000,2,2,3,3,4,4,6,51,51,51,51,7459,0,2,7.503209614153883,0.8297470003526541,497.9289789998802,120.0
1781462002,20,GET,/api/products/{id} [GET],7.300000,0.000000,2,2,3,3,4,5,5,65,65,65,65,4415,0,2,7.498332671580714,0.8969890004664194,501.92681399948924,39.0
1781462002,20,,Aggregated,20.000000,0.000000,2,3,4,4,15,26,190,270,290,290,290,14854,0,3,20.077159064832166,0.8297470003526541,2511.467815999822,94.92156994748889
1781462003,20,GET,/api/load/mixed [GET],3.700000,0.000000,15,18,21,21,84,85,110,110,110,110,110,2984,0,24,70.13666355596992,12.495657999352261,2511.467815999822,115.0
1781462003,20,GET,/api/products [GET],9.400000,0.000000,2,2,3,3,4,5,51,55,55,55,55,7469,0,2,7.503720044446989,0.8297470003526541,497.9289789998802,120.0
1781462003,20,GET,/api/products/{id} [GET],7.000000,0.000000,2,3,3,3,4,5,5,65,65,65,65,4421,0,2,7.491700195663638,0.8969890004664194,501.92681399948924,39.0
1781462003,20,,Aggregated,20.100000,0.000000,2,3,4,5,15,21,65,85,110,110,110,14874,0,3,20.065476376765982,0.8297470003526541,2511.467815999822,94.92127201828694
1781462004,20,GET,/api/load/mixed [GET],3.300000,0.000000,17,18,21,26,84,85,110,110,110,110,110,2987,0,24,70.08262918614457,12.495657999352261,2511.467815999822,115.0
1781462004,20,GET,/api/products [GET],10.000000,0.000000,2,2,3,3,4,5,51,55,55,55,55,7481,0,2,7.495238804701854,0.8297470003526541,497.9289789998802,120.0
1781462004,20,GET,/api/products/{id} [GET],6.800000,0.000000,2,3,3,4,4,5,5,65,65,65,65,4426,0,2,7.485680103712365,0.8969890004664194,501.92681399948924,39.0
1781462004,20,,Aggregated,20.100000,0.000000,2,3,4,4,15,21,65,85,110,110,110,14894,0,3,20.04433429676505,0.8297470003526541,2511.467815999822,94.9267490264536
1781462005,20,GET,/api/load/mixed [GET],3.100000,0.000000,17,20,21,23,85,91,110,110,110,110,110,2991,0,24,70.04208713507634,12.495657999352261,2511.467815999822,115.0
1781462005,20,GET,/api/products [GET],9.800000,0.000000,2,3,3,3,4,6,51,55,55,55,55,7491,0,2,7.496562297152875,0.8297470003526541,497.9289789998802,120.0
1781462005,20,GET,/api/products/{id} [GET],7.200000,0.000000,2,3,3,4,5,8,65,88,88,88,88,4432,0,2,7.500129371622538,0.8969890004664194,501.92681399948924,39.0
1781462005,20,,Aggregated,20.100000,0.000000,2,3,4,5,17,51,85,91,110,110,110,14914,0,3,20.041116009388222,0.8297470003526541,2511.467815999822,94.9264449510527
1781462006,20,GET,/api/load/mixed [GET],3.100000,0.000000,18,21,26,28,85,91,110,110,110,110,110,2995,0,24,69.97971790417792,12.495657999352261,2511.467815999822,115.0
1781462006,20,GET,/api/products [GET],10.100000,0.000000,2,3,4,4,5,9,51,55,55,55,55,7497,0,2,7.49453856568936,0.8297470003526541,497.9289789998802,120.0
1781462006,20,GET,/api/products/{id} [GET],7.200000,0.000000,2,3,4,4,7,8,65,88,88,88,88,4442,0,2,7.495306681231677,0.8969890004664194,501.92681399948924,39.0
1781462006,20,,Aggregated,20.400000,0.000000,3,4,5,9,18,51,85,91,110,110,110,14934,0,3,20.026112429892617,0.8297470003526541,2511.467815999822,94.90444623007902
1781462007,20,GET,/api/load/mixed [GET],2.900000,0.000000,17,20,23,28,85,91,110,110,110,110,110,2998,0,24,69.9250029459681,12.495657999352261,2511.467815999822,115.0
1781462007,20,GET,/api/products [GET],10.500000,0.000000,2,3,4,4,5,9,51,55,55,55,55,7507,0,2,7.487927037561148,0.8297470003526541,497.9289789998802,120.0
1781462007,20,GET,/api/products/{id} [GET],6.600000,0.000000,2,3,4,4,8,23,65,88,88,88,88,4449,0,2,7.486415582834564,0.8969890004664194,501.92681399948924,39.0
1781462007,20,,Aggregated,20.000000,0.000000,3,4,5,11,18,51,85,91,110,110,110,14954,0,3,20.004954529290764,0.8297470003526541,2511.467815999822,94.89909054433596
1781462008,20,GET,/api/load/mixed [GET],2.800000,0.000000,17,20,26,28,84,91,110,110,110,110,110,3003,0,24,69.85987603763293,12.495657999352261,2511.467815999822,115.0
1781462008,20,GET,/api/products [GET],10.600000,0.000000,2,3,4,4,5,9,51,55,55,55,55,7512,0,2,7.484167155614001,0.8297470003526541,497.9289789998802,120.0
1781462008,20,GET,/api/products/{id} [GET],6.600000,0.000000,2,3,3,4,7,8,65,88,88,88,88,4459,0,2,7.474126387089394,0.8969890004664194,501.92681399948924,39.0
1781462008,20,,Aggregated,20.000000,0.000000,3,4,6,13,20,51,85,91,110,110,110,14974,0,3,19.990476891546344,0.8297470003526541,2511.467815999822,94.87685321223454
1781462009,20,GET,/api/load/mixed [GET],3.000000,0.000000,17,20,26,28,84,91,110,110,110,110,110,3006,0,24,69.8038284298109,12.42441499925917,2511.467815999822,115.0
1781462009,20,GET,/api/products [GET],10.000000,0.000000,2,3,4,4,5,9,51,55,55,55,55,7520,0,2,7.478690025262504,0.8297470003526541,497.9289789998802,120.0
1781462009,20,GET,/api/products/{id} [GET],7.000000,0.000000,2,2,3,4,7,8,65,88,88,88,88,4468,0,2,7.462625399514681,0.8969890004664194,501.92681399948924,39.0
1781462009,20,,Aggregated,20.000000,0.000000,2,4,6,13,20,51,85,91,110,110,110,14994,0,3,19.968858712486096,0.8297470003526541,2511.467815999822,94.8607442977191
1781462010,20,GET,/api/load/mixed [GET],3.100000,0.000000,17,20,25,28,84,91,110,110,110,110,110,3009,0,24,69.75003191525806,12.42441499925917,2511.467815999822,115.0
1781462010,20,GET,/api/products [GET],9.800000,0.000000,2,3,4,4,5,6,51,55,55,55,55,7531,0,2,7.470296587169846,0.8297470003526541,497.9289789998802,120.0
1781462010,20,GET,/api/products/{id} [GET],7.100000,0.000000,2,3,3,4,7,8,65,88,88,88,88,4474,0,2,7.456048197146028,0.8969890004664194,501.92681399948924,39.0
1781462010,20,,Aggregated,20.000000,0.000000,2,4,6,13,20,51,85,91,110,110,110,15014,0,3,19.9477160826574,0.8297470003526541,2511.467815999822,94.86086319435194
1781462011,20,GET,/api/load/mixed [GET],3.400000,0.000000,17,20,23,25,33,85,91,91,91,91,91,3014,0,24,69.66300726709083,12.42441499925917,2511.467815999822,115.0
1781462011,20,GET,/api/products [GET],9.600000,0.000000,2,3,4,4,5,8,51,55,55,55,55,7540,0,2,7.465205017636023,0.8297470003526541,497.9289789998802,120.0
1781462011,20,GET,/api/products/{id} [GET],7.000000,0.000000,2,2,3,4,6,8,23,88,88,88,88,4480,0,2,7.449741993087246,0.8969890004664194,501.92681399948924,39.0
1781462011,20,,Aggregated,20.000000,0.000000,2,4,7,13,18,26,82,88,91,91,91,15034,0,3,19.92994504889035,0.8297470003526541,2511.467815999822,94.86031661567115
1781462012,20,GET,/api/load/mixed [GET],3.400000,0.000000,17,20,21,25,28,82,91,91,91,91,91,3017,0,24,69.60928761518471,12.42441499925917,2511.467815999822,115.0
1781462012,20,GET,/api/products [GET],9.400000,0.000000,2,3,3,4,5,6,11,51,51,51,51,7551,0,2,7.457296117596901,0.8297470003526541,497.9289789998802,120.0
1781462012,20,GET,/api/products/{id} [GET],7.200000,0.000000,2,2,3,3,6,8,23,88,88,88,88,4486,0,2,7.442255444278005,0.8969890004664194,501.92681399948924,39.0
1781462012,20,,Aggregated,20.000000,0.000000,2,4,6,12,17,25,51,88,91,91,91,15054,0,3,19.908809727781115,0.8297470003526541,2511.467815999822,94.86043576458084
1781462013,20,GET,/api/load/mixed [GET],3.400000,0.000000,17,20,25,26,82,91,91,91,91,91,91,3020,0,24,69.60412140430914,12.42441499925917,2511.467815999822,115.0
1781462013,20,GET,/api/products [GET],9.400000,0.000000,2,3,4,5,8,10,51,69,69,69,69,7565,0,2,7.461659713281317,0.8297470003526541,497.9289789998802,120.0
1781462013,20,GET,/api/products/{id} [GET],7.200000,0.000000,2,2,3,3,6,8,23,88,88,88,88,4489,0,2,7.439213991764629,0.8969890004664194,501.92681399948924,39.0
1781462013,20,,Aggregated,20.000000,0.000000,2,4,8,13,20,28,88,91,91,91,91,15074,0,3,19.904904735373325,0.8297470003526541,2511.467815999822,94.87667506965636
1781462014,20,GET,/api/load/mixed [GET],3.800000,0.000000,16,20,21,25,82,88,91,91,91,91,91,3021,0,24,69.58663979311947,12.42441499925917,2511.467815999822,115.0
1781462014,20,GET,/api/products [GET],9.000000,0.000000,2,2,3,4,5,8,24,69,69,69,69,7576,0,2,7.453546793686937,0.8297470003526541,497.9289789998802,120.0
1781462014,20,GET,/api/products/{id} [GET],7.200000,0.000000,2,2,3,3,4,6,8,23,23,23,23,4497,0,2,7.429654579949185,0.8969890004664194,501.92681399948924,39.0
1781462014,20,,Aggregated,20.000000,0.000000,2,3,5,8,16,24,69,88,91,91,91,15094,0,3,19.882103217836022,0.8297470003526541,2511.467815999822,94.86670200079502
1781462015,20,GET,/api/load/mixed [GET],3.700000,0.000000,15,18,20,21,82,88,91,91,91,91,91,3024,0,23,69.53379886276888,12.42441499925917,2511.467815999822,115.0
1781462015,20,GET,/api/products [GET],9.200000,0.000000,2,2,3,4,5,8,24,69,69,69,69,7587,0,2,7.446128365489872,0.8297470003526541,497.9289789998802,120.0
1781462015,20,GET,/api/products/{id} [GET],7.100000,0.000000,2,2,3,3,3,4,5,6,6,6,6,4503,0,2,7.422407409511824,0.8969890004664194,501.92681399948924,39.0
1781462015,20,,Aggregated,20.000000,0.000000,2,3,4,6,15,20,69,88,91,91,91,15114,0,3,19.861524694655003,0.8297470003526541,2511.467815999822,94.86681222707423
1781462016,20,GET,/api/load/mixed [GET],3.600000,0.000000,17,20,25,25,82,88,91,91,91,91,91,3026,0,23,69.50762936418128,12.42441499925917,2511.467815999822,115.0
1781462016,20,GET,/api/products [GET],9.600000,0.000000,2,2,3,4,5,8,24,69,69,69,69,7599,0,2,7.438203703641303,0.8297470003526541,497.9289789998802,120.0
1781462016,20,GET,/api/products/{id} [GET],6.800000,0.000000,2,2,3,3,4,6,6,7,7,7,7,4509,0,2,7.417908983595483,0.8969890004664194,501.92681399948924,39.0
1781462016,20,,Aggregated,20.000000,0.000000,2,3,4,6,15,24,69,88,91,91,91,15134,0,3,19.8427612004106,0.8297470003526541,2511.467815999822,94.8672525439408
1781462017,20,GET,/api/load/mixed [GET],3.400000,0.000000,17,20,25,28,89,91,94,94,94,94,94,3029,0,24,69.5050628530911,12.42441499925917,2511.467815999822,115.0
1781462017,20,GET,/api/products [GET],9.500000,0.000000,2,2,3,4,5,8,24,69,69,69,69,7608,0,2,7.4326276633766355,0.8297470003526541,497.9289789998802,120.0
1781462017,20,GET,/api/products/{id} [GET],7.100000,0.000000,2,2,3,3,4,6,6,7,7,7,7,4517,0,2,7.4092868576558235,0.8969890004664194,501.92681399948924,39.0
1781462017,20,,Aggregated,20.000000,0.000000,2,3,4,6,14,24,88,91,94,94,94,15154,0,3,19.832784438498937,0.8297470003526541,2511.467815999822,94.85667150587304
1781462018,20,GET,/api/load/mixed [GET],3.300000,0.000000,19,25,32,88,92,94,94,94,94,94,94,3035,0,24,69.47461309226152,12.42441499925917,2511.467815999822,115.0
1781462018,20,GET,/api/products [GET],9.600000,0.000000,2,2,3,4,7,10,24,69,69,69,69,7618,0,2,7.428589985293887,0.8297470003526541,497.9289789998802,120.0
1781462018,20,GET,/api/products/{id} [GET],7.100000,0.000000,2,2,3,3,4,6,6,7,7,7,7,4521,0,2,7.404363337542835,0.8969890004664194,501.92681399948924,39.0
1781462018,20,,Aggregated,20.000000,0.000000,2,4,6,8,18,32,91,94,94,94,94,15174,0,3,19.83139421985059,0.8297470003526541,2511.467815999822,94.86648214050349
1781462019,20,GET,/api/load/mixed [GET],3.100000,0.000000,20,25,81,88,92,94,94,94,94,94,94,3037,0,24,69.44176090846679,12.42441499925917,2511.467815999822,115.0
1781462019,20,GET,/api/products [GET],10.200000,0.000000,2,2,3,4,7,10,12,24,69,69,69,7632,0,2,7.41930101060936,0.8297470003526541,497.9289789998802,120.0
1781462019,20,GET,/api/products/{id} [GET],6.700000,0.000000,2,2,3,4,4,6,6,7,7,7,7,4525,0,2,7.400863002658901,0.8969890004664194,501.92681399948924,39.0
1781462019,20,,Aggregated,20.000000,0.000000,2,4,6,8,18,32,91,94,94,94,94,15194,0,3,19.810954210807886,0.8297470003526541,2511.467815999822,94.87758325654863
1781462020,20,GET,/api/load/mixed [GET],3.100000,0.000000,20,32,89,91,94,94,95,95,95,95,95,3041,0,24,69.4202923117439,12.42441499925917,2511.467815999822,115.0
1781462020,20,GET,/api/products [GET],10.100000,0.000000,2,2,3,4,6,10,12,24,69,69,69,7644,0,2,7.411377947013642,0.8297470003526541,497.9289789998802,120.0
1781462020,20,GET,/api/products/{id} [GET],6.800000,0.000000,2,2,3,4,4,6,7,7,7,7,7,4529,0,2,7.396104525288393,0.8969890004664194,501.92681399948924,39.0
1781462020,20,,Aggregated,20.000000,0.000000,2,4,5,7,18,81,92,94,95,95,95,15214,0,3,19.80127772722596,0.8297470003526541,2511.467815999822,94.88799789667412
1781462021,20,GET,/api/load/mixed [GET],3.200000,0.000000,21,88,90,91,94,94,95,95,95,95,95,3046,0,23,69.38013168089775,12.42441499925917,2511.467815999822,115.0
1781462021,20,GET,/api/products [GET],10.600000,0.000000,2,3,4,4,8,12,24,24,69,69,69,7653,0,2,7.413214398010107,0.8297470003526541,497.9289789998802,120.0
1781462021,20,GET,/api/products/{id} [GET],6.200000,0.000000,2,3,4,4,6,9,13,13,13,13,13,4535,0,2,7.396296697691217,0.8969890004664194,501.92681399948924,39.0
1781462021,20,,Aggregated,20.000000,0.000000,2,4,7,13,22,89,92,94,95,95,95,15234,0,3,19.798307497178325,0.8297470003526541,2511.467815999822,94.88742286989628
1781462022,20,GET,/api/load/mixed [GET],3.100000,0.000000,21,32,90,91,94,94,95,95,95,95,95,3047,0,23,69.36481974171804,12.42441499925917,2511.467815999822,115.0
1781462022,20,GET,/api/products [GET],11.200000,0.000000,2,2,3,4,6,12,24,64,64,64,64,7664,0,2,7.413013487600826,0.8297470003526541,497.9289789998802,120.0
1781462022,20,GET,/api/products/{id} [GET],5.700000,0.000000,2,3,4,4,7,13,61,63,63,63,63,4542,0,2,7.4135587661885936,0.8737379994272487,501.92681399948924,39.0
1781462022,20,,Aggregated,20.000000,0.000000,2,4,6,12,22,81,92,94,95,95,95,15253,0,3,19.78891529784404,0.8297470003526541,2511.467815999822,94.88120369763325
1781462023,20,GET,/api/load/mixed [GET],3.200000,0.000000,21,81,91,92,94,95,160,160,160,160,160,3052,0,23,69.34985397739666,12.42441499925917,2511.467815999822,115.0
1781462023,20,GET,/api/products [GET],11.300000,0.000000,2,2,3,4,7,22,62,64,82,82,82,7677,0,2,7.4287633097527825,0.8297470003526541,497.9289789998802,120.0
1781462023,20,GET,/api/products/{id} [GET],5.500000,0.000000,2,3,4,4,9,13,63,63,63,63,63,4545,0,2,7.409843983944607,0.8737379994272487,501.92681399948924,39.0
1781462023,20,,Aggregated,20.000000,0.000000,2,4,10,14,32,90,94,95,160,160,160,15274,0,3,19.796000469753437,0.8297470003526541,2511.467815999822,94.89819300772555
1781462024,20,GET,/api/load/mixed [GET],3.200000,0.000000,24,89,92,92,94,95,160,160,160,160,160,3052,0,23,69.34985397739666,12.42441499925917,2511.467815999822,115.0
1781462024,20,GET,/api/products [GET],11.300000,0.000000,2,2,3,4,7,22,62,64,82,82,82,7692,0,2,7.417593001686554,0.8250769997175667,497.9289789998802,120.0
1781462024,20,GET,/api/products/{id} [GET],5.500000,0.000000,2,4,4,4,9,13,63,63,63,63,63,4550,0,2,7.403799932094493,0.8737379994272487,501.92681399948924,39.0
1781462024,20,,Aggregated,20.000000,0.000000,2,4,7,13,32,90,94,95,160,160,160,15294,0,3,19.772405479208622,0.8250769997175667,2511.467815999822,94.90453772721328
1781462025,20,GET,/api/load/mixed [GET],3.200000,0.000000,24,90,92,92,95,110,160,160,160,160,160,3058,0,23,69.33074475736306,12.42441499925917,2511.467815999822,115.0
1781462025,20,GET,/api/products [GET],11.200000,0.000000,2,2,3,4,11,24,62,64,82,82,82,7702,0,2,7.415930986753023,0.8250769997175667,497.9289789998802,120.0
1781462025,20,GET,/api/products/{id} [GET],5.600000,0.000000,2,3,4,4,13,21,63,63,63,63,63,4554,0,2,7.405543881429387,0.8737379994272487,501.92681399948924,39.0
1781462025,20,,Aggregated,20.000000,0.000000,2,4,13,15,62,92,95,110,160,160,160,15314,0,3,19.77639837821708,0.8250769997175667,2511.467815999822,94.91419616037612
1781462026,20,GET,/api/load/mixed [GET],3.100000,0.000000,24,91,92,95,97,110,160,160,160,160,160,3062,0,24,69.34531739027261,12.42441499925917,2511.467815999822,115.0
1781462026,20,GET,/api/products [GET],11.600000,0.000000,2,3,3,5,21,50,67,82,85,85,85,7713,0,2,7.432248086214204,0.8250769997175667,497.9289789998802,120.0
1781462026,20,GET,/api/products/{id} [GET],5.300000,0.000000,2,4,4,4,13,21,63,63,63,63,63,4559,0,2,7.400522631065725,0.8737379994272487,501.92681399948924,39.0
1781462026,20,,Aggregated,20.000000,0.000000,2,5,14,17,67,92,97,110,160,160,160,15334,0,3,19.786048911765523,0.8250769997175667,2511.467815999822,94.91919916525369
1781462027,20,GET,/api/load/mixed [GET],3.200000,0.000000,35,92,96,96,100,110,160,160,160,160,160,3067,0,24,69.33883584121754,12.42441499925917,2511.467815999822,115.0
1781462027,20,GET,/api/products [GET],11.500000,0.000000,2,2,3,4,21,50,67,82,85,85,85,7722,0,2,7.428449862985249,0.8250769997175667,497.9289789998802,120.0
1781462027,20,GET,/api/products/{id} [GET],5.100000,0.000000,2,4,4,5,13,21,63,63,63,63,63,4565,0,2,7.396483544584629,0.8737379994272487,501.92681399948924,39.0
1781462027,20,,Aggregated,19.800000,0.000000,2,4,14,17,67,95,100,110,160,160,160,15354,0,3,19.785700582780652,0.8250769997175667,2511.467815999822,94.9185879901003
1781462028,20,GET,/api/load/mixed [GET],3.300000,0.000000,90,92,96,97,100,110,160,160,160,160,160,3071,0,24,69.32188631781656,12.42441499925917,2511.467815999822,115.0
1781462028,20,GET,/api/products [GET],11.400000,0.000000,2,3,4,5,22,62,82,85,85,85,85,7731,0,2,7.423092540418163,0.8250769997175667,497.9289789998802,120.0
1781462028,20,GET,/api/products/{id} [GET],5.000000,0.000000,2,3,4,4,13,21,63,63,63,63,63,4572,0,2,7.387842036751399,0.8737379994272487,501.92681399948924,39.0
1781462028,20,,Aggregated,19.700000,0.000000,2,5,14,18,85,96,100,110,160,160,160,15374,0,3,19.777068759204756,0.8250769997175667,2511.467815999822,94.91303499414596
1781462029,20,GET,/api/load/mixed [GET],3.300000,0.000000,35,91,96,97,100,110,160,160,160,160,160,3074,0,24,69.29850440794256,12.42441499925917,2511.467815999822,115.0
1781462029,20,GET,/api/products [GET],11.400000,0.000000,2,3,4,7,22,62,82,85,85,85,85,7742,0,2,7.424441915522146,0.8250769997175667,497.9289789998802,120.0
1781462029,20,GET,/api/products/{id} [GET],5.000000,0.000000,2,3,4,9,20,61,63,63,63,63,63,4578,0,2,7.3995211889529875,0.8737379994272487,501.92681399948924,39.0
1781462029,20,,Aggregated,19.700000,0.000000,2,9,15,21,82,96,100,110,160,160,160,15394,0,3,19.7725503353913,0.8250769997175667,2511.467815999822,94.9130830193582
1781462030,20,GET,/api/load/mixed [GET],3.600000,0.000000,35,92,96,99,110,110,160,160,160,160,160,3075,0,24,69.28195570634638,12.42441499925917,2511.467815999822,115.0
1781462030,20,GET,/api/products [GET],11.400000,0.000000,2,3,4,4,13,55,67,82,85,85,85,7758,0,2,7.4140539582333265,0.8250769997175667,497.9289789998802,120.0
1781462030,20,GET,/api/products/{id} [GET],4.800000,0.000000,2,2,3,4,20,61,63,63,63,63,63,4581,0,2,7.395702805288796,0.8737379994272487,501.92681399948924,39.0
1781462030,20,,Aggregated,19.800000,0.000000,2,4,13,18,64,96,100,110,160,160,160,15414,0,3,19.750873164397063,0.8250769997175667,2511.467815999822,94.92954456987154
1781462031,20,GET,/api/load/mixed [GET],3.700000,0.000000,35,91,96,97,100,110,160,160,160,160,160,3081,0,24,69.22913907855106,12.42441499925917,2511.467815999822,115.0
1781462031,20,GET,/api/products [GET],11.000000,0.000000,2,3,4,5,13,50,67,82,85,85,85,7767,0,2,7.4096977099233365,0.8250769997175667,497.9289789998802,120.0
1781462031,20,GET,/api/products/{id} [GET],5.300000,0.000000,2,2,3,5,13,20,63,63,63,63,63,4586,0,2,7.390978451162032,0.8737379994272487,501.92681399948924,39.0
1781462031,20,,Aggregated,20.000000,0.000000,2,5,13,17,67,93,100,110,160,160,160,15434,0,3,19.744792457627216,0.8250769997175667,2511.467815999822,94.93384735000647
1781462032,20,GET,/api/load/mixed [GET],3.700000,0.000000,27,90,93,96,100,110,160,160,160,160,160,3087,0,24,69.13126938128183,12.42441499925917,2511.467815999822,115.0
1781462032,20,GET,/api/products [GET],11.000000,0.000000,2,3,4,5,10,21,67,85,85,85,85,7776,0,2,7.404469723633577,0.8250769997175667,497.9289789998802,120.0
1781462032,20,GET,/api/products/{id} [GET],5.300000,0.000000,2,3,4,5,13,20,63,63,63,63,63,4591,0,2,7.387142463957197,0.8737379994272487,501.92681399948924,39.0
1781462032,20,,Aggregated,20.000000,0.000000,2,5,13,16,55,93,100,110,110,110,110,15454,0,3,19.72950408975141,0.8250769997175667,2511.467815999822,94.93813899314094
1781462033,20,GET,/api/load/mixed [GET],3.400000,0.000000,32,90,91,96,100,110,110,110,110,110,110,3090,0,24,69.12663041100922,12.42441499925917,2511.467815999822,115.0
1781462033,20,GET,/api/products [GET],11.400000,0.000000,2,4,4,7,13,21,67,85,85,85,85,7785,0,2,7.402742263323828,0.8250769997175667,497.9289789998802,120.0
1781462033,20,GET,/api/products/{id} [GET],5.200000,0.000000,2,3,4,5,18,21,63,63,63,63,63,4599,0,2,7.3821922498430075,0.8737379994272487,501.92681399948924,39.0
1781462033,20,,Aggregated,20.000000,0.000000,3,8,15,17,67,93,100,110,110,110,110,15474,0,3,19.72226564863781,0.8250769997175667,2511.467815999822,94.92768514928267
1781462034,20,GET,/api/load/mixed [GET],3.300000,0.000000,27,90,93,96,100,110,110,110,110,110,110,3091,0,24,69.11111945746335,12.42441499925917,2511.467815999822,115.0
1781462034,20,GET,/api/products [GET],11.400000,0.000000,2,4,4,5,10,21,67,85,85,85,85,7794,0,2,7.397174715419001,0.8250769997175667,497.9289789998802,120.0
1781462034,20,GET,/api/products/{id} [GET],5.100000,0.000000,2,2,4,5,8,20,21,63,63,63,63,4609,0,2,7.371337022353975,0.8737379994272487,501.92681399948924,39.0
1781462034,20,,Aggregated,19.800000,0.000000,3,5,13,15,55,91,100,110,110,110,110,15494,0,3,19.701209649607804,0.8250769997175667,2511.467815999822,94.90744804440429
1781462035,20,GET,/api/load/mixed [GET],3.800000,0.000000,32,89,91,96,100,110,190,190,190,190,190,3093,0,24,69.15509781022283,12.42441499925917,2511.467815999822,115.0
1781462035,20,GET,/api/products [GET],10.800000,0.000000,2,4,4,5,9,13,23,55,55,55,55,7805,0,2,7.395775880201872,0.8250769997175667,497.9289789998802,120.0
1781462035,20,GET,/api/products/{id} [GET],5.400000,0.000000,2,3,5,5,18,53,63,69,69,69,69,4617,0,2,7.3907434461837545,0.8737379994272487,501.92681399948924,39.0
1781462035,20,,Aggregated,20.000000,0.000000,3,5,12,15,53,91,100,110,190,190,190,15515,0,3,19.706336497777915,0.8250769997175667,2511.467815999822,94.89900096680631
1781462036,20,GET,/api/load/mixed [GET],3.900000,0.000000,27,89,90,91,100,190,200,200,200,200,200,3096,0,24,69.18474898417927,12.42441499925917,2511.467815999822,115.0
1781462036,20,GET,/api/products [GET],10.200000,0.000000,2,4,4,5,8,12,23,55,55,55,55,7811,0,2,7.391861310072359,0.8250769997175667,497.9289789998802,120.0
1781462036,20,GET,/api/products/{id} [GET],5.900000,0.000000,2,3,5,6,11,53,69,73,73,73,73,4626,0,2,7.397698254654319,0.8737379994272487,501.92681399948924,39.0
1781462036,20,,Aggregated,20.000000,0.000000,3,5,9,14,35,89,100,190,200,200,200,15533,0,3,19.710008605808557,0.8250769997175667,2511.467815999822,94.88019056202923
1781462037,20,GET,/api/load/mixed [GET],3.600000,0.000000,27,89,91,99,200,230,280,280,280,280,280,3103,0,24,69.3379756413208,12.42441499925917,2511.467815999822,115.0
1781462037,20,GET,/api/products [GET],10.200000,0.000000,2,4,4,5,8,12,23,55,55,55,55,7820,0,2,7.386156741557132,0.8250769997175667,497.9289789998802,120.0
1781462037,20,GET,/api/products/{id} [GET],6.300000,0.000000,2,4,5,6,20,63,69,73,73,73,73,4630,0,2,7.3962763991424945,0.8737379994272487,501.92681399948924,39.0
1781462037,20,,Aggregated,20.100000,0.000000,3,6,12,15,53,90,200,230,280,280,280,15553,0,3,19.74926019816268,0.8250769997175667,2511.467815999822,94.88941040313766
1781462038,20,GET,/api/load/mixed [GET],3.600000,0.000000,32,90,190,200,230,280,290,290,290,290,290,3108,0,24,69.49673112259283,12.42441499925917,2511.467815999822,115.0
1781462038,20,GET,/api/products [GET],9.700000,0.000000,2,3,4,5,7,9,21,23,23,23,23,7829,0,2,7.3807326327723635,0.8250769997175667,497.9289789998802,120.0
1781462038,20,GET,/api/products/{id} [GET],6.600000,0.000000,2,4,5,6,11,53,69,73,73,73,73,4638,0,2,7.38915832061852,0.8737379994272487,501.92681399948924,39.0
1781462038,20,,Aggregated,19.900000,0.000000,3,5,9,14,35,93,230,280,290,290,290,15575,0,3,19.778524070755783,0.8250769997175667,2511.467815999822,94.88166934189407
1781462039,20,GET,/api/load/mixed [GET],3.700000,0.000000,25,89,93,190,230,280,290,290,290,290,290,3113,0,24,69.41006199904233,12.42441499925917,2511.467815999822,115.0
1781462039,20,GET,/api/products [GET],9.700000,0.000000,2,3,4,5,7,9,21,23,23,23,23,7839,0,2,7.373802488196938,0.8250769997175667,497.9289789998802,120.0
1781462039,20,GET,/api/products/{id} [GET],6.400000,0.000000,2,4,5,5,8,21,69,73,73,73,73,4643,0,2,7.383524015513522,0.8737379994272487,501.92681399948924,39.0
1781462039,20,,Aggregated,19.800000,0.000000,3,5,13,15,35,93,230,280,290,290,290,15595,0,3,19.760080969030014,0.8250769997175667,2511.467815999822,94.88630971465213
1781462040,20,GET,/api/load/mixed [GET],3.900000,0.000000,25,84,93,190,230,280,290,290,290,290,290,3119,0,24,69.31505011702988,12.42441499925917,2511.467815999822,115.0
1781462040,20,GET,/api/products [GET],9.700000,0.000000,2,3,4,5,8,12,21,23,23,23,23,7847,0,2,7.3690177174685845,0.8250769997175667,497.9289789998802,120.0
1781462040,20,GET,/api/products/{id} [GET],6.600000,0.000000,2,4,5,6,9,21,69,73,73,73,73,4650,0,2,7.379121178285958,0.8737379994272487,501.92681399948924,39.0
1781462040,20,,Aggregated,20.200000,0.000000,3,6,13,14,35,93,230,280,290,290,290,15616,0,3,19.744572030162722,0.8250769997175667,2511.467815999822,94.88185194672131
1781462041,20,GET,/api/load/mixed [GET],3.900000,0.000000,28,90,190,200,230,280,290,290,290,290,290,3121,0,24,69.30760657033527,12.42441499925917,2511.467815999822,115.0
1781462041,20,GET,/api/products [GET],9.700000,0.000000,2,3,4,4,6,9,21,23,23,23,23,7860,0,2,7.359751861320144,0.8250769997175667,497.9289789998802,120.0
1781462041,20,GET,/api/products/{id} [GET],6.400000,0.000000,2,4,4,5,9,21,69,73,73,73,73,4655,0,2,7.3731276616605195,0.8737379994272487,501.92681399948924,39.0
1781462041,20,,Aggregated,20.000000,0.000000,3,5,9,14,30,92,230,280,290,290,290,15636,0,3,19.728741302188645,0.8250769997175667,2511.467815999822,94.88743924277308
1781462042,20,GET,/api/load/mixed [GET],4.400000,0.000000,28,84,190,200,230,280,290,290,290,290,290,3124,0,24,69.2660290681869,12.42441499925917,2511.467815999822,115.0
1781462042,20,GET,/api/products [GET],8.800000,0.000000,2,2,4,4,5,7,12,23,23,23,23,7867,0,2,7.3556061051196195,0.8250769997175667,497.9289789998802,120.0
1781462042,20,GET,/api/products/{id} [GET],6.800000,0.000000,2,4,5,5,9,15,69,73,73,73,73,4665,0,2,7.364971581142431,0.8737379994272487,501.92681399948924,39.0
1781462042,20,,Aggregated,20.000000,0.000000,2,5,8,13,28,92,230,280,290,290,290,15656,0,3,19.712009482883275,0.8250769997175667,2511.467815999822,94.86682422074604
1781462043,20,GET,/api/load/mixed [GET],4.200000,0.000000,23,35,92,190,230,280,290,290,290,290,290,3128,0,23,69.19714895428874,12.42441499925917,2511.467815999822,115.0
1781462043,20,GET,/api/products [GET],9.100000,0.000000,2,2,3,4,5,7,12,23,23,23,23,7875,0,2,7.350686516695576,0.8250769997175667,497.9289789998802,120.0
1781462043,20,GET,/api/products/{id} [GET],6.900000,0.000000,2,4,5,6,9,15,69,73,73,73,73,4673,0,2,7.358406324637018,0.8737379994272487,501.92681399948924,39.0
1781462043,20,,Aggregated,20.200000,0.000000,3,5,9,14,28,92,230,280,290,290,290,15676,0,3,19.69387413900362,0.8250769997175667,2511.467815999822,94.85627711150804
1781462044,20,GET,/api/load/mixed [GET],3.600000,0.000000,23,41,99,190,220,270,290,290,290,290,290,3133,0,24,69.17309714906318,12.42441499925917,2511.467815999822,115.0
1781462044,20,GET,/api/products [GET],9.100000,0.000000,2,2,3,4,6,7,21,21,21,21,21,7886,0,2,7.348926789370577,0.8250769997175667,497.9289789998802,120.0
1781462044,20,GET,/api/products/{id} [GET],7.200000,0.000000,2,4,5,6,8,15,18,73,73,73,73,4677,0,2,7.358895961520125,0.8737379994272487,501.92681399948924,39.0
1781462044,20,,Aggregated,19.900000,0.000000,2,5,13,14,28,100,230,280,290,290,290,15696,0,3,19.69231055307212,0.8250769997175667,2511.467815999822,94.86608053007136
1781462045,20,GET,/api/load/mixed [GET],3.800000,0.000000,25,38,93,100,220,270,290,290,290,290,290,3137,0,24,69.1584325661508,12.42441499925917,2511.467815999822,115.0
1781462045,20,GET,/api/products [GET],8.900000,0.000000,2,2,3,4,6,21,69,78,78,78,78,7895,0,2,7.3628790158297,0.8250769997175667,497.9289789998802,120.0
1781462045,20,GET,/api/products/{id} [GET],7.300000,0.000000,2,4,5,6,8,11,15,18,18,18,18,4684,0,2,7.354003630236942,0.8737379994272487,501.92681399948924,39.0
1781462045,20,,Aggregated,20.000000,0.000000,2,6,13,14,32,99,230,280,290,290,290,15716,0,3,19.694966008782092,0.8250769997175667,2511.467815999822,94.86071519470603
1781462046,20,GET,/api/load/mixed [GET],4.000000,0.000000,23,32,87,92,190,270,290,290,290,290,290,3141,0,24,69.11616369787193,12.42441499925917,2511.467815999822,115.0
1781462046,20,GET,/api/products [GET],9.000000,0.000000,2,2,3,3,7,21,69,78,78,78,78,7909,0,2,7.3540460532275205,0.8250769997175667,497.9289789998802,120.0
1781462046,20,GET,/api/products/{id} [GET],6.800000,0.000000,2,4,5,5,8,10,11,18,18,18,18,4686,0,2,7.351688219596563,0.8737379994272487,501.92681399948924,39.0
1781462046,20,,Aggregated,19.800000,0.000000,2,5,10,14,28,87,190,270,290,290,290,15736,0,3,19.681433109241276,0.8250769997175667,2511.467815999822,94.88110066090493
1781462047,20,GET,/api/load/mixed [GET],4.500000,0.000000,19,27,35,38,92,99,100,100,100,100,100,3144,0,24,69.07080595579414,12.42441499925917,2511.467815999822,115.0
1781462047,20,GET,/api/products [GET],9.000000,0.000000,2,2,3,3,7,21,69,78,78,78,78,7923,0,2,7.345103132143715,0.8250769997175667,497.9289789998802,120.0
1781462047,20,GET,/api/products/{id} [GET],6.600000,0.000000,2,4,5,6,9,11,13,18,18,18,18,4689,0,2,7.352405748566765,0.8737379994272487,501.92681399948924,39.0
1781462047,20,,Aggregated,20.100000,0.000000,2,5,10,14,21,38,92,99,100,100,100,15756,0,3,19.664210243464076,0.8250769997175667,2511.467815999822,94.89661081492764
1781462048,20,GET,/api/load/mixed [GET],4.500000,0.000000,25,30,38,41,93,100,110,110,110,110,110,3149,0,24,69.02764884979952,12.42441499925917,2511.467815999822,115.0
1781462048,20,GET,/api/products [GET],9.800000,0.000000,2,2,3,3,8,21,69,78,78,78,78,7928,0,2,7.34316353102619,0.8250769997175667,497.9289789998802,120.0
1781462048,20,GET,/api/products/{id} [GET],6.100000,0.000000,2,4,5,7,11,18,25,48,48,48,48,4699,0,2,7.355833697601775,0.8737379994272487,501.92681399948924,39.0
1781462048,20,,Aggregated,20.400000,0.000000,2,6,11,14,27,48,93,100,110,110,110,15776,0,3,19.65959237113488,0.8250769997175667,2511.467815999822,94.87550709939148
1781462049,20,GET,/api/load/mixed [GET],4.200000,0.000000,25,32,41,87,99,110,130,130,130,130,130,3152,0,24,69.0139700041304,12.42441499925917,2511.467815999822,115.0
1781462049,20,GET,/api/products [GET],10.200000,0.000000,2,2,3,5,9,21,69,78,78,78,78,7938,0,2,7.349308132271925,0.8250769997175667,497.9289789998802,120.0
1781462049,20,GET,/api/products/{id} [GET],6.000000,0.000000,2,3,5,8,13,48,82,85,85,85,85,4706,0,2,7.384599763500127,0.8737379994272487,501.92681399948924,39.0
1781462049,20,,Aggregated,20.400000,0.000000,2,6,13,14,28,82,99,110,130,130,130,15796,0,3,19.664647245759937,0.8250769997175667,2511.467815999822,94.87047353760445
1781462050,20,GET,/api/load/mixed [GET],4.000000,0.000000,26,36,87,87,110,210,220,220,220,220,220,3157,0,24,69.06327943079441,12.42441499925917,2511.467815999822,115.0
1781462050,20,GET,/api/products [GET],9.900000,0.000000,2,3,5,6,9,21,69,78,78,78,78,7946,0,2,7.347142605962168,0.8250769997175667,497.9289789998802,120.0
1781462050,20,GET,/api/products/{id} [GET],5.900000,0.000000,2,5,6,8,13,48,82,85,85,85,85,4713,0,2,7.378777716747596,0.8737379994272487,501.92681399948924,39.0
1781462050,20,,Aggregated,19.800000,0.000000,3,7,14,18,36,85,110,210,220,220,220,15816,0,3,19.675603672801188,0.8250769997175667,2511.467815999822,94.86482043500253
1781462051,20,GET,/api/load/mixed [GET],3.800000,0.000000,25,36,41,87,110,210,220,220,220,220,220,3161,0,24,69.00577259696904,12.42441499925917,2511.467815999822,115.0
1781462051,20,GET,/api/products [GET],9.800000,0.000000,2,3,5,6,10,21,69,78,78,78,78,7955,0,2,7.34246107667815,0.8250769997175667,497.9289789998802,120.0
1781462051,20,GET,/api/products/{id} [GET],6.300000,0.000000,2,3,5,7,13,48,82,85,85,85,85,4720,0,2,7.37125473326961,0.8737379994272487,501.92681399948924,39.0
1781462051,20,,Aggregated,19.900000,0.000000,3,7,14,18,36,85,110,210,220,220,220,15836,0,3,19.659563487308997,0.8250769997175667,2511.467815999822,94.85949734781511
1781462052,20,GET,/api/load/mixed [GET],3.600000,0.000000,27,36,41,87,110,210,220,220,220,220,220,3165,0,24,68.95014642970591,12.42441499925917,2511.467815999822,115.0
1781462052,20,GET,/api/products [GET],9.800000,0.000000,2,3,5,6,19,22,69,78,78,78,78,7967,0,2,7.342223440564201,0.8250769997175667,497.9289789998802,120.0
1781462052,20,GET,/api/products/{id} [GET],6.300000,0.000000,2,3,7,8,13,48,82,85,85,85,85,4724,0,2,7.367705503393878,0.8737379994272487,501.92681399948924,39.0
1781462052,20,,Aggregated,19.700000,0.000000,3,9,14,21,36,85,110,210,220,220,220,15856,0,3,19.647310065528885,0.8250769997175667,2511.467815999822,94.86951311806256
1781462053,20,GET,/api/load/mixed [GET],4.000000,0.000000,26,32,38,87,110,210,220,220,220,220,220,3168,0,24,68.90085477652117,12.42441499925917,2511.467815999822,115.0
1781462053,20,GET,/api/products [GET],9.600000,0.000000,2,3,5,5,10,22,69,78,78,78,78,7977,0,2,7.335824636201103,0.8250769997175667,497.9289789998802,120.0
1781462053,20,GET,/api/products/{id} [GET],6.400000,0.000000,2,2,3,8,12,48,82,85,85,85,85,4731,0,2,7.359811522306758,0.8737379994272487,501.92681399948924,39.0
1781462053,20,,Aggregated,20.000000,0.000000,3,7,14,21,32,85,110,210,220,220,220,15876,0,3,19.628058035212128,0.8250769997175667,2511.467815999822,94.86451247165533
1781462054,20,GET,/api/load/mixed [GET],4.200000,0.000000,26,30,38,87,190,210,220,220,220,220,220,3173,0,24,68.96044700757,12.42441499925917,2511.467815999822,115.0
1781462054,20,GET,/api/products [GET],9.800000,0.000000,2,3,4,5,9,19,22,69,69,69,69,7988,0,2,7.330446754378589,0.8250769997175667,497.9289789998802,120.0
1781462054,20,GET,/api/products/{id} [GET],6.100000,0.000000,2,2,3,5,12,48,82,85,85,85,85,4735,0,2,7.355119081738653,0.8737379994272487,501.92681399948924,39.0
1781462054,20,,Aggregated,20.100000,0.000000,2,6,13,16,27,82,190,210,220,220,220,15896,0,3,19.6397581706736,0.8250769997175667,2511.467815999822,94.87418218419728
1781462055,20,GET,/api/load/mixed [GET],3.900000,0.000000,27,36,92,99,190,210,220,220,220,220,220,3178,0,24,68.98785123883513,12.42441499925917,2511.467815999822,115.0
1781462055,20,GET,/api/products [GET],10.200000,0.000000,2,3,5,5,10,19,22,69,69,69,69,7994,0,2,7.328114722288888,0.8250769997175667,497.9289789998802,120.0
1781462055,20,GET,/api/products/{id} [GET],5.900000,0.000000,2,2,5,6,13,48,82,85,85,85,85,4744,0,2,7.350566830529614,0.8737379994272487,501.92681399948924,39.0
1781462055,20,,Aggregated,20.000000,0.000000,3,7,14,19,30,92,190,210,220,220,220,15916,0,3,19.646609033113034,0.8250769997175667,2511.467815999822,94.85838150289017
1781462056,20,GET,/api/load/mixed [GET],3.900000,0.000000,27,38,96,99,190,210,220,220,220,220,220,3180,0,24,68.97925025660965,12.42441499925917,2511.467815999822,115.0
1781462056,20,GET,/api/products [GET],10.200000,0.000000,2,4,5,6,10,19,22,69,69,69,69,8007,0,2,7.322143078179024,0.8250769997175667,497.9289789998802,120.0
1781462056,20,GET,/api/products/{id} [GET],5.800000,0.000000,2,2,3,5,12,48,82,85,85,85,85,4749,0,2,7.34489012761276,0.8737379994272487,501.92681399948924,39.0
1781462056,20,,Aggregated,19.900000,0.000000,3,6,14,18,32,93,190,210,220,220,220,15936,0,3,19.632486110631923,0.8250769997175667,2511.467815999822,94.86389307228916
1781462057,20,GET,/api/load/mixed [GET],3.800000,0.000000,30,92,99,110,200,220,220,220,220,220,220,3186,0,24,69.00134670057096,12.42441499925917,2511.467815999822,115.0
1781462057,20,GET,/api/products [GET],10.000000,0.000000,2,4,5,6,10,19,22,69,69,69,69,8013,0,2,7.3186114331684555,0.8250769997175667,497.9289789998802,120.0
1781462057,20,GET,/api/products/{id} [GET],6.000000,0.000000,2,2,3,6,12,48,82,85,85,85,85,4756,0,2,7.34350527986411,0.8737379994272487,501.92681399948924,39.0
1781462057,20,,Aggregated,19.800000,0.000000,3,6,14,19,40,99,200,220,220,220,220,15955,0,3,19.643248831904152,0.8250769997175667,2511.467815999822,94.85640864932623
1781462058,20,GET,/api/load/mixed [GET],3.900000,0.000000,30,93,110,130,200,210,220,220,220,220,220,3192,0,24,69.03526363409107,12.42441499925917,2511.467815999822,115.0
1781462058,20,GET,/api/products [GET],9.800000,0.000000,2,4,5,5,8,17,22,22,22,22,22,8023,0,2,7.313603143833979,0.8250769997175667,497.9289789998802,120.0
1781462058,20,GET,/api/products/{id} [GET],6.200000,0.000000,2,2,3,3,7,12,19,26,26,26,26,4761,0,2,7.337828775054479,0.8737379994272487,501.92681399948924,39.0
1781462058,20,,Aggregated,19.900000,0.000000,3,6,14,18,36,120,210,220,220,220,220,15976,0,3,19.652791834065617,0.8250769997175667,2511.467815999822,94.8622308462694
1781462059,20,GET,/api/load/mixed [GET],3.900000,0.000000,32,94,120,180,210,220,220,220,220,220,220,3194,0,24,69.0761553149714,12.42441499925917,2511.467815999822,115.0
1781462059,20,GET,/api/products [GET],9.200000,0.000000,2,3,4,5,8,18,22,26,26,26,26,8033,0,2,7.310862600395824,0.8250769997175667,497.9289789998802,120.0
1781462059,20,GET,/api/products/{id} [GET],6.600000,0.000000,2,2,3,3,6,12,19,26,26,26,26,4769,0,2,7.330235758237062,0.8737379994272487,501.92681399948924,39.0
1781462059,20,,Aggregated,19.700000,0.000000,3,5,13,18,36,120,210,220,220,220,220,15996,0,3,19.649618259316703,0.8250769997175667,2511.467815999822,94.85252563140786
1781462060,20,GET,/api/load/mixed [GET],4.100000,0.000000,30,93,99,120,190,210,220,220,220,220,220,3198,0,24,69.00878475985577,12.42441499925917,2511.467815999822,115.0
1781462060,20,GET,/api/products [GET],9.500000,0.000000,2,3,4,5,7,17,22,26,26,26,26,8045,0,2,7.304632281538706,0.8250769997175667,497.9289789998802,120.0
1781462060,20,GET,/api/products/{id} [GET],6.400000,0.000000,2,2,3,3,7,12,19,26,26,26,26,4773,0,2,7.326985635875418,0.8737379994272487,501.92681399948924,39.0
1781462060,20,,Aggregated,20.000000,0.000000,3,5,12,15,30,99,190,210,220,220,220,16016,0,3,19.632090584854527,0.8250769997175667,2511.467815999822,94.86245004995006
1781462061,20,GET,/api/load/mixed [GET],4.200000,0.000000,36,93,110,120,190,210,220,220,220,220,220,3205,0,24,68.95830822839932,12.42441499925917,2511.467815999822,115.0
1781462061,20,GET,/api/products [GET],9.400000,0.000000,2,3,4,5,7,12,17,26,26,26,26,8053,0,2,7.302831523032528,0.8250769997175667,497.9289789998802,120.0
1781462061,20,GET,/api/products/{id} [GET],6.400000,0.000000,2,2,3,3,7,14,19,26,26,26,26,4778,0,2,7.324041695276835,0.8737379994272487,501.92681399948924,39.0
1781462061,20,,Aggregated,20.000000,0.000000,3,5,13,15,38,110,190,210,220,220,220,16036,0,3,19.631787936332795,0.8250769997175667,2511.467815999822,94.86636318283861
1781462062,20,GET,/api/load/mixed [GET],4.300000,0.000000,36,93,110,120,190,210,220,220,220,220,220,3206,0,24,68.94498725421722,12.42441499925917,2511.467815999822,115.0
1781462062,20,GET,/api/products [GET],9.900000,0.000000,2,4,4,5,8,15,21,26,26,26,26,8066,0,2,7.29992984762935,0.8250769997175667,497.9289789998802,120.0
1781462062,20,GET,/api/products/{id} [GET],6.100000,0.000000,2,3,3,4,11,19,26,56,56,56,56,4783,0,2,7.331959238559874,0.8737379994272487,501.92681399948924,39.0
1781462062,20,,Aggregated,20.300000,0.000000,3,6,14,16,40,110,190,210,220,220,220,16055,0,3,19.61928522740765,0.8250769997175667,2511.467815999822,94.87056991591405
1781462063,20,GET,/api/load/mixed [GET],4.200000,0.000000,40,96,110,120,190,200,220,220,220,220,220,3211,0,24,68.96117766584274,12.42441499925917,2511.467815999822,115.0
1781462063,20,GET,/api/products [GET],9.900000,0.000000,3,4,6,7,12,26,38,62,62,62,62,8077,0,2,7.3149755613441325,0.8250769997175667,497.9289789998802,120.0
1781462063,20,GET,/api/products/{id} [GET],5.800000,0.000000,2,3,4,6,12,26,30,56,56,56,56,4788,0,2,7.333421693406957,0.8737379994272487,501.92681399948924,39.0
1781462063,20,,Aggregated,19.900000,0.000000,4,8,15,21,92,110,190,210,220,220,220,16076,0,3,19.63360426486871,0.8250769997175667,2511.467815999822,94.87664842000498
1781462064,20,GET,/api/load/mixed [GET],4.100000,0.000000,32,93,110,110,180,210,220,220,220,220,220,3214,0,24,68.91289493528983,12.42441499925917,2511.467815999822,115.0
1781462064,20,GET,/api/products [GET],10.000000,0.000000,3,4,5,6,12,26,38,62,62,62,62,8093,0,2,7.306024344986348,0.8250769997175667,497.9289789998802,120.0
1781462064,20,GET,/api/products/{id} [GET],5.800000,0.000000,2,3,3,4,12,26,56,56,56,56,56,4789,0,2,7.332275037801662,0.8737379994272487,501.92681399948924,39.0
1781462064,20,,Aggregated,19.900000,0.000000,3,8,14,17,38,110,180,210,220,220,220,16096,0,3,19.61530594570249,0.8250769997175667,2511.467815999822,94.90190109343936
1781462065,20,GET,/api/load/mixed [GET],4.300000,0.000000,25,91,95,110,140,210,220,220,220,220,220,3216,0,24,68.88014311785493,12.42441499925917,2511.467815999822,115.0
1781462065,20,GET,/api/products [GET],9.800000,0.000000,3,4,5,6,12,26,38,62,62,62,62,8102,0,2,7.300203056649477,0.8250769997175667,497.9289789998802,120.0
1781462065,20,GET,/api/products/{id} [GET],5.700000,0.000000,2,3,3,4,12,26,56,56,56,56,56,4798,0,2,7.322669493545775,0.8737379994272487,501.92681399948924,39.0
1781462065,20,,Aggregated,19.800000,0.000000,3,7,14,16,33,95,140,210,220,220,220,16116,0,3,19.595368184538806,0.8250769997175667,2511.467815999822,94.88719285182428
1781462066,20,GET,/api/load/mixed [GET],4.300000,0.000000,23,92,110,110,140,210,220,220,220,220,220,3218,0,24,68.84655470541378,12.42441499925917,2511.467815999822,115.0
1781462066,20,GET,/api/products [GET],10.600000,0.000000,2,3,4,5,10,21,31,38,62,62,62,8115,0,2,7.291410477261118,0.8250769997175667,497.9289789998802,120.0
1781462066,20,GET,/api/products/{id} [GET],5.400000,0.000000,2,3,3,3,8,14,56,56,56,56,56,4803,0,2,7.3171794932401655,0.8737379994272487,501.92681399948924,39.0
1781462066,20,,Aggregated,20.300000,0.000000,3,5,12,15,31,95,140,210,220,220,220,16136,0,3,19.575013768655634,0.8250769997175667,2511.467815999822,94.89260039662865
1781462067,20,GET,/api/load/mixed [GET],4.100000,0.000000,23,91,95,96,120,140,180,180,180,180,180,3221,0,24,68.84562663055615,12.42441499925917,2511.467815999822,115.0
1781462067,20,GET,/api/products [GET],10.800000,0.000000,2,3,4,6,12,26,31,38,62,62,62,8127,0,2,7.289634763993615,0.8250769997175667,497.9289789998802,120.0
1781462067,20,GET,/api/products/{id} [GET],5.300000,0.000000,2,3,3,3,8,14,56,56,56,56,56,4808,0,2,7.311361575921599,0.8737379994272487,501.92681399948924,39.0
1781462067,20,,Aggregated,20.200000,0.000000,3,5,12,15,31,92,120,140,180,180,180,16156,0,3,19.56843597183881,0.8250769997175667,2511.467815999822,94.89768507056202
1781462068,20,GET,/api/load/mixed [GET],3.900000,0.000000,17,32,91,92,110,140,180,180,180,180,180,3226,0,24,68.78558208773121,12.42441499925917,2511.467815999822,115.0
1781462068,20,GET,/api/products [GET],10.800000,0.000000,2,3,4,5,12,21,31,38,62,62,62,8137,0,2,7.284294947029142,0.8250769997175667,497.9289789998802,120.0
1781462068,20,GET,/api/products/{id} [GET],5.400000,0.000000,2,3,3,3,8,14,56,56,56,56,56,4813,0,2,7.3063790081094995,0.8737379994272487,501.92681399948924,39.0
1781462068,20,,Aggregated,20.100000,0.000000,3,5,12,14,29,62,110,140,180,180,180,16176,0,3,19.556144780231666,0.8250769997175667,2511.467815999822,94.90213897131552
1781462069,20,GET,/api/load/mixed [GET],3.700000,0.000000,21,33,91,92,110,110,140,140,140,140,140,3226,0,24,68.78558208773121,12.42441499925917,2511.467815999822,115.0
1781462069,20,GET,/api/products [GET],11.200000,0.000000,2,3,4,4,12,21,31,38,62,62,62,8150,0,2,7.275908447236305,0.8250769997175667,497.9289789998802,120.0
1781462069,20,GET,/api/products/{id} [GET],5.300000,0.000000,2,3,3,3,7,14,56,56,56,56,56,4820,0,2,7.299021571583188,0.8737379994272487,501.92681399948924,39.0
1781462069,20,,Aggregated,20.200000,0.000000,3,4,9,14,26,56,96,110,140,140,140,16196,0,3,19.53459037015481,0.8250769997175667,2511.467815999822,94.89812299333168
1781462070,20,GET,/api/load/mixed [GET],3.700000,0.000000,17,26,91,91,110,110,140,140,140,140,140,3231,0,24,68.70762031012708,12.42441499925917,2511.467815999822,115.0
1781462070,20,GET,/api/products [GET],11.400000,0.000000,2,3,4,4,10,21,31,38,62,62,62,8159,0,2,7.269908191074466,0.8250769997175667,497.9289789998802,120.0
1781462070,20,GET,/api/products/{id} [GET],5.100000,0.000000,2,3,3,3,5,11,56,56,56,56,56,4826,0,2,7.29325462744114,0.8737379994272487,501.92681399948924,39.0
1781462070,20,,Aggregated,20.200000,0.000000,2,4,7,13,21,38,96,110,140,140,140,16216,0,3,19.518176429762434,0.8250769997175667,2511.467815999822,94.89757030093735
1781462071,20,GET,/api/load/mixed [GET],3.300000,0.000000,17,21,33,91,95,110,140,140,140,140,140,3238,0,24,68.617335745219,12.42441499925917,2511.467815999822,115.0
1781462071,20,GET,/api/products [GET],11.700000,0.000000,2,3,3,4,8,13,31,38,62,62,62,8167,0,2,7.264946116318612,0.8250769997175667,497.9289789998802,120.0
1781462071,20,GET,/api/products/{id} [GET],5.100000,0.000000,2,3,3,3,4,7,56,56,56,56,56,4831,0,2,7.288525563243978,0.8737379994272487,501.92681399948924,39.0
1781462071,20,,Aggregated,20.100000,0.000000,3,4,7,13,20,38,95,110,140,140,140,16236,0,3,19.507675232263136,0.8250769997175667,2511.467815999822,94.90139196846513
1781462072,20,GET,/api/load/mixed [GET],3.100000,0.000000,17,18,30,91,93,100,110,110,110,110,110,3242,0,24,68.60191753331868,12.42441499925917,2511.467815999822,115.0
1781462072,20,GET,/api/products [GET],11.500000,0.000000,2,3,3,3,4,13,31,62,62,62,62,8174,0,2,7.261971784190455,0.8250769997175667,497.9289789998802,120.0
1781462072,20,GET,/api/products/{id} [GET],5.300000,0.000000,2,3,3,3,4,5,12,13,13,13,13,4840,0,2,7.282747264882481,0.8737379994272487,501.92681399948924,39.0
1781462072,20,,Aggregated,19.900000,0.000000,2,3,4,13,17,31,93,100,110,110,110,16256,0,3,19.501431518763702,0.8250769997175667,2511.467815999822,94.88619586614173
1781462073,20,GET,/api/load/mixed [GET],3.400000,0.000000,17,20,30,91,96,100,190,190,190,190,190,3248,0,24,68.58800683990752,12.42441499925917,2511.467815999822,115.0
1781462073,20,GET,/api/products [GET],11.300000,0.000000,2,2,3,4,5,11,31,74,74,74,74,8182,0,2,7.266930456364187,0.8250769997175667,497.9289789998802,120.0
1781462073,20,GET,/api/products/{id} [GET],5.300000,0.000000,2,3,3,3,9,13,13,27,27,27,27,4846,0,2,7.287277486386911,0.8737379994272487,501.92681399948924,39.0
1781462073,20,,Aggregated,20.000000,0.000000,2,4,9,13,17,31,96,100,190,190,190,16276,0,3,19.510077286128162,0.8250769997175667,2511.467815999822,94.88535266650283
1781462074,20,GET,/api/load/mixed [GET],3.500000,0.000000,17,30,83,91,97,100,190,190,190,190,190,3254,0,24,68.55184941733845,12.42441499925917,2511.467815999822,115.0
1781462074,20,GET,/api/products [GET],10.800000,0.000000,2,2,3,4,8,14,31,74,74,74,74,8188,0,2,7.267531336830922,0.8250769997175667,497.9289789998802,120.0
1781462074,20,GET,/api/products/{id} [GET],5.700000,0.000000,2,3,3,4,12,19,21,27,27,27,27,4854,0,2,7.286658120319269,0.8737379994272487,501.92681399948924,39.0
1781462074,20,,Aggregated,20.000000,0.000000,3,4,13,14,21,83,97,100,190,190,190,16296,0,3,19.510536518533403,0.8250769997175667,2511.467815999822,94.87457044673539
1781462075,20,GET,/api/load/mixed [GET],3.500000,0.000000,17,30,83,91,97,100,190,190,190,190,190,3259,0,24,68.52054190335038,12.42441499925917,2511.467815999822,115.0
1781462075,20,GET,/api/products [GET],10.800000,0.000000,2,3,4,4,8,19,31,74,74,74,74,8195,0,2,7.266768114212476,0.8250769997175667,497.9289789998802,120.0
1781462075,20,GET,/api/products/{id} [GET],5.800000,0.000000,2,3,4,4,12,19,21,27,27,27,27,4862,0,2,7.278340959693372,0.8737379994272487,501.92681399948924,39.0
1781462075,20,,Aggregated,20.100000,0.000000,3,6,13,15,27,91,100,180,190,190,190,16316,0,3,19.50520375735591,0.8250769997175667,2511.467815999822,94.86412110811473
1781462076,20,GET,/api/load/mixed [GET],3.900000,0.000000,17,27,42,91,97,100,190,190,190,190,190,3263,0,24,68.45949539902504,12.42441499925917,2511.467815999822,115.0
1781462076,20,GET,/api/products [GET],9.600000,0.000000,2,3,3,4,6,19,31,74,74,74,74,8206,0,2,7.259885933337878,0.8250769997175667,497.9289789998802,120.0
1781462076,20,GET,/api/products/{id} [GET],6.400000,0.000000,2,3,4,6,13,19,21,27,27,27,27,4867,0,2,7.279278044181062,0.8737379994272487,501.92681399948924,39.0
1781462076,20,,Aggregated,19.900000,0.000000,3,6,14,16,27,83,100,180,190,190,190,16336,0,3,19.489850862941854,0.8250769997175667,2511.467815999822,94.86887855044074
1781462077,20,GET,/api/load/mixed [GET],4.100000,0.000000,17,28,42,91,100,110,190,190,190,190,190,3267,0,24,68.43080941108637,12.42441499925917,2511.467815999822,115.0
1781462077,20,GET,/api/products [GET],9.100000,0.000000,2,2,3,3,5,14,31,74,74,74,74,8217,0,2,7.253789897404217,0.8250769997175667,497.9289789998802,120.0
1781462077,20,GET,/api/products/{id} [GET],6.600000,0.000000,2,3,5,6,13,19,21,27,27,27,27,4872,0,2,7.2745641167957045,0.8737379994272487,501.92681399948924,39.0
1781462077,20,,Aggregated,19.800000,0.000000,3,6,13,14,25,74,100,180,190,190,190,16356,0,3,19.47967243274748,0.8250769997175667,2511.467815999822,94.87362435803375
1781462078,20,GET,/api/load/mixed [GET],4.300000,0.000000,20,28,42,93,110,160,190,190,190,190,190,3272,0,24,68.42340200459012,12.42441499925917,2511.467815999822,115.0
1781462078,20,GET,/api/products [GET],9.100000,0.000000,2,2,3,3,6,19,31,74,74,74,74,8226,0,2,7.248386661557143,0.8250769997175667,497.9289789998802,120.0
1781462078,20,GET,/api/products/{id} [GET],6.500000,0.000000,3,4,5,7,13,21,27,30,30,30,30,4878,0,2,7.275039536701157,0.8737379994272487,501.92681399948924,39.0
1781462078,20,,Aggregated,19.900000,0.000000,3,9,14,17,28,93,110,180,190,190,190,16376,0,3,19.479374871581317,0.8250769997175667,2511.467815999822,94.87310698583292
1781462079,20,GET,/api/load/mixed [GET],4.500000,0.000000,20,33,83,97,110,170,190,190,190,190,190,3278,0,24,68.40570132794974,12.42441499925917,2511.467815999822,115.0
1781462079,20,GET,/api/products [GET],9.100000,0.000000,2,3,3,4,8,21,31,74,74,74,74,8236,0,2,7.245580259709833,0.8250769997175667,497.9289789998802,120.0
1781462079,20,GET,/api/products/{id} [GET],6.400000,0.000000,3,4,6,7,13,21,27,30,30,30,30,4882,0,2,7.271763946748858,0.8737379994272487,501.92681399948924,39.0
1781462079,20,,Aggregated,20.000000,0.000000,3,12,14,18,31,97,160,180,190,190,190,16396,0,3,19.480924588925152,0.8250769997175667,2511.467815999822,94.8821663820444
1781462080,20,GET,/api/load/mixed [GET],4.300000,0.000000,21,35,93,98,110,170,190,190,190,190,190,3281,0,24,68.36330860927156,12.42441499925917,2511.467815999822,115.0
1781462080,20,GET,/api/products [GET],9.000000,0.000000,2,3,4,5,11,20,31,74,74,74,74,8249,0,2,7.2432028141555005,0.8250769997175667,497.9289789998802,120.0
1781462080,20,GET,/api/products/{id} [GET],6.500000,0.000000,2,4,7,9,13,21,27,30,30,30,30,4886,0,2,7.269551784491816,0.8737379994272487,501.92681399948924,39.0
1781462080,20,,Aggregated,19.800000,0.000000,3,9,14,19,31,97,160,180,190,190,190,16416,0,3,19.46687533991319,0.8250769997175667,2511.467815999822,94.89211744639377
1781462081,20,GET,/api/load/mixed [GET],5.000000,0.000000,24,35,95,98,110,170,190,190,190,190,190,3287,0,24,68.34208255704866,12.42441499925917,2511.467815999822,115.0
1781462081,20,GET,/api/products [GET],8.700000,0.000000,2,3,4,5,11,21,68,74,74,74,74,8256,0,2,7.246980554501985,0.8250769997175667,497.9289789998802,120.0
1781462081,20,GET,/api/products/{id} [GET],6.100000,0.000000,3,4,7,9,19,27,30,86,86,86,86,4893,0,2,7.284408269574401,0.8737379994272487,501.92681399948924,39.0
1781462081,20,,Aggregated,19.800000,0.000000,4,11,16,20,35,98,160,180,190,190,190,16436,0,3,19.476399761865057,0.8250769997175667,2511.467815999822,94.88634704307617
1781462082,20,GET,/api/load/mixed [GET],5.200000,0.000000,24,35,95,98,160,180,190,190,190,190,190,3293,0,24,68.30841602460335,12.42441499925917,2511.467815999822,115.0
1781462082,20,GET,/api/products [GET],8.900000,0.000000,2,3,4,6,19,23,83,87,87,87,87,8264,0,2,7.267408965509102,0.8250769997175667,497.9289789998802,120.0
1781462082,20,GET,/api/products/{id} [GET],6.000000,0.000000,3,4,5,7,19,30,84,86,86,86,86,4899,0,2,7.29621232333728,0.8737379994272487,501.92681399948924,39.0
1781462082,20,,Aggregated,20.100000,0.000000,4,13,19,21,68,98,170,190,190,190,190,16456,0,3,19.49086204618465,0.8250769997175667,2511.467815999822,94.88551288283908
1781462083,20,GET,/api/load/mixed [GET],5.000000,0.000000,21,33,94,97,110,170,190,190,190,190,190,3296,0,24,68.26319697694701,12.42441499925917,2511.467815999822,115.0
1781462083,20,GET,/api/products [GET],8.900000,0.000000,2,3,4,5,19,30,83,87,87,87,87,8277,0,2,7.266332225681875,0.8250769997175667,497.9289789998802,120.0
1781462083,20,GET,/api/products/{id} [GET],6.200000,0.000000,3,4,6,9,20,30,86,86,86,86,86,4903,0,2,7.300162248833225,0.8737379994272487,501.92681399948924,39.0
1781462083,20,,Aggregated,20.100000,0.000000,4,11,16,20,33,95,160,180,190,190,190,16476,0,3,19.478734193615853,0.8250769997175667,2511.467815999822,94.89542364651615
1781462084,20,GET,/api/load/mixed [GET],5.100000,0.000000,21,30,94,98,160,180,190,190,190,190,190,3297,0,24,68.24878089051182,12.42441499925917,2511.467815999822,115.0
1781462084,20,GET,/api/products [GET],9.000000,0.000000,2,3,4,5,19,30,83,87,87,87,87,8290,0,2,7.257889872010642,0.8250769997175667,497.9289789998802,120.0
1781462084,20,GET,/api/products/{id} [GET],5.900000,0.000000,3,4,7,9,20,30,86,86,86,86,86,4909,0,2,7.293957144230794,0.8737379994272487,501.92681399948924,39.0
1781462084,20,,Aggregated,20.000000,0.000000,4,10,16,20,31,94,160,180,190,190,190,16496,0,3,19.458667146945555,0.8250769997175667,2511.467815999822,94.89609602327837
1781462085,20,GET,/api/load/mixed [GET],4.900000,0.000000,21,30,94,95,110,170,190,190,190,190,190,3297,0,24,68.24878089051182,12.42441499925917,2511.467815999822,115.0
1781462085,20,GET,/api/products [GET],9.400000,0.000000,2,3,4,5,12,25,83,87,87,87,87,8303,0,2,7.250137626637013,0.8250769997175667,497.9289789998802,120.0
1781462085,20,GET,/api/products/{id} [GET],5.700000,0.000000,3,4,4,6,20,30,86,86,86,86,86,4916,0,2,7.286916445489926,0.8737379994272487,501.92681399948924,39.0
1781462085,20,,Aggregated,20.000000,0.000000,3,5,14,18,30,87,110,170,190,190,190,16516,0,3,19.43791502518845,0.8250769997175667,2511.467815999822,94.89216517316541
1781462086,20,GET,/api/load/mixed [GET],4.500000,0.000000,24,35,94,98,110,170,190,190,190,190,190,3302,0,24,68.20797908116833,12.42441499925917,2511.467815999822,115.0
1781462086,20,GET,/api/products [GET],10.000000,0.000000,2,3,4,5,13,25,83,87,87,87,87,8311,0,2,7.246876832988433,0.8250769997175667,497.9289789998802,120.0
1781462086,20,GET,/api/products/{id} [GET],5.600000,0.000000,3,4,7,11,20,30,84,86,86,86,86,4923,0,2,7.29238495937996,0.8737379994272487,501.92681399948924,39.0
1781462086,20,,Aggregated,20.100000,0.000000,3,10,16,20,33,94,110,170,190,190,190,16536,0,3,19.43347553459191,0.8250769997175667,2511.467815999822,94.88673197871312
1781462087,20,GET,/api/load/mixed [GET],4.000000,0.000000,22,33,94,98,110,170,190,190,190,190,190,3304,0,23,68.17554432415832,12.42441499925917,2511.467815999822,115.0
1781462087,20,GET,/api/products [GET],10.900000,0.000000,2,3,4,5,13,25,83,87,87,87,87,8323,0,2,7.23966209815782,0.8250769997175667,497.9289789998802,120.0
1781462087,20,GET,/api/products/{id} [GET],5.300000,0.000000,3,4,7,11,20,30,84,86,86,86,86,4929,0,2,7.287046278966675,0.8737379994272487,501.92681399948924,39.0
1781462087,20,,Aggregated,20.200000,0.000000,3,7,14,19,30,87,110,170,190,190,190,16556,0,3,19.414445349058518,0.8250769997175667,2511.467815999822,94.88711041314328
1781462088,20,GET,/api/load/mixed [GET],3.800000,0.000000,21,29,41,94,98,170,190,190,190,190,190,3307,0,23,68.12733980708184,12.42441499925917,2511.467815999822,115.0
1781462088,20,GET,/api/products [GET],10.600000,0.000000,2,3,4,4,12,25,83,87,87,87,87,8334,0,2,7.232479628025673,0.8250769997175667,497.9289789998802,120.0
1781462088,20,GET,/api/products/{id} [GET],5.600000,0.000000,2,4,4,10,20,21,84,86,86,86,86,4935,0,2,7.280426721180463,0.8737379994272487,501.92681399948924,39.0
1781462088,20,,Aggregated,20.000000,0.000000,3,4,13,18,25,84,98,170,190,190,190,16576,0,3,19.395602306407497,0.8250769997175667,2511.467815999822,94.88718629343629
1781462089,20,GET,/api/load/mixed [GET],3.800000,0.000000,18,25,29,41,98,99,190,190,190,190,190,3310,0,23,68.07891521934135,12.42441499925917,2511.467815999822,115.0
1781462089,20,GET,/api/products [GET],10.600000,0.000000,2,3,4,4,10,25,83,87,87,87,87,8345,0,2,7.2269440035907175,0.8250769997175667,497.9289789998802,120.0
1781462089,20,GET,/api/products/{id} [GET],5.700000,0.000000,2,4,5,6,20,21,84,86,86,86,86,4941,0,2,7.274925206238391,0.8737379994272487,501.92681399948924,39.0
1781462089,20,,Aggregated,20.100000,0.000000,3,4,12,14,22,68,95,99,190,190,190,16596,0,3,19.377890005423453,0.8250769997175667,2511.467815999822,94.88726199084117
1781462090,20,GET,/api/load/mixed [GET],3.700000,0.000000,20,25,29,30,99,170,190,190,190,190,190,3313,0,23,68.10243073348018,12.42441499925917,2511.467815999822,115.0
1781462090,20,GET,/api/products [GET],10.700000,0.000000,2,3,4,4,10,19,83,87,87,87,87,8354,0,2,7.2230896058132315,0.8250769997175667,497.9289789998802,120.0
1781462090,20,GET,/api/products/{id} [GET],5.800000,0.000000,2,3,5,6,19,20,21,84,84,84,84,4948,0,2,7.271402098226318,0.8737379994272487,501.92681399948924,39.0
1781462090,20,,Aggregated,20.200000,0.000000,2,4,8,14,20,30,95,170,190,190,190,16615,0,3,19.376704253325713,0.8250769997175667,2511.467815999822,94.88095094793862
1781462091,20,GET,/api/load/mixed [GET],3.400000,0.000000,20,25,41,83,170,190,330,330,330,330,330,3318,0,23,68.14011105154347,12.42441499925917,2511.467815999822,115.0
1781462091,20,GET,/api/products [GET],10.900000,0.000000,2,2,3,4,6,10,25,30,30,30,30,8362,0,2,7.2206661278358455,0.8250769997175667,497.9289789998802,120.0
1781462091,20,GET,/api/products/{id} [GET],5.900000,0.000000,2,4,5,5,15,20,20,21,21,21,21,4956,0,2,7.267150275630311,0.8737379994272487,501.92681399948924,39.0
1781462091,20,,Aggregated,20.200000,0.000000,2,4,6,13,20,25,99,190,330,330,330,16636,0,3,19.384713596778532,0.8250769997175667,2511.467815999822,94.87220485693676
1781462092,20,GET,/api/load/mixed [GET],3.100000,0.000000,21,34,46,63,95,170,330,330,330,330,330,3325,0,23,68.08700283128478,12.42441499925917,2511.467815999822,115.0
1781462092,20,GET,/api/products [GET],10.600000,0.000000,2,2,3,4,6,9,14,30,30,30,30,8371,0,2,7.216011817819259,0.8250769997175667,497.9289789998802,120.0
1781462092,20,GET,/api/products/{id} [GET],6.200000,0.000000,2,4,5,5,12,19,20,20,20,20,20,4960,0,2,7.264906974601474,0.8737379994272487,501.92681399948924,39.0
1781462092,20,,Aggregated,19.900000,0.000000,2,4,7,13,20,36,95,170,330,330,330,16656,0,3,19.38211202779836,0.8250769997175667,2511.467815999822,94.8808237271854
1781462093,20,GET,/api/load/mixed [GET],3.100000,0.000000,21,34,63,83,110,190,330,330,330,330,330,3330,0,23,68.09251917598208,12.42441499925917,2511.467815999822,115.0
1781462093,20,GET,/api/products [GET],10.500000,0.000000,2,3,4,5,8,16,28,56,56,56,56,8382,0,2,7.225534567879187,0.8250769997175667,497.9289789998802,120.0
1781462093,20,GET,/api/products/{id} [GET],6.400000,0.000000,2,4,5,6,13,19,20,20,20,20,20,4964,0,2,7.264009487716192,0.8737379994272487,501.92681399948924,39.0
1781462093,20,,Aggregated,20.000000,0.000000,3,6,13,14,21,56,110,190,330,330,330,16676,0,3,19.391404575498093,0.8250769997175667,2511.467815999822,94.89002158791077
1781462094,20,GET,/api/load/mixed [GET],2.900000,0.000000,21,36,63,88,110,190,330,330,330,330,330,3331,0,23,68.07874619694398,12.42441499925917,2511.467815999822,115.0
1781462094,20,GET,/api/products [GET],10.800000,0.000000,2,3,5,6,10,19,32,56,56,56,56,8398,0,2,7.224328943315143,0.8250769997175667,497.9289789998802,120.0
1781462094,20,GET,/api/products/{id} [GET],6.200000,0.000000,3,5,5,6,13,19,20,20,20,20,20,4967,0,2,7.262166708279407,0.8737379994272487,501.92681399948924,39.0
1781462094,20,,Aggregated,19.900000,0.000000,3,6,13,15,28,56,110,190,330,330,330,16696,0,3,19.376581222328948,0.8250769997175667,2511.467815999822,94.90524676569238
1781462095,20,GET,/api/load/mixed [GET],3.300000,0.000000,21,36,83,95,170,190,330,330,330,330,330,3333,0,23,68.09920915812205,12.42441499925917,2511.467815999822,115.0
1781462095,20,GET,/api/products [GET],10.300000,0.000000,2,4,5,6,11,28,56,57,57,57,57,8407,0,2,7.226998075289639,0.8250769997175667,497.9289789998802,120.0
1781462095,20,GET,/api/products/{id} [GET],6.100000,0.000000,2,4,5,5,7,15,18,73,73,73,73,4976,0,2,7.269918799642741,0.8737379994272487,501.92681399948924,39.0
1781462095,20,,Aggregated,19.700000,0.000000,4,6,13,15,29,73,170,190,330,330,330,16716,0,3,19.377073037210007,0.8250769997175667,2511.467815999822,94.89106245513281
1781462096,20,GET,/api/load/mixed [GET],3.400000,0.000000,20,34,63,88,170,190,330,330,330,330,330,3338,0,23,68.02006019802877,12.42441499925917,2511.467815999822,115.0
1781462096,20,GET,/api/products [GET],10.800000,0.000000,2,4,5,6,11,28,56,57,57,57,57,8417,0,2,7.22094388712851,0.8250769997175667,497.9289789998802,120.0
1781462096,20,GET,/api/products/{id} [GET],5.800000,0.000000,2,4,5,5,7,15,18,73,73,73,73,4981,0,2,7.265356223453604,0.8737379994272487,501.92681399948924,39.0
1781462096,20,,Aggregated,20.000000,0.000000,4,6,13,15,28,63,170,190,330,330,330,16736,0,3,19.36056315654891,0.8250769997175667,2511.467815999822,94.89537523900573
1781462097,20,GET,/api/load/mixed [GET],3.500000,0.000000,21,34,63,88,170,190,330,330,330,330,330,3339,0,23,68.00611689847862,12.42441499925917,2511.467815999822,115.0
1781462097,20,GET,/api/products [GET],10.400000,0.000000,2,4,5,6,11,28,56,57,57,57,57,8432,0,2,7.211860771935397,0.8250769997175667,497.9289789998802,120.0
1781462097,20,GET,/api/products/{id} [GET],6.000000,0.000000,3,5,5,6,8,15,73,73,73,73,73,4985,0,2,7.262172950857315,0.8737379994272487,501.92681399948924,39.0
1781462097,20,,Aggregated,19.900000,0.000000,4,6,12,14,28,63,170,190,330,330,330,16756,0,3,19.34141600101471,0.8250769997175667,2511.467815999822,94.9057054189544
1781462098,20,GET,/api/load/mixed [GET],3.800000,0.000000,21,36,83,88,170,190,330,330,330,330,330,3341,0,23,67.97353139449852,12.42441499925917,2511.467815999822,115.0
1781462098,20,GET,/api/products [GET],10.500000,0.000000,2,4,5,6,11,28,56,57,57,57,57,8437,0,2,7.208615738409278,0.8250769997175667,497.9289789998802,120.0
1781462098,20,GET,/api/products/{id} [GET],5.800000,0.000000,2,4,5,5,7,15,18,73,73,73,73,4998,0,2,7.248437656667635,0.8737379994272487,501.92681399948924,39.0
1781462098,20,,Aggregated,20.100000,0.000000,3,6,10,14,28,63,170,190,330,330,330,16776,0,3,19.32202853969975,0.8250769997175667,2511.467815999822,94.87225798760133
1781462099,20,GET,/api/load/mixed [GET],3.600000,0.000000,21,36,83,94,170,190,330,330,330,330,330,3345,0,23,67.95844093692651,12.42441499925917,2511.467815999822,115.0
1781462099,20,GET,/api/products [GET],10.800000,0.000000,2,4,5,6,13,28,56,57,57,57,57,8449,0,2,7.205897300859234,0.8250769997175667,497.9289789998802,120.0
1781462099,20,GET,/api/products/{id} [GET],5.600000,0.000000,3,4,5,5,8,12,18,73,73,73,73,5002,0,2,7.247837787489851,0.8737379994272487,501.92681399948924,39.0
1781462099,20,,Aggregated,20.000000,0.000000,3,6,13,14,29,73,170,190,330,330,330,16796,0,3,19.317533689092787,0.8250769997175667,2511.467815999822,94.88169802333888
1781462100,20,GET,/api/load/mixed [GET],3.500000,0.000000,22,40,71,88,100,180,190,190,190,190,190,3351,0,23,67.93435813429413,12.42441499925917,2511.467815999822,115.0
1781462100,20,GET,/api/products [GET],10.300000,0.000000,2,4,5,6,13,24,32,56,57,57,57,8461,0,2,7.204709835121025,0.8250769997175667,497.9289789998802,120.0
1781462100,20,GET,/api/products/{id} [GET],6.200000,0.000000,2,3,5,5,8,12,73,73,73,73,73,5004,0,2,7.245595499005818,0.8737379994272487,501.92681399948924,39.0
1781462100,20,,Aggregated,20.000000,0.000000,3,6,13,15,32,71,100,180,190,190,190,16816,0,3,19.31874666389171,0.8250769997175667,2511.467815999822,94.9001546146527
1781462101,20,GET,/api/load/mixed [GET],3.300000,0.000000,17,33,63,87,100,180,190,190,190,190,190,3355,0,23,67.87132796841139,12.42441499925917,2511.467815999822,115.0
1781462101,20,GET,/api/products [GET],10.400000,0.000000,2,4,4,5,13,24,32,56,57,57,57,8472,0,2,7.197767102568547,0.8250769997175667,497.9289789998802,120.0
1781462101,20,GET,/api/products/{id} [GET],6.100000,0.000000,2,3,3,5,8,12,73,73,73,73,73,5009,0,2,7.240371908170508,0.8737379994272487,501.92681399948924,39.0
1781462101,20,,Aggregated,19.800000,0.000000,3,5,13,14,28,63,100,180,190,190,190,16836,0,3,19.30118859081767,0.8250769997175667,2511.467815999822,94.90472796388691
1781462102,20,GET,/api/load/mixed [GET],3.800000,0.000000,17,28,71,94,110,180,190,190,190,190,190,3357,0,23,67.83984466786421,12.42441499925917,2511.467815999822,115.0
1781462102,20,GET,/api/products [GET],10.600000,0.000000,2,3,4,4,11,19,32,56,57,57,57,8483,0,2,7.190969231281692,0.8250769997175667,497.9289789998802,120.0
1781462102,20,GET,/api/products/{id} [GET],5.600000,0.000000,2,3,3,4,6,12,12,73,73,73,73,5016,0,2,7.232940463521762,0.8737379994272487,501.92681399948924,39.0
1781462102,20,,Aggregated,20.000000,0.000000,2,4,8,13,21,57,100,180,190,190,190,16856,0,3,19.282141664926858,0.8250769997175667,2511.467815999822,94.90027289985761
1781462103,20,GET,/api/load/mixed [GET],3.600000,0.000000,16,28,71,89,98,100,180,180,180,180,180,3360,0,23,67.83785150893479,12.42441499925917,2511.467815999822,115.0
1781462103,20,GET,/api/products [GET],11.200000,0.000000,2,3,4,4,10,13,24,57,57,57,57,8494,0,2,7.186073468914695,0.8250769997175667,497.9289789998802,120.0
1781462103,20,GET,/api/products/{id} [GET],5.200000,0.000000,2,2,3,3,6,12,12,73,73,73,73,5022,0,2,7.2267828878983975,0.8737379994272487,501.92681399948924,39.0
1781462103,20,,Aggregated,20.000000,0.000000,2,4,6,12,16,57,94,100,180,180,180,16876,0,3,19.273915191870543,0.8250769997175667,2511.467815999822,94.90033183218772
1781462104,20,GET,/api/load/mixed [GET],3.600000,0.000000,16,17,71,89,98,100,180,180,180,180,180,3362,0,23,67.80534556217152,12.42441499925917,2511.467815999822,115.0
1781462104,20,GET,/api/products [GET],11.200000,0.000000,2,2,3,3,5,11,13,18,24,24,24,8508,0,2,7.177269312642405,0.8250769997175667,497.9289789998802,120.0
1781462104,20,GET,/api/products/{id} [GET],5.400000,0.000000,2,2,3,3,3,12,12,73,73,73,73,5026,0,2,7.222784674497807,0.8737379994272487,501.92681399948924,39.0
1781462104,20,,Aggregated,20.200000,0.000000,2,3,5,12,16,40,94,100,180,180,180,16896,0,3,19.25470495182336,0.8250769997175667,2511.467815999822,94.91027462121212
1781462105,20,GET,/api/load/mixed [GET],3.300000,0.000000,16,34,87,88,94,98,100,100,100,100,100,3365,0,23,67.78528841129868,12.42441499925917,2511.467815999822,115.0
1781462105,20,GET,/api/products [GET],11.500000,0.000000,2,2,3,4,5,11,13,18,24,24,24,8519,0,2,7.1720597944549755,0.8250769997175667,497.9289789998802,120.0
1781462105,20,GET,/api/products/{id} [GET],5.600000,0.000000,2,2,3,3,3,6,12,12,12,12,12,5032,0,2,7.217405916141495,0.8737379994272487,501.92681399948924,39.0
1781462105,20,,Aggregated,20.400000,0.000000,2,3,4,11,16,34,91,98,100,100,100,16916,0,3,19.242980578328524,0.8250769997175667,2511.467815999822,94.91032158902814
1781462106,20,GET,/api/load/mixed [GET],3.100000,0.000000,17,71,89,91,100,190,210,210,210,210,210,3367,0,23,67.86318189189777,12.42441499925917,2511.467815999822,115.0
1781462106,20,GET,/api/products [GET],11.000000,0.000000,2,3,4,4,11,14,20,24,24,24,24,8529,0,2,7.1746494468241195,0.8250769997175667,497.9289789998802,120.0
1781462106,20,GET,/api/products/{id} [GET],5.900000,0.000000,2,2,3,3,12,14,14,23,23,23,23,5040,0,2,7.22336165099658,0.8737379994272487,501.92681399948924,39.0
1781462106,20,,Aggregated,20.000000,0.000000,2,4,10,13,17,71,98,190,210,210,210,16936,0,3,19.254467482463678,0.8250769997175667,2511.467815999822,94.90109825224374
1781462107,20,GET,/api/load/mixed [GET],3.300000,0.000000,40,88,94,98,190,190,210,210,210,210,210,3375,0,23,67.92557272711699,12.42441499925917,2511.467815999822,115.0
1781462107,20,GET,/api/products [GET],11.300000,0.000000,2,3,4,7,13,18,22,22,24,24,24,8538,0,2,7.1787089862921905,0.8250769997175667,497.9289789998802,120.0
1781462107,20,GET,/api/products/{id} [GET],5.500000,0.000000,2,3,3,6,14,14,23,23,23,23,23,5043,0,2,7.2228998941150735,0.8737379994272487,501.92681399948924,39.0
1781462107,20,,Aggregated,20.100000,0.000000,3,9,13,14,24,91,190,190,210,210,210,16956,0,3,19.28318644992947,0.8250769997175667,2511.467815999822,94.9140127388535
1781462108,20,GET,/api/load/mixed [GET],2.800000,0.000000,40,87,94,97,190,190,210,210,210,210,210,3379,0,23,67.88945859544832,12.42441499925917,2511.467815999822,115.0
1781462108,20,GET,/api/products [GET],11.200000,0.000000,2,3,4,5,12,20,22,24,24,24,24,8547,0,2,7.173595906278589,0.8250769997175667,497.9289789998802,120.0
1781462108,20,GET,/api/products/{id} [GET],5.700000,0.000000,2,3,3,6,14,15,23,23,23,23,23,5050,0,2,7.219310870895612,0.8737379994272487,501.92681399948924,39.0
1781462108,20,,Aggregated,19.700000,0.000000,3,7,14,15,34,91,190,190,210,210,210,16976,0,3,19.27242723274064,0.8250769997175667,2511.467815999822,94.9089891611687
1781462109,20,GET,/api/load/mixed [GET],3.200000,0.000000,17,85,89,97,190,190,210,210,210,210,210,3383,0,23,67.83207829382788,12.42441499925917,2511.467815999822,115.0
1781462109,20,GET,/api/products [GET],10.700000,0.000000,2,3,4,4,10,18,22,22,22,22,22,8558,0,2,7.167556599434741,0.8250769997175667,497.9289789998802,120.0
1781462109,20,GET,/api/products/{id} [GET],5.700000,0.000000,2,3,3,6,14,15,15,23,23,23,23,5055,0,2,7.216242152922458,0.8737379994272487,501.92681399948924,39.0
1781462109,20,,Aggregated,19.600000,0.000000,2,4,13,14,22,88,190,190,210,210,210,16996,0,3,19.257117811779512,0.8250769997175667,2511.467815999822,94.91350906095552
1781462110,20,GET,/api/load/mixed [GET],3.800000,0.000000,17,85,89,92,190,190,210,210,210,210,210,3389,0,23,67.76427355120114,12.42441499925917,2511.467815999822,115.0
1781462110,20,GET,/api/products [GET],11.000000,0.000000,2,3,4,4,11,18,22,22,22,22,22,8563,0,2,7.165601141417977,0.8250769997175667,497.9289789998802,120.0
1781462110,20,GET,/api/products/{id} [GET],5.200000,0.000000,2,3,4,6,14,15,15,23,23,23,23,5064,0,2,7.208602844593842,0.8735179999348475,501.92681399948924,39.0
1781462110,20,,Aggregated,20.000000,0.000000,3,7,13,14,22,88,190,190,210,210,210,17016,0,3,19.247562908086824,0.8250769997175667,2511.467815999822,94.89838975082276
1781462111,20,GET,/api/load/mixed [GET],4.000000,0.000000,32,87,91,92,190,190,210,210,210,210,210,3389,0,23,67.76427355120114,12.42441499925917,2511.467815999822,115.0
1781462111,20,GET,/api/products [GET],11.000000,0.000000,2,3,4,4,11,18,22,22,22,22,22,8575,0,2,7.158187932240592,0.8250769997175667,497.9289789998802,120.0
1781462111,20,GET,/api/products/{id} [GET],5.200000,0.000000,2,3,4,6,14,15,15,23,23,23,23,5072,0,2,7.200148433561874,0.8735179999348475,501.92681399948924,39.0
1781462111,20,,Aggregated,20.200000,0.000000,3,5,12,14,22,88,190,190,210,210,210,17036,0,3,19.22715058928204,0.8250769997175667,2511.467815999822,94.88982155435548
1781462112,20,GET,/api/load/mixed [GET],3.800000,0.000000,25,35,87,92,190,190,210,210,210,210,210,3394,0,23,67.69662551238105,12.42441499925917,2511.467815999822,115.0
1781462112,20,GET,/api/products [GET],10.300000,0.000000,2,3,4,5,11,18,22,22,22,22,22,8586,0,2,7.153384052289995,0.8168160002242075,497.9289789998802,120.0
1781462112,20,GET,/api/products/{id} [GET],6.000000,0.000000,2,3,5,6,14,15,15,23,23,23,23,5076,0,2,7.1973483644651095,0.8735179999348475,501.92681399948924,39.0
1781462112,20,,Aggregated,20.100000,0.000000,3,6,13,14,22,85,190,190,210,210,210,17056,0,3,19.21406207551638,0.8168160002242075,2511.467815999822,94.89880393996248
1781462113,20,GET,/api/load/mixed [GET],3.500000,0.000000,25,65,88,92,190,190,210,210,210,210,210,3399,0,23,67.66684945749373,12.42441499925917,2511.467815999822,115.0
1781462113,20,GET,/api/products [GET],10.200000,0.000000,2,3,4,7,12,18,22,22,22,22,22,8593,0,2,7.150618652387011,0.8168160002242075,497.9289789998802,120.0
1781462113,20,GET,/api/products/{id} [GET],6.300000,0.000000,2,4,5,6,14,15,15,23,23,23,23,5084,0,2,7.190340351303044,0.8735179999348475,501.92681399948924,39.0
1781462113,20,,Aggregated,20.000000,0.000000,3,8,14,14,25,88,190,190,210,210,210,17076,0,3,19.208279323729595,0.8168160002242075,2511.467815999822,94.88879128601546
1781462114,20,GET,/api/load/mixed [GET],3.600000,0.000000,21,35,88,92,190,190,210,210,210,210,210,3401,0,23,67.63518902588099,12.42441499925917,2511.467815999822,115.0
1781462114,20,GET,/api/products [GET],10.200000,0.000000,2,3,4,7,12,18,22,22,22,22,22,8604,0,2,7.143942036722519,0.7922760005385499,497.9289789998802,120.0
1781462114,20,GET,/api/products/{id} [GET],6.200000,0.000000,2,3,4,5,12,14,15,23,23,23,23,5091,0,2,7.183153777848006,0.8735179999348475,501.92681399948924,39.0
1781462114,20,,Aggregated,20.000000,0.000000,3,7,13,14,22,87,190,190,210,210,210,17096,0,3,19.18947069747339,0.7922760005385499,2511.467815999822,94.88441740758073
1781462115,20,GET,/api/load/mixed [GET],3.900000,0.000000,25,35,87,92,190,190,210,210,210,210,210,3405,0,23,67.60182176153292,12.42441499925917,2511.467815999822,115.0
1781462115,20,GET,/api/products [GET],9.800000,0.000000,2,2,3,4,9,14,22,24,24,24,24,8612,0,2,7.14136720598708,0.7922760005385499,497.9289789998802,120.0
1781462115,20,GET,/api/products/{id} [GET],6.300000,0.000000,2,3,3,4,6,12,15,23,23,23,23,5099,0,2,7.176013452054311,0.8735179999348475,501.92681399948924,39.0
1781462115,20,,Aggregated,20.000000,0.000000,2,5,13,14,25,87,190,190,210,210,210,17116,0,3,19.179489954896255,0.7922760005385499,2511.467815999822,94.8747370881047
1781462116,20,GET,/api/load/mixed [GET],3.800000,0.000000,25,32,65,82,94,190,190,190,190,190,190,3408,0,23,67.58172560153164,12.42441499925917,2511.467815999822,115.0
1781462116,20,GET,/api/products [GET],9.800000,0.000000,2,2,2,3,5,8,12,24,24,24,24,8623,0,2,7.134955937256299,0.7922760005385499,497.9289789998802,120.0
1781462116,20,GET,/api/products/{id} [GET],6.400000,0.000000,2,3,3,4,6,7,12,15,15,15,15,5105,0,2,7.1718661641578,0.8735179999348475,501.92681399948924,39.0
1781462116,20,,Aggregated,20.000000,0.000000,2,4,7,13,25,65,94,190,190,190,190,17136,0,3,19.16757835346671,0.7922760005385499,2511.467815999822,94.874824929972
1781462117,20,GET,/api/load/mixed [GET],3.800000,0.000000,25,29,33,35,82,92,94,94,94,94,94,3411,0,23,67.55888209587214,12.42441499925917,2511.467815999822,115.0
1781462117,20,GET,/api/products [GET],9.200000,0.000000,2,2,2,3,5,9,20,24,24,24,24,8635,0,2,7.129496270059077,0.7922760005385499,497.9289789998802,120.0
1781462117,20,GET,/api/products/{id} [GET],6.800000,0.000000,2,3,3,3,5,7,8,12,12,12,12,5110,0,2,7.166772191981617,0.8735179999348475,501.92681399948924,39.0
1781462117,20,,Aggregated,19.800000,0.000000,2,3,6,11,21,31,82,92,94,94,94,17156,0,3,19.155324843903305,0.7922760005385499,2511.467815999822,94.87963394730707
1781462118,20,GET,/api/load/mixed [GET],4.300000,0.000000,25,28,32,73,92,92,94,94,94,94,94,3413,0,23,67.52858688192791,12.42441499925917,2511.467815999822,115.0
1781462118,20,GET,/api/products [GET],9.300000,0.000000,2,2,3,3,4,8,20,24,24,24,24,8646,0,2,7.123134293194751,0.7922760005385499,497.9289789998802,120.0
1781462118,20,GET,/api/products/{id} [GET],6.700000,0.000000,2,3,3,4,5,6,7,8,8,8,8,5117,0,2,7.160622561662498,0.8735179999348475,501.92681399948924,39.0
1781462118,20,,Aggregated,20.300000,0.000000,2,3,5,8,20,29,82,92,94,94,94,17176,0,3,19.13731903673776,0.7922760005385499,2511.467815999822,94.87529110386586
1781462119,20,GET,/api/load/mixed [GET],4.000000,0.000000,25,29,31,35,82,92,94,94,94,94,94,3417,0,23,67.47572932280369,12.42441499925917,2511.467815999822,115.0
1781462119,20,GET,/api/products [GET],9.700000,0.000000,2,2,3,3,5,8,20,24,24,24,24,8657,0,2,7.117583266254083,0.7922760005385499,497.9289789998802,120.0
1781462119,20,GET,/api/products/{id} [GET],6.700000,0.000000,2,2,3,3,5,7,7,8,8,8,8,5122,0,2,7.155247567556826,0.8735179999348475,501.92681399948924,39.0
1781462119,20,,Aggregated,20.400000,0.000000,2,3,5,7,20,29,75,92,94,94,94,17196,0,3,19.1225089249248,0.7922760005385499,2511.467815999822,94.8797976273552
1781462120,20,GET,/api/load/mixed [GET],3.400000,0.000000,21,29,31,32,75,92,94,94,94,94,94,3420,0,23,67.42922019445055,12.42441499925917,2511.467815999822,115.0
1781462120,20,GET,/api/products [GET],10.000000,0.000000,2,2,3,3,5,8,20,24,24,24,24,8665,0,2,7.112869472470936,0.7922760005385499,497.9289789998802,120.0
1781462120,20,GET,/api/products/{id} [GET],6.600000,0.000000,2,2,3,3,5,7,7,8,8,8,8,5131,0,2,7.145505012283467,0.8494570001857937,501.92681399948924,39.0
1781462120,20,,Aggregated,20.000000,0.000000,2,3,5,8,20,29,75,92,94,94,94,17216,0,3,19.10458487813702,0.7922760005385499,2511.467815999822,94.86576440520446
1781462121,20,GET,/api/load/mixed [GET],3.300000,0.000000,21,29,31,32,82,92,94,94,94,94,94,3421,0,23,67.41419239521213,12.42441499925917,2511.467815999822,115.0
1781462121,20,GET,/api/products [GET],9.800000,0.000000,2,2,3,3,4,7,20,24,24,24,24,8678,0,2,7.106762837285224,0.7922760005385499,497.9289789998802,120.0
1781462121,20,GET,/api/products/{id} [GET],6.900000,0.000000,2,2,3,3,5,7,7,8,8,8,8,5137,0,2,7.140680173841881,0.8494570001857937,501.92681399948924,39.0
1781462121,20,,Aggregated,20.000000,0.000000,2,3,4,7,17,29,75,92,94,94,94,17236,0,3,19.086685665990164,0.7922760005385499,2511.467815999822,94.86644233000696
1781462122,20,GET,/api/load/mixed [GET],3.200000,0.000000,25,29,31,32,82,97,100,100,100,100,100,3426,0,23,67.39015354495636,12.42441499925917,2511.467815999822,115.0
1781462122,20,GET,/api/products [GET],10.200000,0.000000,2,2,3,4,5,12,20,24,24,24,24,8686,0,2,7.105704940704831,0.7922760005385499,497.9289789998802,120.0
1781462122,20,GET,/api/products/{id} [GET],6.600000,0.000000,2,2,3,3,7,8,13,15,15,15,15,5144,0,2,7.139650350704848,0.8494570001857937,501.92681399948924,39.0
1781462122,20,,Aggregated,20.000000,0.000000,2,3,5,7,17,29,75,97,100,100,100,17256,0,3,19.08467666689889,0.7922760005385499,2511.467815999822,94.86126564673157
1781462123,20,GET,/api/load/mixed [GET],3.200000,0.000000,21,29,31,32,82,97,100,100,100,100,100,3429,0,23,67.34612007145515,12.42441499925917,2511.467815999822,115.0
1781462123,20,GET,/api/products [GET],10.300000,0.000000,2,2,3,3,5,12,20,24,24,24,24,8696,0,2,7.09978457681252,0.7922760005385499,497.9289789998802,120.0
1781462123,20,GET,/api/products/{id} [GET],6.500000,0.000000,2,2,3,3,7,8,13,15,15,15,15,5151,0,2,7.1332338848813395,0.8494570001857937,501.92681399948924,39.0
1781462123,20,,Aggregated,20.000000,0.000000,2,3,5,11,17,29,75,97,100,100,100,17276,0,3,19.0676580311417,0.7922760005385499,2511.467815999822,94.85667978698773
1781462124,20,GET,/api/load/mixed [GET],3.000000,0.000000,18,29,31,31,82,97,100,100,100,100,100,3430,0,23,67.33047025656543,12.42441499925917,2511.467815999822,115.0
1781462124,20,GET,/api/products [GET],10.100000,0.000000,2,2,3,4,5,7,15,20,20,20,20,8705,0,2,7.0953450796049795,0.7922760005385499,497.9289789998802,120.0
1781462124,20,GET,/api/products/{id} [GET],6.700000,0.000000,2,2,3,4,5,8,13,15,15,15,15,5161,0,2,7.1241572600318115,0.8494570001857937,501.92681399948924,39.0
1781462124,20,,Aggregated,19.800000,0.000000,2,3,5,7,17,29,75,97,100,100,100,17296,0,3,19.04927541148264,0.7922760005385499,2511.467815999822,94.83863320999075
1781462125,20,GET,/api/load/mixed [GET],3.000000,0.000000,17,29,31,73,110,180,190,190,190,190,190,3434,0,23,67.39538257950494,12.42441499925917,2511.467815999822,115.0
1781462125,20,GET,/api/products [GET],10.300000,0.000000,2,2,3,4,6,12,20,24,24,24,24,8717,0,2,7.09118403051056,0.7922760005385499,497.9289789998802,120.0
1781462125,20,GET,/api/products/{id} [GET],6.700000,0.000000,2,3,3,4,7,11,13,15,15,15,15,5165,0,2,7.122956579094787,0.8494570001857937,501.92681399948924,39.0
1781462125,20,,Aggregated,20.000000,0.000000,2,3,5,7,16,27,100,180,190,190,190,17316,0,3,19.059809754158223,0.7922760005385499,2511.467815999822,94.8478285978286
1781462126,20,GET,/api/load/mixed [GET],3.000000,0.000000,17,23,31,97,120,180,190,190,190,190,190,3438,0,23,67.36465409046511,12.42441499925917,2511.467815999822,115.0
1781462126,20,GET,/api/products [GET],9.900000,0.000000,2,2,3,4,6,7,15,24,24,24,24,8723,0,2,7.08783546680757,0.7922760005385499,497.9289789998802,120.0
1781462126,20,GET,/api/products/{id} [GET],7.100000,0.000000,2,3,3,4,5,11,13,15,15,15,15,5175,0,2,7.114215950729187,0.8494570001857937,501.92681399948924,39.0
1781462126,20,,Aggregated,20.000000,0.000000,2,4,5,7,15,24,110,180,190,190,190,17336,0,3,19.04954644006712,0.7922760005385499,2511.467815999822,94.82896862021228
1781462127,20,GET,/api/load/mixed [GET],2.800000,0.000000,17,30,94,97,120,180,190,190,190,190,190,3440,0,23,67.36254109506359,12.42441499925917,2511.467815999822,115.0
1781462127,20,GET,/api/products [GET],10.300000,0.000000,2,2,3,4,6,11,15,24,24,24,24,8733,0,2,7.083382642272024,0.7922760005385499,497.9289789998802,120.0
1781462127,20,GET,/api/products/{id} [GET],6.700000,0.000000,2,3,3,4,6,11,13,15,15,15,15,5184,0,2,7.106905645259323,0.8494570001857937,501.92681399948924,39.0
1781462127,20,,Aggregated,19.800000,0.000000,2,4,5,7,15,30,110,180,190,190,190,17357,0,3,19.03719080757062,0.7922760005385499,2511.467815999822,94.81684622918708
1781462128,20,GET,/api/load/mixed [GET],2.800000,0.000000,17,33,94,97,120,180,190,190,190,190,190,3442,0,23,67.35425133759955,12.42441499925917,2511.467815999822,115.0
1781462128,20,GET,/api/products [GET],10.100000,0.000000,2,2,3,4,6,12,15,24,24,24,24,8747,0,2,7.076711796725822,0.7922760005385499,497.9289789998802,120.0
1781462128,20,GET,/api/products/{id} [GET],7.000000,0.000000,2,3,3,4,6,11,13,15,15,15,15,5188,0,2,7.102898943528181,0.8494570001857937,501.92681399948924,39.0
1781462128,20,,Aggregated,19.900000,0.000000,2,3,5,7,14,31,110,180,190,190,190,17377,0,3,19.024179715083232,0.7922760005385499,2511.467815999822,94.82660988663176
1781462129,20,GET,/api/load/mixed [GET],2.800000,0.000000,21,93,97,100,120,180,190,190,190,190,190,3443,0,23,67.33858516701066,12.42441499925917,2511.467815999822,115.0
1781462129,20,GET,/api/products [GET],9.700000,0.000000,2,2,3,4,6,12,15,24,24,24,24,8763,0,2,7.068655213278792,0.7922760005385499,497.9289789998802,120.0
1781462129,20,GET,/api/products/{id} [GET],7.400000,0.000000,2,3,4,4,6,11,13,15,15,15,15,5191,0,2,7.099570901179891,0.8494570001857937,501.92681399948924,39.0
1781462129,20,,Aggregated,19.900000,0.000000,2,3,5,7,14,31,110,180,190,190,190,17397,0,3,19.005762310283572,0.7922760005385499,2511.467815999822,94.84129447605909
1781462130,20,GET,/api/load/mixed [GET],2.900000,0.000000,31,65,94,97,120,180,190,190,190,190,190,3449,0,23,67.29886987301211,12.42441499925917,2511.467815999822,115.0
1781462130,20,GET,/api/products [GET],9.900000,0.000000,2,2,3,4,6,13,21,24,24,24,24,8773,0,2,7.0657159934981895,0.7922760005385499,497.9289789998802,120.0
1781462130,20,GET,/api/products/{id} [GET],7.200000,0.000000,2,3,4,4,9,11,13,15,15,15,15,5195,0,2,7.098477726857559,0.8494570001857937,501.92681399948924,39.0
1781462130,20,,Aggregated,20.000000,0.000000,2,4,6,11,21,65,110,180,190,190,190,17417,0,3,19.003153263707997,0.7922760005385499,2511.467815999822,94.84985933283573
1781462131,20,GET,/api/load/mixed [GET],2.600000,0.000000,22,44,93,97,120,180,190,190,190,190,190,3453,0,23,67.23757432407135,12.42441499925917,2511.467815999822,115.0
1781462131,20,GET,/api/products [GET],10.500000,0.000000,2,2,3,4,6,11,21,24,24,24,24,8781,0,2,7.061814673608669,0.7922760005385499,497.9289789998802,120.0
1781462131,20,GET,/api/products/{id} [GET],6.900000,0.000000,2,3,3,4,5,9,10,11,11,11,11,5203,0,2,7.090441398428939,0.8494570001857937,501.92681399948924,39.0
1781462131,20,,Aggregated,20.000000,0.000000,2,4,5,10,17,65,110,180,190,190,190,17437,0,3,18.98679276171364,0.7922760005385499,2511.467815999822,94.84039685725756
1781462132,20,GET,/api/load/mixed [GET],2.700000,0.000000,17,36,83,93,120,180,190,190,190,190,190,3457,0,23,67.17670680995603,12.42441499925917,2511.467815999822,115.0
1781462132,20,GET,/api/products [GET],10.700000,0.000000,2,3,3,4,6,11,21,24,24,24,24,8792,0,2,7.055780740896086,0.7922760005385499,497.9289789998802,120.0
1781462132,20,GET,/api/products/{id} [GET],6.500000,0.000000,2,3,3,4,5,9,10,11,11,11,11,5208,0,2,7.085577459106501,0.8494570001857937,501.92681399948924,39.0
1781462132,20,,Aggregated,19.900000,0.000000,2,3,5,7,15,36,110,180,190,190,190,17457,0,3,18.970383635389933,0.7922760005385499,2511.467815999822,94.84487598098184
1781462133,20,GET,/api/load/mixed [GET],3.100000,0.000000,23,44,83,93,120,180,190,190,190,190,190,3460,0,23,67.16986105145008,12.42441499925917,2511.467815999822,115.0
1781462133,20,GET,/api/products [GET],10.400000,0.000000,2,2,3,3,6,11,21,24,24,24,24,8800,0,2,7.052205545449769,0.7922760005385499,497.9289789998802,120.0
1781462133,20,GET,/api/products/{id} [GET],6.500000,0.000000,2,3,4,4,9,11,19,23,23,23,23,5217,0,2,7.085381453713969,0.8494570001857937,501.92681399948924,39.0
1781462133,20,,Aggregated,20.000000,0.000000,2,3,6,11,21,45,110,180,190,190,190,17477,0,3,18.96387040579047,0.7922760005385499,2511.467815999822,94.83109229272759
1781462134,20,GET,/api/load/mixed [GET],3.300000,0.000000,23,65,92,94,120,190,190,190,190,190,190,3466,0,23,67.17282438113628,12.42441499925917,2511.467815999822,115.0
1781462134,20,GET,/api/products [GET],10.400000,0.000000,2,3,3,3,7,13,24,56,56,56,56,8810,0,2,7.054347283196313,0.7922760005385499,497.9289789998802,120.0
1781462134,20,GET,/api/products/{id} [GET],6.500000,0.000000,2,2,3,4,9,10,19,23,23,23,23,5221,0,2,7.082566366218334,0.8494570001857937,501.92681399948924,39.0
1781462134,20,,Aggregated,20.200000,0.000000,2,4,9,13,24,85,120,190,190,190,190,17497,0,3,18.971703027261974,0.7922760005385499,2511.467815999822,94.83962965079728
1781462135,20,GET,/api/load/mixed [GET],3.100000,0.000000,22,44,83,85,94,120,190,190,190,190,190,3468,0,23,67.14281305017833,12.42441499925917,2511.467815999822,115.0
1781462135,20,GET,/api/products [GET],10.300000,0.000000,2,3,3,4,6,11,14,21,56,56,56,8824,0,2,7.047932353236682,0.7922760005385499,497.9289789998802,120.0
1781462135,20,GET,/api/products/{id} [GET],6.600000,0.000000,2,3,3,4,9,10,23,23,23,23,23,5225,0,2,7.0793091804833885,0.8494570001857937,501.92681399948924,39.0
1781462135,20,,Aggregated,20.000000,0.000000,2,4,8,13,21,56,94,120,190,190,190,17517,0,3,18.954822241879523,0.7922760005385499,2511.467815999822,94.84928926185991
1781462136,20,GET,/api/load/mixed [GET],3.300000,0.000000,17,44,83,91,94,98,190,190,190,190,190,3472,0,23,67.12746658583468,12.42441499925917,2511.467815999822,115.0
1781462136,20,GET,/api/products [GET],10.500000,0.000000,2,3,3,4,6,11,14,21,56,56,56,8835,0,2,7.043357647420579,0.7922760005385499,497.9289789998802,120.0
1781462136,20,GET,/api/products/{id} [GET],6.000000,0.000000,2,2,3,4,9,12,23,23,23,23,23,5230,0,2,7.076308438628209,0.8494570001857937,501.92681399948924,39.0
1781462136,20,,Aggregated,19.800000,0.000000,2,4,9,13,19,65,94,98,190,190,190,17537,0,3,18.948721100245393,0.7922760005385499,2511.467815999822,94.8537378114843
1781462137,20,GET,/api/load/mixed [GET],3.700000,0.000000,17,44,83,89,94,98,190,190,190,190,190,3478,0,23,67.08166955463453,12.42441499925917,2511.467815999822,115.0
1781462137,20,GET,/api/products [GET],10.800000,0.000000,2,3,3,5,10,11,21,56,56,56,56,8844,0,2,7.041406918019093,0.7922760005385499,497.9289789998802,120.0
1781462137,20,GET,/api/products/{id} [GET],5.900000,0.000000,2,2,4,4,10,12,23,23,23,23,23,5235,0,2,7.073421397903564,0.8494570001857937,501.92681399948924,39.0
1781462137,20,,Aggregated,20.400000,0.000000,2,5,11,13,21,65,92,98,190,190,190,17557,0,3,18.94478615435461,0.7922760005385499,2511.467815999822,94.85760665261719
1781462138,20,GET,/api/load/mixed [GET],3.500000,0.000000,17,44,82,85,92,95,190,190,190,190,190,3483,0,23,67.0508547875446,12.42441499925917,2511.467815999822,115.0
1781462138,20,GET,/api/products [GET],11.100000,0.000000,2,3,3,5,10,11,21,56,56,56,56,8855,0,2,7.035870954936213,0.7922760005385499,497.9289789998802,120.0
1781462138,20,GET,/api/products/{id} [GET],5.500000,0.000000,2,3,4,6,10,12,23,23,23,23,23,5239,0,2,7.072061322967511,0.8494570001857937,501.92681399948924,39.0
1781462138,20,,Aggregated,20.100000,0.000000,3,6,13,14,23,83,93,98,190,190,190,17577,0,3,18.939027922967732,0.7922760005385499,2511.467815999822,94.86635944700461
1781462139,20,GET,/api/load/mixed [GET],3.800000,0.000000,17,41,82,89,93,98,190,190,190,190,190,3485,0,23,67.02422739455301,12.42441499925917,2511.467815999822,115.0
1781462139,20,GET,/api/products [GET],11.100000,0.000000,2,3,3,4,9,11,19,56,56,56,56,8866,0,2,7.031234536652516,0.7922760005385499,497.9289789998802,120.0
1781462139,20,GET,/api/products/{id} [GET],5.200000,0.000000,2,3,4,5,12,15,19,23,23,23,23,5246,0,2,7.070068325395719,0.8494570001857937,501.92681399948924,39.0
1781462139,20,,Aggregated,20.100000,0.000000,2,5,12,14,19,82,93,98,190,190,190,17597,0,3,18.924131176166576,0.7922760005385499,2511.467815999822,94.86213559129398
1781462140,20,GET,/api/load/mixed [GET],4.000000,0.000000,16,30,85,89,93,98,190,190,190,190,190,3488,0,23,66.97904604243637,12.42441499925917,2511.467815999822,115.0
1781462140,20,GET,/api/products [GET],10.800000,0.000000,2,2,3,3,9,11,19,56,56,56,56,8876,0,2,7.025200210225504,0.7922760005385499,497.9289789998802,120.0
1781462140,20,GET,/api/products/{id} [GET],5.200000,0.000000,2,3,4,5,12,15,19,23,23,23,23,5253,0,2,7.0635852343470615,0.8494570001857937,501.92681399948924,39.0
1781462140,20,,Aggregated,20.000000,0.000000,2,5,12,13,17,82,93,98,190,190,190,17617,0,3,18.9069423226431,0.7922760005385499,2511.467815999822,94.85763750922405
1781462141,20,GET,/api/load/mixed [GET],4.300000,0.000000,17,41,82,89,93,98,190,190,190,190,190,3493,0,23,66.92903887547023,12.42441499925917,2511.467815999822,115.0
1781462141,20,GET,/api/products [GET],10.400000,0.000000,2,2,3,5,10,11,19,56,56,56,56,8884,0,2,7.023081204745848,0.7922760005385499,497.9289789998802,120.0
1781462141,20,GET,/api/products/{id} [GET],5.300000,0.000000,2,3,4,6,12,15,19,23,23,23,23,5260,0,2,7.058462053046691,0.8494570001857937,501.92681399948924,39.0
1781462141,20,,Aggregated,20.000000,0.000000,2,6,12,14,22,82,93,98,190,190,190,17637,0,3,18.897981324148336,0.7922760005385499,2511.467815999822,94.85258263877077
1781462142,20,GET,/api/load/mixed [GET],4.100000,0.000000,17,25,82,85,93,98,190,190,190,190,190,3496,0,23,66.88619217248772,12.42441499925917,2511.467815999822,115.0
1781462142,20,GET,/api/products [GET],10.400000,0.000000,2,2,3,5,10,11,19,56,56,56,56,8891,0,2,7.019685990997944,0.7922760005385499,497.9289789998802,120.0
1781462142,20,GET,/api/products/{id} [GET],5.600000,0.000000,2,3,4,4,9,12,14,15,15,15,15,5270,0,2,7.04989635636131,0.8494570001857937,501.92681399948924,39.0
1781462142,20,,Aggregated,20.100000,0.000000,2,5,11,13,17,82,93,98,190,190,190,17657,0,3,18.881979372430372,0.7922760005385499,2511.467815999822,94.83434331992977
1781462143,20,GET,/api/load/mixed [GET],3.900000,0.000000,17,33,82,91,93,98,190,190,190,190,190,3501,0,23,66.8685573604732,12.42441499925917,2511.467815999822,115.0
1781462143,20,GET,/api/products [GET],10.300000,0.000000,2,2,3,4,9,11,12,19,19,19,19,8900,0,2,7.015816752692557,0.7922760005385499,497.9289789998802,120.0
1781462143,20,GET,/api/products/{id} [GET],5.800000,0.000000,2,3,4,5,12,13,14,15,15,15,15,5276,0,2,7.048035254553288,0.8494570001857937,501.92681399948924,39.0
1781462143,20,,Aggregated,20.000000,0.000000,2,5,11,13,19,82,93,98,190,190,190,17677,0,3,18.879505709170253,0.7922760005385499,2511.467815999822,94.83390846863155
1781462144,20,GET,/api/load/mixed [GET],4.000000,0.000000,19,30,82,91,93,98,100,100,100,100,100,3508,0,23,66.81692469356274,12.42441499925917,2511.467815999822,115.0
1781462144,20,GET,/api/products [GET],10.100000,0.000000,2,2,3,5,10,11,14,19,19,19,19,8909,0,2,7.014162394428572,0.7922760005385499,497.9289789998802,120.0
1781462144,20,GET,/api/products/{id} [GET],5.900000,0.000000,2,3,4,4,12,13,14,15,15,15,15,5280,0,2,7.0450573844738935,0.8494570001857937,501.92681399948924,39.0
1781462144,20,,Aggregated,20.000000,0.000000,2,7,13,14,20,82,93,98,100,100,100,17697,0,3,18.87782378860843,0.7922760005385499,2511.467815999822,94.84206362660338
1781462145,20,GET,/api/load/mixed [GET],4.100000,0.000000,18,29,40,82,92,98,100,100,100,100,100,3509,0,23,66.80288072499813,12.42441499925917,2511.467815999822,115.0
1781462145,20,GET,/api/products [GET],10.000000,0.000000,2,2,4,5,10,11,14,19,19,19,19,8923,0,2,7.007021356042295,0.7922760005385499,497.9289789998802,120.0
1781462145,20,GET,/api/products/{id} [GET],5.900000,0.000000,2,3,4,5,10,13,14,15,15,15,15,5285,0,2,7.040425572946572,0.8494570001857937,501.92681399948924,39.0
1781462145,20,,Aggregated,20.000000,0.000000,2,5,12,13,19,40,92,98,100,100,100,17717,0,3,18.860055832082498,0.7922760005385499,2511.467815999822,94.84732178133996
1781462146,20,GET,/api/load/mixed [GET],4.100000,0.000000,17,20,29,40,92,98,100,100,100,100,100,3517,0,23,66.68644504038092,12.42441499925917,2511.467815999822,115.0
1781462146,20,GET,/api/products [GET],10.000000,0.000000,2,2,3,4,7,10,14,19,19,19,19,8929,0,2,7.004002542274107,0.7922760005385499,497.9289789998802,120.0
1781462146,20,GET,/api/products/{id} [GET],5.800000,0.000000,2,3,4,4,9,13,14,15,15,15,15,5291,0,2,7.0354195057688065,0.8494570001857937,501.92681399948924,39.0
1781462146,20,,Aggregated,19.900000,0.000000,2,5,13,14,17,29,92,98,100,100,100,17737,0,3,18.84757120775819,0.7922760005385499,2511.467815999822,94.84602807690139
1781462147,20,GET,/api/load/mixed [GET],4.100000,0.000000,17,18,25,29,91,98,100,100,100,100,100,3522,0,23,66.61272160250395,12.42441499925917,2511.467815999822,115.0
1781462147,20,GET,/api/products [GET],10.000000,0.000000,2,2,3,4,7,10,14,19,19,19,19,8941,0,2,6.997318426123321,0.7922760005385499,497.9289789998802,120.0
1781462147,20,GET,/api/products/{id} [GET],5.900000,0.000000,2,3,4,4,8,13,14,15,15,15,15,5294,0,2,7.03269568341952,0.8494570001857937,501.92681399948924,39.0
1781462147,20,,Aggregated,20.000000,0.000000,2,4,13,14,17,25,91,98,100,100,100,17757,0,3,18.832241959791048,0.7922760005385499,2511.467815999822,94.85926676803514
1781462148,20,GET,/api/load/mixed [GET],4.300000,0.000000,17,18,20,25,82,92,100,100,100,100,100,3526,0,23,66.55507425837146,12.42441499925917,2511.467815999822,115.0
1781462148,20,GET,/api/products [GET],9.500000,0.000000,2,3,4,4,6,10,11,14,14,14,14,8952,0,2,6.9922486408585725,0.7922760005385499,497.9289789998802,120.0
1781462148,20,GET,/api/products/{id} [GET],6.100000,0.000000,2,3,3,4,5,10,13,13,13,13,13,5299,0,2,7.027945963016175,0.8494570001857937,501.92681399948924,39.0
1781462148,20,,Aggregated,19.900000,0.000000,2,5,11,13,17,22,91,98,100,100,100,17777,0,3,18.81694815356954,0.7922760005385499,2511.467815999822,94.8636440344265
1781462149,20,GET,/api/load/mixed [GET],4.400000,0.000000,17,18,24,26,82,92,100,100,100,100,100,3531,0,23,66.48714932399245,12.42441499925917,2511.467815999822,115.0
1781462149,20,GET,/api/products [GET],9.800000,0.000000,2,3,4,4,6,10,11,14,14,14,14,8961,0,2,6.987341530740434,0.7922760005385499,497.9289789998802,120.0
1781462149,20,GET,/api/products/{id} [GET],5.800000,0.000000,2,2,3,4,5,10,13,13,13,13,13,5305,0,2,7.021984366639424,0.8494570001857937,501.92681399948924,39.0
1781462149,20,,Aggregated,20.000000,0.000000,3,5,13,14,17,25,91,98,100,100,100,17797,0,3,18.802681282519742,0.7922760005385499,2511.467815999822,94.8631791875035
1781462150,20,GET,/api/load/mixed [GET],4.400000,0.000000,17,18,23,26,91,92,100,100,100,100,100,3534,0,23,66.46719336304949,12.42441499925917,2511.467815999822,115.0
1781462150,20,GET,/api/products [GET],9.700000,0.000000,2,3,4,4,6,10,12,14,14,14,14,8972,0,2,6.983734064976147,0.7922760005385499,497.9289789998802,120.0
1781462150,20,GET,/api/products/{id} [GET],5.900000,0.000000,2,2,3,4,5,13,13,13,13,13,13,5311,0,2,7.01843685163301,0.8494570001857937,501.92681399948924,39.0
1781462150,20,,Aggregated,20.000000,0.000000,3,5,13,14,17,24,92,98,100,100,100,17817,0,3,18.792616124768763,0.7922760005385499,2511.467815999822,94.86327664589999
1781462151,20,GET,/api/load/mixed [GET],4.500000,0.000000,16,18,26,33,92,98,110,110,110,110,110,3541,0,23,66.41840955916904,12.42441499925917,2511.467815999822,115.0
1781462151,20,GET,/api/products [GET],9.600000,0.000000,2,3,4,4,6,10,12,14,14,14,14,8979,0,2,6.979924653075532,0.7922760005385499,497.9289789998802,120.0
1781462151,20,GET,/api/products/{id} [GET],5.900000,0.000000,2,2,3,3,5,13,13,13,13,13,13,5317,0,2,7.012921511006914,0.8494570001857937,501.92681399948924,39.0
1781462151,20,,Aggregated,20.000000,0.000000,2,5,13,14,17,29,98,100,110,110,110,17837,0,3,18.78948451998687,0.7922760005385499,2511.467815999822,94.86225262095644
1781462152,20,GET,/api/load/mixed [GET],4.600000,0.000000,16,18,21,24,92,98,110,110,110,110,110,3543,0,23,66.39244129438819,12.42441499925917,2511.467815999822,115.0
1781462152,20,GET,/api/products [GET],9.500000,0.000000,2,2,4,4,6,9,12,14,14,14,14,8990,0,2,6.97484070578037,0.7922760005385499,497.9289789998802,120.0
1781462152,20,GET,/api/products/{id} [GET],5.900000,0.000000,2,2,3,4,4,7,13,13,13,13,13,5324,0,2,7.0078062732954045,0.8494570001857937,501.92681399948924,39.0
1781462152,20,,Aggregated,20.000000,0.000000,2,5,11,13,17,23,98,100,110,110,110,17857,0,3,18.773690880327432,0.7922760005385499,2511.467815999822,94.85809486475891
1781462153,20,GET,/api/load/mixed [GET],4.700000,0.000000,16,18,23,26,98,100,110,110,110,110,110,3544,0,23,66.37802019526457,12.42441499925917,2511.467815999822,115.0
1781462153,20,GET,/api/products [GET],9.300000,0.000000,2,2,3,3,5,6,10,12,12,12,12,9001,0,2,6.9687030508793155,0.7922760005385499,497.9289789998802,120.0
1781462153,20,GET,/api/products/{id} [GET],5.800000,0.000000,2,2,3,3,4,5,7,13,13,13,13,5332,0,2,6.999675471309868,0.8494570001857937,501.92681399948924,39.0
1781462153,20,,Aggregated,19.800000,0.000000,2,4,6,13,16,23,98,100,110,110,110,17877,0,3,18.75545501739698,0.7922760005385499,2511.467815999822,94.84969513900542
1781462154,20,GET,/api/load/mixed [GET],4.700000,0.000000,16,18,20,23,92,98,110,110,110,110,110,3546,0,23,66.37278004625422,12.42441499925917,2511.467815999822,115.0
1781462154,20,GET,/api/products [GET],9.700000,0.000000,2,2,3,3,5,6,10,12,12,12,12,9011,0,2,6.963141339913928,0.7922760005385499,497.9289789998802,120.0
1781462154,20,GET,/api/products/{id} [GET],5.600000,0.000000,2,2,3,3,4,4,7,13,13,13,13,5340,0,2,6.992061401315062,0.7898949997979798,501.92681399948924,39.0
1781462154,20,,Aggregated,20.000000,0.000000,2,3,6,13,16,20,92,98,110,110,110,17897,0,3,18.74282575521057,0.7898949997979798,2511.467815999822,94.8410348103034
1781462155,20,GET,/api/load/mixed [GET],4.300000,0.000000,16,21,25,26,94,98,110,110,110,110,110,3551,0,23,66.35184126838026,12.42441499925917,2511.467815999822,115.0
1781462155,20,GET,/api/products [GET],10.200000,0.000000,2,2,3,3,5,6,10,12,12,12,12,9017,0,2,6.96030677608579,0.7922760005385499,497.9289789998802,120.0
1781462155,20,GET,/api/products/{id} [GET],5.500000,0.000000,2,2,3,3,4,10,13,15,15,15,15,5349,0,2,6.9876778928811705,0.7898949997979798,501.92681399948924,39.0
1781462155,20,,Aggregated,20.000000,0.000000,2,3,6,13,16,25,94,98,110,110,110,17917,0,3,18.73938514221156,0.7898949997979798,2511.467815999822,94.82703577607859
1781462156,20,GET,/api/load/mixed [GET],4.200000,0.000000,19,25,26,37,94,98,110,110,110,110,110,3554,0,23,66.31444313984768,12.42441499925917,2511.467815999822,115.0
1781462156,20,GET,/api/products [GET],10.200000,0.000000,2,2,3,3,5,6,10,12,12,12,12,9030,0,2,6.954179412621011,0.7922760005385499,497.9289789998802,120.0
1781462156,20,GET,/api/products/{id} [GET],5.900000,0.000000,2,2,3,3,4,10,13,15,15,15,15,5353,0,2,6.9834924537681875,0.7898949997979798,501.92681399948924,39.0
1781462156,20,,Aggregated,20.300000,0.000000,2,3,5,10,16,26,94,98,110,110,110,17937,0,3,18.724447015666318,0.7898949997979798,2511.467815999822,94.83620449350505
1781462157,20,GET,/api/load/mixed [GET],4.000000,0.000000,20,26,26,37,94,98,110,110,110,110,110,3557,0,23,66.27139740933893,12.42441499925917,2511.467815999822,115.0
1781462157,20,GET,/api/products [GET],9.500000,0.000000,2,2,3,3,5,6,10,12,12,12,12,9040,0,2,6.949774113823814,0.7922760005385499,497.9289789998802,120.0
1781462157,20,GET,/api/products/{id} [GET],6.400000,0.000000,2,2,3,3,5,7,13,15,15,15,15,5360,0,2,6.977809384332418,0.7898949997979798,501.92681399948924,39.0
1781462157,20,,Aggregated,19.900000,0.000000,2,3,5,9,15,26,94,98,110,110,110,17957,0,3,18.70882535356724,0.7898949997979798,2511.467815999822,94.83182045998775
1781462158,20,GET,/api/load/mixed [GET],3.900000,0.000000,19,23,26,37,94,98,110,110,110,110,110,3563,0,23,66.18664558237964,12.42441499925917,2511.467815999822,115.0
1781462158,20,GET,/api/products [GET],10.200000,0.000000,2,2,3,3,5,6,10,12,12,12,12,9049,0,2,6.945307341580826,0.7922760005385499,497.9289789998802,120.0
1781462158,20,GET,/api/products/{id} [GET],6.000000,0.000000,2,2,3,3,5,7,13,15,15,15,15,5365,0,2,6.9736375912436595,0.7898949997979798,501.92681399948924,39.0
1781462158,20,,Aggregated,20.100000,0.000000,2,3,6,10,16,26,94,98,110,110,110,17977,0,3,18.695258943149863,0.7898949997979798,2511.467815999822,94.83562329643433
1781462159,20,GET,/api/load/mixed [GET],3.600000,0.000000,19,21,26,26,94,98,110,110,110,110,110,3565,0,23,66.15971864180048,12.42441499925917,2511.467815999822,115.0
1781462159,20,GET,/api/products [GET],9.900000,0.000000,2,2,3,3,4,6,6,7,7,7,7,9059,0,2,6.940143972288923,0.7922760005385499,497.9289789998802,120.0
1781462159,20,GET,/api/products/{id} [GET],6.500000,0.000000,2,2,3,3,4,6,10,15,15,15,15,5373,0,2,6.966738578824386,0.7898949997979798,501.92681399948924,39.0
1781462159,20,,Aggregated,20.000000,0.000000,2,3,4,6,16,25,94,98,110,110,110,17997,0,3,18.67880466672261,0.7898949997979798,2511.467815999822,94.82702672667666
1781462160,20,GET,/api/load/mixed [GET],3.600000,0.000000,19,20,26,26,94,98,110,110,110,110,110,3570,0,23,66.0882005378205,12.42441499925917,2511.467815999822,115.0
1781462160,20,GET,/api/products [GET],9.800000,0.000000,2,3,3,3,5,6,7,9,9,9,9,9069,0,2,6.936255212368125,0.7922760005385499,497.9289789998802,120.0
1781462160,20,GET,/api/products/{id} [GET],6.600000,0.000000,2,2,3,4,5,8,10,15,15,15,15,5378,0,2,6.965075823358538,0.7898949997979798,501.92681399948924,39.0
1781462160,20,,Aggregated,20.000000,0.000000,2,4,5,8,16,21,94,98,110,110,110,18017,0,3,18.665590954043807,0.7898949997979798,2511.467815999822,94.83110395737359
1781462161,20,GET,/api/load/mixed [GET],3.500000,0.000000,16,19,20,25,37,94,95,95,95,95,95,3574,0,23,66.03170941942355,12.42441499925917,2511.467815999822,115.0
1781462161,20,GET,/api/products [GET],9.600000,0.000000,2,3,3,3,6,6,8,9,9,9,9,9080,0,2,6.9322322691594325,0.7922760005385499,497.9289789998802,120.0
1781462161,20,GET,/api/products/{id} [GET],6.900000,0.000000,2,2,3,4,8,10,10,15,15,15,15,5383,0,2,6.962676509942888,0.7898949997979798,501.92681399948924,39.0
1781462161,20,,Aggregated,20.000000,0.000000,2,4,6,8,15,19,37,94,95,95,95,18037,0,3,18.651776133614764,0.7898949997979798,2511.467815999822,94.83544935410545
1781462162,20,GET,/api/load/mixed [GET],3.500000,0.000000,17,19,25,26,37,94,95,95,95,95,95,3579,0,23,65.97231466192208,12.42441499925917,2511.467815999822,115.0
1781462162,20,GET,/api/products [GET],9.900000,0.000000,2,3,3,4,6,6,9,14,14,14,14,9088,0,2,6.929507252417191,0.7922760005385499,497.9289789998802,120.0
1781462162,20,GET,/api/products/{id} [GET],6.600000,0.000000,2,2,4,4,8,10,10,15,15,15,15,5390,0,2,6.957790468464341,0.7898949997979798,501.92681399948924,39.0
1781462162,20,,Aggregated,20.000000,0.000000,2,4,6,13,16,22,37,94,95,95,95,18057,0,3,18.640569679903017,0.7898949997979798,2511.467815999822,94.83053663399235
1781462163,20,GET,/api/load/mixed [GET],3.500000,0.000000,17,20,26,33,88,94,95,95,95,95,95,3585,0,23,65.94474119721555,12.42441499925917,2511.467815999822,115.0
1781462163,20,GET,/api/products [GET],10.200000,0.000000,2,3,4,4,6,8,14,29,29,29,29,9096,0,2,6.929165113012904,0.7922760005385499,497.9289789998802,120.0
1781462163,20,GET,/api/products/{id} [GET],6.500000,0.000000,2,2,4,4,8,10,10,15,15,15,15,5396,0,2,6.951692021501716,0.7898949997979798,501.92681399948924,39.0
1781462163,20,,Aggregated,20.200000,0.000000,3,5,10,14,19,29,88,94,95,95,95,18077,0,3,18.63975843381124,0.7898949997979798,2511.467815999822,94.8298390219616
1781462164,20,GET,/api/load/mixed [GET],3.500000,0.000000,16,19,22,26,37,94,95,95,95,95,95,3586,0,23,65.93057074233641,12.42441499925917,2511.467815999822,115.0
1781462164,20,GET,/api/products [GET],9.800000,0.000000,2,3,3,4,6,8,14,29,29,29,29,9108,0,2,6.922401916114028,0.7922760005385499,497.9289789998802,120.0
1781462164,20,GET,/api/products/{id} [GET],6.700000,0.000000,2,2,3,4,6,10,10,10,10,10,10,5403,0,2,6.945304954473903,0.7898949997979798,501.92681399948924,39.0
1781462164,20,,Aggregated,20.000000,0.000000,2,4,8,14,17,25,37,94,95,95,95,18097,0,3,18.62196750859296,0.7898949997979798,2511.467815999822,94.82604851632867
1781462165,20,GET,/api/load/mixed [GET],3.800000,0.000000,16,19,22,27,37,94,95,95,95,95,95,3589,0,23,65.89572993731365,12.42441499925917,2511.467815999822,115.0
1781462165,20,GET,/api/products [GET],9.300000,0.000000,2,3,3,4,6,8,14,29,29,29,29,9118,0,2,6.917861924541177,0.7922760005385499,497.9289789998802,120.0
1781462165,20,GET,/api/products/{id} [GET],6.500000,0.000000,2,2,3,4,6,10,10,10,10,10,10,5411,0,2,6.937510853081115,0.7898949997979798,501.92681399948924,39.0
1781462165,20,,Aggregated,19.600000,0.000000,2,4,8,13,16,22,37,94,95,95,95,18118,0,3,18.60667352903226,0.7898949997979798,2511.467815999822,94.81863340324539
1781462166,20,GET,/api/load/mixed [GET],3.900000,0.000000,16,19,22,27,37,94,95,95,95,95,95,3593,0,23,65.83813557890873,12.42441499925917,2511.467815999822,115.0
1781462166,20,GET,/api/products [GET],9.700000,0.000000,2,2,3,3,6,8,14,29,29,29,29,9125,0,2,6.914103032106016,0.7922760005385499,497.9289789998802,120.0
1781462166,20,GET,/api/products/{id} [GET],6.400000,0.000000,2,2,3,3,4,8,10,10,10,10,10,5420,0,2,6.9298278627345375,0.7898949997979798,501.92681399948924,39.0
1781462166,20,,Aggregated,20.000000,0.000000,2,4,8,14,16,22,37,94,95,95,95,18138,0,3,18.591205111864994,0.7898949997979798,2511.467815999822,94.80510530378211
1781462167,20,GET,/api/load/mixed [GET],3.900000,0.000000,17,19,22,30,37,94,95,95,95,95,95,3596,0,23,65.79816580478857,12.42441499925917,2511.467815999822,115.0
1781462167,20,GET,/api/products [GET],10.000000,0.000000,2,2,3,3,6,8,14,29,29,29,29,9135,0,2,6.908562911654858,0.7922760005385499,497.9289789998802,120.0
1781462167,20,GET,/api/products/{id} [GET],6.200000,0.000000,2,2,3,3,5,8,10,10,10,10,10,5427,0,2,6.923987310119737,0.7898949997979798,501.92681399948924,39.0
1781462167,20,,Aggregated,20.100000,0.000000,2,3,6,13,16,22,37,94,95,95,95,18158,0,3,18.575636389690835,0.7898949997979798,2511.467815999822,94.80080405330983
1781462168,20,GET,/api/load/mixed [GET],3.900000,0.000000,15,19,22,30,37,94,95,95,95,95,95,3599,0,23,65.75503258266691,12.42441499925917,2511.467815999822,115.0
1781462168,20,GET,/api/products [GET],9.300000,0.000000,2,2,3,3,6,8,14,29,29,29,29,9146,0,2,6.902316959104299,0.7922760005385499,497.9289789998802,120.0
1781462168,20,GET,/api/products/{id} [GET],6.800000,0.000000,2,2,3,3,5,8,10,10,10,10,10,5433,0,2,6.918334626913359,0.7898949997979798,501.92681399948924,39.0
1781462168,20,,Aggregated,20.000000,0.000000,2,3,6,13,15,22,37,94,95,95,95,18178,0,3,18.559152007977005,0.7898949997979798,2511.467815999822,94.8009682033227
1781462169,20,GET,/api/load/mixed [GET],3.800000,0.000000,16,19,22,30,37,94,95,95,95,95,95,3602,0,23,65.71456997085465,12.42441499925917,2511.467815999822,115.0
1781462169,20,GET,/api/products [GET],9.400000,0.000000,2,2,3,3,5,8,14,29,29,29,29,9158,0,2,6.896530098162116,0.7922760005385499,497.9289789998802,120.0
1781462169,20,GET,/api/products/{id} [GET],6.800000,0.000000,2,2,2,3,4,6,10,10,10,10,10,5439,0,2,6.912877033649466,0.7898949997979798,501.92681399948924,39.0
1781462169,20,,Aggregated,20.000000,0.000000,2,3,5,10,15,22,37,94,95,95,95,18199,0,3,18.542856303093924,0.7898949997979798,2511.467815999822,94.8025166217924
1781462170,20,GET,/api/load/mixed [GET],3.700000,0.000000,15,18,22,30,37,94,95,95,95,95,95,3606,0,23,65.65693047781986,12.42441499925917,2511.467815999822,115.0
1781462170,20,GET,/api/products [GET],9.500000,0.000000,2,2,2,3,4,5,14,29,29,29,29,9168,0,2,6.891017329294149,0.7922760005385499,497.9289789998802,120.0
1781462170,20,GET,/api/products/{id} [GET],6.800000,0.000000,2,2,3,3,4,5,10,10,10,10,10,5445,0,2,6.909936394310541,0.7898949997979798,501.92681399948924,39.0
1781462170,20,,Aggregated,20.000000,0.000000,2,3,4,10,15,22,37,94,95,95,95,18219,0,3,18.527929186289462,0.7898949997979798,2511.467815999822,94.80240408364894
1781462171,20,GET,/api/load/mixed [GET],3.700000,0.000000,15,17,20,27,40,94,95,95,95,95,95,3608,0,23,65.62861903049289,12.42441499925917,2511.467815999822,115.0
1781462171,20,GET,/api/products [GET],9.800000,0.000000,2,2,2,2,3,5,13,29,29,29,29,9178,0,2,6.885413896597337,0.7922760005385499,497.9289789998802,120.0
1781462171,20,GET,/api/products/{id} [GET],6.500000,0.000000,2,2,3,3,4,4,6,10,10,10,10,5453,0,2,6.903417563363811,0.7898949997979798,501.92681399948924,39.0
1781462171,20,,Aggregated,20.000000,0.000000,2,3,3,5,14,18,37,94,95,95,95,18239,0,3,18.511251832776534,0.7898949997979798,2511.467815999822,94.79395800208344
1781462172,20,GET,/api/load/mixed [GET],3.600000,0.000000,15,17,18,18,27,94,95,95,95,95,95,3614,0,23,65.5448259532426,12.42441499925917,2511.467815999822,115.0
1781462172,20,GET,/api/products [GET],9.600000,0.000000,2,2,2,3,3,5,8,29,29,29,29,9186,0,2,6.881508920201419,0.7922760005385499,497.9289789998802,120.0
1781462172,20,GET,/api/products/{id} [GET],6.800000,0.000000,2,2,3,3,4,5,6,10,10,10,10,5459,0,2,6.898117036091311,0.7898949997979798,501.92681399948924,39.0
1781462172,20,,Aggregated,20.000000,0.000000,2,3,3,5,14,17,29,94,95,95,95,18259,0,3,18.4976922523693,0.7898949997979798,2511.467815999822,94.79330741004436
1781462173,20,GET,/api/load/mixed [GET],3.500000,0.000000,14,16,17,18,27,91,97,97,97,97,97,3618,0,23,65.53247380652822,12.42441499925917,2511.467815999822,115.0
1781462173,20,GET,/api/products [GET],9.600000,0.000000,2,2,2,3,3,5,8,28,28,28,28,9194,0,2,6.879829889489852,0.7922760005385499,497.9289789998802,120.0
1781462173,20,GET,/api/products/{id} [GET],6.900000,0.000000,2,2,3,3,4,5,9,10,10,10,10,5467,0,2,6.892517402967558,0.7898949997979798,501.92681399948924,39.0
1781462173,20,,Aggregated,20.000000,0.000000,2,3,4,8,14,17,28,91,97,97,97,18279,0,3,18.492862786695778,0.7898949997979798,2511.467815999822,94.78434268833087
1781462174,20,GET,/api/load/mixed [GET],3.300000,0.000000,14,16,17,18,20,91,97,97,97,97,97,3621,0,23,65.49126051063759,12.42441499925917,2511.467815999822,115.0
1781462174,20,GET,/api/products [GET],10.000000,0.000000,2,2,2,3,3,4,5,28,28,28,28,9207,0,2,6.872978714018676,0.7922760005385499,497.9289789998802,120.0
1781462174,20,GET,/api/products/{id} [GET],6.700000,0.000000,2,3,3,3,4,5,9,10,10,10,10,5471,0,2,6.889339760011707,0.7898949997979798,501.92681399948924,39.0
1781462174,20,,Aggregated,20.000000,0.000000,2,3,4,6,14,17,20,91,97,97,97,18299,0,3,18.47723630559115,0.7898949997979798,2511.467815999822,94.79337668725067
1781462175,20,GET,/api/load/mixed [GET],3.500000,0.000000,15,16,17,18,20,91,97,97,97,97,97,3625,0,23,65.43682746593645,12.42441499925917,2511.467815999822,115.0
1781462175,20,GET,/api/products [GET],9.900000,0.000000,2,2,2,3,4,4,6,28,28,28,28,9216,0,2,6.869059408416867,0.7922760005385499,497.9289789998802,120.0
1781462175,20,GET,/api/products/{id} [GET],7.000000,0.000000,2,2,3,4,5,6,9,10,10,10,10,5478,0,2,6.883654634725138,0.7898949997979798,501.92681399948924,39.0
1781462175,20,,Aggregated,20.400000,0.000000,2,3,4,6,15,17,20,91,97,97,97,18319,0,3,18.46292980845098,0.7898949997979798,2511.467815999822,94.78885310333534
1781462176,20,GET,/api/load/mixed [GET],3.500000,0.000000,15,17,17,18,33,91,97,97,97,97,97,3630,0,23,65.38983394573543,12.42441499925917,2511.467815999822,115.0
1781462176,20,GET,/api/products [GET],9.700000,0.000000,2,2,3,3,4,5,22,28,28,28,28,9223,0,2,6.868780344136528,0.7922760005385499,497.9289789998802,120.0
1781462176,20,GET,/api/products/{id} [GET],6.800000,0.000000,2,3,3,4,5,9,10,18,18,18,18,5486,0,2,6.879669546668655,0.7898949997979798,501.92681399948924,39.0
1781462176,20,,Aggregated,20.000000,0.000000,2,3,5,13,16,18,33,91,97,97,97,18339,0,3,18.455626013960124,0.7898949997979798,2511.467815999822,94.77964992638638
1781462177,20,GET,/api/load/mixed [GET],3.600000,0.000000,16,18,20,29,75,91,97,97,97,97,97,3637,0,23,65.33148286417885,12.42441499925917,2511.467815999822,115.0
1781462177,20,GET,/api/products [GET],9.700000,0.000000,2,2,3,3,5,6,22,28,28,28,28,9231,0,2,6.865490464193504,0.7922760005385499,497.9289789998802,120.0
1781462177,20,GET,/api/products/{id} [GET],6.700000,0.000000,2,3,4,4,5,10,17,18,18,18,18,5491,0,2,6.879408161177357,0.7898949997979798,501.92681399948924,39.0
1781462177,20,,Aggregated,20.000000,0.000000,2,4,7,13,17,22,75,91,97,97,97,18359,0,3,18.4520276629998,0.7898949997979798,2511.467815999822,94.78315812408083
1781462178,20,GET,/api/load/mixed [GET],3.500000,0.000000,16,18,20,29,48,78,97,97,97,97,97,3644,0,23,65.24320711992823,12.42441499925917,2511.467815999822,115.0
1781462178,20,GET,/api/products [GET],9.800000,0.000000,2,2,3,3,5,7,22,28,28,28,28,9240,0,2,6.861955306273707,0.7922760005385499,497.9289789998802,120.0
1781462178,20,GET,/api/products/{id} [GET],6.700000,0.000000,2,3,4,4,7,10,17,18,18,18,18,5495,0,2,6.876635460241159,0.7898949997979798,501.92681399948924,39.0
1781462178,20,,Aggregated,20.000000,0.000000,3,4,10,14,18,28,75,91,97,97,97,18379,0,3,18.441581458676332,0.7898949997979798,2511.467815999822,94.79106589041841
1781462179,20,GET,/api/load/mixed [GET],4.000000,0.000000,17,18,20,29,48,78,97,97,97,97,97,3646,0,23,65.21590894405344,12.42441499925917,2511.467815999822,115.0
1781462179,20,GET,/api/products [GET],9.600000,0.000000,2,3,3,4,5,7,22,28,28,28,28,9249,0,2,6.858090328248329,0.7922760005385499,497.9289789998802,120.0
1781462179,20,GET,/api/products/{id} [GET],6.400000,0.000000,2,2,3,4,7,10,17,18,18,18,18,5504,0,2,6.8680969469520665,0.7898949997979798,501.92681399948924,39.0
1781462179,20,,Aggregated,20.000000,0.000000,2,4,10,14,18,28,75,91,97,97,97,18399,0,3,18.42544089635368,0.7898949997979798,2511.467815999822,94.77830316865047
1781462180,20,GET,/api/load/mixed [GET],4.200000,0.000000,17,18,28,31,75,91,97,97,97,97,97,3647,0,23,65.20264371703281,12.42441499925917,2511.467815999822,115.0
1781462180,20,GET,/api/products [GET],9.600000,0.000000,2,3,4,4,5,7,22,28,28,28,28,9258,0,2,6.854082709113015,0.7922760005385499,497.9289789998802,120.0
1781462180,20,GET,/api/products/{id} [GET],6.200000,0.000000,2,2,2,3,5,9,17,18,18,18,18,5514,0,2,6.858478119699958,0.7898949997979798,501.92681399948924,39.0
1781462180,20,,Aggregated,20.000000,0.000000,2,4,7,14,18,28,75,91,97,97,97,18419,0,3,18.408533997991864,0.7898949997979798,2511.467815999822,94.76144198925023
1781462181,20,GET,/api/load/mixed [GET],4.400000,0.000000,17,20,30,33,75,91,97,97,97,97,97,3650,0,23,65.17273936055307,12.42441499925917,2511.467815999822,115.0
1781462181,20,GET,/api/products [GET],9.200000,0.000000,2,3,4,4,6,7,28,51,51,51,51,9269,0,2,6.854925161826249,0.7922760005385499,497.9289789998802,120.0
1781462181,20,GET,/api/products/{id} [GET],6.400000,0.000000,2,2,2,3,5,9,17,18,18,18,18,5520,0,2,6.853309830258214,0.7898949997979798,501.92681399948924,39.0
1781462181,20,,Aggregated,20.000000,0.000000,2,4,9,14,18,31,75,91,97,97,97,18439,0,3,18.398452749824347,0.7898949997979798,2511.467815999822,94.76164651011443
1781462182,20,GET,/api/load/mixed [GET],4.200000,0.000000,18,20,29,31,37,75,78,78,78,78,78,3652,0,23,65.14567894524079,12.42441499925917,2511.467815999822,115.0
1781462182,20,GET,/api/products [GET],9.200000,0.000000,2,3,4,4,6,7,22,51,51,51,51,9280,0,2,6.849558909371467,0.7922760005385499,497.9289789998802,120.0
1781462182,20,GET,/api/products/{id} [GET],6.600000,0.000000,2,2,2,3,4,7,17,18,18,18,18,5527,0,2,6.847234374891802,0.7898949997979798,501.92681399948924,39.0
1781462182,20,,Aggregated,20.000000,0.000000,2,4,6,13,18,29,48,75,78,78,78,18459,0,3,18.38239290194556,0.7898949997979798,2511.467815999822,94.75773335500298
1781462183,20,GET,/api/load/mixed [GET],4.200000,0.000000,18,23,29,31,48,78,81,81,81,81,81,3657,0,23,65.09898799262186,12.42441499925917,2511.467815999822,115.0
1781462183,20,GET,/api/products [GET],9.200000,0.000000,3,4,4,4,6,7,22,51,51,51,51,9290,0,2,6.84761428567984,0.7922760005385499,497.9289789998802,120.0
1781462183,20,GET,/api/products/{id} [GET],6.600000,0.000000,2,2,2,2,4,7,17,18,18,18,18,5532,0,2,6.842950075203628,0.7898949997979798,501.92681399948924,39.0
1781462183,20,,Aggregated,20.000000,0.000000,3,4,7,14,19,30,51,78,81,81,81,18479,0,3,18.374183430868,0.7898949997979798,2511.467815999822,94.76178364630121
1781462184,20,GET,/api/load/mixed [GET],4.100000,0.000000,19,28,31,33,78,110,270,270,270,270,270,3661,0,23,65.14170594510178,12.42441499925917,2511.467815999822,115.0
1781462184,20,GET,/api/products [GET],9.200000,0.000000,3,4,4,5,7,10,22,51,51,51,51,9299,0,2,6.845005294328926,0.7922760005385499,497.9289789998802,120.0
1781462184,20,GET,/api/products/{id} [GET],6.700000,0.000000,2,2,2,3,5,10,17,18,18,18,18,5539,0,2,6.8399284829437565,0.7898949997979798,501.92681399948924,39.0
1781462184,20,,Aggregated,20.000000,0.000000,3,5,7,14,21,33,78,110,270,270,270,18499,0,3,18.38055319552447,0.7898949997979798,2511.467815999822,94.75733823449916
1781462185,20,GET,/api/load/mixed [GET],3.600000,0.000000,18,23,28,30,48,81,270,270,270,270,270,3668,0,23,65.0493122442788,12.42441499925917,2511.467815999822,115.0
1781462185,20,GET,/api/products [GET],9.800000,0.000000,3,4,4,4,6,7,20,51,51,51,51,9306,0,2,6.841573168704606,0.7922760005385499,497.9289789998802,120.0
1781462185,20,GET,/api/products/{id} [GET],6.500000,0.000000,2,2,2,2,5,10,10,17,17,17,17,5545,0,2,6.83435360685751,0.7898949997979798,501.92681399948924,39.0
1781462185,20,,Aggregated,19.900000,0.000000,3,5,10,14,20,30,78,110,270,270,270,18519,0,3,18.36843501106992,0.7898949997979798,2511.467815999822,94.75646633187537
1781462186,20,GET,/api/load/mixed [GET],3.800000,0.000000,18,20,25,28,33,110,270,270,270,270,270,3669,0,23,65.03520737094965,12.42441499925917,2511.467815999822,115.0
1781462186,20,GET,/api/products [GET],9.300000,0.000000,2,3,4,4,5,7,20,51,51,51,51,9319,0,2,6.834296159348122,0.791574999311706,497.9289789998802,120.0
1781462186,20,GET,/api/products/{id} [GET],6.700000,0.000000,2,2,2,2,4,5,7,10,10,10,10,5551,0,2,6.829179832466995,0.7898949997979798,501.92681399948924,39.0
1781462186,20,,Aggregated,19.800000,0.000000,2,4,5,12,18,25,51,110,270,270,270,18539,0,3,18.351138626840882,0.7898949997979798,2511.467815999822,94.75721452074006
1781462187,20,GET,/api/load/mixed [GET],4.100000,0.000000,18,21,27,33,81,110,270,270,270,270,270,3674,0,23,64.99779870305245,12.42441499925917,2511.467815999822,115.0
1781462187,20,GET,/api/products [GET],9.200000,0.000000,2,3,4,4,6,7,20,51,51,51,51,9328,0,2,6.831298767684825,0.791574999311706,497.9289789998802,120.0
1781462187,20,GET,/api/products/{id} [GET],6.600000,0.000000,2,2,2,3,4,5,7,10,10,10,10,5557,0,2,6.82491422710539,0.7898949997979798,501.92681399948924,39.0
1781462187,20,,Aggregated,19.900000,0.000000,2,4,5,12,18,27,81,110,270,270,270,18559,0,3,18.344216590333676,0.7898949997979798,2511.467815999822,94.75688345277224
1781462188,20,GET,/api/load/mixed [GET],4.200000,0.000000,20,23,30,33,81,110,270,270,270,270,270,3678,0,23,64.94627880859522,12.42441499925917,2511.467815999822,115.0
1781462188,20,GET,/api/products [GET],9.500000,0.000000,2,3,4,4,6,7,20,51,51,51,51,9341,0,2,6.825255454765469,0.791574999311706,497.9289789998802,120.0
1781462188,20,GET,/api/products/{id} [GET],6.300000,0.000000,2,2,3,3,4,5,7,10,10,10,10,5560,0,2,6.822710625903887,0.7898949997979798,501.92681399948924,39.0
1781462188,20,,Aggregated,20.000000,0.000000,2,4,5,10,18,27,81,110,270,270,270,18579,0,3,18.3304481264332,0.7898949997979798,2511.467815999822,94.76990150169546
1781462189,20,GET,/api/load/mixed [GET],3.800000,0.000000,20,23,27,33,81,110,270,270,270,270,270,3682,0,23,64.89612147664668,12.42441499925917,2511.467815999822,115.0
1781462189,20,GET,/api/products [GET],9.700000,0.000000,2,3,4,4,6,7,20,51,51,51,51,9351,0,2,6.820220989088325,0.791574999311706,497.9289789998802,120.0
1781462189,20,GET,/api/products/{id} [GET],6.500000,0.000000,2,2,3,3,4,5,7,10,10,10,10,5566,0,2,6.817800066479741,0.7898949997979798,501.92681399948924,39.0
1781462189,20,,Aggregated,20.000000,0.000000,2,4,6,13,20,27,81,110,270,270,270,18599,0,3,18.31664503016311,0.7898949997979798,2511.467815999822,94.76982633474918
1781462190,20,GET,/api/load/mixed [GET],3.600000,0.000000,20,22,25,28,81,110,270,270,270,270,270,3684,0,23,64.87511131243583,12.42441499925917,2511.467815999822,115.0
1781462190,20,GET,/api/products [GET],9.800000,0.000000,2,3,3,4,5,7,12,20,20,20,20,9359,0,2,6.8160778983826535,0.791574999311706,497.9289789998802,120.0
1781462190,20,GET,/api/products/{id} [GET],6.600000,0.000000,2,2,3,3,5,14,18,18,18,18,18,5576,0,2,6.816874524036007,0.7898949997979798,501.92681399948924,39.0
1781462190,20,,Aggregated,20.000000,0.000000,2,4,5,13,18,24,81,110,270,270,270,18619,0,3,18.3040160842151,0.7898949997979798,2511.467815999822,94.75288683602771
1781462191,20,GET,/api/load/mixed [GET],3.400000,0.000000,20,23,28,33,87,110,270,270,270,270,270,3688,0,23,64.85954404447232,12.42441499925917,2511.467815999822,115.0
1781462191,20,GET,/api/products [GET],10.300000,0.000000,2,3,3,4,6,11,14,20,20,20,20,9366,0,2,6.814635872940826,0.791574999311706,497.9289789998802,120.0
1781462191,20,GET,/api/products/{id} [GET],6.300000,0.000000,2,2,3,3,5,14,18,19,19,19,19,5585,0,2,6.811833768133364,0.7898949997979798,501.92681399948924,39.0
1781462191,20,,Aggregated,20.000000,0.000000,2,4,7,14,20,27,87,110,270,270,270,18639,0,3,18.298834144374794,0.7898949997979798,2511.467815999822,94.73979290734482
1781462192,20,GET,/api/load/mixed [GET],3.700000,0.000000,20,25,33,38,87,110,270,270,270,270,270,3693,0,23,64.81962720038271,12.42441499925917,2511.467815999822,115.0
1781462192,20,GET,/api/products [GET],9.800000,0.000000,2,2,3,3,5,7,12,14,14,14,14,9375,0,2,6.810633451835989,0.791574999311706,497.9289789998802,120.0
1781462192,20,GET,/api/products/{id} [GET],6.500000,0.000000,2,2,3,3,5,14,18,19,19,19,19,5591,0,2,6.806378487752414,0.7898949997979798,501.92681399948924,39.0
1781462192,20,,Aggregated,20.000000,0.000000,2,4,12,14,21,33,87,110,270,270,270,18659,0,3,18.2905318606034,0.7898949997979798,2511.467815999822,94.73948228736802
1781462193,20,GET,/api/load/mixed [GET],3.700000,0.000000,20,26,37,78,89,110,270,270,270,270,270,3698,0,23,64.79681654867869,12.42441499925917,2511.467815999822,115.0
1781462193,20,GET,/api/products [GET],9.700000,0.000000,2,2,3,3,5,11,14,22,22,22,22,9383,0,2,6.8096374640267365,0.791574999311706,497.9289789998802,120.0
1781462193,20,GET,/api/products/{id} [GET],6.600000,0.000000,2,2,3,3,5,15,18,19,19,19,19,5598,0,2,6.804330097717888,0.7898949997979798,501.92681399948924,39.0
1781462193,20,,Aggregated,20.000000,0.000000,2,4,13,14,22,37,89,110,270,270,270,18679,0,3,18.288136185502484,0.7898949997979798,2511.467815999822,94.73483591198672
1781462194,20,GET,/api/load/mixed [GET],4.100000,0.000000,22,33,39,78,88,89,120,120,120,120,120,3706,0,23,64.77800272477411,12.42441499925917,2511.467815999822,115.0
1781462194,20,GET,/api/products [GET],9.400000,0.000000,2,2,3,3,5,11,14,22,22,22,22,9390,0,2,6.806060043020442,0.791574999311706,497.9289789998802,120.0
1781462194,20,GET,/api/products/{id} [GET],6.500000,0.000000,2,3,3,3,5,15,18,19,19,19,19,5603,0,2,6.800357055510357,0.7898949997979798,501.92681399948924,39.0
1781462194,20,,Aggregated,20.000000,0.000000,2,4,13,15,23,70,89,97,120,120,120,18699,0,3,18.293950611476493,0.7898949997979798,2511.467815999822,94.73806085886946
1781462195,20,GET,/api/load/mixed [GET],4.300000,0.000000,24,38,76,79,88,89,120,120,120,120,120,3713,0,23,64.72992957070085,12.42441499925917,2511.467815999822,115.0
1781462195,20,GET,/api/products [GET],9.100000,0.000000,2,2,3,4,5,11,14,22,22,22,22,9398,0,2,6.802338789738428,0.791574999311706,497.9289789998802,120.0
1781462195,20,GET,/api/products/{id} [GET],6.700000,0.000000,2,3,3,3,11,18,18,19,19,19,19,5608,0,2,6.7979534745051575,0.7898949997979798,501.92681399948924,39.0
1781462195,20,,Aggregated,20.100000,0.000000,2,5,14,15,30,78,89,97,120,120,120,18719,0,3,18.291229848122153,0.7898949997979798,2511.467815999822,94.74154602275763
1781462196,20,GET,/api/load/mixed [GET],4.400000,0.000000,23,39,78,81,89,97,120,120,120,120,120,3716,0,23,64.73418156216707,12.42441499925917,2511.467815999822,115.0
1781462196,20,GET,/api/products [GET],9.000000,0.000000,2,2,3,4,5,11,14,22,22,22,22,9405,0,2,6.799144437316307,0.791574999311706,497.9289789998802,120.0
1781462196,20,GET,/api/products/{id} [GET],6.600000,0.000000,2,3,3,3,11,18,19,21,21,21,21,5618,0,2,6.7938686201541465,0.7898949997979798,501.92681399948924,39.0
1781462196,20,,Aggregated,20.000000,0.000000,2,5,14,15,28,79,95,98,120,120,120,18739,0,3,18.286254657452282,0.7898949997979798,2511.467815999822,94.72447836063824
1781462197,20,GET,/api/load/mixed [GET],4.600000,0.000000,24,41,78,81,89,97,120,120,120,120,120,3718,0,23,64.71168285637809,12.42441499925917,2511.467815999822,115.0
1781462197,20,GET,/api/products [GET],8.900000,0.000000,2,2,2,3,5,11,14,22,22,22,22,9416,0,2,6.793178529520093,0.791574999311706,497.9289789998802,120.0
1781462197,20,GET,/api/products/{id} [GET],6.600000,0.000000,2,3,3,3,11,18,19,21,21,21,21,5625,0,2,6.787865844449132,0.7898949997979798,501.92681399948924,39.0
1781462197,20,,Aggregated,20.100000,0.000000,2,4,14,15,28,79,95,98,120,120,120,18759,0,3,18.2709286885762,0.7898949997979798,2511.467815999822,94.7206674129751
1781462198,20,GET,/api/load/mixed [GET],4.400000,0.000000,28,70,81,88,95,97,120,120,120,120,120,3724,0,23,64.68273034398885,12.42441499925917,2511.467815999822,115.0
1781462198,20,GET,/api/products [GET],8.700000,0.000000,2,2,3,3,5,11,14,22,22,22,22,9424,0,2,6.789770727181845,0.791574999311706,497.9289789998802,120.0
1781462198,20,GET,/api/products/{id} [GET],6.700000,0.000000,2,2,3,3,11,18,19,21,21,21,21,5631,0,2,6.782372350919071,0.7898949997979798,501.92681399948924,39.0
1781462198,20,,Aggregated,19.800000,0.000000,2,5,14,16,38,87,97,98,120,120,120,18779,0,3,18.268109369082552,0.7898949997979798,2511.467815999822,94.72011289206029
1781462199,20,GET,/api/load/mixed [GET],4.300000,0.000000,30,70,81,88,95,97,120,120,120,120,120,3729,0,23,64.64467224376916,12.42441499925917,2511.467815999822,115.0
1781462199,20,GET,/api/products [GET],8.700000,0.000000,2,2,3,3,8,14,22,24,24,24,24,9433,0,2,6.789154864938197,0.791574999311706,497.9289789998802,120.0
1781462199,20,GET,/api/products/{id} [GET],7.000000,0.000000,2,2,3,3,8,14,19,21,21,21,21,5637,0,2,6.7815350917201584,0.7898949997979798,501.92681399948924,39.0
1781462199,20,,Aggregated,20.000000,0.000000,2,6,14,16,41,88,97,98,120,120,120,18799,0,3,18.263183890100727,0.7898949997979798,2511.467815999822,94.71982552263418
1781462200,20,GET,/api/load/mixed [GET],4.300000,0.000000,28,43,79,89,97,98,120,120,120,120,120,3732,0,23,64.6343746931982,12.42441499925917,2511.467815999822,115.0
1781462200,20,GET,/api/products [GET],8.500000,0.000000,2,2,3,3,5,13,22,24,24,24,24,9442,0,2,6.785091386884552,0.791574999311706,497.9289789998802,120.0
1781462200,20,GET,/api/products/{id} [GET],7.000000,0.000000,2,3,3,4,8,11,15,21,21,21,21,5646,0,2,6.7752410543795065,0.7898949997979798,501.92681399948924,39.0
1781462200,20,,Aggregated,19.800000,0.000000,2,5,14,15,39,88,97,110,120,120,120,18820,0,3,18.25363072385792,0.7898949997979798,2511.467815999822,94.70850159404888
1781462201,20,GET,/api/load/mixed [GET],4.800000,0.000000,26,70,87,88,97,98,120,120,120,120,120,3739,0,23,64.58116641749508,12.42441499925917,2511.467815999822,115.0
1781462201,20,GET,/api/products [GET],7.900000,0.000000,2,2,3,3,5,13,22,24,24,24,24,9452,0,2,6.780247276551584,0.791574999311706,497.9289789998802,120.0
1781462201,20,GET,/api/products/{id} [GET],7.300000,0.000000,2,3,4,5,8,14,15,21,21,21,21,5649,0,2,6.7730829263632675,0.7898949997979798,501.92681399948924,39.0
1781462201,20,,Aggregated,20.000000,0.000000,2,5,14,15,41,88,97,110,120,120,120,18840,0,3,18.249311249681828,0.7898949997979798,2511.467815999822,94.72059447983015
1781462202,20,GET,/api/load/mixed [GET],4.700000,0.000000,24,41,79,87,95,98,120,120,120,120,120,3744,0,23,64.5209337289033,12.42441499925917,2511.467815999822,115.0
1781462202,20,GET,/api/products [GET],8.500000,0.000000,2,2,3,4,5,8,13,24,24,24,24,9458,0,2,6.777936515961573,0.791574999311706,497.9289789998802,120.0
1781462202,20,GET,/api/products/{id} [GET],6.800000,0.000000,2,2,3,4,7,8,14,21,21,21,21,5657,0,2,6.765994708860652,0.7898949997979798,501.92681399948924,39.0
1781462202,20,,Aggregated,20.000000,0.000000,2,5,14,15,36,87,97,110,120,120,120,18859,0,3,18.23783506638756,0.7898949997979798,2511.467815999822,94.71037700832494
1781462203,20,GET,/api/load/mixed [GET],5.100000,0.000000,17,36,43,79,95,98,120,120,120,120,120,3749,0,23,64.45430149266858,12.42441499925917,2511.467815999822,115.0
1781462203,20,GET,/api/products [GET],8.400000,0.000000,2,2,3,3,5,8,13,24,24,24,24,9466,0,2,6.773671994186133,0.791574999311706,497.9289789998802,120.0
1781462203,20,GET,/api/products/{id} [GET],6.500000,0.000000,2,2,3,4,6,8,14,21,21,21,21,5665,0,2,6.7597677403400045,0.7898949997979798,501.92681399948924,39.0
1781462203,20,,Aggregated,20.000000,0.000000,2,5,13,14,25,79,97,110,120,120,120,18880,0,3,18.22313769290288,0.7898949997979798,2511.467815999822,94.70286016949153
1781462204,20,GET,/api/load/mixed [GET],4.800000,0.000000,17,25,43,87,97,100,110,110,110,110,110,3751,0,23,64.45000644975056,12.42441499925917,2511.467815999822,115.0
1781462204,20,GET,/api/products [GET],8.600000,0.000000,2,2,3,3,5,8,13,24,24,24,24,9475,0,2,6.76908748031296,0.791574999311706,497.9289789998802,120.0
1781462204,20,GET,/api/products/{id} [GET],6.600000,0.000000,2,2,3,4,5,8,14,21,21,21,21,5674,0,2,6.753389320413737,0.7898949997979798,501.92681399948924,39.0
1781462204,20,,Aggregated,20.000000,0.000000,2,4,8,14,22,43,97,100,110,110,110,18900,0,3,18.212053390106195,0.7898949997979798,2511.467815999822,94.6905291005291
1781462205,20,GET,/api/load/mixed [GET],5.100000,0.000000,22,28,84,89,95,98,110,110,110,110,110,3754,0,23,64.45435088785693,12.42441499925917,2511.467815999822,115.0
1781462205,20,GET,/api/products [GET],8.200000,0.000000,2,2,3,4,5,10,22,24,24,24,24,9483,0,2,6.769082443316056,0.791574999311706,497.9289789998802,120.0
1781462205,20,GET,/api/products/{id} [GET],6.700000,0.000000,2,2,3,4,5,7,9,14,14,14,14,5683,0,2,6.746423592473573,0.7898949997979798,501.92681399948924,39.0
1781462205,20,,Aggregated,20.000000,0.000000,2,4,9,14,24,87,97,100,110,110,110,18920,0,3,18.20786296612095,0.7898949997979798,2511.467815999822,94.67795983086681
1781462206,20,GET,/api/load/mixed [GET],4.800000,0.000000,17,25,43,87,94,100,110,110,110,110,110,3756,0,23,64.42841483626589,12.42441499925917,2511.467815999822,115.0
1781462206,20,GET,/api/products [GET],8.700000,0.000000,2,2,3,3,5,9,22,24,24,24,24,9494,0,2,6.763162363594477,0.791574999311706,497.9289789998802,120.0
1781462206,20,GET,/api/products/{id} [GET],6.700000,0.000000,2,2,2,4,5,7,9,14,14,14,14,5690,0,2,6.7399504261909495,0.7898949997979798,501.92681399948924,39.0
1781462206,20,,Aggregated,20.200000,0.000000,2,4,9,14,22,43,94,100,110,110,110,18940,0,3,18.191811379620226,0.7898949997979798,2511.467815999822,94.67423442449842
1781462207,20,GET,/api/load/mixed [GET],4.300000,0.000000,17,25,28,43,90,97,110,110,110,110,110,3761,0,23,64.36678981414923,12.42441499925917,2511.467815999822,115.0
1781462207,20,GET,/api/products [GET],8.600000,0.000000,2,2,3,4,8,13,22,24,24,24,24,9507,0,2,6.76027936414948,0.791574999311706,497.9289789998802,120.0
1781462207,20,GET,/api/products/{id} [GET],7.100000,0.000000,2,2,3,4,5,8,14,14,14,14,14,5692,0,2,6.7403015787116285,0.7898949997979798,501.92681399948924,39.0
1781462207,20,,Aggregated,20.000000,0.000000,2,4,13,14,22,43,94,100,110,110,110,18960,0,3,18.181396043882433,0.7898949997979798,2511.467815999822,94.6910864978903
1781462208,20,GET,/api/load/mixed [GET],4.300000,0.000000,15,22,25,26,90,100,110,110,110,110,110,3767,0,22,64.28926425511393,12.42441499925917,2511.467815999822,115.0
1781462208,20,GET,/api/products [GET],8.600000,0.000000,2,2,3,4,5,10,14,22,22,22,22,9514,0,2,6.7573868031289095,0.791574999311706,497.9289789998802,120.0
1781462208,20,GET,/api/products/{id} [GET],7.300000,0.000000,2,2,3,4,4,5,9,14,14,14,14,5699,0,2,6.735639582913715,0.7898949997979798,501.92681399948924,39.0
1781462208,20,,Aggregated,20.200000,0.000000,2,4,9,14,17,25,90,100,110,110,110,18980,0,3,18.16932805463688,0.7898949997979798,2511.467815999822,94.68630136986302
1781462209,20,GET,/api/load/mixed [GET],4.400000,0.000000,15,20,25,25,87,94,100,100,100,100,100,3771,0,22,64.2398820061025,12.42441499925917,2511.467815999822,115.0
1781462209,20,GET,/api/products [GET],9.000000,0.000000,2,2,3,4,5,10,14,22,22,22,22,9521,0,2,6.753902436085268,0.791574999311706,497.9289789998802,120.0
1781462209,20,GET,/api/products/{id} [GET],6.600000,0.000000,2,2,3,4,5,5,9,14,14,14,14,5708,0,2,6.729920908028342,0.7898949997979798,501.92681399948924,39.0
1781462209,20,,Aggregated,20.000000,0.000000,2,4,9,14,17,25,87,94,100,100,100,19000,0,3,18.15615203589506,0.7898949997979798,2511.467815999822,94.67352631578947
1781462210,20,GET,/api/load/mixed [GET],4.500000,0.000000,15,20,23,25,77,94,100,100,100,100,100,3775,0,22,64.20634824397678,12.42441499925917,2511.467815999822,115.0
1781462210,20,GET,/api/products [GET],9.000000,0.000000,2,2,2,4,5,10,14,22,22,22,22,9532,0,2,6.748376542379912,0.791574999311706,497.9289789998802,120.0
1781462210,20,GET,/api/products/{id} [GET],6.700000,0.000000,2,2,3,4,5,5,9,14,14,14,14,5714,0,2,6.725163775643547,0.7898949997979798,501.92681399948924,39.0
1781462210,20,,Aggregated,20.200000,0.000000,2,4,5,13,15,23,77,94,100,100,100,19021,0,3,18.144791316807996,0.7898949997979798,2511.467815999822,94.67488565269964
1781462211,20,GET,/api/load/mixed [GET],4.200000,0.000000,16,23,25,26,77,94,100,100,100,100,100,3778,0,22,64.17404579301558,12.42441499925917,2511.467815999822,115.0
1781462211,20,GET,/api/products [GET],8.900000,0.000000,2,2,2,3,5,10,14,22,22,22,22,9541,0,2,6.745135472064218,0.791574999311706,497.9289789998802,120.0
1781462211,20,GET,/api/products/{id} [GET],6.900000,0.000000,2,2,3,4,5,5,9,14,14,14,14,5722,0,2,6.718212493713004,0.7898949997979798,501.92681399948924,39.0
1781462211,20,,Aggregated,20.000000,0.000000,2,4,8,13,17,25,77,94,100,100,100,19041,0,3,18.131741738039146,0.7898949997979798,2511.467815999822,94.66666666666667
1781462212,20,GET,/api/load/mixed [GET],4.200000,0.000000,16,23,26,26,77,94,100,100,100,100,100,3779,0,22,64.16069467108044,12.42441499925917,2511.467815999822,115.0
1781462212,20,GET,/api/products [GET],8.900000,0.000000,2,2,2,3,5,10,14,22,22,22,22,9556,0,2,6.737117273960588,0.791574999311706,497.9289789998802,120.0
1781462212,20,GET,/api/products/{id} [GET],6.900000,0.000000,2,2,3,4,5,5,9,14,14,14,14,5726,0,2,6.714786505418493,0.7898949997979798,501.92681399948924,39.0
1781462212,20,,Aggregated,20.000000,0.000000,2,3,5,10,14,23,77,94,100,100,100,19061,0,3,18.115105469912734,0.7898949997979798,2511.467815999822,94.67598761869786
1781462213,20,GET,/api/load/mixed [GET],4.000000,0.000000,20,26,28,29,77,94,100,100,100,100,100,3782,0,22,64.14512270571507,12.42441499925917,2511.467815999822,115.0
1781462213,20,GET,/api/products [GET],9.100000,0.000000,2,2,2,3,5,12,18,22,22,22,22,9567,0,2,6.733105839549089,0.791574999311706,497.9289789998802,120.0
1781462213,20,GET,/api/products/{id} [GET],6.900000,0.000000,2,2,2,3,5,5,9,14,14,14,14,5732,0,2,6.709582073102959,0.7898949997979798,501.92681399948924,39.0
1781462213,20,,Aggregated,20.000000,0.000000,2,3,5,12,18,26,77,94,100,100,100,19081,0,3,18.105539651119265,0.7898949997979798,2511.467815999822,94.67627482836329
1781462214,20,GET,/api/load/mixed [GET],3.700000,0.000000,20,26,28,32,77,190,190,190,190,190,190,3788,0,23,64.18787982999343,12.42441499925917,2511.467815999822,115.0
1781462214,20,GET,/api/products [GET],9.200000,0.000000,2,2,2,3,5,12,14,18,18,18,18,9576,0,2,6.730641575080051,0.791574999311706,497.9289789998802,120.0
1781462214,20,GET,/api/products/{id} [GET],7.100000,0.000000,2,2,2,3,5,8,14,20,20,20,20,5737,0,2,6.709395991812224,0.7898949997979798,501.92681399948924,39.0
1781462214,20,,Aggregated,20.000000,0.000000,2,3,5,13,18,27,77,190,190,190,190,19101,0,3,18.11884808774455,0.7898949997979798,2511.467815999822,94.68001675304959
1781462215,20,GET,/api/load/mixed [GET],3.500000,0.000000,18,26,28,32,77,190,190,190,190,190,190,3791,0,22,64.14993737985097,12.42441499925917,2511.467815999822,115.0
1781462215,20,GET,/api/products [GET],9.900000,0.000000,2,2,2,3,5,12,14,18,18,18,18,9584,0,2,6.7265260864949745,0.791574999311706,497.9289789998802,120.0
1781462215,20,GET,/api/products/{id} [GET],6.600000,0.000000,2,2,3,3,5,8,14,20,20,20,20,5746,0,2,6.702261890015014,0.7898949997979798,501.92681399948924,39.0
1781462215,20,,Aggregated,20.000000,0.000000,2,3,7,13,18,27,77,190,190,190,190,19121,0,3,18.104211884316165,0.7898949997979798,2511.467815999822,94.66759060718582
1781462216,20,GET,/api/load/mixed [GET],3.500000,0.000000,18,26,27,29,77,190,190,190,190,190,190,3797,0,22,64.07898313432065,12.42441499925917,2511.467815999822,115.0
1781462216,20,GET,/api/products [GET],9.700000,0.000000,2,2,2,3,5,8,13,18,18,18,18,9590,0,2,6.723742234303326,0.791574999311706,497.9289789998802,120.0
1781462216,20,GET,/api/products/{id} [GET],6.600000,0.000000,2,2,3,4,5,5,8,20,20,20,20,5754,0,2,6.697019156070121,0.7898949997979798,501.92681399948924,39.0
1781462216,20,,Aggregated,19.800000,0.000000,2,4,5,13,18,27,77,190,190,190,190,19141,0,3,18.093267604201042,0.7898949997979798,2511.467815999822,94.65863852463299
1781462217,20,GET,/api/load/mixed [GET],3.600000,0.000000,23,27,29,40,81,190,190,190,190,190,190,3803,0,22,64.05177492032992,12.42441499925917,2511.467815999822,115.0
1781462217,20,GET,/api/products [GET],9.900000,0.000000,2,2,2,2,5,8,13,18,18,18,18,9598,0,2,6.720352965197756,0.791574999311706,497.9289789998802,120.0
1781462217,20,GET,/api/products/{id} [GET],6.500000,0.000000,2,2,3,3,4,5,8,20,20,20,20,5760,0,2,6.69174110156708,0.7898949997979798,501.92681399948924,39.0
1781462217,20,,Aggregated,20.000000,0.000000,2,3,6,14,23,29,81,190,190,190,190,19161,0,3,18.090667320443053,0.7898949997979798,2511.467815999822,94.65815980376807
1781462218,20,GET,/api/load/mixed [GET],3.900000,0.000000,24,28,32,72,81,190,190,190,190,190,190,3805,0,22,64.02585764809842,12.42441499925917,2511.467815999822,115.0
1781462218,20,GET,/api/products [GET],9.900000,0.000000,2,2,2,2,5,8,13,18,18,18,18,9608,0,2,6.715149030596202,0.791574999311706,497.9289789998802,120.0
1781462218,20,GET,/api/products/{id} [GET],6.200000,0.000000,2,2,2,3,4,5,8,20,20,20,20,5768,0,2,6.685486896675755,0.7898949997979798,501.92681399948924,39.0
1781462218,20,,Aggregated,20.000000,0.000000,2,3,5,13,20,29,81,190,190,190,190,19181,0,3,18.075148775194663,0.7898949997979798,2511.467815999822,94.65027892184975
1781462219,20,GET,/api/load/mixed [GET],4.000000,0.000000,18,27,29,40,81,190,190,190,190,190,190,3807,0,22,63.9996812566365,12.42441499925917,2511.467815999822,115.0
1781462219,20,GET,/api/products [GET],9.300000,0.000000,2,2,2,3,4,8,13,18,18,18,18,9619,0,2,6.7099842722703755,0.791574999311706,497.9289789998802,120.0
1781462219,20,GET,/api/products/{id} [GET],6.500000,0.000000,2,2,3,3,4,4,8,20,20,20,20,5775,0,2,6.6801015892687134,0.7898949997979798,501.92681399948924,39.0
1781462219,20,,Aggregated,19.800000,0.000000,2,3,4,10,18,28,81,190,190,190,190,19201,0,3,18.05987771142185,0.7898949997979798,2511.467815999822,94.64663298786522
1781462220,20,GET,/api/load/mixed [GET],3.900000,0.000000,18,26,28,32,81,190,190,190,190,190,190,3812,0,22,63.94109075262741,12.42441499925917,2511.467815999822,115.0
1781462220,20,GET,/api/products [GET],9.100000,0.000000,2,2,2,3,4,6,13,18,18,18,18,9626,0,2,6.707214468207844,0.791574999311706,497.9289789998802,120.0
1781462220,20,GET,/api/products/{id} [GET],7.000000,0.000000,2,2,3,3,4,5,8,20,20,20,20,5783,0,2,6.673927382331999,0.7898949997979798,501.92681399948924,39.0
1781462220,20,,Aggregated,20.000000,0.000000,2,3,4,8,18,28,81,190,190,190,190,19221,0,3,18.04809356807714,0.7898949997979798,2511.467815999822,94.63800010405286
1781462221,20,GET,/api/load/mixed [GET],3.700000,0.000000,18,25,29,32,81,190,190,190,190,190,190,3814,0,22,63.91619329470784,12.42441499925917,2511.467815999822,115.0
1781462221,20,GET,/api/products [GET],9.600000,0.000000,2,2,3,4,5,6,13,18,18,18,18,9640,0,2,6.701721228420141,0.791574999311706,497.9289789998802,120.0
1781462221,20,GET,/api/products/{id} [GET],6.700000,0.000000,2,2,3,3,4,5,8,20,20,20,20,5787,0,2,6.670281643342974,0.7898949997979798,501.92681399948924,39.0
1781462221,20,,Aggregated,20.000000,0.000000,2,4,5,13,18,28,81,190,190,190,190,19241,0,3,18.033463631724544,0.7898949997979798,2511.467815999822,94.6470037939816
1781462222,20,GET,/api/load/mixed [GET],3.600000,0.000000,18,25,28,40,90,190,190,190,190,190,190,3821,0,22,63.87137678383054,12.42441499925917,2511.467815999822,115.0
1781462222,20,GET,/api/products [GET],9.600000,0.000000,2,2,3,4,5,5,8,13,13,13,13,9645,0,2,6.69978481223116,0.791574999311706,497.9289789998802,120.0
1781462222,20,GET,/api/products/{id} [GET],6.800000,0.000000,2,2,3,3,4,5,8,20,20,20,20,5795,0,2,6.6641836291675896,0.7898949997979798,501.92681399948924,39.0
1781462222,20,,Aggregated,20.000000,0.000000,2,4,5,14,19,28,90,190,190,190,190,19261,0,3,18.030782375578237,0.7898949997979798,2511.467815999822,94.63786926950833
1781462223,20,GET,/api/load/mixed [GET],3.600000,0.000000,18,24,27,37,91,190,190,190,190,190,190,3825,0,22,63.84215048654042,12.42441499925917,2511.467815999822,115.0
1781462223,20,GET,/api/products [GET],9.700000,0.000000,2,2,3,4,5,5,7,21,21,21,21,9657,0,2,6.696059041728278,0.791574999311706,497.9289789998802,120.0
1781462223,20,GET,/api/products/{id} [GET],6.700000,0.000000,2,2,3,3,4,4,5,6,6,6,6,5799,0,2,6.660770480949387,0.7898949997979798,501.92681399948924,39.0
1781462223,20,,Aggregated,20.000000,0.000000,2,4,5,14,18,27,91,190,190,190,190,19281,0,3,18.02219157699356,0.7898949997979798,2511.467815999822,94.64633577096623
1781462224,20,GET,/api/load/mixed [GET],4.000000,0.000000,18,24,26,27,78,91,120,120,120,120,120,3829,0,22,63.800551728654334,12.42441499925917,2511.467815999822,115.0
1781462224,20,GET,/api/products [GET],9.400000,0.000000,2,3,4,4,5,5,10,21,21,21,21,9667,0,2,6.692982677042581,0.791574999311706,497.9289789998802,120.0
1781462224,20,GET,/api/products/{id} [GET],6.500000,0.000000,2,2,2,3,4,4,5,6,6,6,6,5805,0,2,6.655925244448774,0.7898949997979798,501.92681399948924,39.0
1781462224,20,,Aggregated,19.900000,0.000000,2,4,5,14,21,26,78,91,120,120,120,19301,0,3,18.011036845345494,0.7898949997979798,2511.467815999822,94.64639137868504
1781462225,20,GET,/api/load/mixed [GET],4.100000,0.000000,23,26,37,46,91,120,120,120,120,120,120,3833,0,22,63.81765787242815,12.42441499925917,2511.467815999822,115.0
1781462225,20,GET,/api/products [GET],9.300000,0.000000,2,2,3,4,5,6,10,21,21,21,21,9676,0,2,6.688712498136724,0.791574999311706,497.9289789998802,120.0
1781462225,20,GET,/api/products/{id} [GET],6.600000,0.000000,2,2,2,3,4,5,11,18,18,18,18,5812,0,2,6.654405083796583,0.7898949997979798,501.92681399948924,39.0
1781462225,20,,Aggregated,20.000000,0.000000,2,4,5,14,23,37,91,120,120,120,120,19321,0,3,18.0119283217232,0.7898949997979798,2511.467815999822,94.64225454169039
1781462226,20,GET,/api/load/mixed [GET],4.100000,0.000000,24,27,37,46,91,120,120,120,120,120,120,3837,0,23,63.77566884024448,12.42441499925917,2511.467815999822,115.0
1781462226,20,GET,/api/products [GET],9.500000,0.000000,2,3,3,4,5,8,10,21,21,21,21,9686,0,2,6.685388312200121,0.791574999311706,497.9289789998802,120.0
1781462226,20,GET,/api/products/{id} [GET],6.600000,0.000000,2,2,2,3,4,5,11,18,18,18,18,5818,0,2,6.649698723792441,0.7898949997979798,501.92681399948924,39.0
1781462226,20,,Aggregated,20.200000,0.000000,2,4,5,14,24,37,91,120,120,120,120,19341,0,3,18.000613189959832,0.7898949997979798,2511.467815999822,94.64231425469211
1781462227,20,GET,/api/load/mixed [GET],4.100000,0.000000,23,25,28,37,90,110,120,120,120,120,120,3840,0,22,63.73874240781743,12.42441499925917,2511.467815999822,115.0
1781462227,20,GET,/api/products [GET],9.300000,0.000000,2,2,3,4,5,8,10,21,21,21,21,9696,0,2,6.680371675945998,0.791574999311706,497.9289789998802,120.0
1781462227,20,GET,/api/products/{id} [GET],6.400000,0.000000,2,2,2,3,4,6,11,18,18,18,18,5825,0,2,6.644054551077466,0.7898949997979798,501.92681399948924,39.0
1781462227,20,,Aggregated,19.800000,0.000000,2,4,5,13,21,28,90,110,120,120,120,19361,0,3,17.986223458293367,0.7898949997979798,2511.467815999822,94.63844842725067
1781462228,20,GET,/api/load/mixed [GET],4.100000,0.000000,23,26,28,37,90,110,120,120,120,120,120,3844,0,22,63.69078986290799,12.42441499925917,2511.467815999822,115.0
1781462228,20,GET,/api/products [GET],9.400000,0.000000,2,2,3,4,5,8,10,21,21,21,21,9705,0,2,6.676002143531586,0.791574999311706,497.9289789998802,120.0
1781462228,20,GET,/api/products/{id} [GET],6.500000,0.000000,2,2,2,2,4,6,11,18,18,18,18,5832,0,2,6.638188705766071,0.7898949997979798,501.92681399948924,39.0
1781462228,20,,Aggregated,20.000000,0.000000,2,3,5,14,23,28,90,110,120,120,120,19381,0,3,17.972855557918603,0.7898949997979798,2511.467815999822,94.63433259377742
1781462229,20,GET,/api/load/mixed [GET],3.800000,0.000000,24,28,37,42,90,95,120,120,120,120,120,3850,0,22,63.66685566364121,12.42441499925917,2511.467815999822,115.0
1781462229,20,GET,/api/products [GET],9.800000,0.000000,2,2,3,4,5,8,10,21,21,21,21,9714,0,2,6.671928399832557,0.791574999311706,497.9289789998802,120.0
1781462229,20,GET,/api/products/{id} [GET],6.600000,0.000000,2,2,2,2,4,11,18,23,23,23,23,5837,0,2,6.637931279943304,0.7898949997979798,501.92681399948924,39.0
1781462229,20,,Aggregated,20.200000,0.000000,2,4,10,15,24,38,91,110,120,120,120,19401,0,3,17.97196596371433,0.7898949997979798,2511.467815999822,94.6380598938199
1781462230,20,GET,/api/load/mixed [GET],3.800000,0.000000,24,28,38,46,91,110,120,120,120,120,120,3851,0,22,63.65381854921292,12.42441499925917,2511.467815999822,115.0
1781462230,20,GET,/api/products [GET],9.900000,0.000000,2,2,3,3,5,8,10,21,21,21,21,9725,0,2,6.666345315370049,0.791574999311706,497.9289789998802,120.0
1781462230,20,GET,/api/products/{id} [GET],6.300000,0.000000,2,2,2,2,3,6,18,23,23,23,23,5845,0,2,6.631542250133558,0.7898949997979798,501.92681399948924,39.0
1781462230,20,,Aggregated,20.000000,0.000000,2,3,6,14,24,38,91,110,120,120,120,19421,0,3,17.95594603146202,0.7898949997979798,2511.467815999822,94.63055455434838
1781462231,20,GET,/api/load/mixed [GET],4.200000,0.000000,24,28,33,42,91,110,120,120,120,120,120,3855,0,22,63.60925123398698,12.42441499925917,2511.467815999822,115.0
1781462231,20,GET,/api/products [GET],9.600000,0.000000,2,2,3,3,6,9,12,21,21,21,21,9734,0,2,6.664103296175738,0.791574999311706,497.9289789998802,120.0
1781462231,20,GET,/api/products/{id} [GET],6.100000,0.000000,2,2,2,2,4,10,18,23,23,23,23,5852,0,2,6.627404278542605,0.7898949997979798,501.92681399948924,39.0
1781462231,20,,Aggregated,19.900000,0.000000,2,3,9,14,24,33,91,110,120,120,120,19441,0,3,17.944838991308384,0.7898949997979798,2511.467815999822,94.62645954426213
1781462232,20,GET,/api/load/mixed [GET],4.100000,0.000000,20,27,28,33,88,110,120,120,120,120,120,3860,0,22,63.54777490855448,12.42441499925917,2511.467815999822,115.0
1781462232,20,GET,/api/products [GET],9.500000,0.000000,2,2,3,3,5,9,10,12,12,12,12,9742,0,2,6.660824063433982,0.791574999311706,497.9289789998802,120.0
1781462232,20,GET,/api/products/{id} [GET],6.400000,0.000000,2,2,2,3,5,10,18,23,23,23,23,5859,0,2,6.623112738356687,0.7898949997979798,501.92681399948924,39.0
1781462232,20,,Aggregated,20.000000,0.000000,2,3,8,13,21,28,88,110,120,120,120,19461,0,3,17.93273607250535,0.7898949997979798,2511.467815999822,94.62211602692565
1781462233,20,GET,/api/load/mixed [GET],3.900000,0.000000,19,27,28,33,88,110,120,120,120,120,120,3864,0,22,63.49727661931147,12.42441499925917,2511.467815999822,115.0
1781462233,20,GET,/api/products [GET],9.500000,0.000000,2,2,3,3,6,8,10,12,12,12,12,9754,0,2,6.656291493025978,0.791574999311706,497.9289789998802,120.0
1781462233,20,GET,/api/products/{id} [GET],6.600000,0.000000,2,2,3,3,6,10,18,23,23,23,23,5863,0,2,6.62118832628912,0.7898949997979798,501.92681399948924,39.0
1781462233,20,,Aggregated,20.000000,0.000000,2,3,8,13,20,28,88,110,120,120,120,19481,0,3,17.919971830862305,0.7898949997979798,2511.467815999822,94.63051178070941
1781462234,20,GET,/api/load/mixed [GET],4.100000,0.000000,17,24,28,29,88,110,120,120,120,120,120,3869,0,22,63.455808974158415,12.42441499925917,2511.467815999822,115.0
1781462234,20,GET,/api/products [GET],9.600000,0.000000,2,2,3,3,5,8,10,12,12,12,12,9764,0,2,6.652010543934383,0.791574999311706,497.9289789998802,120.0
1781462234,20,GET,/api/products/{id} [GET],6.400000,0.000000,2,2,3,3,6,10,23,66,66,66,66,5868,0,2,6.628252099187671,0.7898949997979798,501.92681399948924,39.0
1781462234,20,,Aggregated,20.100000,0.000000,2,3,8,13,18,28,88,110,120,120,120,19501,0,3,17.914739715400646,0.7898949997979798,2511.467815999822,94.6344802830624
1781462235,20,GET,/api/load/mixed [GET],3.900000,0.000000,17,20,27,30,86,88,95,95,95,95,95,3875,0,22,63.41040397058549,12.42441499925917,2511.467815999822,115.0
1781462235,20,GET,/api/products [GET],9.400000,0.000000,2,2,3,3,4,7,9,12,12,12,12,9774,0,2,6.648362852054171,0.791574999311706,497.9289789998802,120.0
1781462235,20,GET,/api/products/{id} [GET],6.700000,0.000000,2,2,3,3,6,10,23,66,66,66,66,5872,0,2,6.624815141184111,0.7898949997979798,501.92681399948924,39.0
1781462235,20,,Aggregated,20.000000,0.000000,2,4,8,13,18,29,86,88,95,95,95,19521,0,3,17.908781743303617,0.7898949997979798,2511.467815999822,94.64233389682906
1781462236,20,GET,/api/load/mixed [GET],4.200000,0.000000,17,20,29,33,87,94,95,95,95,95,95,3878,0,22,63.39266317638468,12.42441499925917,2511.467815999822,115.0
1781462236,20,GET,/api/products [GET],9.400000,0.000000,2,3,3,4,5,8,12,20,20,20,20,9783,0,2,6.646454515688119,0.791574999311706,497.9289789998802,120.0
1781462236,20,GET,/api/products/{id} [GET],6.400000,0.000000,2,2,3,3,6,10,23,66,66,66,66,5880,0,2,6.619616950856158,0.7898949997979798,501.92681399948924,39.0
1781462236,20,,Aggregated,20.000000,0.000000,2,4,9,13,19,30,87,94,95,95,95,19541,0,3,17.899921191138198,0.7898949997979798,2511.467815999822,94.6343585282227
1781462237,20,GET,/api/load/mixed [GET],4.100000,0.000000,17,22,29,33,87,94,95,95,95,95,95,3881,0,22,63.35716633728941,12.42441499925917,2511.467815999822,115.0
1781462237,20,GET,/api/products [GET],9.900000,0.000000,2,3,4,4,5,8,12,20,20,20,20,9792,0,2,6.643041956390598,0.791574999311706,497.9289789998802,120.0
1781462237,20,GET,/api/products/{id} [GET],6.200000,0.000000,2,3,3,4,6,10,23,66,66,66,66,5888,0,2,6.613533509517288,0.7898949997979798,501.92681399948924,39.0
1781462237,20,,Aggregated,20.200000,0.000000,2,4,8,13,20,30,87,94,95,95,95,19561,0,3,17.886524957621557,0.7898949997979798,2511.467815999822,94.62639946832984
1781462238,20,GET,/api/load/mixed [GET],4.000000,0.000000,16,19,23,25,86,94,95,95,95,95,95,3885,0,22,63.307337376581934,12.42441499925917,2511.467815999822,115.0
1781462238,20,GET,/api/products [GET],10.000000,0.000000,2,3,3,4,5,8,12,20,20,20,20,9801,0,2,6.638837876642849,0.791574999311706,497.9289789998802,120.0
1781462238,20,GET,/api/products/{id} [GET],6.000000,0.000000,2,3,3,3,5,8,10,66,66,66,66,5895,0,2,6.609976598818852,0.7898949997979798,501.92681399948924,39.0
1781462238,20,,Aggregated,20.000000,0.000000,2,4,7,13,17,23,86,94,95,95,95,19581,0,3,17.87355435304812,0.7898949997979798,2511.467815999822,94.62233798069558
1781462239,20,GET,/api/load/mixed [GET],4.300000,0.000000,16,19,22,23,42,87,94,94,94,94,94,3886,0,22,63.29668908260954,12.42441499925917,2511.467815999822,115.0
1781462239,20,GET,/api/products [GET],9.500000,0.000000,2,3,4,4,6,9,15,20,20,20,20,9815,0,2,6.634388692305443,0.791574999311706,497.9289789998802,120.0
1781462239,20,GET,/api/products/{id} [GET],6.200000,0.000000,2,3,4,5,7,10,13,66,66,66,66,5900,0,2,6.608241955090754,0.7898949997979798,501.92681399948924,39.0
1781462239,20,,Aggregated,20.000000,0.000000,3,4,8,13,17,22,66,87,94,94,94,19601,0,3,17.860113582216968,0.7898949997979798,2511.467815999822,94.62731493291159
1781462240,20,GET,/api/load/mixed [GET],4.100000,0.000000,15,18,20,22,42,87,94,94,94,94,94,3890,0,22,63.24676283008262,12.42441499925917,2511.467815999822,115.0
1781462240,20,GET,/api/products [GET],9.500000,0.000000,2,3,3,4,5,7,15,20,20,20,20,9827,0,2,6.629177476135011,0.791574999311706,497.9289789998802,120.0
1781462240,20,GET,/api/products/{id} [GET],6.400000,0.000000,2,3,3,4,6,10,13,66,66,66,66,5904,0,2,6.605041213759547,0.7898949997979798,501.92681399948924,39.0
1781462240,20,,Aggregated,20.000000,0.000000,3,4,7,13,16,20,66,87,94,94,94,19621,0,3,17.846745721066064,0.7898949997979798,2511.467815999822,94.63564548188165
1781462241,20,GET,/api/load/mixed [GET],3.700000,0.000000,16,20,23,33,86,91,94,94,94,94,94,3894,0,22,63.23934301695469,12.42441499925917,2511.467815999822,115.0
1781462241,20,GET,/api/products [GET],9.900000,0.000000,2,3,3,4,5,12,20,24,24,24,24,9837,0,2,6.627226306595158,0.791574999311706,497.9289789998802,120.0
1781462241,20,GET,/api/products/{id} [GET],6.500000,0.000000,2,3,3,4,5,13,13,66,66,66,66,5910,0,2,6.602962962273594,0.7898949997979798,501.92681399948924,39.0
1781462241,20,,Aggregated,20.100000,0.000000,2,4,7,13,17,24,86,91,94,94,94,19641,0,3,17.843772618147533,0.7898949997979798,2511.467815999822,94.63571101267756
1781462242,20,GET,/api/load/mixed [GET],3.800000,0.000000,16,20,23,33,86,91,94,94,94,94,94,3895,0,22,63.227600640570365,12.42441499925917,2511.467815999822,115.0
1781462242,20,GET,/api/products [GET],10.500000,0.000000,2,3,3,4,5,12,20,24,24,24,24,9848,0,2,6.622567716691253,0.791574999311706,497.9289789998802,120.0
1781462242,20,GET,/api/products/{id} [GET],5.700000,0.000000,2,3,3,3,5,13,13,66,66,66,66,5918,0,2,6.596406332381944,0.7898949997979798,501.92681399948924,39.0
1781462242,20,,Aggregated,20.000000,0.000000,2,4,5,13,17,24,86,91,94,94,94,19661,0,3,17.82859895448014,0.7898949997979798,2511.467815999822,94.62829967956868
1781462243,20,GET,/api/load/mixed [GET],4.100000,0.000000,16,19,22,33,86,91,94,94,94,94,94,3898,0,22,63.19041643330459,12.42441499925917,2511.467815999822,115.0
1781462243,20,GET,/api/products [GET],10.000000,0.000000,2,3,3,4,5,12,20,24,24,24,24,9857,0,2,6.618795391800278,0.791574999311706,497.9289789998802,120.0
1781462243,20,GET,/api/products/{id} [GET],5.900000,0.000000,2,2,3,3,5,10,13,13,13,13,13,5926,0,2,6.590269989543655,0.7898949997979798,501.92681399948924,39.0
1781462243,20,,Aggregated,20.000000,0.000000,2,3,5,10,15,22,86,91,94,94,94,19681,0,3,17.81472737117184,0.7898949997979798,2511.467815999822,94.62039530511662
1781462244,20,GET,/api/load/mixed [GET],3.500000,0.000000,15,17,20,22,86,91,94,94,94,94,94,3899,0,22,63.17817042755087,12.42441499925917,2511.467815999822,115.0
1781462244,20,GET,/api/products [GET],10.400000,0.000000,2,2,3,3,5,12,20,24,24,24,24,9870,0,2,6.612778631811037,0.791574999311706,497.9289789998802,120.0
1781462244,20,GET,/api/products/{id} [GET],6.100000,0.000000,2,2,3,3,5,5,13,13,13,13,13,5932,0,2,6.585535332608995,0.7898949997979798,501.92681399948924,39.0
1781462244,20,,Aggregated,20.000000,0.000000,2,3,4,5,14,19,33,91,94,94,94,19701,0,3,17.799360803311146,0.7898949997979798,2511.467815999822,94.62123750063448
1781462245,20,GET,/api/load/mixed [GET],3.500000,0.000000,16,21,22,25,90,91,94,94,94,94,94,3905,0,22,63.1294330635136,12.42441499925917,2511.467815999822,115.0
1781462245,20,GET,/api/products [GET],10.600000,0.000000,2,2,3,3,4,12,20,24,24,24,24,9878,0,2,6.61071813028697,0.791574999311706,497.9289789998802,120.0
1781462245,20,GET,/api/products/{id} [GET],5.900000,0.000000,2,2,3,3,4,5,13,13,13,13,13,5938,0,2,6.581124054738411,0.7898949997979798,501.92681399948924,39.0
1781462245,20,,Aggregated,20.000000,0.000000,2,3,4,6,15,22,86,91,94,94,94,19721,0,3,17.793206452057827,0.7898949997979798,2511.467815999822,94.62081030373713
1781462246,20,GET,/api/load/mixed [GET],3.100000,0.000000,16,21,23,26,86,90,91,91,91,91,91,3910,0,22,63.07363605703882,12.42441499925917,2511.467815999822,115.0
1781462246,20,GET,/api/products [GET],10.700000,0.000000,2,2,3,3,4,12,20,24,24,24,24,9888,0,2,6.606069098197284,0.791574999311706,497.9289789998802,120.0
1781462246,20,GET,/api/products/{id} [GET],6.200000,0.000000,2,2,3,3,4,10,13,13,13,13,13,5943,0,2,6.577759910489203,0.7898949997979798,501.92681399948924,39.0
1781462246,20,,Aggregated,20.000000,0.000000,2,3,4,6,15,22,33,90,91,91,91,19741,0,3,17.781791974775057,0.7898949997979798,2511.467815999822,94.62474038802492
1781462247,20,GET,/api/load/mixed [GET],3.100000,0.000000,16,22,25,26,86,90,91,91,91,91,91,3912,0,22,63.051388033747955,12.42441499925917,2511.467815999822,115.0
1781462247,20,GET,/api/products [GET],10.200000,0.000000,2,2,3,3,4,13,15,20,24,24,24,9901,0,2,6.603010265021276,0.791574999311706,497.9289789998802,120.0
1781462247,20,GET,/api/products/{id} [GET],6.700000,0.000000,2,3,3,3,5,14,14,21,21,21,21,5948,0,2,6.581187532286063,0.7898949997979798,501.92681399948924,39.0
1781462247,20,,Aggregated,20.000000,0.000000,2,3,4,13,15,23,33,90,91,91,91,19761,0,3,17.771283743941886,0.7898949997979798,2511.467815999822,94.62942158797631
1781462248,20,GET,/api/load/mixed [GET],3.200000,0.000000,16,23,25,26,33,90,91,91,91,91,91,3919,0,22,62.9740476639504,12.42441499925917,2511.467815999822,115.0
1781462248,20,GET,/api/products [GET],10.300000,0.000000,2,2,3,3,4,12,13,20,24,24,24,9910,0,2,6.600049134306176,0.791574999311706,497.9289789998802,120.0
1781462248,20,GET,/api/products/{id} [GET],6.500000,0.000000,2,3,3,3,8,14,14,21,21,21,21,5952,0,2,6.57996016885714,0.7898949997979798,501.92681399948924,39.0
1781462248,20,,Aggregated,20.000000,0.000000,2,3,6,13,17,25,33,90,91,91,91,19781,0,3,17.762787656894698,0.7898949997979798,2511.467815999822,94.63692432131843
1781462249,20,GET,/api/load/mixed [GET],3.100000,0.000000,16,23,25,26,33,90,91,91,91,91,91,3923,0,22,62.92425758782071,12.42441499925917,2511.467815999822,115.0
1781462249,20,GET,/api/products [GET],10.600000,0.000000,2,2,3,3,5,12,20,24,24,24,24,9920,0,2,6.595572255743458,0.791574999311706,497.9289789998802,120.0
1781462249,20,GET,/api/products/{id} [GET],6.300000,0.000000,2,3,3,4,8,14,14,21,21,21,21,5958,0,2,6.575688142671551,0.7898949997979798,501.92681399948924,39.0
1781462249,20,,Aggregated,20.000000,0.000000,2,4,8,13,17,25,33,90,91,91,91,19801,0,3,17.74950200737505,0.7898949997979798,2511.467815999822,94.63698803090753
1781462250,20,GET,/api/load/mixed [GET],3.300000,0.000000,17,24,26,29,83,90,91,91,91,91,91,3927,0,22,62.91166572524068,12.42441499925917,2511.467815999822,115.0
1781462250,20,GET,/api/products [GET],11.000000,0.000000,2,2,3,3,4,9,13,20,20,20,20,9930,0,2,6.591514194760776,0.791574999311706,497.9289789998802,120.0
1781462250,20,GET,/api/products/{id} [GET],5.700000,0.000000,2,3,3,4,8,14,14,21,21,21,21,5964,0,2,6.572878030690407,0.7898949997979798,501.92681399948924,39.0
1781462250,20,,Aggregated,20.000000,0.000000,2,3,6,13,17,25,31,83,90,90,90,19821,0,3,17.744235499320553,0.7898949997979798,2511.467815999822,94.63705161192675
1781462251,20,GET,/api/load/mixed [GET],3.600000,0.000000,17,24,25,28,49,83,90,90,90,90,90,3932,0,22,62.866603952192236,12.42441499925917,2511.467815999822,115.0
1781462251,20,GET,/api/products [GET],10.700000,0.000000,2,2,3,3,5,9,13,20,20,20,20,9940,0,2,6.587456243256801,0.791574999311706,497.9289789998802,120.0
1781462251,20,GET,/api/products/{id} [GET],5.700000,0.000000,2,3,4,4,9,14,14,21,21,21,21,5969,0,2,6.5718146642714315,0.7898949997979798,501.92681399948924,39.0
1781462251,20,,Aggregated,20.000000,0.000000,2,4,11,13,18,25,49,83,90,90,90,19841,0,3,17.735898570083616,0.7898949997979798,2511.467815999822,94.64094551685903
1781462252,20,GET,/api/load/mixed [GET],3.800000,0.000000,20,25,29,41,83,92,100,100,100,100,100,3939,0,22,62.86052007489704,12.42441499925917,2511.467815999822,115.0
1781462252,20,GET,/api/products [GET],10.100000,0.000000,2,2,3,4,9,13,28,93,93,93,93,9953,0,2,6.597173655879905,0.791574999311706,497.9289789998802,120.0
1781462252,20,GET,/api/products/{id} [GET],6.100000,0.000000,2,3,4,4,11,14,21,21,21,21,21,5969,0,2,6.5718146642714315,0.7898949997979798,501.92681399948924,39.0
1781462252,20,,Aggregated,20.000000,0.000000,3,5,13,14,25,41,92,94,100,100,100,19861,0,3,17.74817077201696,0.7898949997979798,2511.467815999822,94.66471980262827
1781462253,20,GET,/api/load/mixed [GET],3.600000,0.000000,22,25,31,49,84,92,100,100,100,100,100,3941,0,22,62.8555250261404,12.42441499925917,2511.467815999822,115.0
1781462253,20,GET,/api/products [GET],10.600000,0.000000,2,3,3,4,9,13,28,93,93,93,93,9966,0,2,6.591476303328497,0.791574999311706,497.9289789998802,120.0
1781462253,20,GET,/api/products/{id} [GET],5.800000,0.000000,2,4,4,5,14,14,64,64,64,64,64,5974,0,2,6.580052847846565,0.7898949997979798,501.92681399948924,39.0
1781462253,20,,Aggregated,20.000000,0.000000,3,6,13,14,25,64,92,94,100,100,100,19881,0,3,17.74123598813073,0.7898949997979798,2511.467815999822,94.66933252854484
1781462254,20,GET,/api/load/mixed [GET],4.000000,0.000000,21,26,31,49,84,92,100,100,100,100,100,3944,0,22,62.83640605147567,12.42441499925917,2511.467815999822,115.0
1781462254,20,GET,/api/products [GET],10.600000,0.000000,2,2,3,4,8,13,22,28,93,93,93,9977,0,2,6.587501030768116,0.791574999311706,497.9289789998802,120.0
1781462254,20,GET,/api/products/{id} [GET],5.300000,0.000000,3,4,7,9,14,14,64,64,64,64,64,5980,0,2,6.578515649838524,0.7898949997979798,501.92681399948924,39.0
1781462254,20,,Aggregated,19.900000,0.000000,3,7,13,14,25,64,92,94,100,100,100,19901,0,3,17.732265053868066,0.7898949997979798,2511.467815999822,94.66961459223154
1781462255,20,GET,/api/load/mixed [GET],4.300000,0.000000,22,29,75,83,94,100,120,120,120,120,120,3946,0,22,62.86061081399396,12.42441499925917,2511.467815999822,115.0
1781462255,20,GET,/api/products [GET],10.600000,0.000000,2,2,3,4,9,13,58,88,93,93,93,9988,0,2,6.596634418599686,0.791574999311706,497.9289789998802,120.0
1781462255,20,GET,/api/products/{id} [GET],5.100000,0.000000,4,5,8,9,14,21,64,64,64,64,64,5987,0,2,6.58506719526234,0.7898949997979798,501.92681399948924,39.0
1781462255,20,,Aggregated,20.000000,0.000000,3,7,13,14,28,83,94,100,120,120,120,19921,0,3,17.73806295582701,0.7898949997979798,2511.467815999822,94.66608102002911
1781462256,20,GET,/api/load/mixed [GET],4.300000,0.000000,23,41,77,84,100,120,190,190,190,190,190,3950,0,22,62.861494190384704,12.42441499925917,2511.467815999822,115.0
1781462256,20,GET,/api/products [GET],10.600000,0.000000,2,3,3,4,7,13,58,88,93,93,93,9996,0,2,6.593631087132174,0.791574999311706,497.9289789998802,120.0
1781462256,20,GET,/api/products/{id} [GET],5.100000,0.000000,3,4,6,8,13,30,64,64,64,64,64,5995,0,2,6.584307959972684,0.7898949997979798,501.92681399948924,39.0
1781462256,20,,Aggregated,20.000000,0.000000,3,5,13,14,30,84,100,120,190,190,190,19941,0,3,17.736611234092035,0.7898949997979798,2511.467815999822,94.65799107366732
1781462257,20,GET,/api/load/mixed [GET],4.200000,0.000000,23,41,77,84,100,120,190,190,190,190,190,3954,0,22,62.82823102833074,12.42441499925917,2511.467815999822,115.0
1781462257,20,GET,/api/products [GET],10.900000,0.000000,2,3,3,4,7,22,88,93,93,93,93,10004,0,2,6.590169469409606,0.791574999311706,497.9289789998802,120.0
1781462257,20,GET,/api/products/{id} [GET],4.800000,0.000000,3,4,6,7,13,30,59,64,64,64,64,6003,0,2,6.584198123277872,0.7898949997979798,501.92681399948924,39.0
1781462257,20,,Aggregated,19.900000,0.000000,3,5,13,14,41,84,100,120,190,190,190,19961,0,3,17.728361414359533,0.7898949997979798,2511.467815999822,94.64991733881068
1781462258,20,GET,/api/load/mixed [GET],4.000000,0.000000,39,75,86,92,100,130,190,190,190,190,190,3958,0,22,62.84234390728135,12.42441499925917,2511.467815999822,115.0
1781462258,20,GET,/api/products [GET],10.800000,0.000000,2,3,3,4,7,22,88,93,93,93,93,10011,0,2,6.587263399657735,0.791574999311706,497.9289789998802,120.0
1781462258,20,GET,/api/products/{id} [GET],5.000000,0.000000,3,5,8,11,14,30,59,64,64,64,64,6012,0,2,6.5844940327741694,0.7898949997979798,501.92681399948924,39.0
1781462258,20,,Aggregated,19.800000,0.000000,3,6,13,16,49,88,100,130,190,190,190,19981,0,3,17.729896862220688,0.7898949997979798,2511.467815999822,94.63780591561984
1781462259,20,GET,/api/load/mixed [GET],4.100000,0.000000,41,86,100,110,190,220,240,240,240,240,240,3965,0,22,62.96806646835312,12.42441499925917,2511.467815999822,115.0
1781462259,20,GET,/api/products [GET],10.600000,0.000000,2,3,3,4,9,58,93,99,99,99,99,10020,0,2,6.6023210336300835,0.791574999311706,497.9289789998802,120.0
1781462259,20,GET,/api/products/{id} [GET],5.200000,0.000000,3,5,7,11,14,30,59,64,64,64,64,6016,0,2,6.581426536907968,0.7898949997979798,501.92681399948924,39.0
1781462259,20,,Aggregated,19.900000,0.000000,3,7,14,22,84,100,190,220,240,240,240,20001,0,3,17.76998661817068,0.7898949997979798,2511.467815999822,94.64521773911305
1781462260,20,GET,/api/load/mixed [GET],4.000000,0.000000,39,91,100,110,190,220,240,240,240,240,240,3970,0,22,62.935948840559625,12.42441499925917,2511.467815999822,115.0
1781462260,20,GET,/api/products [GET],10.100000,0.000000,2,3,4,5,11,58,93,99,99,99,99,10031,0,2,6.59915043714196,0.791574999311706,497.9289789998802,120.0
1781462260,20,GET,/api/products/{id} [GET],5.700000,0.000000,3,5,7,8,13,30,59,64,64,64,64,6020,0,2,6.579130484059748,0.7898949997979798,501.92681399948924,39.0
1781462260,20,,Aggregated,19.800000,0.000000,3,7,14,23,86,100,190,220,240,240,240,20021,0,3,17.764255553969942,0.7898949997979798,2511.467815999822,94.65311423005843
1781462261,20,GET,/api/load/mixed [GET],3.700000,0.000000,41,94,100,110,130,190,240,240,240,240,240,3977,0,22,62.953742035208364,12.42441499925917,2511.467815999822,115.0
1781462261,20,GET,/api/products [GET],9.800000,0.000000,2,3,3,4,11,26,91,99,99,99,99,10038,0,2,6.600307615856656,0.791574999311706,497.9289789998802,120.0
1781462261,20,GET,/api/products/{id} [GET],5.900000,0.000000,3,5,6,8,13,30,59,64,64,64,64,6026,0,2,6.5745076007370225,0.7898949997979798,501.92681399948924,39.0
1781462261,20,,Aggregated,19.400000,0.000000,3,8,14,23,91,100,190,220,240,240,240,20041,0,3,17.77550535023372,0.7898949997979798,2511.467815999822,94.65241255426376
1781462262,20,GET,/api/load/mixed [GET],4.300000,0.000000,39,92,100,110,190,220,240,240,240,240,240,3980,0,22,62.917398424880325,12.42441499925917,2511.467815999822,115.0
1781462262,20,GET,/api/products [GET],10.100000,0.000000,2,3,4,4,11,26,91,99,99,99,99,10046,0,2,6.596616739893245,0.791574999311706,497.9289789998802,120.0
1781462262,20,GET,/api/products/{id} [GET],5.600000,0.000000,2,4,5,7,11,16,30,59,59,59,59,6035,0,2,6.567160938532237,0.7898949997979798,501.92681399948924,39.0
1781462262,20,,Aggregated,20.000000,0.000000,3,6,14,18,86,100,190,220,240,240,240,20061,0,3,17.761511079409466,0.7898949997979798,2511.467815999822,94.64059618164598
1781462263,20,GET,/api/load/mixed [GET],4.300000,0.000000,39,92,100,110,130,190,240,240,240,240,240,3983,0,22,62.88193980517808,12.42441499925917,2511.467815999822,115.0
1781462263,20,GET,/api/products [GET],9.800000,0.000000,2,3,3,4,7,26,91,99,99,99,99,10059,0,2,6.590495876028344,0.791574999311706,497.9289789998802,120.0
1781462263,20,GET,/api/products/{id} [GET],5.600000,0.000000,2,3,5,5,11,26,30,59,59,59,59,6039,0,2,6.563969906613987,0.7898949997979798,501.92681399948924,39.0
1781462263,20,,Aggregated,19.700000,0.000000,3,5,14,18,86,100,190,220,240,240,240,20081,0,3,17.74774057701485,0.7898949997979798,2511.467815999822,94.64897166475774
1781462264,20,GET,/api/load/mixed [GET],4.400000,0.000000,33,91,97,110,130,190,240,240,240,240,240,3986,0,22,62.84517812695051,12.42441499925917,2511.467815999822,115.0
1781462264,20,GET,/api/products [GET],9.500000,0.000000,2,3,3,4,6,11,91,99,99,99,99,10070,0,2,6.585611348358157,0.791574999311706,497.9289789998802,120.0
1781462264,20,GET,/api/products/{id} [GET],6.200000,0.000000,2,2,4,5,11,26,30,59,59,59,59,6045,0,2,6.559595506541167,0.7898949997979798,501.92681399948924,39.0
1781462264,20,,Aggregated,20.100000,0.000000,2,5,14,15,44,100,190,220,240,240,240,20101,0,3,17.733980455153112,0.7898949997979798,2511.467815999822,94.64927118053828
1781462265,20,GET,/api/load/mixed [GET],4.200000,0.000000,33,85,94,100,130,190,240,240,240,240,240,3992,0,22,62.808953075907986,12.42441499925917,2511.467815999822,115.0
1781462265,20,GET,/api/products [GET],9.300000,0.000000,2,3,3,4,7,14,91,99,99,99,99,10081,0,2,6.583497635647998,0.791574999311706,497.9289789998802,120.0
1781462265,20,GET,/api/products/{id} [GET],6.500000,0.000000,2,2,3,4,11,16,26,30,30,30,30,6048,0,2,6.5580226802319554,0.7898949997979798,501.92681399948924,39.0
1781462265,20,,Aggregated,20.000000,0.000000,3,6,14,15,44,99,190,220,240,240,240,20121,0,3,17.730952811194022,0.7898949997979798,2511.467815999822,94.66090154564883
1781462266,20,GET,/api/load/mixed [GET],4.300000,0.000000,29,85,94,97,120,190,240,240,240,240,240,3996,0,22,62.78938150200817,12.42441499925917,2511.467815999822,115.0
1781462266,20,GET,/api/products [GET],9.300000,0.000000,2,3,4,4,11,20,91,99,99,99,99,10093,0,2,6.583243035665185,0.791574999311706,497.9289789998802,120.0
1781462266,20,GET,/api/products/{id} [GET],6.400000,0.000000,2,2,3,4,7,11,16,20,20,20,20,6052,0,2,6.558628820727615,0.7898949997979798,501.92681399948924,39.0
1781462266,20,,Aggregated,20.000000,0.000000,2,6,14,15,44,97,130,220,240,240,240,20141,0,3,17.727216228788873,0.7898949997979798,2511.467815999822,94.66898366516062
1781462267,20,GET,/api/load/mixed [GET],4.500000,0.000000,27,90,94,97,120,190,240,240,240,240,240,3997,0,22,62.778166085320116,12.42441499925917,2511.467815999822,115.0
1781462267,20,GET,/api/products [GET],9.400000,0.000000,2,3,3,4,11,20,91,99,99,99,99,10106,0,2,6.57721698050348,0.791574999311706,497.9289789998802,120.0
1781462267,20,GET,/api/products/{id} [GET],6.200000,0.000000,2,2,2,3,5,6,20,20,20,20,20,6058,0,2,6.554256991093239,0.7898949997979798,501.92681399948924,39.0
1781462267,20,,Aggregated,20.100000,0.000000,2,5,13,14,39,97,130,220,240,240,240,20161,0,3,17.71238398393112,0.7898949997979798,2511.467815999822,94.6697584445216
1781462268,20,GET,/api/load/mixed [GET],4.800000,0.000000,27,39,91,94,110,190,240,240,240,240,240,4001,0,22,62.73728204674428,12.42441499925917,2511.467815999822,115.0
1781462268,20,GET,/api/products [GET],9.500000,0.000000,2,3,3,4,9,14,27,91,99,99,99,10117,0,2,6.572487589598614,0.791574999311706,497.9289789998802,120.0
1781462268,20,GET,/api/products/{id} [GET],5.900000,0.000000,2,2,2,3,5,6,20,20,20,20,20,6063,0,2,6.550398339278088,0.7898949997979798,501.92681399948924,39.0
1781462268,20,,Aggregated,20.200000,0.000000,2,5,13,14,27,94,120,220,240,240,240,20181,0,3,17.700846714436146,0.7898949997979798,2511.467815999822,94.67380209107577
1781462269,20,GET,/api/load/mixed [GET],4.400000,0.000000,21,27,63,85,94,100,110,110,110,110,110,4001,0,22,62.73728204674428,12.42441499925917,2511.467815999822,115.0
1781462269,20,GET,/api/products [GET],10.000000,0.000000,2,2,3,3,6,14,26,27,27,27,27,10127,0,2,6.568471630489794,0.791574999311706,497.9289789998802,120.0
1781462269,20,GET,/api/products/{id} [GET],5.700000,0.000000,2,2,2,2,5,7,9,20,20,20,20,6073,0,2,6.543843989468405,0.7898949997979798,501.92681399948924,39.0
1781462269,20,,Aggregated,20.100000,0.000000,2,3,5,13,20,29,94,100,110,110,110,20201,0,3,17.68583447448321,0.7898949997979798,2511.467815999822,94.65877926835306
1781462270,20,GET,/api/load/mixed [GET],4.300000,0.000000,21,29,87,90,110,190,200,200,200,200,200,4009,0,22,62.78262754976869,12.42441499925917,2511.467815999822,115.0
1781462270,20,GET,/api/products [GET],10.600000,0.000000,2,2,3,3,6,11,20,27,27,27,27,10134,0,2,6.5668385286135456,0.791574999311706,497.9289789998802,120.0
1781462270,20,GET,/api/products/{id} [GET],5.300000,0.000000,2,2,2,2,5,9,9,20,20,20,20,6078,0,2,6.540927587535555,0.7898949997979798,501.92681399948924,39.0
1781462270,20,,Aggregated,20.200000,0.000000,2,3,7,13,21,63,110,190,200,200,200,20221,0,3,17.704349605510764,0.7898949997979798,2511.467815999822,94.6618367044162
1781462271,20,GET,/api/load/mixed [GET],4.200000,0.000000,19,27,30,37,94,190,200,200,200,200,200,4015,0,22,62.71623415741528,12.42441499925917,2511.467815999822,115.0
1781462271,20,GET,/api/products [GET],11.100000,0.000000,2,2,3,3,6,11,20,27,27,27,27,10143,0,2,6.563291764366722,0.791574999311706,497.9289789998802,120.0
1781462271,20,GET,/api/products/{id} [GET],5.300000,0.000000,2,2,2,2,5,9,9,20,20,20,20,6084,0,2,6.536145205463808,0.7898949997979798,501.92681399948924,39.0
1781462271,20,,Aggregated,20.600000,0.000000,2,3,8,13,21,30,94,190,200,200,200,20242,0,3,17.693066689953344,0.7898949997979798,2511.467815999822,94.66263215097322
1781462272,20,GET,/api/load/mixed [GET],3.600000,0.000000,21,27,32,63,94,190,200,200,200,200,200,4020,0,22,62.67857020124913,12.42441499925917,2511.467815999822,115.0
1781462272,20,GET,/api/products [GET],10.400000,0.000000,2,3,3,4,7,11,20,27,27,27,27,10151,0,2,6.5610438014945665,0.791574999311706,497.9289789998802,120.0
1781462272,20,GET,/api/products/{id} [GET],5.700000,0.000000,2,2,2,3,5,9,9,20,20,20,20,6090,0,2,6.531786507888584,0.7898949997979798,501.92681399948924,39.0
1781462272,20,,Aggregated,19.700000,0.000000,2,4,9,13,23,32,94,190,200,200,200,20261,0,3,17.686569649624108,0.7898949997979798,2511.467815999822,94.661171709195
1781462273,20,GET,/api/load/mixed [GET],4.000000,0.000000,24,32,63,94,200,200,210,210,210,210,210,4030,0,22,62.75744163499289,12.42441499925917,2511.467815999822,115.0
1781462273,20,GET,/api/products [GET],10.500000,0.000000,2,3,3,5,8,12,27,86,86,86,86,10159,0,2,6.566690689533611,0.791574999311706,497.9289789998802,120.0
1781462273,20,GET,/api/products/{id} [GET],5.800000,0.000000,2,2,2,3,6,9,20,20,20,20,20,6093,0,2,6.529776121293604,0.7898949997979798,501.92681399948924,39.0
1781462273,20,,Aggregated,20.300000,0.000000,2,6,13,14,29,90,200,200,210,210,210,20282,0,3,17.720610709547124,0.7898949997979798,2511.467815999822,94.6729612464254
1781462274,20,GET,/api/load/mixed [GET],4.100000,0.000000,21,32,41,94,200,200,210,210,210,210,210,4031,0,22,62.74525546812729,12.42441499925917,2511.467815999822,115.0
1781462274,20,GET,/api/products [GET],10.300000,0.000000,2,3,3,3,6,11,27,86,86,86,86,10168,0,2,6.562905137782574,0.791574999311706,497.9289789998802,120.0
1781462274,20,GET,/api/products/{id} [GET],5.600000,0.000000,2,2,2,2,5,9,9,20,20,20,20,6103,0,2,6.522022542854748,0.7898949997979798,501.92681399948924,39.0
1781462274,20,,Aggregated,20.000000,0.000000,2,4,11,14,27,87,200,200,210,210,210,20302,0,3,17.705725929072816,0.7898949997979798,2511.467815999822,94.65776770761501
1781462275,20,GET,/api/load/mixed [GET],4.200000,0.000000,21,30,41,94,200,200,210,210,210,210,210,4035,0,22,62.70502932193839,12.42441499925917,2511.467815999822,115.0
1781462275,20,GET,/api/products [GET],10.100000,0.000000,2,3,3,3,5,8,11,86,86,86,86,10175,0,2,6.560205704960471,0.791574999311706,497.9289789998802,120.0
1781462275,20,GET,/api/products/{id} [GET],5.300000,0.000000,2,2,2,2,5,10,12,12,12,12,12,6112,0,2,6.5210675495813915,0.7898949997979798,501.92681399948924,39.0
1781462275,20,,Aggregated,19.600000,0.000000,2,3,9,13,26,86,200,200,210,210,210,20322,0,3,17.696174157318918,0.7898949997979798,2511.467815999822,94.64585178624151
1781462276,20,GET,/api/load/mixed [GET],4.600000,0.000000,16,27,41,87,200,200,210,210,210,210,210,4040,0,22,62.644783590104375,12.42441499925917,2511.467815999822,115.0
1781462276,20,GET,/api/products [GET],9.900000,0.000000,2,3,3,3,5,8,11,86,86,86,86,10185,0,2,6.5555238456527425,0.791574999311706,497.9289789998802,120.0
1781462276,20,GET,/api/products/{id} [GET],5.500000,0.000000,2,2,2,3,5,10,12,12,12,12,12,6117,0,2,6.517644291980019,0.7898949997979798,501.92681399948924,39.0
1781462276,20,,Aggregated,20.000000,0.000000,2,4,11,13,26,86,200,200,210,210,210,20342,0,3,17.683677426311867,0.7898949997979798,2511.467815999822,94.64964113656474
1781462277,20,GET,/api/load/mixed [GET],4.400000,0.000000,15,26,41,87,200,200,210,210,210,210,210,4042,0,22,62.62049493741265,12.42441499925917,2511.467815999822,115.0
1781462277,20,GET,/api/products [GET],9.500000,0.000000,2,2,3,4,6,9,11,86,86,86,86,10194,0,2,6.5516717142411185,0.791574999311706,497.9289789998802,120.0
1781462277,20,GET,/api/products/{id} [GET],6.100000,0.000000,2,2,3,3,5,10,12,12,12,12,12,6126,0,2,6.5114381147634495,0.7898949997979798,501.92681399948924,39.0
1781462277,20,,Aggregated,20.000000,0.000000,2,4,11,13,21,86,200,200,210,210,210,20362,0,3,17.669622428201368,0.7898949997979798,2511.467815999822,94.63824771633435
1781462278,20,GET,/api/load/mixed [GET],4.100000,0.000000,16,32,87,94,200,200,210,210,210,210,210,4045,0,22,62.623040650685105,12.42441499925917,2511.467815999822,115.0
1781462278,20,GET,/api/products [GET],9.300000,0.000000,2,3,3,4,8,11,13,86,86,86,86,10207,0,2,6.549027762513489,0.791574999311706,497.9289789998802,120.0
1781462278,20,GET,/api/products/{id} [GET],6.600000,0.000000,2,2,3,3,5,11,12,12,12,12,12,6130,0,2,6.509605173253033,0.7898949997979798,501.92681399948924,39.0
1781462278,20,,Aggregated,20.000000,0.000000,2,5,13,13,26,90,200,200,210,210,210,20382,0,3,17.665587553529438,0.7898949997979798,2511.467815999822,94.64650181532726
1781462279,20,GET,/api/load/mixed [GET],4.300000,0.000000,15,26,41,90,200,200,210,210,210,210,210,4053,0,22,62.5332002117002,12.42441499925917,2511.467815999822,115.0
1781462279,20,GET,/api/products [GET],9.000000,0.000000,2,3,3,4,7,11,13,86,86,86,86,10214,0,2,6.546942730955139,0.791574999311706,497.9289789998802,120.0
1781462279,20,GET,/api/products/{id} [GET],6.700000,0.000000,2,2,3,3,6,11,12,12,12,12,12,6135,0,2,6.5068562722152725,0.7898949997979798,501.92681399948924,39.0
1781462279,20,,Aggregated,20.000000,0.000000,3,6,13,14,23,90,200,200,210,210,210,20402,0,3,17.65695013930188,0.7898949997979798,2511.467815999822,94.64954416233702
1781462280,20,GET,/api/load/mixed [GET],4.500000,0.000000,15,23,30,41,95,200,210,210,210,210,210,4056,0,22,62.504384740636226,12.42441499925917,2511.467815999822,115.0
1781462280,20,GET,/api/products [GET],8.700000,0.000000,2,3,3,4,8,11,13,86,86,86,86,10222,0,2,6.544661310015163,0.791574999311706,497.9289789998802,120.0
1781462280,20,GET,/api/products/{id} [GET],6.800000,0.000000,2,2,3,3,5,11,12,12,12,12,12,6144,0,2,6.500747992845242,0.7898949997979798,501.92681399948924,39.0
1781462280,20,,Aggregated,20.000000,0.000000,3,5,12,13,16,41,200,200,210,210,210,20422,0,3,17.64557379723026,0.7898949997979798,2511.467815999822,94.63793947703456
1781462281,20,GET,/api/load/mixed [GET],4.700000,0.000000,15,24,30,32,95,200,210,210,210,210,210,4062,0,22,62.43983292910423,12.42441499925917,2511.467815999822,115.0
1781462281,20,GET,/api/products [GET],8.800000,0.000000,2,3,3,3,7,11,13,86,86,86,86,10235,0,2,6.539102596870937,0.791574999311706,497.9289789998802,120.0
1781462281,20,GET,/api/products/{id} [GET],6.500000,0.000000,2,3,3,3,6,11,12,12,12,12,12,6145,0,2,6.500236121406263,0.7898949997979798,501.92681399948924,39.0
1781462281,20,,Aggregated,20.000000,0.000000,3,4,12,13,16,32,200,200,210,210,210,20442,0,3,17.635371656542247,0.7898949997979798,2511.467815999822,94.6573231582037
1781462282,20,GET,/api/load/mixed [GET],5.100000,0.000000,15,24,26,30,95,200,210,210,210,210,210,4067,0,22,62.385965077458074,12.42441499925917,2511.467815999822,115.0
1781462282,20,GET,/api/products [GET],8.700000,0.000000,2,3,3,4,6,8,13,86,86,86,86,10245,0,2,6.53584292669338,0.791574999311706,497.9289789998802,120.0
1781462282,20,GET,/api/products/{id} [GET],6.500000,0.000000,2,3,3,3,6,11,12,12,12,12,12,6150,0,2,6.496380098543171,0.7898949997979798,501.92681399948924,39.0
1781462282,20,,Aggregated,20.300000,0.000000,3,4,12,13,16,30,200,200,210,210,210,20462,0,3,17.624678348159318,0.7898949997979798,2511.467815999822,94.66107907340437
1781462283,20,GET,/api/load/mixed [GET],4.600000,0.000000,16,24,26,27,90,95,97,97,97,97,97,4071,0,22,62.380771249329996,12.42441499925917,2511.467815999822,115.0
1781462283,20,GET,/api/products [GET],9.000000,0.000000,2,3,3,4,7,10,13,13,13,13,13,10252,0,2,6.534445106903315,0.791574999311706,497.9289789998802,120.0
1781462283,20,GET,/api/products/{id} [GET],6.400000,0.000000,2,3,3,4,9,11,12,12,12,12,12,6159,0,2,6.492581679500074,0.7898949997979798,501.92681399948924,39.0
1781462283,20,,Aggregated,20.000000,0.000000,3,4,11,13,16,26,90,95,97,97,97,20482,0,3,17.621866104679032,0.7898949997979798,2511.467815999822,94.64925300263646
1781462284,20,GET,/api/load/mixed [GET],4.600000,0.000000,15,19,26,26,90,95,97,97,97,97,97,4073,0,22,62.35707380923689,12.42441499925917,2511.467815999822,115.0
1781462284,20,GET,/api/products [GET],9.400000,0.000000,2,2,3,4,6,10,13,13,13,13,13,10261,0,2,6.530243742225353,0.791574999311706,497.9289789998802,120.0
1781462284,20,GET,/api/products/{id} [GET],6.000000,0.000000,2,2,3,3,4,9,11,12,12,12,12,6168,0,2,6.485419448125898,0.7898949997979798,501.92681399948924,39.0
1781462284,20,,Aggregated,20.000000,0.000000,2,4,9,13,15,26,90,95,97,97,97,20502,0,3,17.607514380062266,0.7898949997979798,2511.467815999822,94.63793776216954
1781462285,20,GET,/api/load/mixed [GET],4.500000,0.000000,15,24,26,27,90,95,97,97,97,97,97,4076,0,22,62.32872589303763,12.42441499925917,2511.467815999822,115.0
1781462285,20,GET,/api/products [GET],9.300000,0.000000,2,2,3,4,6,10,13,13,13,13,13,10272,0,2,6.525631225270138,0.791574999311706,497.9289789998802,120.0
1781462285,20,GET,/api/products/{id} [GET],6.500000,0.000000,2,2,3,3,4,9,11,12,12,12,12,6174,0,2,6.481263487048922,0.7898949997979798,501.92681399948924,39.0
1781462285,20,,Aggregated,20.300000,0.000000,2,4,9,13,16,26,90,95,97,97,97,20522,0,3,17.595677392799736,0.7898949997979798,2511.467815999822,94.63824188675568
1781462286,20,GET,/api/load/mixed [GET],4.100000,0.000000,16,25,26,27,90,95,97,97,97,97,97,4078,0,22,62.3059724360033,12.42441499925917,2511.467815999822,115.0
1781462286,20,GET,/api/products [GET],9.300000,0.000000,2,2,4,4,6,10,13,13,13,13,13,10284,0,2,6.52091853500337,0.791574999311706,497.9289789998802,120.0
1781462286,20,GET,/api/products/{id} [GET],6.600000,0.000000,2,2,3,3,4,9,11,12,12,12,12,6180,0,2,6.4768490516244155,0.7898949997979798,501.92681399948924,39.0
1781462286,20,,Aggregated,20.000000,0.000000,2,4,8,13,16,26,90,95,97,97,97,20542,0,3,17.582115127399227,0.7898949997979798,2511.467815999822,94.63878882289943
1781462287,20,GET,/api/load/mixed [GET],4.100000,0.000000,16,26,30,30,90,92,97,97,97,97,97,4084,0,22,62.311398017389955,12.42441499925917,2511.467815999822,115.0
1781462287,20,GET,/api/products [GET],9.500000,0.000000,2,2,3,4,6,8,13,24,24,24,24,10294,0,2,6.518471748491722,0.791574999311706,497.9289789998802,120.0
1781462287,20,GET,/api/products/{id} [GET],6.400000,0.000000,2,2,3,3,4,7,9,12,12,12,12,6184,0,2,6.47511441333104,0.7898949997979798,501.92681399948924,39.0
1781462287,20,,Aggregated,20.000000,0.000000,2,4,8,13,23,30,90,92,97,97,97,20562,0,3,17.58695677531531,0.7898949997979798,2511.467815999822,94.64624063807022
1781462288,20,GET,/api/load/mixed [GET],4.100000,0.000000,21,26,30,30,90,92,97,97,97,97,97,4087,0,22,62.28096691779308,12.42441499925917,2511.467815999822,115.0
1781462288,20,GET,/api/products [GET],9.800000,0.000000,2,2,4,4,6,9,13,24,24,24,24,10304,0,2,6.516301939147585,0.791574999311706,497.9289789998802,120.0
1781462288,20,GET,/api/products/{id} [GET],6.100000,0.000000,2,2,3,3,4,9,9,12,12,12,12,6191,0,2,6.470951670818856,0.7898949997979798,501.92681399948924,39.0
1781462288,20,,Aggregated,20.000000,0.000000,2,4,9,13,23,30,90,92,97,97,97,20582,0,3,17.57593765270802,0.7898949997979798,2511.467815999822,94.64260033038578
1781462289,20,GET,/api/load/mixed [GET],4.300000,0.000000,24,27,30,52,90,92,97,97,97,97,97,4090,0,22,62.25723221198548,12.42441499925917,2511.467815999822,115.0
1781462289,20,GET,/api/products [GET],9.700000,0.000000,2,2,4,4,6,11,24,25,25,25,25,10318,0,2,6.513622903176743,0.791574999311706,497.9289789998802,120.0
1781462289,20,GET,/api/products/{id} [GET],6.000000,0.000000,2,2,3,3,4,9,9,12,12,12,12,6194,0,2,6.4690035741102605,0.7898949997979798,501.92681399948924,39.0
1781462289,20,,Aggregated,20.000000,0.000000,2,4,7,12,24,30,90,92,97,97,97,20602,0,3,17.566675516941903,0.7898949997979798,2511.467815999822,94.6546937190564
1781462290,20,GET,/api/load/mixed [GET],4.200000,0.000000,21,27,30,52,91,94,97,97,97,97,97,4096,0,22,62.21257249585463,12.42441499925917,2511.467815999822,115.0
1781462290,20,GET,/api/products [GET],9.800000,0.000000,2,2,3,4,6,11,24,25,25,25,25,10328,0,2,6.509687330168384,0.791574999311706,497.9289789998802,120.0
1781462290,20,GET,/api/products/{id} [GET],5.900000,0.000000,2,2,3,3,4,9,9,12,12,12,12,6198,0,2,6.465883392391033,0.7898949997979798,501.92681399948924,39.0
1781462290,20,,Aggregated,19.900000,0.000000,2,4,9,13,25,30,91,94,97,97,97,20622,0,3,17.560386623753235,0.7898949997979798,2511.467815999822,94.66210842789255
1781462291,20,GET,/api/load/mixed [GET],4.200000,0.000000,27,30,69,89,92,94,97,97,97,97,97,4099,0,22,62.21501792388896,12.42441499925917,2511.467815999822,115.0
1781462291,20,GET,/api/products [GET],9.900000,0.000000,2,2,3,4,6,11,24,25,25,25,25,10338,0,2,6.5054972943488485,0.791574999311706,497.9289789998802,120.0
1781462291,20,GET,/api/products/{id} [GET],5.900000,0.000000,2,2,2,3,4,9,10,12,12,12,12,6205,0,2,6.461855808225374,0.7898949997979798,501.92681399948924,39.0
1781462291,20,,Aggregated,20.000000,0.000000,2,4,7,12,25,52,92,94,97,97,97,20642,0,3,17.55493676916178,0.7898949997979798,2511.467815999822,94.65846332719698
1781462292,20,GET,/api/load/mixed [GET],3.800000,0.000000,24,28,52,80,92,94,97,97,97,97,97,4104,0,22,62.16141417081408,12.42441499925917,2511.467815999822,115.0
1781462292,20,GET,/api/products [GET],10.600000,0.000000,2,2,3,4,6,9,18,24,25,25,25,10349,0,2,6.502610460235489,0.791574999311706,497.9289789998802,120.0
1781462292,20,GET,/api/products/{id} [GET],5.600000,0.000000,2,2,2,3,4,7,9,10,10,10,10,6209,0,2,6.459487757133061,0.7898949997979798,501.92681399948924,39.0
1781462292,20,,Aggregated,20.000000,0.000000,2,3,6,13,24,36,92,94,97,97,97,20662,0,3,17.54490944216616,0.7898949997979798,2511.467815999822,94.66610202303745
1781462293,20,GET,/api/load/mixed [GET],3.900000,0.000000,24,27,36,69,90,92,94,94,94,94,94,4106,0,22,62.1380183531469,12.42441499925917,2511.467815999822,115.0
1781462293,20,GET,/api/products [GET],10.300000,0.000000,2,2,3,4,6,11,24,25,25,25,25,10358,0,2,6.498275804786488,0.791574999311706,497.9289789998802,120.0
1781462293,20,GET,/api/products/{id} [GET],5.800000,0.000000,2,2,2,3,4,7,9,10,10,10,10,6218,0,2,6.452390204252113,0.7898949997979798,501.92681399948924,39.0
1781462293,20,,Aggregated,20.000000,0.000000,2,3,6,12,24,30,90,92,94,94,94,20682,0,3,17.5306453164123,0.7898949997979798,2511.467815999822,94.6548689681849
1781462294,20,GET,/api/load/mixed [GET],3.600000,0.000000,21,27,52,80,92,120,190,190,190,190,190,4112,0,22,62.137321195530596,12.42441499925917,2511.467815999822,115.0
1781462294,20,GET,/api/products [GET],10.300000,0.000000,2,2,3,4,7,12,25,85,85,85,85,10366,0,2,6.503897377192691,0.791574999311706,497.9289789998802,120.0
1781462294,20,GET,/api/products/{id} [GET],6.100000,0.000000,2,2,2,3,5,8,9,10,10,10,10,6224,0,2,6.449229619865251,0.7898949997979798,501.92681399948924,39.0
1781462294,20,,Aggregated,20.000000,0.000000,2,4,9,13,24,69,92,120,190,190,190,20702,0,3,17.537825819826228,0.7898949997979798,2511.467815999822,94.65442952371751
1781462295,20,GET,/api/load/mixed [GET],3.600000,0.000000,21,27,52,80,92,120,190,190,190,190,190,4115,0,22,62.10306210498722,12.42441499925917,2511.467815999822,115.0
1781462295,20,GET,/api/products [GET],10.800000,0.000000,2,2,3,3,7,12,25,85,85,85,85,10376,0,2,6.499182959327322,0.791574999311706,497.9289789998802,120.0
1781462295,20,GET,/api/products/{id} [GET],5.700000,0.000000,2,2,2,3,5,8,9,10,10,10,10,6231,0,2,6.4441941603339705,0.7898949997979798,501.92681399948924,39.0
1781462295,20,,Aggregated,20.100000,0.000000,2,4,9,13,24,69,92,120,190,190,190,20722,0,3,17.52453415505471,0.7898949997979798,2511.467815999822,94.65080590676575
1781462296,20,GET,/api/load/mixed [GET],3.600000,0.000000,18,24,27,28,92,120,190,190,190,190,190,4117,0,22,62.08072114331368,12.42441499925917,2511.467815999822,115.0
1781462296,20,GET,/api/products [GET],10.500000,0.000000,2,2,3,3,6,10,18,25,85,85,85,10389,0,2,6.493336828181824,0.791574999311706,497.9289789998802,120.0
1781462296,20,GET,/api/products/{id} [GET],5.700000,0.000000,2,2,2,2,4,8,9,10,10,10,10,6236,0,2,6.440526279833347,0.7898949997979798,501.92681399948924,39.0
1781462296,20,,Aggregated,19.800000,0.000000,2,3,6,12,18,27,92,120,190,190,190,20742,0,3,17.510786189183502,0.7898949997979798,2511.467815999822,94.6552405746794
1781462297,20,GET,/api/load/mixed [GET],3.900000,0.000000,18,26,28,89,92,120,190,190,190,190,190,4120,0,22,62.082813328888875,12.42441499925917,2511.467815999822,115.0
1781462297,20,GET,/api/products [GET],10.300000,0.000000,2,2,3,3,5,10,18,25,85,85,85,10401,0,2,6.489930348810742,0.791574999311706,497.9289789998802,120.0
1781462297,20,GET,/api/products/{id} [GET],5.800000,0.000000,2,2,2,2,4,6,8,10,10,10,10,6241,0,2,6.4372102365069885,0.7898949997979798,501.92681399948924,39.0
1781462297,20,,Aggregated,20.000000,0.000000,2,3,5,12,18,28,92,120,190,190,190,20762,0,3,17.505904323236816,0.7898949997979798,2511.467815999822,94.65942587419323
1781462298,20,GET,/api/load/mixed [GET],3.800000,0.000000,16,22,26,89,92,120,190,190,190,190,190,4123,0,22,62.04869054426941,12.42441499925917,2511.467815999822,115.0
1781462298,20,GET,/api/products [GET],10.500000,0.000000,2,2,2,3,5,8,18,85,85,85,85,10412,0,2,6.484907078849434,0.791574999311706,497.9289789998802,120.0
1781462298,20,GET,/api/products/{id} [GET],5.700000,0.000000,2,2,2,2,3,6,8,10,10,10,10,6247,0,2,6.432731315357929,0.7898949997979798,501.92681399948924,39.0
1781462298,20,,Aggregated,20.000000,0.000000,2,3,5,10,16,26,92,120,190,190,190,20782,0,3,17.492680018575886,0.7898949997979798,2511.467815999822,94.65970551438745
1781462299,20,GET,/api/load/mixed [GET],3.600000,0.000000,16,18,24,26,91,120,190,190,190,190,190,4125,0,22,62.02690331952066,12.42441499925917,2511.467815999822,115.0
1781462299,20,GET,/api/products [GET],10.800000,0.000000,2,2,2,3,5,8,18,85,85,85,85,10424,0,2,6.479737220834624,0.791574999311706,497.9289789998802,120.0
1781462299,20,GET,/api/products/{id} [GET],5.600000,0.000000,2,2,2,2,3,6,8,10,10,10,10,6253,0,2,6.428465232214989,0.7898949997979798,501.92681399948924,39.0
1781462299,20,,Aggregated,20.000000,0.000000,2,3,4,8,16,22,91,120,190,190,190,20802,0,3,17.479230366313004,0.7898949997979798,2511.467815999822,94.66022497836747
1781462300,20,GET,/api/load/mixed [GET],3.500000,0.000000,16,18,25,33,91,120,190,190,190,190,190,4131,0,22,61.9902200624599,12.42441499925917,2511.467815999822,115.0
1781462300,20,GET,/api/products [GET],10.900000,0.000000,2,2,2,3,6,11,31,85,85,85,85,10433,0,2,6.4802194940076,0.791574999311706,497.9289789998802,120.0
1781462300,20,GET,/api/products/{id} [GET],5.700000,0.000000,2,2,2,2,3,5,6,8,8,8,8,6258,0,2,6.424494643502705,0.7898949997979798,501.92681399948924,39.0
1781462300,20,,Aggregated,20.100000,0.000000,2,3,5,11,16,26,91,120,190,190,190,20822,0,3,17.476429571512963,0.7898949997979798,2511.467815999822,94.66367303813274
1781462301,20,GET,/api/load/mixed [GET],3.400000,0.000000,16,18,25,33,91,120,190,190,190,190,190,4133,0,22,61.96667641568382,12.42441499925917,2511.467815999822,115.0
1781462301,20,GET,/api/products [GET],10.700000,0.000000,2,2,2,2,4,11,31,85,85,85,85,10441,0,2,6.476562393830099,0.791574999311706,497.9289789998802,120.0
1781462301,20,GET,/api/products/{id} [GET],5.900000,0.000000,2,2,2,2,3,4,5,8,8,8,8,6268,0,2,6.416865627638564,0.7898949997979798,501.92681399948924,39.0
1781462301,20,,Aggregated,20.000000,0.000000,2,2,3,10,16,25,91,120,190,190,190,20842,0,3,17.4623824649285,0.7898949997979798,2511.467815999822,94.64864216485942
1781462302,20,GET,/api/load/mixed [GET],3.500000,0.000000,16,18,22,33,91,120,190,190,190,190,190,4138,0,22,61.91088240575631,12.42441499925917,2511.467815999822,115.0
1781462302,20,GET,/api/products [GET],10.600000,0.000000,2,2,3,3,6,11,31,85,85,85,85,10450,0,2,6.474036750907085,0.791574999311706,497.9289789998802,120.0
1781462302,20,GET,/api/products/{id} [GET],5.900000,0.000000,2,2,2,2,3,5,8,8,8,8,8,6274,0,2,6.4137160342747634,0.7898949997979798,501.92681399948924,39.0
1781462302,20,,Aggregated,20.000000,0.000000,2,3,5,11,16,25,91,120,190,190,190,20862,0,3,17.451853601813756,0.7898949997979798,2511.467815999822,94.64845173041894
1781462303,20,GET,/api/load/mixed [GET],3.300000,0.000000,16,18,25,33,91,120,190,190,190,190,190,4140,0,22,61.88895923816899,12.42441499925917,2511.467815999822,115.0
1781462303,20,GET,/api/products [GET],10.600000,0.000000,2,2,2,3,4,8,11,11,31,31,31,10468,0,2,6.466093712263861,0.791574999311706,497.9289789998802,120.0
1781462303,20,GET,/api/products/{id} [GET],6.100000,0.000000,2,2,2,2,3,5,5,8,8,8,8,6275,0,2,6.413470185504423,0.7898949997979798,501.92681399948924,39.0
1781462303,20,,Aggregated,20.000000,0.000000,2,3,4,8,16,19,91,120,190,190,190,20883,0,3,17.437718988652875,0.7898949997979798,2511.467815999822,94.66958770291625
1781462304,20,GET,/api/load/mixed [GET],3.500000,0.000000,16,18,25,27,87,91,91,91,91,91,91,4145,0,22,61.852769905433014,12.42441499925917,2511.467815999822,115.0
1781462304,20,GET,/api/products [GET],10.200000,0.000000,2,2,3,3,5,8,11,11,31,31,31,10478,0,2,6.463130285453167,0.791574999311706,497.9289789998802,120.0
1781462304,20,GET,/api/products/{id} [GET],6.300000,0.000000,2,2,2,2,3,5,8,8,8,8,8,6280,0,2,6.409715008446145,0.7898949997979798,501.92681399948924,39.0
1781462304,20,,Aggregated,20.000000,0.000000,2,3,4,8,16,19,87,91,91,91,91,20903,0,3,17.430676010239686,0.7898949997979798,2511.467815999822,94.67325264316126
1781462305,20,GET,/api/load/mixed [GET],3.500000,0.000000,16,18,25,32,87,91,91,91,91,91,91,4151,0,22,61.791772714772904,12.42441499925917,2511.467815999822,115.0
1781462305,20,GET,/api/products [GET],10.300000,0.000000,2,2,3,4,8,10,11,11,31,31,31,10487,0,2,6.461555018020234,0.791574999311706,497.9289789998802,120.0
1781462305,20,GET,/api/products/{id} [GET],6.200000,0.000000,2,2,2,2,3,5,5,8,8,8,8,6285,0,2,6.406419758479291,0.7898949997979798,501.92681399948924,39.0
1781462305,20,,Aggregated,20.000000,0.000000,2,3,6,11,16,25,87,91,91,91,91,20923,0,3,17.422182487934,0.7898949997979798,2511.467815999822,94.67667160541032
1781462306,20,GET,/api/load/mixed [GET],3.400000,0.000000,17,18,24,25,33,87,91,91,91,91,91,4155,0,22,61.75274397449403,12.42441499925917,2511.467815999822,115.0
1781462306,20,GET,/api/products [GET],11.100000,0.000000,2,2,3,3,6,10,11,31,31,31,31,10495,0,2,6.458122742541905,0.791574999311706,497.9289789998802,120.0
1781462306,20,GET,/api/products/{id} [GET],5.700000,0.000000,2,2,2,2,3,5,5,8,8,8,8,6293,0,2,6.400881144611769,0.7898949997979798,501.92681399948924,39.0
1781462306,20,,Aggregated,20.200000,0.000000,2,3,5,11,17,24,33,87,91,91,91,20943,0,3,17.41113471995617,0.7898949997979798,2511.467815999822,94.6689586019195
1781462307,20,GET,/api/load/mixed [GET],3.500000,0.000000,17,18,24,25,33,87,91,91,91,91,91,4160,0,22,61.69996730601514,12.42441499925917,2511.467815999822,115.0
1781462307,20,GET,/api/products [GET],11.300000,0.000000,2,2,3,4,6,10,11,31,31,31,31,10504,0,2,6.4548703534822565,0.791574999311706,497.9289789998802,120.0
1781462307,20,GET,/api/products/{id} [GET],5.200000,0.000000,2,2,2,2,3,5,5,8,8,8,8,6299,0,2,6.396767441187626,0.7898949997979798,501.92681399948924,39.0
1781462307,20,,Aggregated,20.000000,0.000000,2,3,8,13,17,25,33,87,91,91,91,20963,0,3,17.400518069839322,0.7898949997979798,2511.467815999822,94.66874970185565
1781462308,20,GET,/api/load/mixed [GET],3.600000,0.000000,17,19,24,25,33,87,91,91,91,91,91,4164,0,22,61.65576640946714,12.42441499925917,2511.467815999822,115.0
1781462308,20,GET,/api/products [GET],10.700000,0.000000,2,2,4,4,6,10,11,31,31,31,31,10515,0,2,6.451031139037427,0.791574999311706,497.9289789998802,120.0
1781462308,20,GET,/api/products/{id} [GET],5.700000,0.000000,2,2,2,3,3,5,6,8,8,8,8,6304,0,2,6.3937977987054095,0.7898949997979798,501.92681399948924,39.0
1781462308,20,,Aggregated,20.000000,0.000000,2,4,8,13,17,25,33,87,91,91,91,20983,0,3,17.389015158892384,0.7898949997979798,2511.467815999822,94.67263975599295
1781462309,20,GET,/api/load/mixed [GET],3.900000,0.000000,17,19,24,27,87,110,190,190,190,190,190,4169,0,22,61.686379290961966,12.42441499925917,2511.467815999822,115.0
1781462309,20,GET,/api/products [GET],10.400000,0.000000,2,2,4,4,6,10,23,24,24,24,24,10527,0,2,6.452100126909769,0.791574999311706,497.9289789998802,120.0
1781462309,20,GET,/api/products/{id} [GET],5.700000,0.000000,2,2,2,3,4,5,6,8,8,8,8,6315,0,2,6.386166913386818,0.7898949997979798,501.92681399948924,39.0
1781462309,20,,Aggregated,20.000000,0.000000,2,4,8,13,17,24,87,110,190,190,190,21011,0,3,17.391862232070707,0.7898949997979798,2511.467815999822,94.66279567845415
1781462310,20,GET,/api/load/mixed [GET],4.000000,0.000000,17,19,23,25,32,98,190,190,190,190,190,4174,0,22,61.63465179133225,12.42441499925917,2511.467815999822,115.0
1781462310,20,GET,/api/products [GET],10.300000,0.000000,2,3,4,4,6,10,23,24,24,24,24,10537,0,2,6.448037893800913,0.791574999311706,497.9289789998802,120.0
1781462310,20,GET,/api/products/{id} [GET],5.700000,0.000000,2,2,3,3,5,5,6,8,8,8,8,6321,0,2,6.3828358910041425,0.7898949997979798,501.92681399948924,39.0
1781462310,20,,Aggregated,20.000000,0.000000,2,4,9,14,18,24,87,110,190,190,190,21032,0,3,17.380749216956946,0.7898949997979798,2511.467815999822,94.66379802206163
1781462311,20,GET,/api/load/mixed [GET],4.200000,0.000000,17,22,24,26,32,98,190,190,190,190,190,4177,0,22,61.603172610969786,12.42441499925917,2511.467815999822,115.0
1781462311,20,GET,/api/products [GET],10.200000,0.000000,2,2,3,4,8,10,16,23,24,24,24,10550,0,2,6.444294799524307,0.791574999311706,497.9289789998802,120.0
1781462311,20,GET,/api/products/{id} [GET],5.400000,0.000000,2,2,3,3,4,5,5,6,6,6,6,6324,0,2,6.381358292226105,0.7898949997979798,501.92681399948924,39.0
1781462311,20,,Aggregated,19.800000,0.000000,2,4,9,14,18,25,87,110,190,190,190,21051,0,3,17.3701711068852,0.7898949997979798,2511.467815999822,94.67440976675692
1781462312,20,GET,/api/load/mixed [GET],4.100000,0.000000,18,22,26,30,87,110,190,190,190,190,190,4179,0,22,61.58583503972744,12.42441499925917,2511.467815999822,115.0
1781462312,20,GET,/api/products [GET],9.800000,0.000000,2,2,3,4,8,10,16,23,24,24,24,10561,0,2,6.439813675407837,0.791574999311706,497.9289789998802,120.0
1781462312,20,GET,/api/products/{id} [GET],6.100000,0.000000,2,2,3,3,4,5,5,6,6,6,6,6331,0,2,6.376074869063083,0.7898949997979798,501.92681399948924,39.0
1781462312,20,,Aggregated,20.000000,0.000000,2,4,8,13,19,26,87,110,190,190,190,21071,0,3,17.357743194582206,0.7898949997979798,2511.467815999822,94.67106449622705
1781462313,20,GET,/api/load/mixed [GET],4.300000,0.000000,18,23,25,26,32,98,190,190,190,190,190,4183,0,22,61.55952381616569,12.42441499925917,2511.467815999822,115.0
1781462313,20,GET,/api/products [GET],10.000000,0.000000,2,2,3,4,8,13,23,24,24,24,24,10573,0,2,6.434790843183813,0.791574999311706,497.9289789998802,120.0
1781462313,20,GET,/api/products/{id} [GET],5.700000,0.000000,2,2,3,3,4,5,5,6,6,6,6,6336,0,2,6.372736868535116,0.7898949997979798,501.92681399948924,39.0
1781462313,20,,Aggregated,20.000000,0.000000,2,4,9,14,20,25,72,110,190,190,190,21092,0,3,17.348577304525037,0.7898949997979798,2511.467815999822,94.67613313104495
1781462314,20,GET,/api/load/mixed [GET],4.200000,0.000000,18,22,25,26,72,110,190,190,190,190,190,4185,0,22,61.53705376296798,12.42441499925917,2511.467815999822,115.0
1781462314,20,GET,/api/products [GET],10.500000,0.000000,2,2,3,3,6,13,23,24,24,24,24,10583,0,2,6.430556693374438,0.791574999311706,497.9289789998802,120.0
1781462314,20,GET,/api/products/{id} [GET],5.300000,0.000000,2,2,3,3,4,5,5,6,6,6,6,6344,0,2,6.367252902591192,0.7898949997979798,501.92681399948924,39.0
1781462314,20,,Aggregated,20.000000,0.000000,2,3,5,13,18,25,72,110,190,190,190,21112,0,3,17.335212386227802,0.7898949997979798,2511.467815999822,94.66895604395604
1781462315,20,GET,/api/load/mixed [GET],4.000000,0.000000,18,22,25,26,72,110,190,190,190,190,190,4190,0,22,61.48323589332227,12.42441499925917,2511.467815999822,115.0
1781462315,20,GET,/api/products [GET],10.400000,0.000000,2,2,3,3,6,10,16,23,24,24,24,10592,0,2,6.427458460534528,0.791574999311706,497.9289789998802,120.0
1781462315,20,GET,/api/products/{id} [GET],5.600000,0.000000,2,3,3,3,5,6,6,6,6,6,6,6350,0,2,6.364848230557294,0.7898949997979798,501.92681399948924,39.0
1781462315,20,,Aggregated,20.000000,0.000000,2,4,6,13,18,25,72,110,190,190,190,21132,0,3,17.324966149490866,0.7898949997979798,2511.467815999822,94.66874881696006
1781462316,20,GET,/api/load/mixed [GET],4.100000,0.000000,17,20,23,26,72,110,190,190,190,190,190,4193,0,22,61.44930865657522,12.42441499925917,2511.467815999822,115.0
1781462316,20,GET,/api/products [GET],10.100000,0.000000,2,2,2,3,6,10,16,23,24,24,24,10605,0,2,6.421788719281783,0.791574999311706,497.9289789998802,120.0
1781462316,20,GET,/api/products/{id} [GET],5.800000,0.000000,2,3,3,3,5,6,6,6,6,6,6,6354,0,2,6.362250756852082,0.7898949997979798,501.92681399948924,39.0
1781462316,20,,Aggregated,20.000000,0.000000,2,3,5,13,17,23,72,110,190,190,190,21152,0,3,17.312110527327977,0.7898949997979798,2511.467815999822,94.67667360060514
1781462317,20,GET,/api/load/mixed [GET],3.600000,0.000000,17,18,22,25,72,110,190,190,190,190,190,4200,0,22,61.37141782214794,12.42441499925917,2511.467815999822,115.0
1781462317,20,GET,/api/products [GET],10.200000,0.000000,2,2,2,2,5,10,16,23,24,24,24,10612,0,2,6.418795665000524,0.791574999311706,497.9289789998802,120.0
1781462317,20,GET,/api/products/{id} [GET],6.200000,0.000000,2,2,3,3,5,5,6,6,6,6,6,6360,0,2,6.357940594660152,0.7898949997979798,501.92681399948924,39.0
1781462317,20,,Aggregated,20.000000,0.000000,2,3,6,13,17,23,72,110,190,190,190,21172,0,3,17.301753099945476,0.7898949997979798,2511.467815999822,94.67598715284338
1781462318,20,GET,/api/load/mixed [GET],3.800000,0.000000,16,18,20,22,31,98,190,190,190,190,190,4205,0,22,61.31566974958895,12.42441499925917,2511.467815999822,115.0
1781462318,20,GET,/api/products [GET],10.300000,0.000000,2,2,2,2,3,6,10,13,13,13,13,10615,0,2,6.417411589541728,0.791574999311706,497.9289789998802,120.0
1781462318,20,GET,/api/products/{id} [GET],5.900000,0.000000,2,3,3,3,4,5,6,6,6,6,6,6372,0,2,6.350309293006228,0.7898949997979798,501.92681399948924,39.0
1781462318,20,,Aggregated,20.000000,0.000000,2,3,5,13,16,20,31,98,190,190,190,21192,0,3,17.29036363415642,0.7898949997979798,2511.467815999822,94.65284069460174
1781462319,20,GET,/api/load/mixed [GET],3.700000,0.000000,16,18,20,22,30,34,72,72,72,72,72,4210,0,22,61.268584951549116,12.42441499925917,2511.467815999822,115.0
1781462319,20,GET,/api/products [GET],10.500000,0.000000,2,2,2,2,5,8,13,14,14,14,14,10625,0,2,6.414702206963314,0.791574999311706,497.9289789998802,120.0
1781462319,20,GET,/api/products/{id} [GET],5.800000,0.000000,2,3,3,3,5,6,11,11,11,11,11,6375,0,2,6.350932684868395,0.7898949997979798,501.92681399948924,39.0
1781462319,20,,Aggregated,20.000000,0.000000,2,3,6,13,16,20,30,34,72,72,72,21210,0,3,17.283552544132156,0.7898949997979798,2511.467815999822,94.66171617161716
1781462320,20,GET,/api/load/mixed [GET],4.000000,0.000000,16,18,20,25,34,95,200,200,200,200,200,4216,0,22,61.28958664232039,12.42441499925917,2511.467815999822,115.0
1781462320,20,GET,/api/products [GET],10.100000,0.000000,2,2,2,2,5,8,13,14,14,14,14,10635,0,2,6.4108539102948034,0.791574999311706,497.9289789998802,120.0
1781462320,20,GET,/api/products/{id} [GET],5.900000,0.000000,2,3,3,3,5,6,11,11,11,11,11,6381,0,2,6.3470488873272615,0.7898949997979798,501.92681399948924,39.0
1781462320,20,,Aggregated,20.000000,0.000000,2,3,7,13,16,23,72,120,200,200,200,21232,0,3,17.288849263849066,0.7898949997979798,2511.467815999822,94.66366804822908
1781462321,20,GET,/api/load/mixed [GET],3.900000,0.000000,16,17,18,23,34,95,200,200,200,200,200,4222,0,22,61.228703425869696,12.42441499925917,2511.467815999822,115.0
1781462321,20,GET,/api/products [GET],9.500000,0.000000,2,2,2,2,4,6,14,18,18,18,18,10641,0,2,6.410182308334274,0.791574999311706,497.9289789998802,120.0
1781462321,20,GET,/api/products/{id} [GET],6.800000,0.000000,2,2,3,3,4,6,11,20,20,20,20,6386,0,2,6.346291910121543,0.7898949997979798,501.92681399948924,39.0
1781462321,20,,Aggregated,20.200000,0.000000,2,3,11,14,17,20,72,120,200,200,200,21249,0,3,17.282966537015536,0.7898949997979798,2511.467815999822,94.66346651607134
1781462322,20,GET,/api/load/mixed [GET],4.100000,0.000000,16,17,18,23,95,100,200,200,200,200,200,4226,0,22,61.22364451609573,12.42441499925917,2511.467815999822,115.0
1781462322,20,GET,/api/products [GET],9.700000,0.000000,2,2,2,2,4,9,18,86,86,86,86,10655,0,2,6.412462677521034,0.791574999311706,497.9289789998802,120.0
1781462322,20,GET,/api/products/{id} [GET],6.000000,0.000000,2,3,3,3,5,11,11,20,20,20,20,6391,0,2,6.343144881714268,0.7898949997979798,501.92681399948924,39.0
1781462322,20,,Aggregated,19.800000,0.000000,2,3,13,14,17,25,95,120,200,200,200,21272,0,3,17.280695303358552,0.7898949997979798,2511.467815999822,94.67088191049267
1781462323,20,GET,/api/load/mixed [GET],4.300000,0.000000,15,17,18,18,95,100,200,200,200,200,200,4226,0,22,61.22364451609573,12.42441499925917,2511.467815999822,115.0
1781462323,20,GET,/api/products [GET],9.700000,0.000000,2,2,2,2,4,9,18,86,86,86,86,10666,0,2,6.407450021750096,0.791574999311706,497.9289789998802,120.0
1781462323,20,GET,/api/products/{id} [GET],6.000000,0.000000,2,3,3,3,4,6,11,20,20,20,20,6400,0,2,6.336970042036398,0.7898949997979798,501.92681399948924,39.0
1781462323,20,,Aggregated,20.000000,0.000000,2,3,9,13,17,20,95,120,200,200,200,21292,0,3,17.266090171239902,0.7898949997979798,2511.467815999822,94.66043584444861
1781462324,20,GET,/api/load/mixed [GET],4.500000,0.000000,15,17,18,30,95,100,200,200,200,200,200,4230,0,22,61.18427118132886,12.42441499925917,2511.467815999822,115.0
1781462324,20,GET,/api/products [GET],9.100000,0.000000,2,2,2,2,4,9,18,86,86,86,86,10678,0,2,6.402348070330443,0.791574999311706,497.9289789998802,120.0
1781462324,20,GET,/api/products/{id} [GET],6.300000,0.000000,2,3,3,3,5,11,11,20,20,20,20,6404,0,2,6.334488535295536,0.7898949997979798,501.92681399948924,39.0
1781462324,20,,Aggregated,19.900000,0.000000,2,3,11,13,17,30,95,120,200,200,200,21312,0,3,17.255058388327804,0.7898949997979798,2511.467815999822,94.66807432432432
1781462325,20,GET,/api/load/mixed [GET],4.600000,0.000000,15,17,24,30,95,100,200,200,200,200,200,4232,0,22,61.16740510633789,12.42441499925917,2511.467815999822,115.0
1781462325,20,GET,/api/products [GET],9.400000,0.000000,2,2,2,2,4,9,18,86,86,86,86,10690,0,2,6.397517764919459,0.791574999311706,497.9289789998802,120.0
1781462325,20,GET,/api/products/{id} [GET],6.000000,0.000000,2,3,3,3,3,11,11,20,20,20,20,6410,0,2,6.330687910145335,0.7898949997979798,501.92681399948924,39.0
1781462325,20,,Aggregated,20.000000,0.000000,2,3,9,13,17,30,95,120,200,200,200,21332,0,3,17.24309173171961,0.7898949997979798,2511.467815999822,94.66857303581475
1781462326,20,GET,/api/load/mixed [GET],4.300000,0.000000,15,18,27,30,95,100,200,200,200,200,200,4238,0,22,61.10713507527648,12.42441499925917,2511.467815999822,115.0
1781462326,20,GET,/api/products [GET],9.200000,0.000000,2,2,2,3,5,9,18,86,86,86,86,10700,0,2,6.394063745700023,0.791574999311706,497.9289789998802,120.0
1781462326,20,GET,/api/products/{id} [GET],6.500000,0.000000,2,3,3,3,3,4,11,20,20,20,20,6415,0,2,6.327514104759545,0.7898949997979798,501.92681399948924,39.0
1781462326,20,,Aggregated,20.000000,0.000000,2,3,9,13,17,30,95,120,200,200,200,21353,0,3,17.233153351287623,0.7898949997979798,2511.467815999822,94.67311384817121
1781462327,20,GET,/api/load/mixed [GET],4.500000,0.000000,16,22,30,32,95,120,200,200,200,200,200,4241,0,22,61.07438836407017,12.42441499925917,2511.467815999822,115.0
1781462327,20,GET,/api/products [GET],9.400000,0.000000,2,2,2,3,5,9,18,86,86,86,86,10711,0,2,6.389052803472213,0.791574999311706,497.9289789998802,120.0
1781462327,20,GET,/api/products/{id} [GET],6.100000,0.000000,2,3,3,3,3,11,11,20,20,20,20,6421,0,2,6.323320025234866,0.7898949997979798,501.92681399948924,39.0
1781462327,20,,Aggregated,20.000000,0.000000,2,3,6,13,17,30,95,120,200,200,200,21373,0,3,17.220402541152186,0.7898949997979798,2511.467815999822,94.67337294717635
1781462328,20,GET,/api/load/mixed [GET],4.200000,0.000000,16,24,30,32,95,120,200,200,200,200,200,4243,0,22,61.05280032383279,12.42441499925917,2511.467815999822,115.0
1781462328,20,GET,/api/products [GET],9.700000,0.000000,2,2,2,3,4,7,14,18,86,86,86,10720,0,2,6.385349784794061,0.791574999311706,497.9289789998802,120.0
1781462328,20,GET,/api/products/{id} [GET],6.100000,0.000000,2,3,3,3,3,11,11,20,20,20,20,6430,0,2,6.317218586941303,0.7898949997979798,501.92681399948924,39.0
1781462328,20,,Aggregated,20.000000,0.000000,2,3,5,13,17,30,95,120,200,200,200,21393,0,3,17.20739012672592,0.7898949997979798,2511.467815999822,94.66250642733604
1781462329,20,GET,/api/load/mixed [GET],4.300000,0.000000,16,18,26,27,95,120,200,200,200,200,200,4247,0,22,61.01114135272491,12.42441499925917,2511.467815999822,115.0
1781462329,20,GET,/api/products [GET],9.600000,0.000000,2,2,2,3,4,6,9,18,86,86,86,10731,0,2,6.381382001024199,0.791574999311706,497.9289789998802,120.0
1781462329,20,GET,/api/products/{id} [GET],6.100000,0.000000,2,3,3,3,3,4,4,20,20,20,20,6434,0,2,6.3145837489948216,0.7898949997979798,501.92681399948924,39.0
1781462329,20,,Aggregated,20.000000,0.000000,2,3,4,9,16,26,95,120,200,200,200,21412,0,3,17.196943742716524,0.7898949997979798,2511.467815999822,94.66892396786848
1781462330,20,GET,/api/load/mixed [GET],4.000000,0.000000,15,22,23,26,34,95,100,100,100,100,100,4254,0,22,60.956314830988056,12.42441499925917,2511.467815999822,115.0
1781462330,20,GET,/api/products [GET],10.000000,0.000000,2,2,2,3,4,7,11,18,86,86,86,10739,0,2,6.378902158580124,0.791574999311706,497.9289789998802,120.0
1781462330,20,GET,/api/products/{id} [GET],6.000000,0.000000,2,3,3,3,3,4,4,20,20,20,20,6441,0,2,6.310592128556256,0.7898949997979798,501.92681399948924,39.0
1781462330,20,,Aggregated,20.000000,0.000000,2,3,4,13,16,24,86,95,100,100,100,21434,0,3,17.1903385962511,0.7898949997979798,2511.467815999822,94.6668377344406
1781462331,20,GET,/api/load/mixed [GET],3.800000,0.000000,15,22,23,26,30,94,100,100,100,100,100,4256,0,22,60.937470257758996,12.42441499925917,2511.467815999822,115.0
1781462331,20,GET,/api/products [GET],10.500000,0.000000,2,2,2,3,4,8,9,9,11,11,11,10750,0,2,6.376679450417855,0.791574999311706,497.9289789998802,120.0
1781462331,20,GET,/api/products/{id} [GET],5.700000,0.000000,2,3,3,3,3,4,4,4,4,4,4,6446,0,2,6.3068134716151665,0.7898949997979798,501.92681399948924,39.0
1781462331,20,,Aggregated,20.000000,0.000000,2,3,3,7,14,23,30,94,100,100,100,21452,0,3,17.180351349386807,0.7898949997979798,2511.467815999822,94.6687488346075
1781462332,20,GET,/api/load/mixed [GET],3.700000,0.000000,16,22,24,26,32,94,100,100,100,100,100,4260,0,22,60.91489806854976,12.42441499925917,2511.467815999822,115.0
1781462332,20,GET,/api/products [GET],10.700000,0.000000,2,2,2,3,6,9,9,9,11,11,11,10763,0,2,6.373109776455716,0.791574999311706,497.9289789998802,120.0
1781462332,20,GET,/api/products/{id} [GET],5.800000,0.000000,2,3,3,3,3,4,4,6,6,6,6,6450,0,2,6.304943590237303,0.7898949997979798,501.92681399948924,39.0
1781462332,20,,Aggregated,20.200000,0.000000,2,3,4,9,14,23,30,90,94,94,94,21473,0,3,17.17310727206472,0.7898949997979798,2511.467815999822,94.67750197922973
1781462333,20,GET,/api/load/mixed [GET],3.700000,0.000000,16,22,24,26,32,94,99,99,99,99,99,4264,0,22,60.89171660577432,12.42441499925917,2511.467815999822,115.0
1781462333,20,GET,/api/products [GET],10.300000,0.000000,2,2,3,3,6,9,9,9,11,11,11,10774,0,2,6.369353115648177,0.791574999311706,497.9289789998802,120.0
1781462333,20,GET,/api/products/{id} [GET],6.000000,0.000000,2,3,3,3,4,5,6,6,6,6,6,6456,0,2,6.30234821949047,0.7898949997979798,501.92681399948924,39.0
1781462333,20,,Aggregated,20.000000,0.000000,2,3,6,9,16,24,32,94,99,99,99,21494,0,3,17.165425243325856,0.7898949997979798,2511.467815999822,94.67870103284638
1781462334,20,GET,/api/load/mixed [GET],3.400000,0.000000,16,19,24,25,32,94,99,99,99,99,99,4266,0,22,60.869508128931336,12.42441499925917,2511.467815999822,115.0
1781462334,20,GET,/api/products [GET],10.800000,0.000000,2,2,3,4,6,9,9,9,11,11,11,10783,0,2,6.365799659092313,0.791574999311706,497.9289789998802,120.0
1781462334,20,GET,/api/products/{id} [GET],5.900000,0.000000,2,2,3,3,4,5,6,6,6,6,6,6465,0,2,6.295948973399573,0.7898949997979798,501.92681399948924,39.0
1781462334,20,,Aggregated,20.100000,0.000000,2,4,6,9,14,23,32,94,99,99,99,21514,0,3,17.152321721439172,0.7898949997979798,2511.467815999822,94.66789067583899
1781462336,20,GET,/api/load/mixed [GET],3.400000,0.000000,16,22,24,25,60,94,99,99,99,99,99,4270,0,22,60.84258253068391,12.42441499925917,2511.467815999822,115.0
1781462336,20,GET,/api/products [GET],10.600000,0.000000,2,2,3,4,8,9,11,11,11,11,11,10791,0,2,6.363195729866832,0.791574999311706,497.9289789998802,120.0
1781462336,20,GET,/api/products/{id} [GET],5.900000,0.000000,2,2,3,3,5,6,12,14,14,14,14,6473,0,2,6.2937778258963615,0.7898949997979798,501.92681399948924,39.0
1781462336,20,,Aggregated,19.900000,0.000000,2,4,6,11,16,23,60,94,99,99,99,21534,0,3,17.14510524723884,0.7898949997979798,2511.467815999822,94.66039751091297
1781462337,20,GET,/api/load/mixed [GET],3.800000,0.000000,16,23,24,26,60,94,99,99,99,99,99,4276,0,22,60.78195752619749,12.42441499925917,2511.467815999822,115.0
1781462337,20,GET,/api/products [GET],10.700000,0.000000,2,2,4,4,8,9,11,11,11,11,11,10799,0,2,6.360380980923416,0.791574999311706,497.9289789998802,120.0
1781462337,20,GET,/api/products/{id} [GET],5.500000,0.000000,2,2,3,4,5,6,12,14,14,14,14,6479,0,2,6.290704484647025,0.7898949997979798,501.92681399948924,39.0
1781462337,20,,Aggregated,20.000000,0.000000,2,4,9,13,16,24,60,94,99,99,99,21554,0,3,17.13588563380538,0.7898949997979798,2511.467815999822,94.65997030713557
1781462338,20,GET,/api/load/mixed [GET],3.600000,0.000000,16,23,25,26,60,94,99,99,99,99,99,4281,0,22,60.73475756412548,12.42441499925917,2511.467815999822,115.0
1781462338,20,GET,/api/products [GET],10.400000,0.000000,2,2,3,4,8,9,11,11,11,11,11,10807,0,2,6.3571614634024645,0.791574999311706,497.9289789998802,120.0
1781462338,20,GET,/api/products/{id} [GET],6.000000,0.000000,2,2,3,4,5,6,12,14,14,14,14,6482,0,2,6.288601248538777,0.7898949997979798,501.92681399948924,39.0
1781462338,20,,Aggregated,20.000000,0.000000,2,4,9,13,16,25,60,94,99,99,99,21570,0,3,17.12888522763285,0.7898949997979798,2511.467815999822,94.6663421418637
1781462339,20,GET,/api/load/mixed [GET],3.800000,0.000000,22,26,47,60,95,120,180,180,180,180,180,4291,0,22,60.78538078513622,12.42441499925917,2511.467815999822,115.0
1781462339,20,GET,/api/products [GET],9.800000,0.000000,2,2,3,4,8,9,11,23,23,23,23,10811,0,2,6.357365424566676,0.791574999311706,497.9289789998802,120.0
1781462339,20,GET,/api/products/{id} [GET],6.400000,0.000000,2,2,4,4,6,14,22,43,43,43,43,6490,0,2,6.294052990605254,0.7898949997979798,501.92681399948924,39.0
1781462339,20,,Aggregated,20.000000,0.000000,2,6,13,14,25,60,99,150,180,180,180,21592,0,3,17.154869880652026,0.7898949997979798,2511.467815999822,94.65982771396814
1781462340,20,GET,/api/load/mixed [GET],4.000000,0.000000,26,47,83,92,120,150,180,180,180,180,180,4297,0,22,60.82311298068861,12.42441499925917,2511.467815999822,115.0
1781462340,20,GET,/api/products [GET],9.500000,0.000000,2,2,3,4,8,9,11,23,23,23,23,10823,0,2,6.353599727061808,0.791574999311706,497.9289789998802,120.0
1781462340,20,GET,/api/products/{id} [GET],6.100000,0.000000,2,2,3,4,6,14,22,43,43,43,43,6494,0,2,6.2910930565178305,0.7898949997979798,501.92681399948924,39.0
1781462340,20,,Aggregated,19.600000,0.000000,2,6,13,14,35,92,120,150,180,180,180,21614,0,3,17.16370336971575,0.7898949997979798,2511.467815999822,94.66924215786065
1781462341,20,GET,/api/load/mixed [GET],4.700000,0.000000,26,47,83,99,120,150,180,180,180,180,180,4302,0,22,60.81197058089695,12.42441499925917,2511.467815999822,115.0
1781462341,20,GET,/api/products [GET],9.000000,0.000000,2,2,3,4,8,11,15,23,23,23,23,10833,0,2,6.352755991506479,0.791574999311706,497.9289789998802,120.0
1781462341,20,GET,/api/products/{id} [GET],6.000000,0.000000,2,2,4,5,12,14,22,43,43,43,43,6499,0,2,6.2897462552740535,0.7898949997979798,501.92681399948924,39.0
1781462341,20,,Aggregated,19.700000,0.000000,2,6,14,15,38,99,120,150,180,180,180,21634,0,3,17.163241379681743,0.7898949997979798,2511.467815999822,94.67278358139964
1781462342,20,GET,/api/load/mixed [GET],4.700000,0.000000,26,48,92,99,120,150,180,180,180,180,180,4304,0,22,60.79130924466051,12.42441499925917,2511.467815999822,115.0
1781462342,20,GET,/api/products [GET],9.000000,0.000000,2,2,3,3,6,11,15,23,23,23,23,10847,0,2,6.346730341660347,0.791574999311706,497.9289789998802,120.0
1781462342,20,GET,/api/products/{id} [GET],6.000000,0.000000,2,2,3,4,12,14,22,43,43,43,43,6503,0,2,6.287306485933672,0.7898949997979798,501.92681399948924,39.0
1781462342,20,,Aggregated,19.700000,0.000000,2,5,13,14,35,95,120,150,180,180,180,21654,0,3,17.15041715540019,0.7898949997979798,2511.467815999822,94.68075182414334
1781462343,20,GET,/api/load/mixed [GET],4.700000,0.000000,26,47,83,95,120,150,180,180,180,180,180,4306,0,22,60.769401661639264,12.42441499925917,2511.467815999822,115.0
1781462343,20,GET,/api/products [GET],9.100000,0.000000,2,2,2,3,5,11,15,23,23,23,23,10859,0,2,6.341460505938738,0.791574999311706,497.9289789998802,120.0
1781462343,20,GET,/api/products/{id} [GET],6.000000,0.000000,2,2,2,3,12,14,22,43,43,43,43,6509,0,2,6.282980049473899,0.7898949997979798,501.92681399948924,39.0
1781462343,20,,Aggregated,19.800000,0.000000,2,4,13,14,35,95,120,150,180,180,180,21674,0,3,17.13716343688444,0.7898949997979798,2511.467815999822,94.68123096798007
1781462344,20,GET,/api/load/mixed [GET],4.600000,0.000000,26,47,83,95,120,150,180,180,180,180,180,4310,0,22,60.73215523434262,12.42441499925917,2511.467815999822,115.0
1781462344,20,GET,/api/products [GET],9.400000,0.000000,2,2,3,3,9,12,15,23,23,23,23,10868,0,2,6.341164866119681,0.791574999311706,497.9289789998802,120.0
1781462344,20,GET,/api/products/{id} [GET],5.800000,0.000000,2,2,3,4,12,14,22,43,43,43,43,6516,0,2,6.278566606050648,0.7898949997979798,501.92681399948924,39.0
1781462344,20,,Aggregated,19.800000,0.000000,2,5,14,15,35,95,120,150,180,180,180,21694,0,3,17.128353868813115,0.7898949997979798,2511.467815999822,94.67751452014382
1781462345,20,GET,/api/load/mixed [GET],4.600000,0.000000,26,47,92,95,120,150,180,180,180,180,180,4316,0,22,60.71212695806707,12.42441499925917,2511.467815999822,115.0
1781462345,20,GET,/api/products [GET],9.600000,0.000000,2,2,3,4,9,13,15,23,23,23,23,10874,0,2,6.340809085156277,0.791574999311706,497.9289789998802,120.0
1781462345,20,GET,/api/products/{id} [GET],5.900000,0.000000,2,2,3,4,6,14,22,43,43,43,43,6524,0,2,6.275107288170602,0.7898949997979798,501.92681399948924,39.0
1781462345,20,,Aggregated,20.100000,0.000000,2,8,14,15,38,97,120,150,180,180,180,21714,0,3,17.128225932165062,0.7898949997979798,2511.467815999822,94.6696140738694
1781462346,20,GET,/api/load/mixed [GET],4.600000,0.000000,27,48,94,97,120,150,180,180,180,180,180,4319,0,22,60.68123718500059,12.42441499925917,2511.467815999822,115.0
1781462346,20,GET,/api/products [GET],9.600000,0.000000,2,2,3,4,9,13,15,23,23,23,23,10885,0,2,6.336790364537311,0.791574999311706,497.9289789998802,120.0
1781462346,20,GET,/api/products/{id} [GET],5.900000,0.000000,2,2,2,3,8,14,22,43,43,43,43,6530,0,2,6.27189092925343,0.7898949997979798,501.92681399948924,39.0
1781462346,20,,Aggregated,20.100000,0.000000,2,6,14,15,38,97,120,150,180,180,180,21734,0,3,17.116668551027484,0.7898949997979798,2511.467815999822,94.6698720898132
1781462347,20,GET,/api/load/mixed [GET],4.900000,0.000000,28,83,94,100,120,150,180,180,180,180,180,4326,0,22,60.66611615257029,12.42441499925917,2511.467815999822,115.0
1781462347,20,GET,/api/products [GET],9.100000,0.000000,2,2,3,4,12,14,15,23,23,23,23,10896,0,2,6.335392936764724,0.791574999311706,497.9289789998802,120.0
1781462347,20,GET,/api/products/{id} [GET],5.900000,0.000000,2,2,2,3,12,14,43,43,43,43,43,6532,0,2,6.2706681955029016,0.7898949997979798,501.92681399948924,39.0
1781462347,20,,Aggregated,19.900000,0.000000,2,8,14,15,47,97,120,150,180,180,180,21754,0,3,17.120164777421746,0.7898949997979798,2511.467815999822,94.6841040728142
1781462348,20,GET,/api/load/mixed [GET],4.900000,0.000000,21,38,93,95,100,120,150,150,150,150,150,4329,0,22,60.63460114022151,12.42441499925917,2511.467815999822,115.0
1781462348,20,GET,/api/products [GET],9.100000,0.000000,2,2,3,4,9,14,15,15,15,15,15,10911,0,2,6.32944483392807,0.791574999311706,497.9289789998802,120.0
1781462348,20,GET,/api/products/{id} [GET],5.900000,0.000000,2,2,2,3,6,8,12,12,12,12,12,6534,0,2,6.269605575761274,0.7898949997979798,501.92681399948924,39.0
1781462348,20,,Aggregated,19.900000,0.000000,2,4,12,14,25,93,100,120,150,150,150,21774,0,3,17.10817322269828,0.7898949997979798,2511.467815999822,94.69922843758611
1781462349,20,GET,/api/load/mixed [GET],4.900000,0.000000,17,28,38,93,97,100,100,100,100,100,100,4337,0,22,60.5900002838414,12.42441499925917,2511.467815999822,115.0
1781462349,20,GET,/api/products [GET],9.400000,0.000000,2,3,3,4,9,14,15,15,15,15,15,10917,0,2,6.32776753137208,0.791574999311706,497.9289789998802,120.0
1781462349,20,GET,/api/products/{id} [GET],5.700000,0.000000,2,2,3,3,6,8,12,12,12,12,12,6540,0,2,6.266643082878353,0.7898949997979798,501.92681399948924,39.0
1781462349,20,,Aggregated,20.000000,0.000000,2,6,13,14,20,86,100,100,100,100,100,21794,0,3,17.107594527532058,0.7898949997979798,2511.467815999822,94.69831146187023
1781462350,20,GET,/api/load/mixed [GET],4.800000,0.000000,16,27,86,93,100,100,100,100,100,100,100,4343,0,22,60.56580882662211,12.42441499925917,2511.467815999822,115.0
1781462350,20,GET,/api/products [GET],10.400000,0.000000,2,3,3,4,8,13,14,15,15,15,15,10924,0,2,6.326763748625976,0.791574999311706,497.9289789998802,120.0
1781462350,20,GET,/api/products/{id} [GET],5.200000,0.000000,2,2,2,3,6,8,12,12,12,12,12,6546,0,2,6.262389128173652,0.7898949997979798,501.92681399948924,39.0
1781462350,20,,Aggregated,20.400000,0.000000,2,4,13,14,19,93,100,100,100,100,100,21813,0,3,17.10651786352335,0.7898949997979798,2511.467815999822,94.69669463164168
1781462351,20,GET,/api/load/mixed [GET],4.800000,0.000000,16,27,38,93,97,100,190,190,190,190,190,4347,0,22,60.5693801364204,12.42441499925917,2511.467815999822,115.0
1781462351,20,GET,/api/products [GET],10.400000,0.000000,2,3,3,4,9,13,14,15,15,15,15,10935,0,2,6.32246489720991,0.791574999311706,497.9289789998802,120.0
1781462351,20,GET,/api/products/{id} [GET],5.200000,0.000000,2,2,2,3,6,8,12,12,12,12,12,6552,0,2,6.25941063004068,0.7898949997979798,501.92681399948924,39.0
1781462351,20,,Aggregated,20.400000,0.000000,2,6,13,14,21,93,100,100,190,190,190,21834,0,3,17.103733056335823,0.7898949997979798,2511.467815999822,94.69785655399835
1781462352,20,GET,/api/load/mixed [GET],4.700000,0.000000,17,30,42,91,97,100,190,190,190,190,190,4352,0,22,60.544104462090964,12.42441499925917,2511.467815999822,115.0
1781462352,20,GET,/api/products [GET],10.600000,0.000000,2,3,4,4,13,14,15,21,21,21,21,10945,0,2,6.322405271995524,0.791574999311706,497.9289789998802,120.0
1781462352,20,GET,/api/products/{id} [GET],5.000000,0.000000,2,2,2,3,6,8,12,12,12,12,12,6557,0,2,6.255881495504877,0.7898949997979798,501.92681399948924,39.0
1781462352,20,,Aggregated,20.300000,0.000000,3,8,13,14,27,93,100,100,190,190,190,21854,0,3,17.10014108570679,0.7898949997979798,2511.467815999822,94.7013361398371
1781462353,20,GET,/api/load/mixed [GET],4.600000,0.000000,17,37,87,91,97,100,190,190,190,190,190,4357,0,22,60.52950053730082,12.42441499925917,2511.467815999822,115.0
1781462353,20,GET,/api/products [GET],10.100000,0.000000,2,3,3,4,9,14,15,21,21,21,21,10955,0,2,6.318152821815719,0.791574999311706,497.9289789998802,120.0
1781462353,20,GET,/api/products/{id} [GET],5.200000,0.000000,2,2,3,4,8,12,15,15,15,15,15,6562,0,2,6.257200965715423,0.7898949997979798,501.92681399948924,39.0
1781462353,20,,Aggregated,19.900000,0.000000,3,8,13,14,31,93,100,100,190,190,190,21874,0,3,17.098022800632503,0.7898949997979798,2511.467815999822,94.70480936271372
1781462354,20,GET,/api/load/mixed [GET],4.700000,0.000000,17,33,87,91,97,100,190,190,190,190,190,4359,0,22,60.5088007621056,12.42441499925917,2511.467815999822,115.0
1781462354,20,GET,/api/products [GET],10.200000,0.000000,2,3,3,4,8,13,15,21,21,21,21,10964,0,2,6.3155285045595,0.791574999311706,497.9289789998802,120.0
1781462354,20,GET,/api/products/{id} [GET],5.300000,0.000000,2,2,3,4,8,9,15,15,15,15,15,6571,0,2,6.25193839415991,0.7898949997979798,501.92681399948924,39.0
1781462354,20,,Aggregated,20.200000,0.000000,3,5,13,14,24,91,100,100,190,190,190,21894,0,3,17.086087705948355,0.7898949997979798,2511.467815999822,94.69416278432448
1781462355,20,GET,/api/load/mixed [GET],4.800000,0.000000,17,33,77,91,94,100,190,190,190,190,190,4364,0,22,60.48503713863863,12.42441499925917,2511.467815999822,115.0
1781462355,20,GET,/api/products [GET],9.800000,0.000000,2,2,3,4,8,13,15,21,21,21,21,10973,0,2,6.312514945775101,0.791574999311706,497.9289789998802,120.0
1781462355,20,GET,/api/products/{id} [GET],5.400000,0.000000,2,2,3,4,8,9,15,15,15,15,15,6577,0,2,6.248391895852972,0.7898949997979798,501.92681399948924,39.0
1781462355,20,,Aggregated,20.000000,0.000000,2,7,13,14,30,91,100,100,190,190,190,21914,0,3,17.081299720362956,0.7898949997979798,2511.467815999822,94.6939399470658
1781462356,20,GET,/api/load/mixed [GET],5.100000,0.000000,17,31,71,87,94,100,190,190,190,190,190,4368,0,22,60.450426146982416,12.42441499925917,2511.467815999822,115.0
1781462356,20,GET,/api/products [GET],9.600000,0.000000,2,3,3,4,8,13,22,22,22,22,22,10986,0,2,6.312187964590101,0.791574999311706,497.9289789998802,120.0
1781462356,20,GET,/api/products/{id} [GET],5.300000,0.000000,2,2,3,4,8,11,15,15,15,15,15,6580,0,2,6.247731803651347,0.7898949997979798,501.92681399948924,39.0
1781462356,20,,Aggregated,20.000000,0.000000,2,5,13,14,24,77,100,100,190,190,190,21934,0,3,17.07409654677813,0.7898949997979798,2511.467815999822,94.70502416339929
1781462357,20,GET,/api/load/mixed [GET],4.900000,0.000000,24,32,77,91,94,100,190,190,190,190,190,4373,0,22,60.441731087358626,12.42441499925917,2511.467815999822,115.0
1781462357,20,GET,/api/products [GET],9.900000,0.000000,2,3,3,4,8,13,22,22,22,22,22,10998,0,2,6.308237830331855,0.791574999311706,497.9289789998802,120.0
1781462357,20,GET,/api/products/{id} [GET],5.300000,0.000000,2,2,3,4,8,11,15,15,15,15,15,6583,0,2,6.245539718065733,0.7898949997979798,501.92681399948924,39.0
1781462357,20,,Aggregated,20.100000,0.000000,2,7,13,14,30,91,98,100,190,190,190,21954,0,3,17.072245498179623,0.7898949997979798,2511.467815999822,94.71586043545595
1781462358,20,GET,/api/load/mixed [GET],4.900000,0.000000,28,40,77,91,97,100,190,190,190,190,190,4380,0,22,60.41929826370275,12.42441499925917,2511.467815999822,115.0
1781462358,20,GET,/api/products [GET],10.100000,0.000000,2,3,3,4,9,13,22,22,22,22,22,11004,0,2,6.306544599235521,0.791574999311706,497.9289789998802,120.0
1781462358,20,GET,/api/products/{id} [GET],5.000000,0.000000,2,2,3,4,9,13,18,18,18,18,18,6590,0,2,6.244423931870345,0.7898949997979798,501.92681399948924,39.0
1781462358,20,,Aggregated,20.000000,0.000000,2,7,13,15,31,91,98,100,190,190,190,21974,0,3,17.07401915336447,0.7898949997979798,2511.467815999822,94.71147720032766
1781462359,20,GET,/api/load/mixed [GET],4.900000,0.000000,28,40,77,91,97,100,190,190,190,190,190,4382,0,22,60.39860774167453,12.42441499925917,2511.467815999822,115.0
1781462359,20,GET,/api/products [GET],10.100000,0.000000,2,2,3,3,8,13,22,22,22,22,22,11013,0,2,6.3030775812212445,0.791574999311706,497.9289789998802,120.0
1781462359,20,GET,/api/products/{id} [GET],5.000000,0.000000,2,2,3,4,8,13,15,18,18,18,18,6599,0,2,6.2393286981398255,0.7898949997979798,501.92681399948924,39.0
1781462359,20,,Aggregated,20.000000,0.000000,2,5,13,15,30,87,98,100,190,190,190,21994,0,3,17.061736046423192,0.7898949997979798,2511.467815999822,94.7008729653542
1781462360,20,GET,/api/load/mixed [GET],4.600000,0.000000,28,32,71,77,93,97,98,98,98,98,98,4383,0,22,60.389667291357114,12.42441499925917,2511.467815999822,115.0
1781462360,20,GET,/api/products [GET],10.200000,0.000000,2,2,3,4,8,13,22,22,22,22,22,11023,0,2,6.299231048352482,0.791574999311706,497.9289789998802,120.0
1781462360,20,GET,/api/products/{id} [GET],5.100000,0.000000,2,2,3,4,8,13,15,18,18,18,18,6608,0,2,6.2346751952217945,0.7898949997979798,501.92681399948924,39.0
1781462360,20,,Aggregated,19.900000,0.000000,2,4,11,14,28,71,93,97,98,98,98,22014,0,3,17.04928996429694,0.7898949997979798,2511.467815999822,94.69051512673754
1781462361,20,GET,/api/load/mixed [GET],4.900000,0.000000,21,32,40,77,93,97,98,98,98,98,98,4386,0,22,60.358466161883086,12.42441499925917,2511.467815999822,115.0
1781462361,20,GET,/api/products [GET],9.300000,0.000000,2,2,3,3,6,8,22,22,22,22,22,11037,0,2,6.2945794307320115,0.791574999311706,497.9289789998802,120.0
1781462361,20,GET,/api/products/{id} [GET],5.600000,0.000000,2,3,3,4,8,13,15,18,18,18,18,6611,0,2,6.23263403812203,0.7898949997979798,501.92681399948924,39.0
1781462361,20,,Aggregated,19.800000,0.000000,2,4,8,13,22,40,93,97,98,98,98,22034,0,3,17.037734836572234,0.7898949997979798,2511.467815999822,94.70177906871199
1781462362,20,GET,/api/load/mixed [GET],4.500000,0.000000,19,30,40,40,93,97,98,98,98,98,98,4389,0,22,60.32890979244026,12.42441499925917,2511.467815999822,115.0
1781462362,20,GET,/api/products [GET],9.600000,0.000000,2,2,3,3,6,8,22,22,22,22,22,11051,0,2,6.2886702791592795,0.791574999311706,497.9289789998802,120.0
1781462362,20,GET,/api/products/{id} [GET],5.900000,0.000000,2,2,3,4,5,8,11,18,18,18,18,6614,0,2,6.23084193619963,0.7898949997979798,501.92681399948924,39.0
1781462362,20,,Aggregated,20.000000,0.000000,2,3,7,11,19,32,93,97,98,98,98,22054,0,3,17.025957599529946,0.7898949997979798,2511.467815999822,94.7130225809377
1781462363,20,GET,/api/load/mixed [GET],3.900000,0.000000,19,32,40,77,95,97,98,98,98,98,98,4394,0,22,60.313430983618545,12.42441499925917,2511.467815999822,115.0
1781462363,20,GET,/api/products [GET],10.200000,0.000000,2,2,3,3,5,8,22,22,22,22,22,11063,0,2,6.2836772331182145,0.791574999311706,497.9289789998802,120.0
1781462363,20,GET,/api/products/{id} [GET],5.900000,0.000000,2,3,3,4,6,8,18,18,18,18,18,6617,0,2,6.229707083576321,0.7898949997979798,501.92681399948924,39.0
1781462363,20,,Aggregated,20.000000,0.000000,2,3,7,13,21,40,95,97,98,98,98,22074,0,3,17.022538223431667,0.7898949997979798,2511.467815999822,94.72379269729093
1781462364,20,GET,/api/load/mixed [GET],3.900000,0.000000,20,30,32,40,95,97,98,98,98,98,98,4398,0,22,60.28111385925879,12.42441499925917,2511.467815999822,115.0
1781462364,20,GET,/api/products [GET],10.200000,0.000000,2,2,3,3,6,11,22,22,22,22,22,11073,0,2,6.281704239590702,0.791574999311706,497.9289789998802,120.0
1781462364,20,GET,/api/products/{id} [GET],5.900000,0.000000,2,3,3,3,6,8,18,18,18,18,18,6623,0,2,6.22605329322455,0.7898949997979798,501.92681399948924,39.0
1781462364,20,,Aggregated,20.000000,0.000000,2,3,7,13,21,32,95,97,98,98,98,22094,0,3,17.014067201911537,0.7898949997979798,2511.467815999822,94.72377115959084
1781462365,20,GET,/api/load/mixed [GET],3.500000,0.000000,19,31,40,90,95,97,98,98,98,98,98,4406,0,22,60.2511880413119,12.42441499925917,2511.467815999822,115.0
1781462365,20,GET,/api/products [GET],10.800000,0.000000,2,2,2,3,4,7,11,18,18,18,18,11080,0,2,6.279199512904926,0.791574999311706,497.9289789998802,120.0
1781462365,20,GET,/api/products/{id} [GET],5.500000,0.000000,2,3,3,3,5,7,18,18,18,18,18,6628,0,2,6.223109877794938,0.7898949997979798,501.92681399948924,39.0
1781462365,20,,Aggregated,19.800000,0.000000,2,3,7,13,20,89,95,97,98,98,98,22114,0,3,17.015783548115724,0.7898949997979798,2511.467815999822,94.72650809441983
1781462366,20,GET,/api/load/mixed [GET],3.500000,0.000000,18,28,40,89,95,97,98,98,98,98,98,4408,0,22,60.23082263385216,12.42441499925917,2511.467815999822,115.0
1781462366,20,GET,/api/products [GET],10.800000,0.000000,2,2,2,3,3,6,11,18,18,18,18,11091,0,2,6.274825889098031,0.791574999311706,497.9289789998802,120.0
1781462366,20,GET,/api/products/{id} [GET],5.500000,0.000000,2,3,3,3,4,7,8,18,18,18,18,6635,0,2,6.218796947102516,0.7898949997979798,501.92681399948924,39.0
1781462366,20,,Aggregated,19.800000,0.000000,2,3,6,13,18,40,95,97,98,98,98,22134,0,3,17.003401005242225,0.7898949997979798,2511.467815999822,94.72327640733712
1781462367,20,GET,/api/load/mixed [GET],3.900000,0.000000,17,22,31,89,95,96,97,97,97,97,97,4411,0,22,60.20501471276812,12.42441499925917,2511.467815999822,115.0
1781462367,20,GET,/api/products [GET],10.900000,0.000000,2,2,2,3,5,6,11,18,18,18,18,11103,0,2,6.271396377824668,0.791574999311706,497.9289789998802,120.0
1781462367,20,GET,/api/products/{id} [GET],5.200000,0.000000,2,3,3,3,4,5,7,7,7,7,7,6640,0,2,6.215147465364948,0.7898949997979798,501.92681399948924,39.0
1781462367,20,,Aggregated,20.000000,0.000000,2,3,5,7,17,28,95,96,97,97,97,22154,0,3,16.993058276204312,0.7898949997979798,2511.467815999822,94.72713731154644
1781462368,20,GET,/api/load/mixed [GET],4.000000,0.000000,17,23,30,31,90,95,96,96,96,96,96,4416,0,22,60.17482391848275,12.42441499925917,2511.467815999822,115.0
1781462368,20,GET,/api/products [GET],10.500000,0.000000,2,2,2,3,5,6,11,18,18,18,18,11109,0,2,6.269062652352956,0.791574999311706,497.9289789998802,120.0
1781462368,20,GET,/api/products/{id} [GET],5.500000,0.000000,2,2,3,3,4,5,7,7,7,7,7,6649,0,2,6.209280959396035,0.7898949997979798,501.92681399948924,39.0
1781462368,20,,Aggregated,20.000000,0.000000,2,3,5,11,17,30,90,95,96,96,96,22174,0,3,16.986585574458044,0.7898949997979798,2511.467815999822,94.71592856498602
1781462369,20,GET,/api/load/mixed [GET],4.000000,0.000000,17,26,30,31,90,95,96,96,96,96,96,4420,0,22,60.13930023846599,12.42441499925917,2511.467815999822,115.0
1781462369,20,GET,/api/products [GET],10.500000,0.000000,2,2,2,3,4,6,11,18,18,18,18,11119,0,2,6.265040953771812,0.791574999311706,497.9289789998802,120.0
1781462369,20,GET,/api/products/{id} [GET],5.500000,0.000000,2,2,2,3,3,4,6,6,6,6,6,6655,0,2,6.205211501581468,0.7898949997979798,501.92681399948924,39.0
1781462369,20,,Aggregated,20.000000,0.000000,2,3,5,13,18,30,90,95,96,96,96,22194,0,3,16.976317020908027,0.7898949997979798,2511.467815999822,94.71591421104803
1781462370,20,GET,/api/load/mixed [GET],4.000000,0.000000,17,26,30,31,90,95,96,96,96,96,96,4424,0,22,60.097811622970355,12.42441499925917,2511.467815999822,115.0
1781462370,20,GET,/api/products [GET],10.500000,0.000000,2,2,2,2,3,5,11,18,18,18,18,11129,0,2,6.260785528977422,0.791574999311706,497.9289789998802,120.0
1781462370,20,GET,/api/products/{id} [GET],5.700000,0.000000,2,2,2,3,3,4,6,6,6,6,6,6661,0,2,6.201414666570346,0.7898949997979798,501.92681399948924,39.0
1781462370,20,,Aggregated,20.200000,0.000000,2,3,5,13,18,30,90,95,96,96,96,22214,0,3,16.964825059243505,0.7898949997979798,2511.467815999822,94.71589988295669
1781462371,20,GET,/api/load/mixed [GET],3.700000,0.000000,17,28,30,31,90,95,96,96,96,96,96,4427,0,22,60.07542667337292,12.42441499925917,2511.467815999822,115.0
1781462371,20,GET,/api/products [GET],10.500000,0.000000,2,2,2,3,5,5,11,18,18,18,18,11141,0,2,6.256575824700525,0.791574999311706,497.9289789998802,120.0
1781462371,20,GET,/api/products/{id} [GET],5.900000,0.000000,2,2,2,3,3,5,6,10,10,10,10,6666,0,2,6.199543642968215,0.7898949997979798,501.92681399948924,39.0
1781462371,20,,Aggregated,20.100000,0.000000,2,3,5,13,18,31,90,95,96,96,96,22234,0,3,16.95531991859478,0.7898949997979798,2511.467815999822,94.71975353062876
1781462372,20,GET,/api/load/mixed [GET],4.100000,0.000000,17,27,30,31,89,95,96,96,96,96,96,4429,0,22,60.05465786159911,12.42441499925917,2511.467815999822,115.0
1781462372,20,GET,/api/products [GET],10.600000,0.000000,2,2,2,3,5,5,11,18,18,18,18,11152,0,2,6.25218451891926,0.791574999311706,497.9289789998802,120.0
1781462372,20,GET,/api/products/{id} [GET],5.300000,0.000000,2,2,2,2,3,3,5,10,10,10,10,6674,0,2,6.194039982473348,0.7898949997979798,501.92681399948924,39.0
1781462372,20,,Aggregated,20.000000,0.000000,2,3,5,13,17,30,89,95,96,96,96,22255,0,3,16.942056358887303,0.7898949997979798,2511.467815999822,94.71404178836217
1781462373,20,GET,/api/load/mixed [GET],4.100000,0.000000,16,22,29,30,86,90,95,95,95,95,95,4432,0,22,60.02386213425596,12.42441499925917,2511.467815999822,115.0
1781462373,20,GET,/api/products [GET],10.600000,0.000000,2,2,2,2,4,5,5,10,10,10,10,11159,0,2,6.249209383366474,0.791574999311706,497.9289789998802,120.0
1781462373,20,GET,/api/products/{id} [GET],5.300000,0.000000,2,2,2,2,3,3,5,10,10,10,10,6683,0,2,6.187789402218711,0.7898949997979798,501.92681399948924,39.0
1781462373,20,,Aggregated,20.000000,0.000000,2,2,4,10,16,29,86,90,95,95,95,22274,0,3,16.9306671932763,0.7898949997979798,2511.467815999822,94.70220885337164
1781462374,20,GET,/api/load/mixed [GET],4.100000,0.000000,17,26,30,31,84,90,95,95,95,95,95,4438,0,22,59.99558824335794,12.42441499925917,2511.467815999822,115.0
1781462374,20,GET,/api/products [GET],10.400000,0.000000,2,2,2,2,4,5,9,10,10,10,10,11167,0,2,6.247133253244863,0.791574999311706,497.9289789998802,120.0
1781462374,20,GET,/api/products/{id} [GET],5.500000,0.000000,2,2,2,2,3,3,4,10,10,10,10,6689,0,2,6.1843253531212055,0.7898949997979798,501.92681399948924,39.0
1781462374,20,,Aggregated,20.000000,0.000000,2,2,4,9,16,29,84,90,95,95,95,22294,0,3,16.927833047009756,0.7898949997979798,2511.467815999822,94.70175832062438
1781462375,20,GET,/api/load/mixed [GET],4.000000,0.000000,17,26,30,37,86,94,100,100,100,100,100,4446,0,22,59.98352776608684,12.42441499925917,2511.467815999822,115.0
1781462375,20,GET,/api/products [GET],9.600000,0.000000,2,2,2,3,4,5,10,10,10,10,10,11174,0,2,6.245029831035002,0.791574999311706,497.9289789998802,120.0
1781462375,20,GET,/api/products/{id} [GET],6.600000,0.000000,2,2,2,2,3,5,9,10,10,10,10,6696,0,2,6.18240358946041,0.7898949997979798,501.92681399948924,39.0
1781462375,20,,Aggregated,20.200000,0.000000,2,3,5,13,17,30,86,94,100,100,100,22316,0,3,16.932519367943804,0.7898949997979798,2511.467815999822,94.69949811794228
1781462376,20,GET,/api/load/mixed [GET],4.000000,0.000000,18,26,35,37,86,94,100,100,100,100,100,4451,0,22,59.94570217367393,12.42441499925917,2511.467815999822,115.0
1781462376,20,GET,/api/products [GET],9.400000,0.000000,2,2,2,2,4,5,9,10,10,10,10,11184,0,2,6.24151577798513,0.791574999311706,497.9289789998802,120.0
1781462376,20,GET,/api/products/{id} [GET],6.600000,0.000000,2,2,2,2,4,7,10,17,17,17,17,6701,0,2,6.1814439764253555,0.7898949997979798,501.92681399948924,39.0
1781462376,20,,Aggregated,20.000000,0.000000,2,3,7,14,23,35,86,94,100,100,100,22336,0,3,16.925380055606848,0.7898949997979798,2511.467815999822,94.70290114613181
1781462377,20,GET,/api/load/mixed [GET],4.100000,0.000000,17,26,30,37,84,94,100,100,100,100,100,4454,0,22,59.916802934670415,12.42441499925917,2511.467815999822,115.0
1781462377,20,GET,/api/products [GET],9.400000,0.000000,2,2,2,2,4,5,9,10,10,10,10,11195,0,2,6.237721149976391,0.791574999311706,497.9289789998802,120.0
1781462377,20,GET,/api/products/{id} [GET],6.600000,0.000000,2,2,2,3,5,9,10,17,17,17,17,6707,0,2,6.178203884602235,0.7898949997979798,501.92681399948924,39.0
1781462377,20,,Aggregated,20.100000,0.000000,2,3,7,14,18,30,84,94,100,100,100,22356,0,3,16.914382805467653,0.7898949997979798,2511.467815999822,94.70312220432993
1781462378,20,GET,/api/load/mixed [GET],4.300000,0.000000,17,25,29,37,84,94,100,100,100,100,100,4457,0,22,59.88667165313477,12.42441499925917,2511.467815999822,115.0
1781462378,20,GET,/api/products [GET],9.200000,0.000000,2,2,2,3,4,5,9,10,10,10,10,11203,0,2,6.235086563686849,0.791574999311706,497.9289789998802,120.0
1781462378,20,GET,/api/products/{id} [GET],6.500000,0.000000,2,2,3,3,5,9,10,17,17,17,17,6715,0,2,6.173775033808799,0.7898949997979798,501.92681399948924,39.0
1781462378,20,,Aggregated,20.000000,0.000000,2,4,5,13,17,29,84,94,100,100,100,22375,0,3,16.903842220470683,0.7898949997979798,2511.467815999822,94.6949720670391
1781462379,20,GET,/api/load/mixed [GET],4.200000,0.000000,16,25,26,35,73,90,100,100,100,100,100,4465,0,22,59.80549647660016,12.42441499925917,2511.467815999822,115.0
1781462379,20,GET,/api/products [GET],9.200000,0.000000,2,2,3,4,5,5,9,10,10,10,10,11211,0,2,6.232730921147316,0.791574999311706,497.9289789998802,120.0
1781462379,20,GET,/api/products/{id} [GET],6.600000,0.000000,2,2,3,4,5,9,10,17,17,17,17,6720,0,2,6.171077724259871,0.7898949997979798,501.92681399948924,39.0
1781462379,20,,Aggregated,20.000000,0.000000,2,4,9,14,17,29,84,94,100,100,100,22396,0,3,16.894817397393673,0.7898949997979798,2511.467815999822,94.69883014824076
1781462380,20,GET,/api/load/mixed [GET],4.200000,0.000000,16,25,35,70,90,97,100,100,100,100,100,4469,0,22,59.8185387026225,12.42441499925917,2511.467815999822,115.0
1781462380,20,GET,/api/products [GET],9.300000,0.000000,2,2,3,4,5,9,11,77,77,77,77,11221,0,2,6.236209174759926,0.791574999311706,497.9289789998802,120.0
1781462380,20,GET,/api/products/{id} [GET],6.600000,0.000000,2,2,3,4,5,8,9,17,17,17,17,6726,0,2,6.168622047283085,0.7898949997979798,501.92681399948924,39.0
1781462380,20,,Aggregated,20.100000,0.000000,2,4,10,14,17,70,94,98,100,100,100,22416,0,3,16.898452199412343,0.7898949997979798,2511.467815999822,94.69883119200571
1781462381,20,GET,/api/load/mixed [GET],4.400000,0.000000,17,25,35,70,90,97,100,100,100,100,100,4471,0,22,59.801437351156274,12.42441499925917,2511.467815999822,115.0
1781462381,20,GET,/api/products [GET],9.200000,0.000000,2,2,4,4,6,9,11,77,77,77,77,11234,0,2,6.233031993589179,0.791574999311706,497.9289789998802,120.0
1781462381,20,GET,/api/products/{id} [GET],6.400000,0.000000,2,3,4,4,6,9,12,17,17,17,17,6731,0,2,6.16761732239296,0.7898949997979798,501.92681399948924,39.0
1781462381,20,,Aggregated,20.000000,0.000000,3,5,11,14,18,70,94,98,100,100,100,22436,0,3,16.88840880772096,0.7898949997979798,2511.467815999822,94.70288821536816
1781462382,20,GET,/api/load/mixed [GET],4.200000,0.000000,18,26,73,89,97,99,110,110,110,110,110,4475,0,22,59.81735894123344,12.42441499925917,2511.467815999822,115.0
1781462382,20,GET,/api/products [GET],9.000000,0.000000,2,3,4,4,6,9,11,77,77,77,77,11241,0,2,6.23027905515345,0.791574999311706,497.9289789998802,120.0
1781462382,20,GET,/api/products/{id} [GET],6.400000,0.000000,2,4,5,5,8,12,17,74,74,74,74,6738,0,2,6.176072842687442,0.7898949997979798,501.92681399948924,39.0
1781462382,20,,Aggregated,19.600000,0.000000,3,6,13,14,26,89,98,100,110,110,110,22454,0,3,16.893721694799474,0.7898949997979798,2511.467815999822,94.69702502894808
1781462383,20,GET,/api/load/mixed [GET],4.300000,0.000000,17,35,89,90,99,110,280,280,280,280,280,4479,0,22,59.8756292076399,12.42441499925917,2511.467815999822,115.0
1781462383,20,GET,/api/products [GET],9.300000,0.000000,2,2,3,4,5,7,11,77,77,77,77,11256,0,2,6.224046263147002,0.791574999311706,497.9289789998802,120.0
1781462383,20,GET,/api/products/{id} [GET],6.400000,0.000000,2,4,5,5,8,12,17,74,74,74,74,6741,0,2,6.174009764430789,0.7898949997979798,501.92681399948924,39.0
1781462383,20,,Aggregated,20.000000,0.000000,2,5,11,14,25,89,100,190,280,280,280,22476,0,3,16.90068552149091,0.7898949997979798,2511.467815999822,94.71009076348105
1781462384,20,GET,/api/load/mixed [GET],4.400000,0.000000,17,25,37,89,100,190,280,280,280,280,280,4483,0,22,59.83615579746132,12.42441499925917,2511.467815999822,115.0
1781462384,20,GET,/api/products [GET],8.900000,0.000000,2,2,3,4,5,6,11,77,77,77,77,11267,0,2,6.219906579567082,0.791574999311706,497.9289789998802,120.0
1781462384,20,GET,/api/products/{id} [GET],6.300000,0.000000,2,3,4,4,7,12,17,74,74,74,74,6746,0,2,6.171350738663963,0.7898949997979798,501.92681399948924,39.0
1781462384,20,,Aggregated,19.600000,0.000000,2,4,8,13,18,77,100,190,280,280,280,22496,0,3,16.88998515091698,0.7898949997979798,2511.467815999822,94.71368243243244
1781462385,20,GET,/api/load/mixed [GET],4.700000,0.000000,16,21,30,89,99,190,280,280,280,280,280,4487,0,22,59.80227369267217,12.42441499925917,2511.467815999822,115.0
1781462385,20,GET,/api/products [GET],9.500000,0.000000,2,2,3,4,5,6,11,77,77,77,77,11274,0,2,6.217298794747474,0.791574999311706,497.9289789998802,120.0
1781462385,20,GET,/api/products/{id} [GET],5.800000,0.000000,2,3,4,5,7,9,12,74,74,74,74,6755,0,2,6.16686209682104,0.7898949997979798,501.92681399948924,39.0
1781462385,20,,Aggregated,20.000000,0.000000,2,4,7,13,16,74,99,190,280,280,280,22516,0,3,16.880608551031674,0.7898949997979798,2511.467815999822,94.70287795345531
1781462386,20,GET,/api/load/mixed [GET],4.400000,0.000000,16,20,27,89,99,190,280,280,280,280,280,4491,0,22,59.762614790251746,12.42441499925917,2511.467815999822,115.0
1781462386,20,GET,/api/products [GET],10.000000,0.000000,2,2,3,4,4,6,11,77,77,77,77,11285,0,2,6.213391334867778,0.791574999311706,497.9289789998802,120.0
1781462386,20,GET,/api/products/{id} [GET],5.600000,0.000000,2,3,4,5,7,9,12,74,74,74,74,6760,0,2,6.164096735359146,0.7898949997979798,501.92681399948924,39.0
1781462386,20,,Aggregated,20.000000,0.000000,2,4,7,13,16,74,99,190,280,280,280,22536,0,3,16.869955545262304,0.7898949997979798,2511.467815999822,94.7064696485623
1781462387,20,GET,/api/load/mixed [GET],4.200000,0.000000,17,25,33,89,99,190,280,280,280,280,280,4497,0,22,59.7180983391198,12.42441499925917,2511.467815999822,115.0
1781462387,20,GET,/api/products [GET],9.900000,0.000000,2,2,3,3,4,7,11,77,77,77,77,11293,0,2,6.210936045424794,0.791574999311706,497.9289789998802,120.0
1781462387,20,GET,/api/products/{id} [GET],6.000000,0.000000,2,4,4,6,8,9,12,74,74,74,74,6766,0,2,6.162118759241334,0.7898949997979798,501.92681399948924,39.0
1781462387,20,,Aggregated,20.100000,0.000000,2,4,9,13,21,74,99,190,280,280,280,22556,0,3,16.86403992361371,0.7898949997979798,2511.467815999822,94.70602057102323
1781462388,20,GET,/api/load/mixed [GET],4.000000,0.000000,22,27,37,89,99,190,280,280,280,280,280,4500,0,22,59.69313065911577,12.42441499925917,2511.467815999822,115.0
1781462388,20,GET,/api/products [GET],10.200000,0.000000,2,2,2,3,4,7,11,77,77,77,77,11306,0,2,6.206039835218643,0.791574999311706,497.9289789998802,120.0
1781462388,20,GET,/api/products/{id} [GET],5.800000,0.000000,2,3,4,6,8,9,12,74,74,74,74,6770,0,2,6.159350310491543,0.7898949997979798,501.92681399948924,39.0
1781462388,20,,Aggregated,20.000000,0.000000,2,4,8,13,22,74,99,190,280,280,280,22576,0,3,16.85344507198046,0.7898949997979798,2511.467815999822,94.7134124734231
1781462389,20,GET,/api/load/mixed [GET],4.400000,0.000000,22,27,37,89,99,190,280,280,280,280,280,4502,0,22,59.67312405553552,12.42441499925917,2511.467815999822,115.0
1781462389,20,GET,/api/products [GET],9.700000,0.000000,2,2,2,2,4,6,10,77,77,77,77,11318,0,2,6.201206894591094,0.791574999311706,497.9289789998802,120.0
1781462389,20,GET,/api/products/{id} [GET],5.900000,0.000000,2,3,4,4,7,9,12,74,74,74,74,6776,0,2,6.155371723734885,0.7898949997979798,501.92681399948924,39.0
1781462389,20,,Aggregated,20.000000,0.000000,2,4,7,13,22,74,99,190,280,280,280,22596,0,3,16.841142809834956,0.7898949997979798,2511.467815999822,94.71384315808108
1781462390,20,GET,/api/load/mixed [GET],4.300000,0.000000,18,23,28,33,99,190,280,280,280,280,280,4505,0,22,59.64379062597613,12.42441499925917,2511.467815999822,115.0
1781462390,20,GET,/api/products [GET],10.200000,0.000000,2,2,2,2,3,4,5,10,10,10,10,11329,0,2,6.1968357762362585,0.791574999311706,497.9289789998802,120.0
1781462390,20,GET,/api/products/{id} [GET],5.500000,0.000000,2,2,3,4,7,8,9,74,74,74,74,6782,0,2,6.151354707612574,0.7898949997979798,501.92681399948924,39.0
1781462390,20,,Aggregated,20.000000,0.000000,2,3,4,10,18,28,99,190,280,280,280,22616,0,3,16.829577153609463,0.7898949997979798,2511.467815999822,94.71405199858508
1781462391,20,GET,/api/load/mixed [GET],3.700000,0.000000,18,22,28,30,99,190,280,280,280,280,280,4509,0,22,59.61607094566929,12.42441499925917,2511.467815999822,115.0
1781462391,20,GET,/api/products [GET],10.600000,0.000000,2,2,2,2,4,4,5,10,10,10,10,11337,0,2,6.194155705917041,0.791574999311706,497.9289789998802,120.0
1781462391,20,GET,/api/products/{id} [GET],5.700000,0.000000,2,2,2,3,4,7,8,8,8,8,8,6790,0,2,6.146175706189899,0.7898949997979798,501.92681399948924,39.0
1781462391,20,,Aggregated,20.000000,0.000000,2,2,4,8,17,27,99,190,280,280,280,22636,0,3,16.821193681614854,0.7898949997979798,2511.467815999822,94.70688284149143
1781462392,20,GET,/api/load/mixed [GET],3.900000,0.000000,20,22,27,30,68,93,94,94,94,94,94,4513,0,22,59.62897545158944,12.42441499925917,2511.467815999822,115.0
1781462392,20,GET,/api/products [GET],10.800000,0.000000,2,2,2,2,4,4,5,10,10,10,10,11349,0,2,6.1897307157441075,0.791574999311706,497.9289789998802,120.0
1781462392,20,GET,/api/products/{id} [GET],5.700000,0.000000,2,2,2,3,4,7,8,8,8,8,8,6794,0,2,6.143530947163747,0.7898949997979798,501.92681399948924,39.0
1781462392,20,,Aggregated,20.400000,0.000000,2,3,4,8,17,24,68,93,94,94,94,22656,0,3,16.820796670243368,0.7898949997979798,2511.467815999822,94.71402718926554
1781462393,20,GET,/api/load/mixed [GET],3.900000,0.000000,17,22,27,30,68,93,94,94,94,94,94,4517,0,22,59.58951610582757,12.42441499925917,2511.467815999822,115.0
1781462393,20,GET,/api/products [GET],10.300000,0.000000,2,2,2,3,3,4,5,10,10,10,10,11357,0,2,6.186712160515882,0.791574999311706,497.9289789998802,120.0
1781462393,20,GET,/api/products/{id} [GET],5.800000,0.000000,2,2,2,3,4,7,8,8,8,8,8,6802,0,2,6.138744733171073,0.7898949997979798,501.92681399948924,39.0
1781462393,20,,Aggregated,20.000000,0.000000,2,3,4,8,17,24,68,93,94,94,94,22676,0,3,16.810022752338686,0.7898949997979798,2511.467815999822,94.70687070029987
1781462394,20,GET,/api/load/mixed [GET],3.700000,0.000000,18,23,28,35,90,93,94,94,94,94,94,4522,0,22,59.563388248568096,12.42441499925917,2511.467815999822,115.0
1781462394,20,GET,/api/products [GET],10.800000,0.000000,2,2,2,3,3,4,10,11,11,11,11,11368,0,2,6.183893751933306,0.791574999311706,497.9289789998802,120.0
1781462394,20,GET,/api/products/{id} [GET],5.600000,0.000000,2,2,2,2,4,8,8,25,25,25,25,6806,0,2,6.1396090719995335,0.7898949997979798,501.92681399948924,39.0
1781462394,20,,Aggregated,20.100000,0.000000,2,3,4,11,18,26,90,93,94,94,94,22696,0,3,16.806059445542477,0.7898949997979798,2511.467815999822,94.71378216425802
1781462395,20,GET,/api/load/mixed [GET],3.800000,0.000000,20,24,33,35,90,93,94,94,94,94,94,4523,0,22,59.55371427216995,12.42441499925917,2511.467815999822,115.0
1781462395,20,GET,/api/products [GET],10.300000,0.000000,2,2,2,2,3,4,10,11,11,11,11,11376,0,2,6.180658107944663,0.791574999311706,497.9289789998802,120.0
1781462395,20,GET,/api/products/{id} [GET],5.900000,0.000000,2,2,2,3,4,8,8,25,25,25,25,6817,0,2,6.133285847591235,0.7898949997979798,501.92681399948924,39.0
1781462395,20,,Aggregated,20.000000,0.000000,2,2,3,8,17,26,90,93,94,94,94,22716,0,3,16.793591561543977,0.7898949997979798,2511.467815999822,94.69660151435112
1781462396,20,GET,/api/load/mixed [GET],3.900000,0.000000,18,24,68,90,93,93,94,94,94,94,94,4527,0,22,59.563334543190805,12.42441499925917,2511.467815999822,115.0
1781462396,20,GET,/api/products [GET],9.900000,0.000000,2,2,2,2,3,4,11,17,17,17,17,11387,0,2,6.177858980150915,0.791574999311706,497.9289789998802,120.0
1781462396,20,GET,/api/products/{id} [GET],6.100000,0.000000,2,2,2,2,3,4,5,25,25,25,25,6822,0,2,6.13007118865873,0.7898949997979798,501.92681399948924,39.0
1781462396,20,,Aggregated,19.900000,0.000000,2,2,3,4,17,26,91,93,94,94,94,22736,0,3,16.79318443583011,0.7898949997979798,2511.467815999822,94.70016713581984
1781462397,20,GET,/api/load/mixed [GET],3.600000,0.000000,17,26,84,90,93,93,94,94,94,94,94,4528,0,22,59.55454252761158,12.42441499925917,2511.467815999822,115.0
1781462397,20,GET,/api/products [GET],10.100000,0.000000,2,2,2,3,4,5,11,17,17,17,17,11403,0,2,6.172826110407789,0.791574999311706,497.9289789998802,120.0
1781462397,20,GET,/api/products/{id} [GET],6.300000,0.000000,2,2,2,3,3,5,7,25,25,25,25,6825,0,2,6.1292408502607865,0.7898949997979798,501.92681399948924,39.0
1781462397,20,,Aggregated,20.000000,0.000000,2,3,3,5,16,26,91,93,94,94,94,22756,0,3,16.781673998287726,0.7898949997979798,2511.467815999822,94.71150465811215
1781462398,20,GET,/api/load/mixed [GET],3.500000,0.000000,17,26,75,84,91,93,94,94,94,94,94,4533,0,22,59.519531294292214,12.42441499925917,2511.467815999822,115.0
1781462398,20,GET,/api/products [GET],10.100000,0.000000,2,2,3,3,4,5,11,17,17,17,17,11414,0,2,6.169284079987629,0.791574999311706,497.9289789998802,120.0
1781462398,20,GET,/api/products/{id} [GET],6.300000,0.000000,2,2,3,3,3,5,7,25,25,25,25,6828,0,2,6.127687091392778,0.7898949997979798,501.92681399948924,39.0
1781462398,20,,Aggregated,19.900000,0.000000,2,3,4,7,17,35,91,93,94,94,94,22775,0,3,16.77532782902462,0.7898949997979798,2511.467815999822,94.72083424807903
1781462399,20,GET,/api/load/mixed [GET],3.100000,0.000000,18,35,84,87,91,93,94,94,94,94,94,4536,0,22,59.506640686954746,12.42441499925917,2511.467815999822,115.0
1781462399,20,GET,/api/products [GET],11.000000,0.000000,2,2,3,3,4,6,11,17,17,17,17,11425,0,2,6.165372335665561,0.791574999311706,497.9289789998802,120.0
1781462399,20,GET,/api/products/{id} [GET],5.900000,0.000000,2,2,3,3,3,5,7,25,25,25,25,6835,0,2,6.123537842725787,0.7898949997979798,501.92681399948924,39.0
1781462399,20,,Aggregated,20.000000,0.000000,2,3,4,6,17,68,91,93,94,94,94,22796,0,3,16.766796027638048,0.7898949997979798,2511.467815999822,94.71859098087384
1781462400,20,GET,/api/load/mixed [GET],3.300000,0.000000,17,35,84,90,93,93,94,94,94,94,94,4538,0,22,59.4869553680095,12.42441499925917,2511.467815999822,115.0
1781462400,20,GET,/api/products [GET],10.900000,0.000000,2,2,3,3,4,6,11,17,17,17,17,11437,0,2,6.160902410070586,0.791574999311706,497.9289789998802,120.0
1781462400,20,GET,/api/products/{id} [GET],5.800000,0.000000,2,2,3,3,3,5,7,25,25,25,25,6841,0,2,6.1200748431559715,0.7898949997979798,501.92681399948924,39.0
1781462400,20,,Aggregated,20.000000,0.000000,2,3,4,5,16,35,91,93,94,94,94,22816,0,3,16.754973541638982,0.7898949997979798,2511.467815999822,94.71901297335204
1781462401,20,GET,/api/load/mixed [GET],3.500000,0.000000,17,26,75,84,91,93,94,94,94,94,94,4542,0,22,59.45144420035804,12.42441499925917,2511.467815999822,115.0
1781462401,20,GET,/api/products [GET],10.600000,0.000000,2,2,3,3,5,6,8,11,17,17,17,11450,0,2,6.156980200522238,0.791574999311706,497.9289789998802,120.0
1781462401,20,GET,/api/products/{id} [GET],5.900000,0.000000,2,2,3,3,4,5,7,25,25,25,25,6844,0,2,6.118680441559109,0.7898949997979798,501.92681399948924,39.0
1781462401,20,,Aggregated,20.000000,0.000000,2,3,5,7,17,27,91,93,94,94,94,22836,0,3,16.745582930287135,0.7898949997979798,2511.467815999822,94.72963741460852
1781462402,20,GET,/api/load/mixed [GET],3.200000,0.000000,23,26,35,75,91,91,93,93,93,93,93,4547,0,22,59.42131514361715,12.42441499925917,2511.467815999822,115.0
1781462402,20,GET,/api/products [GET],10.900000,0.000000,2,2,3,3,5,6,8,11,17,17,17,11461,0,2,6.153392799317737,0.791574999311706,497.9289789998802,120.0
1781462402,20,GET,/api/products/{id} [GET],5.900000,0.000000,2,2,3,3,4,5,25,25,25,25,25,6848,0,2,6.116268052866439,0.7898949997979798,501.92681399948924,39.0
1781462402,20,,Aggregated,20.000000,0.000000,2,3,5,6,17,27,87,91,93,93,93,22856,0,3,16.739453905190665,0.7898949997979798,2511.467815999822,94.7364805740287
1781462403,20,GET,/api/load/mixed [GET],3.300000,0.000000,23,27,64,75,87,91,93,93,93,93,93,4552,0,22,59.394971617756525,12.42441499925917,2511.467815999822,115.0
1781462403,20,GET,/api/products [GET],11.100000,0.000000,2,2,3,3,5,6,7,12,17,17,17,11469,0,2,6.151260497862102,0.791574999311706,497.9289789998802,120.0
1781462403,20,GET,/api/products/{id} [GET],5.600000,0.000000,2,3,3,3,4,7,22,22,22,22,22,6855,0,2,6.11574213042021,0.7898949997979798,501.92681399948924,39.0
1781462403,20,,Aggregated,20.000000,0.000000,2,3,5,7,20,34,87,91,93,93,93,22876,0,3,16.73536150367369,0.7898949997979798,2511.467815999822,94.73268928134289
1781462404,20,GET,/api/load/mixed [GET],3.700000,0.000000,23,27,34,64,84,91,93,93,93,93,93,4557,0,22,59.351945506699224,12.42441499925917,2511.467815999822,115.0
1781462404,20,GET,/api/products [GET],11.100000,0.000000,2,2,3,4,5,6,7,12,17,17,17,11479,0,2,6.147925411358029,0.791574999311706,497.9289789998802,120.0
1781462404,20,GET,/api/products/{id} [GET],5.500000,0.000000,2,3,3,3,4,7,22,22,22,22,22,6860,0,2,6.11267511764295,0.7898949997979798,501.92681399948924,39.0
1781462404,20,,Aggregated,20.300000,0.000000,2,4,6,12,21,27,84,91,93,93,93,22896,0,3,16.726581183527188,0.7898949997979798,2511.467815999822,94.73598008385744
1781462405,20,GET,/api/load/mixed [GET],3.500000,0.000000,21,27,34,64,84,87,91,91,91,91,91,4561,0,22,59.34634286187867,12.42441499925917,2511.467815999822,115.0
1781462405,20,GET,/api/products [GET],11.200000,0.000000,2,2,3,4,6,6,7,9,12,12,12,11488,0,2,6.14588060158251,0.791574999311706,497.9289789998802,120.0
1781462405,20,GET,/api/products/{id} [GET],5.300000,0.000000,2,3,3,3,7,9,70,70,70,70,70,6867,0,2,6.119808786810862,0.7898949997979798,501.92681399948924,39.0
1781462405,20,,Aggregated,20.000000,0.000000,2,4,6,13,22,34,84,87,91,91,91,22916,0,3,16.72662214535867,0.7898949997979798,2511.467815999822,94.73241403386281
1781462406,20,GET,/api/load/mixed [GET],3.600000,0.000000,21,27,27,35,87,91,190,190,190,190,190,4565,0,22,59.35072620504465,12.42441499925917,2511.467815999822,115.0
1781462406,20,GET,/api/products [GET],11.200000,0.000000,2,3,4,4,9,26,37,40,40,40,40,11498,0,2,6.158813972515299,0.791574999311706,497.9289789998802,120.0
1781462406,20,GET,/api/products/{id} [GET],5.300000,0.000000,2,3,3,5,14,28,70,70,70,70,70,6873,0,2,6.126966746694363,0.7898949997979798,501.92681399948924,39.0
1781462406,20,,Aggregated,20.100000,0.000000,3,6,13,16,27,37,87,91,190,190,190,22936,0,3,16.7361680603436,0.7898949997979798,2511.467815999822,94.73238576909662
1781462407,20,GET,/api/load/mixed [GET],3.800000,0.000000,21,27,27,35,87,91,190,190,190,190,190,4568,0,22,59.32169634019899,12.42441499925917,2511.467815999822,115.0
1781462407,20,GET,/api/products [GET],11.200000,0.000000,2,3,4,4,9,26,37,40,40,40,40,11507,0,2,6.155690431648643,0.791574999311706,497.9289789998802,120.0
1781462407,20,GET,/api/products/{id} [GET],5.000000,0.000000,2,3,3,4,9,28,34,70,70,70,70,6881,0,2,6.121965087201163,0.7898949997979798,501.92681399948924,39.0
1781462407,20,,Aggregated,20.000000,0.000000,2,6,13,16,26,35,87,91,190,190,190,22956,0,3,16.725051422026564,0.7898949997979798,2511.467815999822,94.72551838299356
1781462408,20,GET,/api/load/mixed [GET],3.900000,0.000000,21,24,27,34,78,91,190,190,190,190,190,4571,0,22,59.291933718011045,12.42441499925917,2511.467815999822,115.0
1781462408,20,GET,/api/products [GET],11.100000,0.000000,2,3,3,4,9,26,37,40,40,40,40,11522,0,2,6.150385445927823,0.791574999311706,497.9289789998802,120.0
1781462408,20,GET,/api/products/{id} [GET],5.100000,0.000000,2,3,3,5,14,28,70,70,70,70,70,6883,0,2,6.121014164612916,0.7898949997979798,501.92681399948924,39.0
1781462408,20,,Aggregated,20.100000,0.000000,3,5,13,15,26,34,78,91,190,190,190,22976,0,3,16.713923686805376,0.7898949997979798,2511.467815999822,94.73981545961003
1781462409,20,GET,/api/load/mixed [GET],3.900000,0.000000,21,26,27,28,78,91,190,190,190,190,190,4573,0,22,59.277917298716034,12.42441499925917,2511.467815999822,115.0
1781462409,20,GET,/api/products [GET],10.500000,0.000000,2,3,4,5,11,26,37,40,40,40,40,11534,0,2,6.14768606918518,0.791574999311706,497.9289789998802,120.0
1781462409,20,GET,/api/products/{id} [GET],5.600000,0.000000,2,3,4,6,14,28,70,70,70,70,70,6889,0,2,6.118522371176062,0.7898949997979798,501.92681399948924,39.0
1781462409,20,,Aggregated,20.000000,0.000000,2,6,13,15,26,34,78,91,190,190,190,22996,0,3,16.704462843278954,0.7898949997979798,2511.467815999822,94.74021568968516
1781462410,20,GET,/api/load/mixed [GET],3.800000,0.000000,24,27,34,35,90,97,190,190,190,190,190,4578,0,22,59.26682499301664,12.42441499925917,2511.467815999822,115.0
1781462410,20,GET,/api/products [GET],10.700000,0.000000,2,3,4,4,12,26,37,40,40,40,40,11544,0,2,6.14486869568437,0.791574999311706,497.9289789998802,120.0
1781462410,20,GET,/api/products/{id} [GET],5.500000,0.000000,2,3,4,8,14,28,70,70,70,70,70,6894,0,2,6.117937576013045,0.7898949997979798,501.92681399948924,39.0
1781462410,20,,Aggregated,20.000000,0.000000,2,7,13,16,27,37,90,97,190,190,190,23016,0,3,16.703030530502485,0.7898949997979798,2511.467815999822,94.74348279457769
1781462411,20,GET,/api/load/mixed [GET],3.700000,0.000000,18,27,29,35,90,97,190,190,190,190,190,4582,0,21,59.227492317335134,12.42441499925917,2511.467815999822,115.0
1781462411,20,GET,/api/products [GET],11.000000,0.000000,2,3,4,4,12,26,37,40,40,40,40,11557,0,2,6.141186996969776,0.791574999311706,497.9289789998802,120.0
1781462411,20,GET,/api/products/{id} [GET],5.300000,0.000000,2,3,4,8,14,28,70,70,70,70,70,6897,0,2,6.115924809487218,0.7898949997979798,501.92681399948924,39.0
1781462411,20,,Aggregated,20.000000,0.000000,2,6,13,15,26,35,90,97,190,190,190,23036,0,3,16.69281130982129,0.7898949997979798,2511.467815999822,94.75399374891474
1781462412,20,GET,/api/load/mixed [GET],4.000000,0.000000,17,24,27,28,90,97,190,190,190,190,190,4584,0,21,59.20902908072186,12.42441499925917,2511.467815999822,115.0
1781462412,20,GET,/api/products [GET],10.700000,0.000000,2,3,4,4,11,26,37,40,40,40,40,11564,0,2,6.138578493685535,0.791574999311706,497.9289789998802,120.0
1781462412,20,GET,/api/products/{id} [GET],5.200000,0.000000,2,2,3,5,10,28,34,70,70,70,70,6908,0,2,6.10931652808833,0.7898949997979798,501.92681399948924,39.0
1781462412,20,,Aggregated,19.900000,0.000000,2,4,11,14,25,29,90,97,190,190,190,23056,0,3,16.681292053393626,0.7898949997979798,2511.467815999822,94.73681471200555
1781462413,20,GET,/api/load/mixed [GET],3.900000,0.000000,21,28,90,91,98,170,190,190,190,190,190,4589,0,22,59.25185501068395,12.42441499925917,2511.467815999822,115.0
1781462413,20,GET,/api/products [GET],10.900000,0.000000,2,3,4,5,11,26,37,40,40,40,40,11571,0,2,6.13764361870009,0.791574999311706,497.9289789998802,120.0
1781462413,20,GET,/api/products/{id} [GET],5.200000,0.000000,2,2,3,5,11,28,34,70,70,70,70,6916,0,2,6.106034474701505,0.7898949997979798,501.92681399948924,39.0
1781462413,20,,Aggregated,20.000000,0.000000,2,5,12,14,26,70,98,170,190,190,190,23076,0,3,16.690707721574093,0.7898949997979798,2511.467815999822,94.7295458485006
1781462414,20,GET,/api/load/mixed [GET],3.700000,0.000000,17,25,29,90,98,170,190,190,190,190,190,4594,0,22,59.20848260753745,12.42441499925917,2511.467815999822,115.0
1781462414,20,GET,/api/products [GET],10.400000,0.000000,2,3,4,5,11,26,37,40,40,40,40,11581,0,2,6.134741378376654,0.791574999311706,497.9289789998802,120.0
1781462414,20,GET,/api/products/{id} [GET],5.900000,0.000000,2,2,3,4,10,14,28,34,34,34,34,6921,0,2,6.103878665515784,0.7898949997979798,501.92681399948924,39.0
1781462414,20,,Aggregated,20.000000,0.000000,2,5,12,14,25,34,98,170,190,190,190,23096,0,3,16.682332579063146,0.7898949997979798,2511.467815999822,94.73281087634223
1781462415,20,GET,/api/load/mixed [GET],3.400000,0.000000,17,26,29,90,98,110,170,170,170,170,170,4594,0,22,59.20848260753745,12.42441499925917,2511.467815999822,115.0
1781462415,20,GET,/api/products [GET],10.100000,0.000000,2,2,3,3,5,11,12,13,13,13,13,11596,0,2,6.1287515689876315,0.791574999311706,497.9289789998802,120.0
1781462415,20,GET,/api/products/{id} [GET],6.200000,0.000000,2,2,2,3,5,10,11,13,13,13,13,6926,0,2,6.101030723222005,0.7898949997979798,501.92681399948924,39.0
1781462415,20,,Aggregated,19.700000,0.000000,2,3,5,10,15,26,97,110,170,170,170,23116,0,3,16.66934206099861,0.7898949997979798,2511.467815999822,94.73715175635922
1781462416,20,GET,/api/load/mixed [GET],3.700000,0.000000,17,25,29,90,98,110,170,170,170,170,170,4597,0,21,59.178644909077036,12.42441499925917,2511.467815999822,115.0
1781462416,20,GET,/api/products [GET],10.200000,0.000000,2,2,3,3,5,10,11,12,13,13,13,11610,0,2,6.123607755812355,0.791574999311706,497.9289789998802,120.0
1781462416,20,GET,/api/products/{id} [GET],6.100000,0.000000,2,2,2,3,8,10,13,13,13,13,13,6929,0,2,6.099177154284147,0.7898949997979798,501.92681399948924,39.0
1781462416,20,,Aggregated,20.000000,0.000000,2,3,5,11,15,26,97,110,170,170,170,23136,0,3,16.658044398082826,0.7898949997979798,2511.467815999822,94.7478388658368
1781462417,20,GET,/api/load/mixed [GET],3.300000,0.000000,17,26,29,90,98,110,170,170,170,170,170,4600,0,21,59.15208218391882,12.42441499925917,2511.467815999822,115.0
1781462417,20,GET,/api/products [GET],10.800000,0.000000,2,2,2,3,4,10,11,12,13,13,13,11621,0,2,6.119441016864659,0.791574999311706,497.9289789998802,120.0
1781462417,20,GET,/api/products/{id} [GET],5.900000,0.000000,2,2,2,3,5,10,11,13,13,13,13,6935,0,2,6.0953198046193915,0.7898949997979798,501.92681399948924,39.0
1781462417,20,,Aggregated,20.000000,0.000000,2,3,4,10,15,26,97,110,170,170,170,23156,0,3,16.64728990102121,0.7898949997979798,2511.467815999822,94.74801347382967
1781462418,20,GET,/api/load/mixed [GET],3.200000,0.000000,17,24,29,78,97,110,170,170,170,170,170,4605,0,21,59.11949653160217,12.42441499925917,2511.467815999822,115.0
1781462418,20,GET,/api/products [GET],11.100000,0.000000,2,2,2,3,4,6,11,12,12,12,12,11630,0,2,6.116375785467336,0.791574999311706,497.9289789998802,120.0
1781462418,20,GET,/api/products/{id} [GET],5.700000,0.000000,2,2,2,3,4,10,10,13,13,13,13,6941,0,2,6.09150931941161,0.7898949997979798,501.92681399948924,39.0
1781462418,20,,Aggregated,20.000000,0.000000,2,3,4,10,15,25,97,110,170,170,170,23176,0,3,16.640485765406023,0.7898949997979798,2511.467815999822,94.74775629962029
1781462419,20,GET,/api/load/mixed [GET],3.200000,0.000000,17,24,29,37,97,110,170,170,170,170,170,4610,0,21,59.08291524404063,12.42441499925917,2511.467815999822,115.0
1781462419,20,GET,/api/products [GET],11.300000,0.000000,2,2,2,3,4,5,11,11,11,11,11,11638,0,2,6.113743129917822,0.791574999311706,497.9289789998802,120.0
1781462419,20,GET,/api/products/{id} [GET],5.500000,0.000000,2,2,2,2,3,7,8,13,13,13,13,6948,0,2,6.087749813044809,0.7898949997979798,501.92681399948924,39.0
1781462419,20,,Aggregated,20.000000,0.000000,2,3,4,10,16,28,97,110,170,170,170,23196,0,3,16.633112067686113,0.7898949997979798,2511.467815999822,94.74400758751509
1781462420,20,GET,/api/load/mixed [GET],3.400000,0.000000,21,28,37,75,94,110,170,170,170,170,170,4613,0,21,59.08063462779686,12.42441499925917,2511.467815999822,115.0
1781462420,20,GET,/api/products [GET],10.900000,0.000000,2,2,2,3,4,5,11,11,11,11,11,11648,0,2,6.110419687584623,0.791574999311706,497.9289789998802,120.0
1781462420,20,GET,/api/products/{id} [GET],5.700000,0.000000,2,2,2,3,4,7,8,13,13,13,13,6955,0,2,6.084257698926714,0.7898949997979798,501.92681399948924,39.0
1781462420,20,,Aggregated,20.000000,0.000000,2,3,4,8,16,29,94,110,170,170,170,23216,0,3,16.62772003596867,0.7898949997979798,2511.467815999822,94.7406960716747
1781462421,20,GET,/api/load/mixed [GET],3.600000,0.000000,22,33,75,77,94,110,170,170,170,170,170,4622,0,21,59.047324123112645,12.42441499925917,2511.467815999822,115.0
1781462421,20,GET,/api/products [GET],10.400000,0.000000,2,2,3,3,4,6,11,19,19,19,19,11657,0,2,6.109397378569513,0.791574999311706,497.9289789998802,120.0
1781462421,20,GET,/api/products/{id} [GET],6.000000,0.000000,2,2,2,3,5,7,13,13,13,13,13,6957,0,2,6.083453978012872,0.7898949997979798,501.92681399948924,39.0
1781462421,20,,Aggregated,20.000000,0.000000,2,3,6,13,22,75,94,110,170,170,170,23236,0,3,16.631802662422437,0.7898949997979798,2511.467815999822,94.75352900671372
1781462422,20,GET,/api/load/mixed [GET],3.500000,0.000000,22,28,40,75,85,110,170,170,170,170,170,4625,0,22,59.023410001086766,12.42441499925917,2511.467815999822,115.0
1781462422,20,GET,/api/products [GET],10.500000,0.000000,2,2,2,3,4,5,6,11,19,19,19,11671,0,2,6.104265691541915,0.791574999311706,497.9289789998802,120.0
1781462422,20,GET,/api/products/{id} [GET],6.100000,0.000000,2,2,3,3,3,6,8,8,8,8,8,6960,0,2,6.081931205033956,0.7898949997979798,501.92681399948924,39.0
1781462422,20,,Aggregated,20.100000,0.000000,2,3,5,13,24,40,85,110,170,170,170,23256,0,3,16.621792110769224,0.7898949997979798,2511.467815999822,94.7641468868249
1781462423,20,GET,/api/load/mixed [GET],4.000000,0.000000,24,28,37,75,83,98,170,170,170,170,170,4627,0,22,59.00997586600939,12.42441499925917,2511.467815999822,115.0
1781462423,20,GET,/api/products [GET],9.800000,0.000000,2,2,2,3,4,5,13,19,19,19,19,11680,0,2,6.101895547258949,0.791574999311706,497.9289789998802,120.0
1781462423,20,GET,/api/products/{id} [GET],6.100000,0.000000,2,2,2,3,5,7,14,14,14,14,14,6969,0,2,6.079329846611927,0.7898949997979798,501.92681399948924,39.0
1781462423,20,,Aggregated,19.900000,0.000000,2,3,4,13,21,28,77,83,85,85,85,23276,0,3,16.612654580900898,0.7898949997979798,2511.467815999822,94.75408145729507
1781462424,20,GET,/api/load/mixed [GET],4.000000,0.000000,24,28,40,75,85,95,280,280,280,280,280,4632,0,22,59.052110350825906,12.42441499925917,2511.467815999822,115.0
1781462424,20,GET,/api/products [GET],10.700000,0.000000,2,2,3,3,5,6,19,89,89,89,89,11687,0,2,6.107498960553018,0.791574999311706,497.9289789998802,120.0
1781462424,20,GET,/api/products/{id} [GET],5.300000,0.000000,2,2,3,3,6,13,14,99,99,99,99,6977,0,2,6.0898126851138175,0.7898949997979798,501.92681399948924,39.0
1781462424,20,,Aggregated,20.000000,0.000000,2,3,7,13,26,75,89,99,280,280,280,23296,0,3,16.629307117146656,0.7898949997979798,2511.467815999822,94.74686641483517
1781462425,20,GET,/api/load/mixed [GET],4.100000,0.000000,26,33,75,75,85,95,280,280,280,280,280,4633,0,22,59.05525092510813,12.42441499925917,2511.467815999822,115.0
1781462425,20,GET,/api/products [GET],11.000000,0.000000,2,2,3,3,5,6,19,89,89,89,89,11699,0,2,6.103660890159876,0.791574999311706,497.9289789998802,120.0
1781462425,20,GET,/api/products/{id} [GET],5.200000,0.000000,2,2,3,3,6,13,14,99,99,99,99,6984,0,2,6.086366696025056,0.7898949997979798,501.92681399948924,39.0
1781462425,20,,Aggregated,20.300000,0.000000,2,3,6,13,27,75,89,99,280,280,280,23316,0,3,16.620213213889436,0.7898949997979798,2511.467815999822,94.74399553954366
1781462426,20,GET,/api/load/mixed [GET],3.700000,0.000000,27,40,75,77,85,95,280,280,280,280,280,4637,0,22,59.04579803429473,12.42441499925917,2511.467815999822,115.0
1781462426,20,GET,/api/products [GET],10.600000,0.000000,2,2,3,3,5,9,19,89,89,89,89,11708,0,2,6.101360993848704,0.791574999311706,497.9289789998802,120.0
1781462426,20,GET,/api/products/{id} [GET],5.600000,0.000000,2,3,3,5,7,14,17,99,99,99,99,6991,0,2,6.084856950942364,0.7898949997979798,501.92681399948924,39.0
1781462426,20,,Aggregated,19.900000,0.000000,2,5,11,14,28,77,89,99,280,280,280,23336,0,3,16.616786722019373,0.7898949997979798,2511.467815999822,94.7404868015084
1781462427,20,GET,/api/load/mixed [GET],3.900000,0.000000,28,74,75,79,92,96,280,280,280,280,280,4643,0,22,59.039939644200686,12.42441499925917,2511.467815999822,115.0
1781462427,20,GET,/api/products [GET],10.300000,0.000000,2,2,3,3,5,11,28,89,89,89,89,11720,0,2,6.098916110237303,0.791574999311706,497.9289789998802,120.0
1781462427,20,GET,/api/products/{id} [GET],5.800000,0.000000,2,3,3,5,7,14,17,99,99,99,99,6993,0,2,6.083467847996289,0.7898949997979798,501.92681399948924,39.0
1781462427,20,,Aggregated,20.000000,0.000000,2,5,13,15,35,79,95,99,280,280,280,23356,0,3,16.61857455219403,0.7898949997979798,2511.467815999822,94.75389621510533
1781462428,20,GET,/api/load/mixed [GET],4.000000,0.000000,27,74,75,79,92,96,280,280,280,280,280,4647,0,22,59.006524942763676,12.42441499925917,2511.467815999822,115.0
1781462428,20,GET,/api/products [GET],10.000000,0.000000,2,2,3,3,5,11,28,89,89,89,89,11732,0,2,6.0949386425998275,0.791574999311706,497.9289789998802,120.0
1781462428,20,GET,/api/products/{id} [GET],6.000000,0.000000,2,3,4,5,8,14,99,99,99,99,99,6997,0,2,6.081385638421814,0.7898949997979798,501.92681399948924,39.0
1781462428,20,,Aggregated,20.000000,0.000000,2,5,13,15,28,79,95,99,280,280,280,23376,0,3,16.60936844952268,0.7898949997979798,2511.467815999822,94.76078028747433
1781462429,20,GET,/api/load/mixed [GET],4.100000,0.000000,27,40,75,79,92,96,280,280,280,280,280,4650,0,22,58.97891781656407,12.42441499925917,2511.467815999822,115.0
1781462429,20,GET,/api/products [GET],9.800000,0.000000,2,2,3,3,5,11,28,89,89,89,89,11739,0,2,6.092466245760411,0.791574999311706,497.9289789998802,120.0
1781462429,20,GET,/api/products/{id} [GET],5.800000,0.000000,2,3,3,4,5,14,17,99,99,99,99,7007,0,2,6.075444934356754,0.7898949997979798,501.92681399948924,39.0
1781462429,20,,Aggregated,19.700000,0.000000,2,4,13,15,27,79,95,99,280,280,280,23396,0,3,16.598652409003368,0.7898949997979798,2511.467815999822,94.74709352025987
1781462430,20,GET,/api/load/mixed [GET],4.100000,0.000000,27,35,75,79,95,96,280,280,280,280,280,4651,0,22,58.968969030751005,12.42441499925917,2511.467815999822,115.0
1781462430,20,GET,/api/products [GET],10.300000,0.000000,2,2,2,2,5,9,28,89,89,89,89,11751,0,2,6.088007334352808,0.791574999311706,497.9289789998802,120.0
1781462430,20,GET,/api/products/{id} [GET],5.600000,0.000000,2,2,3,4,5,14,17,99,99,99,99,7014,0,2,6.070813701744708,0.7898949997979798,501.92681399948924,39.0
1781462430,20,,Aggregated,20.000000,0.000000,2,3,5,13,27,75,95,99,280,280,280,23416,0,3,16.586331416639936,0.7898949997979798,2511.467815999822,94.74423471130851
1781462431,20,GET,/api/load/mixed [GET],4.100000,0.000000,27,72,79,89,94,96,280,280,280,280,280,4658,0,22,58.95367905045585,12.42441499925917,2511.467815999822,115.0
1781462431,20,GET,/api/products [GET],10.200000,0.000000,2,2,2,3,5,13,28,89,89,89,89,11761,0,2,6.0879361130838285,0.791574999311706,497.9289789998802,120.0
1781462431,20,GET,/api/products/{id} [GET],5.700000,0.000000,2,2,3,4,5,14,17,99,99,99,99,7017,0,2,6.0691364511951935,0.7898949997979798,501.92681399948924,39.0
1781462431,20,,Aggregated,20.000000,0.000000,2,3,9,13,27,80,95,99,280,280,280,23436,0,3,16.589587989462345,0.7898949997979798,2511.467815999822,94.75392558457075
1781462432,20,GET,/api/load/mixed [GET],3.900000,0.000000,27,74,80,89,94,96,280,280,280,280,280,4659,0,22,58.944058582533586,12.42441499925917,2511.467815999822,115.0
1781462432,20,GET,/api/products [GET],10.300000,0.000000,2,2,2,3,5,11,28,89,89,89,89,11772,0,2,6.083921696566285,0.791574999311706,497.9289789998802,120.0
1781462432,20,GET,/api/products/{id} [GET],5.800000,0.000000,2,2,3,3,5,8,17,99,99,99,99,7025,0,2,6.064293647265081,0.7898949997979798,501.92681399948924,39.0
1781462432,20,,Aggregated,20.000000,0.000000,2,3,5,13,27,80,95,99,280,280,280,23456,0,3,16.577505031550135,0.7898949997979798,2511.467815999822,94.74761255115962
1781462433,20,GET,/api/load/mixed [GET],3.600000,0.000000,23,33,74,79,92,96,280,280,280,280,280,4665,0,22,58.89514355777606,12.42441499925917,2511.467815999822,115.0
1781462433,20,GET,/api/products [GET],10.600000,0.000000,2,2,2,3,4,11,28,89,89,89,89,11782,0,2,6.080744567473815,0.791574999311706,497.9289789998802,120.0
1781462433,20,GET,/api/products/{id} [GET],5.900000,0.000000,2,2,3,3,4,5,17,99,99,99,99,7029,0,2,6.061859952772379,0.7898949997979798,501.92681399948924,39.0
1781462433,20,,Aggregated,20.100000,0.000000,2,3,5,13,24,75,94,99,280,280,280,23476,0,3,16.570028573821755,0.7898949997979798,2511.467815999822,94.75404668597717
1781462434,20,GET,/api/load/mixed [GET],3.500000,0.000000,22,27,72,79,92,94,96,96,96,96,96,4671,0,22,58.87180023336001,12.42441499925917,2511.467815999822,115.0
1781462434,20,GET,/api/products [GET],10.100000,0.000000,2,2,3,3,8,15,19,28,28,28,28,11791,0,2,6.081562000846226,0.791574999311706,497.9289789998802,120.0
1781462434,20,GET,/api/products/{id} [GET],6.400000,0.000000,2,2,2,3,4,5,68,68,68,68,68,7034,0,2,6.068061137053989,0.7898949997979798,501.92681399948924,39.0
1781462434,20,,Aggregated,20.000000,0.000000,2,3,12,14,24,72,92,94,96,96,96,23496,0,3,16.572208821928882,0.7898949997979798,2511.467815999822,94.75702247191012
1781462435,20,GET,/api/load/mixed [GET],3.800000,0.000000,19,27,33,36,90,92,96,96,96,96,96,4678,0,22,58.81775385635426,12.42441499925917,2511.467815999822,115.0
1781462435,20,GET,/api/products [GET],10.100000,0.000000,2,2,3,3,11,15,19,28,28,28,28,11797,0,2,6.08039748215465,0.791574999311706,497.9289789998802,120.0
1781462435,20,GET,/api/products/{id} [GET],6.100000,0.000000,2,2,2,2,3,4,6,68,68,68,68,7041,0,2,6.0645677356961825,0.7898949997979798,501.92681399948924,39.0
1781462435,20,,Aggregated,20.000000,0.000000,2,3,13,14,24,36,92,94,96,96,96,23516,0,3,16.566615200886265,0.7898949997979798,2511.467815999822,94.7528916482395
1781462436,20,GET,/api/load/mixed [GET],3.900000,0.000000,20,27,33,75,90,92,96,96,96,96,96,4682,0,22,58.79652931290596,12.42441499925917,2511.467815999822,115.0
1781462436,20,GET,/api/products [GET],10.400000,0.000000,2,2,3,3,11,15,19,20,20,20,20,11807,0,2,6.07828288523572,0.791574999311706,497.9289789998802,120.0
1781462436,20,GET,/api/products/{id} [GET],5.800000,0.000000,2,2,2,3,4,4,6,68,68,68,68,7047,0,2,6.061724497947477,0.7898949997979798,501.92681399948924,39.0
1781462436,20,,Aggregated,20.100000,0.000000,2,4,13,15,24,68,92,94,96,96,96,23536,0,3,16.560528926157396,0.7898949997979798,2511.467815999822,94.75284670292318
1781462437,20,GET,/api/load/mixed [GET],4.400000,0.000000,17,23,27,31,80,90,94,94,94,94,94,4687,0,21,58.74892416172952,12.42441499925917,2511.467815999822,115.0
1781462437,20,GET,/api/products [GET],10.000000,0.000000,2,2,3,4,11,15,19,20,20,20,20,11816,0,2,6.0756298119480965,0.791574999311706,497.9289789998802,120.0
1781462437,20,GET,/api/products/{id} [GET],5.600000,0.000000,2,2,2,3,4,5,6,68,68,68,68,7053,0,2,6.058579058136698,0.7898949997979798,501.92681399948924,39.0
1781462437,20,,Aggregated,20.000000,0.000000,2,4,13,14,19,31,89,92,94,94,94,23556,0,3,16.55107010957055,0.7898949997979798,2511.467815999822,94.75258957378162
1781462438,20,GET,/api/load/mixed [GET],4.500000,0.000000,19,27,31,34,80,90,94,94,94,94,94,4691,0,22,58.731755792160854,12.42441499925917,2511.467815999822,115.0
1781462438,20,GET,/api/products [GET],9.700000,0.000000,2,2,3,3,11,15,19,20,20,20,20,11827,0,2,6.071692545360428,0.791574999311706,497.9289789998802,120.0
1781462438,20,GET,/api/products/{id} [GET],5.800000,0.000000,2,2,3,3,4,6,8,68,68,68,68,7058,0,2,6.0566907815299365,0.7898949997979798,501.92681399948924,39.0
1781462438,20,,Aggregated,20.000000,0.000000,2,4,13,14,22,34,89,92,94,94,94,23576,0,3,16.545160234604822,0.7898949997979798,2511.467815999822,94.75598065829658
1781462439,20,GET,/api/load/mixed [GET],4.600000,0.000000,19,27,33,46,87,90,94,94,94,94,94,4696,0,22,58.70889536159014,12.42441499925917,2511.467815999822,115.0
1781462439,20,GET,/api/products [GET],9.700000,0.000000,2,3,4,4,13,15,19,20,20,20,20,11835,0,2,6.072600121502128,0.791574999311706,497.9289789998802,120.0
1781462439,20,GET,/api/products/{id} [GET],6.000000,0.000000,2,2,3,3,4,8,12,68,68,68,68,7065,0,2,6.053616167592161,0.7898949997979798,501.92681399948924,39.0
1781462439,20,,Aggregated,20.300000,0.000000,3,6,14,15,24,46,89,92,94,94,94,23596,0,3,16.542422159689963,0.7898949997979798,2511.467815999822,94.75228852347855
1781462440,20,GET,/api/load/mixed [GET],4.500000,0.000000,19,24,30,34,75,89,90,90,90,90,90,4700,0,22,58.68895245702712,12.42441499925917,2511.467815999822,115.0
1781462440,20,GET,/api/products [GET],9.400000,0.000000,2,3,3,4,12,13,15,20,20,20,20,11845,0,2,6.069239042885405,0.791574999311706,497.9289789998802,120.0
1781462440,20,GET,/api/products/{id} [GET],6.100000,0.000000,2,2,3,3,4,8,12,68,68,68,68,7071,0,2,6.050571921374353,0.7898949997979798,501.92681399948924,39.0
1781462440,20,,Aggregated,20.000000,0.000000,2,4,13,14,23,34,87,90,90,90,90,23616,0,3,16.53589968949203,0.7898949997979798,2511.467815999822,94.75224424119241
1781462441,20,GET,/api/load/mixed [GET],4.600000,0.000000,19,24,30,34,75,89,90,90,90,90,90,4701,0,22,58.67945086258833,12.42441499925917,2511.467815999822,115.0
1781462441,20,GET,/api/products [GET],9.500000,0.000000,2,3,4,4,12,13,15,20,20,20,20,11854,0,2,6.067159349331529,0.791574999311706,497.9289789998802,120.0
1781462441,20,GET,/api/products/{id} [GET],5.900000,0.000000,2,3,3,4,6,12,22,68,68,68,68,7081,0,2,6.048636114396023,0.7898949997979798,501.92681399948924,39.0
1781462441,20,,Aggregated,20.000000,0.000000,3,5,13,14,23,34,87,90,90,90,90,23636,0,3,16.525748762821234,0.7898949997979798,2511.467815999822,94.73912675579625
1781462442,20,GET,/api/load/mixed [GET],4.800000,0.000000,17,27,31,36,87,90,90,90,90,90,90,4703,0,21,58.662343612168314,12.42441499925917,2511.467815999822,115.0
1781462442,20,GET,/api/products [GET],9.300000,0.000000,2,3,4,4,12,13,15,20,20,20,20,11868,0,2,6.062686764490635,0.791574999311706,497.9289789998802,120.0
1781462442,20,GET,/api/products/{id} [GET],5.900000,0.000000,2,3,3,4,6,12,22,68,68,68,68,7085,0,2,6.047075176152212,0.7898949997979798,501.92681399948924,39.0
1781462442,20,,Aggregated,20.000000,0.000000,3,5,13,14,20,34,87,90,90,90,90,23656,0,3,16.515239100103212,0.7898949997979798,2511.467815999822,94.74636455867433
1781462443,20,GET,/api/load/mixed [GET],4.400000,0.000000,17,23,30,31,74,87,90,90,90,90,90,4706,0,21,58.63484928134895,12.42441499925917,2511.467815999822,115.0
1781462443,20,GET,/api/products [GET],9.200000,0.000000,2,2,3,4,6,13,13,20,20,20,20,11879,0,2,6.059007333948368,0.791574999311706,497.9289789998802,120.0
1781462443,20,GET,/api/products/{id} [GET],6.400000,0.000000,2,3,3,4,5,8,12,22,22,22,22,7091,0,2,6.043270418563936,0.7898949997979798,501.92681399948924,39.0
1781462443,20,,Aggregated,20.000000,0.000000,2,4,8,13,17,27,74,87,90,90,90,23676,0,3,16.50461984186681,0.7898949997979798,2511.467815999822,94.74653657712452
1781462444,20,GET,/api/load/mixed [GET],4.400000,0.000000,17,24,34,42,75,89,90,90,90,90,90,4710,0,21,58.62481341253244,12.42441499925917,2511.467815999822,115.0
1781462444,20,GET,/api/products [GET],9.500000,0.000000,2,2,3,4,6,13,20,69,69,69,69,11889,0,2,6.061753716626483,0.791574999311706,497.9289789998802,120.0
1781462444,20,GET,/api/products/{id} [GET],6.100000,0.000000,2,3,3,4,5,12,22,87,87,87,87,7097,0,2,6.051653128651165,0.7898949997979798,501.92681399948924,39.0
1781462444,20,,Aggregated,20.000000,0.000000,2,4,7,13,19,42,87,89,90,90,90,23696,0,3,16.506568339130574,0.7898949997979798,2511.467815999822,94.74649729912221
1781462445,20,GET,/api/load/mixed [GET],4.100000,0.000000,16,23,34,42,74,89,90,90,90,90,90,4713,0,21,58.597596749210055,12.42441499925917,2511.467815999822,115.0
1781462445,20,GET,/api/products [GET],9.800000,0.000000,2,2,3,4,6,13,13,69,69,69,69,11897,0,2,6.059163181471999,0.791574999311706,497.9289789998802,120.0
1781462445,20,GET,/api/products/{id} [GET],6.100000,0.000000,2,2,3,4,5,12,22,87,87,87,87,7106,0,2,6.0468252091244326,0.7898949997979798,501.92681399948924,39.0
1781462445,20,,Aggregated,20.000000,0.000000,2,4,6,13,16,34,87,89,90,90,90,23716,0,3,16.49625053908915,0.7898949997979798,2511.467815999822,94.73642266824085
1781462446,20,GET,/api/load/mixed [GET],4.000000,0.000000,17,23,34,42,74,89,90,90,90,90,90,4718,0,21,58.55066117719968,12.42441499925917,2511.467815999822,115.0
1781462446,20,GET,/api/products [GET],9.800000,0.000000,2,2,3,3,6,13,13,69,69,69,69,11907,0,2,6.055726751908391,0.791574999311706,497.9289789998802,120.0
1781462446,20,GET,/api/products/{id} [GET],6.200000,0.000000,2,2,3,4,5,12,22,87,87,87,87,7111,0,2,6.044126247508897,0.7898949997979798,501.92681399948924,39.0
1781462446,20,,Aggregated,20.000000,0.000000,2,3,6,13,17,34,87,89,90,90,90,23736,0,3,16.486659067030573,0.7898949997979798,2511.467815999822,94.73959386585777
1781462447,20,GET,/api/load/mixed [GET],3.600000,0.000000,17,18,23,42,87,89,90,90,90,90,90,4721,0,21,58.523870177934114,12.42441499925917,2511.467815999822,115.0
1781462447,20,GET,/api/products [GET],10.000000,0.000000,2,2,3,4,7,13,13,69,69,69,69,11916,0,2,6.053355575694283,0.791574999311706,497.9289789998802,120.0
1781462447,20,GET,/api/products/{id} [GET],6.400000,0.000000,2,2,3,3,5,7,22,87,87,87,87,7119,0,2,6.039497730865975,0.7898949997979798,501.92681399948924,39.0
1781462447,20,,Aggregated,20.000000,0.000000,2,3,5,13,16,23,87,89,90,90,90,23756,0,3,16.47660214244972,0.7898949997979798,2511.467815999822,94.73295167536622
1781462448,20,GET,/api/load/mixed [GET],3.600000,0.000000,17,18,20,20,42,89,90,90,90,90,90,4722,0,21,58.515665774677544,12.42441499925917,2511.467815999822,115.0
1781462448,20,GET,/api/products [GET],10.000000,0.000000,2,2,2,3,4,7,12,69,69,69,69,11928,0,2,6.048891787975438,0.791574999311706,497.9289789998802,120.0
1781462448,20,GET,/api/products/{id} [GET],6.400000,0.000000,2,2,3,3,5,5,22,87,87,87,87,7126,0,2,6.035294713448693,0.7898949997979798,501.92681399948924,39.0
1781462448,20,,Aggregated,20.000000,0.000000,2,3,4,5,14,20,69,89,90,90,90,23776,0,3,16.46490852805495,0.7898949997979798,2511.467815999822,94.73014804845222
1781462449,20,GET,/api/load/mixed [GET],3.500000,0.000000,17,18,20,32,86,89,96,96,96,96,96,4729,0,21,58.489613235573714,12.42441499925917,2511.467815999822,115.0
1781462449,20,GET,/api/products [GET],10.100000,0.000000,2,2,3,3,5,10,13,69,69,69,69,11935,0,2,6.0486435089210175,0.791574999311706,497.9289789998802,120.0
1781462449,20,GET,/api/products/{id} [GET],6.400000,0.000000,2,2,3,3,5,7,22,87,87,87,87,7132,0,2,6.033040554547993,0.7898949997979798,501.92681399948924,39.0
1781462449,20,,Aggregated,20.000000,0.000000,2,3,5,10,16,22,86,89,96,96,96,23796,0,3,16.465607098043257,0.7898949997979798,2511.467815999822,94.72949235165574
1781462450,20,GET,/api/load/mixed [GET],3.100000,0.000000,17,20,20,32,86,89,96,96,96,96,96,4730,0,21,58.48016402135897,12.42441499925917,2511.467815999822,115.0
1781462450,20,GET,/api/products [GET],10.000000,0.000000,2,2,3,3,4,10,13,69,69,69,69,11946,0,2,6.044937777161569,0.791574999311706,497.9289789998802,120.0
1781462450,20,GET,/api/products/{id} [GET],6.900000,0.000000,2,2,3,3,5,7,8,87,87,87,87,7140,0,2,6.028512389780738,0.7898949997979798,501.92681399948924,39.0
1781462450,20,,Aggregated,20.000000,0.000000,2,3,4,8,15,20,86,89,96,96,96,23816,0,3,16.453962922826467,0.7898949997979798,2511.467815999822,94.72329526368827
1781462451,20,GET,/api/load/mixed [GET],3.200000,0.000000,16,17,20,32,86,89,96,96,96,96,96,4733,0,21,58.45242892373301,12.42441499925917,2511.467815999822,115.0
1781462451,20,GET,/api/products [GET],10.100000,0.000000,2,2,3,3,6,10,13,69,69,69,69,11958,0,2,6.041931104530153,0.791574999311706,497.9289789998802,120.0
1781462451,20,GET,/api/products/{id} [GET],6.600000,0.000000,2,2,2,3,5,7,8,87,87,87,87,7145,0,2,6.025711598885228,0.7898949997979798,501.92681399948924,39.0
1781462451,20,,Aggregated,19.900000,0.000000,2,3,5,8,15,20,86,89,96,96,96,23836,0,3,16.443969945378228,0.7898949997979798,2511.467815999822,94.72688370531968
1781462452,20,GET,/api/load/mixed [GET],3.100000,0.000000,16,18,20,32,86,89,96,96,96,96,96,4735,0,21,58.43460925871772,12.42441499925917,2511.467815999822,115.0
1781462452,20,GET,/api/products [GET],10.000000,0.000000,2,2,3,4,6,10,13,69,69,69,69,11967,0,2,6.03982928511494,0.791574999311706,497.9289789998802,120.0
1781462452,20,GET,/api/products/{id} [GET],6.900000,0.000000,2,2,2,3,5,5,8,87,87,87,87,7154,0,2,6.020784770343114,0.7898949997979798,501.92681399948924,39.0
1781462452,20,,Aggregated,20.000000,0.000000,2,3,5,7,14,20,86,89,96,96,96,23856,0,3,16.433568332580236,0.7898949997979798,2511.467815999822,94.71709423205903
1781462453,20,GET,/api/load/mixed [GET],3.200000,0.000000,16,17,20,21,84,86,96,96,96,96,96,4740,0,21,58.40437944367705,12.42441499925917,2511.467815999822,115.0
1781462453,20,GET,/api/products [GET],10.500000,0.000000,2,2,3,3,6,6,10,13,13,13,13,11976,0,2,6.036756809616676,0.791574999311706,497.9289789998802,120.0
1781462453,20,GET,/api/products/{id} [GET],6.300000,0.000000,2,2,2,3,5,5,8,23,23,23,23,7160,0,2,6.020026366345595,0.7898949997979798,501.92681399948924,39.0
1781462453,20,,Aggregated,20.000000,0.000000,2,3,5,7,14,18,32,86,96,96,96,23876,0,3,16.428059427795013,0.7898949997979798,2511.467815999822,94.71687049757078
